"timeBgn","elapsed_days","iso","residuals_phi","rediduals_no_phi"
2017-03-01,0,-14.81570005,1.66228509866924,1.66229382772745
2017-03-01 00:30:00,0.0208333333321207,-14.5197161473799,1.70924317022146,1.70925190401834
2017-03-01 01:00:00,0.0416666666678793,-14.5834567691358,1.69889677202035,1.69890551055458
2017-03-01 01:30:00,0.0625,-14.3892548825708,1.72964070379172,1.729649447062
2017-03-01 02:00:00,0.0833333333321207,-14.2266172716049,1.75535632799664,1.75536507600166
2017-03-01 02:30:00,0.104166666667879,-14.4225851576419,1.72394574438248,1.72395449712091
2017-03-01 03:00:00,0.125,-14.4395554962963,1.72104950212235,1.7210582595929
2017-03-01 03:30:00,0.145833333332121,-14.4406178866812,1.72068731155639,1.72069607375774
2017-03-01 04:00:00,0.166666666667879,-14.4221481407407,1.72343650845649,1.72344527538734
2017-03-01 04:30:00,0.1875,-14.2314204906318,1.75362641680456,1.75363518846358
2017-03-01 05:00:00,0.208333333332121,-14.1801481666667,1.76160089628247,1.76160967266836
2017-03-01 05:30:00,0.229166666667879,-14.0284323270742,1.78557600384378,1.78558478495522
2017-03-01 06:00:00,0.25,-14.0360617333333,1.78416720416147,1.78417598999715
2017-03-01 06:30:00,0.270833333332121,-13.871412670524,1.81020239202945,1.81021118258805
2017-03-01 07:00:00,0.291666666667879,-13.8120370259259,1.81946735348685,1.81947614876705
2017-03-01 07:30:00,0.3125,-13.6588165818777,1.84368176292432,1.84369056292482
2017-03-01 08:00:00,0.333333333332121,-13.7013333333333,1.83671500163164,1.83672380635112
2017-03-01 08:30:00,0.354166666667879,-13.589893029476,1.85427361368454,1.85428242312167
2017-03-01 09:00:00,0.375,-13.6342592938272,1.84701203252008,1.84702084667354
2017-03-01 09:30:00,0.395833333332121,-13.776069712854,1.82422743234536,1.82423625121385
2017-03-01 10:00:00,0.416666666667879,-13.7457901024691,1.8288568013228,1.82886562490499
2017-03-01 10:30:00,0.4375,-14.0360261535948,1.78242770089133,1.7824365291859
2017-03-01 11:00:00,0.458333333332121,-14.0935925975309,1.77306293969275,1.77307177269839
2017-03-01 11:30:00,0.479166666667879,-14.5893289843137,1.69389729804098,1.69390613575635
2017-03-01 12:00:00,0.5,-14.6537901444444,1.68343401277836,1.68344285520216
2017-03-01 12:30:00,0.520833333332121,-15.3679215845316,1.56947769227011,1.56948653940101
2017-03-01 13:00:00,0.541666666667879,-15.3208765197531,1.57677723757177,1.57678608940845
2017-03-01 13:30:00,0.5625,-15.395965069869,1.56462071540632,1.56462957194745
2017-03-01 14:00:00,0.583333333332121,-15.3164814716049,1.57708755162565,1.57709641286991
2017-03-01 14:30:00,0.604166666667879,-15.3007472851852,1.57939896569569,1.57940783164175
2017-03-01 15:00:00,0.625,-15.3291110876543,1.57468544336148,1.57469431400802
2017-03-01 15:30:00,0.645833333332121,-15.060773430719,1.61723658030058,1.61724545564628
2017-03-01 16:00:00,0.666666666667879,-15.039148237037,1.62048615032834,1.62049503037187
2017-03-01 16:30:00,0.6875,-14.4400370546841,1.71572955584373,1.71573844058376
2017-03-01 17:00:00,0.708333333332121,-14.3834073814815,1.72455517412629,1.7245640635615
2017-03-01 18:00:00,0.75,-14.1288757997821,1.76471089334523,1.7647197921668
2017-03-01 18:30:00,0.770833333332121,-14.0416913407407,1.77840362551348,1.77841252902625
2017-03-01 19:00:00,0.791666666667879,-13.8925654962882,1.80196356958085,1.80197247778348
2017-03-01 19:30:00,0.8125,-13.7951585682927,1.81728455826188,1.81729347115304
2017-03-01 20:00:00,0.833333333332121,-13.819331859607,1.81323763611345,1.81324655369181
2017-03-01 20:30:00,0.854166666667879,-13.7301463560976,1.82724875600243,1.82725767826666
2017-03-01 21:00:00,0.875,-13.1337357978166,1.92206109462542,1.92207002157419
2017-03-01 21:30:00,0.895833333332121,-13.000048752439,1.94316115203972,1.9431700836717
2017-03-01 22:00:00,0.916666666667879,-12.807873360917,1.9735783498812,1.97358728619505
2017-03-01 22:30:00,0.9375,-12.7834878073171,1.97726641175213,1.97727535274653
2017-03-01 23:00:00,0.958333333332121,-12.5236622710526,2.01846013625013,2.01846908192373
2017-03-01 23:30:00,0.979166666667879,-12.4900853073171,2.0236122066297,2.02362115698118
2017-03-02,1,-12.1098428039301,2.08398825039795,2.08399720542597
2017-03-02 00:30:00,1.02083333333212,-12.0781950853659,2.08883280104975,2.08884176075296
2017-03-02 01:00:00,1.04166666666788,-11.9897532615721,2.10272459849153,2.10273356286861
2017-03-02 01:30:00,1.0625,-11.995390195122,2.10162948792508,2.10163845697469
2017-03-02 02:00:00,1.08333333333212,-12.2489781844978,2.06103550226839,2.06104447598919
2017-03-02 02:30:00,1.10416666666788,-12.4258658658537,2.03265983580719,2.03266881419785
2017-03-02 03:00:00,1.125,-13.1469170172489,1.91759844504512,1.91760742810429
2017-03-02 03:30:00,1.14583333333212,-13.2095609707317,1.90742169678394,1.90743068451028
2017-03-02 04:00:00,1.16666666666788,-14.341670329476,1.72687825060431,1.72688724299649
2017-03-02 04:30:00,1.1875,-14.3945365707317,1.71825890969926,1.71826790675593
2017-03-02 05:00:00,1.20833333333212,-14.7691965037118,1.65837750918832,1.65838651090815
2017-03-02 05:30:00,1.22916666666788,-14.7363048841463,1.66341926770811,1.66342827408975
2017-03-02 06:00:00,1.25,-14.9639694508734,1.62695414504911,1.62696315609123
2017-03-02 06:30:00,1.27083333333212,-14.9577926621951,1.62774002293174,1.62774903863298
2017-03-02 07:00:00,1.29166666666788,-15.0992841563877,1.60500214337244,1.60501116373146
2017-03-02 07:30:00,1.3125,-15.1952073439024,1.58952323320104,1.58953225821651
2017-03-02 08:00:00,1.33333333333212,-15.1275881231278,1.60009665113538,1.60010568080595
2017-03-02 08:30:00,1.35416666666788,-15.112292702439,1.60233475594602,1.60234379027034
2017-03-02 09:00:00,1.375,-18.7452026440529,1.02341104513614,1.02342008411287
2017-03-02 09:30:00,1.39583333333212,-18.9419877573171,0.991864380651559,0.99187342427935
2017-03-02 10:00:00,1.41666666666788,-19.9552070638767,0.830259071438657,0.830268119716163
2017-03-02 10:30:00,1.4375,-20.0437804170732,0.815950429082962,0.815959482008836
2017-03-02 11:00:00,1.45833333333212,-21.6780506555066,0.555411074083564,0.555420131656458
2017-03-02 11:30:00,1.47916666666788,-21.6941952780488,0.552640191802104,0.552649254020671
2017-03-02 12:00:00,1.5,-23.2887643237885,0.298425076743355,0.298434143606245
2017-03-02 12:30:00,1.52083333333212,-23.4211463207317,0.277137309279802,0.277146380785665
2017-03-02 13:00:00,1.54166666666788,-23.9226233563877,0.197052344240006,0.197061420387493
2017-03-02 13:30:00,1.5625,-23.7887194829268,0.218183917949719,0.218192998737479
2017-03-02 14:00:00,1.58333333333212,-25.7413083596916,-0.0930643885832111,-0.0930553031565278
2017-03-02 14:30:00,1.60416666666788,-25.9992439,-0.13435330167129,-0.134344211607036
2017-03-02 15:00:00,1.625,-29.3334118938326,-0.665688336966446,-0.665679242265974
2017-03-02 15:30:00,1.64583333333212,-29.5802560658537,-0.705210575229019,-0.705201475893681
2017-03-02 16:00:00,1.66666666666788,-29.7227862986784,-0.728115622429578,-0.728106518460727
2017-03-02 16:30:00,1.6875,-29.608134197561,-0.710051434017812,-0.710042325416804
2017-03-02 17:30:00,1.72916666666788,-29.6431637367257,-0.716031892903914,-0.716022775042653
2017-03-02 18:00:00,1.75,-29.4206340426829,-0.680783008605699,-0.680773886116345
2017-03-02 18:30:00,1.77083333333212,-30.0328410412804,-0.778508369825955,-0.778499242709864
2017-03-02 19:00:00,1.79166666666788,-29.6946098792683,-0.724828346708422,-0.724819214966951
2017-03-02 19:30:00,1.8125,-30.8775440704846,-0.913471145220008,-0.913462008854515
2017-03-02 20:00:00,1.83333333333212,-30.7174512743902,-0.888168878700093,-0.888159737711934
2017-03-02 20:30:00,1.85416666666788,-30.7931236187638,-0.90042426130242,-0.900415115692955
2017-03-02 21:00:00,1.875,-30.5276463402439,-0.858334358927322,-0.85832520869791
2017-03-02 21:30:00,1.89583333333212,-30.8027699223451,-0.902362653682714,-0.902353498834714
2017-03-02 22:00:00,1.91666666666788,-30.5804389878049,-0.867146182137827,-0.8671370226726
2017-03-02 22:30:00,1.9375,-30.1786754869757,-0.803346068220365,-0.803336904139271
2017-03-02 23:00:00,1.95833333333212,-29.7081585865854,-0.728593582257039,-0.72858441356144
2017-03-02 23:30:00,1.97916666666788,-28.6074744940133,-0.553455105864421,-0.553445932555678
2017-03-03,2,-28.1894286,-0.487061475908502,-0.487052297987978
2017-03-03 00:30:00,2.02083333333212,-27.6889691792952,-0.407539405815763,-0.407530223284821
2017-03-03 01:00:00,2.04166666666788,-27.380561104878,-0.358611345961964,-0.358602158821967
2017-03-03 01:30:00,2.0625,-27.3358102756696,-0.351684167189804,-0.351674975442117
2017-03-03 02:00:00,2.08333333333212,-27.0784390841463,-0.310886506241114,-0.310877309887102
2017-03-03 02:30:00,2.10416666666788,-25.9950175484582,-0.138498528616774,-0.138489327657801
2017-03-03 03:00:00,2.125,-25.8652926670732,-0.118035202975876,-0.118025997413309
2017-03-03 03:30:00,2.14583333333212,-25.902938330837,-0.124234218185987,-0.124225008021192
2017-03-03 04:00:00,2.16666666666788,-25.8306341402439,-0.112918236403424,-0.112909021637768
2017-03-03 04:30:00,2.1875,-26.1073524055066,-0.157201874606353,-0.157192655241203
2017-03-03 05:00:00,2.20833333333212,-25.8559878012195,-0.117361627641527,-0.117352403678252
2017-03-03 05:30:00,2.22916666666788,-26.3057929385463,-0.189218314880468,-0.189209086320435
2017-03-03 06:00:00,2.25,-26.325280447561,-0.19252518969316,-0.19251595653774
2017-03-03 06:30:00,2.27083333333212,-26.3047907422907,-0.189463758950265,-0.189454521200827
2017-03-03 07:00:00,2.29166666666788,-26.2367073170732,-0.178820707831018,-0.178811465488933
2017-03-03 07:30:00,2.3125,-26.1629867552863,-0.167279750024147,-0.167270503090785
2017-03-03 08:00:00,2.33333333333212,-25.9483779829268,-0.133295292762907,-0.13328604123964
2017-03-03 08:30:00,2.35416666666788,-25.9717378896476,-0.137219509278836,-0.137210253167035
2017-03-03 09:00:00,2.375,-25.7620122012195,-0.10401311703996,-0.104003856340999
2017-03-03 09:30:00,2.39583333333212,-25.8043920856828,-0.110967415812688,-0.11095815052794
2017-03-03 10:00:00,2.41666666666788,-25.6493170158537,-0.0864670923291588,-0.0864578224599968
2017-03-03 10:30:00,2.4375,-25.830995564978,-0.115611954033327,-0.115602679581125
2017-03-03 11:00:00,2.45833333333212,-25.8504634231707,-0.118916629768454,-0.118907350734588
2017-03-03 11:30:00,2.47916666666788,-26.4449537427313,-0.213822887505695,-0.213813603891539
2017-03-03 12:00:00,2.5,-26.5150121341463,-0.225186857285763,-0.225177569092695
2017-03-03 12:30:00,2.52083333333212,-26.4923150180617,-0.221774901372788,-0.221765608602183
2017-03-03 13:00:00,2.54166666666788,-26.4724634512195,-0.218816336397389,-0.218807039050625
2017-03-03 13:30:00,2.5625,-27.3827886213656,-0.364035683223571,-0.364026381302025
2017-03-03 14:00:00,2.58333333333212,-27.3404147207317,-0.357489480121539,-0.357480173626588
2017-03-03 14:30:00,2.60416666666788,-28.7147995563877,-0.576634048975111,-0.576624737908136
2017-03-03 15:00:00,2.625,-29.038158554878,-0.628349543697375,-0.628340228059755
2017-03-03 15:30:00,2.64583333333212,-30.5823039740088,-0.874537280395713,-0.874527960188826
2017-03-03 16:00:00,2.66666666666788,-30.5597804402439,-0.871153626089767,-0.871144301314995
2017-03-03 17:00:00,2.70833333333212,-32.1326083933628,-1.12211524257437,-1.12210590866797
2017-03-03 17:30:00,2.72916666666788,-32.1810739530864,-1.13004047969224,-1.1300311412221
2017-03-03 18:00:00,2.75,-32.7738255622517,-1.22467096608769,-1.22466162305519
2017-03-03 18:30:00,2.77083333333212,-32.2718170914634,-1.1449054820393,-1.14489613444583
2017-03-03 19:00:00,2.79166666666788,-33.5966976428256,-1.35616481733245,-1.35615546517939
2017-03-03 19:30:00,2.8125,-33.0668903426829,-1.27197114506736,-1.27196178835609
2017-03-03 20:00:00,2.83333333333212,-35.1624194083885,-1.60599552452259,-1.6059861632545
2017-03-03 20:30:00,2.85416666666788,-34.5983658756098,-1.51634658798559,-1.51633722216206
2017-03-03 21:00:00,2.875,-34.8009579011086,-1.54882492922694,-1.54881555884937
2017-03-03 21:30:00,2.89583333333212,-34.46015005,-1.49473937426863,-1.49472999933839
2017-03-03 22:00:00,2.91666666666788,-34.190151062,-1.45193381424223,-1.45192443476072
2017-03-03 22:30:00,2.9375,-33.9258393197531,-1.41003432893992,-1.41002494490851
2017-03-03 23:00:00,2.95833333333212,-30.9388370328194,-0.934408386585972,-0.934398998006066
2017-03-03 23:30:00,2.97916666666788,-31.0919635146341,-0.959007293427092,-0.958997900300075
2017-03-04,3,-31.5243413693833,-1.02809123586551,-1.02808183819277
2017-03-04 00:30:00,3.02083333333212,-31.2112560463415,-0.97842245367069,-0.978413051453619
2017-03-04 01:00:00,3.04166666666788,-30.9071409339207,-0.930182724717683,-0.93017331795767
2017-03-04 01:30:00,3.0625,-30.4917072195122,-0.864209955171584,-0.86420054387002
2017-03-04 02:00:00,3.08333333333212,-30.2037070471366,-0.818537532163713,-0.81852811632199
2017-03-04 02:30:00,3.10416666666788,-29.98886585,-0.784519478392139,-0.784510058011649
2017-03-04 03:00:00,3.125,-30.2457973323789,-0.825655241775852,-0.825645816857987
2017-03-04 03:30:00,3.14583333333212,-29.243207302439,-0.666148420325109,-0.666138990871263
2017-03-04 04:00:00,3.16666666666788,-33.319955942511,-1.31578397088622,-1.31577453689779
2017-03-04 04:30:00,3.1875,-33.3940244536585,-1.32778980863972,-1.3277803701181
2017-03-04 05:00:00,3.20833333333212,-34.1461959867841,-1.44781803444317,-1.44780859138975
2017-03-04 05:30:00,3.22916666666788,-33.8488049865854,-1.40065029069937,-1.40064084311554
2017-03-04 06:00:00,3.25,-34.9766674140969,-1.58052652850845,-1.58051707639562
2017-03-04 06:30:00,3.27083333333212,-34.599109654878,-1.52058834676815,-1.52057889012771
2017-03-04 07:00:00,3.29166666666788,-35.4563326420705,-1.65735171228273,-1.65734225111607
2017-03-04 07:30:00,3.3125,-35.2186829658537,-1.61970117204216,-1.61969170635069
2017-03-04 08:00:00,3.33333333333212,-35.8482313035242,-1.72019598703312,-1.72018651681823
2017-03-04 08:30:00,3.35416666666788,-35.483634104878,-1.66232279954256,-1.66231332480566
2017-03-04 09:00:00,3.375,-36.5745175881057,-1.83630881663463,-1.83629933737711
2017-03-04 09:30:00,3.39583333333212,-36.2611707841463,-1.78660003732673,-1.78659055354999
2017-03-04 10:00:00,3.41666666666788,-37.1960265530837,-1.9357309116648,-1.93572142337024
2017-03-04 10:30:00,3.4375,-36.6937438256098,-1.8559246883036,-1.85591519549262
2017-03-04 11:00:00,3.45833333333212,-37.609777534141,-2.0020573784937,-2.00204788116771
2017-03-04 11:30:00,3.47916666666788,-37.2140854134146,-1.93923129843036,-1.93922179659076
2017-03-04 12:00:00,3.5,-37.342418484141,-1.9598828975363,-1.95987339118448
2017-03-04 12:30:00,3.52083333333212,-37.2316099902439,-1.94243916617356,-1.94242965531094
2017-03-04 13:00:00,3.54166666666788,-39.1399691486784,-2.24665037639201,-2.24664086101999
2017-03-04 13:30:00,3.5625,-38.7565974304878,-2.18578731188098,-2.18577779200095
2017-03-04 14:00:00,3.58333333333212,-37.807885484141,-2.03486523661488,-2.03485571222826
2017-03-04 14:30:00,3.60416666666788,-37.1580731463415,-1.93155817415033,-1.93154864525852
2017-03-04 15:00:00,3.625,-37.2816401863135,-1.95145109076704,-1.95144155737144
2017-03-04 15:30:00,3.64583333333212,-36.1632924402439,-1.77350618598887,-1.7734966480909
2017-03-04 16:30:00,3.6875,-37.3750836947137,-1.96696305391884,-1.96695350702034
2017-03-04 17:00:00,3.70833333333212,-36.6276340060976,-1.84810274910822,-1.84809319771157
2017-03-04 17:30:00,3.72916666666788,-37.781966703118,-2.03219782876871,-2.03218827287531
2017-03-04 19:00:00,3.79166666666788,-37.3757061705882,-1.96810795213677,-1.96809838276159
2017-03-04 19:30:00,3.8125,-39.8539491429204,-2.36310325007726,-2.36309367621098
2017-03-04 20:00:00,3.83333333333212,-39.266841052439,-2.26978602444197,-2.269776446086
2017-03-04 20:30:00,3.85416666666788,-39.4888564682119,-2.30536284280381,-2.30535325995955
2017-03-04 21:00:00,3.875,-38.6638394074074,-2.17414673063883,-2.17413714330771
2017-03-04 21:30:00,3.89583333333212,-39.1761651731278,-2.25597037760833,-2.25596078579175
2017-03-04 22:00:00,3.91666666666788,-38.4571096817073,-2.14163420151566,-2.14162460521505
2017-03-04 22:30:00,3.9375,-38.8698300653422,-2.20759082223389,-2.20758122145064
2017-03-04 23:00:00,3.95833333333212,-38.0909876426829,-2.08373072751074,-2.08372112224628
2017-03-04 23:30:00,3.97916666666788,-37.4945297227373,-1.98892470548393,-1.98891509573968
2017-03-05,4,-36.8113334285714,-1.88030128951237,-1.88029167528973
2017-03-05 00:30:00,4.02083333333212,-37.2199646984547,-1.94560687575318,-1.94559725705358
2017-03-05 01:00:00,4.04166666666788,-36.6635486817073,-1.85717983059808,-1.85717020742293
2017-03-05 01:30:00,4.0625,-37.7059515814978,-2.0234458723551,-2.02343624470582
2017-03-05 02:00:00,4.08333333333212,-37.1797439804878,-1.93983123133127,-1.93982159920928
2017-03-05 02:30:00,4.10416666666788,-37.7026894528634,-2.02334751555354,-2.02333787896026
2017-03-05 03:00:00,4.125,-36.9789269134146,-1.90826241347031,-1.90825277240715
2017-03-05 03:30:00,4.14583333333212,-38.3457709834802,-2.12621252911994,-2.12620288358832
2017-03-05 04:00:00,4.16666666666788,-37.7822318195122,-2.03665130694945,-2.0366416569508
2017-03-05 04:30:00,4.1875,-38.6635881744493,-2.17726306429058,-2.17725340982632
2017-03-05 05:00:00,4.20833333333212,-38.0026342353659,-2.07218378042325,-2.0721741214948
2017-03-05 05:30:00,4.22916666666788,-38.7724636059603,-2.19502939099884,-2.19501972760761
2017-03-05 06:00:00,4.25,-38.4984631414634,-2.15159225363949,-2.15158258578691
2017-03-05 06:30:00,4.27083333333212,-38.6779800900662,-2.18040085497773,-2.18039118266523
2017-03-05 07:00:00,4.29166666666788,-38.0618416841463,-2.08246108043005,-2.08245140365904
2017-03-05 07:30:00,4.3125,-38.4656475508811,-2.14699924802844,-2.14698956680036
2017-03-05 08:00:00,4.33333333333212,-38.2086462609756,-2.10627045397348,-2.10626076828975
2017-03-05 08:30:00,4.35416666666788,-38.0316211687225,-2.07828201594981,-2.07827232581185
2017-03-05 09:00:00,4.375,-37.8075732256098,-2.04280289474717,-2.0427932001564
2017-03-05 09:30:00,4.39583333333212,-38.3126586385463,-2.12347532874977,-2.12346562970763
2017-03-05 10:00:00,4.41666666666788,-37.9051828097561,-2.05877619532965,-2.05876649183756
2017-03-05 10:30:00,4.4375,-38.4063996309051,-2.13883254089236,-2.13882283295175
2017-03-05 11:00:00,4.45833333333212,-38.0574876231707,-2.08346284695885,-2.08345313457114
2017-03-05 11:30:00,4.47916666666788,-38.3134449352423,-2.12444935834775,-2.12443964151437
2017-03-05 12:00:00,4.5,-37.7797194219512,-2.03963892174228,-2.03962920046467
2017-03-05 12:30:00,4.52083333333212,-38.7161191479029,-2.18902057669355,-2.18901085097313
2017-03-05 13:00:00,4.54166666666788,-38.3930855743902,-2.13777369738221,-2.13776396722041
2017-03-05 13:30:00,4.5625,-40.0243716869469,-2.39785143096387,-2.39784169636213
2017-03-05 14:00:00,4.58333333333212,-39.4831098256098,-2.3118408100688,-2.31183107102854
2017-03-05 14:30:00,4.60416666666788,-40.4294955573009,-2.46281360410121,-2.46280386062386
2017-03-05 15:00:00,4.625,-39.8944755658537,-2.37779749804639,-2.3777877501334
2017-03-05 16:00:00,4.66666666666788,-40.0187085986755,-2.39801410139188,-2.39800434461188
2017-03-05 16:30:00,4.6875,-39.6047803353659,-2.33228826471771,-2.33227850350636
2017-03-05 17:00:00,4.70833333333212,-39.0420924953744,-2.24286501130295,-2.24285524566169
2017-03-05 17:30:00,4.72916666666788,-38.4384878219512,-2.14692376718581,-2.14691399711606
2017-03-05 18:00:00,4.75,-39.157933877533,-2.26174553974302,-2.26173576524623
2017-03-05 18:30:00,4.77083333333212,-38.6853902878049,-2.18668260004011,-2.1866728211177
2017-03-05 19:00:00,4.79166666666788,-39.0757818693833,-2.24908593981129,-2.2490761564647
2017-03-05 19:30:00,4.8125,-38.719865747561,-2.19260201910348,-2.19259223133416
2017-03-05 20:00:00,4.83333333333212,-38.0421167118943,-2.08484997520055,-2.08484018300993
2017-03-05 20:30:00,4.85416666666788,-37.4524146780488,-1.9911239715459,-1.99111417493542
2017-03-05 21:00:00,4.875,-37.7020440550661,-2.03110415134943,-2.03109435032052
2017-03-05 21:30:00,4.89583333333212,-37.1087926109756,-1.93681290390128,-1.93680309845539
2017-03-05 22:00:00,4.91666666666788,-37.4028942931718,-1.98387773344044,-1.98386792357901
2017-03-05 22:30:00,4.9375,-36.052132573494,-1.76891473745033,-1.76890492317479
2017-03-05 23:00:00,4.95833333333212,-37.0829955773128,-1.93334635165297,-1.93333653296477
2017-03-05 23:30:00,4.97916666666788,-35.8122650024096,-1.73113255379212,-1.7311227306927
2017-03-06,5,-37.8062114859031,-2.04898423405867,-2.04897440654947
2017-03-06 00:30:00,5.02083333333212,-36.5159039301205,-1.84365198861918,-1.84364215670164
2017-03-06 01:00:00,5.04166666666788,-39.1412340472406,-2.26208371232742,-2.26207387600298
2017-03-06 01:30:00,5.0625,-37.8557952987952,-2.05752725073144,-2.05751741000155
2017-03-06 02:00:00,5.08333333333212,-40.8686948318486,-2.53769923866002,-2.53768939352613
2017-03-06 02:30:00,5.10416666666788,-39.4705302168675,-2.3151856452149,-2.31517579567845
2017-03-06 03:00:00,5.125,-40.7461456971302,-2.51860722123953,-2.51859736730195
2017-03-06 03:30:00,5.14583333333212,-39.1513780731707,-2.2647748071042,-2.26476494876696
2017-03-06 04:00:00,5.16666666666788,-39.6514580953745,-2.34465320953278,-2.34464334679731
2017-03-06 04:30:00,5.1875,-37.9672649337349,-2.07657542236513,-2.07656555523288
2017-03-06 05:00:00,5.20833333333212,-39.1751894339207,-2.26921413494007,-2.26920426341249
2017-03-06 05:30:00,5.22916666666788,-38.2304097421687,-2.1189256208338,-2.11891574491234
2017-03-06 06:00:00,5.25,-38.6051302717439,-2.17883452433172,-2.17882464401782
2017-03-06 06:30:00,5.27083333333212,-37.5613495710843,-2.01277525756287,-2.01276537285799
2017-03-06 07:00:00,5.29166666666788,-37.3708061356828,-1.98263738624395,-1.98262749714953
2017-03-06 07:30:00,5.3125,-36.3058193638554,-1.81320015587714,-1.81319026239463
2017-03-06 08:00:00,5.33333333333212,-37.4488433183223,-1.99550070138573,-1.99549080351659
2017-03-06 08:30:00,5.35416666666788,-36.3295367609756,-1.81741046895064,-1.81740056669632
2017-03-06 09:00:00,5.375,-36.974266472467,-1.92033256399316,-1.9203226573551
2017-03-06 09:30:00,5.39583333333212,-35.9899157783133,-1.76374107547752,-1.76373116445718
2017-03-06 10:00:00,5.41666666666788,-36.4457797678414,-1.83657690446184,-1.83656698906067
2017-03-06 10:30:00,5.4375,-35.5543976349398,-1.69479555255098,-1.69478563277043
2017-03-06 11:00:00,5.45833333333212,-35.7280484156388,-1.72267479400114,-1.72266486984267
2017-03-06 11:30:00,5.47916666666788,-35.1336144120482,-1.62819766954223,-1.62818774100729
2017-03-06 12:00:00,5.5,-36.1195793218062,-1.78547931043552,-1.78546937752557
2017-03-06 12:30:00,5.52083333333212,-35.9245421638554,-1.75462656703972,-1.75461662975621
2017-03-06 13:00:00,5.54166666666788,-37.2420505513216,-1.96472349894027,-1.96471355728467
2017-03-06 13:30:00,5.5625,-37.4216144060241,-1.99354514258232,-1.99353519655606
2017-03-06 14:00:00,5.58333333333212,-37.5697682514349,-2.01736323827035,-2.01735328787491
2017-03-06 14:30:00,5.60416666666788,-37.2866506879518,-1.97247957927408,-1.97246962451091
2017-03-06 15:30:00,5.64583333333212,-36.1466673381057,-1.79131402609076,-1.7913040625965
2017-03-06 16:00:00,5.66666666666788,-35.9127071207317,-1.75426143412402,-1.7542514662664
2017-03-06 16:30:00,5.6875,-35.7523502579295,-1.7289339979713,-1.72892402575179
2017-03-06 17:00:00,5.70833333333212,-35.542349339759,-1.6956983171272,-1.69568834054725
2017-03-06 17:30:00,5.72916666666788,-36.2603333220751,-1.81029138285723,-1.8102814019183
2017-03-06 18:00:00,5.75,-35.8282889879518,-1.74168420470329,-1.74167421940685
2017-03-06 18:30:00,5.77083333333212,-36.079574104415,-1.78193198506475,-1.78192199541226
2017-03-06 19:00:00,5.79166666666788,-35.5459278975904,-1.69713973339834,-1.69712973939126
2017-03-06 19:30:00,5.8125,-34.7456093523179,-1.56986647631529,-1.56985647795507
2017-03-06 20:00:00,5.83333333333212,-34.407361639759,-1.51620152172254,-1.51619151901067
2017-03-06 20:30:00,5.85416666666788,-33.8057593377483,-1.42058408144332,-1.42057407438124
2017-03-06 21:00:00,5.875,-32.9802048939759,-1.28929099352407,-1.28928098211325
2017-03-06 21:30:00,5.89583333333212,-33.7176599898455,-1.40698653076926,-1.40697651501118
2017-03-06 22:00:00,5.91666666666788,-32.1077350228916,-1.15074283506568,-1.15073281496179
2017-03-06 22:30:00,5.9375,-30.1279427365639,-0.83557909957171,-0.83556907512348
2017-03-06 23:00:00,5.95833333333212,-28.3493253686747,-0.552462760816689,-0.552452732025586
2017-03-06 23:30:00,5.97916666666788,-28.4211651988987,-0.564125664522209,-0.5641156313897
2017-03-07,6,-27.24390905,-0.376806774547655,-0.376796737075206
2017-03-07 00:30:00,6.02083333333212,-29.0493090377483,-0.664627226969241,-0.664617185158321
2017-03-07 01:00:00,6.04166666666788,-27.0932651168675,-0.353247065129618,-0.353237018981696
2017-03-07 01:30:00,6.0625,-27.8197489215859,-0.469195575274601,-0.469185524791145
2017-03-07 02:00:00,6.08333333333212,-26.5675421349398,-0.269937348519883,-0.269927293702363
2017-03-07 02:30:00,6.10416666666788,-27.312255527533,-0.388790021614954,-0.38877996246484
2017-03-07 03:00:00,6.125,-26.5759880096386,-0.271721465587238,-0.271711402106002
2017-03-07 03:30:00,6.14583333333212,-25.8375309334071,-0.154304199568724,-0.154294131757836
2017-03-07 04:00:00,6.16666666666788,-25.5648674819277,-0.111088279023971,-0.111078206884903
2017-03-07 04:30:00,6.1875,-24.6479669438326,0.0347549816377267,0.0347650581035025
2017-03-07 05:00:00,6.20833333333212,-24.5643735204819,0.0478517352965563,0.0478618160875671
2017-03-07 05:30:00,6.22916666666788,-24.0709335984513,0.126237240971995,0.126247326086767
2017-03-07 06:00:00,6.25,-23.9765179891566,0.141057800404723,0.141067889841783
2017-03-07 06:30:00,6.27083333333212,-22.4046211729075,0.391242083883477,0.391252177641351
2017-03-07 07:00:00,6.29166666666788,-22.2776867951807,0.411242730297799,0.411252828375011
2017-03-07 07:30:00,6.3125,-21.7125682707048,0.501046336429418,0.501056438824493
2017-03-07 08:00:00,6.33333333333212,-21.5614820120482,0.524894218780037,0.5249043254915
2017-03-07 08:30:00,6.35416666666788,-20.5061079319383,0.692795709368122,0.692805820394495
2017-03-07 09:00:00,6.375,-20.3740241698795,0.713616304589119,0.713626419928926
2017-03-07 09:30:00,6.39583333333212,-18.8240792660793,0.960303105031818,0.960313224683582
2017-03-07 10:00:00,6.41666666666788,-18.5566866951807,1.00267831446513,1.00268843842737
2017-03-07 10:30:00,6.4375,-17.7044867700441,1.13821366551694,1.13822379378818
2017-03-07 11:00:00,6.45833333333212,-17.4672650048193,1.17578246842995,1.17579260100871
2017-03-07 11:30:00,6.47916666666788,-17.1340660944934,1.22864041137837,1.22865054826317
2017-03-07 12:00:00,6.5,-17.0188553590361,1.24677259455594,1.24678273574531
2017-03-07 12:30:00,6.52083333333212,-16.944533046696,1.25839113500261,1.25840128049505
2017-03-07 13:00:00,6.54166666666788,-16.8050120228916,1.28039578909665,1.28040593889069
2017-03-07 13:30:00,6.5625,-16.1638766563877,1.38230787879024,1.38231803288441
2017-03-07 14:00:00,6.58333333333212,-16.1112651120482,1.39046761542274,1.39047777381553
2017-03-07 15:00:00,6.625,-15.7052885244493,1.4546970732294,1.45470724021501
2017-03-07 15:30:00,6.64583333333212,-15.6050843493976,1.470438087243,1.47044825852281
2017-03-07 16:00:00,6.66666666666788,-15.457731273348,1.4936898673683,1.4937000429408
2017-03-07 16:30:00,6.6875,-15.3120843650602,1.51666976626791,1.51667994613163
2017-03-07 18:00:00,6.75,-14.9390834974026,1.57542327341376,1.57543346614222
2017-03-07 19:00:00,6.79166666666788,-14.8992337721707,1.58132706114953,1.58133726244704
2017-03-07 20:00:00,6.83333333333212,-14.053743961039,1.71556954104417,1.71557975090478
2017-03-07 21:00:00,6.875,-13.9310723714286,1.73466621269827,1.73467643111603
2017-03-07 22:00:00,6.91666666666788,-13.8481836719852,1.74742509273017,1.74743531969912
2017-03-31 03:00:00,30.125,-23.8852560367347,-0.14647593298007,-0.146461975761956
2017-03-31 04:00:00,30.1666666666679,-24.1228903453532,-0.184930951582642,-0.184916989686513
2017-03-31 05:00:00,30.2083333333321,-24.0907174384758,-0.180405684983421,-0.180391718417008
2017-03-31 06:00:00,30.25,-23.7784944420074,-0.131268435711956,-0.131254464482988
2017-03-31 07:00:00,30.2916666666679,-24.0943617690167,-0.182186620230719,-0.18217264434693
2017-03-31 08:00:00,30.3333333333321,-23.9411322132216,-0.15837753220772,-0.158363551676844
2017-03-31 09:00:00,30.375,-23.007710535436,-0.0102834774204051,-0.0102694922501799
2017-03-31 10:00:00,30.4166666666679,-22.694493519666,0.0390113360062673,0.0390253258081033
2017-03-31 11:00:00,30.4583333333321,-22.0437272788497,0.142077787012047,0.142091781437753
2017-03-31 12:00:00,30.5,-19.6562992518587,0.521795506715757,0.521809505757589
2017-03-31 13:00:00,30.5416666666679,-19.0055334197026,0.62486150317081,0.624875506821023
2017-03-31 14:00:00,30.5833333333321,-18.9230278372222,0.637403041503849,0.637417049754696
2017-03-31 15:30:00,30.6458333333321,-18.79537226,0.656835812737804,0.656849827875071
2017-03-31 16:30:00,30.6875,-18.6765648383333,0.675159775687088,0.675173795405611
2017-03-31 17:30:00,30.7291666666679,-18.7586426235185,0.661482388446791,0.661496412738817
2017-03-31 18:30:00,30.7708333333321,-19.1791537011111,0.593892143003197,0.593906171860969
2017-03-31 19:30:00,30.8125,-19.3740446118959,0.562243158797597,0.562257192213356
2017-03-31 20:30:00,30.8541666666679,-19.4893814922222,0.543266996237914,0.543281034203899
2017-03-31 21:30:00,30.8958333333321,-19.4296752899814,0.552175129871822,0.552189172380272
2017-03-31 22:30:00,30.9375,-19.6866802750929,0.510630753396576,0.510644800439725
2017-03-31 23:30:00,30.9791666666679,-20.0598015044527,0.450588784905578,0.450602836475659
2017-04-01 00:30:00,31.0208333333321,-20.477840480705,0.383391196216345,0.383405252305591
2017-04-01 01:30:00,31.0625,-20.7566963038889,0.338365392562777,0.338379453163417
2017-04-01 02:30:00,31.1041666666679,-20.8696573842593,0.319766549589313,0.319780614693573
2017-04-01 03:30:00,31.1458333333321,-20.9044388833333,0.313621579693655,0.313635649293761
2017-04-01 04:30:00,31.1875,-21.2292305195167,0.261277597930511,0.261291672018687
2017-04-01 05:30:00,31.2291666666679,-21.5122814794444,0.215582746252059,0.215596824820526
2017-04-01 06:30:00,31.2708333333321,-22.0587106102041,0.127931374585551,0.127945457626529
2017-04-01 07:30:00,31.3125,-22.4372055590741,0.0670318492506094,0.067045936756314
2017-04-01 08:30:00,31.3541666666679,-22.8220370083333,0.00512272633442951,0.00513681829707696
2017-04-01 09:30:00,31.3958333333321,-23.2397648418519,-0.0620270023332375,-0.0620129059214334
2017-04-01 10:30:00,31.4375,-23.5578241072222,-0.113299644791066,-0.113285543937894
2017-04-01 11:30:00,31.4791666666679,-23.863783355,-0.162644933409672,-0.162630828122923
2017-04-01 12:30:00,31.5208333333321,-23.9944934994434,-0.184073101931445,-0.184058992218911
2017-04-01 13:30:00,31.5625,-24.4654222459259,-0.259698523871424,-0.259684409740899
2017-04-01 15:00:00,31.625,-25.5998592561111,-0.441324704341811,-0.441310583598919
2017-04-01 16:00:00,31.6666666666679,-26.0231444390741,-0.509360938679155,-0.509346813537768
2017-04-01 17:00:00,31.7083333333321,-26.4274981514815,-0.574381562129259,-0.574367432597177
2017-04-01 18:00:00,31.75,-27.0875666681481,-0.680137922224774,-0.680123788309801
2017-04-01 19:00:00,31.7916666666679,-27.0012267533457,-0.666991071073404,-0.666976932783345
2017-04-01 20:00:00,31.8333333333321,-26.7712077795918,-0.630956228123711,-0.630942085466372
2017-04-01 21:00:00,31.875,-26.4562040949907,-0.581383444661175,-0.581369297644367
2017-04-01 22:00:00,31.9166666666679,-26.5195240594444,-0.592078073192551,-0.592063921824084
2017-04-01 23:00:00,31.9583333333321,-26.6936685140741,-0.620427306238672,-0.620413150526358
2017-04-02,32,-26.9654240572222,-0.664326239161504,-0.664312079113159
2017-04-02 01:00:00,32.0416666666679,-27.0188814824074,-0.673450309304198,-0.673436144927639
2017-04-02 02:00:00,32.0833333333321,-27.2238111361111,-0.706704196791815,-0.706690028094859
2017-04-02 03:00:00,32.125,-27.195521348423,-0.702806243390443,-0.702792070380912
2017-04-02 04:00:00,32.1666666666679,-27.2752389055556,-0.716114119676537,-0.716099942362253
2017-04-02 05:00:00,32.2083333333321,-27.1250740642593,-0.692801747778124,-0.692787566166911
2017-04-02 06:00:00,32.25,-27.2328000181481,-0.710571745694554,-0.710557559794238
2017-04-02 07:00:00,32.2916666666679,-27.3025518398148,-0.722292618748812,-0.722278428567221
2017-04-02 08:00:00,32.3333333333321,-26.9695722083333,-0.669858264744873,-0.669844070289838
2017-04-02 09:00:00,32.375,-26.648496322037,-0.619320366768301,-0.619306168047653
2017-04-02 10:00:00,32.4166666666679,-26.3899907261596,-0.578750141369148,-0.578735938390721
2017-04-02 11:00:00,32.4583333333321,-26.3642240933333,-0.575255579389644,-0.575241372161274
2017-04-02 12:00:00,32.5,-26.3588942423006,-0.575016791329083,-0.575002579858607
2017-04-02 13:00:00,32.5416666666679,-26.1623870198148,-0.544323491040296,-0.544309275335554
2017-04-02 14:30:00,32.6041666666679,-24.9783981414815,-0.356629213829887,-0.356614991788448
2017-04-02 15:30:00,32.6458333333321,-25.3031896074349,-0.40897961492149,-0.40896538866539
2017-04-02 16:30:00,32.6875,-25.4722851566667,-0.43652772378348,-0.436513493320566
2017-04-02 17:30:00,32.7291666666679,-26.5047775814953,-0.601615750175119,-0.601601515513239
2017-04-02 18:30:00,32.7708333333321,-26.2250354412313,-0.557664050548203,-0.557649811695206
2017-04-02 19:30:00,32.8125,-26.2803794357009,-0.567091989267356,-0.567077746231093
2017-04-02 20:30:00,32.8541666666679,-25.5459477248134,-0.450708271052442,-0.450694023840766
2017-04-02 21:30:00,32.8958333333321,-24.6249794327103,-0.304609319147634,-0.304595067768401
2017-04-02 22:30:00,32.9375,-23.8316735132463,-0.178847251118825,-0.178832995579891
2017-04-02 23:30:00,32.9791666666679,-23.2312560620561,-0.0838126302981417,-0.0837983706073659
2017-04-03 00:30:00,33.0208333333321,-23.215298516791,-0.0818830662112635,-0.0818688023765063
2017-04-03 01:30:00,33.0625,-23.4516399330224,-0.120145082730548,-0.120130814759671
2017-04-03 02:30:00,33.1041666666679,-23.7224626860075,-0.163900176265193,-0.163885904166061
2017-04-03 03:30:00,33.1458333333321,-23.765630605597,-0.171389867270473,-0.171375591050952
2017-04-03 04:30:00,33.1875,-24.063410436194,-0.219439592449411,-0.219425312117369
2017-04-03 05:30:00,33.2291666666679,-24.0868974106343,-0.223794444116508,-0.223780159679814
2017-04-03 06:30:00,33.2708333333321,-24.8034645544776,-0.338557636225607,-0.338543347692132
2017-04-03 07:30:00,33.3125,-25.3635018436567,-0.428385684486623,-0.428371391864241
2017-04-03 08:30:00,33.3541666666679,-25.7473271100935,-0.490143205144939,-0.490128908441524
2017-04-03 09:30:00,33.3958333333321,-25.6878801466292,-0.4812873160409,-0.481273015264329
2017-04-03 10:30:00,33.4375,-25.9883115436567,-0.529760479850713,-0.529746175008865
2017-04-03 11:30:00,33.4791666666679,-25.8632257714552,-0.510448627121626,-0.510434318222379
2017-04-03 12:30:00,33.5208333333321,-27.5651402257944,-0.782179388361374,-0.782165075412613
2017-04-03 14:00:00,33.5833333333321,-27.4955580713483,-0.772017082459208,-0.772002763450956
2017-04-03 15:00:00,33.625,-26.7763731225746,-0.658065407967495,-0.65805108492944
2017-04-03 16:00:00,33.6666666666679,-25.8764141936567,-0.515316480436574,-0.515302153376604
2017-04-03 17:00:00,33.7083333333321,-26.2519757791045,-0.575759053212422,-0.575744722138427
2017-04-03 18:00:00,33.75,-25.6999066895522,-0.488429567114792,-0.488415232034664
2017-04-03 19:00:00,33.7916666666679,-25.7830970503731,-0.502297535660576,-0.502283196582208
2017-04-03 20:00:00,33.8333333333321,-25.0010428949627,-0.378331604375414,-0.378317261306702
2017-04-03 21:00:00,33.875,-24.9653078479478,-0.373255009989948,-0.373240662938787
2017-04-03 22:00:00,33.9166666666679,-23.9751358698113,-0.216136099712073,-0.216121748686363
2017-04-03 23:00:00,33.9583333333321,-23.5129533621269,-0.143126458356689,-0.14311210336433
2017-04-04,34,-23.1349403152985,-0.0835252409200411,-0.0835108819689351
2017-04-04 01:00:00,34.0416666666679,-23.4513582488806,-0.134547543251445,-0.134533180349496
2017-04-04 02:00:00,34.0833333333321,-23.4138321455224,-0.129186475589046,-0.129172108744158
2017-04-04 03:00:00,34.125,-23.3609906591418,-0.121385824174049,-0.121371453394131
2017-04-04 04:00:00,34.1666666666679,-23.2871407140713,-0.110238677667917,-0.110224302960876
2017-04-04 05:00:00,34.2083333333321,-22.9206623393657,-0.0524757802796576,-0.0524614016534055
2017-04-04 06:00:00,34.25,-18.8037873076493,0.602727817891756,0.602742200429308
2017-04-04 07:00:00,34.2916666666679,-19.5970541007463,0.475742148081027,0.475756534521964
2017-04-04 08:00:00,34.3333333333321,-20.8149011257463,0.281120377792972,0.281134768129379
2017-04-04 09:00:00,34.375,-20.5279533298507,0.326213332010183,0.326227726234142
2017-04-04 10:00:00,34.4166666666679,-20.0431865615672,0.402818824401242,0.402833222504835
2017-04-04 11:00:00,34.4583333333321,-20.0906678559701,0.39463665488089,0.394651056856196
2017-04-04 12:00:00,34.5,-20.5039794531716,0.328177291840316,0.328191697679412
2017-04-04 13:30:00,34.5625,-20.6250503811567,0.307962502706086,0.307976914326009
2017-04-04 14:30:00,34.6041666666679,-20.3187574912313,0.356136237946642,0.356150653410543
2017-04-04 15:30:00,34.6458333333321,-20.0782710833645,0.393826789821812,0.393841209121762
2017-04-04 16:30:00,34.6875,-20.0678208854478,0.394872245635158,0.394886668763228
2017-04-04 17:30:00,34.7291666666679,-19.9672462255597,0.41027442953204,0.410288856480298
2017-04-04 18:30:00,34.7708333333321,-19.5068209005597,0.483000918739992,0.483015349500505
2017-04-04 19:30:00,34.8125,-19.4889869641791,0.485222120982168,0.485236555547002
2017-04-04 20:30:00,34.8541666666679,-19.4733775674766,0.487088790304246,0.487103228665464
2017-04-04 21:30:00,34.8958333333321,-19.3603022,0.504481696579166,0.50449613872883
2017-04-04 22:30:00,34.9375,-19.0086056063551,0.559886973180268,0.559901419110439
2017-04-04 23:30:00,34.9791666666679,-18.9094821885981,0.575057001164447,0.575071450867183
2017-04-05 00:30:00,35.0208333333321,-18.9734719858209,0.564242816551641,0.564257270019
2017-04-05 01:30:00,35.0625,-19.3537686296642,0.503040564665443,0.50305502188948
2017-04-05 02:30:00,35.1041666666679,-20.4405634147388,0.329292493757109,0.329306954729878
2017-04-05 03:30:00,35.1458333333321,-20.2855261738806,0.353368992074921,0.353383456788474
2017-04-05 04:30:00,35.1875,-20.1941175011194,0.367309254409989,0.367323722856377
2017-04-05 05:30:00,35.2291666666679,-19.9863824779851,0.3997802281911,0.399794700362372
2017-04-05 06:30:00,35.2708333333321,-20.0210205231343,0.393640840013823,0.393655315902026
2017-04-05 07:30:00,35.3125,-20.222412266791,0.360937309840508,0.360951789437689
2017-04-05 08:30:00,35.3541666666679,-20.4032071001866,0.33151472384979,0.331529207147993
2017-04-05 09:30:00,35.3958333333321,-20.6517121699065,0.291305690804066,0.291320177795334
2017-04-05 10:30:00,35.4375,-20.7557831669159,0.274104951052258,0.274119441728632
2017-04-05 11:30:00,35.4791666666679,-20.7470615835821,0.274871992567845,0.274886486921364
2017-04-05 13:00:00,35.5416666666679,-20.5868283972015,0.299463489852261,0.29947798970657
2017-04-05 14:00:00,35.5833333333321,-20.325929101306,0.340402229123537,0.340416732635083
2017-04-05 15:00:00,35.625,-20.1217536934702,0.37230465622392,0.372319163384739
2017-04-05 16:00:00,35.6666666666679,-20.2049887973881,0.35842222746681,0.358436738268934
2017-04-05 17:00:00,35.7083333333321,-21.1847779645522,0.201717940117408,0.201732454552867
2017-04-05 18:00:00,35.75,-21.2522220365672,0.19035072308902,0.190365241149844
2017-04-05 19:00:00,35.7916666666679,-21.6127723744403,0.132291313462418,0.132305835140635
2017-04-05 20:00:00,35.8333333333321,-21.3977817214552,0.165915840298194,0.16593036558583
2017-04-05 21:00:00,35.875,-21.6777649166045,0.120690525061339,0.120705053950421
2017-04-05 22:00:00,35.9166666666679,-21.1418096716418,0.205444632383379,0.205459164865928
2017-04-05 23:00:00,35.9583333333321,-19.5317158820561,0.461309623745793,0.461324159813832
2017-04-06,36,-19.6116529610075,0.447951336642537,0.447965876288086
2017-04-06 01:00:00,36.0416666666679,-20.5297626145794,0.301071406363005,0.301085949578083
2017-04-06 02:00:00,36.0833333333321,-20.3866418063433,0.323246094267172,0.323260641043796
2017-04-06 03:00:00,36.125,-20.1344392557009,0.362797429257218,0.362811979587403
2017-04-06 04:00:00,36.1666666666679,-20.0573302395522,0.374456086968124,0.374470640843886
2017-04-06 05:00:00,36.2083333333321,-20.3320298608209,0.330071225541735,0.330085782955086
2017-04-06 06:00:00,36.25,-20.8512082482176,0.246740570493992,0.246755131436943
2017-04-06 07:00:00,36.2916666666679,-21.2555074723881,0.181710097093145,0.181724661557707
2017-04-06 08:00:00,36.3333333333321,-21.4738696541899,0.146299376586041,0.146313944564221
2017-04-06 09:00:00,36.375,-21.6083239567416,0.124255090697116,0.124269662180921
2017-04-06 10:00:00,36.4166666666679,-21.3368528744879,0.166874858499763,0.166889433481199
2017-04-06 11:00:00,36.4583333333321,-20.9610372435754,0.226116637603295,0.226131216074365
2017-04-06 12:30:00,36.5208333333321,-20.382382469403,0.317357597150156,0.317372180840682
2017-04-06 13:30:00,36.5625,-19.9413277225326,0.386991640784316,0.387006227944479
2017-04-06 14:30:00,36.6041666666679,-19.6321787696462,0.435612848432265,0.435627439054065
2017-04-06 15:30:00,36.6458333333321,-19.0522990557009,0.52736151136256,0.527376105437994
2017-04-06 16:30:00,36.6875,-18.7159943794007,0.580308348633502,0.580322946154565
2017-04-06 17:30:00,36.7291666666679,-18.619582391573,0.595039961421076,0.595054562379763
2017-04-06 18:30:00,36.7708333333321,-18.384588473743,0.631847627232348,0.631862231620652
2017-04-06 19:30:00,36.8125,-18.2672164070896,0.649917900960474,0.649932508770386
2017-04-06 20:30:00,36.8541666666679,-18.2178245973881,0.657158724361505,0.657173335585015
2017-04-06 21:30:00,36.8958333333321,-18.5474599804469,0.604020098604837,0.604034713233935
2017-04-06 22:30:00,36.9375,-18.8137209842697,0.560976910576637,0.56099152860331
2017-04-06 23:30:00,36.9791666666679,-18.1282830100559,0.669539903995317,0.66955452541155
2017-04-07 00:30:00,37.0208333333321,-17.6769385590317,0.7408114863555,0.740826111153277
2017-04-07 01:30:00,37.0625,-17.5014850541045,0.76813329864086,0.768147926812165
2017-04-07 02:30:00,37.1041666666679,-17.2115009986965,0.81369976457826,0.813714396115073
2017-04-07 03:30:00,37.1458333333321,-17.1739440932961,0.819054260569497,0.8190688954638
2017-04-07 04:30:00,37.1875,-17.2548863888268,0.805531604931017,0.805546243174788
2017-04-07 05:30:00,37.2291666666679,-18.7365884582868,0.568866772387267,0.568881413972483
2017-04-07 06:30:00,37.2708333333321,-19.6379292746741,0.424653758595427,0.424668403514064
2017-04-07 07:30:00,37.3125,-19.9161731560521,0.379700388549662,0.379715036793696
2017-04-07 08:30:00,37.3541666666679,-20.0576070260708,0.356540808128368,0.35655545968977
2017-04-07 09:30:00,37.3958333333321,-19.8898063044693,0.382642376506361,0.382657031377104
2017-04-07 10:30:00,37.4375,-20.1177467692737,0.345701948782162,0.345716606954216
2017-04-07 12:00:00,37.5,-21.6576182048417,0.0994550393791489,0.0994697024881113
2017-04-07 13:00:00,37.5416666666679,-22.1574477576493,0.0192021312869864,0.01921679767718
2017-04-07 14:00:00,37.5833333333321,-22.6487969793296,-0.0596999951730575,-0.0596853255096667
2017-04-07 15:00:00,37.625,-22.5599085815299,-0.0461699950588408,-0.0461553221302891
2017-04-07 16:00:00,37.6666666666679,-22.6139031499069,-0.0554014940933379,-0.0553868179076621
2017-04-07 17:00:00,37.7083333333321,-22.7462085947858,-0.0771081119242688,-0.0770934324895071
2017-04-07 18:00:00,37.75,-23.2329683653631,-0.155279697021159,-0.155265014345352
2017-04-07 19:00:00,37.7916666666679,-23.4142532487896,-0.18478905386038,-0.184774367951568
2017-04-07 20:00:00,37.8333333333321,-26.0779739236499,-0.609752345492431,-0.609737656358656
2017-04-07 21:00:00,37.875,-25.6427820962756,-0.541056799912596,-0.541042107561903
2017-04-07 22:00:00,37.9166666666679,-25.4761061091248,-0.515136158156733,-0.515121462597166
2017-04-07 23:00:00,37.9583333333321,-26.1937071330224,-0.63008161444425,-0.630066915683856
2017-04-08,38,-26.30261268473,-0.64806158497536,-0.648046883022187
2017-04-08 01:00:00,38.0416666666679,-26.9593371027933,-0.75330963001612,-0.753294924878216
2017-04-08 02:00:00,38.0833333333321,-27.2729851052142,-0.803905494175789,-0.803890785861206
2017-04-08 03:00:00,38.125,-27.5472588627561,-0.848229149962662,-0.848214438479451
2017-04-08 04:00:00,38.1666666666679,-28.4945065361266,-0.999758168106362,-0.999743453462576
2017-04-08 05:00:00,38.2083333333321,-28.8601825236499,-1.05864253742229,-1.05862781962598
2017-04-08 06:00:00,38.25,-28.947171356797,-1.07313197989495,-1.07311725895418
2017-04-08 07:00:00,38.2916666666679,-29.1156666744879,-1.10060559927905,-1.10059087520187
2017-04-08 08:00:00,38.3333333333321,-29.9187635083799,-1.22917182904196,-1.22915710183643
2017-04-08 09:00:00,38.375,-29.8740670581006,-1.22268411782277,-1.22266938749695
2017-04-08 10:00:00,38.4166666666679,-29.7921563811918,-1.21026828841337,-1.21025355497532
2017-04-08 11:30:00,38.4791666666679,-29.7101005616387,-1.1981458895189,-1.19813115142761
2017-04-08 12:30:00,38.5208333333321,-30.8063190177239,-1.37340720824609,-1.37339246706273
2017-04-08 13:30:00,38.5625,-31.5219627685289,-1.48804283802914,-1.48802809376178
2017-04-08 14:30:00,38.6041666666679,-31.4661958789179,-1.47979233478017,-1.47977758743687
2017-04-08 15:30:00,38.6458333333321,-31.0527313509328,-1.4145604750442,-1.41454572463303
2017-04-08 16:30:00,38.6875,-31.093445038175,-1.42167966215185,-1.42166490868087
2017-04-08 17:30:00,38.7291666666679,-30.7869308448598,-1.37348533202518,-1.37347057550246
2017-04-08 18:30:00,38.7708333333321,-31.0298212268156,-1.41281167529736,-1.41279691573099
2017-04-08 19:30:00,38.8125,-30.7601824484171,-1.37049188868764,-1.37047712608567
2017-04-08 20:30:00,38.8541666666679,-30.7576889942272,-1.37072867442685,-1.37071390879737
2017-04-08 21:30:00,38.8958333333321,-30.3294831621269,-1.30314930511776,-1.30313453646883
2017-04-08 22:30:00,38.9375,-30.131841707635,-1.27229913657298,-1.27228436491269
2017-04-08 23:30:00,38.9791666666679,-30.1477039070764,-1.27546038299408,-1.2754456083305
2017-04-09 00:30:00,39.0208333333321,-29.9134711428305,-1.23878145297556,-1.23876667531678
2017-04-09 01:30:00,39.0625,-27.901189961825,-0.918858269223517,-0.9188434885776
2017-04-09 02:30:00,39.1041666666679,-27.756374355121,-0.896423815317721,-0.896409031692757
2017-04-09 03:30:00,39.1458333333321,-26.4405009424581,-0.687439145091053,-0.687424358495124
2017-04-09 04:30:00,39.1875,-25.8221806378026,-0.589575312145329,-0.589560522586519
2017-04-09 05:30:00,39.2291666666679,-25.805340809311,-0.587527877247605,-0.587513084733997
2017-04-09 06:30:00,39.2708333333321,-25.9084636378026,-0.604590707378179,-0.604575911917861
2017-04-09 07:30:00,39.3125,-26.0284283102421,-0.624336583003572,-0.62432178460463
2017-04-09 08:30:00,39.3541666666679,-25.8066201189944,-0.589637924601243,-0.589623123271765
2017-04-09 09:30:00,39.3958333333321,-26.1187369001866,-0.639994022924829,-0.639979218672907
2017-04-09 11:00:00,39.4583333333321,-25.7913488608209,-0.58879461989185,-0.58877981127143
2017-04-09 12:00:00,39.5,-26.3271154646182,-0.674778611020962,-0.674763799498325
2017-04-09 13:00:00,39.5416666666679,-26.7137970288641,-0.73701337473767,-0.73699856032091
2017-04-09 14:00:00,39.5833333333321,-27.110203338806,-0.800797422993166,-0.800782605690378
2017-04-09 15:00:00,39.625,-27.6037374148976,-0.880054119078955,-0.880039298898234
2017-04-09 16:00:00,39.6666666666679,-27.5775615688433,-0.876520778123473,-0.876505955072917
2017-04-09 17:00:00,39.7083333333321,-27.8334052339587,-0.917913471453273,-0.917898645540979
2017-04-09 18:00:00,39.75,-27.946487898324,-0.936564359639916,-0.936549530873985
2017-04-09 19:00:00,39.7916666666679,-29.2060586395085,-1.13785174172697,-1.13783691011551
2017-04-09 20:00:00,39.8333333333321,-28.5095261782772,-1.02753060945589,-1.02751577500699
2017-04-09 21:00:00,39.875,-25.5364029824627,-0.554547069601646,-0.55453223232341
2017-04-09 22:00:00,39.9166666666679,-24.7911682327103,-0.436467874270604,-0.436453034171139
2017-04-09 23:00:00,39.9583333333321,-21.8301024128492,0.0345946713265871,0.034609514239176
2017-04-10,40,-21.8948360756052,0.0236450747336562,0.0236599204512626
2017-04-10 01:00:00,40.0416666666679,-21.9542798330224,0.0135380418325814,0.013552890347098
2017-04-10 02:00:00,40.0833333333321,-21.5584674009311,0.0759535235699452,0.0759683748732637
2017-04-10 03:00:00,40.125,-20.8128696528864,0.194089934744439,0.19410478882845
2017-04-10 04:00:00,40.1666666666679,-20.4208603337058,0.255899335494138,0.25591419235073
2017-04-10 05:00:00,40.2083333333321,-20.4692346273743,0.247555191312418,0.24757005093348
2017-04-10 06:00:00,40.25,-20.5644022420857,0.231756717275459,0.231771579652879
2017-04-10 07:00:00,40.2916666666679,-20.6052252953445,0.224615250666388,0.224630115792051
2017-04-10 08:00:00,40.3333333333321,-20.452167572067,0.248359010589612,0.248373878455403
2017-04-10 09:00:00,40.375,-19.9682197605214,0.324813678639719,0.324828549237523
2017-04-10 10:30:00,40.4375,-19.5341951550186,0.392996039064947,0.39301091374555
2017-04-10 11:30:00,40.4791666666679,-19.1916301037175,0.446928035325777,0.446942912718098
2017-04-10 12:30:00,40.5208333333321,-19.4542285862454,0.40445692994408,0.404471810039998
2017-04-10 13:30:00,40.5625,-19.414154264684,0.410201700628699,0.410216583420095
2017-04-10 14:30:00,40.6041666666679,-19.273304855948,0.43199989712421,0.432014782602961
2017-04-10 15:30:00,40.6458333333321,-18.8531059572491,0.498298549733986,0.498313437891969
2017-04-10 16:30:00,40.6875,-18.2217472267658,0.598234997508651,0.598249888337743
2017-04-10 17:30:00,40.7291666666679,-18.1700948245353,0.605823696319451,0.605838589811525
2017-04-10 18:30:00,40.7708333333321,-18.2782761061567,0.587950658793519,0.587965554940451
2017-04-10 19:30:00,40.8125,-17.8620633188082,0.653613855240744,0.653628754034406
2017-04-10 20:30:00,40.8541666666679,-17.1347416275093,0.768836806785351,0.768851708217615
2017-04-10 21:30:00,40.8958333333321,-16.3710799193309,0.889848633691813,0.889863537754549
2017-04-10 22:30:00,40.9375,-15.5490687620818,1.02015545456438,1.02017036124946
2017-04-10 23:30:00,40.9791666666679,-14.4507825345725,1.19447297691909,1.19448788621838
2017-04-11 00:30:00,41.0208333333321,-14.2938996302974,1.21882416283259,1.21883907473796
2017-04-11 01:30:00,41.0625,-14.1324516674721,1.24390245185194,1.24391736635526
2017-04-11 02:30:00,41.1041666666679,-13.9372327556797,1.27436036351983,1.27437528061296
2017-04-11 03:30:00,41.1458333333321,-13.9314962730483,1.27463347548929,1.27464839516409
2017-04-11 04:30:00,41.1875,-14.0034163539033,1.26253572840275,1.26255065065109
2017-04-11 05:30:00,41.2291666666679,-14.0724163615242,1.2509030383994,1.25091796321315
2017-04-11 06:30:00,41.2708333333321,-14.05496096171,1.25304264424148,1.25305757161249
2017-04-11 07:30:00,41.3125,-13.9340948003717,1.27165554628036,1.27167047620049
2017-04-11 08:30:00,41.3541666666679,-13.8387658169145,1.28620024594975,1.28621517841087
2017-04-11 10:00:00,41.4166666666679,-13.8037230356877,1.2908204640752,1.29083540033254
2017-04-11 11:00:00,41.4583333333321,-13.6580204535316,1.31338943624369,1.31340437502166
2017-04-11 12:00:00,41.5,-13.4408048061338,1.34735038027622,1.34736532156667
2017-04-11 13:00:00,41.5416666666679,-13.4334609723048,1.34787848422616,1.34789342802096
2017-04-11 14:00:00,41.5833333333321,-13.5878661860595,1.32263973943313,1.32265468572412
2017-04-11 15:00:00,41.625,-13.6703327024164,1.30886077099773,1.30887571977677
2017-04-11 16:00:00,41.6666666666679,-13.6696219975791,1.30833188412108,1.30834683538002
2017-04-11 17:00:00,41.7083333333321,-14.0106375520446,1.25336565104797,1.25338060477867
2017-04-11 18:00:00,41.75,-14.2676914488848,1.21177446147598,1.21178941767029
2017-04-11 19:00:00,41.7916666666679,-14.4336988788104,1.18468693091711,1.18470188956687
2017-04-11 20:00:00,41.8333333333321,-13.9590539130112,1.25965567691537,1.25967063801243
2017-04-11 21:00:00,41.875,-13.6894739678439,1.30195731101432,1.30197227455054
2017-04-11 22:00:00,41.9166666666679,-13.7059089254647,1.29869645946821,1.29871142543542
2017-04-11 23:00:00,41.9583333333321,-13.9614591068773,1.25734427498578,1.25735924337584
2017-04-12,42,-14.0463054013035,1.24318523510521,1.24320020590995
2017-04-12 01:00:00,42.0416666666679,-13.6181579942379,1.31074635221137,1.31076132542265
2017-04-12 02:00:00,42.0833333333321,-13.8163519729981,1.27853073304142,1.27854570865108
2017-04-12 03:00:00,42.125,-13.7959457942056,1.28113816959077,1.28115314759065
2017-04-12 04:00:00,42.1666666666679,-13.4963940349442,1.3282135913263,1.32822857170824
2017-04-12 05:00:00,42.2083333333321,-13.2858290195167,1.36111325624456,1.36112823900041
2017-04-12 06:00:00,42.25,-12.8197249143123,1.43472037617191,1.4347353612935
2017-04-12 07:00:00,42.2916666666679,-12.7641787735568,1.44292521469901,1.44294020217817
2017-04-12 08:00:00,42.3333333333321,-13.1627434769517,1.37878976729602,1.37880475712461
2017-04-12 09:30:00,42.3958333333321,-12.8658750128731,1.42511522359749,1.4251302169349
2017-04-12 10:30:00,42.4375,-13.0042029640596,1.40243541837417,1.40245041404058
2017-04-12 11:30:00,42.4791666666679,-12.122447945539,1.54225545640058,1.54227045438784
2017-04-12 12:30:00,42.5208333333321,-11.3367583812268,1.66677209646387,1.66678709676381
2017-04-12 13:30:00,42.5625,-14.471916372119,1.16669481696921,1.16670981957366
2017-04-12 14:30:00,42.6041666666679,-13.7598454312849,1.27948375377802,1.27949875867882
2017-04-12 15:30:00,42.6458333333321,-13.5219104541045,1.31674239128621,1.31675739847518
2017-04-12 16:30:00,42.6875,-13.9533085524164,1.24737569041794,1.24739069988692
2017-04-12 17:30:00,42.7291666666679,-13.9599383158879,1.24567478802808,1.24568979976889
2017-04-12 18:30:00,42.7708333333321,-14.4156245438662,1.17243876946524,1.17245378346972
2017-04-12 19:30:00,42.8125,-14.3031858762082,1.18970535262101,1.18972036888098
2017-04-12 20:30:00,42.8541666666679,-14.5461542663569,1.15035523767531,1.15037025618261
2017-04-12 21:30:00,42.8958333333321,-14.955914339851,1.08443498889744,1.08445000964388
2017-04-12 22:30:00,42.9375,-16.5339272156716,0.832411134707892,0.832426157685305
2017-04-12 23:30:00,42.9791666666679,-18.8028119081937,0.470330807589897,0.470345832790109
2017-04-13 00:30:00,43.0208333333321,-18.0421245492565,0.590863374747315,0.590878402162148
2017-04-13 01:30:00,43.0625,-19.1239590888476,0.417880788619631,0.41789581824091
2017-04-13 02:30:00,43.1041666666679,-20.1312714055762,0.256769548018703,0.256784579838249
2017-04-13 03:30:00,43.1458333333321,-20.791372426257,0.15096921750096,0.150984251510595
2017-04-13 04:30:00,43.1875,-21.5858379620112,0.0237644265457202,0.0237794627372659
2017-04-13 05:30:00,43.2291666666679,-21.6478847814126,0.0132343636642818,0.0132494020295575
2017-04-13 06:30:00,43.2708333333321,-20.4939384229478,0.19641278647518,0.196427827006005
2017-04-13 07:30:00,43.3125,-21.559910747026,0.0259564806014264,0.0259715232896195
2017-04-13 09:00:00,43.375,-21.6704953100559,0.0073708717467387,0.00738591765564164
2017-04-13 10:00:00,43.4166666666679,-21.8927020791434,-0.0286732172382373,-0.0286581691924238
2017-04-13 11:00:00,43.4583333333321,-22.2670706546468,-0.0889568857366678,-0.0889418355621275
2017-04-13 12:00:00,43.5,-21.9940763344507,-0.0461152770200881,-0.0461002247250063
2017-04-13 13:00:00,43.5416666666679,-22.525438429291,-0.131408314373691,-0.131393259966254
2017-04-13 14:00:00,43.5833333333321,-22.8818563205224,-0.188832709095452,-0.188817652583845
2017-04-13 15:00:00,43.625,-22.577094972067,-0.140930872137186,-0.140915813529597
2017-04-13 16:00:00,43.6666666666679,-22.3592992143123,-0.10688280928146,-0.106867748586077
2017-04-13 17:00:00,43.7083333333321,-22.3320261807477,-0.103185245564634,-0.103170182789645
2017-04-13 18:00:00,43.75,-22.0293885081784,-0.0556219907693528,-0.0556069259229482
2017-04-13 19:00:00,43.7916666666679,-21.9594748865922,-0.0451319359653006,-0.0451168690556705
2017-04-13 20:00:00,43.8333333333321,-22.7362499595149,-0.169520087280976,-0.169505018316311
2017-04-13 21:00:00,43.875,-23.1866436438433,-0.241915541856004,-0.241900470844496
2017-04-13 22:00:00,43.9166666666679,-21.9639813791434,-0.0477920795311015,-0.0477770064809424
2017-04-13 23:00:00,43.9583333333321,-21.0366629506518,0.0992828075948318,0.0992978826754483
2017-04-14,44,-19.4282732260223,0.354852748194673,0.354867825297554
2017-04-14 01:00:00,44.0416666666679,-18.9868550516729,0.424523196531968,0.424538275648918
2017-04-14 02:00:00,44.0833333333321,-19.4298327332714,0.353308662978032,0.353323744100856
2017-04-14 03:00:00,44.125,-20.0936134066914,0.246919965331825,0.246935048452328
2017-04-14 04:00:00,44.1666666666679,-20.6197119005576,0.162464047903569,0.162479133013553
2017-04-14 05:00:00,44.2083333333321,-21.3268104048327,0.0491746104302564,0.0491896975215251
2017-04-14 06:00:00,44.25,-21.0390464650558,0.0943673825254233,0.0943824715897788
2017-04-14 07:00:00,44.2916666666679,-21.0702082055762,0.0887549774634314,0.0887700684926748
2017-04-14 08:30:00,44.3541666666679,-21.168221247026,0.0721687886454331,0.0721838826066342
2017-04-14 09:30:00,44.3958333333321,-21.4888847427509,0.0204383276080525,0.0204534235136417
2017-04-14 10:30:00,44.4375,-21.4111282494424,0.032176368325282,0.0321914661670588
2017-04-14 11:30:00,44.4791666666679,-22.2281096780669,-0.0986180681938156,-0.0986029684240535
2017-04-14 12:30:00,44.5208333333321,-25.2382998605214,-0.578792313041056,-0.578777211351511
2017-04-14 13:30:00,44.5625,-25.3735065137803,-0.600979713405438,-0.600964609804312
2017-04-14 14:30:00,44.6041666666679,-26.1756077888476,-0.729403989478898,-0.729388883974396
2017-04-14 15:30:00,44.6458333333321,-28.8711119791045,-1.15944878854224,-1.15943368114256
2017-04-14 16:30:00,44.6875,-27.1620092905204,-0.887836649438505,-0.887821540151863
2017-04-14 17:30:00,44.7291666666679,-27.2362504636364,-0.900312546788788,-0.900297435623384
2017-04-14 18:30:00,44.7708333333321,-28.3801505286245,-1.08318595455856,-1.0831708415226
2017-04-14 19:30:00,44.8125,-27.9693420195167,-1.0183932596811,-1.01837814478279
2017-04-14 20:30:00,44.8541666666679,-26.8720241697026,-0.844239220128276,-0.844224103375826
2017-04-14 21:30:00,44.8958333333321,-27.1042133575139,-0.881876685305429,-0.881861566707045
2017-04-14 22:30:00,44.9375,-25.2347885025974,-0.584725614858096,-0.584710494421988
2017-04-14 23:30:00,44.9791666666679,-23.5263116612245,-0.313213760871905,-0.313198638606281
2017-04-15 00:30:00,45.0208333333321,-22.8619603605459,-0.20803193421836,-0.20801681013143
2017-04-15 01:30:00,45.0625,-23.9873717563197,-0.387960666318211,-0.387945540418187
2017-04-15 02:30:00,45.1041666666679,-23.6389647634508,-0.333109157787416,-0.333094030082508
2017-04-15 03:30:00,45.1458333333321,-24.1141112974026,-0.409450396156269,-0.409435266654688
2017-04-15 04:30:00,45.1875,-24.2607699155844,-0.433463356023963,-0.433448224733922
2017-04-15 05:30:00,45.2291666666679,-22.5891688439703,-0.167826328845603,-0.167811195775316
2017-04-15 06:30:00,45.2708333333321,-21.049127983859,0.0768529820700187,0.0768681169123397
2017-04-15 08:00:00,45.3333333333321,-20.8502788236059,0.107554197136979,0.107569334621949
2017-04-15 09:00:00,45.375,-21.2310018205937,0.0462542530840942,0.0462693923205617
2017-04-15 10:00:00,45.4166666666679,-20.7585324703154,0.120868380263536,0.120883521243286
2017-04-15 11:00:00,45.4583333333321,-20.1280148333952,0.220659633392936,0.220674776107752
2017-04-15 12:00:00,45.5,-21.9303988985158,-0.0671121719161611,-0.0670970274744961
2017-04-15 13:00:00,45.5416666666679,-21.7576456769944,-0.0402432743940615,-0.0402281282337643
2017-04-15 14:00:00,45.5833333333321,-22.2170928050093,-0.114084422385832,-0.11406927451512
2017-04-15 15:00:00,45.625,-22.5321635005576,-0.164926379233538,-0.16491122966063
2017-04-15 16:00:00,45.6666666666679,-21.5070557115028,-0.00227702316321812,-0.00226187189633212
2017-04-15 17:00:00,45.7083333333321,-20.780727264193,0.112776493202255,0.1127916461549
2017-04-15 18:00:00,45.75,-20.0616326812616,0.226677573083037,0.22669272771322
2017-04-15 19:00:00,45.7916666666679,-19.5796975699443,0.302798903272693,0.302814059572194
2017-04-15 20:00:00,45.8333333333321,-19.3756789998145,0.334647853796597,0.334663011757196
2017-04-15 21:00:00,45.875,-19.8125714510204,0.264399144900611,0.264414304514085
2017-04-15 22:00:00,45.9166666666679,-20.0743154083488,0.22205164085836,0.222066802116488
2017-04-15 23:00:00,45.9583333333321,-16.1667996673469,0.843870111114207,0.843885274008766
2017-04-16,46,-14.8798475988848,1.04823084093115,1.04824600545392
2017-04-16 01:00:00,46.0416666666679,-14.3801985263451,1.12717356649909,1.12718873264184
2017-04-16 02:00:00,46.0833333333321,-14.036087180705,1.18133894697474,1.18135411472925
2017-04-16 03:00:00,46.125,-13.8410834816327,1.21175129908398,1.21176646844203
2017-04-16 04:00:00,46.1666666666679,-13.635763927881,1.24380690083572,1.24382207178908
2017-04-16 05:00:00,46.2083333333321,-13.557294987384,1.25565503620148,1.25567020874193
2017-04-16 06:00:00,46.25,-13.4694591053903,1.26899525933002,1.26901043344933
2017-04-16 07:30:00,46.3125,-13.5782727187384,1.2506828938992,1.25069807037138
2017-04-16 08:30:00,46.3541666666679,-13.4855287545455,1.26480479771373,1.2648199757442
2017-04-16 09:30:00,46.3958333333321,-13.5247899609665,1.25789811197584,1.25791329155638
2017-04-16 10:30:00,46.4375,-13.3338327072491,1.28766532024813,1.28768050137051
2017-04-16 11:30:00,46.4791666666679,-13.0774749619666,1.32785080269044,1.32786598534642
2017-04-16 12:30:00,46.5208333333321,-12.8610166996289,1.36168019844921,1.36169538263057
2017-04-16 13:30:00,46.5625,-12.7671224460111,1.3759849898298,1.37600017552831
2017-04-16 14:30:00,46.6041666666679,-12.3718237423006,1.43830365562874,1.43831884283617
2017-04-16 15:30:00,46.6458333333321,-12.2820946246753,1.45194479846643,1.45195998717456
2017-04-16 16:30:00,46.6875,-12.6617532502783,1.39081206917802,1.3908272593786
2017-04-16 17:30:00,46.7291666666679,-12.6307955321561,1.39509074801166,1.39510593969648
2017-04-16 18:30:00,46.7708333333321,-12.6674702884758,1.38859545680561,1.38861064996642
2017-04-16 19:30:00,46.8125,-12.7308868055659,1.37784011580335,1.37785531043194
2017-04-16 20:30:00,46.8541666666679,-12.4236310769663,1.42613306056576,1.42614825665388
2017-04-16 21:30:00,46.8958333333321,-12.3764681406367,1.43299297012825,1.43300816766767
2017-04-16 22:30:00,46.9375,-12.6904052570356,1.38232931605348,1.38234451503596
2017-04-16 23:30:00,46.9791666666679,-10.3264719038202,1.7582522745713,1.75826747498862
2017-04-17 00:30:00,47.0208333333321,-9.06733900084746,1.9581796653403,1.95819486718421
2017-04-17 01:30:00,47.0625,-9.41503758535714,1.90213758570545,1.90215278896772
2017-04-17 02:30:00,47.1041666666679,-9.99306554846442,1.80940380561247,1.80941901028488
2017-04-17 03:30:00,47.1458333333321,-10.7153970070037,1.69368231005987,1.69369751613418
2017-04-17 04:30:00,47.1875,-11.4348123716698,1.57842528516382,1.57844049263179
2017-04-17 05:30:00,47.2291666666679,-11.9400189441288,1.49729180909641,1.4973070179498
2017-04-17 07:00:00,47.2916666666679,-12.2661423241573,1.44435943868077,1.44437464959685
2017-04-17 08:00:00,47.3333333333321,-12.3889812266417,1.4241372450357,1.42415245731661
2017-04-17 09:00:00,47.375,-12.3404915525328,1.43120775240223,1.43122296603974
2017-04-17 10:00:00,47.4166666666679,-12.4566923,1.41204289458394,1.4120581095698
2017-04-17 11:00:00,47.4583333333321,-13.2295480489642,1.28827236277081,1.28828757909679
2017-04-17 12:00:00,47.5,-15.7900487018727,0.879728657618863,0.879743875276725
2017-04-17 13:00:00,47.5416666666679,-17.0736217046816,0.67460037730391,0.674615596285414
2017-04-17 14:00:00,47.5833333333321,-18.0767373380863,0.514149094356666,0.514164314653572
2017-04-17 15:00:00,47.625,-19.9190655968165,0.22001057882201,0.220025800426079
2017-04-17 16:00:00,47.6666666666679,-20.7147415216981,0.0926044666941439,0.0926196895971366
2017-04-17 17:00:00,47.7083333333321,-20.382249543152,0.144916246794554,0.14493147098823
2017-04-17 18:00:00,47.75,-21.019022552919,0.0428233609529513,0.0428385864290704
2017-04-17 19:00:00,47.7916666666679,-21.3716033458647,-0.0139975619812498,-0.0139823352309286
2017-04-17 20:00:00,47.8333333333321,-22.0112505067797,-0.116548422458006,-0.116533194441724
2017-04-17 21:00:00,47.875,-22.3273875404537,-0.167563948129385,-0.167548718855383
2017-04-17 22:00:00,47.9166666666679,-21.8277250457627,-0.0886220852646128,-0.0886068547411328
2017-04-17 23:00:00,47.9583333333321,-22.1630302179245,-0.142691227384737,-0.142675995620021
2017-04-18,48,-21.9189756198502,-0.104468002730165,-0.104452769732456
2017-04-18 01:00:00,48.0416666666679,-21.833323967603,-0.091478538848326,-0.0914633046258653
2017-04-18 02:00:00,48.0833333333321,-21.582882056367,-0.0522379269184272,-0.0522226914794581
2017-04-18 03:00:00,48.125,-21.9173314990637,-0.106170983274926,-0.106155746627692
2017-04-18 04:00:00,48.1666666666679,-21.2621311114232,-0.00245217174129291,-0.00243693389403742
2017-04-18 05:00:00,48.2083333333321,-21.4155543207865,-0.0275477340253892,-0.0275324949863557
2017-04-18 06:30:00,48.2708333333321,-21.0259831492509,0.0335284228304838,0.0335436636417264
2017-04-18 07:30:00,48.3125,-20.4610617986891,0.122865521342842,0.122880763325251
2017-04-18 08:30:00,48.3541666666679,-20.6164353159475,0.0974590768927262,0.0974743200380584
2017-04-18 09:30:00,48.3958333333321,-21.4438745376405,-0.035007969991386,-0.0349927256913761
2017-04-18 10:30:00,48.4375,-21.6900693014981,-0.0748824144931685,-0.0748671690467265
2017-04-18 11:30:00,48.4791666666679,-22.64123222603,-0.22705884554852,-0.227043598963891
2017-04-18 12:30:00,48.5208333333321,-22.9033782344569,-0.269474443931532,-0.269459196216962
2017-04-18 13:30:00,48.5625,-23.0279831095685,-0.289979695596042,-0.289964446759777
2017-04-18 14:30:00,48.6041666666679,-23.2923726222846,-0.332752793693842,-0.332737543744128
2017-04-18 15:30:00,48.6458333333321,-23.4262584162921,-0.354736609576703,-0.354721358521787
2017-04-18 16:30:00,48.6875,-23.5530825769231,-0.37559555531524,-0.375580303163368
2017-04-18 17:30:00,48.7291666666679,-23.4674334022514,-0.362607399666659,-0.362592146426078
2017-04-18 19:30:00,48.8125,-23.3138574103189,-0.339454429512801,-0.339439174119544
2017-04-18 20:30:00,48.8541666666679,-23.3448494447955,-0.345047458105514,-0.34503220164829
2017-04-18 21:30:00,48.8958333333321,-22.0515751207792,-0.139683960870958,-0.139668703358015
2017-04-18 22:30:00,48.9375,-20.7240445419295,0.0711365311570046,0.0711517897174183
2017-04-18 23:30:00,48.9791666666679,-20.458936893321,0.112712240431937,0.112727500031573
2017-04-19 00:30:00,49.0208333333321,-19.8341576560297,0.211583840401074,0.211599101031684
2017-04-19 01:30:00,49.0625,-20.2354341274583,0.147003982666654,0.147019244319991
2017-04-19 02:30:00,49.1041666666679,-20.2583970243043,0.142689697974791,0.142704960642604
2017-04-19 03:30:00,49.1458333333321,-20.0627643881262,0.17319778850522,0.173213052179261
2017-04-19 04:30:00,49.1875,-19.9234897842301,0.194727955155818,0.194743219827839
2017-04-19 06:00:00,49.25,-20.646829293321,0.0785147972769872,0.078530063430508
2017-04-19 07:00:00,49.2916666666679,-20.1849127751391,0.151441930251568,0.151457197382444
2017-04-19 08:00:00,49.3333333333321,-19.656159545269,0.235016151275144,0.235031419375126
2017-04-19 09:00:00,49.375,-19.0951335949907,0.323731392173409,0.323746661234246
2017-04-19 10:00:00,49.4166666666679,-18.829298735436,0.365422434160043,0.365437704173485
2017-04-19 11:00:00,49.4583333333321,-18.7068979400742,0.384264280345497,0.384279551303294
2017-04-19 12:00:00,49.5,-19.4094052068773,0.27169763619965,0.271712908093552
2017-04-19 13:00:00,49.5416666666679,-19.7517681289425,0.216502197331863,0.216517470153619
2017-04-19 14:00:00,49.5833333333321,-20.5675176165121,0.0858958944258393,0.085911168167199
2017-04-19 15:00:00,49.625,-20.2698311940631,0.132660682131842,0.132675956784555
2017-04-19 16:00:00,49.6666666666679,-19.8080816526902,0.205560796731804,0.205576072287618
2017-04-19 17:00:00,49.7083333333321,-19.4786920320965,0.257375836510279,0.257391112960944
2017-04-19 18:00:00,49.75,-19.5896121979592,0.239049168136791,0.239064445474055
2017-04-19 19:00:00,49.7916666666679,-19.0424953076067,0.325548228877947,0.32556350709356
2017-04-19 20:00:00,49.8333333333321,-18.3248438815985,0.439213519170202,0.439228798255911
2017-04-19 21:00:00,49.875,-16.9664619458256,0.654947594033675,0.65496287398123
2017-04-19 22:00:00,49.9166666666679,-16.6758460189239,0.700585737473966,0.700601018275114
2017-04-19 23:00:00,49.9583333333321,-16.298081619295,0.760106652062741,0.760121933709231
2017-04-20,50,-15.909391444898,0.821368007882234,0.821383290365814
2017-04-20 01:00:00,50.0416666666679,-15.5201115154275,0.88272326994584,0.882738553258258
2017-04-20 02:00:00,50.0833333333321,-15.1527402667904,0.940588421672943,0.940603705805947
2017-04-20 03:00:00,50.125,-14.9232374860853,0.976490986449307,0.976506271394645
2017-04-20 04:00:00,50.1666666666679,-14.8915417556586,0.980882705611357,0.980897991360777
2017-04-20 05:30:00,50.2291666666679,-14.7940333955473,0.995429630621876,0.995444917561946
2017-04-20 06:30:00,50.2708333333321,-14.7431911105751,1.00287130820592,1.00288659592944
2017-04-20 07:30:00,50.3125,-14.7743450745826,0.997250884761947,0.997266173260665
2017-04-20 08:30:00,50.3541666666679,-14.6966215150278,1.0089746889938,1.00898997825947
2017-04-20 09:30:00,50.3958333333321,-14.59170316141,1.02503060405794,1.02504589408229
2017-04-20 10:30:00,50.4375,-14.4917606541744,1.0402938242789,1.0403091150537
2017-04-20 11:30:00,50.4791666666679,-14.2356059622677,1.08044171852765,1.08045701004464
2017-04-20 12:30:00,50.5208333333321,-13.9318849849722,1.12816691774605,1.12818220999697
2017-04-20 13:30:00,50.5625,-13.7190890458256,1.16140765546401,1.16142294844061
2017-04-20 14:30:00,50.6041666666679,-13.6853209426716,1.16612909336296,1.16614438705699
2017-04-20 15:30:00,50.6458333333321,-13.8674872573248,1.13645198692322,1.13646728132643
2017-04-20 16:30:00,50.6875,-14.8438571276438,0.980257649582813,0.980272944686947
2017-04-20 17:30:00,50.7291666666679,-15.7623710690167,0.833279766469927,0.833295062266731
2017-04-20 18:30:00,50.7708333333321,-15.3282467705009,0.901778085322427,0.90179338180365
2017-04-20 19:30:00,50.8125,-15.6581892376623,0.848559986467424,0.848575283624812
2017-04-20 20:30:00,50.8541666666679,-15.5043859109462,0.872402902681566,0.872418200506865
2017-04-20 21:30:00,50.8958333333321,-14.947324690167,0.960485054344174,0.960500352829132
2017-04-20 22:30:00,50.9375,-14.9576808790352,0.958177172254899,0.958192471391264
2017-04-20 23:30:00,50.9791666666679,-15.5926345165121,0.856370435683083,0.856385735462601
2017-04-21 00:30:00,51.0208333333321,-16.2636338949814,0.748821552575744,0.748836852990163
2017-04-21 01:30:00,51.0625,-15.9760222960967,0.793980049296689,0.793995350337754
2017-04-21 02:30:00,51.1041666666679,-15.719282019666,0.834220688727766,0.834235990387226
2017-04-21 03:30:00,51.1458333333321,-15.4978534083488,0.868836121447701,0.868851423717303
2017-04-21 05:00:00,51.2083333333321,-15.4459349533457,0.876119251925776,0.876134555095116
2017-04-21 06:00:00,51.25,-15.3590705100186,0.889298434938892,0.889313738697741
2017-04-21 07:00:00,51.2916666666679,-15.0052671619666,0.94500114418924,0.945016448529346
2017-04-21 08:00:00,51.3333333333321,-14.9226870251852,0.957497770359049,0.957513075272158
2017-04-21 09:00:00,51.375,-15.4302425955556,0.875985325293076,0.876000630770936
2017-04-21 10:00:00,51.4166666666679,-16.339227767963,0.730524826725425,0.730540132759784
2017-04-21 11:00:00,51.4583333333321,-16.179516622037,0.755308384678795,0.7553236912614
2017-04-21 12:00:00,51.5,-15.84627219,0.807735888763117,0.807751195885714
2017-04-21 13:00:00,51.5416666666679,-15.5489888567718,0.854434734091061,0.854450041745399
2017-04-21 14:00:00,51.5833333333321,-15.2527388775926,0.900968935700336,0.900984243878162
2017-04-21 15:00:00,51.625,-14.9048553616352,0.95572836727364,0.955743675966701
2017-04-21 15:30:00,51.6458333333321,-14.8518868273684,0.963836951176086,0.96385226012367
2017-04-21 16:00:00,51.6666666666679,-14.7380818050314,0.981636823893518,0.981652133093563
2017-04-21 16:30:00,51.6875,-14.6596710702632,0.993798354141272,0.993813663591714
2017-04-21 17:00:00,51.7083333333321,-14.4461320654088,1.02748590725346,1.02750121695223
2017-04-21 17:30:00,51.7291666666679,-14.4166000173684,1.03186101356907,1.03187632351412
2017-04-21 18:00:00,51.75,-14.4076855025157,1.03295172507419,1.03296703526345
2017-04-21 18:30:00,51.7708333333321,-14.3187921036842,1.04678312295304,1.04679843338444
2017-04-21 19:00:00,51.7916666666679,-14.2536603553459,1.05682926597212,1.0568445766436
2017-04-21 19:30:00,51.8125,-14.1995078828947,1.06512639558296,1.06514170649246
2017-04-21 20:00:00,51.8333333333321,-14.1363081861635,1.0748647476155,1.07488005876096
2017-04-21 20:30:00,51.8541666666679,-14.0791999810526,1.08363271385069,1.08364802523004
2017-04-21 21:00:00,51.875,-14.1237546962264,1.07620569744809,1.07622100905927
2017-04-21 21:30:00,51.8958333333321,-14.1033526094737,1.07912633926661,1.07914165110756
2017-04-21 22:00:00,51.9166666666679,-14.2743396314465,1.05155855259361,1.05157386466226
2017-04-21 22:30:00,51.9375,-14.2642189960422,1.05284133850234,1.05285665079663
2017-04-21 23:00:00,51.9583333333321,-14.1809559867925,1.06577575021504,1.06579106273291
2017-04-21 23:30:00,51.9791666666679,-14.2638179598945,1.05224632694827,1.05226163968766
2017-04-22,52,-14.2608301616352,1.05239282707512,1.05240814003396
2017-04-22 00:30:00,52.0208333333321,-14.2936447252632,1.04683597887714,1.04685129205337
2017-05-08 20:30:00,68.8541666666679,-27.959667870709,-1.39477522536517,-1.39476040483457
2017-05-08 21:30:00,68.8958333333321,-27.1904831942164,-1.27288534023219,-1.27287052255095
2017-05-08 22:30:00,68.9375,-26.6051617057621,-1.18028488216889,-1.18027006734489
2017-05-08 23:30:00,68.9791666666679,-25.704123337757,-1.03739038907328,-1.03737557711438
2017-05-09 00:30:00,69.0208333333321,-24.6542063299256,-0.870779311429195,-0.870764502343248
2017-05-09 01:30:00,69.0625,-25.2223246719852,-0.961922310128349,-0.961907503923214
2017-05-09 02:30:00,69.1041666666679,-24.5667728478585,-0.858133665413092,-0.858118862096624
2017-05-09 03:30:00,69.1458333333321,-24.493157674026,-0.847047833128838,-0.847033032708891
2017-05-09 04:30:00,69.1875,-23.366651209833,-0.668235553732596,-0.668220756217021
2017-05-09 05:30:00,69.2291666666679,-23.0784935003711,-0.622972717582204,-0.62295792297885
2017-05-09 07:00:00,69.2916666666679,-22.3136134052045,-0.502087899547995,-0.50207310932769
2017-05-09 08:00:00,69.3333333333321,-22.3916166864815,-0.5151544882553,-0.515139700966834
2017-05-09 09:00:00,69.375,-21.8890018708178,-0.435728085576392,-0.435713301227609
2017-05-09 10:00:00,69.4166666666679,-22.2536018931481,-0.4944495123572,-0.494434730955941
2017-05-09 11:00:00,69.4583333333321,-22.3613370392593,-0.512252066514052,-0.512237288068158
2017-05-09 12:00:00,69.5,-24.1189107576208,-0.792874969613754,-0.792860194131062
2017-05-09 13:00:00,69.5416666666679,-24.8228401200743,-0.905651458930319,-0.905636686418665
2017-05-09 14:00:00,69.5833333333321,-25.421565816141,-1.0016688137437,-1.00165404421092
2017-05-09 15:00:00,69.625,-25.4431055394444,-1.00573991503582,-1.00572514848974
2017-05-09 16:00:00,69.6666666666679,-25.3826092287037,-0.996742501556856,-0.996727738005316
2017-05-09 17:00:00,69.7083333333321,-25.6290499916667,-1.03664026700801,-1.03662550645884
2017-05-09 18:00:00,69.75,-25.2224860419295,-0.972513798501192,-0.972499040962209
2017-05-09 19:00:00,69.7916666666679,-25.7741911345083,-1.06104015631866,-1.06102540179769
2017-05-09 20:00:00,69.8333333333321,-25.9942393430427,-1.09673321826646,-1.09671846677133
2017-05-09 21:00:00,69.875,-26.6299554721707,-1.19864235944336,-1.1986276109819
2017-05-09 22:00:00,69.9166666666679,-25.2835167005556,-0.984792690569063,-0.984777945149077
2017-05-09 23:00:00,69.9583333333321,-24.5962245074212,-0.875945424462821,-0.875930682092133
2017-05-10,70,-24.0867629427778,-0.795426586009586,-0.795411846696012
2017-05-10 01:00:00,70.0416666666679,-23.5591112935065,-0.712009935203207,-0.71199519895456
2017-05-10 02:00:00,70.0833333333321,-23.8482796268519,-0.758713172136776,-0.758698438960868
2017-05-10 03:00:00,70.125,-24.0520444462963,-0.791811448747806,-0.791796718652447
2017-05-10 04:00:00,70.1666666666679,-23.7927351696296,-0.75114157107487,-0.751126844067868
2017-05-10 05:00:00,70.2083333333321,-23.9687926140741,-0.779825803011085,-0.779811079100246
2017-05-10 06:30:00,70.2708333333321,-23.1006278087037,-0.642483535892216,-0.642468816640254
2017-05-10 07:30:00,70.3125,-23.266398147037,-0.669528722587042,-0.669514006450751
2017-05-10 08:30:00,70.3541666666679,-22.7547814803704,-0.588665553989371,-0.58865084097655
2017-05-10 09:30:00,70.3958333333321,-22.9341722324074,-0.617880239339683,-0.617865529458128
2017-05-10 10:30:00,70.4375,-22.9825749212524,-0.62622831063718,-0.626213603894688
2017-05-10 11:30:00,70.4791666666679,-24.4040463983302,-0.85330709880451,-0.853292395208874
2017-05-10 12:30:00,70.5208333333321,-24.5716778101852,-0.88064814593803,-0.880633445497042
2017-05-10 13:30:00,70.5625,-25.4610259201852,-1.02295905587284,-1.02294435859429
2017-05-10 14:30:00,70.6041666666679,-25.9404574287037,-1.09996983497269,-1.09995514086436
2017-05-10 15:30:00,70.6458333333321,-26.123927785,-1.12983366741196,-1.12981897648165
2017-05-10 16:30:00,70.6875,-26.4537996207792,-1.18301923621269,-1.18300454846818
2017-05-10 17:30:00,70.7291666666679,-27.7907532710575,-1.39663353346924,-1.3966188489183
2017-05-10 18:30:00,70.7708333333321,-26.4212671682746,-1.17910991941465,-1.17909523806507
2017-05-10 22:30:00,70.9375,-24.2225788525046,-0.831402050126572,-0.831387381660179
2017-05-10 23:30:00,70.9791666666679,-22.2890742343228,-0.524029255654921,-0.524014590428755
2017-05-11 00:30:00,71.0208333333321,-21.0636382311688,-0.329452171001627,-0.329437509023456
2017-05-11 01:30:00,71.0625,-20.6293798947858,-0.260910127174341,-0.260895468451932
2017-05-11 02:30:00,71.1041666666679,-22.5692300510204,-0.570565135586374,-0.570550480127492
2017-05-11 03:30:00,71.1458333333321,-21.8500074024119,-0.456627818453146,-0.456613166265552
2017-05-11 04:30:00,71.1875,-21.8301208250929,-0.454095109377276,-0.45408046046873
2017-05-11 06:00:00,71.25,-22.5447026273234,-0.568881116037666,-0.568866472062239
2017-05-11 07:00:00,71.2916666666679,-22.5515925887037,-0.570613607653725,-0.570598966976738
2017-05-11 08:00:00,71.3333333333321,-21.8282407268519,-0.456017925996341,-0.456003288625547
2017-05-11 09:00:00,71.375,-21.1116772012987,-0.342503501844273,-0.342488867787424
2017-05-11 10:00:00,71.4166666666679,-20.7599426124074,-0.287106458370213,-0.287091827635057
2017-05-11 11:00:00,71.4583333333321,-20.7572444540741,-0.28731103774096,-0.287296410335244
2017-05-11 12:00:00,71.5,-20.5225741096296,-0.250562151800104,-0.250547527731574
2017-05-11 13:00:00,71.5416666666679,-20.716601867037,-0.282105049218085,-0.282090428494483
2017-05-11 14:00:00,71.5833333333321,-20.6957137453532,-0.279411562571067,-0.279396945200134
2017-05-11 15:00:00,71.625,-20.8314657153989,-0.301670823204355,-0.301656209193832
2017-05-11 16:00:00,71.6666666666679,-20.9030796392593,-0.313712715652354,-0.313698105009975
2017-05-11 17:00:00,71.7083333333321,-21.5334879586271,-0.414770822706963,-0.414756215440465
2017-05-11 18:00:00,71.75,-21.525988887037,-0.414209694281749,-0.414195090398864
2017-05-11 19:00:00,71.7916666666679,-21.6526104033395,-0.435013938783493,-0.434999338291951
2017-05-11 20:00:00,71.8333333333321,-21.254285741744,-0.372193749119806,-0.372179152027336
2017-05-12,72,-17.3470797584416,0.247695437276148,0.247710020695084
2017-05-12 01:00:00,72.0416666666679,-17.5687866532468,0.211744826256785,0.211759406238036
2017-05-12 02:00:00,72.0833333333321,-17.625157696846,0.202132469325443,0.202147045861293
2017-05-12 03:00:00,72.125,-17.4775101658627,0.22502055228323,0.225035125365965
2017-05-12 04:00:00,72.1666666666679,-17.2095547408163,0.267073904226899,0.267088473848807
2017-05-12 05:30:00,72.2291666666679,-17.3480650758364,0.244061155500427,0.244075719916639
2017-05-12 06:30:00,72.2708333333321,-17.0381224215213,0.292803443209145,0.29281800414526
2017-05-12 07:30:00,72.3125,-17.8967155832714,0.155397276990562,0.155411834438874
2017-05-12 08:30:00,72.3541666666679,-17.7233692207792,0.182379951366269,0.182394505319076
2017-05-12 09:30:00,72.3958333333321,-18.5837087588126,0.0446958603731952,0.0447104108227966
2017-05-12 10:30:00,72.4375,-19.1334545141002,-0.0435102814811706,-0.0434957345424732
2017-05-12 11:30:00,72.4791666666679,-19.6523999394444,-0.126809770848443,-0.126795227428346
2017-05-12 12:30:00,72.5208333333321,-20.6375518542593,-0.284376148904893,-0.28436160901109
2017-05-12 13:30:00,72.5625,-20.5218444472222,-0.266574711738967,-0.26656017537915
2017-05-12 14:30:00,72.6041666666679,-21.2116907294444,-0.377098414043441,-0.3770838812253
2017-05-12 15:30:00,72.6458333333321,-20.8746777766667,-0.324042567195644,-0.324028037926867
2017-05-12 16:30:00,72.6875,-20.737138857963,-0.302762936988754,-0.302748411277027
2017-05-12 17:30:00,72.7291666666679,-20.2289351938889,-0.22243600810587,-0.222421485958875
2017-05-12 18:30:00,72.7708333333321,-20.7076963392593,-0.299333138484629,-0.299318619910048
2017-05-12 19:30:00,72.8125,-20.9828073942593,-0.343788523433552,-0.343774008439064
2017-05-12 20:30:00,72.8541666666679,-20.8638111283333,-0.32546218969904,-0.325447678292322
2017-05-12 21:30:00,72.8958333333321,-20.5506037401852,-0.276197744259972,-0.276183236448699
2017-05-13 01:30:00,73.0625,-17.6404916476809,0.18486774836234,0.184882241715129
2017-05-13 02:30:00,73.1041666666679,-17.5328531496283,0.201385633292098,0.201400123011101
2017-05-13 03:30:00,73.1458333333321,-17.2761447248609,0.241650607159414,0.241665093236968
2017-05-13 05:00:00,73.2083333333321,-17.4750370998145,0.209023886219472,0.209038366820492
2017-05-13 06:00:00,73.25,-17.4027453144981,0.219911516757585,0.219925993698012
2017-05-13 07:00:00,73.2916666666679,-17.4166994573284,0.217060253522139,0.21707472679432
2017-05-13 08:00:00,73.3333333333321,-17.2119163680297,0.249054132211941,0.249068601808222
2017-05-13 09:00:00,73.375,-17.0616115490706,0.272369728362513,0.272384194275246
2017-05-13 10:00:00,73.4166666666679,-17.3894107604089,0.21952315600642,0.219537618227957
2017-05-13 11:00:00,73.4583333333321,-17.5306263791822,0.19639962878154,0.196414087304235
2017-05-13 12:00:00,73.5,-17.7867262657356,0.154975101423963,0.154989556240174
2017-05-13 13:00:00,73.5416666666679,-18.1722518387037,0.0929331158755182,0.0929475669776041
2017-05-13 14:00:00,73.5833333333321,-18.2923352153704,0.0731764083520487,0.0731908557323705
2017-05-13 15:00:00,73.625,-18.015018537037,0.116725960364448,0.116740404015369
2017-05-13 16:00:00,73.6666666666679,-17.8449315133333,0.143193898875663,0.14320833878955
2017-05-13 17:00:00,73.7083333333321,-17.5836092411111,0.184195825104159,0.184210261273379
2017-05-13 18:00:00,73.75,-18.0498460404453,0.109297219062768,0.109311651479692
2017-05-13 19:00:00,73.7916666666679,-17.4015194814471,0.211949500557467,0.211963929214468
2017-05-13 20:00:00,73.8333333333321,-17.0599388644444,0.265737082682182,0.265751507571635
2017-05-13 21:00:00,73.875,-15.8313870233333,0.460819963363264,0.460834384477545
2017-05-13 22:00:00,73.9166666666679,-16.2045999766667,0.400740716684981,0.400755134016469
2017-05-13 23:00:00,73.9583333333321,-18.1747179853432,0.086273502880055,0.0862879164211322
2017-05-14 03:00:00,74.125,-20.6956281408537,-0.317811814983574,-0.317797416680279
2017-05-14 03:30:00,74.1458333333321,-21.3957754368984,-0.429658426243971,-0.42964402985396
2017-05-14 04:30:00,74.1875,-24.4409289994083,-0.915378744808068,-0.915364352250328
2017-05-14 05:00:00,74.2083333333321,-24.5637540145946,-0.935257390704806,-0.935243000066054
2017-05-14 05:30:00,74.2291666666679,-26.2069585680473,-1.19733354562881,-1.19731915691094
2017-05-14 06:00:00,74.25,-26.5864432462162,-1.25809818340968,-1.2580837966146
2017-05-14 06:30:00,74.2708333333321,-27.4659467301775,-1.39851613629222,-1.39850175142183
2017-05-14 07:00:00,74.2916666666679,-27.5386026894595,-1.41040266388956,-1.41038828094576
2017-05-14 07:30:00,74.3125,-25.9260591946746,-1.15383567612902,-1.1538212951137
2017-05-14 08:00:00,74.3333333333321,-25.8794999781081,-1.14673106485955,-1.14671668577462
2017-05-14 08:30:00,74.3541666666679,-24.6713905,-0.954590628727681,-0.954576251575041
2017-05-14 09:00:00,74.375,-24.5558432640541,-0.936496100349828,-0.936481725131373
2017-05-14 09:30:00,74.3958333333321,-23.9356627272189,-0.838013088302345,-0.837998715019973
2017-05-14 10:00:00,74.4166666666679,-23.8032330701897,-0.817229101699979,-0.817214730355588
2017-05-14 10:30:00,74.4375,-23.4795680189349,-0.765981141837439,-0.765966772432926
2017-05-14 11:00:00,74.4583333333321,-23.4043459702703,-0.754310291487129,-0.754295924024392
2017-05-14 11:30:00,74.4791666666679,-22.9662722526627,-0.684836872595178,-0.684822507076114
2017-05-14 12:00:00,74.5,-22.9270162210811,-0.678895357666338,-0.678880994092844
2017-05-14 12:30:00,74.5208333333321,-22.601556256213,-0.627361313179323,-0.627346951553296
2017-05-14 13:00:00,74.5416666666679,-22.5543730159459,-0.620156911280507,-0.620142551603842
2017-05-14 13:30:00,74.5625,-22.377775160355,-0.59233663013854,-0.592322272413135
2017-05-14 14:00:00,74.5833333333321,-22.3700783510811,-0.591422367792926,-0.591408012020676
2017-05-14 14:30:00,74.6041666666679,-22.5435680284024,-0.6193712036194,-0.6193568498022
2017-05-14 15:00:00,74.625,-22.5259649576819,-0.616878789464897,-0.616864437604642
2017-05-14 15:30:00,74.6458333333321,-22.1174023319527,-0.552106200112411,-0.552091850210997
2017-05-14 16:00:00,74.6666666666679,-22.0958248304582,-0.548980578854357,-0.548966230913678
2017-05-14 16:30:00,74.6875,-22.9399289751479,-0.683758623679659,-0.683744277701608
2017-05-14 17:00:00,74.7083333333321,-22.9124932509434,-0.679699705756578,-0.67968536174305
2017-05-14 17:30:00,74.7291666666679,-22.8727100207101,-0.673673782439123,-0.673659440392012
2017-05-14 18:00:00,74.75,-22.7996091431267,-0.66234029518925,-0.662325955110449
2017-05-14 18:30:00,74.7708333333321,-22.8025740218935,-0.663124098343272,-0.663109760234675
2017-05-14 19:00:00,74.7916666666679,-22.6774878606469,-0.643509240336229,-0.643494904199728
2017-05-14 19:30:00,74.8125,-22.5125147360947,-0.617540321550782,-0.617525987388269
2017-05-14 20:00:00,74.8333333333321,-22.3667843789757,-0.594636750308599,-0.594622418121967
2017-05-14 20:30:00,74.8541666666679,-22.325289960355,-0.588337999457664,-0.588323669248806
2017-05-14 21:00:00,74.875,-22.3138167342318,-0.586821606885272,-0.586807278656078
2017-05-14 21:30:00,74.8958333333321,-21.7402011609467,-0.495755497516489,-0.495741171268851
2017-05-14 22:00:00,74.9166666666679,-21.7120134811321,-0.491576402127539,-0.491562077863347
2017-05-14 22:30:00,74.9375,-21.6855739508876,-0.48767574895486,-0.487661426676006
2017-05-14 23:00:00,74.9583333333321,-21.6852021830189,-0.48792766965767,-0.487913349366045
2017-05-14 23:30:00,74.9791666666679,-21.8086508094675,-0.507904228319661,-0.507889910017155
2017-05-15,75,-21.6943322570968,-0.490004266105268,-0.48998994979377
2017-05-15 00:30:00,75.0208333333321,-22.2229230532544,-0.574520183123431,-0.574505868804831
2017-05-15 01:00:00,75.0416666666679,-22.2360997487871,-0.576930226132055,-0.576915913808242
2017-05-15 04:30:00,75.1875,-23.6088072326478,-0.797779303029375,-0.797765004721948
2017-05-15 05:00:00,75.2083333333321,-23.668386634,-0.807581013130255,-0.807566716832719
2017-05-15 05:30:00,75.2291666666679,-24.5534087578406,-0.94887629897781,-0.948862004692052
2017-05-15 06:00:00,75.25,-24.6236666206667,-0.960379015948026,-0.960364723675932
2017-05-15 06:30:00,75.2708333333321,-25.2480000025707,-1.06014631915962,-1.06013202890307
2017-05-15 07:00:00,75.2916666666679,-25.488159968,-1.09871448265508,-1.09870019441597
2017-05-15 07:30:00,75.3125,-26.111429311054,-1.19831220380426,-1.19829791758447
2017-05-15 08:00:00,75.3333333333321,-26.275346718,-1.2247347932566,-1.22472050905802
2017-05-15 08:30:00,75.3541666666679,-26.9245244696658,-1.32845966233978,-1.32844538016429
2017-05-15 09:00:00,75.375,-27.0556934,-1.34966531591345,-1.34965103576294
2017-05-15 09:30:00,75.3958333333321,-28.7125578586118,-1.6139153172869,-1.61390103916325
2017-05-15 10:00:00,75.4166666666679,-28.7616333413333,-1.6220433456799,-1.62202906958499
2017-05-15 10:30:00,75.4375,-29.0750927636598,-1.67228788436877,-1.67227361030449
2017-05-15 11:00:00,75.4583333333321,-29.0592932553333,-1.67008119985721,-1.67006692782544
2017-05-15 11:30:00,75.4791666666679,-30.0846649376289,-1.83373378975087,-1.83371951975349
2017-05-15 12:00:00,75.5,-29.994239974,-1.81963913625227,-1.81962486829117
2017-05-15 12:30:00,75.5208333333321,-28.3347506195373,-1.55559136364696,-1.55557709772402
2017-05-15 13:00:00,75.5416666666679,-28.11879338,-1.52149924810123,-1.52148498421833
2017-05-15 13:30:00,75.5625,-27.1709922712082,-1.37082384074493,-1.37080957890396
2017-05-15 14:00:00,75.5833333333321,-27.095019988,-1.35903134783034,-1.35901708803317
2017-05-15 14:30:00,75.6041666666679,-24.9534318609254,-1.01818473434032,-1.01817047658883
2017-05-15 15:00:00,75.625,-24.658579994,-0.971524486219648,-0.97151023051573
2017-05-15 15:30:00,75.6458333333321,-23.1242699442159,-0.727417623225014,-0.727403369570542
2017-05-15 16:00:00,75.6666666666679,-22.8595298205298,-0.68555411605591,-0.685539864452767
2017-05-15 16:30:00,75.6875,-22.0188688742931,-0.551945969602419,-0.551931720052484
2017-05-15 17:00:00,75.7083333333321,-21.9974800266667,-0.548848413187852,-0.548834165693004
2017-05-15 17:30:00,75.7291666666679,-21.997118225964,-0.549100439603164,-0.549086194165284
2017-05-15 18:00:00,75.75,-21.9878212390728,-0.547929043662409,-0.547914800283375
2017-05-15 18:30:00,75.7708333333321,-21.9525706362468,-0.542623177305796,-0.542608935987487
2017-05-15 19:00:00,75.7916666666679,-21.8482914490066,-0.526320967233032,-0.526306727977327
2017-05-15 19:30:00,75.8125,-21.7406041033419,-0.509475794157665,-0.509461556966442
2017-05-15 20:00:00,75.8333333333321,-21.4994171483444,-0.471363996945439,-0.471349761820576
2017-05-15 20:30:00,75.8541666666679,-21.3372905537275,-0.445846530630063,-0.445832297573438
2017-05-15 21:00:00,75.875,-21.3956688410596,-0.455455608535617,-0.455441377549106
2017-05-15 21:30:00,75.8958333333321,-20.9940230879177,-0.391782486966183,-0.391768258051664
2017-05-15 22:00:00,75.9166666666679,-21.0507549887417,-0.401129212107596,-0.401114985266946
2017-05-15 22:30:00,75.9375,-20.4794987375321,-0.310436934694022,-0.310422709929116
2017-05-15 23:00:00,75.9583333333321,-20.3213444370861,-0.285552052037268,-0.285537829349984
2017-05-15 23:30:00,75.9791666666679,-20.1886452573265,-0.264722147049271,-0.264707926441483
2017-05-16,76,-20.17537778,-0.262917756319371,-0.262903537792956
2017-05-16 00:30:00,76.0208333333321,-20.3023136429306,-0.283447816557036,-0.283433600113868
2017-05-16 01:00:00,76.0416666666679,-20.412562881457,-0.301319644236665,-0.301305429878619
2017-05-16 01:30:00,76.0625,-20.4687275048843,-0.310575712675782,-0.310561500404733
2017-05-16 02:00:00,76.0833333333321,-20.5291854145695,-0.320515663238576,-0.320501453056398
2017-05-16 02:30:00,76.1041666666679,-20.3541105570694,-0.292935034189357,-0.292920826097924
2017-05-16 03:00:00,76.125,-20.4224178708955,-0.304125317431813,-0.304111111432999
2017-05-16 06:00:00,76.25,-20.6134990805195,-0.336417092464913,-0.336402899061141
2017-05-16 07:00:00,76.2916666666679,-20.8239591104089,-0.370560658897991,-0.370546469707541
2017-05-16 08:00:00,76.3333333333321,-21.1030965009276,-0.415644410434953,-0.415630225465309
2017-05-16 09:00:00,76.375,-21.2896289500928,-0.445975960799456,-0.445961780058098
2017-05-16 10:00:00,76.4166666666679,-21.3121391384045,-0.450178479643211,-0.450164303137619
2017-05-16 11:00:00,76.4583333333321,-21.1630111562152,-0.427038746800796,-0.427024574538445
2017-05-16 12:00:00,76.5,-21.5293847343866,-0.486018612121073,-0.486004444109437
2017-05-16 13:00:00,76.5416666666679,-21.7351336326531,-0.519410682045624,-0.519396518292173
2017-05-16 14:00:00,76.5833333333321,-21.5269072411874,-0.486856023065601,-0.486841863577805
2017-05-16 15:00:00,76.625,-21.7481150615955,-0.522710371181996,-0.52269621596732
2017-05-16 16:00:00,76.6666666666679,-22.2043413654917,-0.596003161615375,-0.595989010681283
2017-05-16 17:00:00,76.7083333333321,-22.4942722801852,-0.642804807346628,-0.642790660700581
2017-05-16 18:00:00,76.75,-22.4532666572222,-0.636887855457089,-0.636873713106546
2017-05-16 19:00:00,76.7916666666679,-21.704938877037,-0.51829380746469,-0.518279669417106
2017-05-16 21:00:00,76.875,-21.3182634439703,-0.457925824714827,-0.457911695295521
2017-05-17 12:30:00,77.5208333333321,-19.1409798010101,-0.12058957072593,-0.120575509184411
2017-05-17 13:00:00,77.5416666666679,-19.3337129722096,-0.151598065720154,-0.151584006397928
2017-05-17 14:00:00,77.5833333333321,-17.3750288692308,0.159809918167238,0.159823973045323
2017-05-17 14:30:00,77.6041666666679,-17.1542866956422,0.194668473919039,0.194682526572276
2017-05-17 15:00:00,77.625,-15.872403825,0.398567545376359,0.398581595802898
2017-05-17 15:30:00,77.6458333333321,-15.5789770706422,0.445004895546498,0.445018943744489
2017-05-17 16:00:00,77.6666666666679,-13.9992232912621,0.696355104466757,0.696369150434348
2017-05-17 16:30:00,77.6875,-13.9945091752294,0.696800413951293,0.696814457686635
2017-05-17 17:00:00,77.7083333333321,-13.2707403903846,0.811791690540262,0.811805732041506
2017-05-17 17:30:00,77.7291666666679,-13.2620435850917,0.812871534343848,0.812885573609143
2017-05-17 18:00:00,77.75,-12.9830388475728,0.857011669512142,0.857025706539641
2017-05-17 18:30:00,77.7708333333321,-13.1161441487414,0.835502425653449,0.835516460441303
2017-05-17 19:00:00,77.7916666666679,-13.3876862803922,0.79194014044421,0.791954172990569
2017-05-17 19:30:00,77.8125,-13.3213295201373,0.802205434895432,0.80221946519845
2017-05-17 20:00:00,77.8333333333321,-13.3958058456311,0.790035962898095,0.790049990955923
2017-05-17 20:30:00,77.8541666666679,-13.499878724714,0.773151783555294,0.773165809366086
2017-05-17 21:00:00,77.875,-13.3826698417476,0.791517991868189,0.791532015430097
2017-05-17 21:30:00,77.8958333333321,-13.5473020462243,0.764986758413932,0.765000779725108
2017-05-17 22:00:00,77.9166666666679,-13.4139417815534,0.785925983152672,0.785940002211272
2017-05-17 22:30:00,77.9375,-13.7025697826087,0.739642220551139,0.739656237355316
2017-05-17 23:00:00,77.9583333333321,-13.3815728650485,0.790472188117487,0.790486202665395
2017-05-17 23:30:00,77.9791666666679,-13.7986032162844,0.723733929387262,0.723747941677056
2017-05-18,78,-13.1597572446602,0.825197568496065,0.825211578525901
2017-05-18 00:30:00,78.0208333333321,-13.3500251629291,0.794582817554153,0.794596825322186
2017-05-18 01:00:00,78.0416666666679,-12.1413535858586,0.986820173062445,0.986834178566829
2017-05-18 01:30:00,78.0625,-12.4729770777523,0.933687468553382,0.933701471792274
2017-05-18 02:00:00,78.0833333333321,-11.632101030303,1.06733482376571,1.06734882473727
2017-05-18 02:30:00,78.1041666666679,-11.8743043487414,1.02844690727077,1.02846090597315
2017-05-18 03:00:00,78.125,-11.4032929292929,1.10317465349286,1.10318864992422
2017-05-18 03:30:00,78.1458333333321,-11.7411441572082,1.04905004730534,1.04906404146383
2017-05-18 04:00:00,78.1666666666679,-11.2150306244898,1.13255569026423,1.13256968214801
2017-05-18 04:30:00,78.1875,-11.7028830316514,1.05453587982447,1.0545498694317
2017-05-18 05:00:00,78.2083333333321,-11.3993029939394,1.10259186887618,1.10260585620502
2017-05-18 05:30:00,78.2291666666679,-11.8093844347826,1.0369611198975,1.03697510494611
2017-05-18 06:00:00,78.25,-11.3577070616162,1.10860921134785,1.10862319411438
2017-05-18 06:30:00,78.2708333333321,-11.7885057167048,1.03967828644176,1.03969226692438
2017-05-18 07:00:00,78.2916666666679,-11.377030279798,1.10492227190174,1.1049362500986
2017-05-18 07:30:00,78.3125,-11.7566086977117,1.04415085864287,1.04416483455214
2017-05-18 08:00:00,78.3333333333321,-11.4155959959596,1.09817017137987,1.0981841449997
2017-05-18 08:30:00,78.3541666666679,-11.8998558366133,1.02072302409047,1.02073699541904
2017-05-18 09:00:00,78.375,-11.4828384282828,1.08685003239593,1.08686400143138
2017-05-18 09:30:00,78.3958333333321,-11.9233089281465,1.01637864996142,1.01639261670192
2017-05-18 10:00:00,78.4166666666679,-11.5412222868687,1.07694125376592,1.07695521820962
2017-05-18 10:30:00,78.4375,-11.986153309611,1.00575939857979,1.00577336072487
2017-05-18 11:00:00,78.4583333333321,-11.2836161505051,1.11737009068065,1.11738405052526
2017-05-18 11:30:00,78.4791666666679,-11.2913684347826,1.11583121283156,1.11584517037387
2017-05-18 12:00:00,78.5,-11.0318686585859,1.15686582519926,1.15687978043743
2017-05-18 12:30:00,78.5208333333321,-10.9508535485126,1.16946774874672,1.16948170167891
2017-05-18 13:30:00,78.5625,-11.702060640404,1.04919237770069,1.04920632601542
2017-05-18 14:00:00,78.5833333333321,-11.8312242514874,1.02831281912683,1.02832676513007
2017-05-18 14:30:00,78.6041666666679,-11.6170202252525,1.06213201674872,1.06214596043864
2017-05-18 15:00:00,78.625,-11.6078146352403,1.06329486322117,1.06330880459593
2017-05-18 15:30:00,78.6458333333321,-12.0137475434343,0.998325896540381,0.998339835598153
2017-05-18 16:00:00,78.6666666666679,-12.1085446080092,0.982921138402559,0.982935075141507
2017-05-18 16:30:00,78.6875,-12.2718787505051,0.956598421126431,0.956612355544719
2017-05-18 17:00:00,78.7083333333321,-12.4323264833333,0.930735557363816,0.930749489459611
2017-05-18 17:30:00,78.7291666666679,-12.7977980363636,0.87221229896008,0.872226228731549
2017-05-18 18:00:00,78.75,-12.8838493002283,0.858200938766205,0.858214866211514
2017-05-18 18:30:00,78.7708333333321,-13.0213333505051,0.835996345449807,0.836010270567123
2017-05-18 19:00:00,78.7916666666679,-13.0955799041096,0.823865577089839,0.823879499877331
2017-05-18 19:30:00,78.8125,-12.8229999222222,0.866984570265448,0.866998490721283
2017-05-18 20:00:00,78.8333333333321,-12.8544485118993,0.861671641352288,0.861685559474634
2017-05-18 20:30:00,78.8541666666679,-12.3542727575758,0.941046897006529,0.941060812793555
2017-05-18 21:00:00,78.875,-12.3965491867277,0.934009178891895,0.93402309234177
2017-05-18 21:30:00,78.8958333333321,-12.3748383393939,0.937164726388074,0.937178637498967
2017-05-18 22:00:00,78.9166666666679,-12.3446864990847,0.941664976876595,0.941678885646677
2017-05-18 22:30:00,78.9375,-12.5326464616162,0.911419908125474,0.911433814552913
2017-05-18 23:00:00,78.9583333333321,-12.8053089132723,0.867681719184386,0.867695623267354
2017-05-18 23:30:00,78.9791666666679,-11.5058484838384,1.07438387555507,1.07439777729174
2017-05-19,79,-11.7050771271277,1.042343838594,1.04235773798254
2017-05-19 00:30:00,79.0208333333321,-10.8746364010101,1.1743309149673,1.17434481200588
2017-05-19 01:00:00,79.0416666666679,-11.0254520518265,1.15000319628933,1.15001709097612
2017-05-19 01:30:00,79.0625,-12.8327575494949,0.8617955083109,0.861809400644075
2017-05-19 02:00:00,79.0833333333321,-12.2270481736239,0.957982861147228,0.957996751124961
2017-05-19 02:30:00,79.1041666666679,-10.8459596333333,1.17768871609963,1.17770260372009
2017-05-19 03:00:00,79.125,-10.6312420155251,1.21159089676501,1.21160478202637
2017-05-19 03:30:00,79.1458333333321,-10.4908283242424,1.2336564560425,1.23367033894294
2017-05-19 04:00:00,79.1666666666679,-10.3967853987215,1.24833516644187,1.24834904697956
2017-05-19 04:30:00,79.1875,-10.4429387704082,1.24068055379377,1.24069443196689
2017-05-19 05:00:00,79.2083333333321,-10.3353333391096,1.25751987566156,1.25753375146828
2017-05-19 05:30:00,79.2291666666679,-10.3631224402041,1.25279079912562,1.25280467256411
2017-05-19 06:00:00,79.25,-10.3190776090183,1.25950496673527,1.25951883780371
2017-05-19 06:30:00,79.2708333333321,-10.5568282484848,1.22132896193411,1.22134283063067
2017-05-19 07:00:00,79.2916666666679,-10.5566643580822,1.22105295923502,1.22106682555788
2017-05-19 07:30:00,79.3125,-10.7060605686869,1.19695197308408,1.19696583703141
2017-05-19 08:00:00,79.3333333333321,-10.7141438447489,1.19536228594451,1.1953761475145
2017-05-19 08:30:00,79.3541666666679,-10.8614747323232,1.17159040237639,1.1716042615672
2017-05-19 09:00:00,79.375,-10.8368100819222,1.17521757855008,1.1752314353599
2017-05-19 09:30:00,79.3958333333321,-10.8657245428571,1.17030961167052,1.17032346609752
2017-05-19 10:00:00,79.4166666666679,-10.901821906621,1.1642574509468,1.16427130298917
2017-05-19 10:30:00,79.4375,-10.6988686909091,1.19628626611034,1.19630011576625
2017-05-19 11:00:00,79.4583333333321,-10.7413652984018,1.18921479682282,1.18922864409045
2017-05-19 11:30:00,79.4791666666679,-10.224373720101,1.27127024317487,1.27128408805239
2017-05-19 12:00:00,79.5,-9.99748174324201,1.30711266357277,1.30712650605837
2017-05-19 13:00:00,79.5416666666679,-10.3560707253535,1.24938605890651,1.2493998966028
2017-05-19 13:30:00,79.5625,-10.1490252469037,1.28206706174988,1.28208089704879
2017-05-19 14:00:00,79.5833333333321,-11.8726464464646,1.00719153112682,1.00720536402652
2017-05-19 14:30:00,79.6041666666679,-11.6529542594966,1.04188725975085,1.04190109024953
2017-05-19 15:00:00,79.625,-11.4341110828283,1.07644778852356,1.0764616166194
2017-05-19 15:30:00,79.6458333333321,-11.6598302807339,1.04018926147161,1.04020308716278
2017-05-19 16:00:00,79.6666666666679,-13.1779899414141,0.798044093279065,0.798057916563761
2017-05-19 16:30:00,79.6875,-13.1485285858124,0.802436107141213,0.802449928017613
2017-05-19 17:00:00,79.7083333333321,-13.1854490030612,0.796253505401563,0.79626732386785
2017-05-19 17:30:00,79.7291666666679,-12.9274474835616,0.837052227229838,0.837066043284194
2017-05-19 18:00:00,79.75,-13.6290505343434,0.724985303594811,0.724999117235421
2017-05-19 18:30:00,79.7708333333321,-13.3322092151724,0.771971329960178,0.771985141185225
2017-05-19 19:00:00,79.7916666666679,-13.8660909242424,0.686622632686668,0.686636441494336
2017-05-19 19:30:00,79.8125,-13.4054497700913,0.759702186666033,0.759715993054506
2017-05-19 20:00:00,79.8333333333321,-14.1657474787879,0.638285355777826,0.638299159745289
2017-05-19 20:30:00,79.8541666666679,-14.2074178148402,0.631346427412315,0.631360228956954
2017-05-19 21:00:00,79.875,-14.6099091050505,0.566928511761499,0.566942310881498
2017-05-19 21:30:00,79.8958333333321,-14.5103812949772,0.582482646132534,0.58249644282608
2017-05-19 22:00:00,79.9166666666679,-16.221282889899,0.309634131168863,0.309647925434142
2017-05-19 22:30:00,79.9375,-16.2021735522831,0.312377642720314,0.312391434555512
2017-05-19 23:00:00,79.9583333333321,-15.5737171828283,0.412190620603832,0.412204410007136
2017-05-19 23:30:00,79.9791666666679,-15.4132785244292,0.43744809141668,0.437461878386276
2017-05-20,80,-16.8529293969697,0.207810205297523,0.207823989831601
2017-05-20 00:30:00,80.0208333333321,-16.5040114376712,0.263092661052395,0.263106443149142
2017-05-20 01:00:00,80.0416666666679,-16.7865858939394,0.217777972602483,0.217791752260086
2017-05-20 01:30:00,80.0625,-16.5911050493151,0.248617884114782,0.24863166133143
2017-05-20 02:00:00,80.0833333333321,-17.6533332808081,0.0791038899714958,0.0791176647453782
2017-05-20 02:30:00,80.1041666666679,-17.4914474589041,0.104592188284015,0.104605960613321
2017-05-20 03:00:00,80.125,-18.4881514959596,-0.0544836568569907,-0.0544698869740711
2017-05-20 03:30:00,80.1458333333321,-18.4896484018265,-0.0550222457526912,-0.0550084783179684
2017-05-20 04:00:00,80.1666666666679,-18.6203333858586,-0.0761405387213822,-0.0761267737366658
2017-05-20 04:30:00,80.1875,-18.5463196570776,-0.0646501313220501,-0.0646363687891492
2017-05-20 05:00:00,80.2083333333321,-18.6850404636364,-0.0870484382499865,-0.0870346781707105
2017-05-20 05:30:00,80.2291666666679,-18.6659543376712,-0.0843079388426051,-0.0842941812187621
2017-05-20 06:00:00,80.25,-18.7932323262626,-0.104883298225674,-0.104869543059072
2017-05-20 06:30:00,80.2708333333321,-18.4728812394977,-0.0541509767328476,-0.0541372240252957
2017-05-20 07:00:00,80.2916666666679,-18.6931111313131,-0.0895335421049134,-0.0895197918582181
2017-05-20 07:30:00,80.3125,-18.5390046995305,-0.0652840142551859,-0.0652702664711547
2017-05-20 08:00:00,80.3333333333321,-18.195505159596,-0.0108639795285628,-0.0108502342090028
2017-05-20 08:30:00,80.3541666666679,-18.1585995128146,-0.00528452163298992,-0.00527077877970722
2017-05-20 09:00:00,80.375,-18.9925455434343,-0.13843230878622,-0.138418568401021
2017-05-20 09:30:00,80.3958333333321,-18.7464794844749,-0.0995333487587218,-0.0995196108434119
2017-05-20 10:00:00,80.4166666666679,-19.8190808191919,-0.270698997320624,-0.270685261877008
2017-05-20 10:30:00,80.4375,-19.404289926484,-0.204921951547282,-0.204908218577166
2017-05-20 11:00:00,80.4583333333321,-20.9891615787879,-0.457692528541771,-0.45767879804696
2017-05-20 11:30:00,80.4791666666679,-20.6639977089041,-0.406193032242566,-0.406179304224864
2017-05-20 12:30:00,80.5208333333321,-22.0892929333333,-0.633842111929755,-0.633828388871682
2017-05-20 13:00:00,80.5416666666679,-21.9099383413242,-0.605569988539839,-0.605556267964285
2017-05-20 13:30:00,80.5625,-22.2129091222222,-0.654132591901835,-0.654118873810605
2017-05-20 14:00:00,80.5833333333321,-22.0449931243119,-0.627682545032068,-0.627668829426963
2017-05-20 14:30:00,80.6041666666679,-21.9279495161616,-0.609336456300709,-0.609322743183531
2017-05-20 15:00:00,80.625,-22.0301990858124,-0.625923877559842,-0.625910166932394
2017-05-20 15:30:00,80.6458333333321,-21.6931937887755,-0.572537634677605,-0.572523926541687
2017-05-20 16:00:00,80.6666666666679,-21.6134338614155,-0.560130712996253,-0.560117007353667
2017-05-20 16:30:00,80.6875,-21.1333332868687,-0.483949190071935,-0.483935486924481
2017-05-20 17:00:00,80.7083333333321,-21.051995420595,-0.471290801440251,-0.471277100789731
2017-05-20 17:30:00,80.7291666666679,-20.9652550928571,-0.457771746702411,-0.457758048550624
2017-05-20 18:00:00,80.75,-20.8220273177677,-0.435254151062216,-0.435240455410962
2017-05-20 18:30:00,80.7708333333321,-21.268367377551,-0.506655082618806,-0.506641389469884
2017-05-20 19:00:00,80.7916666666679,-20.6783812826484,-0.412968466913431,-0.41295477626864
2017-05-20 19:30:00,80.8125,-21.6794646868687,-0.572740309128715,-0.572726620989854
2017-05-20 20:00:00,80.8333333333321,-21.5688219214612,-0.555413327743432,-0.5553996421123
2017-05-20 20:30:00,80.8541666666679,-21.2970606121212,-0.512419996808546,-0.512406313686939
2017-05-20 21:00:00,80.875,-21.0145990895216,-0.467722063852685,-0.467708383242402
2017-05-20 21:30:00,80.8958333333321,-19.6679693326531,-0.253501320269676,-0.253487642172514
2017-05-20 22:00:00,80.9166666666679,-19.1935570828767,-0.178225398385211,-0.178211722802967
2017-05-20 22:30:00,80.9375,-19.2316428755102,-0.18459073037713,-0.1845770573116
2017-05-20 23:00:00,80.9583333333321,-18.5249544421412,-0.072312945386942,-0.0722992748399215
2017-05-20 23:30:00,80.9791666666679,-17.9628061602041,0.0169395407832246,0.0169532088099393
2017-05-21,81,-17.1943297805851,0.139060290990277,0.13907395649489
2017-05-21 00:30:00,81.0208333333321,-17.8455556282828,0.0350215125188163,0.0350351754995329
2017-05-21 01:00:00,81.0416666666679,-17.4824725947489,0.0925629143730075,0.0925765748280334
2017-05-21 01:30:00,81.0625,-18.9630405191919,-0.143590548128025,-0.143576890200485
2017-05-21 02:00:00,81.0833333333321,-18.1935444455581,-0.0213071570277355,-0.0212935016294745
2017-05-21 02:30:00,81.1041666666679,-19.5856969393939,-0.243375876643606,-0.243362223776418
2017-05-21 03:00:00,81.125,-19.0255603063781,-0.154443492361517,-0.154429842027195
2017-05-21 03:30:00,81.1458333333321,-19.9878282858586,-0.308031199880365,-0.308017552080702
2017-05-21 04:00:00,81.1666666666679,-19.4522922191781,-0.223017601559679,-0.223003956296468
2017-05-21 04:30:00,81.1875,-19.1122828141414,-0.169151489189464,-0.169137846464496
2017-05-21 05:00:00,81.2083333333321,-18.9019680089041,-0.135945768235414,-0.135932128050482
2017-05-21 05:30:00,81.2291666666679,-17.8195050969697,0.0361938204145689,0.0362074580576744
2017-05-21 06:00:00,81.25,-17.5757722243736,0.0747231655207122,0.0747368006202002
2017-05-21 06:30:00,81.2708333333321,-17.8991111979798,0.0229176114179394,0.0229312439720188
2017-05-21 07:00:00,81.2916666666679,-17.3541798920273,0.10942818449118,0.109441814498061
2017-05-21 07:30:00,81.3125,-17.4570302676768,0.0927467239763705,0.0927603514342622
2017-05-21 08:00:00,81.3333333333321,-17.158316622779,0.140034750139291,0.140048375046405
2017-05-21 08:30:00,81.3541666666679,-19.0760505363636,-0.165758852384718,-0.165745230030173
2017-05-21 09:00:00,81.375,-18.3287031810502,-0.0470030529552244,-0.046989433155035
2017-05-21 09:30:00,81.3958333333321,-19.5804344121212,-0.246701849546682,-0.246688232302637
2017-05-21 10:00:00,81.4166666666679,-19.2404396277904,-0.192837503023388,-0.192823888337276
2017-05-21 10:30:00,81.4375,-20.182535359596,-0.343211040485844,-0.343197428359454
2017-05-21 11:00:00,81.4583333333321,-20.0826872422374,-0.327602126720111,-0.327588517155228
2017-05-21 12:00:00,81.5,-22.3319495565657,-0.686504991543991,-0.686491387107486
2017-05-21 12:30:00,81.5208333333321,-21.816486319863,-0.604688137623416,-0.604674535753779
2017-05-21 13:00:00,81.5416666666679,-21.8514041161616,-0.610547323946421,-0.610533724645438
2017-05-21 13:30:00,81.5625,-21.9840893025172,-0.631980873710568,-0.631967276980025
2017-05-21 14:00:00,81.5833333333321,-20.8512827757576,-0.451820637540829,-0.45180704338251
2017-05-21 14:30:00,81.6041666666679,-20.5410364079727,-0.402694770770709,-0.402681179186401
2017-05-21 15:00:00,81.625,-18.9271939734694,-0.145905067231792,-0.145891478223278
2017-05-21 15:30:00,81.6458333333321,-18.8834009542141,-0.13922530570578,-0.139211719274844
2017-05-21 16:00:00,81.6666666666679,-18.2258081323232,-0.0347667451403555,-0.0347531612887816
2017-05-21 16:30:00,81.6875,-18.0862374098174,-0.0128294233031752,-0.0128158420327465
2017-05-21 17:00:00,81.7083333333321,-18.3639795734694,-0.0573702905211532,-0.0573567118336527
2017-05-21 17:30:00,81.7291666666679,-17.8861617136674,0.0184501458942048,0.0184637219969941
2017-05-21 18:00:00,81.75,-17.552828279798,0.0712541620108529,0.0712677355271492
2017-05-21 18:30:00,81.7708333333321,-17.4181047323462,0.092419533332725,0.0924331042607459
2017-05-21 19:00:00,81.7916666666679,-17.3818571653061,0.0978976626813886,0.0979112310193528
2017-05-21 19:30:00,81.8125,-17.1968587444191,0.12707196146363,0.127085527209757
2017-05-21 20:00:00,81.8333333333321,-17.172555520202,0.130647452736063,0.130661015888571
2017-05-21 20:30:00,81.8541666666679,-17.2348974883827,0.120420355134162,0.120433915691271
2017-05-21 21:00:00,81.875,-16.9607475555556,0.163796710054448,0.163810268014378
2017-05-21 21:30:00,81.8958333333321,-16.6925684940639,0.206221953172411,0.206235508533382
2017-05-21 22:00:00,81.9166666666679,-15.7891632479592,0.349839233745801,0.349852786506034
2017-05-21 22:30:00,81.9375,-15.8497312182232,0.339894944428686,0.339908494586403
2017-05-21 23:00:00,81.9583333333321,-14.6799495,0.525946292092603,0.525959839646024
2017-05-21 23:30:00,81.9791666666679,-14.3585672031891,0.576847058068724,0.576860603016071
2017-05-22,82,-13.4761616222222,0.717119286582875,0.717132828922372
2017-05-22 00:30:00,82.0208333333321,-13.2650182234624,0.750459022274898,0.750472562004766
2017-05-22 01:00:00,82.0416666666679,-16.1880706555556,0.284519174910646,0.284532712029108
2017-05-22 01:30:00,82.0625,-17.6607790710706,0.0496202183924485,0.0496337528977276
2017-05-22 02:00:00,82.0833333333321,-20.0097245581633,-0.324863877188578,-0.324850345298258
2017-05-22 02:30:00,82.1041666666679,-20.0061187383562,-0.324584815771274,-0.324571286497688
2017-05-22 03:00:00,82.125,-20.7461110525253,-0.442761415795703,-0.442747889140628
2017-05-22 03:30:00,82.1458333333321,-21.1839517961009,-0.512805001980519,-0.512791477945729
2017-05-22 04:00:00,82.1666666666679,-19.4548788343434,-0.237657633641959,-0.23764411222923
2017-05-22 04:30:00,82.1875,-17.5698792933941,0.0623290029874651,0.0623425217763594
2017-05-22 05:00:00,82.2083333333321,-13.5962120737374,0.695041946258924,0.695055462422209
2017-05-22 05:30:00,82.2291666666679,-13.5223507965831,0.706513068914554,0.706526582450457
2017-05-22 09:00:00,82.375,-14.2778889131313,0.584091569642648,0.584105064737239
2017-05-22 09:30:00,82.3958333333321,-14.272535318451,0.584649793877583,0.584663286330616
2017-05-22 10:00:00,82.4166666666679,-14.0530202343434,0.619324149634868,0.619337639444572
2017-05-22 10:30:00,82.4375,-13.9942232218679,0.628396054982048,0.628409542146652
2017-05-22 11:30:00,82.4791666666679,-13.7197070757576,0.671537831622312,0.67155131349141
2017-05-22 12:00:00,82.5,-13.6981594558087,0.674676042103397,0.674689521322089
2017-05-22 12:30:00,82.5208333333321,-13.3414242727273,0.73120992432352,0.731223400890037
2017-05-22 13:00:00,82.5416666666679,-13.2711389626424,0.742112190515238,0.74212566442781
2017-05-22 13:30:00,82.5625,-13.1119292454545,0.767180231783287,0.767193703040149
2017-05-22 14:00:00,82.5833333333321,-12.9554009186788,0.791821179158518,0.791834647757903
2017-05-22 14:30:00,82.6041666666679,-12.6149191646465,0.845766092504751,0.84577955844489
2017-05-22 15:00:00,82.625,-12.5872727390909,0.849876168060104,0.849889631339231
2017-05-22 15:30:00,82.6458333333321,-12.1396230675781,0.920893114464987,0.920906575081336
2017-05-22 16:30:00,82.6875,-11.9001892296846,0.958447324655477,0.958460779940973
2017-05-22 17:30:00,82.7291666666679,-12.0261910864564,0.937787582509187,0.937801032456771
2017-05-22 18:30:00,82.7708333333321,-12.0052819907236,0.94053107535075,0.940544519953363
2017-05-22 19:30:00,82.8125,-12.2904694046382,0.89451339103563,0.894526830286219
2017-05-22 20:30:00,82.8541666666679,-11.9449332057514,0.948970644834133,0.948984078725647
2017-05-22 21:30:00,82.8958333333321,-11.8766827387755,0.95925629955986,0.959269728085251
2017-05-22 22:30:00,82.9375,-12.4020426786642,0.874979608743837,0.87499303189606
2017-05-22 23:30:00,82.9791666666679,-13.4664527211503,0.704832068145988,0.704845485918001
2017-05-23 00:30:00,83.0208333333321,-14.2540520317844,0.578780892018876,0.57879430440364
2017-05-23 01:30:00,83.0625,-14.2802830599628,0.574016444744775,0.574029851735254
2017-05-23 02:30:00,83.1041666666679,-14.2332100392193,0.580929602522948,0.580943004112109
2017-05-23 03:30:00,83.1458333333321,-14.1609517469388,0.59185501002996,0.591868406210774
2017-05-23 04:30:00,83.1875,-14.1152048560521,0.598557350624841,0.598570741390283
2017-05-23 05:30:00,83.2291666666679,-14.1559013018622,0.591489424485754,0.591502809828798
2017-05-23 06:30:00,83.2708333333321,-14.1340353126394,0.594387957830509,0.594401337744136
2017-05-23 07:30:00,83.3125,-14.1867788007435,0.585401367295105,0.585414741772296
2017-05-23 08:30:00,83.3541666666679,-14.3289350599258,0.562171477906033,0.562184846939775
2017-05-23 09:30:00,83.3958333333321,-14.5146375479554,0.532004862917048,0.53201822650033
2017-05-23 11:00:00,83.4583333333321,-14.602314609176,0.517162143229908,0.51717549862436
2017-05-23 12:00:00,83.5,-14.9439286986867,0.462159249453478,0.462172599379955
2017-05-23 13:00:00,83.5416666666679,-15.7013170746717,0.340923435545809,0.34093677999731
2017-05-23 14:00:00,83.5833333333321,-17.5443489896811,0.04674405117793,0.0467573901474594
2017-05-23 15:00:00,83.625,-19.5888495986842,-0.279529218695743,-0.27951588521518
2017-05-23 16:00:00,83.6666666666679,-17.2263780370577,0.096231549206648,0.0962448771912531
2017-05-23 17:00:00,83.7083333333321,-18.1100514141975,-0.0451206693545554,-0.0451073468728957
2017-05-24 16:00:00,84.6666666666679,-16.3908314996416,0.215418637251828,0.21543183124429
2017-05-24 16:30:00,84.6875,-16.4797181772201,0.200970397137927,0.200983588296396
2017-05-24 17:30:00,84.7291666666679,-17.1129187466431,0.0995242082345378,0.0995373937198397
2017-05-24 18:00:00,84.75,-17.31107425625,0.0676695371785209,0.0676827198246484
2017-05-24 18:30:00,84.7708333333321,-18.1702508448763,-0.0694862067035413,-0.0694730268983142
2017-05-24 19:00:00,84.7916666666679,-18.2368398757812,-0.0803821287753299,-0.0803689518127292
2017-05-24 19:30:00,84.8125,-17.7688978869718,-0.00612681991471076,-0.00611364579646234
2017-05-24 20:00:00,84.8333333333321,-17.4625624480469,0.0423845076096392,0.0423976788818103
2017-05-24 20:30:00,84.8541666666679,-17.7228410067138,0.000633877991518317,0.000647046415887309
2017-05-24 21:00:00,84.875,-17.7575546558594,-0.0051840427281461,-0.005170877153304
2017-05-24 21:30:00,84.8958333333321,-16.6925669038732,0.164181313269747,0.164194475993339
2017-05-24 22:00:00,84.9166666666679,-16.2385313234375,0.236221609439677,0.236234769310294
2017-05-24 22:30:00,84.9375,-15.9279260366197,0.285413415070187,0.285426572086107
2017-05-24 23:00:00,84.9583333333321,-15.4675411862745,0.358465269972733,0.358478424132232
2017-05-24 23:30:00,84.9791666666679,-15.6585070876761,0.327756542463388,0.327769693764744
2017-05-25,85,-15.5499025835897,0.344769652466585,0.344782800908076
2017-05-25 00:30:00,85.0208333333321,-15.1027781496479,0.415709287084676,0.415722432664581
2017-05-25 01:00:00,85.0416666666679,-15.1433464637795,0.40895917633867,0.408972319055268
2017-05-25 01:30:00,85.0625,-14.9319084605634,0.442353909985151,0.44236704983672
2017-05-25 02:00:00,85.0833333333321,-15.0202851539063,0.427988006207491,0.428001143192311
2017-05-25 02:30:00,85.1041666666679,-15.9575985690141,0.278385934017823,0.278399068134175
2017-05-25 03:00:00,85.125,-15.8825937636719,0.290046935823586,0.290060067069749
2017-05-25 03:30:00,85.1458333333321,-16.3183024427046,0.220350972705755,0.22036410108001
2017-05-25 04:00:00,85.1666666666679,-16.3317108832031,0.217927797503595,0.217940923004224
2017-05-25 04:30:00,85.1875,-16.170080946831,0.243388418994637,0.243401541619921
2017-05-25 05:00:00,85.2083333333321,-16.0475354401575,0.262622921114362,0.262636040862584
2017-05-25 05:30:00,85.2291666666679,-15.7223510539007,0.314137999806571,0.314151116676012
2017-05-25 06:00:00,85.25,-15.7177215686275,0.314588511983129,0.314601625972072
2017-05-25 06:30:00,85.2708333333321,-15.9966372894366,0.269870128526124,0.269883239632853
2017-05-25 07:00:00,85.2916666666679,-15.9788398640625,0.272418419647924,0.272431527870723
2017-05-25 07:30:00,85.3125,-16.5909646939929,0.174619703743348,0.1746328090805
2017-05-25 08:00:00,85.3333333333321,-16.2350546617187,0.231029691588108,0.231042794037898
2017-05-25 08:30:00,85.3541666666679,-17.865809825,-0.0290374474472856,-0.0290243478865733
2017-05-25 09:00:00,85.375,-17.6976314019608,-0.00253312213769419,-0.0025200254677738
2017-06-05 20:00:00,96.8333333333321,-15.9996592258427,0.120173632370435,0.120184891413124
2017-06-05 20:30:00,96.8541666666679,-16.0101666151852,0.118250775096138,0.118262030370793
2017-06-05 21:00:00,96.875,-16.1514758286245,0.0954911712825531,0.0955024227877137
2017-06-05 21:30:00,96.8958333333321,-16.064222247037,0.109141861594308,0.109153109328515
2017-06-05 22:00:00,96.9166666666679,-16.067795532342,0.108323844679728,0.108335088641523
2017-06-05 22:30:00,96.9375,-16.1446654104089,0.0958297057671372,0.0958409459550625
2017-06-05 23:00:00,96.9583333333321,-16.253944227881,0.0781728772869106,0.0781841136995081
2017-06-05 23:30:00,96.9791666666679,-16.2383680457249,0.0804056171416329,0.0804168497774463
2017-06-06,97,-16.9835724535316,-0.0385544569446857,-0.038543228087113
2017-06-06 00:30:00,97.0208333333321,-16.9909519192593,-0.039978412764039,-0.039967187686163
2017-06-06 01:00:00,97.0416666666679,-17.2902973832714,-0.0879126829857996,-0.0879014616890754
2017-06-06 01:30:00,97.0625,-17.2480815122222,-0.0814359106496599,-0.0814246931355426
2017-06-06 02:00:00,97.0833333333321,-17.2302341163569,-0.078840975993853,-0.078829762263797
2017-06-06 02:30:00,97.1041666666679,-17.104237067037,-0.0590176463954205,-0.0590064364508794
2017-06-06 03:00:00,97.125,-17.7561040828996,-0.163108540357672,-0.163097334200099
2017-06-06 03:30:00,97.1458333333321,-17.7163321070111,-0.157020770754384,-0.157009568385233
2017-06-06 04:00:00,97.1666666666679,-18.1976208420074,-0.233938266793849,-0.233927068214571
2017-06-06 04:30:00,97.1875,-18.1231365498155,-0.222320644450552,-0.222309449662599
2017-06-06 05:00:00,97.2083333333321,-18.7135167315985,-0.316616329910636,-0.31660513891546
2017-06-06 05:30:00,97.2291666666679,-18.7252545948339,-0.318733802468316,-0.318722615267367
2017-06-06 06:00:00,97.25,-19.5795167107807,-0.455065912476442,-0.455054729071171
2017-06-06 06:30:00,97.2708333333321,-19.5825055405904,-0.455789501556211,-0.455778321948067
2017-06-06 07:00:00,97.2916666666679,-20.0545464472119,-0.531233343514458,-0.53122216770489
2017-06-06 07:30:00,97.3125,-20.0704021671587,-0.534006481060061,-0.533995309050518
2017-06-06 08:00:00,97.3333333333321,-20.175654263197,-0.55102044698932,-0.551009278781251
2017-06-06 08:30:00,97.3541666666679,-20.1318155306273,-0.544284059136076,-0.544272894730927
2017-06-06 09:00:00,97.375,-19.6836245672862,-0.473133993690998,-0.473122833090217
2017-06-06 09:30:00,97.3958333333321,-19.6430553487085,-0.466918285171751,-0.466907128376784
2017-06-06 10:00:00,97.4166666666679,-19.2780558074349,-0.409020516067043,-0.409009363079337
2017-06-06 10:30:00,97.4375,-19.214110698524,-0.39908085480508,-0.39906970562608
2017-06-06 11:00:00,97.4583333333321,-18.6754477328358,-0.313518221317849,-0.313507075949
2017-06-06 11:30:00,97.4791666666679,-18.6868708911439,-0.315584622048532,-0.315573480491278
2017-06-06 12:00:00,97.5,-18.3229963033457,-0.257865745167388,-0.257854607423175
2017-06-06 12:30:00,97.5208333333321,-18.298070104059,-0.254141510296546,-0.254130376366815
2017-06-06 13:00:00,97.5416666666679,-17.6330074386617,-0.148443000397074,-0.148431870283269
2017-06-06 13:30:00,97.5625,-17.7475240166052,-0.166931942499218,-0.166920816202782
2017-06-06 14:30:00,97.6041666666679,-18.6746788361314,-0.315120870802978,-0.315109752145604
2017-06-06 15:00:00,97.625,-18.9110532269962,-0.353021613716835,-0.353010498881154
2017-06-06 15:30:00,97.6458333333321,-20.8680401678832,-0.665017086734439,-0.665005975721891
2017-06-06 16:00:00,97.6666666666679,-20.9032129422053,-0.670866110949041,-0.670855003761066
2017-06-06 16:30:00,97.6875,-20.8198467062044,-0.657831707360972,-0.657820603999009
2017-06-06 17:00:00,97.7083333333321,-20.7595492375,-0.648472096108208,-0.648460996573696
2017-06-06 17:30:00,97.7291666666679,-20.344324759854,-0.582572279884128,-0.582561184178505
2017-06-06 18:00:00,97.75,-20.3298447007576,-0.580511257068599,-0.580500165193303
2017-06-06 18:30:00,97.7708333333321,-20.0891606072993,-0.542415691056301,-0.542404603012769
2017-06-06 19:00:00,97.7916666666679,-20.1276439151515,-0.548791612663063,-0.548780528452732
2017-06-06 19:30:00,97.8125,-20.4552444894161,-0.601224042478363,-0.60121296210267
2017-06-06 20:00:00,97.8333333333321,-20.4550151375,-0.60143285181266,-0.601421775273039
2017-06-06 20:30:00,97.8541666666679,-22.0054854215328,-0.84866914230213,-0.848658069600016
2017-06-06 21:00:00,97.875,-22.17081065,-0.875250756566266,-0.875239687703095
2017-06-06 21:30:00,97.8958333333321,-22.216069329927,-0.882705604783497,-0.882694539760702
2017-06-06 22:00:00,97.9166666666679,-22.2545909227273,-0.889087151112251,-0.889076089931267
2017-06-06 22:30:00,97.9375,-23.3164416036496,-1.05848567333612,-1.05847461599838
2017-06-06 23:00:00,97.9583333333321,-23.5698446810606,-1.09909783543641,-1.09908678194334
2017-06-06 23:30:00,97.9791666666679,-22.9692600443223,-1.00366906521362,-1.00365801556667
2017-06-07,98,-22.9587192344828,-1.00223461904798,-1.00222357324856
2017-06-07 00:30:00,98.0208333333321,-22.6214322622711,-0.948749196467867,-0.948738154517418
2017-06-07 01:00:00,98.0416666666679,-22.5967007905303,-0.94505400918573,-0.945042971085681
2017-06-07 01:30:00,98.0625,-22.4774780967153,-0.926306223388106,-0.926295189139887
2017-06-07 02:00:00,98.0833333333321,-22.5248106662879,-0.934090730724804,-0.934079700329845
2017-06-07 02:30:00,98.1041666666679,-22.6457664248175,-0.953603385297344,-0.953592358757074
2017-06-07 03:00:00,98.125,-22.6541629,-0.955185186188005,-0.955174163503851
2017-06-07 03:30:00,98.1458333333321,-23.0969781350365,-1.0259701265247,-1.02595910769809
2017-06-07 04:00:00,98.1666666666679,-23.1093863594697,-1.0281908430272,-1.02817982805956
2017-06-07 04:30:00,98.1875,-23.212901450365,-1.04492486896089,-1.04491385785365
2017-06-07 05:00:00,98.2083333333321,-23.2725378606061,-1.05466891017659,-1.05465790293117
2017-06-07 05:30:00,98.2291666666679,-23.4579452405109,-1.08444827717244,-1.08443727379027
2017-06-07 06:00:00,98.25,-23.4597689257576,-1.084982550822,-1.08497155130451
2017-06-07 06:30:00,98.2708333333321,-23.7003978631387,-1.12355859216245,-1.12354759651106
2017-06-07 07:00:00,98.2916666666679,-23.7503295723485,-1.13175634912216,-1.13174535733829
2017-06-07 07:30:00,98.3125,-24.1267518481752,-1.19196420696833,-1.19195321905342
2017-06-07 08:00:00,98.3333333333321,-23.9967423708333,-1.17149704491145,-1.1714860608669
2017-06-07 08:30:00,98.3541666666679,-24.3389014551095,-1.22624659238569,-1.22623561221294
2017-06-07 09:00:00,98.375,-24.1754848223485,-1.2004574870619,-1.20044651076237
2017-06-07 09:30:00,98.3958333333321,-24.3761167883212,-1.2326615038555,-1.2326505314306
2017-06-07 10:00:00,98.4166666666679,-24.2863257234848,-1.21860084445569,-1.21858987590685
2017-06-07 10:30:00,98.4375,-24.2261788124088,-1.20926244005712,-1.20925147538576
2017-06-07 11:00:00,98.4583333333321,-24.1138522344697,-1.19161169753105,-1.19160073673859
2017-06-07 11:30:00,98.4791666666679,-24.0343758886861,-1.17919394052345,-1.1791829836113
2017-06-07 12:00:00,98.5,-23.9123825871212,-1.16000312210646,-1.15999216907605
2017-06-07 12:30:00,98.5208333333321,-23.4180622216117,-1.08150025633223,-1.08148930718498
2017-06-07 13:00:00,98.5416666666679,-23.2747348454545,-1.05891074455331,-1.05889979929062
2017-06-07 14:00:00,98.5833333333321,-23.0343686211679,-1.02110527636677,-1.02109433887748
2017-06-07 14:30:00,98.6041666666679,-23.1189429418251,-1.03482042746779,-1.03480949386733
2017-06-07 15:00:00,98.625,-22.3698467135036,-0.915731184208439,-0.915720254498216
2017-06-07 15:30:00,98.6458333333321,-22.2095454310606,-0.890437316399798,-0.890426390581228
2017-06-07 16:00:00,98.6666666666679,-22.3261277613139,-0.909251125739261,-0.90924020381376
2017-06-07 16:30:00,98.6875,-21.9515341121212,-0.849820170302612,-0.849809252271593
2017-06-07 17:00:00,98.7083333333321,-21.0620182905109,-0.708361664549169,-0.708350750414045
2017-06-07 17:30:00,98.7291666666679,-21.2387348223485,-0.736754654330808,-0.736743744092993
2017-06-07 18:00:00,98.75,-20.4683211529197,-0.614269045876805,-0.614258139537712
2017-06-07 18:30:00,98.7708333333321,-20.6626768239544,-0.645471802420714,-0.645460899981753
2017-06-07 19:00:00,98.7916666666679,-19.985109470073,-0.537776517603665,-0.537765619066249
2017-06-07 19:30:00,98.8125,-20.0106374194656,-0.542084736602756,-0.542073841968296
2017-06-07 20:00:00,98.8333333333321,-19.6821788857664,-0.490002575415347,-0.489991684685252
2017-06-07 20:30:00,98.8541666666679,-19.1094811079545,-0.399012847606626,-0.399001960782307
2017-06-07 21:00:00,98.875,-18.8748904733577,-0.361883748798775,-0.361872865881641
2017-06-07 21:30:00,98.8958333333321,-18.4354204393939,-0.292117134702716,-0.292106255694176
2017-06-07 22:00:00,98.9166666666679,-18.5828248116788,-0.315839952319158,-0.31582907722062
2017-06-07 22:30:00,98.9375,-18.3934924712121,-0.285920290336492,-0.285909419149364
2017-06-07 23:00:00,98.9583333333321,-18.1942262587591,-0.254418074795102,-0.254407207520791
2017-06-07 23:30:00,98.9791666666679,-17.9185151253788,-0.210738048038224,-0.210727184678136
2017-06-08,99,-16.7701678529197,-0.0280463800153228,-0.0280355205708646
2017-06-08 00:30:00,99.0208333333321,-16.7612091045627,-0.0268600373578608,-0.0268491818304378
2017-06-08 01:00:00,99.0416666666679,-16.6575474729927,-0.0105873769528261,-0.0105765253438435
2017-06-08 01:30:00,99.0625,-16.6104355791667,-0.00332304937471917,-0.00331220168558122
2017-06-08 02:00:00,99.0833333333321,-16.7104014624088,-0.019488235949523,-0.0194773921816336
2017-06-08 02:30:00,99.1041666666679,-16.8089469367424,-0.035427069501749,-0.035416229656512
2017-06-08 03:00:00,99.125,-17.3842882813869,-0.127319745019381,-0.127308909098199
2017-06-08 03:30:00,99.1458333333321,-17.3572424147727,-0.123251626380111,-0.123240794384387
2017-06-08 04:00:00,99.1666666666679,-17.3731349945255,-0.126023551970613,-0.126012723901748
2017-06-08 04:30:00,99.1875,-17.3938939431818,-0.129570612613304,-0.129559788472699
2017-06-08 05:00:00,99.2083333333321,-17.591329629304,-0.161262322767243,-0.161251502556299
2017-06-08 05:30:00,99.2291666666679,-17.5890037791667,-0.161131796389829,-0.161120980109947
2017-06-08 06:00:00,99.25,-17.4363868989051,-0.137059720429792,-0.137048908082372
2017-06-08 06:30:00,99.2708333333321,-17.4947651219697,-0.14659923409461,-0.14658842568105
2017-06-08 07:00:00,99.2916666666679,-17.3691496547445,-0.126828340266709,-0.126817535788409
2017-06-08 07:30:00,99.3125,-17.583030357197,-0.161139347700398,-0.161128547158755
2017-06-08 08:00:00,99.3333333333321,-17.5868942153285,-0.161994440546252,-0.161983643942663
2017-06-08 08:30:00,99.3541666666679,-17.6897689204545,-0.178621950835158,-0.178611158171022
2017-06-08 09:00:00,99.375,-17.5887116923358,-0.162762877157598,-0.16275208843431
2017-06-08 09:30:00,99.3958333333321,-17.6896590772727,-0.179083201395818,-0.179072416614774
2017-06-08 10:00:00,99.4166666666679,-17.4552298919708,-0.141977717001185,-0.141966936163781
2017-06-08 10:30:00,99.4375,-17.4855075901515,-0.147040146947792,-0.147029370055423
2017-06-08 11:00:00,99.4583333333321,-17.3943211708029,-0.132753174781285,-0.132742401835344
2017-06-08 11:30:00,99.4791666666679,-17.4813901954545,-0.146862340805999,-0.146851571807882
2017-06-08 12:00:00,99.5,-16.6917846773723,-0.0213165442385497,-0.0213057791896483
2017-06-08 12:30:00,99.5208333333321,-16.7297007602273,-0.0275954485746753,-0.0275846874763828
2017-06-08 13:30:00,99.5625,-19.4572810551095,-0.462578384624995,-0.462567631432096
2017-06-08 14:00:00,99.5833333333321,-19.5761666147727,-0.481755539846327,-0.481744790608212
2017-06-08 14:30:00,99.6041666666679,-18.770605829927,-0.353667650161493,-0.353656904879553
2017-06-08 15:00:00,99.625,-19.0271553253788,-0.394774605489301,-0.394763864164925
2017-06-08 15:30:00,99.6458333333321,-19.2389451872263,-0.428751237531821,-0.428740500166399
2017-06-08 16:00:00,99.6666666666679,-18.8152490132075,-0.361494408237859,-0.36148367483278
2017-06-08 16:30:00,99.6875,-18.8029452908759,-0.359772608756313,-0.359761879312966
2017-06-08 17:00:00,99.7083333333321,-18.5482980316981,-0.319445228915548,-0.31943450343532
2017-06-08 17:30:00,99.7291666666679,-20.1989891007299,-0.582639524548357,-0.582628803032636
2017-06-08 18:00:00,99.75,-19.2169357879245,-0.426435676943973,-0.426424959394145
2017-06-08 18:30:00,99.7708333333321,-17.6255985145985,-0.173172377177384,-0.173161663594836
2017-06-08 19:00:00,99.7916666666679,-17.0981962139623,-0.0893945969813927,-0.0893838873675108
2017-06-08 19:30:00,99.8125,-16.441080340511,0.0150467299694187,0.0150574356132499
2017-06-08 20:00:00,99.8333333333321,-16.2614792415094,0.0434196940533441,0.0434303957257398
2017-06-08 20:30:00,99.8541666666679,-16.9458065715328,-0.0658316760090012,-0.0658209783094255
2017-06-08 21:00:00,99.875,-16.6795359184906,-0.0236520260581673,-0.0236413323327946
2017-06-08 21:30:00,99.8958333333321,-16.9178576770073,-0.0618542258244013,-0.0618435360746148
2017-06-08 22:00:00,99.9166666666679,-16.8049774426415,-0.0441096150886005,-0.0440989293157831
2017-06-08 22:30:00,99.9375,-17.3176679058394,-0.126018781422131,-0.126008099627664
2017-06-08 23:00:00,99.9583333333321,-17.328181130566,-0.127930672681711,-0.127919994866977
2017-06-08 23:30:00,99.9791666666679,-17.4705546726277,-0.150847924567989,-0.150837250734368
2017-06-09,100,-17.4296078088235,-0.144562022612563,-0.144551352761435
2017-06-09 00:30:00,100.020833333332,-17.8482591386861,-0.211490359128203,-0.211479693260948
2017-06-09 01:00:00,100.041666666668,-17.9295282981132,-0.224673392551125,-0.224662730669123
2017-06-09 01:30:00,100.0625,-17.3149963908759,-0.127014736551084,-0.127004078655714
2017-06-09 02:00:00,100.083333333332,-17.3495227522727,-0.132751444263858,-0.132740790356498
2017-06-09 02:30:00,100.104166666668,-17.3487773109489,-0.132869246261673,-0.132858596343699
2017-06-09 03:00:00,100.125,-17.4599544091255,-0.150816306416822,-0.150805660489613
2017-06-09 03:30:00,100.145833333332,-17.4219306240876,-0.144995476858549,-0.144984834923481
2017-06-09 04:00:00,100.166666666668,-17.5923333397727,-0.172377055382771,-0.17236641744122
2017-06-09 04:30:00,100.1875,-18.044868650365,-0.244702475433946,-0.244691841487288
2017-06-09 05:00:00,100.208333333332,-18.0315132064151,-0.242811082867867,-0.242800452917476
2017-06-09 05:30:00,100.229166666668,-17.2285547521898,-0.115135283987254,-0.115124658034504
2017-06-09 06:00:00,100.25,-17.2080188871212,-0.112099880140134,-0.1120892581864
2017-06-09 06:30:00,100.270833333332,-18.0574999879562,-0.247658718108108,-0.247648100154762
2017-06-09 07:00:00,100.291666666668,-18.1485887,-0.262405023976748,-0.262394410025165
2017-06-09 07:30:00,100.3125,-18.4501506242678,-0.31067978032075,-0.310669170372301
2017-06-09 08:00:00,100.333333333332,-18.2680931105263,-0.281913531920635,-0.281902925976691
2017-06-09 08:30:00,100.354166666668,-18.8195182284672,-0.369991508204241,-0.369980906266174
2017-06-09 09:00:00,100.375,-18.8416000143396,-0.373744630684813,-0.373734032753994
2017-06-09 09:30:00,100.395833333332,-18.2628320770073,-0.28178188012487,-0.281771286202668
2017-06-09 10:00:00,100.416666666668,-18.2127999932075,-0.274047046084269,-0.274036456172054
2017-06-09 10:30:00,100.4375,-17.5727773791971,-0.17232621614686,-0.172315630246001
2017-06-09 11:00:00,100.458333333332,-17.5032415833962,-0.161484261177248,-0.161473679289114
2017-06-09 11:30:00,100.479166666668,-18.6835365145985,-0.349741151283688,-0.349730573409646
2017-06-09 12:00:00,100.5,-18.5649622724528,-0.331087170977727,-0.331076597119145
2017-06-09 13:00:00,100.541666666668,-18.5513792156134,-0.329393093870703,-0.329382528047139
2017-06-09 13:30:00,100.5625,-18.344290585283,-0.2966384593624,-0.296627897558394
2017-06-09 14:00:00,100.583333333332,-17.5305279386617,-0.167240137491712,-0.16722957970863
2017-06-09 14:30:00,100.604166666668,-17.5132339686792,-0.164719761915338,-0.164709208154545
2017-06-09 15:00:00,100.625,-17.09335313829,-0.0980669286919519,-0.0980563789548108
2017-06-09 15:30:00,100.645833333332,-16.9725131766038,-0.0790514364305236,-0.079040890718398
2017-06-09 16:00:00,100.666666666668,-16.7713680509294,-0.0472431910080041,-0.0472326493222576
2017-06-09 16:30:00,100.6875,-16.8060905316981,-0.0530087406649403,-0.0529982030069349
2017-06-09 17:00:00,100.708333333332,-16.7524379726277,-0.0446960001108162,-0.0446854664819137
2017-06-09 17:30:00,100.729166666668,-16.7940944154717,-0.0515659684298728,-0.051555438831435
2017-06-09 18:00:00,100.75,-16.2139379729927,0.0406193835090082,0.0406299090756208
2017-06-09 18:30:00,100.770833333332,-15.8544112758491,0.097658342652023,0.0976688641854504
2017-06-09 19:00:00,100.791666666668,-14.5055693383212,0.312296009895825,0.312306527394707
2017-06-09 19:30:00,100.8125,-14.616905650566,0.294326321850274,0.294336835313251
2017-06-09 21:00:00,100.875,-14.9731020606679,0.236883277814594,0.236893779161709
2017-06-09 22:00:00,100.916666666668,-15.1335751285714,0.21085308653134,0.210863579794428
2017-06-09 23:00:00,100.958333333332,-16.012467525974,0.0703785168288272,0.0703890020024643
2017-06-11 15:30:00,102.645833333332,-13.6219235701389,0.432589023565834,0.432599176611441
2017-06-11 16:00:00,102.666666666668,-13.6626005127226,0.425882961409749,0.425893110300697
2017-06-11 16:30:00,102.6875,-13.4729305340278,0.455871414435515,0.455881559170494
2017-06-11 17:00:00,102.708333333332,-13.4613012488608,0.457497943794614,0.457508084372315
2017-06-11 17:30:00,102.729166666668,-13.6388889243056,0.428982162182793,0.428992298601908
2017-06-11 18:00:00,102.75,-13.5574566505102,0.441728529684119,0.441738661943341
2017-06-11 18:30:00,102.770833333332,-14.0606527854167,0.361343260025829,0.36135338812385
2017-06-11 19:00:00,102.791666666668,-13.7780101639594,0.406142751984474,0.406152875919988
2017-06-11 19:30:00,102.8125,-13.5640902784722,0.439994749180113,0.440004868951813
2017-06-11 20:00:00,102.833333333332,-13.5003020175127,0.449930757518597,0.44994087312518
2017-06-11 20:30:00,102.854166666668,-13.9535774767606,0.377498231972824,0.377508343412983
2017-06-11 21:00:00,102.875,-14.0451116860406,0.362691432325527,0.362701539597959
2017-06-11 21:30:00,102.895833333332,-13.9696433517483,0.374488343514052,0.374498446617453
2017-06-11 22:00:00,102.916666666668,-13.8883611156566,0.387211499745417,0.387221598678484
2017-06-11 22:30:00,102.9375,-13.1677291923611,0.501783604395943,0.501793699157373
2017-06-11 23:00:00,102.958333333332,-13.0820757525253,0.515203269257154,0.515213359845646
2017-06-11 23:30:00,102.979166666668,-12.6446110694444,0.584666802993997,0.584676889408249
2017-06-12,103,-12.7710806220896,0.564295296432277,0.564305378670988
2017-06-12 00:30:00,103.020833333332,-12.3769930194444,0.626849003180584,0.626859081242454
2017-06-12 01:00:00,103.041666666668,-12.3818207030303,0.625855306266987,0.625865380150715
2017-06-12 01:30:00,103.0625,-12.4082430618056,0.621421648697246,0.621431718401535
2017-06-12 02:00:00,103.083333333332,-12.4401161770202,0.616119768293636,0.616129833817186
2017-06-12 02:30:00,103.104166666668,-12.4503888840278,0.614258934944133,0.614268996285647
2017-06-12 03:00:00,103.125,-12.5373560464646,0.60018070665761,0.600190763815789
2017-06-12 03:30:00,103.145833333332,-12.8453125222222,0.550898809485759,0.550908862459307
2017-06-12 04:00:00,103.166666666668,-12.9674090770202,0.531224617217609,0.53123466600523
2017-06-12 04:30:00,103.1875,-12.7275138888889,0.569216054987703,0.569226099588101
2017-06-12 05:00:00,103.208333333332,-12.8573939580808,0.54830211675479,0.548312157166669
2017-06-12 05:30:00,103.229166666668,-12.8562083298611,0.548267124543892,0.548277160765958
2017-06-12 06:00:00,103.25,-13.0083813068182,0.52380208372834,0.523812115759299
2017-06-12 06:30:00,103.270833333332,-12.8658125486111,0.54628969877111,0.546299726609669
2017-06-12 07:00:00,103.291666666668,-12.9328535449495,0.535386416974296,0.535396440619162
2017-06-12 07:30:00,103.3125,-12.8101874972222,0.554703689742094,0.554713709191974
2017-06-12 08:00:00,103.333333333332,-12.8673459477273,0.545374878343237,0.545384893596838
2017-06-12 08:30:00,103.354166666668,-12.7535972347222,0.563271787159074,0.563281798215107
2017-06-12 09:00:00,103.375,-12.8702449482323,0.544466467550781,0.544476474407954
2017-06-12 09:30:00,103.395833333332,-13.1047707875,0.506883165264575,0.506893167921599
2017-06-12 10:00:00,103.416666666668,-13.141744970202,0.500770070063124,0.500780068518709
2017-06-12 10:30:00,103.4375,-12.88621525625,0.5412531416752,0.541263135928056
2017-06-12 11:00:00,103.458333333332,-12.8763207063131,0.542606443203962,0.542616433252801
2017-06-12 11:30:00,103.479166666668,-12.2640277388889,0.639922330226498,0.639932316070033
2017-06-12 12:00:00,103.5,-12.3516389015152,0.625743076307254,0.625753057944197
2017-06-12 15:30:00,103.645833333332,-12.3487068404453,0.624653466182312,0.624663418337116
2017-06-12 17:00:00,103.708333333332,-13.1155825458256,0.501823775513525,0.501833715013875
2017-06-12 18:00:00,103.75,-12.3066055446296,0.630250931916459,0.6302608629741
2017-06-12 19:00:00,103.791666666668,-12.3871351824074,0.616979395100608,0.61698931771042
2017-06-12 20:00:00,103.833333333332,-12.6664230092764,0.572045886976797,0.572055801133666
2017-06-12 21:00:00,103.875,-12.6469462983333,0.574706133703476,0.57471603940229
2017-06-12 22:00:00,103.916666666668,-11.9269164974026,0.68896533899207,0.688975236227725
2017-06-12 23:00:00,103.958333333332,-11.7675722288889,0.713907289223544,0.713917177990937
2017-06-13,104,-11.3430203848148,0.781097346918425,0.78110722721246
2017-06-13 01:00:00,104.041666666668,-11.2840222074074,0.790054795666482,0.790064667482066
2017-06-13 02:00:00,104.083333333332,-11.3448685287037,0.779921281737124,0.779931145069171
2017-06-13 03:00:00,104.125,-10.9273617714286,0.845990106895435,0.845999961738861
2017-06-13 04:00:00,104.166666666668,-11.1568840906542,0.808987089852247,0.808996936201974
2017-06-13 05:00:00,104.208333333332,-10.9065233598131,0.848430137900581,0.848439975751535
2017-06-13 06:00:00,104.25,-11.0257257735075,0.829001865440881,0.829011694787992
2017-06-13 07:00:00,104.291666666668,-11.3454589654851,0.777629249434952,0.777639070273155
2017-06-13 08:00:00,104.333333333332,-11.2496809617537,0.792448216795948,0.792458029120185
2017-06-13 09:00:00,104.375,-11.2700149388785,0.788770815817304,0.788780619622517
2017-06-13 10:00:00,104.416666666668,-11.4746130818692,0.755740354949247,0.755750150230386
2017-06-13 11:00:00,104.458333333332,-11.1446977608209,0.807858624507445,0.807868411259464
2017-06-13 12:00:00,104.5,-11.0786548598881,0.8179421828339,0.817951961051757
2017-06-13 13:00:00,104.541666666668,-11.480671620709,0.753463856645053,0.753473626323711
2017-06-13 14:00:00,104.583333333332,-11.7716399380597,0.706675981164782,0.706685742299209
2017-06-13 15:00:00,104.625,-11.8635243546816,0.691602667869248,0.691612420454415
2017-06-13 16:30:00,104.6875,-11.5670596882463,0.73817627622513,0.73818601597699
2017-06-13 17:30:00,104.729166666668,-11.428121484486,0.759874058609917,0.759883789799967
2017-06-13 18:30:00,104.770833333332,-11.4830223656716,0.750693491555518,0.750703214178747
2017-06-13 19:30:00,104.8125,-11.6665383256075,0.721024806081595,0.721034520132995
2017-06-13 20:30:00,104.854166666668,-12.1150930951583,0.649135604594096,0.649145310068664
2017-06-13 21:30:00,104.895833333332,-12.2495130634328,0.627288657415147,0.627298354307886
2017-06-13 22:30:00,104.9375,-13.732085656797,0.39068038985588,0.390690078161797
2017-06-13 23:30:00,104.979166666668,-13.5210111860075,0.42387166634245,0.423881346056555
2017-06-14 00:30:00,105.020833333332,-13.5604972050279,0.417148834395847,0.417158505513158
2017-06-14 01:30:00,105.0625,-12.3321434035382,0.612394148739315,0.612403811254851
2017-06-14 02:30:00,105.104166666668,-12.4230074588454,0.597487472856271,0.597497126765057
2017-06-14 03:30:00,105.145833333332,-13.81414341527,0.375446911246947,0.375456556544012
2017-06-14 04:30:00,105.1875,-16.3820986549348,-0.0340614456188788,-0.0340518089384994
2017-06-14 05:30:00,105.229166666668,-17.2640727416045,-0.17499144223541,-0.174981814176677
2017-06-14 06:30:00,105.270833333332,-17.5895288566108,-0.227267370296141,-0.227257750864011
2017-06-14 07:30:00,105.3125,-18.8797039178771,-0.433223357700254,-0.433213746899679
2017-06-14 08:30:00,105.354166666668,-18.6540651413408,-0.397708759106778,-0.397699156942705
2017-06-14 09:30:00,105.395833333332,-18.8716796949721,-0.432804374126487,-0.432794780603858
2017-06-14 10:30:00,105.4375,-19.1760987385475,-0.481727647568972,-0.481718062692725
2017-06-14 11:30:00,105.479166666668,-19.1076573467412,-0.471253628127618,-0.471244051902686
2017-06-14 12:30:00,105.520833333332,-18.8726871454376,-0.434251091033102,-0.434241523464414
2017-06-14 13:30:00,105.5625,-20.6142998379888,-0.712119261903873,-0.712109702996352
2017-06-14 14:30:00,105.604166666668,-21.983000026306,-0.930581844626619,-0.930572294385184
2017-06-14 16:00:00,105.666666666668,-20.7600577184358,-0.736407083020066,-0.736397545786973
2017-06-14 17:00:00,105.708333333332,-20.6925735540037,-0.72608357173685,-0.726074043182122
2017-06-14 18:00:00,105.75,-20.1435102761639,-0.639043803043273,-0.639034283171811
2017-06-14 19:00:00,105.791666666668,-19.6739403908752,-0.564667027869261,-0.564657516685964
2017-06-14 20:00:00,105.833333333332,-18.8717626414953,-0.437305221320631,-0.437295718830393
2017-06-14 21:00:00,105.875,-18.7171970169145,-0.413108127886726,-0.413098634094435
2017-06-14 22:00:00,105.916666666668,-18.4663643810409,-0.373575269384858,-0.373565784295398
2017-06-14 23:00:00,105.958333333332,-18.6798401475836,-0.408006709595088,-0.407997233213339
2017-06-15,106,-17.0736561516729,-0.152564687484342,-0.152555219815179
2017-06-15 01:00:00,106.041666666668,-16.9434059556797,-0.13223961239249,-0.132230153440782
2017-06-15 02:00:00,106.083333333332,-17.6838066905204,-0.250609490514602,-0.250600040285215
2017-06-15 03:00:00,106.125,-18.1775204403346,-0.32968159317367,-0.329672151671465
2017-06-15 04:00:00,106.166666666668,-17.2539907371747,-0.182985438314635,-0.182976005544468
2017-06-15 05:00:00,106.208333333332,-16.01510968829,0.0139467741688049,0.0139561982020829
2017-06-15 06:00:00,106.25,-15.4915204496283,0.0969328532403619,0.0969422685319041
2017-06-15 07:00:00,106.291666666668,-15.202503698513,0.142551730746756,0.142561137291721
2017-06-15 08:00:00,106.333333333332,-15.3214739953532,0.123178343506851,0.1231877413004
2017-06-15 09:00:00,106.375,-16.5285390548327,-0.0695289532259074,-0.0695195641886054
2017-06-15 10:00:00,106.416666666668,-15.8249869296089,0.042126796892437,0.0421361771686636
2017-06-15 11:00:00,106.458333333332,-15.2269869687151,0.136968375997115,0.136977747507443
2017-06-15 12:00:00,106.5,-17.9178196884758,-0.292103076758424,-0.292093714018813
2017-06-15 13:00:00,106.541666666668,-20.075838252974,-0.636296489201488,-0.636287135237408
2017-06-15 14:00:00,106.583333333332,-19.3639051977695,-0.523304192884484,-0.523294847700743
2017-06-15 15:30:00,106.645833333332,-18.519813792365,-0.389467866462803,-0.389458534458579
2017-06-15 16:30:00,106.6875,-18.5436480139665,-0.393682910093084,-0.393673586881202
2017-06-15 17:30:00,106.729166666668,-18.0605418936685,-0.317141629403092,-0.317132314988343
2017-06-15 18:30:00,106.770833333332,-17.986983227933,-0.305841185088426,-0.3058318794756
2017-06-15 19:30:00,106.8125,-18.0340334145585,-0.31375345112536,-0.313744154319238
2017-06-15 20:30:00,106.854166666668,-17.3598345821561,-0.206769866785776,-0.206760578791138
2017-06-15 21:30:00,106.895833333332,-17.2514702795539,-0.189923760950042,-0.189914481771662
2017-06-15 22:30:00,106.9375,-16.9827620866171,-0.147534392141267,-0.147525121783912
2017-06-15 23:30:00,106.979166666668,-17.4695762334572,-0.225499905092174,-0.225490643560609
2017-06-16 00:30:00,107.020833333332,-18.1677546200743,-0.337135525397588,-0.337126272696572
2017-06-16 01:30:00,107.0625,-19.0324962557836,-0.475304423013257,-0.475295179147545
2017-06-16 02:30:00,107.104166666668,-19.283756047486,-0.515744856965931,-0.515735621940273
2017-06-16 03:30:00,107.145833333332,-20.0980316549348,-0.645873744981454,-0.645864518800595
2017-06-16 04:30:00,107.1875,-20.7591212514925,-0.751599624057578,-0.751590406726259
2017-06-16 05:30:00,107.229166666668,-20.6703537934823,-0.737872370335943,-0.737863161858899
2017-06-16 06:30:00,107.270833333332,-17.2740780407063,-0.197256313311998,-0.197247113693961
2017-06-16 07:30:00,107.3125,-16.3482081899628,-0.0501773132925732,-0.0501681225382679
2017-06-16 08:30:00,107.354166666668,-15.7611468477695,0.0429296179813917,0.0429387998672432
2017-06-16 09:30:00,107.395833333332,-15.2507765376164,0.123819982041735,0.123829155054416
2017-06-16 10:30:00,107.4375,-14.8137843879182,0.19302152191054,0.193030686045338
2017-06-16 11:30:00,107.479166666668,-14.836936679702,0.188922092843292,0.188931248095501
2017-06-16 12:30:00,107.520833333332,-15.0418475828996,0.155868756718651,0.155877903083567
2017-06-16 21:30:00,107.895833333332,-12.6378126226345,0.535151966459989,0.535161032628456
2017-06-16 23:00:00,107.958333333332,-12.9612708549165,0.483014215898287,0.483023268663929
2017-06-17,108,-13.0733,0.464761276025774,0.46477031985039
2017-06-17 01:00:00,108.041666666668,-13.1542018403704,0.451467310284962,0.451476345163909
2017-06-17 02:00:00,108.083333333332,-13.1140522294776,0.457457299690471,0.457466325619111
2017-06-17 03:00:00,108.125,-13.0791231311567,0.462616030375862,0.462625047349561
2017-06-17 04:00:00,108.166666666668,-13.0778544639925,0.462413003194965,0.462422011209096
2017-06-17 05:00:00,108.208333333332,-13.0644112052336,0.464149770234065,0.464158769284004
2017-06-17 06:00:00,108.25,-13.0205858164179,0.470726805588923,0.470735795670051
2017-06-17 07:00:00,108.291666666668,-13.0609046914019,0.46389997308356,0.463908954191263
2017-06-17 08:00:00,108.333333333332,-13.1621380710821,0.447369790150576,0.447378762280245
2017-06-17 09:00:00,108.375,-13.1974869360075,0.441335431407498,0.441344394554529
2017-06-17 10:00:00,108.416666666668,-13.1753525968284,0.444458562270809,0.444467516430603
2017-06-17 11:00:00,108.458333333332,-13.1298022406716,0.451312255692946,0.451321200860908
2017-06-17 12:00:00,108.5,-12.9943097083955,0.472494176571844,0.472503112743384
2017-06-17 13:00:00,108.541666666668,-12.7824953375701,0.505834595605524,0.505843522776057
2017-06-17 14:00:00,108.583333333332,-12.5033358223881,0.549903519200221,0.549912437365167
2017-06-17 15:00:00,108.625,-12.3228861759328,0.578248265312504,0.578257174467286
2017-06-17 16:00:00,108.666666666668,-11.913751895709,0.643023012355599,0.643031912495649
2017-06-17 17:00:00,108.708333333332,-11.7199122949627,0.673501538661754,0.673510429782505
2017-06-17 18:00:00,108.75,-11.5269290875,0.703844016667009,0.7038528987639
2017-06-17 19:00:00,108.791666666668,-11.4781194035448,0.71121992531554,0.711228798384015
2017-06-17 20:00:00,108.833333333332,-11.3704626854478,0.727970584726702,0.727979448762209
2017-06-17 21:00:00,108.875,-11.2646287335821,0.744431252550211,0.744440107548205
2017-06-17 22:30:00,108.9375,-11.1619180826816,0.760195704279912,0.760204545713122
2017-06-17 23:30:00,108.979166666668,-11.2314878981378,0.74871536845624,0.748724200840591
2017-06-18 00:30:00,109.020833333332,-11.2907485899441,0.73887766048726,0.738886483818223
2017-06-18 01:30:00,109.0625,-11.5449944134078,0.697979059000388,0.697987873273438
2017-06-18 02:30:00,109.104166666668,-12.1521025992537,0.600869608523731,0.600878413734349
2017-06-18 03:30:00,109.145833333332,-12.1494562316574,0.600894871849391,0.600903667993062
2017-06-18 04:30:00,109.1875,-12.1824413426443,0.595244393078011,0.595253180150224
2017-06-18 05:30:00,109.229166666668,-12.1863761558659,0.594222025607298,0.594230803603549
2017-06-18 06:30:00,109.270833333332,-12.3748733517691,0.563799116994617,0.563807885910404
2017-06-18 07:30:00,109.3125,-12.2963650022346,0.575910761087873,0.575919520918702
2017-06-18 08:30:00,109.354166666668,-12.1354245726257,0.601154273158642,0.601163023900022
2017-06-18 09:30:00,109.395833333332,-11.9925754111732,0.623516212200756,0.623524953848201
2017-06-18 10:30:00,109.4375,-11.9301657329609,0.633064463198491,0.633073195747519
2017-06-18 11:30:00,109.479166666668,-11.6918044744879,0.670642305989578,0.670651029435714
2017-06-18 12:30:00,109.520833333332,-11.5100596977612,0.699201482301945,0.699210196640718
2017-06-18 13:30:00,109.5625,-11.1581417908582,0.754869739582849,0.754878444809792
2017-06-18 14:30:00,109.604166666668,-11.0660391057728,0.769149626285946,0.769158322396598
2017-06-18 15:30:00,109.645833333332,-11.4973321026119,0.700052586959422,0.700061273949326
2017-06-18 16:30:00,109.6875,-12.0526529768657,0.611198198455591,0.611206876320295
2017-06-18 17:30:00,109.729166666668,-12.0592443789179,0.609757187529671,0.609765856264729
2017-06-18 18:30:00,109.770833333332,-11.8425530562384,0.643885654941928,0.643894314542897
2017-06-18 19:30:00,109.8125,-12.537175035568,0.532841643036448,0.532850293498891
2017-06-18 20:30:00,109.854166666668,-12.145212283054,0.594891736528554,0.59490037784804
2017-06-18 22:00:00,109.916666666668,-11.7277150651769,0.660815277110154,0.660823904706903
2017-06-18 23:00:00,109.958333333332,-12.2999273636872,0.569272549656903,0.569281168099636
2017-06-19,110,-12.0519348536398,0.60838941616201,0.60839802544631
2017-06-19 01:00:00,110.041666666668,-11.8102249907692,0.646505834508066,0.646514434629523
2017-06-19 02:00:00,110.083333333332,-11.7957490530651,0.648424108415812,0.648432699370022
2017-06-19 03:00:00,110.125,-11.7867277716446,0.649473834103195,0.649482415885757
2017-07-05 12:30:00,126.520833333332,-16.685555559596,-0.251832913760543,-0.251828230590209
2017-07-05 13:00:00,126.541666666668,-16.7574210606407,-0.263392752168575,-0.263388074251493
2017-07-05 19:00:00,126.791666666668,-18.1824552065299,-0.491732387712042,-0.491727772879275
2017-07-05 20:00:00,126.833333333332,-15.8200557687732,-0.115620690645161,-0.115616086334528
2017-07-05 21:00:00,126.875,-15.851621960149,-0.120868983594988,-0.120864389808784
2017-07-05 22:00:00,126.916666666668,-15.3507537397388,-0.0412996486890587,-0.0412950654295708
2017-07-05 23:00:00,126.958333333332,-14.4925018669145,0.095201603123712,0.0952061758541997
2017-07-06,127,-14.4557156182156,0.100843239782557,0.100847801981767
2017-07-06 01:00:00,127.041666666668,-14.5877944524074,0.079584993974534,0.0795895456401944
2017-07-06 02:00:00,127.083333333332,-15.8891539966605,-0.127940058506177,-0.127935517376333
2017-07-06 03:00:00,127.125,-16.0599907516667,-0.155371576640428,-0.155367046048661
2017-07-06 04:00:00,127.166666666668,-16.5076703792593,-0.226903915967765,-0.226899395916332
2017-07-06 05:00:00,127.208333333332,-16.7654425638889,-0.268183417564572,-0.268178908055723
2017-07-06 06:00:00,127.25,-16.829618522963,-0.278622455617016,-0.278617956652994
2017-07-06 07:00:00,127.291666666668,-17.5823005213358,-0.398740551166875,-0.398736062749921
2017-07-06 09:00:00,127.375,-17.1523574498148,-0.330679603122936,-0.330675135806812
2017-07-06 11:00:00,127.458333333332,-15.4945425925926,-0.0670160145319644,-0.06701156832556
2017-07-06 12:00:00,127.5,-16.5772221935185,-0.239700729449049,-0.239696293800825
2017-07-06 13:30:00,127.5625,-16.7928553170686,-0.274370022712144,-0.274365602905324
2017-07-06 14:30:00,127.604166666668,-18.3243357818011,-0.51854791765649,-0.518543508413355
2017-07-06 15:30:00,127.645833333332,-18.9169944263451,-0.613170378242519,-0.61316597956526
2017-07-06 16:30:00,127.6875,-17.9905751426716,-0.465802191694667,-0.465797803585472
2017-07-06 21:00:00,127.875,-15.5703432339518,-0.0812017801248078,-0.0811974395988103
2017-07-06 22:00:00,127.916666666668,-16.0326096581784,-0.155049755395491,-0.155045425449485
2017-07-06 23:00:00,127.958333333332,-16.5666048628942,-0.240323728340084,-0.24031940897622
2017-07-07 01:00:00,128.041666666668,-15.9201595502783,-0.137759493174885,-0.137755194981735
2017-07-07 02:00:00,128.083333333332,-16.0294749858998,-0.155380329833246,-0.155376042228657
2017-07-07 03:00:00,128.125,-15.6854063122449,-0.100776305148319,-0.10077202813442
2017-07-07 04:00:00,128.166666666668,-15.4181462859259,-0.0584075040249042,-0.0584032376038184
2017-07-07 05:00:00,128.208333333332,-15.3185324782931,-0.0427444163871761,-0.0427401605610208
2017-07-07 06:00:00,128.25,-15.3374074137037,-0.0459562211314095,-0.0459519759022965
2017-07-07 07:00:00,128.291666666668,-15.1662319239332,-0.0188924081684435,-0.0188881735384793
2017-07-07 08:00:00,128.333333333332,-15.267031525974,-0.0351539724194009,-0.0351497483906864
2017-07-07 09:00:00,128.375,-15.7137755207792,-0.106524276280883,-0.106520062855514
2017-07-07 10:00:00,128.416666666668,-15.3827472211896,-0.0539944483622403,-0.0539902455423062
2017-07-07 11:00:00,128.458333333332,-14.1962048469274,0.134819832594206,0.134824024806621
2017-07-07 12:30:00,128.520833333332,-13.9593033569288,0.172255101664476,0.172259277961716
2017-07-07 13:30:00,128.5625,-12.9176212682836,0.337994160011325,0.337998325695859
2017-07-07 19:00:00,128.791666666668,-15.4149646836431,-0.0609354204248426,-0.0609313131469531
2017-07-07 20:00:00,128.833333333332,-15.1623821946197,-0.0208975657223099,-0.0208934690704495
2017-07-07 21:00:00,128.875,-14.970016702974,0.00954812887675138,0.00955221490055436
2017-07-07 22:00:00,128.916666666668,-14.9607523346369,0.0108261343986956,0.0108302097924177
2017-07-07 23:00:00,128.958333333332,-14.8252894202226,0.032208109307452,0.0322121740690752
2017-07-08,129,-14.8670687953532,0.0253557117470053,0.0253597658745176
2017-07-08 01:00:00,129.041666666668,-15.2740148633829,-0.0396675499290973,-0.0396635064377026
2017-07-08 02:00:00,129.083333333332,-15.4515314925926,-0.0681420869315648,-0.0681380540782891
2017-07-08 03:00:00,129.125,-15.5812259255556,-0.0889980626806471,-0.0889940404674855
2017-07-08 04:00:00,129.166666666668,-15.4477254278293,-0.0679264465713657,-0.0679224350003085
2017-07-08 05:00:00,129.208333333332,-15.3388981551852,-0.050784841432211,-0.0507808405052426
2017-07-08 06:00:00,129.25,-15.2414129907407,-0.0354495907174517,-0.035445600436551
2017-07-08 07:00:00,129.291666666668,-15.2143962977778,-0.0313395662507643,-0.0313355866179046
2017-07-08 08:00:00,129.333333333332,-15.2620703672222,-0.0391273818945737,-0.0391234129117229
2017-07-08 09:00:00,129.375,-15.2708444477778,-0.0407179496950044,-0.0407139913641245
2017-07-08 10:00:00,129.416666666668,-15.2957314983333,-0.0448748732170863,-0.0448709255401342
2017-07-08 11:30:00,129.479166666668,-15.3561869194393,-0.0547932153232745,-0.0547892836308705
2017-07-08 12:30:00,129.520833333332,-15.3863140314019,-0.0597837541564591,-0.0597798331228504
2017-07-08 13:30:00,129.5625,-15.4177966481343,-0.0649897736101031,-0.0649858632372265
2017-07-08 14:30:00,129.604166666668,-14.8512760970149,0.0250669912713282,0.0250708909815409
2017-07-08 15:30:00,129.645833333332,-14.3637626048598,0.102538327653797,0.10254221669942
2017-07-08 16:30:00,129.6875,-14.5764757399254,0.0684635144802364,0.0684673928593483
2017-07-08 21:00:00,129.875,-14.3026357578366,0.111239457855415,0.111243288211613
2017-07-08 21:30:00,129.895833333332,-14.3087294635294,0.110175185547198,0.110179010565144
2017-07-08 22:00:00,129.916666666668,-13.877920354646,0.178709957099594,0.178713776778818
2017-07-08 22:30:00,129.9375,-13.8123411752941,0.18906345317433,0.189067267514359
2017-07-08 23:00:00,129.958333333332,-13.3665099216336,0.259991489725684,0.259995298726049
2017-07-08 23:30:00,129.979166666668,-13.4025529635294,0.254156719959998,0.254160523620229
2017-07-09,130,-13.460894269163,0.244769934176607,0.244773732496235
2017-07-09 00:30:00,130.020833333332,-13.48507056,0.240825773007293,0.24082956598585
2017-07-09 01:00:00,130.041666666668,-13.9078785931567,0.173379403773427,0.173383191410445
2017-07-09 01:30:00,130.0625,-13.9499411741176,0.166586170525778,0.16658995282079
2017-07-09 02:00:00,130.083333333332,-14.0274547467991,0.15414568234122,0.15414945929376
2017-07-09 02:30:00,130.104166666668,-14.0675294047059,0.147669353424319,0.147673125033921
2017-07-09 03:00:00,130.125,-14.2598854856828,0.116934598391786,0.116938364657986
2017-07-09 03:30:00,130.145833333332,-14.2755411929412,0.114348452578296,0.11435221350063
2017-07-09 04:00:00,130.166666666668,-14.9360440711454,0.00903780504264307,0.00904156062064665
2017-07-09 04:30:00,130.1875,-15.0391628383721,-0.0074810418636988,-0.00747729163048805
2017-07-09 05:00:00,130.208333333332,-15.7650308471366,-0.123204174522458,-0.123200429634502
2017-07-09 05:30:00,130.229166666668,-15.8191628069767,-0.13191916109614,-0.1319154215539
2017-07-09 06:00:00,130.25,-16.4721718134361,-0.236035575688817,-0.236031841492754
2017-07-09 06:30:00,130.270833333332,-16.5112236235294,-0.242348056674922,-0.242344327825495
2017-07-09 07:00:00,130.291666666668,-16.8238565384106,-0.292242089662362,-0.292238366160031
2017-07-09 07:30:00,130.3125,-16.7058255848837,-0.273530947147152,-0.273527228992375
2017-07-09 08:00:00,130.333333333332,-17.3351343464758,-0.373871441789327,-0.373867728982563
2017-07-09 08:30:00,130.354166666668,-17.3100814186046,-0.369971538154196,-0.369967830695901
2017-07-09 09:00:00,130.375,-17.1464039626932,-0.343988534596877,-0.343984832487508
2017-07-09 09:30:00,130.395833333332,-17.1008000317647,-0.336814614391899,-0.336810917631912
2017-07-09 10:30:00,130.4375,-16.688733629476,-0.271353438492503,-0.271349752432643
2017-07-09 11:00:00,130.458333333332,-16.6976234376623,-0.272860069137948,-0.272856388428833
2017-07-09 11:30:00,130.479166666668,-17.3429651039216,-0.375753821990066,-0.375750146632149
2017-07-09 12:00:00,130.5,-17.3605972415584,-0.378652884751376,-0.378649214745109
2017-07-09 12:30:00,130.520833333332,-18.0742963021786,-0.492435792138083,-0.492432127483917
2017-07-09 13:00:00,130.541666666668,-17.5172078025974,-0.403781219428905,-0.403777560127292
2017-07-09 13:30:00,130.5625,-18.0862831821351,-0.494525243786979,-0.494521589838368
2017-07-09 14:00:00,130.583333333332,-18.0033636714286,-0.481405902547128,-0.481402253951968
2017-07-09 14:30:00,130.604166666668,-18.0671416215686,-0.491655457981986,-0.491651814740728
2017-07-09 15:00:00,130.625,-18.0855973415584,-0.494685036084622,-0.494681398197713
2017-07-09 15:30:00,130.645833333332,-18.213980388671,-0.515226002260403,-0.51522236972829
2017-07-09 16:00:00,130.666666666668,-17.4724415168831,-0.397187671394047,-0.397184044217177
2017-07-09 16:30:00,130.6875,-18.8734488233115,-0.620458364091534,-0.620454742270354
2017-07-09 17:00:00,130.708333333332,-18.5085194844156,-0.562413973501528,-0.562410357036482
2017-07-09 17:30:00,130.729166666668,-18.121209610917,-0.500804234017216,-0.500800622908748
2017-07-09 18:00:00,130.75,-18.096324674026,-0.496928932177685,-0.49692532642624
2017-07-09 18:30:00,130.770833333332,-16.8574912578603,-0.299670656325676,-0.299667055931697
2017-07-09 19:00:00,130.791666666668,-16.256896087013,-0.204084075272925,-0.204080480236854
2017-07-09 23:00:00,130.958333333332,-14.8809118633609,0.0144060211869252,0.0144095733438806
2017-07-09 23:30:00,130.979166666668,-14.493017148,0.0761102921478022,0.0761138389428977
2017-07-10,131,-15.0500906274725,-0.0127194317283155,-0.0127158902955151
2017-07-10 00:30:00,131.020833333332,-14.8894628497143,0.0127812814476258,0.0127848175176961
2017-07-10 01:00:00,131.041666666668,-15.778708825,-0.128963530580774,-0.128959999873868
2017-07-10 01:30:00,131.0625,-15.6079599874286,-0.101850297516241,-0.101846772172932
2017-07-10 02:00:00,131.083333333332,-15.6147197612637,-0.103014199167976,-0.103010679188698
2017-07-10 02:30:00,131.104166666668,-15.7016456891429,-0.116948512504889,-0.116944997890073
2017-07-10 03:00:00,131.125,-16.1002142956044,-0.180527613290713,-0.180524104040791
2017-07-10 03:30:00,131.145833333332,-15.9700285634286,-0.159875656113208,-0.15987215222861
2017-07-10 04:00:00,131.166666666668,-15.9063461299451,-0.149817607966307,-0.149814109447464
2017-07-10 04:30:00,131.1875,-15.9497086297143,-0.156811780195906,-0.156808287043246
2017-07-10 05:00:00,131.208333333332,-16.2710713983516,-0.208091479921251,-0.208087992135203
2017-07-10 05:30:00,131.229166666668,-16.16117611875,-0.190671350371426,-0.190667867952418
2017-07-10 06:00:00,131.25,-15.9518763983516,-0.157415908347541,-0.157412431296
2017-07-10 06:30:00,131.270833333332,-16.2342386488636,-0.202482455606854,-0.202478983923207
2017-07-10 07:00:00,131.291666666668,-16.2161867769231,-0.199692704438326,-0.199689238122998
2017-07-10 07:30:00,131.3125,-16.1292329710227,-0.185926711899243,-0.185923250952659
2017-07-10 08:00:00,131.333333333332,-15.9945649915254,-0.164559703345483,-0.164556247768068
2017-07-10 08:30:00,131.354166666668,-15.9635080983784,-0.15969790081456,-0.159694450606737
2017-07-10 09:30:00,131.395833333332,-15.7167799671309,-0.120564756406436,-0.120561316939067
2017-07-10 10:00:00,131.416666666668,-15.6600392870787,-0.1116111659782,-0.111607731881689
2017-07-10 10:30:00,131.4375,-15.1886935896936,-0.0366105858886506,-0.0366071571634194
2017-07-10 11:00:00,131.458333333332,-15.1140281264045,-0.0248013364339366,-0.0247979130804054
2017-07-10 11:30:00,131.479166666668,-15.027548743454,-0.0111100069946767,-0.0111065890132651
2017-07-10 12:00:00,131.5,-14.9797527977528,-0.00358086260186841,-0.00357744999299503
2017-07-10 12:30:00,131.520833333332,-15.4702952529248,-0.0818092960095308,-0.0818058887736138
2017-07-10 13:00:00,131.541666666668,-15.1737808814607,-0.0346589003208644,-0.0346554984583212
2017-07-10 13:30:00,131.5625,-15.0424234150418,-0.0138180034454787,-0.0138146069567255
2017-07-10 14:00:00,131.583333333332,-14.9831292213483,-0.00445672321816848,-0.00445333210362175
2017-07-10 14:30:00,131.604166666668,-16.2105698907821,-0.200073111998423,-0.200069726258498
2017-07-10 15:00:00,131.625,-16.6360225151685,-0.267932117876108,-0.267928737511219
2017-07-10 15:30:00,131.645833333332,-16.6463296502793,-0.269658036417358,-0.269654661427919
2017-07-10 16:00:00,131.666666666668,-16.4367078837079,-0.236349009519228,-0.236345639905652
2017-07-10 16:30:00,131.6875,-15.5868997220056,-0.101057718143386,-0.101054353906086
2017-07-10 17:00:00,131.708333333332,-15.1923090219101,-0.0382827794465003,-0.0382794205858872
2017-07-10 17:30:00,131.729166666668,-16.0365586790503,-0.172855880678109,-0.172852527194594
2017-07-10 18:00:00,131.75,-15.9248417909605,-0.155142713828682,-0.155139365722676
2017-07-10 18:30:00,131.770833333332,-16.2382367610028,-0.205150055478743,-0.205146712750655
2017-07-10 19:00:00,131.791666666668,-16.2466404162921,-0.206571948436326,-0.206568611086566
2017-07-10 19:30:00,131.8125,-15.0589526465181,-0.0174555083272113,-0.0174521763561869
2017-07-10 20:00:00,131.833333333332,-14.8086045525424,0.0223421659158736,0.0223454925077549
2017-07-10 20:30:00,131.854166666668,-14.7316490091922,0.0345183972695853,0.0345217184819163
2017-07-10 21:00:00,131.875,-14.5455786870787,0.0640768051994173,0.0640801210317922
2017-07-11 01:00:00,132.041666666668,-14.6985806519713,0.0390457817127321,0.0390490544909193
2017-07-11 01:30:00,132.0625,-14.2207769265385,0.115078558842086,0.115081826236693
2017-07-11 02:00:00,132.083333333332,-14.9402365706093,0.000386540080096864,0.0003898020907247
2017-07-11 02:30:00,132.104166666668,-14.8520692103846,0.0143501947027241,0.0143534513289743
2017-07-11 03:00:00,132.125,-14.7039354992832,0.0378666463433228,0.0378698975847973
2017-07-11 03:30:00,132.145833333332,-14.5678192207692,0.0594688268659762,0.0594720727222779
2017-07-11 04:00:00,132.166666666668,-14.2002401609319,0.117943308351012,0.117946548821745
2017-07-11 04:30:00,132.1875,-14.1471845876923,0.126314088160538,0.126317323245306
2017-07-11 05:00:00,132.208333333332,-13.7992974845878,0.181651855880003,0.181655085578412
2017-07-11 05:30:00,132.229166666668,-13.6927461411538,0.198544779145032,0.198548003456687
2017-07-11 06:00:00,132.25,-13.2033799207885,0.276420500402395,0.276423719326902
2017-07-11 06:30:00,132.270833333332,-13.1149192407692,0.290431797133891,0.290435010670858
2017-07-11 07:00:00,132.291666666668,-12.6439247383513,0.36538111969045,0.365384327839484
2017-07-11 07:30:00,132.3125,-12.4975440712644,0.388619340869668,0.388622543630379
2017-07-11 08:30:00,132.354166666668,-12.4266267760563,0.39975621302128,0.399759405004172
2017-07-11 09:00:00,132.375,-12.372825384127,0.408246833263051,0.408250019856449
2017-07-11 09:30:00,132.395833333332,-12.5168098616197,0.385230137770685,0.3852333189742
2017-07-11 10:00:00,132.416666666668,-12.444388897619,0.39668709836943,0.396690274182675
2017-07-11 10:30:00,132.4375,-12.4249366140845,0.399706224943311,0.399709395365898
2017-07-11 11:00:00,132.458333333332,-12.3665873206349,0.408921787628613,0.408924952660155
2017-07-11 11:30:00,132.479166666668,-12.9370527919014,0.317966823581716,0.317969983221828
2017-07-11 12:00:00,132.5,-13.0991229793651,0.292069634744943,0.29207278899324
2017-07-11 12:30:00,132.520833333332,-13.7066514098592,0.195210744129682,0.195213892985779
2017-07-11 13:00:00,132.541666666668,-13.6400714301587,0.205737919660908,0.205741063124421
2017-07-11 13:30:00,132.5625,-13.3720492996479,0.248355088455741,0.248358226526287
2017-07-11 14:00:00,132.583333333332,-13.3050079293651,0.25895599321952,0.258959125896717
2017-07-11 14:30:00,132.604166666668,-13.6083380021127,0.210556577143248,0.210559704426715
2017-07-11 15:00:00,132.625,-13.5337420555556,0.222361160729592,0.222364282618947
2017-07-11 15:30:00,132.645833333332,-12.9763662035211,0.311073042985801,0.311076159480664
2017-07-11 16:00:00,132.666666666668,-12.993825381746,0.308213408874405,0.308216519974397
2017-07-11 16:30:00,132.6875,-12.9191056214789,0.32003806028396,0.320041165988702
2017-07-11 17:00:00,132.708333333332,-12.8282510103586,0.334433119721582,0.334436220030696
2017-07-11 17:30:00,132.729166666668,-12.7950774545775,0.339639660591067,0.339642755504175
2017-07-11 18:00:00,132.75,-13.1039047357143,0.290365338518543,0.290368428035268
2017-07-11 18:30:00,132.770833333332,-13.3960252736462,0.243752527364392,0.24375561148436
2017-07-11 19:00:00,132.791666666668,-13.0712310681275,0.295414790493733,0.295417869216566
2017-07-11 19:30:00,132.8125,-12.6966654929577,0.355005783182655,0.355008856507979
2017-07-11 20:00:00,132.833333333332,-12.5482777861111,0.378566594635061,0.378569662562504
2017-07-11 20:30:00,132.854166666668,-13.3706971651408,0.247477258383458,0.247480320912645
2017-07-11 21:00:00,132.875,-13.3753214063492,0.246663386829962,0.246666443960521
2017-07-11 21:30:00,132.895833333332,-13.3430422704225,0.251728364472287,0.251731416203846
2017-07-11 22:00:00,132.916666666668,-12.6901587027778,0.35565618643531,0.355659232767498
2017-07-11 22:30:00,132.9375,-13.093975353169,0.291251023400597,0.291254064333044
2017-07-11 23:00:00,132.958333333332,-13.0468095154762,0.298687807871495,0.29869084340383
2017-07-12 03:00:00,133.125,-13.2704536056701,0.262451143774454,0.262454136092675
2017-07-12 03:30:00,133.145833333332,-13.1820463976812,0.276458742331824,0.276461729246637
2017-07-12 04:00:00,133.166666666668,-13.3745154721649,0.245722663347564,0.245725644858608
2017-07-12 04:30:00,133.1875,-13.3762608594203,0.245369119015885,0.245372095122797
2017-07-12 05:00:00,133.208333333332,-13.3524639036082,0.249084603181013,0.249087573883432
2017-07-12 05:30:00,133.229166666668,-13.3240550750725,0.253534876969643,0.253537842267208
2017-07-12 06:00:00,133.25,-13.5010257804124,0.225268159257752,0.225271119150105
2017-07-12 06:30:00,133.270833333332,-13.4424608524638,0.234522551267603,0.234525505754383
2017-07-12 07:30:00,133.3125,-13.3857085316583,0.243413495905777,0.243416439580336
2017-07-12 08:00:00,133.333333333332,-13.2833115548961,0.259650709738868,0.259653648006781
2017-07-12 08:30:00,133.354166666668,-13.3350703467337,0.251330914532993,0.251333847393904
2017-07-12 09:00:00,133.375,-13.2910148682493,0.258274516129643,0.258277443583196
2017-07-12 09:30:00,133.395833333332,-13.4722741076142,0.229325437239936,0.229328359285776
2017-07-12 10:00:00,133.416666666668,-13.4043946679525,0.240064443045952,0.240067359683725
2017-07-12 10:30:00,133.4375,-13.3570652854271,0.247529925163593,0.247532836392945
2017-07-12 11:00:00,133.458333333332,-13.2854821258929,0.25885916639903,0.258862072219608
2017-07-12 11:30:00,133.479166666668,-13.0680401688442,0.293423933428736,0.293426833840189
2017-07-12 12:00:00,133.5,-13.0446587385757,0.297074834991532,0.297077729993508
2017-07-12 12:30:00,133.520833333332,-12.9178743668342,0.317198014160648,0.317200903752795
2017-07-12 13:00:00,133.541666666668,-12.712504452819,0.349840041518243,0.349842925700212
2017-07-12 13:30:00,133.5625,-12.8348442517588,0.330277792572249,0.330280671343691
2017-07-12 14:00:00,133.583333333332,-12.7029762545994,0.35121114236981,0.351214015730376
2017-07-12 14:30:00,133.604166666668,-13.2948040150754,0.256859355988478,0.25686222393782
2017-07-12 15:00:00,133.625,-13.0759436195846,0.291650887364109,0.291653749901879
2017-07-12 15:30:00,133.645833333332,-13.5256633115578,0.219937248224247,0.219940105350099
2017-07-12 16:00:00,133.666666666668,-13.3735863074405,0.244090368025338,0.244093219738927
2017-07-12 16:30:00,133.6875,-12.5425778728643,0.376397865083062,0.376400711384042
2017-07-12 17:00:00,133.708333333332,-12.1955684559524,0.4316040879763,0.431606928864327
2017-07-12 17:30:00,133.729166666668,-11.9423888873737,0.471863264208478,0.471866099683208
2017-07-12 18:00:00,133.75,-11.4588575735905,0.548817753303623,0.548820583364713
2017-07-12 18:30:00,133.770833333332,-12.1253567934673,0.442571671809732,0.442574496456839
2017-07-12 19:00:00,133.791666666668,-11.7878813094955,0.496259593349811,0.496262412582595
2017-07-12 19:30:00,133.8125,-12.1767537663317,0.434239884129493,0.434242697947612
2017-07-12 20:00:00,133.833333333332,-12.1059228382789,0.445451367908397,0.445454176311511
2017-07-12 20:30:00,133.854166666668,-11.3181808733668,0.57086740745835,0.570870210446119
2017-07-12 21:00:00,133.875,-11.1721543014837,0.594057841616216,0.594060639188302
2017-07-12 21:30:00,133.895833333332,-10.9793366919598,0.624702236812035,0.6247050289681
2017-07-12 22:00:00,133.916666666668,-10.949299704451,0.629415677909299,0.629418464649006
2017-07-12 22:30:00,133.9375,-10.9892160798995,0.622985613620602,0.622988394943613
2017-07-12 23:00:00,133.958333333332,-10.9862789498516,0.623382258712925,0.623385034618904
2017-07-12 23:30:00,133.979166666668,-11.3510351869347,0.565205203003997,0.565207973492609
2017-07-13,134,-11.4635559604478,0.547209552242394,0.547212317313305
2017-07-13 00:30:00,134.020833333332,-11.7133467055276,0.507346812274555,0.50734957192743
2017-07-13 01:00:00,134.041666666668,-11.7280088762611,0.504940337594073,0.50494309182858
2017-07-13 05:00:00,134.208333333332,-12.5814027951389,0.368431987574021,0.368434698449671
2017-07-13 05:30:00,134.229166666668,-12.5041848040506,0.380663127050971,0.380665832505286
2017-07-13 06:30:00,134.270833333332,-12.7422953342282,0.342592812452066,0.342595507062732
2017-07-13 07:00:00,134.291666666668,-12.6222635751938,0.361644562159666,0.36164725134802
2017-07-13 07:30:00,134.3125,-12.7437785248322,0.342217864048455,0.342220547814174
2017-07-13 08:00:00,134.333333333332,-12.5928320136951,0.366194586836974,0.366197265179734
2017-07-13 08:30:00,134.354166666668,-12.8427718268456,0.326309947190915,0.326312620110392
2017-07-13 09:00:00,134.375,-12.6949044105943,0.349796398978108,0.349799066473982
2017-07-13 09:30:00,134.395833333332,-13.2615369402685,0.259462614309348,0.259465276381298
2017-07-13 10:00:00,134.416666666668,-13.1167357326425,0.282460847921047,0.282463504568751
2017-07-13 10:30:00,134.4375,-13.5250000281879,0.217355467188195,0.217358118411334
2017-07-13 11:00:00,134.458333333332,-13.5050362725389,0.220467236574487,0.220469882372742
2017-07-13 11:30:00,134.479166666668,-13.6631476342282,0.195211628069726,0.195214268442778
2017-07-13 12:00:00,134.5,-13.6173824364341,0.202433816747757,0.202436451695289
2017-07-13 12:30:00,134.520833333332,-13.7592147221477,0.179771707816667,0.179774337338362
2017-07-13 13:00:00,134.541666666668,-13.7661137010336,0.178604686670073,0.178607310765614
2017-07-13 13:30:00,134.5625,-14.0374899248322,0.135306367000776,0.135308985669848
2017-07-13 14:00:00,134.583333333332,-14.0160413385013,0.13865536444059,0.138657977682878
2017-07-13 14:30:00,134.604166666668,-14.4102483590604,0.0757902422781642,0.0757928500933538
2017-07-13 15:00:00,134.625,-14.3708449576227,0.0819996858198107,0.0820022882075884
2017-07-13 15:30:00,134.645833333332,-14.7215167442953,0.0260699887682438,0.0260725857282973
2017-07-13 16:00:00,134.666666666668,-14.6847467674419,0.0318601571509345,0.0318627486829512
2017-07-13 16:30:00,134.6875,-14.6712818939597,0.0339379215550456,0.0339405076587144
2017-07-13 17:00:00,134.708333333332,-14.6052893927649,0.0443834902418286,0.044386070916839
2017-07-13 17:30:00,134.729166666668,-14.7533288738255,0.0207337268651915,0.0207363021112332
2017-07-13 18:00:00,134.75,-14.6694315211886,0.0340317825098382,0.0340343523266021
2017-07-13 18:30:00,134.770833333332,-15.037093966443,-0.024603844662872,-0.0246012802756943
2017-07-13 19:00:00,134.791666666668,-15.0058940478036,-0.0197002965498934,-0.0196977375926097
2017-07-13 19:30:00,134.8125,-15.4748456510067,-0.0944711275868382,-0.0944685740597558
2017-07-13 20:00:00,134.833333333332,-15.4238575240933,-0.0864150723583709,-0.0864125242617962
2017-07-13 20:30:00,134.854166666668,-16.0099932601351,-0.179853188084192,-0.179850645418431
2017-07-13 21:00:00,134.875,-15.8313023498708,-0.151453756779381,-0.151451219544738
2017-07-13 21:30:00,134.895833333332,-16.0968187872483,-0.193816757661935,-0.193814225858715
2017-07-13 22:00:00,134.916666666668,-16.0944056984496,-0.193498277822425,-0.193495751450932
2017-07-13 22:30:00,134.9375,-16.1210066604027,-0.197801641256542,-0.197799120317078
2017-07-13 23:00:00,134.958333333332,-16.0841395056848,-0.191994372596518,-0.191991857089385
2017-07-13 23:30:00,134.979166666668,-16.1058455328859,-0.195517737911543,-0.195515227837043
2017-07-14,135,-16.0465169046154,-0.186132108931391,-0.186129604289825
2017-07-14 00:30:00,135.020833333332,-16.2304697939597,-0.215501283780672,-0.21549878457234
2017-07-14 01:00:00,135.041666666668,-16.1504340710594,-0.202816768262947,-0.202814274488148
2017-07-14 01:30:00,135.0625,-16.3095167550336,-0.22822387004197,-0.228221381701003
2017-07-14 02:00:00,135.083333333332,-16.3223049173127,-0.230326034167451,-0.230323551260614
2017-07-14 02:30:00,135.104166666668,-16.4556375483221,-0.251630902492261,-0.251628425019851
2017-07-14 03:00:00,135.125,-16.4094444317829,-0.244337075120966,-0.24433460308328
2017-07-14 07:00:00,135.291666666668,-16.9177458384045,-0.325823834739263,-0.325821406189958
2017-07-14 08:00:00,135.333333333332,-16.7742881057621,-0.303098252208386,-0.303095834534093
2017-07-14 09:00:00,135.375,-16.8795390418216,-0.319991674688885,-0.319989267890759
2017-07-14 10:00:00,135.416666666668,-16.7502300504638,-0.299519069404236,-0.299516673483427
2017-07-14 11:00:00,135.458333333332,-16.7239944382189,-0.295465663296804,-0.295463278254456
2017-07-14 12:00:00,135.5,-16.7038531644981,-0.292382625833836,-0.292380251671087
2017-07-14 13:00:00,135.541666666668,-16.6707333516667,-0.287231633914075,-0.287229270632057
2017-07-14 14:00:00,135.583333333332,-16.7149554660482,-0.294400802302871,-0.294398449902712
2017-07-14 15:00:00,135.625,-16.782281457963,-0.305249970863259,-0.30524762934608
2017-07-14 16:00:00,135.666666666668,-16.6874259368519,-0.290263044408317,-0.290260713775234
2017-07-14 17:00:00,135.708333333332,-16.504990696475,-0.261324141932003,-0.261321822184126
2017-07-14 20:30:00,135.854166666668,-15.8485390178439,-0.157178330175351,-0.157176048534355
2017-07-14 21:30:00,135.895833333332,-15.7338905450835,-0.139035818738244,-0.13903354798738
2017-07-14 22:30:00,135.9375,-15.4961635723048,-0.101286349793744,-0.101284089934091
2017-07-14 23:30:00,135.979166666668,-15.0959497102421,-0.0376521387082688,-0.0376498897408993
2017-07-15 00:30:00,136.020833333332,-15.0121840081784,-0.0244278810238773,-0.0244256429498598
2017-07-15 01:30:00,136.0625,-14.9306679244403,-0.0115615244605253,-0.0115592972809219
2017-07-15 02:30:00,136.104166666668,-15.1984240616667,-0.0543340175440866,-0.054331801259954
2017-07-15 03:30:00,136.145833333332,-15.0486264187732,-0.03058943025764,-0.0305872248700286
2017-07-15 04:30:00,136.1875,-14.9733537038889,-0.0187162523910329,-0.0187140579009883
2017-07-15 06:00:00,136.25,-14.9028252933086,-0.0076568835325922,-0.0076547053908449
2017-07-15 07:00:00,136.291666666668,-14.8241853853933,0.00475385302497477,0.00475602026656696
2017-07-15 08:00:00,136.333333333332,-14.8107429986965,0.00677904294030907,0.00678119928072085
2017-07-15 09:00:00,136.375,-14.7667847886827,0.0136658904553918,0.0136680358936034
2017-07-15 10:00:00,136.416666666668,-14.71854173859,0.0212357812547462,0.0212379157897434
2017-07-15 11:00:00,136.458333333332,-14.6499439340187,0.0320486642450988,0.0320507878758731
2017-07-15 12:00:00,136.5,-14.5076511940631,0.0546016684211043,0.054603781146653
2017-07-15 13:00:00,136.541666666668,-14.3405427648699,0.0811082950005028,0.0811103968198283
2017-07-15 14:00:00,136.583333333332,-14.0823432205937,0.122126266740081,0.122128357652193
2017-07-15 15:00:00,136.625,-13.904242019137,0.150384980719992,0.150387060723903
2017-07-15 16:00:00,136.666666666668,-13.8414625411985,0.160273327281773,0.160275396376503
2017-07-15 17:00:00,136.708333333332,-13.7715385977401,0.171300257912705,0.17130231609728
2017-07-15 18:00:00,136.75,-14.4144444323917,0.0687733611574901,0.0687754084309407
2017-07-15 22:00:00,136.916666666668,-13.802424242803,0.165827121026048,0.165829124645425
2017-07-15 22:30:00,136.9375,-13.8299671321168,0.161384856481299,0.161386854642851
2017-07-15 23:00:00,136.958333333332,-13.6181969560606,0.195065450759863,0.195067443463355
2017-07-15 23:30:00,136.979166666668,-13.4504854036496,0.221727591307706,0.221729578552906
2017-07-16,137,-13.9522727056818,0.141738202418419,0.141740184205092
2017-07-16 00:30:00,137.020833333332,-13.8590691003636,0.15653140677261,0.156533383100525
2017-07-16 01:00:00,137.041666666668,-14.0088068113636,0.132624002350134,0.132625973219059
2017-07-16 01:30:00,137.0625,-13.8616436367273,0.156013237707171,0.156015203116875
2017-07-16 02:00:00,137.083333333332,-14.0593901465909,0.124458230382202,0.124460190332454
2017-07-16 02:30:00,137.104166666668,-13.8313781698182,0.160726970773069,0.16072892526364
2017-07-16 03:00:00,137.125,-14.1427500022727,0.111071601453066,0.111073550483728
2017-07-16 03:30:00,137.145833333332,-14.0805766474453,0.120922363963245,0.120924307533768
2017-07-16 04:00:00,137.166666666668,-14.4997878723485,0.0540883354820323,0.054090273592191
2017-07-16 04:30:00,137.1875,-14.4449163370909,0.0627761460497026,0.0627780786992694
2017-07-16 05:30:00,137.229166666668,-14.640262779927,0.0315511394244015,0.0315530611521071
2017-07-16 06:00:00,137.25,-14.4731660324528,0.058116856246249,0.0581187725126868
2017-07-16 06:30:00,137.270833333332,-14.5997262755474,0.0379029212166904,0.0379048320216366
2017-07-16 07:00:00,137.291666666668,-14.5412301781132,0.0471687100807655,0.0471706154239969
2017-07-16 07:30:00,137.3125,-14.6665912386861,0.0271460388983509,0.0271479387796449
2017-07-16 08:00:00,137.333333333332,-14.5262415184906,0.0494514015898906,0.0494532960090257
2017-07-16 08:30:00,137.354166666668,-14.9109269708029,-0.0118815972715863,-0.0118797083148313
2017-07-16 09:00:00,137.375,-14.9070226532075,-0.0113118514649446,-0.0113099679707901
2017-07-16 09:30:00,137.395833333332,-15.1275292076642,-0.0464908013054961,-0.0464889232741618
2017-07-16 10:00:00,137.416666666668,-15.0758143859848,-0.0383045747506803,-0.0383027021823847
2017-07-16 10:30:00,137.4375,-14.7769561930657,0.00925188410513611,0.00925375121017447
2017-07-16 11:00:00,137.458333333332,-14.7734734806818,0.00975493449020493,0.00975679613176839
2017-07-16 11:30:00,137.479166666668,-14.7093809300366,0.0199132920869181,0.0199151482647902
2017-07-16 12:00:00,137.5,-14.6321434079245,0.0321657697025854,0.0321676204165501
2017-07-16 12:30:00,137.520833333332,-15.0918248474453,-0.0411132102814502,-0.0411113650316088
2017-07-16 13:00:00,137.541666666668,-15.0646452743396,-0.0368347663533267,-0.036832926567823
2017-07-16 13:30:00,137.5625,-15.4139328529851,-0.0925276920367468,-0.0925258577157945
2017-07-16 14:00:00,137.583333333332,-15.099252810566,-0.042449984508119,-0.0424481556519318
2017-07-16 14:30:00,137.604166666668,-15.2062787903346,-0.0595502309667414,-0.0595484075755316
2017-07-16 15:00:00,137.625,-14.9169885927757,-0.0135169104545715,-0.013515092528551
2017-07-16 15:30:00,137.645833333332,-15.040286270632,-0.0332090166198037,-0.0332072041591839
2017-07-16 16:00:00,137.666666666668,-15.169667910566,-0.0538701855685898,-0.0538683785735808
2017-07-16 16:30:00,137.6875,-15.3688290011152,-0.085647154136033,-0.0856453526068447
2017-07-16 17:00:00,137.708333333332,-15.1494848454545,-0.0507558211771856,-0.0507540251140269
2017-07-16 17:30:00,137.729166666668,-15.8876877048327,-0.16840229524641,-0.168400504649489
2017-07-16 18:00:00,137.75,-15.6558636689394,-0.131522674956778,-0.131520889826303
2017-07-16 18:30:00,137.770833333332,-14.4155984788104,0.0660024586024234,0.0660042382662456
2017-07-16 19:00:00,137.791666666668,-14.2429773701887,0.0934512437876863,0.09345301798465
2017-07-16 19:30:00,137.8125,-14.4485576282528,0.0606523977607308,0.0606541664906302
2017-07-16 20:00:00,137.833333333332,-14.2453471713208,0.0929743215340739,0.0929760847967043
2017-07-17,138,-12.8992803598326,0.307010753303143,0.307012472820333
2017-07-17 00:30:00,138.020833333332,-12.6031794202658,0.354131248596334,0.354132962644444
2017-07-17 01:00:00,138.041666666668,-13.8146795034188,0.161089940457518,0.16109164903635
2017-07-17 01:30:00,138.0625,-13.7273016363934,0.174960934820002,0.174962637929359
2017-07-17 02:00:00,138.083333333332,-14.4996367739316,0.0518791500439271,0.0518808476836125
2017-07-17 02:30:00,138.104166666668,-14.3806098255738,0.0707920993854806,0.0707937915552992
2017-07-17 03:00:00,138.125,-14.1267606649573,0.111182440347726,0.111184127047483
2017-07-17 03:30:00,138.145833333332,-14.0715737727869,0.119925856848422,0.119927538077922
2017-07-17 04:00:00,138.166666666668,-14.090752132906,0.11682295239162,0.116824628150671
2017-07-17 04:30:00,138.1875,-13.8989212960656,0.147334080680919,0.147335750969327
2017-07-17 05:30:00,138.229166666668,-14.0187160802469,0.128155714412342,0.128157373758891
2017-07-17 06:00:00,138.25,-13.9153561756849,0.144573710645891,0.144575364521223
2017-07-17 06:30:00,138.270833333332,-13.8126516459016,0.160887422113872,0.160889070517798
2017-07-17 07:00:00,138.291666666668,-13.8501883640411,0.154860719480688,0.154862362413019
2017-07-17 07:30:00,138.3125,-13.8224467209016,0.159233023365077,0.159234660825623
2017-07-17 08:00:00,138.333333333332,-13.9079212667808,0.145570024356223,0.145571656344798
2017-07-17 08:30:00,138.354166666668,-13.9249918221311,0.14280394685007,0.142805573366486
2017-07-17 09:00:00,138.375,-13.8898287575342,0.14835883926341,0.14836046030748
2017-07-17 09:30:00,138.395833333332,-13.8870450946721,0.14875578678276,0.148757402354299
2017-07-17 10:00:00,138.416666666668,-13.8453219037671,0.155355945893042,0.155357555991865
2017-07-17 10:30:00,138.4375,-13.6794057393443,0.181740251387528,0.181741856013451
2017-07-17 11:00:00,138.458333333332,-13.5751472438356,0.198302563121583,0.198304162274422
2017-07-17 11:30:00,138.479166666668,-13.2210409995902,0.254665916738485,0.254667510418058
2017-07-17 12:00:00,138.5,-13.1738527650685,0.26213712904975,0.262138717255873
2017-07-17 12:30:00,138.520833333332,-12.8270122918033,0.317343274104637,0.31734485683713
2017-07-17 13:00:00,138.541666666668,-12.7067157619863,0.336460924059604,0.336462501318286
2017-07-17 18:30:00,138.770833333332,-12.952836432342,0.296759042585012,0.296760559620044
2017-07-17 19:30:00,138.8125,-13.6312096554731,0.188605282487225,0.188606788570236
2017-07-17 20:30:00,138.854166666668,-12.9352918412639,0.299377534975244,0.29937903010555
2017-07-18 02:00:00,139.083333333332,-13.2031254275261,0.256236085849489,0.256237520727957
2017-07-18 02:30:00,139.104166666668,-13.0946408102041,0.27347525039334,0.273476679793384
2017-07-18 03:00:00,139.125,-13.250792512585,0.248557777236856,0.248559201158316
2017-07-18 03:30:00,139.145833333332,-13.1588163240816,0.263167371559617,0.263168790002332
2017-07-18 04:00:00,139.166666666668,-13.7671836615646,0.166211858870191,0.166213271834
2017-07-18 04:30:00,139.1875,-13.7040612167347,0.176225265515028,0.176226672999775
2017-07-18 05:30:00,139.229166666668,-13.8411973569079,0.154295644029377,0.154297040555523
2017-07-18 06:00:00,139.25,-13.6400512452991,0.186296670928635,0.186298061975246
2017-07-18 06:30:00,139.270833333332,-13.8274473582237,0.156402760981088,0.156404146548006
2017-07-18 07:00:00,139.291666666668,-13.8895021515021,0.146475930007366,0.146477310094438
2017-07-18 07:30:00,139.3125,-13.6155987101974,0.190067603071685,0.190068977678756
2017-07-18 08:00:00,139.333333333332,-13.5737038502146,0.196700260529596,0.196701629656511
2017-07-18 08:30:00,139.354166666668,-13.2902302888158,0.241816694957819,0.241818058604426
2017-07-18 09:00:00,139.375,-13.2429914547009,0.24930088571839,0.249302243884536
2017-07-18 09:30:00,139.395833333332,-13.0725460529605,0.276412087956792,0.276413440642326
2017-07-18 10:00:00,139.416666666668,-12.991679491453,0.289253434147345,0.289254781352114
2017-07-18 14:00:00,139.583333333332,-12.7460584136364,0.328059228978721,0.32806053233203
2017-07-18 14:30:00,139.604166666668,-12.6549662405195,0.342530577577821,0.342531875449038
2017-07-18 15:00:00,139.625,-12.5342272590909,0.361724801193907,0.36172609358289
2017-07-18 15:30:00,139.645833333332,-12.2756233883117,0.402881117475516,0.40288240438212
2017-07-18 16:00:00,139.666666666668,-13.1668766194805,0.260864492991857,0.26086577441594
2017-07-18 16:30:00,139.6875,-12.9193558363636,0.30025550004796,0.30025677598938
2017-07-18 17:00:00,139.708333333332,-12.6037272961039,0.350496238774705,0.350497509233322
2017-07-18 17:30:00,139.729166666668,-12.9094597332468,0.301753847061179,0.301755112036852
2017-07-18 18:00:00,139.75,-12.9294415142857,0.298531856363125,0.298533115855713
2017-07-18 18:30:00,139.770833333332,-12.9201454464935,0.299973965208322,0.299975219217687
2017-07-18 19:00:00,139.791666666668,-12.1994740746753,0.41473878564951,0.414740034175515
2017-07-18 19:30:00,139.8125,-12.0369662241558,0.440587875589372,0.440589118631877
2017-07-18 20:00:00,139.833333333332,-11.8073051792208,0.477134634705125,0.477135872263995
2017-07-18 20:30:00,139.854166666668,-11.4072343744792,0.540827907656899,0.540829139731998
2017-07-18 21:00:00,139.875,-11.2798311318182,0.561085160444481,0.561086387035672
2017-07-18 21:30:00,139.895833333332,-10.9044844492228,0.620840097728772,0.62084131883592
2017-07-18 22:00:00,139.916666666668,-11.6043376350649,0.509315044956514,0.509316260579487
2017-07-18 22:30:00,139.9375,-11.5125984409326,0.523891341337302,0.523892551475965
2017-07-18 23:00:00,139.958333333332,-11.5218896077922,0.522373546360855,0.522374751015076
2017-07-18 23:30:00,139.979166666668,-11.8386406177083,0.471877296022061,0.471878495191708
2017-07-19,140,-12.4916038896104,0.367822309443449,0.367823503128391
2017-07-19 00:30:00,140.020833333332,-12.2654352380829,0.403813783866422,0.403814972066528
2017-07-19 01:00:00,140.041666666668,-12.1219805168831,0.426628987445346,0.426630170160486
2017-07-19 01:30:00,140.0625,-12.0182953251295,0.443108993934025,0.443110171164071
2017-07-19 02:00:00,140.083333333332,-12.6168765922078,0.347717569057615,0.347718740802438
2017-07-19 02:30:00,140.104166666668,-12.6731036253886,0.338723678593899,0.338724844853371
2017-07-19 03:00:00,140.125,-12.596803896732,0.350841513380691,0.350842674154686
2017-07-19 03:30:00,140.145833333332,-12.5718264041451,0.354783796675341,0.354784951963732
2017-07-19 04:30:00,140.1875,-13.1084755963415,0.269222250801558,0.269223395118365
2017-07-19 05:00:00,140.208333333332,-12.960991976738,0.292680199870243,0.292681338701071
2017-07-19 05:30:00,140.229166666668,-13.130335354878,0.265667499197872,0.265668632542598
2017-07-19 06:00:00,140.25,-12.9770935858289,0.29004296040864,0.290044088267141
2017-07-19 06:30:00,140.270833333332,-13.1555793390244,0.261574107686492,0.261575230058647
2017-07-19 07:00:00,140.291666666668,-13.0330695264706,0.281054181105159,0.281055297990846
2017-07-19 07:30:00,140.3125,-13.4167500280488,0.219897893179195,0.219899004578293
2017-07-19 08:00:00,140.333333333332,-13.4243048318182,0.218658815129214,0.218659921041604
2017-07-19 08:30:00,140.354166666668,-13.6091646268293,0.18917504270565,0.189176143131212
2017-07-19 09:00:00,140.375,-13.375363642246,0.226384349091722,0.226385444030338
2017-07-19 09:30:00,140.395833333332,-13.308609777439,0.236983047368133,0.236984136819685
2017-07-19 10:00:00,140.416666666668,-13.1946925240642,0.255095024596074,0.255096108560445
2017-07-19 10:30:00,140.4375,-13.0537378042683,0.277514206999856,0.277515285476929
2017-07-19 11:00:00,140.458333333332,-12.9475347737968,0.294397537918411,0.294398610908071
2017-07-19 11:30:00,140.479166666668,-13.0100853329268,0.284398418882655,0.284399486384788
2017-07-19 12:00:00,140.5,-12.8447780713904,0.310697330976126,0.310698392990616
2017-07-19 16:00:00,140.666666666668,-12.4537821284916,0.372710271035327,0.372711289144653
2017-07-19 17:00:00,140.708333333332,-12.6374081636364,0.343391439129554,0.343392446261495
2017-07-19 18:00:00,140.75,-13.2695315972119,0.242627121212329,0.24262811736646
2017-07-19 19:00:00,140.791666666668,-12.6237309847866,0.345437487137738,0.34543847231364
2017-07-19 20:00:00,140.833333333332,-12.9728070345083,0.289763759960404,0.289764734157661
2017-07-19 21:00:00,140.875,-12.5681206048237,0.354165404562453,0.354166367780657
2017-07-19 22:00:00,140.916666666668,-12.2878812662338,0.398743008817142,0.39874396105589
2017-07-19 23:00:00,140.958333333332,-12.448431482963,0.373102992144492,0.373103933403386
2017-07-20,141,-12.3906085270872,0.382250448181532,0.382251378460179
2017-07-20 01:00:00,141.041666666668,-13.0100129914657,0.283515562511276,0.283516481809292
2017-07-20 02:00:00,141.083333333332,-13.2825907255556,0.240030893149363,0.240031801466366
2017-07-20 03:00:00,141.125,-13.3737810768089,0.2254418338539,0.225442731189516
2017-07-20 04:30:00,141.1875,-13.7053731464552,0.172526305429744,0.172527186292589
2017-07-20 05:30:00,141.229166666668,-13.968903167784,0.130484589571885,0.13048545945243
2017-07-20 06:30:00,141.270833333332,-13.8879832763941,0.143314461428045,0.143315320325935
2017-07-20 07:30:00,141.3125,-13.7522732375465,0.164872913428834,0.164873761343721
2017-07-20 08:30:00,141.354166666668,-13.5695018763941,0.193928738235176,0.193929575166715
2017-07-20 09:30:00,141.395833333332,-13.6456171072491,0.181744214493646,0.181745040441499
2017-07-20 10:30:00,141.4375,-13.3682309195531,0.225873189936598,0.225874004900432
2017-07-20 11:30:00,141.479166666668,-12.7537862289963,0.323696296374441,0.323697100353931
2017-07-20 12:30:00,141.520833333332,-12.8728637835821,0.304669255629992,0.304670048624816
2017-07-20 13:30:00,141.5625,-13.1447158966355,0.261305589229691,0.261306371239533
2017-07-20 18:00:00,141.75,-11.9656140888683,0.448884737939654,0.448885470513329
2017-07-20 19:00:00,141.791666666668,-11.5227713799257,0.519375056687212,0.519375778274272
2017-07-20 20:00:00,141.833333333332,-11.3719666387755,0.543343989341189,0.543344699941355
2017-07-20 21:00:00,141.875,-11.2335491855288,0.565340089077567,0.565340788690567
2017-07-20 22:00:00,141.916666666668,-10.9344452630798,0.61293412911157,0.612934817737136
2017-07-20 23:00:00,141.958333333332,-11.1827899557621,0.573319684494207,0.573320362132077
2017-07-21,142,-10.8407174596654,0.627759590948427,0.627760257598346
2017-07-21 01:00:00,142.041666666668,-11.9111074175926,0.457193690120211,0.457194345781929
2017-07-21 02:00:00,142.083333333332,-12.2452740637037,0.403909160011817,0.403909804685088
2017-07-21 03:00:00,142.125,-13.1324296390741,0.262533569359422,0.262534203044008
2017-07-21 04:30:00,142.1875,-13.5445751471243,0.19680276841152,0.196803385612642
2017-07-21 05:30:00,142.229166666668,-13.8721075892393,0.144576720563556,0.14457732677542
2017-07-21 06:30:00,142.270833333332,-14.1058664504638,0.107289342313489,0.107289937535875
2017-07-21 07:30:00,142.3125,-14.475623364564,0.0483378482300547,0.04833843246275
2017-07-21 08:30:00,142.354166666668,-14.3511263763941,0.0681218251788771,0.0681223984216737
2017-07-21 09:30:00,142.395833333332,-14.4575361868275,0.0511226553269256,0.0511232175796213
2017-07-21 10:30:00,142.4375,-14.1060278324675,0.107070647610689,0.107071198873087
2017-07-21 11:30:00,142.479166666668,-14.1087365361781,0.106592080690487,0.106592620962397
2017-07-21 12:30:00,142.520833333332,-14.1800907527778,0.095178705810804,0.09517923509204
2017-07-21 13:30:00,142.5625,-14.3513500135185,0.0678508573286459,0.0678513756190287
2017-07-21 14:30:00,142.604166666668,-14.8569740244898,-0.0127410634602014,-0.0127405561608458
2017-07-21 15:30:00,142.645833333332,-14.5435833357407,0.037137114064006,0.037137610372166
2017-07-21 20:00:00,142.833333333332,-14.1354341335807,0.1019580832922,0.10195853013805
2017-07-21 21:00:00,142.875,-14.023640090538,0.119724364032344,0.119724799886174
2017-07-21 22:00:00,142.916666666668,-13.3337635182495,0.229580076302077,0.229580501163756
2017-07-21 23:00:00,142.958333333332,-13.2639517786642,0.240659489153676,0.240659903023077
2017-07-22,143,-13.9688922130112,0.12832079860921,0.128321201486214
2017-07-22 01:00:00,143.041666666668,-14.4964794774254,0.0442350663536903,0.0442354582381825
2017-07-22 02:00:00,143.083333333332,-14.8994934996289,-0.0200055877953285,-0.0200052069034571
2017-07-22 03:00:00,143.125,-14.3391981324074,0.0692101038051757,0.0692104737043232
2017-07-22 04:30:00,143.1875,-14.3735743618959,0.0636751890288385,0.0636755424387188
2017-07-22 05:30:00,143.229166666668,-14.6539200713755,0.0189773355205122,0.0189776779374352
2017-07-22 06:30:00,143.270833333332,-14.6420149320896,0.0208357227582514,0.0208360541821335
2017-07-22 07:30:00,143.3125,-14.8223085288104,-0.00792281428625841,-0.00792249385549471
2017-07-22 08:30:00,143.354166666668,-14.5202974057621,0.0401506069198316,0.0401509163574046
2017-07-22 09:30:00,143.395833333332,-14.6475464622677,0.019843046517934,0.01984334496225
2017-07-22 10:30:00,143.4375,-14.333600385316,0.0698186579276108,0.0698189453786089
2017-07-22 11:30:00,143.479166666668,-13.4977523132216,0.202934101908034,0.202934378365659
2017-07-22 12:30:00,143.520833333332,-12.8907509390335,0.299594575180578,0.299594840644781
2017-07-22 13:30:00,143.5625,-13.2042201440299,0.249623899232772,0.249624153703508
2017-07-22 14:30:00,143.604166666668,-13.619278785316,0.183470425328141,0.183470668805373
2017-07-22 15:30:00,143.645833333332,-14.1162974068773,0.104261139854851,0.104261372338545
2017-07-22 16:30:00,143.6875,-14.2730148981378,0.0792625394979934,0.0792627609881237
2017-07-22 17:30:00,143.729166666668,-13.9128044582868,0.13661139986352,0.136611610360065
2017-07-22 22:00:00,143.916666666668,-12.7141428469388,0.327416750744567,0.327416911769867
2017-07-22 23:00:00,143.958333333332,-12.5044014972119,0.360798373234383,0.360798523266082
2017-07-23,144,-12.479141277881,0.36479249181826,0.364792630856373
2017-07-23 01:00:00,144.041666666668,-13.6115130050186,0.184375486085612,0.184375614130161
2017-07-23 02:00:00,144.083333333332,-13.6344712499072,0.180689312904749,0.18068942995576
2017-07-23 03:00:00,144.125,-13.4005449576779,0.217925502103429,0.217925608160936
2017-07-23 04:30:00,144.1875,-13.6986895953532,0.170389078897827,0.170389168465149
2017-07-23 05:30:00,144.229166666668,-14.0474442492565,0.114804957159398,0.114805035733321
2017-07-23 06:30:00,144.270833333332,-14.6477806654275,0.0191441530020827,0.0191442205826581
2017-07-23 07:30:00,144.3125,-14.7333091283054,0.00549309579995849,0.00549315238724468
2017-07-23 08:30:00,144.354166666668,-15.1628826774674,-0.0629641173850777,-0.0629640717910172
2017-07-23 09:30:00,144.395833333332,-15.6226207977695,-0.136226096174462,-0.136226061573558
2017-07-23 10:30:00,144.4375,-16.2316164363128,-0.233264432133684,-0.233264408525861
2017-07-23 11:30:00,144.479166666668,-18.232333333892,-0.552004487038446,-0.552004474423625
2017-07-23 12:30:00,144.520833333332,-18.4668289923792,-0.5893837642199,-0.589383762597994
2017-07-23 13:30:00,144.5625,-18.3612583730483,-0.572589768144582,-0.5725897775155
2017-07-23 14:30:00,144.604166666668,-18.2608791994424,-0.556622300886285,-0.556622321249929
2017-07-23 15:30:00,144.645833333332,-17.8470278462825,-0.490718019205323,-0.490718050561589
2017-07-23 16:30:00,144.6875,-17.4537472957249,-0.428090208858869,-0.428090251207649
2017-07-23 17:30:00,144.729166666668,-16.5409851079926,-0.28270813025102,-0.2827081835922
2017-07-23 18:30:00,144.770833333332,-15.7118866124535,-0.150653265354084,-0.150653329687544
2017-07-23 19:30:00,144.8125,-15.3490168024254,-0.092868490978414,-0.0928685663040282
2017-07-24,145,-16.7083246946197,-0.309494270697956,-0.309494395486558
2017-07-24 01:00:00,145.041666666668,-16.69330616141,-0.307119855721917,-0.307119991501881
2017-07-24 02:00:00,145.083333333332,-17.3948330573284,-0.418891167340302,-0.418891314111467
2017-07-24 03:30:00,145.145833333332,-17.0639591899814,-0.366208201878022,-0.366208365135669
2017-07-24 04:30:00,145.1875,-16.8808721987037,-0.337058708276575,-0.337058882524992
2017-07-24 05:30:00,145.229166666668,-16.3843536764815,-0.257978875465311,-0.257979060704315
2017-07-24 06:30:00,145.270833333332,-17.0154777853704,-0.358532847260844,-0.358533043490248
2017-07-24 07:30:00,145.3125,-17.0866426181481,-0.369884433853664,-0.369884641073274
2017-07-24 08:30:00,145.354166666668,-16.7966234053803,-0.32369867151243,-0.323698889722048
2017-07-24 09:30:00,145.395833333332,-17.0026827476809,-0.356538105117902,-0.356538334317321
2017-07-24 10:30:00,145.4375,-15.2424592696296,-0.0761468079247047,-0.0761470481137168
2017-07-24 11:30:00,145.479166666668,-14.6313851948148,0.0211846405302932,0.0211843893519048
2017-07-24 12:30:00,145.520833333332,-15.0717852009259,-0.0489840111021319,-0.0489842732696751
2017-07-24 13:30:00,145.5625,-15.5170203707407,-0.119922435360974,-0.119922708517445
2017-07-24 14:30:00,145.604166666668,-16.5502444587037,-0.284527442051862,-0.284527726197028
2017-07-24 15:30:00,145.645833333332,-17.9621999764815,-0.509464163739327,-0.509464458872949
2017-07-24 16:30:00,145.6875,-18.7862870318519,-0.64075254684246,-0.640752852964294
2017-07-24 17:30:00,145.729166666668,-18.7401574125926,-0.633414319379244,-0.633414636489041
2017-07-24 18:30:00,145.770833333332,-18.307374777551,-0.564481517759353,-0.564481845856856
2017-07-24 19:30:00,145.8125,-18.0473055559259,-0.523061613879271,-0.52306195296422
2017-07-24 20:30:00,145.854166666668,-17.9810129503704,-0.512509990968889,-0.512510341041017
2017-07-24 21:30:00,145.895833333332,-18.1521925796296,-0.539787392315197,-0.539787753374233
2017-07-25 02:00:00,146.083333333332,-18.8449628929499,-0.650177989965005,-0.6501784004616
2017-07-25 03:30:00,146.145833333332,-18.7276623445269,-0.631500399900173,-0.631500826874616
2017-07-25 04:30:00,146.1875,-18.7673061443414,-0.637820742363235,-0.637821180322521
2017-07-25 05:30:00,146.229166666668,-18.8712523111317,-0.654384025359413,-0.654384474303224
2017-07-25 06:30:00,146.270833333332,-18.852645693321,-0.651424089711185,-0.651424549639199
2017-07-25 07:30:00,146.3125,-18.9027020595903,-0.659401744012466,-0.659402214924353
2017-07-25 08:30:00,146.354166666668,-19.0116709996283,-0.676763740931036,-0.676764222826463
2017-07-25 09:30:00,146.395833333332,-18.952674077963,-0.667368183564462,-0.667368676443089
2017-07-25 10:30:00,146.4375,-18.9654555548148,-0.669406503888671,-0.669407007750152
2017-07-25 11:30:00,146.479166666668,-18.8604174812616,-0.652675613150206,-0.65267612799419
2017-07-25 12:30:00,146.520833333332,-18.8475992769944,-0.650634941001699,-0.650635466827829
2017-07-25 13:30:00,146.5625,-18.9568870581481,-0.668045367099772,-0.668045903907685
2017-07-25 14:30:00,146.604166666668,-18.9867847864564,-0.672808428556642,-0.672808976345971
2017-07-25 15:30:00,146.645833333332,-18.8075518425926,-0.644256351999155,-0.644256910769526
2017-07-25 16:30:00,146.6875,-18.5970111005556,-0.610716448329821,-0.610717018080854
2017-07-25 17:30:00,146.729166666668,-18.5083018474074,-0.596583915413147,-0.596584496144458
2017-07-25 18:30:00,146.770833333332,-18.5566518587037,-0.604284548777669,-0.604285140488867
2017-07-25 19:30:00,146.8125,-18.3532189313544,-0.571875507600513,-0.571876110291202
2017-07-25 20:30:00,146.854166666668,-18.334844482963,-0.568945941879206,-0.568946555548983
2017-07-25 21:30:00,146.895833333332,-17.9743222162963,-0.511511511717678,-0.511512136366137
2017-07-25 22:30:00,146.9375,-17.6107889094444,-0.45359694821852,-0.453597583845247
2017-07-25 23:30:00,146.979166666668,-17.4531870101852,-0.428486932627363,-0.42848757923194
2017-07-26 04:00:00,147.166666666668,-18.0932639137546,-0.53042815199268,-0.530428847992247
2017-07-26 05:00:00,147.208333333332,-17.9976957300557,-0.51519755300827,-0.515198259983282
2017-07-26 06:00:00,147.25,-18.1515195011132,-0.539694798169871,-0.539695516119874
2017-07-26 07:00:00,147.291666666668,-18.2529313267161,-0.555842310504677,-0.55584303942921
2017-07-26 08:00:00,147.333333333332,-18.0322022350649,-0.520672072057213,-0.52067281195581
2017-07-26 09:00:00,147.375,-18.109150572119,-0.532921588272693,-0.53292233914488
2017-07-26 10:00:00,147.416666666668,-18.0710858591647,-0.526848970982643,-0.526849732827944
2017-07-26 11:00:00,147.458333333332,-18.0353037209259,-0.52113949703103,-0.52114026984896
2017-07-26 12:00:00,147.5,-18.034144432037,-0.520944995282665,-0.520945779072737
2017-07-26 13:00:00,147.541666666668,-17.9353592855556,-0.505198152220111,-0.505198946981829
2017-07-26 14:00:00,147.583333333332,-18.0487889525926,-0.523256808172567,-0.523257613905431
2017-07-26 15:00:00,147.625,-19.2833617825603,-0.719913898738311,-0.719914715441816
2017-07-26 16:00:00,147.666666666668,-17.044782961039,-0.363294976846466,-0.363295804520099
2017-07-26 17:00:00,147.708333333332,-17.873352561039,-0.495274517912457,-0.495275356555702
2017-07-26 18:00:00,147.75,-18.0330296248148,-0.520698527552851,-0.520699377165185
2017-07-26 19:00:00,147.791666666668,-17.3892998057728,-0.418138774236171,-0.418139634817065
2017-07-26 20:00:00,147.833333333332,-16.8190037798493,-0.327276604246935,-0.327277475795856
2017-07-31 15:00:00,152.625,-17.9404948938144,-0.501219052539018,-0.501221180393007
2017-07-31 15:30:00,152.645833333332,-18.0595903551487,-0.520156956962729,-0.520159090250933
2017-07-31 16:30:00,152.6875,-18.093313722549,-0.525460585680398,-0.525462729836146
2017-07-31 17:00:00,152.708333333332,-18.2978600887615,-0.55801052786378,-0.558012677452853
2017-07-31 17:30:00,152.729166666668,-17.6985436980583,-0.462504440945181,-0.462506595967282
2017-07-31 18:00:00,152.75,-17.4238133004608,-0.418705017210808,-0.418707177665637
2017-07-31 18:30:00,152.770833333332,-17.2502788384615,-0.39102606086687,-0.391028226754129
2017-07-31 19:00:00,152.791666666668,-17.013713982093,-0.353306200195859,-0.353308371515247
2017-07-31 19:30:00,152.8125,-16.6179805757282,-0.290230558309354,-0.290232735060571
2017-07-31 20:00:00,152.833333333332,-15.9799191568129,-0.188551773400181,-0.188553955582924
2017-07-31 20:30:00,152.854166666668,-14.9701538384615,-0.0276601742383596,-0.027662361852328
2017-07-31 21:00:00,152.875,-15.7299259074074,-0.148657027962415,-0.148659221007305
2017-07-31 21:30:00,152.895833333332,-15.7825195980392,-0.156999743223428,-0.157001941698936
2017-07-31 22:00:00,152.916666666668,-15.4330528696552,-0.101293828983207,-0.10129603288903
2017-07-31 22:30:00,152.9375,-15.0383750307692,-0.0383856351014841,-0.0383878444373149
2017-07-31 23:00:00,152.958333333332,-14.2189907852535,0.0921787102823187,0.0921764955167845
2017-07-31 23:30:00,152.979166666668,-14.2273365355769,0.0908851932438741,0.0908829730489431
2017-08-01,153,-13.8127066685333,0.156972111731907,0.156969886107886
2017-08-01 00:30:00,153.020833333332,-13.4008942423077,0.222610327295972,0.222608096243169
2017-08-01 01:00:00,153.041666666668,-13.9340802747706,0.137709730490522,0.137707494009245
2017-08-01 01:30:00,153.0625,-13.2963786262136,0.239332495404697,0.239330253495256
2017-08-01 02:00:00,153.083333333332,-14.7862768597254,0.00202719609402124,0.00202494875672565
2017-08-01 02:30:00,153.104166666668,-12.8158252048544,0.315958224204394,0.315955971439554
2017-08-01 03:00:00,153.125,-15.3983524217391,-0.0954034181822577,-0.0954056763743305
2017-08-01 03:30:00,153.145833333332,-15.3772038854369,-0.0919975350838624,-0.0919997987028562
2017-08-01 04:00:00,153.166666666668,-15.3916819167048,-0.0942668722796359,-0.0942691413252382
2017-08-01 04:30:00,153.1875,-15.0798058,-0.0445476431124967,-0.0445499175843942
2017-08-01 05:00:00,153.208333333332,-15.2605125995423,-0.0732971071399106,-0.0732993870377893
2017-08-01 05:30:00,153.229166666668,-14.4393495407767,0.0575521305742998,0.0575498452507545
2017-08-01 06:00:00,153.25,-15.022784890389,-0.03535204454954,-0.0353543352984365
2017-08-01 06:30:00,153.270833333332,-14.0693301048544,0.116571594491166,0.116569298317235
2017-08-01 07:00:00,153.291666666668,-15.1437505897025,-0.054546628834466,-0.0545489304331161
2017-08-01 07:30:00,153.3125,-13.6042912398058,0.190728190770818,0.190725883747767
2017-08-01 08:00:00,153.333333333332,-15.2398443915332,-0.069778632695058,-0.0697809451421921
2017-08-01 08:30:00,153.354166666668,-15.5293333353535,-0.115856348591607,-0.115858666462505
2017-08-01 09:00:00,153.375,-15.0754347910755,-0.0435117890694606,-0.0435141123638035
2017-08-01 09:30:00,153.395833333332,-15.1585959676768,-0.0567211095469646,-0.0567234382644319
2017-08-01 10:00:00,153.416666666668,-15.1916773370709,-0.0619525636277145,-0.0619548977679855
2017-08-01 10:30:00,153.4375,-15.2773737757576,-0.0755655185300886,-0.0755678580928416
2017-08-01 11:00:00,153.458333333332,-15.1914988789474,-0.0618469197696911,-0.0618492647546038
2017-08-01 11:30:00,153.479166666668,-14.6813939151515,0.0194519491277325,0.019449598720983
2017-08-01 12:00:00,153.5,-15.4651304336384,-0.105358937396336,-0.105361293224598
2017-08-01 12:30:00,153.520833333332,-19.2359277814433,-0.706010631324953,-0.706012992574405
2017-08-01 13:00:00,153.541666666668,-19.1482847048611,-0.692009891068495,-0.692012257738811
2017-08-23 16:30:00,175.6875,-17.1594628061338,-0.26905498640192,-0.269062797170298
2017-08-23 18:00:00,175.75,-17.4720074319109,-0.318368867638286,-0.318376692504177
2017-08-23 19:00:00,175.791666666668,-16.3881688584416,-0.145395622876683,-0.145403457135858
2017-08-23 20:00:00,175.833333333332,-16.4120334407063,-0.148879868070218,-0.148887711718627
2017-08-23 21:00:00,175.875,-17.8591851666667,-0.379094358184045,-0.37910221121763
2017-08-23 22:00:00,175.916666666668,-15.7408000288889,-0.0413158639218905,-0.0413237263365929
2017-08-23 23:00:00,175.958333333332,-15.7756833627778,-0.0465541621055507,-0.0465620338973048
2017-08-24,176,-15.2737600834677,0.0337216304815348,0.0337137493167989
2017-08-24 01:00:00,176.041666666668,-15.0665610938889,0.0670480466167733,0.0670401560831304
2017-08-24 02:00:00,176.083333333332,-14.6734648442593,0.129988442474729,0.129980542576258
2017-08-24 03:00:00,176.125,-16.6492648146296,-0.184437609167446,-0.184445518426662
2017-08-24 04:00:00,176.166666666668,-16.9491407590741,-0.231887352819709,-0.231895271435579
2017-08-24 05:00:00,176.208333333332,-17.0539290529851,-0.248259081470371,-0.248267009438805
2017-08-24 06:00:00,176.25,-17.4604691291589,-0.312699671976015,-0.312707609292914
2017-08-24 07:00:00,176.291666666668,-18.3305746227612,-0.450986152217405,-0.450994098878667
2017-08-24 08:00:00,176.333333333332,-18.2407891785448,-0.43636090774931,-0.436368863750828
2017-08-24 09:00:00,176.375,-18.5006660651119,-0.477436710248127,-0.47744467558579
2017-08-24 10:00:00,176.416666666668,-17.8994682800373,-0.381342290185458,-0.381350264855148
2017-08-24 11:00:00,176.458333333332,-17.7393638044776,-0.355513937670505,-0.355521921668103
2017-08-24 12:00:00,176.5,-16.981490680597,-0.234460200602321,-0.234468193923701
2017-08-24 13:00:00,176.541666666668,-17.9821473651119,-0.393541107141812,-0.393549109782844
2017-08-24 14:00:00,176.583333333332,-18.5774664184701,-0.488051028008356,-0.488059039964906
2017-08-24 15:00:00,176.625,-20.0669794631776,-0.725006279494904,-0.725014300762831
2017-08-24 16:00:00,176.666666666668,-20.1663152817164,-0.740504894377823,-0.740512924952984
2017-08-24 17:30:00,176.729166666668,-20.2000783882463,-0.745394133050682,-0.745402177578915
2017-08-24 18:30:00,176.770833333332,-20.4604179296642,-0.786539729181301,-0.786547783006389
2017-08-24 19:30:00,176.8125,-20.731455211194,-0.82938907250445,-0.829397135622232
2017-08-24 20:30:00,176.854166666668,-18.8600017958879,-0.530937706487105,-0.530945778893417
2017-08-24 21:30:00,176.895833333332,-17.9509570841418,-0.38579832457955,-0.385806406270223
2017-08-24 22:30:00,176.9375,-16.9469348426443,-0.22552854436211,-0.22553663533297
2017-08-24 23:30:00,176.979166666668,-16.6015865810056,-0.170185590052662,-0.17019369029953
2017-08-25 00:30:00,177.020833333332,-17.3957504225326,-0.296367318475377,-0.296375427994071
2017-08-25 01:30:00,177.0625,-17.6403973970149,-0.33501020784353,-0.335018326629862
2017-08-25 02:30:00,177.104166666668,-17.8779943940299,-0.372529621489276,-0.372537749539054
2017-08-25 03:30:00,177.145833333332,-18.0478358154851,-0.399255114424688,-0.399263251733716
2017-08-25 04:30:00,177.1875,-19.5919906770522,-0.644909311535821,-0.644917458099897
2017-08-25 05:30:00,177.229166666668,-19.8004048345149,-0.677778651180588,-0.677786806995506
2017-08-25 06:30:00,177.270833333332,-20.9358544839552,-0.858324998572356,-0.858333163633906
2017-08-25 07:30:00,177.3125,-21.8792015442164,-1.00826885780295,-1.00827703210692
2017-08-25 08:30:00,177.354166666668,-21.1281731562384,-0.888297089051656,-0.888305272593821
2017-08-25 09:30:00,177.395833333332,-21.0540093281192,-0.876149920296194,-0.876158113072332
2017-08-25 10:30:00,177.4375,-20.1968770484171,-0.739274909769827,-0.73928311177571
2017-08-25 11:30:00,177.479166666668,-19.9127877176909,-0.693685642774849,-0.693693854006243
2017-08-25 12:30:00,177.520833333332,-19.6174022223464,-0.646296481110845,-0.646304701563512
2017-08-25 13:30:00,177.5625,-19.9733302083955,-0.702661615067693,-0.702669844737392
2017-08-25 14:30:00,177.604166666668,-19.9484794751866,-0.698368019707291,-0.698376258589774
2017-08-25 15:30:00,177.645833333332,-20.7227206702048,-0.821369932495776,-0.821378180586792
2017-08-25 17:00:00,177.708333333332,-20.3557095139665,-0.76240113588707,-0.762409397782904
2017-08-25 18:00:00,177.75,-19.071037384486,-0.557415667863865,-0.557423938957583
2017-08-25 19:00:00,177.791666666668,-20.0610261369403,-0.714784897377319,-0.714793177664654
2017-08-25 20:00:00,177.833333333332,-18.3763034951583,-0.446070284123695,-0.446078573600375
2017-08-25 21:00:00,177.875,-19.3699664583955,-0.604024005646096,-0.604032304307845
2017-08-25 22:00:00,177.916666666668,-18.7327164067164,-0.502171712484041,-0.502180020326576
2017-08-25 23:00:00,177.958333333332,-18.7494850918216,-0.504504665697017,-0.504512982716054
2017-08-26,178,-18.887528101004,-0.526156299808442,-0.526164625999691
2017-08-26 01:00:00,178.041666666668,-18.9873798823091,-0.541723638609583,-0.54173197396875
2017-08-26 02:00:00,178.083333333332,-19.2256089426443,-0.579334171602691,-0.579342516125476
2017-08-26 03:00:00,178.125,-19.4156784213755,-0.609272443761207,-0.609280797443307
2017-08-26 04:00:00,178.166666666668,-20.2423519871508,-0.740621797015605,-0.740630159852711
2017-08-26 05:00:00,178.208333333332,-20.3011449927509,-0.749646823576339,-0.749655195564139
2017-08-26 06:00:00,178.25,-19.8253401351301,-0.673509623949531,-0.673518005083707
2017-08-26 07:00:00,178.291666666668,-19.7585390620818,-0.662526615112921,-0.662535005389152
2017-08-26 08:00:00,178.333333333332,-19.1674368288104,-0.568021652584495,-0.568030051998455
2017-08-26 09:00:00,178.375,-19.4041189596654,-0.605382926785313,-0.605391335332671
2017-08-26 10:00:00,178.416666666668,-19.3571393892193,-0.597556285415275,-0.597564703091696
2017-08-26 11:00:00,178.458333333332,-18.8355802375,-0.514128373938301,-0.514136800739444
2017-08-26 12:00:00,178.5,-18.8119813749071,-0.510025488873857,-0.510033924795378
2017-08-26 13:00:00,178.541666666668,-19.0546263801115,-0.548335038892965,-0.548343483930516
2017-08-26 14:00:00,178.583333333332,-19.0546051733706,-0.547987284795587,-0.547995738944815
2017-08-26 15:00:00,178.625,-19.5998100549348,-0.634494033225617,-0.634502496482164
2017-08-26 16:30:00,178.6875,-18.9489962578067,-0.53030100687131,-0.530309483780654
2017-08-26 17:30:00,178.729166666668,-19.2303438211896,-0.574774089320994,-0.574782575326743
2017-08-26 18:30:00,178.770833333332,-18.2269479591078,-0.414586223655399,-0.414594718753179
2017-08-26 19:30:00,178.8125,-17.7712918527881,-0.34165329033638,-0.341661794521813
2017-08-26 20:30:00,178.854166666668,-17.3975854592937,-0.281774602842513,-0.281783116111217
2017-08-26 21:30:00,178.895833333332,-16.8323469102041,-0.191384304278812,-0.1913928266264
2017-08-26 22:30:00,178.9375,-14.6871412618959,0.150696283888594,0.150687752466514
2017-08-26 23:30:00,178.979166666668,-15.177595558256,0.0729147608512654,0.0729062203590881
2017-08-27 00:30:00,179.020833333332,-15.9757298439024,-0.0538800030738616,-0.053888552631735
2017-08-27 01:30:00,179.0625,-16.4581780745826,-0.130385351750961,-0.130393910370126
2017-08-27 02:30:00,179.104166666668,-16.1894545506494,-0.0872281022017339,-0.0872366698777809
2017-08-27 03:30:00,179.145833333332,-16.6808646179963,-0.165160276203546,-0.165168852932062
2017-08-27 04:30:00,179.1875,-16.7126641779221,-0.169875767368418,-0.169884353144984
2017-08-27 05:30:00,179.229166666668,-17.3625881265306,-0.273058514987852,-0.273067109808045
2017-08-27 06:30:00,179.270833333332,-17.8341410267161,-0.347826226925232,-0.347834830784626
2017-08-27 07:30:00,179.3125,-17.0692374946197,-0.225625145590877,-0.22563375848504
2017-08-27 08:30:00,179.354166666668,-16.9346728312268,-0.203837096646815,-0.203845718571311
2017-08-27 09:30:00,179.395833333332,-17.216690161039,-0.248410457253233,-0.248419088203621
2017-08-27 10:30:00,179.4375,-17.1548977773234,-0.238214285322799,-0.238222925294635
2017-08-27 11:30:00,179.479166666668,-16.6095807027829,-0.15099188531083,-0.151000534299663
2017-08-27 12:30:00,179.520833333332,-16.4101707168831,-0.118872332589334,-0.118880990590712
2017-08-27 13:30:00,179.5625,-17.1576196651206,-0.237587685774602,-0.237596352784065
2017-08-27 14:30:00,179.604166666668,-19.086244890167,-0.544464865181672,-0.544473541194759
2017-08-27 16:00:00,179.666666666668,-17.5474887745318,-0.298807873331719,-0.298816562841864
2017-08-27 17:00:00,179.708333333332,-17.1216341015009,-0.230613726337255,-0.230622424839847
2017-08-27 18:00:00,179.75,-18.3079324326454,-0.41923630685171,-0.419245014342271
2017-08-27 19:00:00,179.791666666668,-17.5976741526217,-0.305735665966117,-0.305744382440164
2017-08-27 20:00:00,179.833333333332,-16.6892396769663,-0.160665017741496,-0.160673743194542
2017-08-27 21:00:00,179.875,-16.9144175769663,-0.196179233479009,-0.196187967906564
2017-08-27 22:00:00,179.916666666668,-16.5648219257885,-0.14013121438346,-0.140139957781026
2017-08-27 23:00:00,179.958333333332,-15.4063710654917,0.0447684147496848,0.0447596623866073
2017-08-28,180,-15.177686747992,0.0815559662164577,0.0815472048923735
2017-08-28 01:00:00,180.041666666668,-15.326942490538,0.0581377928776098,0.0581290225970279
2017-08-28 02:00:00,180.083333333332,-15.2013494550186,0.0785036229514287,0.0784948437188625
2017-08-28 03:00:00,180.125,-15.8461521539889,-0.0238547415405514,-0.0238635297205836
2017-08-28 04:00:00,180.166666666668,-15.7563308464684,-0.00918658053866761,-0.00919537766164358
2017-08-28 05:00:00,180.208333333332,-16.4119925739777,-0.113274003644202,-0.113282809705595
2017-08-28 06:00:00,180.25,-16.2560335180633,-0.0880692600364339,-0.0880780750317126
2017-08-28 07:00:00,180.291666666668,-15.991775496846,-0.0456120181291865,-0.0456208420538157
2017-08-28 08:00:00,180.333333333332,-16.02328626171,-0.0502705596547111,-0.0502793925041506
2017-08-28 09:00:00,180.375,-16.6569888868275,-0.150858299487408,-0.150867141257113
2017-08-28 10:00:00,180.416666666668,-16.4813593817505,-0.122518457441872,-0.122527308127295
2017-08-28 11:00:00,180.458333333332,-16.5384044632653,-0.131243448318548,-0.131252307915135
2017-08-28 12:00:00,180.5,-15.8992690211503,-0.0290659894735266,-0.0290748579767198
2017-08-28 13:00:00,180.541666666668,-15.2067546533457,0.0816151650014152,0.0816062875961773
2017-08-28 14:00:00,180.583333333332,-16.1643840152134,-0.0705723614372943,-0.0705812477400108
2017-08-28 15:30:00,180.645833333332,-18.8174288662921,-0.492658290091625,-0.492667189731988
2017-08-28 16:30:00,180.6875,-19.3367561095685,-0.575022990547878,-0.575031899074285
2017-08-28 17:30:00,180.729166666668,-19.1750037657303,-0.548890832285843,-0.548899749693712
2017-08-28 18:30:00,180.770833333332,-18.0450150056285,-0.368517527403369,-0.368526453688114
2017-08-28 19:30:00,180.8125,-18.3077336144465,-0.410003108226834,-0.410012043383865
2017-08-28 20:30:00,180.854166666668,-15.657829275985,0.0124946210688214,0.0124856770440995
2017-08-28 21:30:00,180.895833333332,-15.1808756755102,0.08884013801949,0.0888311851316762
2017-08-28 22:30:00,180.9375,-15.1326914639405,0.0968827777595187,0.0968738160132163
2017-08-28 23:30:00,180.979166666668,-15.6529740285714,0.0143686464751684,0.0143596758749851
2017-08-29 00:30:00,181.020833333332,-15.7534025847866,-0.0012620487662911,-0.00127102821574365
2017-08-29 01:30:00,181.0625,-16.442892396475,-0.11073023067402,-0.110739218968125
2017-08-29 02:30:00,181.104166666668,-17.7237769306691,-0.31440762240252,-0.314416619536656
2017-08-29 03:30:00,181.145833333332,-18.4113321183673,-0.423566833330342,-0.423575839299885
2017-08-29 04:30:00,181.1875,-19.2521245663569,-0.557136457613387,-0.557145472413707
2017-08-29 05:30:00,181.229166666668,-18.7300927627087,-0.473606813194432,-0.473615836820896
2017-08-29 06:30:00,181.270833333332,-17.7636605037106,-0.319283467328582,-0.319292499776551
2017-08-29 07:30:00,181.3125,-17.3651781671614,-0.255434558826824,-0.255443600091656
2017-08-29 08:30:00,181.354166666668,-17.052666048423,-0.205280376501588,-0.205289426578635
2017-08-29 09:30:00,181.395833333332,-16.7632708799629,-0.15880835010933,-0.158817408993942
2017-08-29 10:30:00,181.4375,-16.3619200763941,-0.0945013204635795,-0.0945103881511006
2017-08-29 11:30:00,181.479166666668,-16.3880092606679,-0.0982853959497281,-0.0982944724354987
2017-08-29 12:30:00,181.520833333332,-15.9227662525046,-0.0237995118740232,-0.0238085971533792
2017-08-29 13:30:00,181.5625,-15.7094415552876,0.0105559952477998,0.0105469011795268
2017-08-29 15:00:00,181.625,-17.9379795581784,-0.343891874698319,-0.343900981941204
2017-08-29 16:00:00,181.666666666668,-18.11323335,-0.371436224390301,-0.371445340410413
2017-08-29 17:00:00,181.708333333332,-17.4769962894444,-0.269709112063154,-0.26971823685581
2017-08-29 18:00:00,181.75,-16.904483337963,-0.178132906707169,-0.17814204026768
2017-08-29 22:00:00,181.916666666668,-16.6531914667286,-0.136600112221313,-0.136609280806282
2017-08-29 23:00:00,181.958333333332,-16.674798995098,-0.139665781043148,-0.13967495837247
2017-08-30,182,-16.9687755003711,-0.186119634536384,-0.186128820605344
2017-08-30 01:00:00,182.041666666668,-16.8799926165121,-0.171599256021929,-0.17160845082581
2017-08-30 02:00:00,182.083333333332,-16.4519926059369,-0.103040959211868,-0.103050162745946
2017-08-30 03:00:00,182.125,-15.9924415602968,-0.0294561725617232,-0.0294653848212731
2017-08-30 04:00:00,182.166666666668,-16.1173055503704,-0.0489687315172509,-0.0489779524975418
2017-08-30 05:00:00,182.208333333332,-16.2117977465677,-0.0636426549845269,-0.0636518846808239
2017-08-30 06:00:00,182.25,-16.3225407307407,-0.0809049537637376,-0.0809141921713012
2017-08-30 07:00:00,182.291666666668,-16.2980463131481,-0.0766234511681589,-0.0766326982822455
2017-08-30 08:00:00,182.333333333332,-16.1666999848148,-0.0553199763972678,-0.0553292322131296
2017-08-30 09:00:00,182.375,-15.9956129451852,-0.0276853916757314,-0.0276946561886161
2017-08-30 10:00:00,182.416666666668,-16.9080333190741,-0.172653926168458,-0.172663199373609
2017-08-30 11:00:00,182.458333333332,-16.8524574066667,-0.163419574660354,-0.163428856553011
2017-08-30 12:00:00,182.5,-17.1443227868275,-0.209532483687688,-0.209541774263087
2017-08-30 13:00:00,182.541666666668,-16.5885573759259,-0.120616816510473,-0.120626115763844
2017-08-30 18:30:00,182.770833333332,-17.333447112616,-0.23717128216501,-0.237180629061787
2017-08-30 19:30:00,182.8125,-16.3749721664193,-0.0841011975181504,-0.0841105530617969
2017-08-31 14:00:00,183.583333333332,-16.0987765486034,-0.0329236803242551,-0.0329331949645484
2017-08-31 18:00:00,183.75,-16.2506150526549,-0.0555422116229964,-0.0555517604439272
2017-08-31 18:30:00,183.770833333332,-16.2841818279221,-0.0606928143421966,-0.0607023674302049
2017-08-31 19:00:00,183.791666666668,-17.3315044783186,-0.227335357561281,-0.227344914915142
2017-08-31 19:30:00,183.8125,-16.8907792032468,-0.156930708050561,-0.156940269669051
2017-08-31 20:00:00,183.833333333332,-17.1516106376106,-0.198284448893819,-0.198294014775711
2017-08-31 20:30:00,183.854166666668,-16.7617231162866,-0.135978100309273,-0.135987670453342
2017-08-31 21:00:00,183.875,-16.817848196875,-0.144721783185811,-0.14473135759083
2017-08-31 21:30:00,183.895833333332,-16.304634318123,-0.0627692682583684,-0.0627788469231105
2017-08-31 22:00:00,183.916666666668,-16.5963684434211,-0.109045450902655,-0.109055033825894
2017-08-31 22:30:00,183.9375,-16.2527876111111,-0.0541154121222455,-0.0541249993027508
2017-08-31 23:00:00,183.958333333332,-18.3744210504386,-0.391895673837544,-0.391905265274089
2017-08-31 23:30:00,183.979166666668,-18.2669447746753,-0.374577070366344,-0.374586666057698
2017-09-01,184,-18.1591441222707,-0.357206698866456,-0.35721629881139
2017-09-01 00:30:00,184.020833333332,-17.94493244791,-0.322884880953704,-0.322894485150988
2017-09-01 01:00:00,184.041666666668,-17.7823318567686,-0.296784650932378,-0.296794259380782
2017-09-01 01:30:00,184.0625,-17.5838842057878,-0.264973864139988,-0.26498347683828
2017-09-01 02:00:00,184.083333333332,-19.1480349554585,-0.513946167649311,-0.513955784596259
2017-09-01 02:30:00,184.104166666668,-19.0428392434084,-0.496990292399774,-0.496999913594146
2017-09-01 03:00:00,184.125,-20.2328995445415,-0.686369531210436,-0.686379156650999
2017-09-01 03:30:00,184.145833333332,-20.3717138469453,-0.708284436769805,-0.708294066455327
2017-09-01 04:00:00,184.166666666668,-21.3127685393013,-0.857996715344395,-0.858006349273641
2017-09-01 04:30:00,184.1875,-21.053942081672,-0.816566974906982,-0.816576613078718
2017-09-01 05:00:00,184.208333333332,-22.0513187572052,-0.975251196936451,-0.975260839349442
2017-09-01 05:30:00,184.229166666668,-21.9609550151125,-0.960657498806737,-0.960667145459748
2017-09-01 06:00:00,184.25,-21.8631615550218,-0.94488014699741,-0.944889797889205
2017-09-01 06:30:00,184.270833333332,-21.5868778151125,-0.900669071793908,-0.900678726923251
2017-09-01 07:00:00,184.291666666668,-21.9242969323144,-0.954221206045561,-0.954230865411214
2017-09-01 07:30:00,184.3125,-22.0874372996785,-0.980010516689612,-0.980020180290339
2017-09-01 08:00:00,184.333333333332,-21.9254472815789,-0.954006230395901,-0.954015898230463
2017-09-01 08:30:00,184.354166666668,-21.9119356829582,-0.951654568263949,-0.951664240331107
2017-09-01 09:00:00,184.375,-21.5163537074236,-0.888438727917292,-0.888448404215809
2017-09-01 09:30:00,184.395833333332,-21.4731543212219,-0.881357591753683,-0.881367272282318
2017-09-01 10:00:00,184.416666666668,-21.2664235296943,-0.848225691771013,-0.848235376528527
2017-09-01 10:30:00,184.4375,-21.2487781623794,-0.845215140924748,-0.845224829909899
2017-09-01 11:00:00,184.458333333332,-20.1768693072072,-0.674259569035259,-0.674269262246807
2017-09-01 11:30:00,184.479166666668,-20.1742733491961,-0.673646211795344,-0.673655909232047
2017-09-01 12:00:00,184.5,-20.9277773270742,-0.793480020674232,-0.793489722334848
2017-09-01 12:30:00,184.520833333332,-20.9966012845659,-0.804243719063728,-0.804253424947015
2017-09-01 13:00:00,184.541666666668,-21.779263170614,-0.928722215654145,-0.928731925758859
2017-09-01 13:30:00,184.5625,-21.3835580587097,-0.865485913485429,-0.865495627810327
2017-09-01 14:30:00,184.604166666668,-21.7716709119658,-0.926911896599313,-0.926921619360846
2017-09-01 15:00:00,184.625,-22.0382917518033,-0.96918431027393,-0.969194037251913
2017-09-01 15:30:00,184.645833333332,-22.0004017653846,-0.962947837911652,-0.962957569104839
2017-09-01 16:00:00,184.666666666668,-22.0690754108197,-0.973686934473936,-0.973696669881081
2017-09-01 20:00:00,184.833333333332,-19.9901298784787,-0.640900738645947,-0.640910507719831
2017-09-01 21:00:00,184.875,-19.6197736692022,-0.581499622114564,-0.581509399592635
2017-09-01 22:00:00,184.916666666668,-17.7690463489796,-0.286273955726659,-0.28628374160391
2017-09-01 23:00:00,184.958333333332,-16.4777429953445,-0.0801645532028571,-0.0801743474742762
2017-09-02,185,-16.7811596257885,-0.128094810171797,-0.128104612832369
2017-09-02 01:00:00,185.041666666668,-16.6326264267658,-0.104028762967463,-0.104038574012167
2017-09-02 02:00:00,185.083333333332,-17.423015992,-0.229533409912134,-0.229543229335948
2017-09-02 16:00:00,185.666666666668,-19.7816096908922,-0.599550347454908,-0.599560283656467
2017-09-02 17:30:00,185.729166666668,-18.8135663672897,-0.444724393468554,-0.4447343421231
2017-09-02 21:30:00,185.895833333332,-14.02335184,0.320006830814904,0.319996849008431
2017-09-02 22:30:00,185.9375,-13.8737217005566,0.34425559839131,0.344245608309612
2017-09-02 23:30:00,185.979166666668,-13.0782011035382,0.471395546078169,0.471385547726358
2017-09-03 00:30:00,186.020833333332,-14.7251173106145,0.209453933923127,0.209443927306317
2017-09-03 01:30:00,186.0625,-14.4871710185874,0.247772633055144,0.247762618178455
2017-09-03 02:30:00,186.104166666668,-15.115561332342,0.1480836598132,0.148073636681755
2017-09-03 03:30:00,186.145833333332,-14.530532564432,0.241693581214195,0.241683549833121
2017-09-03 04:30:00,186.1875,-14.0858125985158,0.312952577788379,0.312942538162807
2017-09-03 05:30:00,186.229166666668,-13.366749992963,0.427914920289826,0.427904872424892
2017-09-03 06:30:00,186.270833333332,-12.9610907588889,0.492952248924482,0.492942192825325
2017-09-03 07:30:00,186.3125,-13.7846921604478,0.362167846816767,0.362157782488531
2017-09-03 08:30:00,186.354166666668,-14.6233611362963,0.228983536102748,0.228973463550579
2017-09-03 09:30:00,186.395833333332,-14.7767211957249,0.204969792036681,0.20495971126573
2017-09-03 10:30:00,186.4375,-15.1609554966605,0.144177982631557,0.14416789364698
2017-09-03 12:30:00,186.520833333332,-17.683206884787,-0.25678338920354,-0.256793494599888
2017-09-03 13:30:00,186.5625,-19.1572666312963,-0.4911840732189,-0.491194186813384
2017-09-03 14:30:00,186.604166666668,-18.7288444268519,-0.422517657447954,-0.422527779235404
2017-09-03 15:30:00,186.645833333332,-18.4059312403346,-0.370658538383007,-0.370668668358247
2017-09-03 17:00:00,186.708333333332,-17.7767555865672,-0.269801496208604,-0.269811638455816
2017-09-03 18:00:00,186.75,-17.3767518813433,-0.205660890243868,-0.205671040665915
2017-09-03 19:00:00,186.791666666668,-17.4006163759777,-0.209042426922382,-0.209052585514075
2017-09-03 23:00:00,186.958333333332,-19.0682789787234,-0.473018253143394,-0.473028444361698
2017-09-03 23:30:00,186.979166666668,-19.1620696008696,-0.487748254881492,-0.487758450172268
2017-09-04,187,-19.1620969382979,-0.487541607532452,-0.487551806894395
2017-09-04 00:30:00,187.020833333332,-19.1679043678261,-0.488255642185273,-0.488265845617082
2017-09-04 01:00:00,187.041666666668,-19.1992358830189,-0.493035591151129,-0.4930457986515
2017-09-04 01:30:00,187.0625,-19.1446434147826,-0.484127697408373,-0.484137908976001
2017-09-04 02:00:00,187.083333333332,-19.2452571162736,-0.49994416669643,-0.499954382330011
2017-09-04 02:30:00,187.104166666668,-19.1894956669565,-0.49084987202122,-0.490860091719448
2017-09-04 03:00:00,187.125,-19.2786146515366,-0.504835043334415,-0.504845267095985
2017-09-04 03:30:00,187.145833333332,-19.1578260156522,-0.485381690067363,-0.485391917890969
2017-09-04 04:00:00,187.166666666668,-19.1885366765957,-0.490062192437659,-0.490072424321994
2017-09-04 04:30:00,187.1875,-19.2016000365217,-0.491931376561499,-0.491941612505255
2017-09-04 05:00:00,187.208333333332,-18.9930070787234,-0.458490460317245,-0.458500700319116
2017-09-04 05:30:00,187.229166666668,-18.9691206517241,-0.454473335893672,-0.454483579952348
2017-09-04 06:00:00,187.25,-18.9036321318396,-0.443828877842201,-0.443839125956375
2017-09-04 06:30:00,187.270833333332,-18.8730431094828,-0.43874384421173,-0.438754096380092
2017-09-04 07:00:00,187.291666666668,-18.797514132783,-0.426499753292157,-0.426510009513397
2017-09-04 07:30:00,187.3125,-18.7876638672414,-0.42471823757456,-0.424728497847369
2017-09-04 08:00:00,187.333333333332,-18.7871124409091,-0.424417943194909,-0.424428207517976
2017-09-04 08:30:00,187.354166666668,-18.7366181490909,-0.416161624287597,-0.41617189265961
2017-09-04 09:00:00,187.375,-18.7491344084906,-0.417942840878753,-0.417953113298401
2017-09-04 09:30:00,187.395833333332,-18.8124087095652,-0.427809759469596,-0.427820035935567
2017-09-04 10:00:00,187.416666666668,-18.7207546886792,-0.412996395374212,-0.413006675885192
2017-09-04 10:30:00,187.4375,-18.7209396715517,-0.412812959949966,-0.412823244504644
2017-09-04 11:00:00,187.458333333332,-18.6865589544811,-0.407123093594084,-0.407133382191146
2017-09-04 11:30:00,187.479166666668,-18.6524347547826,-0.401474000436525,-0.401484293074655
2017-09-04 12:00:00,187.5,-18.3866241283688,-0.358917003762265,-0.358927300440151
2017-09-04 12:30:00,187.520833333332,-18.3244521773913,-0.34879970346001,-0.348810004176335
2017-09-04 13:00:00,187.541666666668,-17.7609905740566,-0.258826513189095,-0.258836817942545
2017-09-04 13:30:00,187.5625,-17.5879051758621,-0.231040441271664,-0.231050750060922
2017-09-04 14:00:00,187.583333333332,-17.2297075691038,-0.173765772180887,-0.173776085004637
2017-09-04 14:30:00,187.604166666668,-17.1330947896552,-0.158161662973937,-0.158171979830861
2017-09-04 15:00:00,187.625,-16.9532405691038,-0.129297042703064,-0.129307363591845
2017-09-04 15:30:00,187.645833333332,-16.8818362818966,-0.117708484330037,-0.117718809249358
2017-09-04 16:30:00,187.6875,-16.9231290175115,-0.123858567991673,-0.123868900968116
2017-09-04 17:00:00,187.708333333332,-16.9875480365385,-0.133906489576593,-0.133916826579617
2017-09-04 17:30:00,187.729166666668,-16.4320921665899,-0.0452078085035743,-0.045218149531861
2017-09-04 18:00:00,187.75,-16.5815865105769,-0.0688081104302068,-0.0688184554824355
2017-09-04 18:30:00,187.770833333332,-16.0873203131336,0.0101431917511722,0.0101328426763226
2017-09-04 19:00:00,187.791666666668,-15.6961537807692,0.0726707334007238,0.0726603803045751
2017-09-04 19:30:00,187.8125,-16.0332194071594,0.0191904615209846,0.0191801044048582
2017-09-04 20:00:00,187.833333333332,-16.0974135153846,0.00917890721879311,0.00916854608401152
2017-09-04 20:30:00,187.854166666668,-15.7552373308756,0.0639025206554213,0.0638921555033077
2017-09-04 21:00:00,187.875,-15.5045961519231,0.104044631976321,0.104034262808199
2017-09-05 01:00:00,188.041666666668,-15.3649628871985,0.128009875279008,0.127999474030514
2017-09-05 02:00:00,188.083333333332,-15.3332671849722,0.133490309291297,0.133479900035979
2017-09-05 03:00:00,188.125,-14.9591205634508,0.193523776979241,0.193513359722413
2017-09-05 04:00:00,188.166666666668,-14.5916400825603,0.252495680991971,0.252485255738951
2017-09-05 05:00:00,188.208333333332,-14.3232430423006,0.295683879175471,0.295673445931583
2017-09-05 06:00:00,188.25,-13.9922319272727,0.348846901062271,0.348836459832841
2017-09-05 07:00:00,188.291666666668,-13.9091240890741,0.362519110421512,0.36250866121187
2017-09-05 08:00:00,188.333333333332,-13.9195574042593,0.361290503605091,0.361280046420572
2017-09-05 09:00:00,188.375,-13.982466657037,0.35170279861216,0.351692333458102
2017-09-05 10:00:00,188.416666666668,-13.7037148240741,0.396542304692438,0.396531831574183
2017-09-05 11:00:00,188.458333333332,-13.5910111033333,0.414930583572639,0.414920102495533
2017-09-05 12:00:00,188.5,-13.2683851962963,0.46675997225707,0.466749483226463
2017-09-05 13:00:00,188.541666666668,-13.0899129594444,0.495625933558343,0.495615436579588
2017-09-05 14:00:00,188.583333333332,-12.8913277907407,0.527696254344732,0.527685749423187
2017-09-05 15:00:00,188.625,-12.773435177037,0.546912548300701,0.546902035441726
2017-09-05 16:30:00,188.6875,-12.3993698912639,0.607155954999554,0.607145430244496
2017-09-05 17:30:00,188.729166666668,-12.2027130291391,0.638920336149191,0.638909803470124
2017-09-05 18:30:00,188.770833333332,-12.1471356819703,0.648211003811161,0.64820046321346
2017-09-05 19:30:00,188.8125,-12.0217286213755,0.668625948561023,0.668615400050066
2017-09-05 20:30:00,188.854166666668,-12.1193178351301,0.653517781064785,0.653507224645955
2017-09-05 21:30:00,188.895833333332,-11.864763955948,0.694506613308289,0.694496048986972
2017-09-05 22:30:00,188.9375,-11.8490464732342,0.697448990083541,0.697438417865127
2017-09-06 02:30:00,189.104166666668,-13.1223042667904,0.496375923018641,0.496365319265816
2017-09-06 03:30:00,189.145833333332,-13.6675390157993,0.409959970863773,0.409949359240859
2017-09-06 04:30:00,189.1875,-13.7360983307978,0.399479107797812,0.399468488310222
2017-09-06 05:30:00,189.229166666668,-13.6959536246753,0.406315224564633,0.406304597217783
2017-09-06 06:30:00,189.270833333332,-13.5759647398887,0.425870927411126,0.425860292210437
2017-09-06 07:30:00,189.3125,-13.6356864534323,0.416798954654874,0.41678831160577
2017-09-06 08:30:00,189.354166666668,-13.6578166659259,0.413715685787408,0.413705034895319
2017-09-06 09:30:00,189.395833333332,-13.7641185275926,0.397224163738078,0.397213505008434
2017-09-06 10:30:00,189.4375,-14.0112907590741,0.358292241564328,0.358281575002566
2017-09-06 11:30:00,189.479166666668,-14.7804389164815,0.236209531607916,0.236198857219475
2017-09-06 12:30:00,189.520833333332,-14.5088166757407,0.279922639824387,0.27991195761471
2017-09-06 13:30:00,189.5625,-14.2958833475926,0.314286912098298,0.314276222072832
2017-09-06 14:30:00,189.604166666668,-16.5091166433333,-0.0378385430360756,-0.0378492408718785
2017-09-06 16:00:00,189.666666666668,-16.8910817840149,-0.0980189222823178,-0.0980296318233979
2017-09-06 17:00:00,189.708333333332,-16.6042825263941,-0.051886532244546,-0.0518972495823199
2017-09-06 18:00:00,189.75,-16.5467691551282,-0.0422791990056208,-0.0422899241346243
2017-09-07 12:00:00,190.5,-17.8715656575758,-0.245243436083468,-0.245254300515954
2017-09-07 12:30:00,190.520833333332,-17.9678040995444,-0.260348334334244,-0.260359202610771
2017-09-07 13:30:00,190.5625,-17.8776990917404,-0.24554237537629,-0.245553251336747
2017-09-07 15:30:00,190.645833333332,-18.8002431192982,-0.391598932715446,-0.391609824027136
2017-09-07 16:00:00,190.666666666668,-18.8617929185714,-0.40117730354361,-0.401188198689642
2017-09-07 17:00:00,190.708333333332,-18.2652102562347,-0.305687889188058,-0.30569879199861
2017-09-07 17:30:00,190.729166666668,-17.9291318139535,-0.25192353948519,-0.25193444612592
2017-09-07 18:00:00,190.75,-18.2803455553922,-0.307645240020717,-0.307656150490236
2017-09-07 18:30:00,190.770833333332,-18.3472790457364,-0.31808080766013,-0.318091721957049
2017-09-07 19:00:00,190.791666666668,-17.9225892635697,-0.250200350950975,-0.250211269073904
2017-09-07 19:30:00,190.8125,-17.3666666317829,-0.161414321828364,-0.161425243775912
2017-09-08 14:00:00,191.583333333332,-19.3376574799087,-0.466929805869496,-0.466940868346398
2017-09-08 14:30:00,191.604166666668,-19.2167742915361,-0.447442636479688,-0.447453702728039
2017-09-08 15:00:00,191.625,-20.1320228465753,-0.59301190970296,-0.593022979721352
2017-09-08 15:30:00,191.645833333332,-20.7767593890625,-0.695488341500077,-0.695499415287101
2017-09-08 16:30:00,191.6875,-19.5713901340807,-0.503010784066195,-0.503021865386256
2017-09-08 17:00:00,191.708333333332,-19.5368734737342,-0.497281441880309,-0.497292526964774
2017-09-08 17:30:00,191.729166666668,-19.2641652080357,-0.453607922350004,-0.453619011197462
2017-09-08 18:00:00,191.75,-19.0331424370253,-0.416574847544959,-0.416585940153999
2017-09-08 18:30:00,191.770833333332,-18.1864464209821,-0.281464500500554,-0.281475596869765
2017-09-08 19:00:00,191.791666666668,-18.1236930731013,-0.271236696401104,-0.271247796529074
2017-09-08 19:30:00,191.8125,-19.5605516233184,-0.499898055031073,-0.499909158916391
2017-09-08 20:00:00,191.833333333332,-19.3346624454259,-0.463682428104115,-0.463693535745367
2017-09-08 20:30:00,191.854166666668,-19.3313452766816,-0.462922597067675,-0.462933708463449
2017-09-08 21:00:00,191.875,-19.3573627977918,-0.46683571889824,-0.466846834047121
2017-09-09 01:00:00,192.041666666668,-19.5026957438479,-0.4881324307936,-0.488143575916401
2017-09-09 01:30:00,192.0625,-19.4194881261905,-0.474645153593059,-0.474656302456225
2017-09-09 02:00:00,192.083333333332,-19.9536919790179,-0.559511880957941,-0.559523033560055
2017-09-09 02:30:00,192.104166666668,-19.7067888022222,-0.51994761645227,-0.519958772791913
2017-09-09 03:00:00,192.125,-20.1116405761161,-0.584208297510522,-0.584219457586274
2017-09-09 03:30:00,192.145833333332,-20.2374111133333,-0.604011054328011,-0.604022218138453
2017-09-09 04:00:00,192.166666666668,-20.3455781180804,-0.621009472069797,-0.62102063961351
2017-09-09 04:30:00,192.1875,-20.0523888277778,-0.574071461452406,-0.574082632727969
2017-09-09 05:00:00,192.208333333332,-20.5619086812918,-0.655005507356999,-0.655016682362992
2017-09-09 05:30:00,192.229166666668,-20.48933332,-0.643211285886597,-0.643222464621599
2017-09-09 06:00:00,192.25,-20.7379420977728,-0.682581843637225,-0.682593026099813
2017-09-09 06:30:00,192.270833333332,-20.7975777533333,-0.691848764352636,-0.691859950541389
2017-09-09 07:00:00,192.291666666668,-21.4694008697105,-0.798637501458389,-0.798648691371884
2017-09-09 07:30:00,192.3125,-21.3771797550562,-0.783713363000933,-0.783724556637746
2017-09-09 08:00:00,192.333333333332,-21.75779732049,-0.844112680643214,-0.844123878001923
2017-09-09 08:30:00,192.354166666668,-21.5517471241758,-0.811055321094269,-0.81106652217345
2017-09-09 09:00:00,192.375,-22.2875055663697,-0.928028667212926,-0.928039872011154
2017-09-09 09:30:00,192.395833333332,-22.265835167033,-0.9243429741629,-0.92435418267875
2017-09-09 10:00:00,192.416666666668,-22.4314262837054,-0.950488091017508,-0.950499303249556
2017-09-09 10:30:00,192.4375,-22.3195825571429,-0.932437555701476,-0.932448771648295
2017-09-09 11:00:00,192.458333333332,-21.9355745536748,-0.871030973227388,-0.871042192887552
2017-09-09 11:30:00,192.479166666668,-21.7345164362637,-0.838768355015291,-0.838779578387374
2017-09-09 12:00:00,192.5,-22.364532274833,-0.938896328591475,-0.93890755567405
2017-09-09 12:30:00,192.520833333332,-22.183681343956,-0.909852563074376,-0.909863793866015
2017-09-09 13:00:00,192.541666666668,-22.3113385835189,-0.929954286336925,-0.929965520836201
2017-09-09 13:30:00,192.5625,-22.2264175142857,-0.916192049892112,-0.916203288097596
2017-09-09 14:00:00,192.583333333332,-22.9670913521158,-1.03394758894767,-1.03395883085793
2017-09-09 14:30:00,192.604166666668,-22.606978010989,-0.976346860614233,-0.976358106227845
2017-09-09 15:00:00,192.625,-22.1281825937639,-0.899839909631691,-0.899851158947224
2017-09-09 15:30:00,192.645833333332,-22.0499121241758,-0.887136785942814,-0.887148038958838
2017-09-09 16:30:00,192.6875,-22.5190784520697,-0.961405904212767,-0.961417164625479
2017-09-09 17:00:00,192.708333333332,-22.0293544329114,-0.883157686973121,-0.88316895108203
2017-09-09 17:30:00,192.729166666668,-20.8107127858974,-0.688792287757871,-0.688803555561545
2017-09-09 18:00:00,192.75,-20.679658235443,-0.667680207293182,-0.667691478790189
2017-09-09 18:30:00,192.770833333332,-21.9425708169935,-0.868628004198508,-0.868639279387415
2017-09-09 19:00:00,192.791666666668,-21.17938759125,-0.746817208254577,-0.74682848713395
2017-09-09 19:30:00,192.8125,-21.551150312854,-0.805804029925318,-0.805815312493724
2017-09-09 20:00:00,192.833333333332,-21.323574925,-0.769315779651003,-0.769327065907008
2017-09-09 20:30:00,192.854166666668,-20.9796579444444,-0.714294147736298,-0.714305437678467
2017-09-09 21:00:00,192.875,-20.6017999625,-0.653865607292057,-0.653876900918956
2017-09-09 21:30:00,192.895833333332,-20.7031437740741,-0.669774172275308,-0.669785469585501
2017-09-09 22:00:00,192.916666666668,-20.4305374575,-0.626112131921837,-0.626123432913887
2017-09-09 22:30:00,192.9375,-20.9700305034858,-0.711818017697281,-0.711829322369753
2017-09-09 23:00:00,192.958333333332,-20.65344998375,-0.661150690059677,-0.661161998411134
2017-09-10 03:00:00,193.125,-21.4413661815985,-0.784776735385161,-0.784788073116719
2017-09-10 04:00:00,193.166666666668,-21.8837421178108,-0.854774321928517,-0.854785666990701
2017-09-10 05:00:00,193.208333333332,-22.0842300211503,-0.88623864277965,-0.886249995166695
2017-09-10 06:00:00,193.25,-22.0596077895911,-0.881842429318199,-0.881853789024333
2017-09-10 07:00:00,193.291666666668,-22.0983970235622,-0.887547378916548,-0.887558745935999
2017-09-10 08:00:00,193.333333333332,-22.1479888491651,-0.894972860610851,-0.894984234937841
2017-09-10 09:00:00,193.375,-22.483614842963,-0.94796346147467,-0.94797484310342
2017-09-10 10:00:00,193.416666666668,-22.3410834940631,-0.924782927965597,-0.924794316890321
2017-09-10 11:00:00,193.458333333332,-22.2734821763602,-0.91353847423175,-0.913549870446661
2017-09-10 12:00:00,193.5,-21.8160036855556,-0.84018598071508,-0.840197384214387
2017-09-10 13:00:00,193.541666666668,-21.6360259602968,-0.811039230202589,-0.811050640980498
2017-09-10 14:00:00,193.583333333332,-21.8359925990741,-0.842417561385378,-0.84242897943609
2017-09-10 15:00:00,193.625,-22.1718055561111,-0.895435981379983,-0.895447406697697
2017-09-10 16:30:00,193.6875,-21.1896051860335,-0.738254912329553,-0.738266348536884
2017-09-10 17:30:00,193.729166666668,-21.0610650520446,-0.717300737250157,-0.717312180709971
2017-09-10 18:30:00,193.770833333332,-20.0287881459108,-0.552380322638592,-0.552391773345076
2017-09-10 19:30:00,193.8125,-21.1210537855288,-0.725900728126389,-0.725912186073724
2017-09-10 20:30:00,193.854166666668,-20.4516864361781,-0.618791414168959,-0.618802879351325
2017-09-10 21:30:00,193.895833333332,-19.9476344825603,-0.538016635715679,-0.538028108127253
2017-09-10 22:30:00,193.9375,-19.1926474808905,-0.417267399859364,-0.417278879494317
2017-09-10 23:30:00,193.979166666668,-17.3402300447124,-0.121696386867237,-0.121707873719739
2017-09-11 00:30:00,194.020833333332,-18.54431028,-0.313027312714969,-0.313038806779185
2017-09-11 04:30:00,194.1875,-19.9126864675325,-0.529087713478563,-0.529099236331222
2017-09-11 05:30:00,194.229166666668,-20.1736015050279,-0.5701701308366,-0.570181660871748
2017-09-11 06:30:00,194.270833333332,-20.1753884817844,-0.569972939985973,-0.569984477197756
2017-09-11 07:30:00,194.3125,-20.2567286156134,-0.582448301196731,-0.58245984557929
2017-09-11 08:30:00,194.354166666668,-20.052318449162,-0.549403112909435,-0.549414664456908
2017-09-11 09:30:00,194.395833333332,-20.2401862294227,-0.578847759644702,-0.578859318351224
2017-09-11 10:30:00,194.4375,-20.0181910667904,-0.543000624716118,-0.54301219057582
2017-09-11 11:30:00,194.479166666668,-20.0796809109462,-0.552312532230572,-0.552324105237581
2017-09-11 18:30:00,194.770833333332,-16.8841238175238,-0.0398647361316361,-0.0398763590050865
2017-09-11 19:30:00,194.8125,-16.212975030625,0.0675357786588631,0.0675241486852058
2017-09-12 16:30:00,195.6875,-15.4150075229323,0.204932690415862,0.20492091270665
2017-09-12 18:00:00,195.75,-15.6161610885185,0.173628407758653,0.173616619597337
2017-09-12 19:00:00,195.791666666668,-14.6829666064935,0.322780430688509,0.322768635566596
2017-09-12 20:00:00,195.833333333332,-14.2459144946097,0.392896933087093,0.392885131010564
2017-09-12 21:00:00,195.875,-13.818942241527,0.461408020104087,0.461396211078928
2017-09-12 22:00:00,195.916666666668,-13.4213777994444,0.525234734888865,0.525222918921064
2017-09-12 23:00:00,195.958333333332,-14.3935335953358,0.370864349767245,0.370852526862794
2017-09-13,196,-15.7853555611111,0.149641156452776,0.14962932661767
2017-09-13 01:00:00,196.041666666668,-15.5901577081633,0.18123166667923,0.181219829919468
2017-09-13 02:00:00,196.083333333332,-15.9589369211503,0.122980539337797,0.122968695659379
2017-09-13 03:00:00,196.125,-15.8073092735185,0.147630908588552,0.147619057997484
2017-09-13 04:00:00,196.166666666668,-15.3063240651852,0.227934498466441,0.22792264096873
2017-09-13 05:00:00,196.208333333332,-15.202189235436,0.245019850739441,0.245007986341099
2017-09-13 06:00:00,196.25,-15.261037032037,0.2361422652087,0.236130393915743
2017-09-13 07:00:00,196.291666666668,-15.2229533541045,0.242706243628033,0.242694365446477
2017-09-13 08:00:00,196.333333333332,-15.1426343373134,0.255998652242963,0.255986767178831
2017-09-13 09:00:00,196.375,-15.1232947647388,0.259577302096111,0.259565410155427
2017-09-13 10:00:00,196.416666666668,-15.097389911194,0.264202115922759,0.264190217111551
2017-09-13 11:00:00,196.458333333332,-15.3889962744403,0.21824747578507,0.218235570109369
2017-09-13 12:00:00,196.5,-15.0770074630597,0.26844628781445,0.26843437528029
2017-09-13 13:00:00,196.541666666668,-15.4248277894325,0.213537341948728,0.213525422562147
2017-09-13 14:00:00,196.583333333332,-14.8868264886194,0.299740723313605,0.299728797080643
2017-09-13 15:00:00,196.625,-15.2340652042831,0.244925046195262,0.244913113121964
2017-09-13 16:00:00,196.666666666668,-15.1646387178771,0.256484742009438,0.256472802101851
2017-09-13 17:30:00,196.729166666668,-14.7110873513011,0.32948638704902,0.329474436901347
2017-09-13 18:30:00,196.770833333332,-14.6052230407063,0.346851424395453,0.346839467428623
2017-09-13 19:30:00,196.8125,-13.9835921873371,0.44637874816994,0.446366784390014
2017-09-13 20:30:00,196.854166666668,-13.9442319189239,0.45315025899728,0.453138288410318
2017-09-13 21:30:00,196.895833333332,-12.9507550975881,0.611913525605608,0.611901548217676
2017-09-13 22:30:00,196.9375,-12.8426363736549,0.62963892142981,0.629626937246977
2017-09-13 23:30:00,196.979166666668,-13.8071688439703,0.476490522042983,0.476478531071321
2017-09-14 00:30:00,197.020833333332,-14.2793104007435,0.401780653356998,0.401768655602582
2017-09-14 01:30:00,197.0625,-14.2164599623836,0.412295697854975,0.412283693323881
2017-09-14 02:30:00,197.104166666668,-13.9414051977695,0.456615348958607,0.456603337656918
2017-09-14 03:30:00,197.145833333332,-13.7665103052533,0.484979766393094,0.484967748326895
2017-09-14 04:30:00,197.1875,-13.708685305959,0.494695171451236,0.494683146626613
2017-09-14 05:30:00,197.229166666668,-13.7413857631086,0.489990111622419,0.489978080045465
2017-09-14 06:30:00,197.270833333332,-13.4703544789179,0.533670039996228,0.533658001673036
2017-09-14 07:30:00,197.3125,-13.4189141871269,0.54236927085651,0.542357225793178
2017-09-14 08:30:00,197.354166666668,-13.3312290435754,0.55684263674263,0.556830584945259
2017-09-14 09:30:00,197.395833333332,-13.4433731313433,0.539483367259565,0.539471308734258
2017-09-14 10:30:00,197.4375,-13.3431862148976,0.55594888220352,0.555936816956384
2017-09-14 11:30:00,197.479166666668,-13.1892374784787,0.580978996950246,0.580966924987392
2017-09-14 12:30:00,197.520833333332,-13.2421765598513,0.573052037680971,0.573039959008511
2017-09-14 13:30:00,197.5625,-13.713391388764,0.498493755866886,0.498481670490937
2017-09-14 14:30:00,197.604166666668,-13.8788478567718,0.472643302127229,0.472631210053911
2017-09-14 15:30:00,197.645833333332,-14.6366567123134,0.352430992174842,0.352418893410278
2017-09-14 19:30:00,197.8125,-13.0239999868687,0.611360109097597,0.611347983629342
2017-09-14 20:30:00,197.854166666668,-14.900591761236,0.312926388896009,0.312914256767169
2017-09-14 21:30:00,197.895833333332,-14.4688633069288,0.382210031537707,0.382197892754426
2017-09-14 22:30:00,197.9375,-13.8154655452514,0.486806053851668,0.48679390842009
2017-09-14 23:30:00,197.979166666668,-13.4103605866171,0.551849155547228,0.5518370034735
2017-09-15 00:30:00,198.020833333332,-13.2861131764378,0.572151749147826,0.572139590438101
2017-09-15 01:30:00,198.0625,-13.3648814807407,0.560114094170767,0.560101928831199
2017-09-15 02:30:00,198.104166666668,-14.2566740631481,0.418561390249811,0.418549218286557
2017-09-15 03:30:00,198.145833333332,-14.0569018522222,0.450896037246039,0.450883858665261
2017-09-15 04:30:00,198.1875,-14.1028685218519,0.444084603993541,0.444072418801403
2017-09-15 05:30:00,198.229166666668,-14.6766975831169,0.353184613306345,0.353172421509012
2017-09-15 06:30:00,198.270833333332,-14.4627888788889,0.387772110096845,0.387759911700489
2017-09-15 07:30:00,198.3125,-14.492983309462,0.383474101319778,0.383461896330571
2017-09-15 08:30:00,198.354166666668,-14.404029635,0.398156768802351,0.398144557226469
2017-09-15 09:30:00,198.395833333332,-14.2045795904988,0.430441884714423,0.430429666558048
2017-09-15 10:30:00,198.4375,-14.06852779,0.452627912509267,0.45261568777858
2017-09-15 11:30:00,198.479166666668,-14.0358383076208,0.458348546358231,0.458336315059418
2017-09-15 12:30:00,198.520833333332,-14.2679240985185,0.421890586893961,0.421878349033211
2017-09-15 13:30:00,198.5625,-14.5459981615955,0.378106959476057,0.378094715059561
2017-09-15 14:30:00,198.604166666668,-15.0345888825926,0.300788174418582,0.300775923452536
2017-09-15 16:00:00,198.666666666668,-15.0106548761062,0.305372532863509,0.30536027208476
2017-09-15 17:00:00,198.708333333332,-15.8292170656772,0.175489796919483,0.175477529606684
2017-09-15 21:00:00,198.875,-14.9115178947269,0.323742106065731,0.323729812678825
2017-09-15 22:00:00,198.916666666668,-14.5276654115312,0.38540636152121,0.385394061631315
2017-09-15 23:00:00,198.958333333332,-14.4048132088679,0.405493379933928,0.405481073547265
2017-09-16,199,-14.458639056213,0.397435752619341,0.397423439742135
2017-09-16 01:00:00,199.041666666668,-14.4548901299242,0.398550121518611,0.398537802157088
2017-09-16 02:00:00,199.083333333332,-14.7808524317181,0.347141549533785,0.347129223694176
2017-09-16 03:00:00,199.125,-14.751081789777,0.352401782797088,0.352389450485626
2017-09-16 04:00:00,199.166666666668,-14.8126679238806,0.343109109186341,0.343096770409264
2017-09-16 05:00:00,199.208333333332,-15.1665884698324,0.287247647431351,0.287235302194898
2017-09-16 06:00:00,199.25,-15.2681598628253,0.271585878377839,0.271573526688253
2017-09-16 07:00:00,199.291666666668,-15.6990148377323,0.203469291452724,0.20345693331625
2017-09-16 08:00:00,199.333333333332,-15.4107057824953,0.249916340224363,0.24990397564725
2017-09-16 09:00:00,199.375,-15.5439256436803,0.229213822885511,0.22920145187401
2017-09-16 10:00:00,199.416666666668,-15.6220523076636,0.217287982470092,0.217275605030458
2017-09-16 11:00:00,199.458333333332,-16.2364452437848,0.11993483265305,0.119922448791542
2017-09-16 12:00:00,199.5,-16.0785836657993,0.145602669501681,0.145590279224559
2017-09-16 13:00:00,199.541666666668,-15.8424155532468,0.183745083704745,0.183732687018273
2017-09-16 14:00:00,199.583333333332,-15.7834174285714,0.193664482403278,0.193652079313723
2017-09-16 15:30:00,199.645833333332,-15.9748680315985,0.163948240932215,0.163935828249792
2017-09-16 16:30:00,199.6875,-15.4540168278505,0.247441889434727,0.247429470364901
2017-09-16 17:30:00,199.729166666668,-15.1355738282243,0.298692055614087,0.298679630163136
2017-09-16 18:30:00,199.770833333332,-14.4225996430168,0.412791610562607,0.412779178736812
2017-09-16 22:30:00,199.9375,-13.3245634900794,0.589801469711155,0.589789012448845
2017-09-16 23:00:00,199.958333333332,-13.3948838260563,0.578861203287567,0.578848742852771
2017-09-16 23:30:00,199.979166666668,-13.0036215278884,0.641451452209661,0.641438988603954
2017-09-17,200,-12.8900447910314,0.659806264617544,0.659793797842499
2017-09-17 00:30:00,200.020833333332,-13.2655630102362,0.600247972818117,0.600235502875311
2017-09-17 01:00:00,200.041666666668,-13.2347640869718,0.605416363946334,0.605403890837341
2017-09-17 01:30:00,200.0625,-13.8879485944664,0.50162577751106,0.501613301237457
2017-09-17 02:00:00,200.083333333332,-13.8086456298246,0.51452104053751,0.514508561100871
2017-09-17 02:30:00,200.104166666668,-14.2784861695652,0.439937422563414,0.439924939965317
2017-09-17 03:00:00,200.125,-14.3178204264085,0.433933834738509,0.43392134898053
2017-09-17 03:30:00,200.145833333332,-14.5165217557312,0.402543029986949,0.402530541070666
2017-09-17 04:00:00,200.166666666668,-14.4486982624561,0.41360989150853,0.41359739943552
2017-09-17 04:30:00,200.1875,-14.771691687747,0.362419410157627,0.362406914929468
2017-09-17 05:00:00,200.208333333332,-14.6774405353147,0.377696359710186,0.377683861328457
2017-09-17 05:30:00,200.229166666668,-14.8749842566929,0.346490248814958,0.346477747281237
2017-09-17 06:00:00,200.25,-14.857587401049,0.349524396875197,0.349511892191063
2017-09-17 06:30:00,200.270833333332,-14.9896102334646,0.328755953253442,0.328743445420475
2017-09-17 07:00:00,200.291666666668,-14.9006421154386,0.343191597329272,0.343179086349051
2017-09-17 07:30:00,200.3125,-15.1125236448819,0.309701748907977,0.309689234782084
2017-09-17 08:00:00,200.333333333332,-15.1009929996491,0.311801690867604,0.311789173597618
2017-09-17 08:30:00,200.354166666668,-15.2016111194444,0.296036325683626,0.296023805271128
2017-09-17 09:00:00,200.375,-15.2422657234266,0.289823262653781,0.289810739100352
2017-09-17 09:30:00,200.395833333332,-15.3168498166008,0.278205278949967,0.278192752257189
2017-09-17 10:00:00,200.416666666668,-15.2815034821678,0.284099362088665,0.28408683225812
2017-09-17 10:30:00,200.4375,-15.4036890007874,0.264898579595085,0.264886046628356
2017-09-17 11:00:00,200.458333333332,-15.3883706381119,0.267602334753264,0.267589798651933
2017-09-17 11:30:00,200.479166666668,-15.3302964537549,0.277117193924899,0.277104654690549
2017-09-17 12:00:00,200.5,-15.3264895136364,0.277987313341182,0.277974770975398
2017-09-17 12:30:00,200.520833333332,-14.781517786166,0.365065441103774,0.365052895608138
2017-09-17 13:00:00,200.541666666668,-14.6719508873684,0.382783339477526,0.382770790853623
2017-09-17 13:30:00,200.5625,-14.2818779586614,0.445186119799385,0.4451735680488
2017-09-17 14:00:00,200.583333333332,-14.3420316676056,0.435867545902625,0.435854991026942
2017-09-17 15:00:00,200.625,-13.9817633725191,0.493786665166172,0.493774104045051
2017-09-17 15:30:00,200.645833333332,-14.0319561985401,0.486055079524371,0.486042515282909
2017-09-17 16:00:00,200.666666666668,-13.7672613912879,0.528485389646955,0.528472822286739
2017-09-17 16:30:00,200.6875,-13.7145364872263,0.53714881344241,0.537136242965027
2017-09-17 17:00:00,200.708333333332,-13.9882167425856,0.493815732782581,0.493803159189618
2017-09-17 17:30:00,200.729166666668,-14.0533722726277,0.483700860539885,0.48368828383293
2017-09-17 18:00:00,200.75,-14.2564507295455,0.451614838110258,0.451602258290899
2017-09-17 18:30:00,200.770833333332,-14.2486313638686,0.453125060122078,0.453112477191902
2017-09-17 19:00:00,200.791666666668,-13.6795265,0.544048533655427,0.544035947616024
2017-09-17 19:30:00,200.8125,-13.4694688791209,0.577775595325032,0.577763006177989
2017-09-17 20:00:00,200.833333333332,-13.2653257666667,0.610560542066147,0.610547949813055
2017-09-17 20:30:00,200.854166666668,-13.1115620182482,0.635320090570951,0.6353074952134
2017-09-18 00:30:00,201.020833333332,-13.1908550063197,0.624810181258671,0.624797561122716
2017-09-18 01:30:00,201.0625,-13.4250334689591,0.588036467085386,0.588023840770753
2017-09-18 02:30:00,201.104166666668,-13.6228348719852,0.557057924833374,0.557045292346438
2017-09-18 03:30:00,201.145833333332,-13.7592690424861,0.535855506633345,0.535842867980484
2017-09-18 04:30:00,201.1875,-13.9337087458256,0.508599059677406,0.508586414864999
2017-09-18 05:30:00,201.229166666668,-14.0332968450835,0.493266806253316,0.493254155287748
2017-09-18 06:30:00,201.270833333332,-14.343687035,0.444353908384451,0.444341251272108
2017-09-18 07:30:00,201.3125,-14.5026963,0.419556378999488,0.41954371574676
2017-09-18 08:30:00,201.354166666668,-14.5558649232645,0.411619618170896,0.411606948784174
2017-09-18 09:30:00,201.395833333332,-14.431329635,0.431991495857857,0.431978820343536
2017-09-18 10:30:00,201.4375,-14.4145352014815,0.435200456537123,0.435187774901602
2017-09-18 11:30:00,201.479166666668,-14.5556407266667,0.413256118830337,0.413243431080016
2017-09-18 12:30:00,201.520833333332,-14.4277203781481,0.43416807265274,0.434155378794022
2017-09-18 13:30:00,201.5625,-14.2237166727778,0.467200436916968,0.467187736956261
2017-09-18 15:00:00,201.625,-14.1695148801115,0.476636982930148,0.476624273828475
2017-09-18 16:00:00,201.666666666668,-14.2124535414498,0.470331943823748,0.470319228636114
2017-09-18 17:00:00,201.708333333332,-14.5707616506518,0.413788602671438,0.41377588140426
2017-09-18 18:00:00,201.75,-14.8857193401487,0.364151290448191,0.364138563107887
2017-09-18 19:00:00,201.791666666668,-14.9008661563197,0.362274340410947,0.362261607003941
2017-09-18 20:00:00,201.833333333332,-14.9789460929368,0.350372374855718,0.350359635388434
2017-09-18 21:00:00,201.875,-14.9043283823748,0.362795528882808,0.362782783361673
2017-09-18 22:00:00,201.916666666668,-14.6059366811918,0.410866314519468,0.410853562950914
2017-09-19 02:00:00,202.083333333332,-13.3966957293135,0.605649104321932,0.605636328628063
2017-09-19 03:00:00,202.125,-13.4972249087361,0.590172879434052,0.590160097724959
2017-09-19 04:00:00,202.166666666668,-13.7845918185529,0.544933543916731,0.544920756198862
2017-09-19 05:00:00,202.208333333332,-14.4923345713755,0.43272830926568,0.432715515545485
2017-09-19 06:00:00,202.25,-14.5129146569573,0.429988851347769,0.429976051631702
2017-09-19 07:00:00,202.291666666668,-14.4648515888683,0.43818456937331,0.438171763667826
2017-09-19 08:00:00,202.333333333332,-14.6227676490706,0.413567937300804,0.413555125612362
2017-09-19 09:00:00,202.375,-14.6948259231481,0.402628783870512,0.402615966205573
2017-09-19 10:00:00,202.416666666668,-14.829605577037,0.381698341495543,0.381685517860573
2017-09-19 11:00:00,202.458333333332,-14.654599987037,0.410117181252278,0.410104351653743
2017-09-19 12:00:00,202.5,-14.6874092507407,0.405431237433927,0.405418401878297
2017-09-19 13:00:00,202.541666666668,-14.7915981596296,0.389374735978595,0.389361894472343
2017-09-19 14:30:00,202.604166666668,-14.6281821678439,0.416218826763941,0.416205976343898
2017-09-19 15:30:00,202.645833333332,-14.5039795594796,0.436545933129537,0.436533076775066
2017-09-19 16:30:00,202.6875,-14.5757825330855,0.425649480098094,0.425636617815677
2017-09-19 17:30:00,202.729166666668,-14.7505743639405,0.398347098110783,0.398334229906905
2017-09-19 18:30:00,202.770833333332,-14.3823854735568,0.457542202360583,0.457529328241732
2017-09-19 19:30:00,202.8125,-14.1661873858998,0.492525332166678,0.492512452139345
2017-09-19 20:30:00,202.854166666668,-13.9498942278293,0.527523875524526,0.527510989595205
2017-09-19 21:30:00,202.895833333332,-13.8599553884758,0.542394354105004,0.54238146228019
2017-09-19 22:30:00,202.9375,-13.9412025916357,0.529995041991701,0.529982144277894
2017-09-19 23:30:00,202.979166666668,-14.1519573365492,0.496965353861,0.496952450264701
2017-09-20 03:30:00,203.145833333332,-13.530873598513,0.598081884271982,0.598068957210787
2017-09-20 04:30:00,203.1875,-13.665758382342,0.577139670634384,0.577126737723247
2017-09-20 05:30:00,203.229166666668,-13.4857955386617,0.606353175310308,0.606340236555746
2017-09-20 06:30:00,203.270833333332,-13.4294702633829,0.615871392964668,0.615858448373202
2017-09-20 07:30:00,203.3125,-13.4858163215213,0.607441252387493,0.607428301965648
2017-09-20 08:30:00,203.354166666668,-13.5786375414498,0.593200857889851,0.593187901644152
2017-09-20 09:30:00,203.395833333332,-13.5510352378479,0.598144281885036,0.598131319822012
2017-09-20 10:30:00,203.4375,-13.6119517528757,0.588986859674194,0.588973891800377
2017-09-20 11:30:00,203.479166666668,-13.4326888977778,0.618090447337568,0.618077473659492
2017-09-20 12:30:00,203.520833333332,-13.3350259311111,0.63419537875923,0.634182399283432
2017-09-20 14:00:00,203.583333333332,-13.1501284875233,0.66447089515816,0.664457906998041
2017-09-20 15:00:00,203.625,-13.0022122871508,0.68858186213764,0.688568868196154
2017-09-20 16:00:00,203.666666666668,-12.9830371113173,0.692184555223559,0.692171555507252
2017-09-20 17:00:00,203.708333333332,-13.1639629016698,0.663911284435852,0.663898278951272
2017-09-20 18:00:00,203.75,-13.323048344052,0.639117459440613,0.639104448194313
2017-09-20 19:00:00,203.791666666668,-13.4450148981378,0.620236962348747,0.620223945347281
2017-09-20 20:00:00,203.833333333332,-13.2744861011132,0.647951445900276,0.647938423150202
2017-09-20 21:00:00,203.875,-13.3071542657993,0.643296770153575,0.643283741661451
2017-09-20 22:00:00,203.916666666668,-13.5527583511152,0.604721511711571,0.604708477483962
2017-09-20 23:00:00,203.958333333332,-13.1685314955556,0.666479033581813,0.666465993625282
2017-09-21,204,-13.1465528725417,0.67053041420452,0.670517368525635
2017-09-21 01:00:00,204.041666666668,-13.23623334,0.656794682704002,0.656781631309334
2017-09-21 05:00:00,204.208333333332,-13.9371919272727,0.547335805221398,0.547322731029354
2017-09-21 05:30:00,204.229166666668,-13.9414068402273,0.546940199535663,0.546927122501351
2017-09-21 06:00:00,204.25,-14.1108787535354,0.520219100405983,0.520206020531048
2017-09-21 06:30:00,204.270833333332,-14.0206795420455,0.534863861792546,0.534850779078635
2017-09-21 07:00:00,204.291666666668,-14.6233333040404,0.439136714118146,0.439123628566907
2017-09-21 07:30:00,204.3125,-14.4603895029613,0.465369870047822,0.465356781660901
2017-09-21 08:00:00,204.333333333332,-15.1433939,0.356842938157963,0.356829846937007
2017-09-21 08:30:00,204.354166666668,-14.9698590925,0.384763378274843,0.384750284221501
2017-09-21 09:00:00,204.375,-15.442141389899,0.309804756667244,0.309791659783164
2017-09-21 09:30:00,204.395833333332,-15.2390364460137,0.342435869795682,0.342422770082513
2017-09-21 10:00:00,204.416666666668,-15.4642019787879,0.306843254468962,0.306830151928351
2017-09-21 10:30:00,204.4375,-15.2995871708716,0.333342990444593,0.333329885078191
2017-09-21 11:00:00,204.458333333332,-15.4042626323232,0.316944658524924,0.316931550334379
2017-09-21 11:30:00,204.479166666668,-15.1520591052273,0.357397468928737,0.357384357915701
2017-09-21 12:00:00,204.5,-15.3103674030612,0.332455516646641,0.332442402812763
2017-09-21 12:30:00,204.520833333332,-15.1513197283447,0.358068661925102,0.358055545272032
2017-09-21 13:30:00,204.5625,-15.4747705954128,0.307096374635148,0.307083252348648
2017-09-21 14:00:00,204.583333333332,-15.1809205873832,0.354183820769354,0.354170695668616
2017-09-21 14:30:00,204.604166666668,-15.2277248009174,0.347004870177681,0.346991742264358
2017-09-21 15:00:00,204.625,-15.0732593324766,0.371888387923755,0.371875257199497
2017-09-21 15:30:00,204.645833333332,-15.8400091842593,0.250021710980304,0.250008577446764
2017-09-21 16:00:00,204.666666666668,-15.5446689773893,0.297346803461259,0.297333667120091
2017-09-21 16:30:00,204.6875,-15.7262569357798,0.268696962460276,0.268683823313132
2017-09-21 17:00:00,204.708333333332,-15.5472447529138,0.297491045678058,0.297477903726591
2017-09-21 17:30:00,204.729166666668,-15.6837889504587,0.276016835987729,0.276003691233594
2017-09-21 18:00:00,204.75,-15.4264088640187,0.317295110195506,0.317281962640357
2017-09-21 18:30:00,204.770833333332,-15.8250275633028,0.254072372973298,0.254059222618788
2017-09-21 19:00:00,204.791666666668,-16.0816410307692,0.213471234543482,0.213458081391267
2017-09-21 19:30:00,204.8125,-16.0760183211009,0.214644570377901,0.214631414429635
2017-09-21 20:00:00,204.833333333332,-15.6207687133178,0.287443856204866,0.287430697462205
2017-09-21 20:30:00,204.854166666668,-15.2633853146789,0.344653048757169,0.344639887221769
2017-09-21 21:00:00,204.875,-14.8434579497664,0.411825603574257,0.411812439247774
2017-09-21 21:30:00,204.895833333332,-16.2082129425926,0.19469704715476,0.19468388003885
2017-09-21 22:00:00,204.916666666668,-15.6331442039535,0.286583861051175,0.286570691147494
2017-09-21 22:30:00,204.9375,-16.5677008962617,0.137986328636654,0.13797315594686
2017-09-21 23:00:00,204.958333333332,-16.3177953825581,0.178074535671366,0.178061360197116
2017-09-21 23:30:00,204.979166666668,-17.2826421880734,0.0246518937422591,0.0246387154852111
2017-09-22,205,-17.025840101897,0.0658388567939223,0.0658256757557339
2017-09-22 00:30:00,205.020833333332,-16.8522293146789,0.0937734499653551,0.0937602661476847
2017-09-22 01:00:00,205.041666666668,-16.537153474186,0.144243590673869,0.144230404078375
2017-09-22 01:30:00,205.0625,-17.561633066055,-0.0186783428336845,-0.0186915322053429
2017-09-22 02:00:00,205.083333333332,-17.2169813904651,0.0365033763493489,0.0364901842031849
2017-09-22 02:30:00,205.104166666668,-18.0942844275229,-0.102973100065561,-0.102986294984571
2017-09-22 03:00:00,205.125,-17.7503627995349,-0.0479075513215975,-0.0479207490117933
2017-09-22 07:00:00,205.291666666668,-18.5781486905204,-0.177543459170144,-0.177556678970034
2017-09-22 08:00:00,205.333333333332,-18.6166122387755,-0.183112355212383,-0.183125580523076
2017-09-22 09:00:00,205.375,-18.6009387730983,-0.180056934561064,-0.180070165375905
2017-09-22 10:00:00,205.416666666668,-18.6154655141527,-0.181812177022777,-0.181825413335111
2017-09-22 11:00:00,205.458333333332,-18.4692004300557,-0.15795291571985,-0.157966157523019
2017-09-22 12:00:00,205.5,-18.3771636026022,-0.142732003624734,-0.142745250912077
2017-09-22 13:30:00,205.5625,-17.9561380235075,-0.0748227887637326,-0.0748360442648398
2017-09-22 14:30:00,205.604166666668,-17.5441264256506,-0.00862904127120345,-0.0086423022398201
2017-09-22 15:30:00,205.645833333332,-17.1329235223881,0.0574361304179148,0.0574228639884591
2017-09-22 16:30:00,205.6875,-16.8923308644981,0.0963232176352919,0.0963099457516684
2017-09-22 17:30:00,205.729166666668,-16.2784033806691,0.194683058663306,0.19466978133219
2017-09-22 18:30:00,205.770833333332,-16.1063401644981,0.222653855053149,0.222640572281219
2017-09-22 19:30:00,205.8125,-15.4062578764378,0.334738715597784,0.334725427391719
2017-09-22 20:30:00,205.854166666668,-15.3845223096654,0.338762707072485,0.338749413438967
2017-09-22 21:30:00,205.895833333332,-15.4320575,0.331752065536554,0.33173876648227
2017-09-22 22:30:00,205.9375,-15.3948252737918,0.338245181842111,0.338231877373746
2017-09-22 23:30:00,205.979166666668,-15.8634990450835,0.264147358741521,0.264134048865766
2017-09-23 00:30:00,206.020833333332,-15.9362894007421,0.253114293888406,0.253100978611954
2017-09-23 01:30:00,206.0625,-15.922673474397,0.255846058451188,0.255832737780733
2017-09-23 02:30:00,206.104166666668,-15.8070445369202,0.274828815244192,0.274815489186432
2017-09-23 03:30:00,206.145833333332,-16.0165658892393,0.242015144884852,0.242001813446487
2017-09-23 04:30:00,206.1875,-16.018769919666,0.242227518134391,0.242214181322123
2017-09-23 08:30:00,206.354166666668,-16.5788756966605,0.155258630106437,0.155245271865629
2017-09-23 09:30:00,206.395833333332,-16.3107285977695,0.198539357516454,0.198525993935292
2017-09-23 10:30:00,206.4375,-16.4362541400742,0.179107996205585,0.179094627290786
2017-09-23 11:30:00,206.479166666668,-16.2303320662338,0.212476721058416,0.212463346816699
2017-09-23 13:00:00,206.541666666668,-15.5383743065177,0.323554330635859,0.32354094841637
2017-09-23 14:00:00,206.583333333332,-14.7804219213755,0.444862487436917,0.44484909990732
2017-09-23 15:00:00,206.625,-14.4053494468401,0.5051778439083,0.505164451075323
2017-09-23 16:00:00,206.666666666668,-14.4551635702602,0.497808704446643,0.497795306317016
2017-09-23 17:00:00,206.708333333332,-14.2786685216015,0.526491020280575,0.526477616861031
2017-09-23 18:00:00,206.75,-14.0320540815299,0.566343647444559,0.566330238741834
2017-09-23 19:00:00,206.791666666668,-13.9777458243043,0.575562004136019,0.57554859015685
2017-09-23 20:00:00,206.833333333332,-14.3710816166976,0.513470585419733,0.513457166170861
2017-09-23 21:00:00,206.875,-14.9952504526902,0.414607539199746,0.414594114687913
2017-09-23 22:00:00,206.916666666668,-13.7060375300188,0.620547815467909,0.620534385699861
2017-09-23 23:00:00,206.958333333332,-13.5081490035382,0.652639576264789,0.652626141247273
2017-09-24,207,-13.8722827672285,0.595201025034089,0.595187584773855
2017-09-24 01:00:00,207.041666666668,-13.939493492365,0.585062766163219,0.585049320667018
2017-09-24 02:00:00,207.083333333332,-14.0202457669794,0.572767568625456,0.572754117900044
2017-09-24 03:00:00,207.125,-14.1010519319109,0.560464025872134,0.560450569924267
2017-09-24 04:00:00,207.166666666668,-14.1370579540187,0.555297417144122,0.55528395598056
2017-09-24 05:00:00,207.208333333332,-14.1439432852552,0.554769994248849,0.554756527876353
2017-09-24 06:00:00,207.25,-14.1420112106542,0.555647429079654,0.555633957504989
2017-09-24 10:00:00,207.416666666668,-14.5169488576744,0.498200590747597,0.498187098431944
2017-09-24 10:30:00,207.4375,-14.540449972,0.494742238287321,0.494728743386665
2017-09-24 11:00:00,207.458333333332,-13.8968004449541,0.597561519018448,0.597548021534482
2017-09-24 11:30:00,207.479166666668,-13.7688876959184,0.618223621691039,0.618210121625458
2017-09-24 12:30:00,207.520833333332,-13.2594276278396,0.699952172833174,0.699938667609449
2017-09-24 13:00:00,207.541666666668,-13.1046741314607,0.724890203209551,0.724876695409297
2017-09-24 13:30:00,207.5625,-13.1985580205357,0.710220179487618,0.71020666911253
2017-09-24 14:00:00,207.583333333332,-13.1403792793103,0.719773900485623,0.719760387537398
2017-09-24 14:30:00,207.604166666668,-13.2722758080717,0.699048554155286,0.69903503863562
2017-09-24 15:00:00,207.625,-12.9782613284091,0.746171194802083,0.746157676712673
2017-09-24 15:30:00,207.645833333332,-13.3985358930493,0.67950713918906,0.679493618531602
2017-09-24 16:00:00,207.666666666668,-13.2049213719101,0.710636112534138,0.71062258931033
2017-09-24 16:30:00,207.6875,-13.3617466477578,0.685939834654607,0.685926308866146
2017-09-24 17:00:00,207.708333333332,-13.2157640438202,0.709481127242487,0.709467598891071
2017-09-24 17:30:00,207.729166666668,-13.674378692517,0.636709704223828,0.636696173311156
2017-09-24 18:00:00,207.75,-13.6944831370787,0.633793328842649,0.633779795370419
2017-09-24 18:30:00,207.770833333332,-13.2507968417607,0.704759208472209,0.704745672442119
2017-09-24 19:00:00,207.791666666668,-13.1783555422222,0.716585553658543,0.716572015072293
2017-09-24 19:30:00,207.8125,-13.3872828219457,0.683589741742879,0.683576200602167
2017-09-24 20:00:00,207.833333333332,-13.0011460550562,0.745388116299977,0.745374572606503
2017-09-24 20:30:00,207.854166666668,-12.5786266954751,0.812982322442851,0.812968776198316
2017-09-24 21:00:00,207.875,-12.4013595539326,0.841507733525655,0.841494184731758
2017-09-24 21:30:00,207.895833333332,-12.7958648518018,0.778949444911603,0.778935893570045
2017-09-24 22:00:00,207.916666666668,-12.7045000066667,0.793790675747272,0.793777121859754
2017-09-24 22:30:00,207.9375,-12.4242494307865,0.83872159689421,0.838708040462432
2017-09-24 23:00:00,207.958333333332,-12.2086000344444,0.873361562362732,0.873348003388396
2017-09-24 23:30:00,207.979166666668,-13.0234080692825,0.743848981016781,0.743835419501589
2017-09-25,208,-13.0673793551724,0.737131302940917,0.73711773888657
2017-09-25 00:30:00,208.020833333332,-13.1808903689038,0.719335954802446,0.719322388210646
2017-09-25 01:00:00,208.041666666668,-13.1330110744444,0.727250256330022,0.727236687202472
2017-09-25 01:30:00,208.0625,-13.0786539202247,0.73619654374943,0.736182972087833
2017-09-25 02:00:00,208.083333333332,-13.05442223,0.740343881392517,0.740330307198575
2017-09-25 02:30:00,208.104166666668,-12.9571138142857,0.756132451756974,0.756118875032391
2017-09-25 03:00:00,208.125,-12.8906333111111,0.767010171716285,0.766996592462766
2017-09-25 03:30:00,208.145833333332,-12.9756748173719,0.753750385348708,0.753736803567954
2017-09-25 04:00:00,208.166666666668,-12.96026667,0.756492358606258,0.756478774299976
2017-09-25 04:30:00,208.1875,-13.0115647261161,0.74860804396104,0.748594457130932
2017-09-25 05:00:00,208.208333333332,-12.9681333677778,0.75581425067836,0.755800661326132
2017-09-25 05:30:00,208.229166666668,-12.9314231636971,0.761949830627768,0.761936238755126
2017-09-25 06:00:00,208.25,-12.7779555833333,0.786685001926716,0.786671407535364
2017-09-25 06:30:00,208.270833333332,-12.7797060289532,0.786693888600317,0.786680291691961
2017-09-25 07:00:00,208.291666666668,-12.7801477034091,0.786911321253349,0.786897721829695
2017-09-25 07:30:00,208.3125,-12.8282694942094,0.779533335060679,0.779519733123433
2017-09-25 08:00:00,208.333333333332,-12.7106067134831,0.798565007307809,0.798551402858678
2017-09-25 12:00:00,208.5,-12.6170982138393,0.815766309308678,0.815752684825932
2017-09-25 12:30:00,208.520833333332,-12.6234944044944,0.815035816614689,0.81502218963543
2017-09-25 13:00:00,208.541666666668,-12.6459866383073,0.811741270097898,0.811727640623833
2017-09-25 13:30:00,208.5625,-12.6587727386364,0.80999297489879,0.80997934293163
2017-10-10 20:00:00,223.833333333332,-18.8682350886918,0.0452227230299101,0.0452077393881321
2017-10-10 20:30:00,223.854166666668,-18.68195296,0.0752178102573944,0.0752028254384155
2017-10-10 21:00:00,223.875,-18.772713006181,0.0610799095308398,0.0610649235365145
2017-10-10 21:30:00,223.895833333332,-18.6535357321429,0.0803852023789383,0.0803702152111217
2017-10-10 22:00:00,223.916666666668,-17.8810662732892,0.203760435517762,0.203745447178309
2017-10-10 22:30:00,223.9375,-17.7367176752941,0.227075595016729,0.227060605507494
2017-10-10 23:00:00,223.958333333332,-17.7268523821586,0.228967496264951,0.22895250558779
2017-10-10 23:30:00,223.979166666668,-17.58758828,0.251472748536349,0.251457756693117
2017-10-11,224,-18.1147158698238,0.167821356297893,0.167806363290445
2017-10-11 00:30:00,224.020833333332,-18.0936824329412,0.171492435530017,0.171477441360209
2017-10-11 01:00:00,224.041666666668,-18.2549024997214,0.146130429540688,0.146115434210375
2017-10-11 01:30:00,224.0625,-18.2731883058824,0.143537981522023,0.14352298503306
2017-10-11 02:00:00,224.083333333332,-18.3690506398678,0.128587565254216,0.128572567608461
2017-10-11 02:30:00,224.104166666668,-18.3175929569767,0.137105360980939,0.137090362180246
2017-10-11 03:00:00,224.125,-18.0238347960352,0.184221824000205,0.184206824046431
2017-10-11 03:30:00,224.145833333332,-17.9523604,0.19592835237037,0.19591335126537
2017-10-11 04:00:00,224.166666666668,-18.1844581292952,0.159275652145181,0.159260649890812
2017-10-11 04:30:00,224.1875,-18.1705232244186,0.161816154226456,0.161801150824574
2017-10-11 05:00:00,224.208333333332,-18.3424669440529,0.134746086415903,0.134731081868364
2017-10-11 05:30:00,224.229166666668,-18.2899767372093,0.143428531259391,0.143413525568054
2017-10-11 06:00:00,224.25,-18.5305880398678,0.105419723926906,0.105404717093625
2017-10-11 06:30:00,224.270833333332,-18.490930272093,0.112058007498774,0.112042999525406
2017-10-11 07:00:00,224.291666666668,-18.6332797535242,0.0897024338670578,0.0896874247554608
2017-10-11 07:30:00,224.3125,-18.4848022686046,0.113675831421877,0.113660821173907
2017-10-11 08:00:00,224.333333333332,-18.4808057527594,0.114633334932532,0.114618323550047
2017-10-11 08:30:00,224.354166666668,-18.3888372348837,0.129604868768723,0.129589856253579
2017-10-11 09:00:00,224.375,-18.1871453381057,0.162055442768692,0.162040429122747
2017-10-11 09:30:00,224.395833333332,-18.1175116813953,0.173469072209345,0.173454057434457
2017-10-11 10:00:00,224.416666666668,-18.1741145411894,0.164773161773484,0.164758145871509
2017-10-11 10:30:00,224.4375,-17.9204766895349,0.205498845744788,0.205483828717585
2017-10-11 11:00:00,224.458333333332,-17.9590462508811,0.199675707340563,0.199660689189989
2017-10-11 11:30:00,224.479166666668,-17.8018954023256,0.225030997387299,0.225015978115212
2017-10-11 12:00:00,224.5,-17.7386519867841,0.23542679349565,0.235411773103907
2017-10-11 12:30:00,224.520833333332,-17.5810930127907,0.260847152671507,0.260832131161966
2017-10-11 13:00:00,224.541666666668,-17.5406431420705,0.267611975174301,0.267596952548821
2017-10-11 13:30:00,224.5625,-17.4793837325581,0.277691799202142,0.277676775462581
2017-10-11 14:00:00,224.583333333332,-17.6070021436123,0.257683278522906,0.257668253671122
2017-10-11 14:30:00,224.604166666668,-17.5313255395349,0.27005982607374,0.270044800111592
2017-10-11 15:00:00,224.625,-17.5377687292952,0.269354658783626,0.269339631712972
2017-10-11 15:30:00,224.645833333332,-17.5502791267442,0.267683007933099,0.267667979755798
2017-10-11 16:00:00,224.666666666668,-18.0456696515418,0.189088234642845,0.189073205360755
2017-10-11 16:30:00,224.6875,-18.3651744744186,0.138512206236355,0.138497175851336
2017-10-11 17:00:00,224.708333333332,-17.7568612601322,0.235738281016715,0.235723249530625
2017-10-11 17:30:00,224.729166666668,-17.5159652023256,0.27443456700447,0.274419534419168
2017-10-11 18:00:00,224.75,-17.6259185147577,0.257240324346071,0.257225290663416
2017-10-11 18:30:00,224.770833333332,-17.4941510906977,0.278552394460489,0.27853735968234
2017-10-11 19:00:00,224.791666666668,-17.2846497837004,0.312247554348284,0.312232518476501
2017-10-11 19:30:00,224.8125,-16.8512558604651,0.381608994629778,0.38159395766622
2017-10-11 20:00:00,224.833333333332,-16.2699405301762,0.474534447350792,0.474519409297319
2017-10-11 20:30:00,224.854166666668,-16.1828139348837,0.488735307981808,0.488720268840279
2017-10-11 21:00:00,224.875,-16.5488501669604,0.430747032884139,0.430731992656415
2017-10-11 21:30:00,224.895833333332,-16.4277907488372,0.450353469413662,0.450338428101602
2017-10-11 22:00:00,224.916666666668,-16.3502115030837,0.463033509837874,0.463018467443337
2017-10-11 22:30:00,224.9375,-16.1884301965116,0.489127025105635,0.489111981630482
2017-10-11 23:00:00,224.958333333332,-17.8009823493392,0.232567978672665,0.232552934118756
2017-10-11 23:30:00,224.979166666668,-17.8520929872093,0.224747707698724,0.224732662067919
2017-10-12,225,-18.1363810171806,0.179782137791278,0.179767091085437
2017-10-12 00:30:00,225.020833333332,-17.9173953709302,0.214988450369983,0.214973402590966
2017-10-12 01:00:00,225.041666666668,-19.1022964975664,0.0265546229703928,0.0265395741200616
2017-10-12 01:30:00,225.0625,-19.3426278162791,-0.0114085328898332,-0.0114235828096188
2017-10-12 02:00:00,225.083333333332,-19.4497593516556,-0.0281528419836352,-0.0281678929710145
2017-10-12 02:30:00,225.104166666668,-19.403241416092,-0.0204206545033017,-0.0204357065564137
2017-10-12 04:00:00,225.166666666668,-18.3662582635762,0.145737199950192,0.145722144711047
2017-10-12 04:30:00,225.1875,-18.5865056735632,0.110973581052038,0.110958524754604
2017-10-12 05:00:00,225.208333333332,-19.1520993306843,0.0211960840439977,0.021181026690136
2017-10-12 05:30:00,225.229166666668,-18.750172408046,0.0855453325997811,0.0855302741913534
2017-10-12 06:00:00,225.25,-19.424702003532,-0.0215856856660394,-0.0216007451271722
2017-10-12 06:30:00,225.270833333332,-19.1287930965517,0.0258748687217634,0.0258598082097872
2017-10-12 07:00:00,225.291666666668,-19.2369801741722,0.00896266967293119,0.00894760811197368
2017-10-12 07:30:00,225.3125,-19.1179770517241,0.0282420574887831,0.0282269948807053
2017-10-12 08:00:00,225.333333333332,-19.7768240367483,-0.076390607077336,-0.0764056707306716
2017-10-12 08:30:00,225.354166666668,-19.6073333931034,-0.0490684698978154,-0.0490835345945474
2017-10-12 09:00:00,225.375,-20.3103727848214,-0.160740965355306,-0.160756031093572
2017-10-12 09:30:00,225.395833333332,-20.2491724942529,-0.150669507813718,-0.150684574591657
2017-10-12 10:00:00,225.416666666668,-20.8798663614699,-0.250817258608913,-0.250832326424661
2017-10-12 10:30:00,225.4375,-20.6768735678161,-0.218158103171531,-0.218173172023227
2017-10-12 11:00:00,225.458333333332,-21.5684811051225,-0.359869537319098,-0.359884607204879
2017-10-12 11:30:00,225.479166666668,-21.6528850448276,-0.372992836220533,-0.373007907138537
2017-10-12 12:00:00,225.5,-21.8067082621381,-0.397174650383171,-0.397189722331535
2017-10-12 12:30:00,225.520833333332,-21.676482845977,-0.376107289021183,-0.376122361998045
2017-10-12 13:00:00,225.541666666668,-22.0674045033708,-0.438059003707902,-0.438074077711399
2017-10-12 16:30:00,225.6875,-21.7113443550964,-0.379080973033343,-0.379096054171121
2017-10-12 17:00:00,225.708333333332,-21.8331714622857,-0.398165533568782,-0.39818061571829
2017-10-12 17:30:00,225.729166666668,-21.4002912233516,-0.328884792651331,-0.328899875810706
2017-10-12 18:00:00,225.75,-20.943914372,-0.255860999811523,-0.2558760839789
2017-10-12 18:30:00,225.770833333332,-20.8570686178571,-0.241703750096538,-0.241718835270055
2017-10-12 19:00:00,225.791666666668,-20.6665746758621,-0.21103524529775,-0.211050331475541
2017-10-12 19:30:00,225.8125,-20.2813242233516,-0.149341864549215,-0.149356951729417
2017-10-12 20:00:00,225.833333333332,-19.8768513782857,-0.0845863183221189,-0.0846014065028691
2017-10-12 20:30:00,225.854166666668,-19.9084834991758,-0.0893025802511641,-0.0893176694305974
2017-10-12 21:00:00,225.875,-19.0505314314286,0.0476925793026637,0.0476774891264111
2017-10-12 21:30:00,225.895833333332,-18.9057829167582,0.0710739276711618,0.071058836499954
2017-10-12 22:00:00,225.916666666668,-18.6156342885714,0.117617642470054,0.117602550305756
2017-10-12 22:30:00,225.9375,-17.0596208956044,0.365814543302002,0.365799450146477
2017-10-12 23:00:00,225.958333333332,-16.89626145625,0.392160698475535,0.392145604330648
2017-10-12 23:30:00,225.979166666668,-16.7309807755495,0.418812933086837,0.418797837954454
2017-10-13,226,-16.6058609017391,0.439067546738041,0.439052450620025
2017-10-13 00:30:00,226.020833333332,-17.5369256201102,0.2910712243278,0.291056127226016
2017-10-13 01:00:00,226.041666666668,-17.5238285508571,0.293480573589959,0.293465475506273
2017-10-13 01:30:00,226.0625,-17.9234242046832,0.230147701303039,0.230132602239314
2017-10-13 02:00:00,226.083333333332,-17.9571206724138,0.225102854948586,0.225087754906688
2017-10-13 02:30:00,226.104166666668,-17.5505082532967,0.290199552989171,0.290184451970966
2017-10-13 03:00:00,226.125,-17.5835567840909,0.285257971550304,0.285242869557656
2017-10-13 03:30:00,226.145833333332,-18.582469796978,0.12645351188259,0.126438408917364
2017-10-13 04:00:00,226.166666666668,-18.5523352102273,0.13157709415309,0.131561990217152
2017-10-13 04:30:00,226.1875,-17.582384589011,0.286414066222378,0.286398961317593
2017-10-13 05:00:00,226.208333333332,-17.6527614596591,0.275526149269805,0.275511043398039
2017-10-13 05:30:00,226.229166666668,-17.8971845498623,0.236912568988138,0.236897462151256
2017-10-13 06:00:00,226.25,-17.597382868,0.284994407586289,0.284979299786158
2017-10-13 06:30:00,226.270833333332,-18.1791565755494,0.192640680405244,0.192625571643728
2017-10-13 07:00:00,226.291666666668,-17.806130625,0.25238724476825,0.252372135047216
2017-10-13 07:30:00,226.3125,-17.8349752052342,0.248115570051598,0.248100459372912
2017-10-13 08:00:00,226.333333333332,-17.8387898198864,0.247831210353297,0.247816098718824
2017-10-13 08:30:00,226.354166666668,-18.0404560239011,0.216028974655409,0.216013862067017
2017-10-13 09:00:00,226.375,-17.8997784113636,0.238762377108879,0.238747263568432
2017-10-13 09:30:00,226.395833333332,-18.4135521785714,0.157241230580021,0.157226116089385
2017-10-13 10:00:00,226.416666666668,-18.2366932522727,0.185738389110083,0.185723273671126
2017-10-13 10:30:00,226.4375,-18.8171019418733,0.093602298681792,0.09358718229638
2017-10-13 11:00:00,226.458333333332,-18.8047329852273,0.0958961342725466,0.0958810169425456
2017-10-13 11:30:00,226.479166666668,-19.1226142628099,0.0455808948741739,0.0455657766014511
2017-10-13 12:00:00,226.5,-19.0587386431818,0.0560798252924405,0.0560647060788619
2017-10-13 12:30:00,226.520833333332,-18.8490109857143,0.0898131128075816,0.0897979926550141
2017-10-13 13:00:00,226.541666666668,-18.5256534625,0.141647742337481,0.141632621247791
2017-10-13 13:30:00,226.5625,-18.6753241936813,0.118128656068767,0.118113534043822
2017-10-13 14:00:00,226.583333333332,-18.6376988767045,0.124445987232702,0.124430864274369
2017-10-13 14:30:00,226.604166666668,-17.9763084969697,0.230129561719764,0.23011443782991
2017-10-13 15:00:00,226.625,-18.0013187175,0.226469053108287,0.226453928288779
2017-10-13 18:30:00,226.770833333332,-16.9516382586271,0.395950003531999,0.395934872257199
2017-10-13 19:30:00,226.8125,-16.4750092764378,0.472525004001804,0.472509870899443
2017-10-13 20:30:00,226.854166666668,-15.9431910959184,0.557891773681129,0.557876638758679
2017-10-13 21:30:00,226.895833333332,-15.2120130154275,0.675016808035492,0.675001671300425
2017-10-13 22:30:00,226.9375,-14.9914229972171,0.710804889008614,0.710789750468402
2017-10-13 23:30:00,226.979166666668,-14.535364294052,0.784103389244185,0.784088248906302
2017-10-14 00:30:00,227.020833333332,-14.6354574092593,0.768806596528197,0.768791454400117
2017-10-14 01:30:00,227.0625,-14.2644499994444,0.828556542918444,0.828541399007642
2017-10-14 02:30:00,227.104166666668,-14.1580092909091,0.846160913215858,0.846145767529808
2017-10-14 03:30:00,227.145833333332,-13.8443333342593,0.896778094782006,0.896762947328184
2017-10-14 04:30:00,227.1875,-13.8227648066667,0.900862441974755,0.900847292760637
2017-10-14 05:30:00,227.229166666668,-13.8302981705556,0.900310924544427,0.900295773577491
2017-10-14 06:30:00,227.270833333332,-13.680324057037,0.92485054797587,0.924835395263593
2017-10-14 07:30:00,227.3125,-13.6779981398148,0.925869795047653,0.925854640597513
2017-10-14 08:30:00,227.354166666668,-13.6399684497217,0.932576765141091,0.932561608960566
2017-10-14 09:30:00,227.395833333332,-13.3897977734694,0.973078032084554,0.973062874181123
2017-10-14 10:30:00,227.4375,-13.4378351818519,0.966074623866304,0.966059464247447
2017-10-14 11:30:00,227.479166666668,-13.5144518427778,0.954518605785837,0.954503444459034
2017-10-14 12:30:00,227.520833333332,-13.4257458107607,0.969298695991063,0.969283532963795
2017-10-14 13:30:00,227.5625,-12.9065324758813,1.05265899201365,1.0526438272934
2017-10-14 14:30:00,227.604166666668,-12.439462975,1.12771282251042,1.12769765610466
2017-10-14 16:00:00,227.666666666668,-13.7936988828996,0.912956220173172,0.912941051253195
2017-10-14 20:00:00,227.833333333332,-13.3284833368519,0.989664027772769,0.989648852230515
2017-10-14 21:00:00,227.875,-13.0861691652256,1.02891471479344,1.02889953761433
2017-10-14 22:00:00,227.916666666668,-13.0312174698885,1.03831850744491,1.03830332863643
2017-10-14 23:00:00,227.958333333332,-12.9821985220779,1.04677729083775,1.04676211040738
2017-10-15,228,-13.4629925877551,0.970836563899928,0.970821381855161
2017-10-15 01:00:00,228.041666666668,-13.5300983456401,0.960796761015684,0.960781577364005
2017-10-15 02:00:00,228.083333333332,-13.6908685140741,0.935836231259405,0.935821046008302
2017-10-15 03:00:00,228.125,-13.8900499911111,0.9047568329224,0.904741646079361
2017-10-15 04:00:00,228.166666666668,-13.8794370503704,0.907097915254534,0.907082726827048
2017-10-15 05:00:00,228.208333333332,-14.1477444503704,0.865006867648761,0.864991677644318
2017-10-15 06:00:00,228.25,-14.0491574929791,0.881362432691278,0.881347241117367
2017-10-15 07:00:00,228.291666666668,-13.8025814835185,0.921292838478298,0.921277645342409
2017-10-15 08:00:00,228.333333333332,-13.7411648183333,0.931727307066558,0.931712112376183
2017-10-15 09:00:00,228.375,-13.8681259396296,0.912153137979212,0.91213794174184
2017-10-15 10:00:00,228.416666666668,-13.6625092592593,0.945558928355832,0.945543730578954
2017-10-15 11:00:00,228.458333333332,-13.7065129675926,0.939200090090727,0.939184890781837
2017-10-15 12:00:00,228.5,-13.5111351914815,0.970974970689529,0.970959769856118
2017-10-15 13:00:00,228.541666666668,-13.3791555655556,0.992650557651882,0.992635355301444
2017-10-15 14:00:00,228.583333333332,-13.9278370275926,0.905896423552262,0.90588121969229
2017-10-15 15:30:00,228.645833333332,-14.2204953337662,0.860252711593766,0.860237505483544
2017-10-15 16:30:00,228.6875,-14.2048144628942,0.863402090614676,0.863386883013654
2017-10-15 17:30:00,228.729166666668,-13.5402448972171,0.96991997791266,0.969904768828334
2017-10-15 18:30:00,228.770833333332,-8.50052424597015,1.77340263483546,1.77338742427532
2017-10-15 19:30:00,228.8125,-16.6659361088346,0.473298320533057,0.473283108504609
2017-10-15 20:30:00,228.854166666668,-22.731751393271,-0.492338683939453,-0.492353897428717
2017-10-15 21:30:00,228.895833333332,-12.9152319111317,1.07209166376995,1.07207644882736
2017-10-15 22:30:00,228.9375,-13.2231372679035,1.02369397342291,1.0236787570345
2017-10-15 23:30:00,228.979166666668,-12.852569558256,1.08337760088807,1.08336238306133
2017-10-16 00:30:00,229.020833333332,-12.723627103154,1.1045702257879,1.10455500653033
2017-10-16 01:30:00,229.0625,-12.9703116883117,1.06592526756468,1.06591004688379
2017-10-16 02:30:00,229.104166666668,-12.7901410074212,1.09527873074268,1.09526350864595
2017-10-16 03:30:00,229.145833333332,-13.3986586332096,0.998993655209694,0.998978431704638
2017-10-16 04:30:00,229.1875,-13.7327625163265,0.946422956798825,0.946407731892936
2017-10-16 05:30:00,229.229166666668,-13.2412634525046,1.025371469302,1.02535624300278
2017-10-16 06:30:00,229.270833333332,-13.9321298532468,0.915968389513399,0.915953161828344
2017-10-16 07:30:00,229.3125,-13.9305250469388,0.916876538668192,0.916861309604805
2017-10-16 08:30:00,229.354166666668,-14.8109517521336,0.777276508207329,0.777261277773109
2017-10-16 09:30:00,229.395833333332,-17.1384526833024,0.407156589594487,0.407141357796937
2017-10-16 10:30:00,229.4375,-17.6043821992579,0.333586397535227,0.333571164381849
2017-10-16 11:30:00,229.479166666668,-17.1840834660482,0.401193068351208,0.401177833849502
2017-10-16 12:30:00,229.520833333332,-18.3710992509363,0.212753456966409,0.212738221123879
2017-10-16 13:30:00,229.5625,-16.1794456810861,0.56253835703447,0.562523119858618
2017-10-16 15:00:00,229.625,-19.1510742011132,0.0901353188202293,0.0901200796584627
2017-10-16 16:00:00,229.666666666668,-18.2691836920223,0.23127419788291,0.231258957406579
2017-10-16 17:00:00,229.708333333332,-20.1867884846011,-0.0735484575315367,-0.0735636993149263
2017-10-16 18:00:00,229.75,-20.2985843948052,-0.0907044002325336,-0.0907196433154784
2017-10-16 19:00:00,229.791666666668,-16.6109690125969,0.49738865801681,0.497373413641814
2017-10-16 20:00:00,229.833333333332,-20.7308626983302,-0.158259990970908,-0.158275236630449
2017-10-16 21:00:00,229.875,-19.6586883107607,0.0131915807274514,0.0131763337908691
2017-10-16 22:00:00,229.916666666668,-14.0874378512059,0.90134925174638,0.901334003540263
2017-10-16 23:00:00,229.958333333332,-21.2605844456401,-0.240684569614874,-0.240699819083021
2017-10-17,230,-21.4616809179963,-0.272065758928091,-0.27208100965076
2017-10-17 01:00:00,230.041666666668,-22.5902300673469,-0.451190757502489,-0.451206009472175
2017-10-17 02:00:00,230.083333333332,-23.622090896475,-0.614913172952819,-0.614928426162015
2017-10-17 03:00:00,230.125,-20.5646029562152,-0.127199342857783,-0.127214597298981
2017-10-17 04:00:00,230.166666666668,-23.4255788391466,-0.582300965256429,-0.582316220922122
2017-10-17 05:00:00,230.208333333332,-22.8833543424861,-0.495270271604766,-0.495285528487447
2017-10-17 06:00:00,230.25,-17.5574323044527,0.353806922154054,0.353791664061895
2017-10-17 07:00:00,230.291666666668,-22.3296530753247,-0.405757186860783,-0.405772446154913
2017-10-17 08:00:00,230.333333333332,-21.5671725423006,-0.283639360392661,-0.283654620881254
2017-10-17 09:00:00,230.375,-23.0094823460111,-0.512746147865186,-0.512761409540733
2017-10-17 10:00:00,230.416666666668,-22.8236030115028,-0.482481180159419,-0.48249644301441
2017-10-17 11:00:00,230.458333333332,-21.3342457553471,-0.24457118645326,-0.244586450480187
2017-10-17 12:00:00,230.5,-23.396653048423,-0.572459762309032,-0.572475027500384
2017-10-17 13:00:00,230.541666666668,-23.5839851434137,-0.601647458228245,-0.601662724576512
2017-10-17 14:30:00,230.604166666668,-24.471037119666,-0.741973697410111,-0.741988965479669
2017-10-17 15:30:00,230.645833333332,-24.5712559795918,-0.757284041874698,-0.757299311082396
2017-10-17 16:30:00,230.6875,-24.2701781107607,-0.708667470921221,-0.708682741259548
2017-10-17 17:30:00,230.729166666668,-24.4530760877551,-0.737148538642976,-0.73716381010442
2017-10-17 18:30:00,230.770833333332,-24.6015250528757,-0.760141795071364,-0.760157067648415
2017-10-17 19:30:00,230.8125,-23.9891910788497,-0.661941726880209,-0.661957000565355
2017-10-17 20:30:00,230.854166666668,-20.2805788243043,-0.0705022575508679,-0.0705175323365959
2017-10-17 21:30:00,230.895833333332,-20.6190333972171,-0.123763367842219,-0.123778643721018
2017-10-17 22:30:00,230.9375,-19.3364211669759,0.0812126797846417,0.0811974028202841
2017-10-17 23:30:00,230.979166666668,-19.6372355959184,0.0339477864730456,0.0339325084306419
2017-10-18 00:30:00,231.020833333332,-19.8034563844156,0.00812381333647172,0.0081085342235343
2017-10-18 01:30:00,231.0625,-19.3317643949907,0.0839198583173028,0.0839045781413449
2017-10-18 02:30:00,231.104166666668,-19.6976530478664,0.0262887648323983,0.0262734836009331
2017-10-18 03:30:00,231.145833333332,-20.3593172510204,-0.0784595291144534,-0.0784748113939117
2017-10-18 04:30:00,231.1875,-19.6450908972171,0.0359725816167391,0.0359572982967996
2017-10-18 05:30:00,231.229166666668,-19.3730111381041,0.0799704792407956,0.0799551948878895
2017-10-18 06:30:00,231.270833333332,-18.9224063493506,0.152407596717159,0.1523923113388
2017-10-18 07:30:00,231.3125,-18.5844805025974,0.206894932929621,0.206879646533323
2017-10-18 08:30:00,231.354166666668,-18.4060537894249,0.23597399756505,0.235958710158328
2017-10-18 09:30:00,231.395833333332,-18.050554758256,0.29326086304166,0.293245574632028
2017-10-18 10:30:00,231.4375,-18.2088979534323,0.268692348373832,0.268677058968804
2017-10-18 11:30:00,231.479166666668,-18.3064489510204,0.25380812759881,0.253792837205902
2017-10-18 14:30:00,231.604166666668,-18.826226367718,0.172974699118578,0.17295940580712
2017-10-18 16:00:00,231.666666666668,-19.0736407696296,0.134545326974865,0.134530032229497
2017-10-18 17:00:00,231.708333333332,-18.9888462901852,0.148709158545972,0.148693862854058
2017-10-18 18:00:00,231.75,-18.0619129711111,0.297026360261674,0.297011063630729
2017-10-18 19:00:00,231.791666666668,-17.2286351951852,0.430424217878898,0.430408920316441
2017-10-18 20:00:00,231.833333333332,-16.6651865660448,0.520838150106002,0.520822851619547
2017-10-18 21:00:00,231.875,-16.2864776134328,0.581822970024669,0.581807670621733
2017-10-18 22:00:00,231.916666666668,-15.6364403050373,0.686030640757564,0.686015340445662
2017-10-18 23:00:00,231.958333333332,-15.9455018710821,0.637453224915121,0.637437923701772
2017-10-19,232,-16.1284440337687,0.608966769324644,0.608951467217364
2017-10-19 01:00:00,232.041666666668,-16.5056026360075,0.549541544958048,0.549526241964353
2017-10-19 02:00:00,232.083333333332,-16.481177244403,0.554088986284999,0.554073682412407
2017-10-19 03:00:00,232.125,-16.6089309647388,0.534394234491839,0.534378929747867
2017-10-19 04:00:00,232.166666666668,-16.3620579269159,0.574377840810694,0.574362535202858
2017-10-19 05:00:00,232.208333333332,-16.2718227380597,0.589408973341637,0.589393666877455
2017-10-19 06:00:00,232.25,-16.160731370709,0.607762557162175,0.607747249849165
2017-10-19 07:00:00,232.291666666668,-16.0702897235514,0.622826672614074,0.622811364459752
2017-10-19 08:00:00,232.333333333332,-15.8615895218284,0.656729506795225,0.65671419780711
2017-10-19 09:00:00,232.375,-15.8851473751866,0.653633512968894,0.653618203154504
2017-10-19 10:00:00,232.416666666668,-15.7956846968284,0.66854181641552,0.668526505782372
2017-10-19 11:00:00,232.458333333332,-15.9665410402985,0.641981159125624,0.641965847681236
2017-10-19 12:00:00,232.5,-15.8082331968284,0.66785663717136,0.66784132492325
2017-10-19 13:00:00,232.541666666668,-15.9760466679104,0.64178080155311,0.641765488508796
2017-10-19 14:00:00,232.583333333332,-16.2975279723881,0.591225614719626,0.591210300886627
2017-10-19 15:30:00,232.645833333332,-17.4019199104283,0.416280794455673,0.416265479453742
2017-10-19 16:30:00,232.6875,-18.2700465383613,0.278644726626989,0.278629410855168
2017-10-19 17:30:00,232.729166666668,-18.416433889013,0.255982284711752,0.25596696817756
2017-10-19 18:30:00,232.770833333332,-19.4765922145251,0.0877555164511077,0.0877401991620616
2017-10-19 19:30:00,232.8125,-18.9952867808194,0.165085069187862,0.165069751151481
2017-10-19 20:30:00,232.854166666668,-17.6348919897579,0.382454227027521,0.382438908251324
2017-10-19 21:30:00,232.895833333332,-16.7724935327747,0.520492254905253,0.520476935396758
2017-10-19 22:30:00,232.9375,-16.6013687173184,0.548409939289301,0.548394619056026
2017-10-19 23:30:00,232.979166666668,-16.4214729683426,0.577724880907971,0.577709559957437
2017-10-20 00:30:00,233.020833333332,-16.1335772899441,0.624244329381836,0.624229007721559
2017-10-20 01:30:00,233.0625,-15.5582942260708,0.716544834315558,0.716529511953058
2017-10-20 02:30:00,233.104166666668,-15.0771955296089,0.793841742461387,0.793826419404183
2017-10-20 03:30:00,233.145833333332,-14.8465261304104,0.83124512450222,0.83122980075783
2017-10-20 04:30:00,233.1875,-14.5030111461825,0.886624928451017,0.88660960402696
2017-10-20 05:30:00,233.229166666668,-14.4457653595903,0.896401883879724,0.896386558783519
2017-10-20 06:30:00,233.270833333332,-14.682024205959,0.859423380433312,0.859408054672477
2017-10-20 07:30:00,233.3125,-14.6149626927239,0.870764065588778,0.870748739170833
2017-10-20 08:30:00,233.354166666668,-14.698195522905,0.858162792659158,0.85814746559162
2017-10-20 09:30:00,233.395833333332,-15.0734102094518,0.799048639242704,0.799033311533093
2017-10-20 10:30:00,233.4375,-15.470692739851,0.736419100079559,0.736403771735395
2017-10-20 11:30:00,233.479166666668,-15.3840856834264,0.750873555102556,0.750858226131356
2017-10-20 12:30:00,233.520833333332,-15.5171713405959,0.730330840729246,0.730315511138529
2017-10-20 13:30:00,233.5625,-17.5693593986965,0.404073779010623,0.404058448807909
2017-10-20 15:00:00,233.625,-19.7327783921788,0.0604265987957895,0.060411267689176
2017-10-20 16:00:00,233.666666666668,-20.1666591577281,-0.00803286488996019,-0.00804819658977518
2017-10-20 17:00:00,233.708333333332,-22.0421305777985,-0.306138714662853,-0.30615404694835
2017-10-20 18:00:00,233.75,-22.3679906858473,-0.357390340040158,-0.357405672903819
2017-10-20 19:00:00,233.791666666668,-21.2034115296089,-0.171213890848468,-0.171229224282774
2017-10-20 20:00:00,233.833333333332,-20.7487630427239,-0.0981298702655969,-0.0981452042630298
2017-10-20 21:00:00,233.875,-20.7306443188082,-0.0945853188661999,-0.0946006534192413
2017-10-20 22:00:00,233.916666666668,-19.1076026067164,0.164624645116948,0.164609310015818
2017-10-20 23:00:00,233.958333333332,-19.1437257449627,0.159528496113719,0.159513160472017
2017-10-21,234,-18.732091235568,0.225760493347571,0.225745157172815
2017-10-21 01:00:00,234.041666666668,-18.988061438175,0.185642615538226,0.185627278837936
2017-10-21 02:00:00,234.083333333332,-19.0575121130354,0.175237464107726,0.175222126889419
2017-10-21 03:00:00,234.125,-19.2559851094972,0.144278996627454,0.144263658898648
2017-10-21 04:00:00,234.166666666668,-19.5091769134078,0.10460381566254,0.104588477430754
2017-10-21 05:00:00,234.208333333332,-19.3606741,0.128918905599447,0.128903566872199
2017-10-21 06:00:00,234.25,-19.9009143316574,0.0435167672428578,0.0435014280276651
2017-10-21 07:00:00,234.291666666668,-19.2976685122905,0.140272804595648,0.140257464900029
2017-10-21 08:00:00,234.333333333332,-18.7961061225326,0.220830629241859,0.220815289073331
2017-10-21 09:00:00,234.375,-19.4074841815642,0.124096275031841,0.124080934397922
2017-10-21 10:00:00,234.416666666668,-19.5801266325885,0.0972528463224431,0.0972375052306503
2017-10-21 11:00:00,234.458333333332,-19.1948435599628,0.159287381512434,0.159272039970285
2017-10-21 12:00:00,234.5,-19.4756089515829,0.11521994932561,0.115204607340622
2017-10-21 13:00:00,234.541666666668,-19.0282705382463,0.187140002186566,0.187124659766256
2017-10-21 14:30:00,234.604166666668,-18.2256635626394,0.315984005765913,0.315968662706715
2017-10-21 15:30:00,234.645833333332,-18.3498178719331,0.2968649295543,0.296849586078573
2017-10-21 16:30:00,234.6875,-17.8498996037175,0.377161088334214,0.377145744449476
2017-10-21 17:30:00,234.729166666668,-18.2048568672862,0.321274991082888,0.321259646796653
2017-10-21 18:30:00,234.770833333332,-17.6898085693309,0.403981428247777,0.403966083567564
2017-10-21 19:30:00,234.8125,-15.9167212052045,0.687094414075037,0.687079069008361
2017-10-21 20:30:00,234.854166666668,-14.827669148513,0.861240112681168,0.861224767235547
2017-10-21 21:30:00,234.895833333332,-14.3456486795539,0.938685271304741,0.93866992548769
2017-10-21 22:30:00,234.9375,-14.6261115457249,0.894666315159889,0.894650968978923
2017-10-21 23:30:00,234.979166666668,-15.0677546724907,0.82497125338079,0.824955906843426
2017-10-22 00:30:00,235.020833333332,-15.5840539020446,0.743383445799398,0.743368098913151
2017-10-22 01:30:00,235.0625,-15.9545568005587,0.685021122324795,0.685005775097181
2017-10-22 02:30:00,235.104166666668,-16.2260892001859,0.642424894094803,0.642409546533337
2017-10-22 03:30:00,235.145833333332,-16.1462825167286,0.655797256579875,0.655781908692073
2017-10-22 04:30:00,235.1875,-16.0531617018587,0.671290593084131,0.671275244877508
2017-10-22 05:30:00,235.229166666668,-15.4949758215613,0.760869149884975,0.760853801367046
2017-10-22 06:30:00,235.270833333332,-15.1399256297398,0.818088069043164,0.818072720221443
2017-10-22 07:30:00,235.3125,-15.1422360447955,0.818379210508552,0.818363861390555
2017-10-22 08:30:00,235.354166666668,-15.1105984968401,0.824078308760285,0.824062959353525
2017-10-22 09:30:00,235.395833333332,-15.5260279113383,0.758559342094665,0.758543992406656
2017-10-22 10:30:00,235.4375,-15.648418217658,0.73972173611446,0.739706386152717
2017-10-22 11:30:00,235.479166666668,-14.921881035316,0.856118906737305,0.856103556509341
2017-10-22 12:30:00,235.520833333332,-14.9441301280669,0.853233909313164,0.853218558826493
2017-10-22 14:00:00,235.583333333332,-14.6439424879406,0.902043001340725,0.90202765048008
2017-10-22 15:00:00,235.625,-15.0898256064935,0.831672851061764,0.831657499961196
2017-10-22 16:00:00,235.666666666668,-17.1132616090909,0.509997418500113,0.509982067167133
2017-10-22 17:00:00,235.708333333332,-17.9603729478664,0.375711364647592,0.375696013089714
2017-10-22 18:00:00,235.75,-16.0975083818182,0.67312642782392,0.673111076048655
2017-10-22 19:00:00,235.791666666668,-14.8172374797774,0.877733922465504,0.877718570480366
2017-10-22 20:00:00,235.833333333332,-15.1383358298701,0.827242169016193,0.827226816828692
2017-10-22 21:00:00,235.875,-14.6421150243043,0.906949958923803,0.906934606541452
2017-10-22 22:00:00,235.916666666668,-14.1602523317254,0.984370508628201,0.984355156058512
2017-10-22 23:00:00,235.958333333332,-14.380530629128,0.949939513987921,0.949924161238404
2017-10-23,236,-14.1767504543762,0.983061353779236,0.983046000857402
2017-10-23 01:00:00,236.041666666668,-13.0258975854749,1.16705256698022,1.16703721389358
2017-10-23 02:00:00,236.083333333332,-12.3934378693878,1.26846339659149,1.26844804334756
2017-10-23 03:00:00,236.125,-12.1928327230483,1.3010795003991,1.30106414700538
2017-10-23 04:00:00,236.166666666668,-12.3393184210428,1.27840380009647,1.27838844656048
2017-10-23 05:00:00,236.208333333332,-12.3899888536313,1.27099155513317,1.27097620146241
2017-10-23 06:00:00,236.25,-12.8416264085502,1.19970497579796,1.19968962199995
2017-10-23 07:00:00,236.291666666668,-13.0138085377323,1.1729358598981,1.17292050598033
2017-10-23 08:00:00,236.333333333332,-13.1967657949814,1.1444502724721,1.1444349184421
2017-10-23 09:00:00,236.375,-13.5089740282004,1.09537492594671,1.09535957181198
2017-10-23 10:00:00,236.416666666668,-13.6800167187732,1.06878736464224,1.06877201041029
2017-10-23 11:00:00,236.458333333332,-13.8491226678439,1.04250834070359,1.04249298638193
2017-10-23 12:00:00,236.5,-13.7028845357542,1.06646386696502,1.06644851256115
2017-10-23 13:30:00,236.5625,-13.2170762154275,1.14484303364636,1.14482767913326
2017-10-23 14:30:00,236.604166666668,-13.4901988760223,1.10199411627927,1.10197876170273
2017-10-27 22:30:00,240.9375,-20.6231428087199,0.0343212781760869,0.0343059579131486
2017-10-28,241,-21.0139351631481,-0.0269436084900289,-0.0269589276666068
2017-10-28 01:00:00,241.041666666668,-21.0429370025926,-0.0309045759030804,-0.0309198943461008
2017-10-28 02:00:00,241.083333333332,-21.2280592433333,-0.0597356592856198,-0.0597509769876292
2017-10-28 03:00:00,241.125,-21.1651168760668,-0.0490498981577499,-0.0490652151112993
2017-10-28 04:00:00,241.166666666668,-21.1704498304833,-0.049240469717406,-0.0492557859150433
2017-10-28 05:00:00,241.208333333332,-21.018400742115,-0.0243599948852044,-0.0243753103194776
2017-10-28 06:00:00,241.25,-20.853474970872,0.00257171890219301,0.00255640423873098
2017-10-28 07:00:00,241.291666666668,-20.4525881638219,0.0670921681478973,0.0670768542626962
2017-10-28 08:00:00,241.333333333332,-20.5428190175373,0.0533771965706885,0.053361883471198
2017-10-28 09:00:00,241.375,-20.5089981091954,0.0594237324962405,0.0594084201899057
2017-10-28 10:00:00,241.416666666668,-20.5170766476636,0.0587956294233982,0.0587803179176665
2017-10-28 11:00:00,241.458333333332,-20.2681048623596,0.0991157991013221,0.0991004884036411
2017-10-28 12:00:00,241.5,-19.9012182962687,0.15821984976689,0.158204539884703
2017-10-28 13:00:00,241.541666666668,-18.7359459143657,0.344507303234828,0.344491994175579
2017-10-28 14:00:00,241.583333333332,-17.735327084486,0.504565299671439,0.504549991442575
2017-10-28 15:00:00,241.625,-16.7271996781716,0.665819388831705,0.665804081440665
2017-10-28 16:00:00,241.666666666668,-17.1819644228464,0.59403368373284,0.594018377187068
2017-10-28 17:00:00,241.708333333332,-17.0978597973832,0.608090224836112,0.60807491914305
2017-10-28 18:00:00,241.75,-17.1238836690432,0.604603187767452,0.604587882934538
2017-10-28 19:00:00,241.791666666668,-16.918236883209,0.638021421773617,0.638006117808293
2017-10-28 20:00:00,241.833333333332,-17.0504216751866,0.617622813459412,0.617607510369118
2017-10-28 21:00:00,241.875,-16.6878433074627,0.676040299155684,0.676024996947856
2017-10-28 22:00:00,241.916666666668,-16.4760186814953,0.710442574828238,0.710427273510314
2017-10-28 23:30:00,241.979166666668,-16.349977595709,0.73150864264236,0.731493342673236
2017-10-29 00:30:00,242.020833333332,-16.1331973968343,0.766700265064995,0.766684966004366
2017-10-29 01:30:00,242.0625,-16.0770522367537,0.776302578603243,0.776287280458544
2017-10-29 02:30:00,242.104166666668,-15.5518154482109,0.860631491023911,0.860616193802573
2017-10-29 03:30:00,242.145833333332,-15.7596679128731,0.828178728446634,0.828163432156094
2017-10-29 04:30:00,242.1875,-15.1959496378731,0.918637702646361,0.91862240729405
2017-10-29 05:30:00,242.229166666668,-15.106353833892,0.933568594636408,0.933553300229754
2017-10-29 06:30:00,242.270833333332,-15.419591406903,0.884327807701824,0.884312514248262
2017-10-29 07:30:00,242.3125,-15.6077149447964,0.855017741532116,0.855002449039075
2017-10-29 08:30:00,242.354166666668,-14.9291694711359,0.963768633460452,0.963753341935358
2017-10-29 09:30:00,242.395833333332,-14.2373631394786,1.07463195443179,1.07461666388208
2017-10-29 10:30:00,242.4375,-14.2048603180633,1.0804677196257,1.08045243005879
2017-10-29 11:30:00,242.479166666668,-14.1169720707635,1.09512638695524,1.09511109837856
2017-10-29 12:30:00,242.520833333332,-14.0765176968343,1.10222876823576,1.10221348065674
2017-10-29 13:30:00,242.5625,-13.4161694554935,1.2080806491173,1.20806536254336
2017-10-29 14:30:00,242.604166666668,-13.8539981394786,1.13899212422493,1.1389768386635
2017-10-29 15:30:00,242.645833333332,-13.8896511322761,1.13397043720237,1.13395515266087
2017-10-29 16:30:00,242.6875,-14.0142971743925,1.11477205635459,1.11475677284044
2017-10-29 18:30:00,242.770833333332,-13.538081955121,1.19194901279503,1.19193373135784
2017-10-29 19:30:00,242.8125,-13.2424152640596,1.23970663626012,1.23969135587254
2017-10-29 20:30:00,242.854166666668,-12.9816175350746,1.28190957032664,1.2818942909961
2017-10-29 21:30:00,242.895833333332,-12.930240226257,1.29075164264689,1.29073636438079
2017-10-29 23:00:00,242.958333333332,-13.0775780609665,1.26826699159356,1.26825171493804
2017-10-30,243,-13.4900502655493,1.20321740558388,1.20320213001135
2017-10-30 01:00:00,243.041666666668,-17.1128750024254,0.626756326683489,0.626741052201368
2017-10-30 02:00:00,243.083333333332,-22.3420223269517,-0.20559312900354,-0.205608402387843
2017-10-30 03:00:00,243.125,-20.8357723770522,0.0350109733102007,0.0349957010311298
2017-10-30 04:00:00,243.166666666668,-18.6716193962687,0.3804194572393,0.380404186072873
2017-10-30 05:00:00,243.208333333332,-18.7394562374302,0.370270325838077,0.370255055791704
2017-10-30 06:00:00,243.25,-17.6242216379888,0.548585278338347,0.54857000941944
2017-10-30 18:30:00,243.770833333332,-24.8161641654851,-0.588883940790632,-0.588899194991359
2017-10-30 19:30:00,243.8125,-25.4402974200743,-0.687652130704379,-0.687667383677693
2017-10-30 20:30:00,243.854166666668,-26.0691071229323,-0.787165329076668,-0.787180580815171
2017-10-30 21:30:00,243.895833333332,-25.5371106956848,-0.701761328640952,-0.701776579137251
2017-10-30 23:00:00,243.958333333332,-25.0075940413408,-0.616424152417719,-0.616439401036844
2017-10-31,244,-25.060412021118,-0.624181624519273,-0.624196871877707
2017-10-31 01:00:00,244.041666666668,-25.4882374788497,-0.691678104265963,-0.691693350356314
2017-10-31 02:00:00,244.083333333332,-25.3553042244898,-0.669845369209973,-0.669860614024851
2017-10-31 03:00:00,244.125,-25.131423016141,-0.633524609185972,-0.633539852717985
2017-10-31 04:00:00,244.166666666668,-24.773092947026,-0.57578609899456,-0.575801341236319
2017-10-31 05:00:00,244.208333333332,-24.6281970197026,-0.552047849881147,-0.552063090825264
2017-10-31 06:00:00,244.25,-24.3325092653704,-0.504288405071758,-0.504303644710844
2017-10-31 07:00:00,244.291666666668,-24.1750837764865,-0.478554288392848,-0.478569526719519
2017-10-31 08:00:00,244.333333333332,-23.8203536992593,-0.42138946057162,-0.42140469757849
2017-10-31 09:00:00,244.375,-23.8071393687382,-0.418628386365288,-0.418643622044972
2017-10-31 10:00:00,244.416666666668,-23.640230067718,-0.391383644975748,-0.391398879320864
2017-10-31 11:00:00,244.458333333332,-23.377431515,-0.348863729053049,-0.348878962056213
2017-10-31 12:00:00,244.5,-23.0934184998148,-0.302964386221278,-0.30297961787511
2017-10-31 13:00:00,244.541666666668,-23.5402666898148,-0.373491808116257,-0.373507038413375
2017-10-31 14:00:00,244.583333333332,-24.9528791828996,-0.597866226434281,-0.597881455367307
2017-10-31 15:00:00,244.625,-25.6854413459963,-0.713908194343503,-0.71392342190506
2017-10-31 16:00:00,244.666666666668,-25.6226512116883,-0.703250026374448,-0.703265252557157
2017-10-31 17:00:00,244.708333333332,-25.9850000383333,-0.760316852497726,-0.760332077294212
2017-10-31 18:00:00,244.75,-26.0464089394052,-0.769443787560791,-0.769459010963679
2017-10-31 19:00:00,244.791666666668,-25.6577118933086,-0.706868578063731,-0.706883800065646
2017-10-31 20:00:00,244.833333333332,-27.3286240564815,-0.972390642236521,-0.972405862830091
2017-10-31 21:00:00,244.875,-26.2650743479554,-0.802311031314598,-0.80232625049245
2017-10-31 22:30:00,244.9375,-24.8030574992579,-0.568427733185573,-0.568442950226029
2017-10-31 23:30:00,244.979166666668,-26.2995241100372,-0.806160690685651,-0.806175906291965
2017-11-01 00:30:00,245.020833333332,-25.9859907330241,-0.755559413005046,-0.755574627169849
2017-11-01 01:30:00,245.0625,-25.0002397723048,-0.597873450523742,-0.597888663239667
2017-11-01 02:30:00,245.104166666668,-24.4131447040816,-0.50369371359602,-0.503708924855701
2017-11-01 03:30:00,245.145833333332,-23.8730371079777,-0.416999171885142,-0.417014381681215
2017-11-01 04:30:00,245.1875,-23.9351629661111,-0.426240907463779,-0.426256115788878
2017-11-01 05:30:00,245.229166666668,-24.0560185112963,-0.44483838216061,-0.444853589007375
2017-11-01 06:30:00,245.270833333332,-24.0539796477778,-0.443858748066749,-0.443873953427817
2017-11-01 07:30:00,245.3125,-23.9549388812963,-0.427426700185369,-0.427441904053379
2017-11-01 08:30:00,245.354166666668,-24.6724296048148,-0.541068761173391,-0.541083963540984
2017-11-01 09:30:00,245.395833333332,-24.7056338321561,-0.545703553665482,-0.545718754525298
2017-11-01 10:30:00,245.4375,-24.7678385758813,-0.554958208821782,-0.554973408166466
2017-11-01 11:30:00,245.479166666668,-24.8006141076067,-0.559524829491793,-0.559540027313987
2017-11-01 12:30:00,245.520833333332,-24.7032685546296,-0.543363128733916,-0.543378325026266
2017-11-01 13:30:00,245.5625,-24.6746660051948,-0.538152298251667,-0.538167493006819
2017-11-01 14:30:00,245.604166666668,-23.7476388485185,-0.389821846832846,-0.389837040043447
2017-11-01 15:30:00,245.645833333332,-25.2843611033333,-0.63396849864797,-0.633983690306669
2017-11-01 16:30:00,245.6875,-26.7824148368519,-0.871955289080685,-0.871970479180131
2017-11-01 17:30:00,245.729166666668,-28.0954526842301,-1.08046897866512,-1.08048416719796
2017-11-01 18:30:00,245.770833333332,-27.5245907407407,-0.988876147670309,-0.9888913346292
2017-11-01 20:00:00,245.833333333332,-23.7088274975881,-0.380041280732464,-0.380056465316653
2017-11-01 21:30:00,245.895833333332,-20.3654055712963,0.153549134683824,0.153533952490865
2017-11-01 22:30:00,245.9375,-18.9808425890741,0.374764869821283,0.374749689231657
2017-11-01 23:30:00,245.979166666668,-18.5450110924074,0.44484693729443,0.444831758315479
2017-11-02 00:30:00,246.020833333332,-18.6360964745826,0.430990705051435,0.430975527690501
2017-11-02 01:30:00,246.0625,-18.7992226042672,0.405658265538637,0.40564308980306
2017-11-02 02:30:00,246.104166666668,-18.86848333,0.395278586907233,0.395263412804353
2017-11-02 03:30:00,246.145833333332,-18.9644906981481,0.380638083644982,0.380622911182135
2017-11-02 04:30:00,246.1875,-18.600635207037,0.439253996770856,0.439238825955381
2017-11-02 05:30:00,246.229166666668,-18.6537718068646,0.431442705771953,0.431427536611184
2017-11-02 06:30:00,246.270833333332,-17.930680976306,0.547284932749663,0.547269765250935
2017-11-02 07:30:00,246.3125,-17.2633563449627,0.65424349762078,0.654228331791426
2017-11-02 08:30:00,246.354166666668,-16.9131959143657,0.710677511608244,0.710662347455595
2017-11-02 09:30:00,246.395833333332,-16.2290933093284,0.820308685232995,0.820293522764385
2017-11-02 10:30:00,246.4375,-15.209839548694,0.983329609722563,0.983314448945318
2017-11-02 11:30:00,246.479166666668,-14.9749664304104,1.02139806929781,1.02138291021926
2017-11-02 12:30:00,246.520833333332,-14.8976803818692,1.03436272765485,1.03434757028232
2017-11-02 13:30:00,246.5625,-14.0940579543925,1.16303322149604,1.16301806583686
2017-11-02 14:30:00,246.604166666668,-13.8036377467925,1.20995016590633,1.20993501196783
2017-11-02 15:30:00,246.645833333332,-13.7143283641791,1.22482994278137,1.22481479057086
2017-11-02 16:30:00,246.6875,-13.9109421664179,1.19416188225212,1.19414673177693
2017-11-02 17:30:00,246.729166666668,-14.1723861977612,1.1531662498303,1.15315110109775
2017-11-02 18:30:00,246.770833333332,-14.2243787414179,1.14553631867123,1.14552117168864
2017-11-02 19:30:00,246.8125,-14.4950746233209,1.10306671870472,1.10305157347941
2017-11-02 21:00:00,246.875,-15.2901455261194,0.977389893553217,0.977374750977546
2017-11-02 22:00:00,246.916666666668,-15.471988832216,0.949074394102672,0.949059253302571
2017-11-02 23:00:00,246.958333333332,-15.6382649354478,0.923238689285713,0.923223550268496
2017-11-03,247,-15.6925493426443,0.915243269436308,0.915228132209289
2017-11-03 01:00:00,247.041666666668,-15.6996722705773,0.914760634359885,0.914745498930376
2017-11-03 02:00:00,247.083333333332,-15.5577281270019,0.93802441738973,0.93800928376504
2017-11-03 03:00:00,247.125,-15.2429720711359,0.988817188296691,0.988802056484132
2017-11-03 04:00:00,247.166666666668,-14.6587276134328,1.08253958061749,1.08252445062437
2017-11-03 05:00:00,247.208333333332,-14.225046631903,1.15227702967664,1.15226190151026
2017-11-03 06:00:00,247.25,-14.0403370461825,1.1823530832186,1.18233795688628
2017-11-03 07:00:00,247.291666666668,-14.0245623884544,1.18551760742754,1.18550248293656
2017-11-03 08:00:00,247.333333333332,-14.2364067033582,1.15242219172194,1.15240706907962
2017-11-03 09:00:00,247.375,-14.2050895520522,1.1580624961009,1.15804737531454
2017-11-03 10:00:00,247.416666666668,-14.2542942214153,1.15087554132253,1.15086042239944
2017-11-03 11:00:00,247.458333333332,-14.3573295998138,1.13511324020992,1.13509812315739
2017-11-03 12:00:00,247.5,-14.3531154554935,1.13643578845765,1.13642067328297
2017-11-03 13:00:00,247.541666666668,-14.363355679702,1.13545566888499,1.13544055559546
2017-11-03 14:00:00,247.583333333332,-14.3664078173184,1.1356205397248,1.13560542832772
2017-11-03 15:00:00,247.625,-14.3994711216015,1.13100453301627,1.13098942351893
2017-11-03 16:00:00,247.666666666668,-14.4489515795158,1.12377318441661,1.12375807682632
2017-11-03 17:00:00,247.708333333332,-14.4709981590317,1.12091199433091,1.12089688865493
2017-11-03 18:00:00,247.75,-13.8911548505597,1.21393221526655,1.2139171115122
2017-11-03 19:00:00,247.791666666668,-13.5219180612663,1.27340258860834,1.27338748678289
2017-11-03 20:30:00,247.854166666668,-13.8981377964618,1.21444640128002,1.21443130236159
2017-11-03 21:30:00,247.895833333332,-16.1858901217877,0.850656312019815,0.850641215048509
2017-11-03 22:30:00,247.9375,-19.078091044052,0.390577049567,0.390561954550101
2017-11-03 23:30:00,247.979166666668,-21.8450037098513,-0.0495437841858123,-0.049558877241023
2017-11-04 00:30:00,248.020833333332,-22.8889014934944,-0.215187196344349,-0.215202287430589
2017-11-04 01:30:00,248.0625,-23.4804394528864,-0.308769445991849,-0.308784535101839
2017-11-04 02:30:00,248.104166666668,-23.2296089013035,-0.268161870961559,-0.26817695808802
2017-11-04 03:30:00,248.145833333332,-22.5418882759777,-0.157957476397726,-0.157972561533381
2017-11-04 04:30:00,248.1875,-23.1172231024164,-0.248958799648758,-0.24897388278633
2017-11-04 05:30:00,248.229166666668,-22.9023420247212,-0.214078246760303,-0.214093327892518
2017-11-04 06:30:00,248.270833333332,-22.4918840925234,-0.148042243608188,-0.148057322727772
2017-11-04 07:30:00,248.3125,-24.37572957607,-0.447490496874801,-0.447505573974483
2017-11-04 08:30:00,248.354166666668,-24.8389795974026,-0.520636960922037,-0.520652035994544
2017-11-04 09:30:00,248.395833333332,-24.4007490907063,-0.450177016064556,-0.450192089102621
2017-11-04 10:30:00,248.4375,-24.1607644001855,-0.411297855144938,-0.411312926141293
2017-11-04 11:30:00,248.479166666668,-23.8859553072626,-0.366871226121895,-0.366886295069273
2017-11-04 12:30:00,248.520833333332,-26.9184535061338,-0.849301096542231,-0.849316163433366
2017-11-04 13:30:00,248.5625,-27.3364322393321,-0.915236232463925,-0.915251297291556
2017-11-04 14:30:00,248.604166666668,-29.2952986979592,-1.22663596926741,-1.22665103202427
2017-11-04 15:30:00,248.645833333332,-29.4590839529851,-1.25207807296658,-1.25209313364542
2017-11-04 16:30:00,248.6875,-30.4084805222634,-1.40266870618272,-1.40268376477626
2017-11-04 17:30:00,248.729166666668,-30.0829925330224,-1.35016940426029,-1.35018446076129
2017-11-04 18:30:00,248.770833333332,-27.5251562089219,-0.942055503745598,-0.942070558146791
2017-11-04 20:00:00,248.833333333332,-26.8883308332714,-0.839635809739302,-0.839650860977186
2017-11-04 21:00:00,248.875,-23.6198361001862,-0.318313734318839,-0.318328783438783
2017-11-04 22:00:00,248.916666666668,-23.6677899708178,-0.325304379023579,-0.325319426018333
2017-11-04 23:00:00,248.958333333332,-22.0023475713755,-0.059349861402113,-0.059364906264425
2017-11-05,249,-24.5747625482375,-0.468489140493797,-0.468504183216418
2017-11-05 01:00:00,249.041666666668,-24.7902992210037,-0.502176110064037,-0.50219115063972
2017-11-05 02:00:00,249.083333333332,-23.9593172617811,-0.369152002610946,-0.369167041032445
2017-11-05 03:00:00,249.125,-23.5084182689591,-0.296675472557121,-0.296690508817191
2017-11-05 04:00:00,249.166666666668,-22.6003747949907,-0.151375589547531,-0.151390623638929
2017-11-05 05:00:00,249.208333333332,-21.9125338676692,-0.0411542194823597,-0.0411692513978422
2017-11-05 06:00:00,249.25,-21.433562103154,0.0357940534512002,0.0357790237188721
2017-11-05 07:00:00,249.291666666668,-21.4613914745826,0.0320084526943911,0.0319934251524569
2017-11-05 08:00:00,249.333333333332,-21.1585714315399,0.0808954490487498,0.0808804237044463
2017-11-05 09:00:00,249.375,-20.8946084447124,0.123592397348209,0.123577374208772
2017-11-05 10:00:00,249.416666666668,-21.0548663209647,0.0987105674415619,0.098695546514227
2017-11-05 11:00:00,249.458333333332,-20.6941577027829,0.15681898049137,0.15680396178337
2017-11-05 12:00:00,249.5,-20.2511651248609,0.228035194901263,0.228020178419829
2017-11-05 13:00:00,249.541666666668,-19.6854025562152,0.31880866400691,0.318793649759272
2017-11-05 14:00:00,249.583333333332,-19.000576987013,0.428548861293843,0.42853384928723
2017-11-05 15:00:00,249.625,-18.2644879411874,0.546455273817591,0.54644026405923
2017-11-05 16:00:00,249.666666666668,-18.1101743990724,0.571684339301829,0.571669331798946
2017-11-05 17:00:00,249.708333333332,-17.865786635436,0.611262198756464,0.611247193516284
2017-11-05 18:00:00,249.75,-17.5374712632653,0.664209692008795,0.66419468903854
2017-11-05 19:30:00,249.8125,-16.0145538518587,0.907781276329312,0.907766276777484
2017-11-05 20:30:00,249.854166666668,-16.3976623168831,0.847398206930201,0.847383209666349
2017-11-05 21:30:00,249.895833333332,-16.079133580334,0.89878634976274,0.89877135479408
2017-11-05 22:30:00,249.9375,-15.8901261619666,0.92954155834263,0.929526565676379
2017-11-05 23:30:00,249.979166666668,-14.8773116883117,1.09152972349239,1.09151473313576
2017-11-06 00:30:00,250.020833333332,-14.2932319070501,1.18522004939345,1.18520506135366
2017-11-06 01:30:00,250.0625,-13.8867347139147,1.25062124540092,1.25060625968518
2017-11-06 02:30:00,250.104166666668,-13.6263098267161,1.29275292165403,1.29273793826954
2017-11-06 03:30:00,250.145833333332,-13.2792379215613,1.34868743242191,1.34867245137589
2017-11-06 04:30:00,250.1875,-13.0097852747368,1.39225704217452,1.39224206347418
2017-11-06 05:30:00,250.229166666668,-12.9960371037106,1.39509264817632,1.39507767182885
2017-11-06 06:30:00,250.270833333332,-12.859940606308,1.41741833164395,1.41740335765657
2017-11-06 07:30:00,250.3125,-13.1728404539889,1.36821847779318,1.36820350617308
2017-11-06 08:30:00,250.354166666668,-13.2067676769517,1.36345906339811,1.36344409415249
2017-11-06 09:30:00,250.395833333332,-13.1083933231911,1.37977528536944,1.37976031850551
2017-11-06 10:30:00,250.4375,-12.9591224309833,1.40419926260615,1.4041842981311
2017-11-06 11:30:00,250.479166666668,-12.9708571489796,1.40297483106948,1.40295986899051
2017-11-06 12:30:00,250.520833333332,-12.9039424788497,1.4142792029232,1.4142642432475
2017-11-06 13:30:00,250.5625,-12.8172819955473,1.42872899625354,1.42871403898831
2017-11-06 14:30:00,250.604166666668,-12.8664394972067,1.42154278651933,1.42152783167176
2017-11-06 15:30:00,250.645833333332,-12.8593153977737,1.42332217472524,1.42330722230251
2017-11-06 16:30:00,250.6875,-12.9036691414498,1.41690100407346,1.41688605408276
2017-11-06 17:30:00,250.729166666668,-12.9851454806005,1.40456607544019,1.40455112788872
2017-11-06 19:00:00,250.791666666668,-13.7954381945693,1.27645214072449,1.27643719684533
2017-11-06 20:00:00,250.833333333332,-13.9783239780899,1.24796235870442,1.24794741728243
2017-11-06 21:00:00,250.875,-18.2482401377111,0.568405613979494,0.568390675021874
2017-11-06 22:00:00,250.916666666668,-20.4363308343866,0.220485049719893,0.220470113233816
2017-11-06 23:00:00,250.958333333332,-21.1342997938547,0.109941839246632,0.109926905239275
2017-11-07,251,-20.7494360081633,0.171894554742869,0.17187962322141
2017-11-07 01:00:00,251.041666666668,-20.3262282128015,0.239955393910689,0.239940464882301
2017-11-07 02:00:00,251.083333333332,-20.2026030157699,0.260292406279135,0.260277479750992
2017-11-07 03:00:00,251.125,-20.2169480732839,0.258650553373534,0.258635629352809
2017-11-07 04:00:00,251.166666666668,-20.0161206070501,0.291285731806357,0.291270810300218
2017-11-07 05:00:00,251.208333333332,-20.0252170779221,0.290479771254676,0.290464852270293
2017-11-07 06:00:00,251.25,-20.1652671910946,0.268812695784554,0.268797779329092
2017-11-07 07:00:00,251.291666666668,-20.432981444898,0.226808525032996,0.226793611113622
2017-11-07 08:00:00,251.333333333332,-20.5451019105769,0.209590449140714,0.209575537764589
2017-11-07 09:00:00,251.375,-20.9040111246753,0.153058642159335,0.153043733333622
2017-11-07 10:00:00,251.416666666668,-21.2225714363636,0.102954336728595,0.102939430460455
2017-11-07 11:00:00,251.458333333332,-22.2020483674725,-0.0524345662415627,-0.0524494699449722
2017-11-07 12:00:00,251.5,-22.6305676636364,-0.120055632339687,-0.120070533471209
2017-11-07 13:00:00,251.541666666668,-22.7517012877551,-0.138710049644589,-0.138724948197067
2017-11-07 14:00:00,251.583333333332,-23.1794582404453,-0.206209891062183,-0.206224787028465
2017-11-07 15:00:00,251.625,-23.4054192868275,-0.2415636094826,-0.241578502855533
2017-11-07 16:00:00,251.666666666668,-23.5625621623377,-0.265954653517501,-0.265969544289935
2017-11-07 17:00:00,251.708333333332,-23.7357031768089,-0.292894322263188,-0.292909210427974
2017-11-07 18:30:00,251.770833333332,-21.6611481611111,0.0385462956369377,0.0385314113970231
2017-11-07 19:30:00,251.8125,-22.5885536796296,-0.108548523403873,-0.108563405018275
2017-11-07 20:30:00,251.854166666668,-22.4946518448148,-0.09294846211297,-0.0929633410947173
2017-11-07 21:30:00,251.895833333332,-22.4205481618519,-0.0805023717820273,-0.0805172481239787
2017-11-07 22:30:00,251.9375,-22.8802833468519,-0.153097306155993,-0.153112179851008
2017-11-07 23:30:00,251.979166666668,-23.1780740940741,-0.199894487743822,-0.199909358784764
2017-11-08 00:30:00,252.020833333332,-23.753688925,-0.290949356610213,-0.290964224989946
2017-11-08 01:30:00,252.0625,-24.7449537166667,-0.448217673787719,-0.448232539499107
2017-11-08 02:30:00,252.104166666668,-24.845448097963,-0.463585740902843,-0.463600603938755
2017-11-08 03:30:00,252.145833333332,-24.604339544403,-0.424536329575341,-0.424551189928645
2017-11-08 04:30:00,252.1875,-24.6738918333955,-0.434975525990456,-0.434990383654023
2017-11-08 05:30:00,252.229166666668,-24.4844925442164,-0.404163664803206,-0.404178519769908
2017-11-08 06:30:00,252.270833333332,-24.3766362498134,-0.386341775134123,-0.386356627396835
2017-11-08 07:30:00,252.3125,-24.1894253940299,-0.355878761636215,-0.355893611187813
2017-11-08 08:30:00,252.354166666668,-23.4421454748134,-0.236196460936258,-0.236211307769618
2017-11-08 09:30:00,252.395833333332,-23.8380186472015,-0.298619379803419,-0.298634223911421
2017-11-08 10:30:00,252.4375,-23.9862686632463,-0.321595868401735,-0.32161070977726
2017-11-08 11:30:00,252.479166666668,-23.6853040839552,-0.27301226676802,-0.273027105403951
2017-11-08 12:30:00,252.520833333332,-24.1674477561567,-0.34917848536312,-0.349193321252339
2017-11-08 13:30:00,252.5625,-24.9093899253731,-0.466730906662917,-0.466745739798314
2017-11-08 14:30:00,252.604166666668,-25.5056119473881,-0.561070121183026,-0.561084951557486
2017-11-08 15:30:00,252.645833333332,-26.2061996044776,-0.672034973082194,-0.672049800688608
2017-11-08 16:30:00,252.6875,-26.3043749996269,-0.68703523862139,-0.68705006345265
2017-11-08 18:00:00,252.75,-26.0233582759328,-0.641310577071945,-0.641325397727147
2017-11-08 19:00:00,252.791666666668,-25.8186436371269,-0.608060538832373,-0.608075356694657
2017-11-08 20:00:00,252.833333333332,-25.8991676156309,-0.62024933477021,-0.620264149832471
2017-11-08 21:00:00,252.875,-24.1134059513966,-0.335137613081393,-0.335152425336533
2017-11-08 22:00:00,252.916666666668,-23.9003463439479,-0.30055857217042,-0.300573381611339
2017-11-08 23:00:00,252.958333333332,-22.9344636735568,-0.14605439894313,-0.14606920556273
2017-11-09,253,-23.150547477095,-0.17983844957472,-0.179853253365907
2017-11-09 01:00:00,253.041666666668,-22.9224469143389,-0.142863733477424,-0.142878534433104
2017-11-09 02:00:00,253.083333333332,-23.4686219947858,-0.229231801217853,-0.229246599330932
2017-11-09 03:00:00,253.125,-23.7151713545624,-0.267869398434815,-0.267884193698206
2017-11-09 04:00:00,253.166666666668,-23.7713798681564,-0.276185684057576,-0.276200476464188
2017-11-09 05:00:00,253.208333333332,-23.7074421335863,-0.265362708039401,-0.265377497582148
2017-11-09 06:00:00,253.25,-23.79173561527,-0.278153192574661,-0.27816797924646
2017-11-09 07:00:00,253.291666666668,-24.0384264417132,-0.316813812384475,-0.316828596178243
2017-11-09 08:00:00,253.333333333332,-24.1024767063315,-0.326379782708427,-0.326394563617081
2017-11-09 09:00:00,253.375,-24.1174506357542,-0.328127980621777,-0.328142758638238
2017-11-09 10:00:00,253.416666666668,-24.1942960849162,-0.339732479027038,-0.339747254144231
2017-11-09 11:00:00,253.458333333332,-24.4054636839851,-0.372734715410643,-0.372749487621489
2017-11-09 12:00:00,253.5,-24.4421675765363,-0.377944882508365,-0.377959651805792
2017-11-09 13:00:00,253.541666666668,-23.9785511862197,-0.303453795173009,-0.303468561549945
2017-11-09 14:00:00,253.583333333332,-23.8655251409683,-0.284812124831933,-0.284826888281306
2017-11-09 15:00:00,253.625,-25.1223631054004,-0.484390894970525,-0.484405655485267
2017-11-09 16:00:00,253.666666666668,-25.3934227184358,-0.526934594424002,-0.526949351997049
2017-11-09 17:30:00,253.729166666668,-25.4849422767225,-0.540559524905932,-0.540574278053188
2017-11-09 18:30:00,253.770833333332,-24.5904851578067,-0.397435890348238,-0.397450640536137
2017-11-09 19:30:00,253.8125,-24.9717007669145,-0.457527959259135,-0.457542706480618
2017-11-09 20:30:00,253.854166666668,-22.5255037104089,-0.0672112966429675,-0.0672260408909781
2017-11-09 21:30:00,253.895833333332,-21.962775052974,0.023067377116584,0.0230526358491051
2017-11-09 22:30:00,253.9375,-20.9822509169145,0.179901041922145,0.179886303642251
2017-11-09 23:30:00,253.979166666668,-20.8230185791822,0.205902208762467,0.205887473477212
2017-11-10 00:30:00,254.020833333332,-21.2194293513011,0.14338890322185,0.143374170938283
2017-11-10 01:30:00,254.0625,-20.832044620632,0.205734653147507,0.205719923872679
2017-11-10 02:30:00,254.104166666668,-19.4199386708178,0.431319096997988,0.431304370738944
2017-11-10 03:30:00,254.145833333332,-18.8230353031599,0.527041058068247,0.527026334832034
2017-11-10 04:30:00,254.1875,-18.2220836297398,0.623407787925143,0.623393067718804
2017-11-10 05:30:00,254.229166666668,-17.4351970574349,0.749393950506083,0.74937923333666
2017-11-10 06:30:00,254.270833333332,-17.7232676717472,0.704138535216252,0.704123821090784
2017-11-10 07:30:00,254.3125,-17.6116032453441,0.722561067377817,0.722546356303341
2017-11-10 08:30:00,254.354166666668,-18.7830650215613,0.536580548008836,0.53656583999239
2017-11-10 09:30:00,254.395833333332,-23.336488872119,-0.1881490774348,-0.188163782386183
2017-11-10 10:30:00,254.4375,-27.1950929315985,-0.802193544798348,-0.802208246677636
2017-11-10 11:30:00,254.479166666668,-27.0285836626394,-0.775034714036589,-0.775049412836751
2017-11-10 12:30:00,254.520833333332,-29.6169702537175,-1.18673289427663,-1.18674758999064
2017-11-10 13:30:00,254.5625,-31.0255799061338,-1.41049189724486,-1.41050658986569
2017-11-10 14:30:00,254.604166666668,-31.8034907553903,-1.53378026262956,-1.53379495215018
2017-11-10 15:30:00,254.645833333332,-31.8277267107807,-1.53700781162572,-1.53702249803911
2017-11-10 17:00:00,254.708333333332,-33.2471029361423,-1.76216582429488,-1.76218050603427
2017-11-10 22:00:00,254.916666666668,-35.5769532398131,-2.13014937199448,-2.13016403803986
2017-11-10 23:00:00,254.958333333332,-34.562052549531,-1.96784271702013,-1.96785737990567
2017-11-11,255,-33.5597936788104,-1.80755004848263,-1.80756470820133
2017-11-11 01:00:00,255.041666666668,-32.4726729217472,-1.6337389566782,-1.63375361322305
2017-11-11 02:00:00,255.083333333332,-32.2334888931227,-1.5950049278549,-1.5950195812189
2017-11-11 03:00:00,255.125,-31.7459219234201,-1.51670345553896,-1.51671810571511
2017-11-11 04:00:00,255.166666666668,-31.2222025912639,-1.43264302289174,-1.43265766987304
2017-11-11 05:00:00,255.208333333332,-30.8113754522305,-1.36656653444944,-1.36658117822889
2017-11-11 06:00:00,255.25,-30.4591264009294,-1.3098217147334,-1.30983635530402
2017-11-11 07:00:00,255.291666666668,-30.443561302974,-1.3067110271974,-1.30672566455219
2017-11-11 08:00:00,255.333333333332,-30.2148252804833,-1.26964219718553,-1.2696568313175
2017-11-11 09:00:00,255.375,-29.9347788524164,-1.22439972135886,-1.22441435226102
2017-11-11 10:00:00,255.416666666668,-29.710252804461,-1.1880018205435,-1.18801644820886
2017-11-11 11:00:00,255.458333333332,-29.6946096802974,-1.18487925786587,-1.18489388228745
2017-11-11 12:00:00,255.5,-29.8030055546468,-1.20151633572169,-1.2015309568925
2017-11-11 13:00:00,255.541666666668,-31.1251115302974,-1.41149843980075,-1.41151305771382
2017-11-11 14:00:00,255.583333333332,-31.2770166988848,-1.43506685915172,-1.43508147380007
2017-11-11 15:00:00,255.625,-31.2947118618959,-1.43725566910618,-1.43727028048282
2017-11-11 16:30:00,255.6875,-31.0866840459108,-1.40317189007936,-1.40318649653538
2017-11-11 17:30:00,255.729166666668,-30.6505743886617,-1.33306962028462,-1.33308422345151
2017-11-11 18:30:00,255.770833333332,-30.5876494012987,-1.32241607661522,-1.322430676486
2017-11-11 19:30:00,255.8125,-30.2211410220779,-1.26340162353117,-1.26341622009888
2017-11-11 20:30:00,255.854166666668,-29.1899647541744,-1.09850524297557,-1.09851983623324
2017-11-11 21:30:00,255.895833333332,-30.4640111410019,-1.30083262115714,-1.30084721109781
2017-11-11 22:30:00,255.9375,-29.3880946217069,-1.12880937190148,-1.12882395851819
2017-11-11 23:30:00,255.979166666668,-28.9020890569573,-1.05075950240547,-1.05077408569126
2017-11-12 00:30:00,256.020833333332,-26.7631242745826,-0.709392191782174,-0.709406771730082
2017-11-12 01:30:00,256.0625,-26.9607476697588,-0.74024519138493,-0.740259767988003
2017-11-12 02:30:00,256.104166666668,-26.6216337363855,-0.685595695100465,-0.68561026835175
2017-11-12 03:30:00,256.145833333332,-26.6455027994434,-0.688769793971608,-0.688784363864154
2017-11-12 04:30:00,256.1875,-27.1075138415584,-0.761740367962153,-0.76175493448901
2017-11-12 05:30:00,256.229166666668,-26.2307031940631,-0.621435835135333,-0.621450398289553
2017-11-12 06:30:00,256.270833333332,-26.674975890167,-0.691580968404244,-0.691595528178882
2017-11-12 07:30:00,256.3125,-27.6108311790353,-0.840035705711194,-0.840050262099308
2017-11-12 08:30:00,256.354166666668,-26.8693673243043,-0.721292450851408,-0.721307003846055
2017-11-12 09:30:00,256.395833333332,-26.8046678910946,-0.710358398327415,-0.710372947921656
2017-11-12 10:30:00,256.4375,-27.3946363523191,-0.803713555905296,-0.803728102092195
2017-11-12 11:30:00,256.479166666668,-27.1272634734694,-0.760493772349061,-0.760508315121681
2017-11-12 12:30:00,256.520833333332,-26.1208385910946,-0.599542623823516,-0.599557163174926
2017-11-12 13:30:00,256.5625,-27.0088052128015,-0.740369543302828,-0.740384079226097
2017-11-12 14:30:00,256.604166666668,-26.2854619447124,-0.624513793846311,-0.624528326334509
2017-11-12 16:00:00,256.666666666668,-24.2507920850187,-0.299449734434585,-0.299464261757191
2017-11-12 17:00:00,256.708333333332,-23.2902415844569,-0.145807074665619,-0.145821598535842
2017-11-12 18:00:00,256.75,-23.2407116398876,-0.13729078958724,-0.137305309998157
2017-11-12 19:00:00,256.791666666668,-22.7104681638577,-0.0521966448388983,-0.0522111617835911
2017-11-12 20:00:00,256.833333333332,-22.5319907283859,-0.0231392314642632,-0.0231537449358147
2017-11-12 21:00:00,256.875,-22.3307235615955,0.00954845233807472,0.00953394234658073
2017-11-12 22:00:00,256.916666666668,-22.2457383846011,0.0237121816914026,0.0236976751868786
2017-11-12 23:00:00,256.958333333332,-21.8760073792208,0.08323597429079,0.0832214712801477
2017-11-13,257,-21.8823246988868,0.0828548489623784,0.0828403494525259
2017-11-13 01:00:00,257.041666666668,-21.8559220942486,0.0876858796179587,0.0876713836158038
2017-11-13 02:00:00,257.083333333332,-22.1643562120594,0.0391770294487592,0.0391625369612056
2017-11-13 03:00:00,257.125,-22.246938790167,0.0266463389701075,0.0266318500040579
2017-11-13 04:00:00,257.166666666668,-22.1143543660482,0.0483917534063177,0.0483772679686733
2017-11-13 05:00:00,257.208333333332,-21.9605287580705,0.0735207509894195,0.0735062690870779
2017-11-13 06:00:00,257.25,-21.8646586072356,0.0894172498929361,0.0894027715327934
2017-11-13 07:00:00,257.291666666668,-21.8333413851577,0.0950302678539965,0.0950157930429478
2017-11-13 08:00:00,257.333333333332,-22.233136903527,0.0319665646021834,0.0319520933471197
2017-11-13 09:00:00,257.375,-21.9195157653061,0.0825504906605644,0.0825360229683754
2017-11-13 10:00:00,257.416666666668,-21.9414118723562,0.079686125561723,0.0796716614392973
2017-11-13 11:00:00,257.458333333332,-21.6041335834879,0.13403834386254,0.134023883316763
2017-11-13 12:00:00,257.5,-21.5194396994434,0.148153531114883,0.148139074152637
2017-11-13 13:00:00,257.541666666668,-20.9717300221601,0.236027309927204,0.236012856555371
2017-11-13 14:00:00,257.583333333332,-20.6037828846011,0.295264632201637,0.295250182427095
2017-11-13 15:30:00,257.645833333332,-19.4550633091248,0.47919080968706,0.47917636532135
2017-11-13 16:30:00,257.6875,-19.1191460674157,0.533325356518385,0.533310915767155
2017-11-13 17:30:00,257.729166666668,-18.9721198863296,0.557369265791779,0.5573548286619
2017-11-13 18:30:00,257.770833333332,-19.0570612187384,0.544460427462604,0.544445993960946
2017-11-13 19:30:00,257.8125,-18.7439814549165,0.594956476938818,0.594942047072249
2017-11-13 20:30:00,257.854166666668,-19.2223525244898,0.519373685500722,0.519359259276106
2017-11-13 21:30:00,257.895833333332,-18.9439313508349,0.56434828132903,0.564333858753229
2017-11-13 22:30:00,257.9375,-19.1556549252319,0.531242310317614,0.531227891397489
2017-11-13 23:30:00,257.979166666668,-19.2745900107607,0.512917453360327,0.512903038102737
2017-11-14 00:30:00,258.020833333332,-18.6319907430427,0.615905404228005,0.615890992639805
2017-11-14 01:30:00,258.0625,-18.3178868304267,0.666563651113592,0.666549243201637
2017-11-14 02:30:00,258.104166666668,-18.3970222673469,0.654578429118333,0.654564024889475
2017-11-14 03:30:00,258.145833333332,-18.8437217213358,0.584039836733756,0.584025436194844
2017-11-14 04:30:00,258.1875,-18.7318775237477,0.602477487064844,0.602463090222725
2017-11-14 05:30:00,258.229166666668,-18.5818905597403,0.626991146902813,0.626976753764333
2017-11-14 06:30:00,258.270833333332,-18.6278274324675,0.620293838780169,0.620279449352171
2017-11-14 07:30:00,258.3125,-18.754007622,0.600813551870409,0.600799166159733
2017-11-14 08:30:00,258.354166666668,-18.8720296576994,0.582632703300968,0.582618321314453
2017-11-14 09:30:00,258.395833333332,-18.9007847855288,0.578671975233279,0.578657596977761
2017-11-14 10:30:00,258.4375,-18.87465862282,0.583453713936287,0.583439339418601
2017-11-14 11:30:00,258.479166666668,-18.8102245591837,0.594337766283669,0.594323395510646
2017-11-14 12:30:00,258.520833333332,-18.5841632640074,0.630968989449796,0.630954622428265
2017-11-14 13:30:00,258.5625,-17.6011298564007,0.788186248083821,0.78817188482061
2017-11-14 15:00:00,258.625,-17.2565722066667,0.844003223094027,0.843988865481092
2017-11-14 16:00:00,258.666666666668,-18.4010666385185,0.662303367696168,0.662289013858612
2017-11-14 17:00:00,258.708333333332,-18.3593778253704,0.669563186793134,0.669548836737775
2017-11-14 18:00:00,258.75,-18.7748518490741,0.603996474873538,0.603982128607195
2017-11-14 19:00:00,258.791666666668,-18.9945889111111,0.569610636094439,0.569596293623926
2017-11-14 20:00:00,258.833333333332,-18.8751833164815,0.589250299831717,0.589235961163846
2017-11-14 21:00:00,258.875,-19.413829605,0.504061662968571,0.504047328110155
2017-11-14 22:00:00,258.916666666668,-19.4571778016667,0.497774200403656,0.497759869361501
2017-11-14 23:00:00,258.958333333332,-19.104462708209,0.55457973699056,0.554565409771473
2017-11-15,259,-19.4363096871269,0.502333879938278,0.502319556549062
2017-11-15 01:00:00,259.041666666668,-20.218723879291,0.378312177205076,0.378297857652533
2017-11-15 02:00:00,259.083333333332,-20.8610652824627,0.276604002909602,0.27658968720053
2017-11-15 03:00:00,259.125,-20.830317163806,0.282119303176622,0.282104991317818
2017-11-15 04:00:00,259.166666666668,-20.7582425785448,0.294217771526921,0.294203463525181
2017-11-15 05:00:00,259.208333333332,-20.8741137442164,0.276376179549748,0.276361875411863
2017-11-15 06:00:00,259.25,-21.3508283552239,0.201051800655806,0.201037500388566
2017-11-15 07:00:00,259.291666666668,-22.9689925445896,-0.0561064802922421,-0.0561207766820488
2017-11-15 08:00:00,259.333333333332,-22.5187201307836,0.0162384989314113,0.0162242064258223
2017-11-15 09:00:00,259.375,-22.1913918470149,0.0689982212231399,0.0689839326085519
2017-11-15 10:00:00,259.416666666668,-22.1794198083955,0.071521298829658,0.0715070141128522
2017-11-15 11:00:00,259.458333333332,-22.523835826306,0.0172713345604062,0.0172570537481606
2017-11-15 12:00:00,259.5,-22.4826324722015,0.0244506417146769,0.024436364813768
2017-11-15 13:00:00,259.541666666668,-22.390973854291,0.0396673380267631,0.0396530650439642
2017-11-15 14:30:00,259.604166666668,-23.5361977583955,-0.141844849052491,-0.141859116145429
2017-11-15 15:30:00,259.645833333332,-25.555694081903,-0.46293707100174,-0.462951334159643
2017-11-15 16:30:00,259.6875,-25.6383873597765,-0.475495355244381,-0.475509614460485
2017-11-15 17:30:00,259.729166666668,-25.755163910987,-0.493483301127325,-0.493497556394866
2017-11-15 18:30:00,259.770833333332,-25.791573547486,-0.49866891222207,-0.498683163534286
2017-11-15 19:30:00,259.8125,-26.2095232795158,-0.564634305659534,-0.564648553009667
2017-11-15 20:30:00,259.854166666668,-24.7526629439479,-0.331941288352725,-0.331955531734019
2017-11-15 21:30:00,259.895833333332,-23.0384544312849,-0.0582526956317412,-0.0582669350374413
2017-11-15 22:30:00,259.9375,-23.6293538189944,-0.151769612114424,-0.151783847537779
2017-11-15 23:30:00,259.979166666668,-23.7351284629423,-0.168005983970337,-0.168020215404598
2017-11-16 00:30:00,260.020833333332,-23.8082897179439,-0.179047193706342,-0.179061421144763
2017-11-16 01:30:00,260.0625,-23.3585977543762,-0.106797686446438,-0.106811909882273
2017-11-16 02:30:00,260.104166666668,-22.9745940486034,-0.0450125402688452,-0.0450267596953525
2017-11-16 03:30:00,260.145833333332,-22.9829645979478,-0.045733068315174,-0.0457472837256143
2017-11-16 04:30:00,260.1875,-22.992052127933,-0.0465679871923153,-0.0465821985799511
2017-11-16 05:30:00,260.229166666668,-22.7836517536313,-0.0127571031135473,-0.0127713104716428
2017-11-16 06:30:00,260.270833333332,-22.4943128826816,0.0339471653903002,0.0339329620684768
2017-11-16 07:30:00,260.3125,-22.462487843203,0.0396291202738419,0.0396149209950209
2017-11-16 08:30:00,260.354166666668,-22.0498584543762,0.105973303577729,0.10595910834864
2017-11-16 09:30:00,260.395833333332,-21.0454179296642,0.266593246871557,0.266579055698923
2017-11-16 10:30:00,260.4375,-20.2398787328358,0.395527889310557,0.395513702201103
2017-11-16 11:30:00,260.479166666668,-19.9260484292365,0.44613277617769,0.446118593138135
2017-11-16 12:30:00,260.520833333332,-19.0104924211321,0.592592819960304,0.592578640997367
2017-11-16 14:00:00,260.583333333332,-18.1067537567164,0.737475677076204,0.737461504240787
2017-11-16 15:00:00,260.625,-17.6034813087687,0.818258209200381,0.818244040458367
2017-11-16 16:00:00,260.666666666668,-18.7157244180633,0.641687779679428,0.641673615037528
2017-11-16 17:00:00,260.708333333332,-18.5255661039106,0.672590648403453,0.672576487868374
2017-11-16 18:00:00,260.75,-18.6521861778399,0.653030313997169,0.653016157575617
2017-11-16 19:00:00,260.791666666668,-18.3611526990689,0.700002309148369,0.699988156847045
2017-11-16 20:00:00,260.833333333332,-17.9612402722533,0.764318618368433,0.764304470194038
2017-11-16 21:00:00,260.875,-18.9964953592179,0.600011536581493,0.599997392540724
2017-11-16 22:00:00,260.916666666668,-19.5234301914339,0.516680053841801,0.516665913941355
2017-11-16 23:00:00,260.958333333332,-21.6863463582868,0.172735394303399,0.172721258549969
2017-11-17,261,-20.4127262340782,0.376233240311226,0.376219108711501
2017-11-17 01:00:00,261.041666666668,-21.1223370823091,0.263800793444848,0.263786666005517
2017-11-17 02:00:00,261.083333333332,-21.4535512294227,0.21164702943777,0.211632906165518
2017-11-17 03:00:00,261.125,-22.301581,0.0771639849424747,0.0771498658439853
2017-11-17 04:00:00,261.166666666668,-22.7318100577281,0.00923670990984371,0.00922259499179795
2017-11-17 05:00:00,261.208333333332,-24.1660148743017,-0.21862480393204,-0.218638914662964
2017-11-17 06:00:00,261.25,-26.1423184433892,-0.532843219723309,-0.532857326260436
2017-11-17 07:00:00,261.291666666668,-26.8117914230912,-0.638882772343549,-0.638896874680205
2017-11-17 08:00:00,261.333333333332,-27.2055679281192,-0.701003863439139,-0.701017961568653
2017-11-17 09:00:00,261.375,-27.2462421024209,-0.706875685137234,-0.706889779052938
2017-11-17 10:00:00,261.416666666668,-28.2796312577281,-0.870887897245842,-0.87090198694107
2017-11-17 11:00:00,261.458333333332,-29.5400987122905,-1.07107402954018,-1.07108811500827
2017-11-17 12:00:00,261.5,-29.9615773333333,-1.13760882625573,-1.13762290749001
2017-11-17 13:30:00,261.5625,-29.7528808469274,-1.10345310146059,-1.1034671763317
2017-11-17 14:30:00,261.604166666668,-30.6457392581006,-1.24507949984062,-1.24509357046128
2017-11-17 15:30:00,261.645833333332,-30.4018865786245,-1.20562719541395,-1.20564126177751
2017-11-17 16:30:00,261.6875,-30.5598345591078,-1.23018220980273,-1.23019627190255
2017-11-17 17:30:00,261.729166666668,-30.0396189152416,-1.1467054610716,-1.14671951890102
2017-11-17 18:30:00,261.770833333332,-30.3778698553903,-1.19998323981857,-1.19999729337096
2017-11-17 19:30:00,261.8125,-30.5630817884758,-1.22888198286103,-1.22889603212974
2017-11-17 20:30:00,261.854166666668,-28.2162843490706,-0.854430011255427,-0.854444056233821
2017-11-17 21:30:00,261.895833333332,-27.7065911126394,-0.772630240106011,-0.772644280787448
2017-11-17 22:30:00,261.9375,-26.669444239777,-0.606806916163594,-0.606820952541441
2017-11-17 23:30:00,261.979166666668,-25.6167973936803,-0.438514624134065,-0.438528656201687
2017-11-18 00:30:00,262.020833333332,-25.9263810258364,-0.487226809792584,-0.487240837543353
2017-11-18 01:30:00,262.0625,-26.2189237713755,-0.533224559380996,-0.533238582808285
2017-11-18 02:30:00,262.104166666668,-26.6046096462825,-0.594060265694494,-0.594074284791677
2017-11-18 03:30:00,262.145833333332,-25.0104553745353,-0.339506211793259,-0.339520226553714
2017-11-18 04:30:00,262.1875,-24.8433978115242,-0.312289873689541,-0.31230388410665
2017-11-18 05:30:00,262.229166666668,-25.3019888299257,-0.384739992285672,-0.384753998352816
2017-11-18 06:30:00,262.270833333332,-25.3550836672862,-0.392594470363618,-0.392608472074183
2017-11-18 07:30:00,262.3125,-25.0125129942379,-0.337419341089508,-0.337433338436881
2017-11-18 08:30:00,262.354166666668,-25.3788568715613,-0.395174997801533,-0.395188990779106
2017-11-18 09:30:00,262.395833333332,-25.4845743771375,-0.411412879069545,-0.41142686767071
2017-11-18 10:30:00,262.4375,-25.8699832892193,-0.472205993395953,-0.472219977614106
2017-11-18 11:30:00,262.479166666668,-25.2420353704461,-0.371570832850102,-0.371584812678641
2017-11-18 13:00:00,262.541666666668,-24.6249683843866,-0.272368069989327,-0.272382043221072
2017-11-18 14:00:00,262.583333333332,-24.663615233829,-0.277922414828872,-0.27793638365451
2017-11-18 15:00:00,262.625,-25.6083933558442,-0.427824312442731,-0.427838276855668
2017-11-18 16:00:00,262.666666666668,-25.085632670872,-0.343946423211747,-0.343960383205393
2017-11-18 17:00:00,262.708333333332,-23.2167977894249,-0.0456381466991855,-0.0456521022669534
2017-11-18 18:00:00,262.75,-24.1407439697588,-0.192222083530353,-0.192236034665656
2017-11-18 19:00:00,262.791666666668,-22.4754137326531,0.0736673685107479,0.0736534218144906
2017-11-18 20:00:00,262.833333333332,-21.3876177951763,0.247554998844991,0.247541056594361
2017-11-18 21:00:00,262.875,-19.2331187037106,0.591369008518038,0.591355070719612
2017-11-18 22:00:00,262.916666666668,-18.2093283875696,0.755060106584617,0.75504617324497
2017-11-18 23:00:00,262.958333333332,-17.7486512296846,0.829046680146661,0.829032751272365
2017-11-19,263,-17.6625491495362,0.843362979854878,0.843349055452503
2017-11-19 01:00:00,263.041666666668,-19.6365065016698,0.529510143254615,0.529496223330729
2017-11-19 02:00:00,263.083333333332,-18.921267174026,0.64404806256615,0.644034147127316
2017-11-19 03:00:00,263.125,-17.1595677367347,0.925287627940669,0.925273716993448
2017-11-19 04:00:00,263.166666666668,-16.1788608640074,1.0821143221487,1.08210041569966
2017-11-19 05:00:00,263.208333333332,-15.8867012814471,1.12925474315691,1.1292408412126
2017-11-19 06:00:00,263.25,-15.2721409988868,1.22775362792771,1.22773973049468
2017-11-19 07:00:00,263.291666666668,-16.7061651057514,0.999911357073487,0.999897464158292
2017-11-19 08:00:00,263.333333333332,-16.5718942152134,1.02189940127535,1.02188551288454
2017-11-19 09:00:00,263.375,-15.9812449146568,1.11658865326701,1.11657476940713
2017-11-19 10:00:00,263.416666666668,-15.8988831165121,1.13030714352935,1.13029326420695
2017-11-19 11:00:00,263.458333333332,-15.0663599168831,1.2635266814494,1.26351280667101
2017-11-19 12:30:00,263.520833333332,-14.8799981336431,1.29411086756986,1.29409699961975
2017-11-19 13:30:00,263.5625,-16.8983191148423,0.973188389711642,0.97317452632189
2017-11-19 14:30:00,263.604166666668,-18.9622990461682,0.644992207724067,0.644978348901203
2017-11-19 15:30:00,263.645833333332,-19.3876345133581,0.577833058816875,0.577819204567428
2017-11-19 16:30:00,263.6875,-21.4689591717996,0.246873446995101,0.246859597325598
2017-11-19 17:30:00,263.729166666668,-21.7919609985158,0.196015717122298,0.196001872039262
2017-11-19 18:30:00,263.770833333332,-22.042667887013,0.156674420600709,0.156660580110662
2017-11-19 19:30:00,263.8125,-21.85842486141,0.186620753940241,0.1866069180497
2017-11-19 20:30:00,263.854166666668,-19.0261317226345,0.63840316005601,0.638389328771492
2017-11-19 21:30:00,263.895833333332,-19.4934174458256,0.564560092653911,0.56454626598193
2017-11-19 22:30:00,263.9375,-25.1301039215213,-0.332772411931838,-0.332786233984774
2017-11-19 23:30:00,263.979166666668,-25.1868552601113,-0.34121746518409,-0.341231282611472
2017-11-20 00:30:00,264.020833333332,-25.2075751443414,-0.343922885811323,-0.343936698606644
2017-11-20 01:30:00,264.0625,-25.2429795810761,-0.348967770254377,-0.348981578411139
2017-11-20 02:30:00,264.104166666668,-24.6951150311688,-0.261097692727352,-0.261111496239052
2017-11-20 03:30:00,264.145833333332,-23.3322819801484,-0.0434027553046727,-0.0434165541648128
2017-11-20 04:30:00,264.1875,-21.3498311823748,0.272997526939347,0.272983732737258
2017-11-20 05:30:00,264.229166666668,-26.2775528797774,-0.511397812720161,-0.511411602257705
2017-11-20 06:30:00,264.270833333332,-26.0952652910946,-0.481765227063154,-0.481779011929663
2017-11-20 07:30:00,264.3125,-26.1785287601113,-0.494435320600522,-0.494449100789512
2017-11-20 08:30:00,264.354166666668,-27.268003719666,-0.667395829872968,-0.667409605377955
2017-11-20 09:30:00,264.395833333332,-28.1188014749536,-0.802335096489627,-0.802348867304128
2017-11-20 10:30:00,264.4375,-29.782521374026,-1.0667736483851,-1.06678741450264
2017-11-20 12:00:00,264.5,-23.9054812713483,-0.129667523319748,-0.129681282379703
2017-11-20 13:00:00,264.541666666668,-30.3263520411985,-1.15192412690331,-1.15193788125011
2017-11-20 14:00:00,264.583333333332,-29.652293727307,-1.04395366523694,-1.04396741486413
2017-11-20 15:00:00,264.625,-30.2798085486989,-1.14332494235873,-1.14333868725984
2017-11-20 16:30:00,264.6875,-29.4814429594937,-1.01525670101462,-1.01527043881449
2017-11-20 17:00:00,264.708333333332,-29.1006421357895,-0.95429895129054,-0.954312686720104
2017-11-20 17:30:00,264.729166666668,-29.2983396893082,-0.985496458742057,-0.985510191799698
2017-11-20 18:00:00,264.75,-28.8449973102902,-0.912982892019289,-0.91299662270339
2017-11-30 13:00:00,274.541666666668,-27.2621514676768,-0.528244158691676,-0.528256601506383
2017-11-30 13:30:00,274.5625,-27.16362188041,-0.512281253146322,-0.51229369286862
2017-11-30 15:30:00,274.645833333332,-24.4602818902077,-0.0805696675200542,-0.0805820948584062
2017-11-30 16:00:00,274.666666666668,-24.319430014,-0.057865138366467,-0.0578775626052568
2017-11-30 16:30:00,274.6875,-23.459997059882,0.0793098004496539,0.0792973793118548
2017-11-30 17:00:00,274.708333333332,-23.136274993,0.131145542513908,0.131133124478529
2017-11-30 17:30:00,274.729166666668,-22.6454956129793,0.209593564318666,0.209581149387136
2017-11-30 18:00:00,274.75,-22.6230799985,0.213430833916223,0.213418422089969
2017-11-30 18:30:00,274.770833333332,-23.1678406578171,0.126916448094821,0.126904039375271
2017-11-30 19:00:00,274.791666666668,-23.0637800425,0.143759685252169,0.143747279640751
2017-11-30 19:30:00,274.8125,-22.258233040708,0.272350135305406,0.272337732803544
2017-11-30 20:00:00,274.833333333332,-22.0263199785,0.309560219062605,0.309547819671728
2017-11-30 20:30:00,274.854166666668,-21.4836430522124,0.396275138614862,0.396262742336394
2017-11-30 21:00:00,274.875,-21.385889928,0.412113308685821,0.412100915521189
2017-11-30 21:30:00,274.895833333332,-21.0725899758112,0.462288172589091,0.462275782539719
2017-11-30 22:00:00,274.916666666668,-21.0729153676617,0.46250222513559,0.462489838202903
2017-11-30 22:30:00,274.9375,-20.7210443289086,0.518821350796194,0.518808966981616
2017-11-30 23:00:00,274.958333333332,-20.5573432313433,0.545164800358058,0.545152419663011
2017-11-30 23:30:00,274.979166666668,-19.8977256687316,0.650508027156837,0.650495649582746
2017-12-01,275,-19.8086071828571,0.6649702732786,0.664957898826888
2017-12-01 00:30:00,275.020833333332,-19.4408937734513,0.723812819705143,0.723800448377231
2017-12-01 01:00:00,275.041666666668,-19.3315471935323,0.741497275427225,0.741484907224536
2017-12-01 01:30:00,275.0625,-19.2303539581121,0.757882827374954,0.75787046229891
2017-12-01 02:00:00,275.083333333332,-19.268835859204,0.752017960059556,0.752005598111576
2017-12-01 02:30:00,275.104166666668,-18.4029498572271,0.890219475738307,0.890207116919813
2017-12-01 03:00:00,275.125,-18.3038905154229,0.90626488619656,0.906252530508972
2017-12-01 03:30:00,275.145833333332,-17.738622460472,0.996577607512399,0.996565254957137
2017-12-01 04:00:00,275.166666666668,-17.4407512711443,1.04429374671028,1.04428139728876
2017-12-01 04:30:00,275.1875,-18.5615840899705,0.866009253212756,0.865996906926403
2017-12-01 05:00:00,275.208333333332,-18.6920696935323,0.845487708414085,0.845475365264315
2017-12-01 05:30:00,275.229166666668,-19.0931475091445,0.781860560426296,0.781848220414525
2017-12-01 06:00:00,275.25,-19.2308159731343,0.760194639912515,0.760182303040163
2017-12-01 06:30:00,275.270833333332,-18.6072359752212,0.859796072868491,0.859783739136975
2017-12-01 07:00:00,275.291666666668,-18.5917312855721,0.862530604137157,0.862518273547891
2017-12-01 07:30:00,275.3125,-18.2179182399371,0.922343841989165,0.922331514543568
2017-12-01 08:00:00,275.333333333332,-18.2079652253731,0.92419384626208,0.924181521961568
2017-12-01 08:30:00,275.354166666668,-18.0891710622419,0.943382252636501,0.943369931482486
2017-12-01 09:00:00,275.375,-18.0824427825871,0.944718413011016,0.944706095004916
2017-12-01 09:30:00,275.395833333332,-18.1578006392749,0.932978122494106,0.932965807637336
2017-12-01 10:00:00,275.416666666668,-18.1257462169154,0.938348614041461,0.938336302335433
2017-12-01 10:30:00,275.4375,-18.9515074129793,0.807068393788317,0.807056085234445
2017-12-01 11:00:00,275.458333333332,-18.9613333348259,0.805767174981508,0.805754869581207
2017-12-01 11:30:00,275.479166666668,-19.5087079855457,0.71883398867861,0.71882168643329
2017-12-01 12:00:00,275.5,-19.5262438348259,0.716304431192782,0.716292132103857
2017-12-01 12:30:00,275.520833333332,-19.6208229887906,0.701501749299262,0.701489453368145
2017-12-01 13:00:00,275.541666666668,-19.6242138965174,0.701225349246559,0.701213056474658
2017-12-01 14:00:00,275.583333333332,-19.782368720354,0.676558507749909,0.676546221300678
2017-12-01 14:30:00,275.604166666668,-19.6376649878173,0.699873476671128,0.699861193385346
2017-12-01 15:00:00,275.625,-19.9497256616519,0.650425478163555,0.650413198042632
2017-12-01 15:30:00,275.645833333332,-19.8617411477157,0.664704892826978,0.664692615872325
2017-12-01 16:00:00,275.666666666668,-20.8088731666667,0.51408943294265,0.514077159155674
2017-12-01 16:30:00,275.6875,-20.7352843121827,0.526075466430551,0.52606319581266
2017-12-01 17:00:00,275.708333333332,-22.5182595834808,0.242309436738449,0.242297169291054
2017-12-01 17:30:00,275.729166666668,-22.4375736619289,0.255425895609529,0.255413631334033
2017-12-01 18:00:00,275.75,-23.0578997061947,0.156870576087222,0.156858314985035
2017-12-01 18:30:00,275.770833333332,-22.8836598964467,0.184890093595326,0.184877835667855
2017-12-01 19:00:00,275.791666666668,-23.5447286117994,0.0798442947789665,0.0798320400276155
2017-12-01 19:30:00,275.8125,-23.2636091461929,0.124889675100705,0.124877423526881
2017-12-01 20:00:00,275.833333333332,-23.8446607846608,0.0325905110037097,0.0325782626088189
2017-12-01 20:30:00,275.854166666668,-23.2595481761421,0.126062073351762,0.126049828137207
2017-12-01 21:00:00,275.875,-22.7452979958702,0.20824512875194,0.208232886719127
2017-12-01 21:30:00,275.895833333332,-22.0509391269036,0.319119555446459,0.319107316596792
2017-12-01 22:00:00,275.916666666668,-22.0793313411243,0.31485914654622,0.314846910881101
2017-12-01 22:30:00,275.9375,-21.4863451771574,0.409584685745952,0.409572453266787
2017-12-01 23:00:00,275.958333333332,-22.5417079882006,0.241726983672597,0.241714754380786
2017-12-01 23:30:00,275.979166666668,-22.056106586802,0.319345910176099,0.319333684073044
2017-12-02,276,-23.1070088743363,0.152198629337344,0.152186406424449
2017-12-02 00:30:00,276.020833333332,-22.4997259629442,0.24920136392274,0.249189144201404
2017-12-02 01:00:00,276.041666666668,-23.2236637324484,0.134139620976771,0.134127404448395
2017-12-02 01:30:00,276.0625,-22.638060915736,0.227688557437324,0.227676344103311
2017-12-02 02:00:00,276.083333333332,-23.1343716359882,0.148887822485576,0.148875612347324
2017-12-02 02:30:00,276.104166666668,-22.6479035857868,0.226644376114244,0.226632169173152
2017-12-02 03:00:00,276.125,-23.1985427887906,0.139188931285433,0.139176727542902
2017-12-02 03:30:00,276.145833333332,-22.4591573522843,0.257235261472265,0.257223060929692
2017-12-02 04:00:00,276.166666666668,-23.3914719905605,0.108978503169525,0.108966305828307
2017-12-02 04:30:00,276.1875,-22.4999086583756,0.251266736933961,0.2512545427955
2017-12-02 05:00:00,276.208333333332,-23.2644631787611,0.129734141275364,0.129721950341054
2017-12-02 05:30:00,276.229166666668,-22.8986041258883,0.188277163584413,0.188264975855651
2017-12-02 06:00:00,276.25,-23.2116271934911,0.138673706870743,0.138661522348928
2017-12-02 06:30:00,276.270833333332,-22.9938888949495,0.173620842945591,0.173608661632117
2017-12-02 07:00:00,276.291666666668,-23.3117522150442,0.123246186263847,0.123234008160109
2017-12-02 07:30:00,276.3125,-23.295368720202,0.126117213864544,0.12610503897194
2017-12-02 08:00:00,276.333333333332,-23.4218672640118,0.106226958375407,0.106214786695329
2017-12-02 08:30:00,276.354166666668,-23.5143787707071,0.0917507899254453,0.091738621459287
2017-12-02 09:00:00,276.375,-23.7684041525074,0.0515452734571954,0.0515331082063525
2017-12-02 09:30:00,276.395833333332,-23.677095990404,0.0663515649847553,0.0663394029506205
2017-12-02 10:00:00,276.416666666668,-23.8322684536873,0.041893244389096,0.0418810855730609
2017-12-02 10:30:00,276.4375,-23.7923686641414,0.0485100006756156,0.0484978450790747
2017-12-02 11:00:00,276.458333333332,-24.2591652165192,-0.0255904048256527,-0.025602557201308
2017-12-02 11:30:00,276.479166666668,-23.9290151792929,0.0272632784435888,0.027251129290209
2017-12-02 12:00:00,276.5,-23.973997020649,0.0203581128860547,0.0203459669563438
2017-12-02 12:30:00,276.520833333332,-23.9429494823232,0.0255644093153012,0.025552266610649
2017-12-02 13:30:00,276.5625,-23.9448672581121,0.0257794913179815,0.0257673550676165
2017-12-02 14:00:00,276.583333333332,-24.2134821923858,-0.0167508760647915,-0.0167630090859284
2017-12-02 14:30:00,276.604166666668,-25.8544318730769,-0.277895221900611,-0.277907351691132
2017-12-02 15:00:00,276.625,-25.801974613198,-0.269278704669094,-0.269290831227609
2017-12-02 15:30:00,276.645833333332,-26.1753432133136,-0.32849662396327,-0.328508747288392
2017-12-02 16:00:00,276.666666666668,-26.0563959258883,-0.309288343318634,-0.309300463408975
2017-12-02 16:30:00,276.6875,-25.9983923342183,-0.299788509753773,-0.299800626607947
2017-12-02 17:00:00,276.708333333332,-25.7324264152284,-0.257160201662508,-0.257172315279127
2017-12-02 17:30:00,276.729166666668,-25.8060206235988,-0.268624137374919,-0.268636247752597
2017-12-02 18:00:00,276.75,-25.6061878279188,-0.236531028842506,-0.236543135979859
2017-12-02 18:30:00,276.770833333332,-25.4779380572271,-0.21584122027277,-0.215853324168411
2017-12-02 19:00:00,276.791666666668,-25.3541674649746,-0.195865020990421,-0.195877121642965
2017-12-02 19:30:00,276.8125,-24.9686844026549,-0.134197911197903,-0.134210008605966
2017-12-02 20:00:00,276.833333333332,-24.9560000025381,-0.131917967728501,-0.131930061890699
2017-12-02 20:30:00,276.854166666668,-23.7067935029499,0.0673407567597273,0.0673286658447774
2017-12-02 21:00:00,276.875,-23.2471888081633,0.140815276389714,0.140803188723396
2017-12-02 21:30:00,276.895833333332,-22.9588465988201,0.187007486574937,0.186995402158632
2017-12-02 22:00:00,276.916666666668,-22.5267106639594,0.256106066831351,0.256093985666442
2017-12-02 22:30:00,276.9375,-22.8249173787611,0.208860467890907,0.208848389978776
2017-12-02 23:00:00,276.958333333332,-22.4607563878173,0.267130444584893,0.267118369926921
2017-12-02 23:30:00,276.979166666668,-22.8618289014749,0.203498103890535,0.203486032488103
2017-12-03,277,-22.6673529441176,0.234736986921788,0.234724918776276
2017-12-03 00:30:00,277.020833333332,-23.1923126525074,0.151369180955515,0.151357116068303
2017-12-03 01:00:00,277.041666666668,-23.2620406659898,0.140520035942619,0.140507974315087
2017-12-03 01:30:00,277.0625,-23.41836279941,0.115876312349641,0.115864253983167
2017-12-03 02:00:00,277.083333333332,-23.3313654893401,0.12999347655785,0.129981421453813
2017-12-03 02:30:00,277.104166666668,-23.3756597943787,0.123195719197745,0.123183667357523
2017-12-03 03:00:00,277.125,-23.1969086319797,0.151929190699356,0.151917142124328
2017-12-03 03:30:00,277.145833333332,-23.2291681463127,0.147048437081552,0.147036391773093
2017-12-03 04:00:00,277.166666666668,-22.9723654634518,0.188215424485908,0.188203382445395
2017-12-03 04:30:00,277.1875,-23.4086301775148,0.118976206694398,0.118964167923209
2017-12-03 05:00:00,277.208333333332,-23.3625939385787,0.126567801749409,0.126555766248918
2017-12-03 05:30:00,277.229166666668,-23.7083687230088,0.0717435471317608,0.0717315149033443
2017-12-03 06:00:00,277.25,-23.743071380102,0.0664732310042579,0.0664612020492908
2017-12-03 06:30:00,277.270833333332,-23.5691533846608,0.0944362601847784,0.0944242345046353
2017-12-03 07:00:00,277.291666666668,-23.4655858626263,0.111192334921719,0.111180312517773
2017-12-03 07:30:00,277.3125,-23.3625917171598,0.127856996571939,0.127844977445564
2017-12-03 08:00:00,277.333333333332,-23.2114847949495,0.152185984116762,0.152173968269332
2017-12-03 08:30:00,277.354166666668,-23.4700294356932,0.111257111085339,0.111245098518226
2017-12-03 09:00:00,277.375,-23.2909495252525,0.140042067900763,0.140030058615339
2017-12-03 09:30:00,277.395833333332,-23.7276253244838,0.0707366262171775,0.0707246202148147
2017-12-03 10:00:00,277.416666666668,-23.7465706272727,0.067975877177626,0.0679638744596957
2017-12-03 10:30:00,277.4375,-23.793186383432,0.0608071311548747,0.0607951317227472
2017-12-03 11:00:00,277.458333333332,-23.8269596808081,0.055684123973104,0.0556721278281503
2017-12-03 11:30:00,277.479166666668,-23.9868967675516,0.0304630609334424,0.0304510680770325
2017-12-03 12:00:00,277.5,-23.9334545984848,0.039233391741305,0.0392214021748075
2017-12-03 13:00:00,277.541666666668,-23.9541275821958,0.0364538584421291,0.0364418754595649
2017-12-03 13:30:00,277.5625,-23.8236666227273,0.0574931151426546,0.0574811354541087
2017-12-03 14:00:00,277.583333333332,-24.885474939233,-0.111397050047918,-0.111409026441077
2017-12-03 14:30:00,277.604166666668,-24.5761363080808,-0.0618626008890787,-0.0618745739854841
2017-12-03 15:00:00,277.625,-24.9190088881657,-0.116225938042401,-0.116237907840686
2017-12-03 15:30:00,277.645833333332,-24.6430656075758,-0.0720115406935693,-0.0720235071923677
2017-12-03 16:00:00,277.666666666668,-24.7903214902655,-0.0952131468280923,-0.0952251100260381
2017-12-03 16:30:00,277.6875,-24.7639949691919,-0.0907630263815301,-0.0907749862772582
2017-12-03 17:00:00,277.708333333332,-24.7073274433628,-0.0814796366106928,-0.0814915932028378
2017-12-03 17:30:00,277.729166666668,-24.7295909479798,-0.084770090843126,-0.0847820441303234
2017-12-03 18:00:00,277.75,-24.3874572091445,-0.0300118782718912,-0.0300238282527769
2017-12-03 18:30:00,277.770833333332,-24.2932626338384,-0.0147506261450422,-0.0147625728182533
2017-12-03 19:00:00,277.791666666668,-24.1255604669617,0.0122203633018615,0.0122084199376888
2017-12-03 19:30:00,277.8125,-23.950020264467,0.0404398828444134,0.0404279427906418
2017-12-03 20:00:00,277.833333333332,-23.4371416492625,0.122397577985615,0.122385641243606
2017-12-03 20:30:00,277.854166666668,-23.150984870202,0.168238247965932,0.168226314537048
2017-12-03 21:00:00,277.875,-22.2637226946903,0.309835362480443,0.309823432366045
2017-12-03 21:30:00,277.895833333332,-22.0720303025253,0.340627638734598,0.340615711936046
2017-12-03 22:00:00,277.916666666668,-22.2304778516224,0.31564229738818,0.315630373906836
2017-12-03 22:30:00,277.9375,-21.9989495292929,0.352780316265536,0.352768396102759
2017-12-03 23:00:00,277.958333333332,-22.2745427566372,0.309133435075833,0.309121518232983
2017-12-03 23:30:00,277.979166666668,-22.0602727080808,0.343522048958033,0.343510135436468
2017-12-04,278,-21.7739970418879,0.389381134311626,0.389369224112706
2017-12-04 00:30:00,278.020833333332,-21.6756734346939,0.405299247446984,0.405287340572066
2017-12-04 01:00:00,278.041666666668,-21.7457100668639,0.394397379199853,0.394385475650294
2017-12-04 01:30:00,278.0625,-21.5337929575758,0.428410868482332,0.428398968259492
2017-12-04 02:00:00,278.083333333332,-21.9581035298817,0.361072758425856,0.361060861531088
2017-12-04 02:30:00,278.104166666668,-21.593954570202,0.419336740220042,0.419324846654704
2017-12-04 03:00:00,278.125,-22.0356695979351,0.349225937868785,0.349214047634234
2017-12-04 03:30:00,278.145833333332,-21.9203989818182,0.367843271508762,0.367831384606351
2017-12-04 04:00:00,278.166666666668,-22.0740296721068,0.343624359742705,0.343612476173791
2017-12-04 04:30:00,278.1875,-22.1795583568528,0.327068056665702,0.327056176431638
2017-12-04 05:00:00,278.208333333332,-22.0440384292899,0.348910894585071,0.348899017687212
2017-12-04 05:30:00,278.229166666668,-21.980080379397,0.359353799019312,0.359341925459011
2017-12-04 06:00:00,278.25,-21.8728849150442,0.376684379209019,0.376672508987629
2017-12-04 06:30:00,278.270833333332,-21.6755125301508,0.408380131983855,0.408368265102728
2017-12-04 07:00:00,278.291666666668,-21.9479999949555,0.365226799603098,0.365214936063587
2017-12-04 07:30:00,278.3125,-21.7976582854271,0.38943038148882,0.389418521292276
2017-12-04 08:00:00,278.333333333332,-22.5958048252252,0.262539032059235,0.26252717520701
2017-12-04 08:30:00,278.354166666668,-22.4354220934673,0.288342005136601,0.288330151630045
2017-12-04 09:00:00,278.375,-22.3947721745562,0.295071380103575,0.295059529944038
2017-12-04 09:30:00,278.395833333332,-22.3019447316583,0.310112596434508,0.310100749623341
2017-12-04 10:00:00,278.416666666668,-22.7328702253687,0.241719520157136,0.241707676695688
2017-12-04 10:30:00,278.4375,-22.5841010505051,0.265672143281633,0.265660303171251
2017-12-04 11:00:00,278.458333333332,-22.7654209092537,0.237041271874658,0.237029435116693
2017-12-04 11:30:00,278.479166666668,-22.5667286964824,0.268946519398294,0.268934685994093
2017-12-04 12:30:00,278.520833333332,-23.3867887113095,0.138817018092342,0.138805191399711
2017-12-04 13:00:00,278.541666666668,-23.291505041,0.154248983838397,0.15423716050357
2017-12-04 13:30:00,278.5625,-23.5630206348083,0.111249488937462,0.111237668961786
2017-12-04 14:00:00,278.583333333332,-23.322234937,0.1498598801017,0.149848063486522
2017-12-20 11:30:00,294.479166666668,-28.179175371869,-0.455124694654276,-0.455133591561874
2017-12-20 12:00:00,294.5,-28.233449945,-0.463584215275729,-0.463593107941168
2017-12-20 13:00:00,294.541666666668,-29.0099614620424,-0.586910431940977,-0.586919316119252
2017-12-20 13:30:00,294.5625,-28.8853530823529,-0.566874062816849,-0.566882942750121
2017-12-20 14:00:00,294.583333333332,-29.4643938428571,-0.65892960209987,-0.658938477787192
2017-12-20 14:30:00,294.604166666668,-29.3902940176471,-0.646939476898098,-0.646948348338522
2017-12-20 15:00:00,294.625,-30.9941676504817,-0.902251820248976,-0.902260687441555
2017-12-20 15:30:00,294.645833333332,-30.8905883176471,-0.88556578361132,-0.885574646555111
2017-12-20 16:00:00,294.666666666668,-31.8085193140927,-1.03160717004508,-1.03161602873914
2017-12-20 16:30:00,294.6875,-31.3542354882353,-0.959053852341488,-0.959062706784865
2017-12-20 17:00:00,294.708333333332,-30.989862965251,-0.900823567118148,-0.900832417309902
2017-12-20 17:30:00,294.729166666668,-30.2376473294118,-0.780809694564151,-0.780818540503339
2017-12-20 18:00:00,294.75,-32.1291276762089,-1.08193857899019,-1.08194742067587
2017-12-20 18:30:00,294.770833333332,-31.8217058823529,-1.03278087879981,-1.03278971623104
2017-12-20 19:00:00,294.791666666668,-31.4212934277992,-0.968809797683829,-0.968818630859665
2017-12-20 19:30:00,294.8125,-30.4327646235294,-0.81115145958251,-0.811160288502013
2017-12-20 20:00:00,294.833333333332,-31.4145009711799,-0.967357865981093,-0.967366690643322
2017-12-20 20:30:00,294.854166666668,-31.4823527705882,-0.977981908618503,-0.977990729022518
2017-12-20 21:00:00,294.875,-31.1079286695568,-0.918151182130767,-0.918159998275629
2017-12-20 21:30:00,294.895833333332,-30.4659999529412,-0.815706877112716,-0.815715688997485
2017-12-20 22:00:00,294.916666666668,-32.1912991988417,-1.09036377609166,-1.0903725837154
2017-12-20 22:30:00,294.9375,-32.0625622375,-1.06967148028151,-1.06968028364328
2017-12-20 23:00:00,294.958333333332,-31.8923436606178,-1.04237123143776,-1.04238003053663
2017-12-20 23:30:00,294.979166666668,-31.2554707294118,-0.940732708462149,-0.940741503297175
2017-12-21,295,-32.6249576710983,-1.15870884502029,-1.15871763559054
2017-12-21 00:30:00,295.020833333332,-32.6345883588235,-1.16005900658848,-1.16006779289302
2017-12-21 01:00:00,295.041666666668,-32.634510571869,-1.15986269926205,-1.15987148129993
2017-12-21 01:30:00,295.0625,-32.2246468529412,-1.09438729821748,-1.09439607598778
2017-12-21 02:00:00,295.083333333332,-33.1297707961464,-1.23839046956386,-1.23839924306565
2017-12-21 02:30:00,295.104166666668,-32.9591760176471,-1.2110309779512,-1.21103974718355
2017-12-21 03:00:00,295.125,-33.4466358647399,-1.28850015660321,-1.28850892156517
2017-12-21 03:30:00,295.145833333332,-32.6996471235294,-1.16932089116376,-1.16932965185441
2017-12-21 04:00:00,295.166666666668,-32.0760924961464,-1.06980486646545,-1.06981362288385
2017-12-21 04:30:00,295.1875,-31.9601765764706,-1.05115614889419,-1.05116490103942
2017-12-21 05:00:00,295.208333333332,-32.8590635834297,-1.19416636097441,-1.19417510884554
2017-12-21 05:30:00,295.229166666668,-32.7586472470588,-1.17798693461903,-1.17799567821512
2017-12-21 06:00:00,295.25,-32.3894816861272,-1.11899566303446,-1.11900440235459
2017-12-21 06:30:00,295.270833333332,-31.9480001705882,-1.04848450652133,-1.04849324156457
2017-12-21 07:00:00,295.291666666668,-32.5065857585742,-1.13728485260164,-1.13729358336706
2017-12-21 07:30:00,295.3125,-31.9936470764706,-1.05539071509739,-1.05539944158406
2017-12-21 08:00:00,295.333333333332,-32.2510231483622,-1.09620836676949,-1.09621708897649
2017-12-21 08:30:00,295.354166666668,-31.8704706,-1.0354036317754,-1.03541234970179
2017-12-21 09:00:00,295.375,-31.7451888412331,-1.0152638144188,-1.01527252806367
2017-12-21 09:30:00,295.395833333332,-31.1192352058824,-0.915366707794784,-0.915375417157203
2017-12-21 10:00:00,295.416666666668,-33.3565491023121,-1.27159026359156,-1.27159896867061
2017-12-21 10:30:00,295.4375,-33.1514706411765,-1.23873906996996,-1.2387477707647
2017-12-21 11:00:00,295.458333333332,-33.7071252352601,-1.32707329420266,-1.32708199071218
2017-12-21 11:30:00,295.479166666668,-33.1855293705882,-1.24380084909115,-1.24380954131452
2017-12-21 12:30:00,295.520833333332,-34.0099460924855,-1.37476761551611,-1.37477629916442
2017-12-21 13:00:00,295.541666666668,-33.6664443555556,-1.31986598801795,-1.31987466737736
2017-12-21 13:30:00,295.5625,-35.7174517716216,-1.64641147838293,-1.6464201534525
2017-12-21 14:00:00,295.583333333332,-35.9036666055556,-1.67589427647896,-1.67590294725779
2017-12-21 14:30:00,295.604166666668,-35.7879593825919,-1.6572807738456,-1.65728944033275
2017-12-21 15:00:00,295.625,-35.36200015,-1.58924400308347,-1.58925266527804
2017-12-21 15:30:00,295.645833333332,-36.9816177249035,-1.8470691782878,-1.84707783618886
2017-12-21 16:00:00,295.666666666668,-37.1520553166667,-1.87403904533731,-1.87404769894395
2017-12-21 16:30:00,295.6875,-37.7513358210425,-1.96932399360695,-1.96933264291825
2017-12-21 17:00:00,295.708333333332,-37.8291668444444,-1.98154176573091,-1.98155041074594
2017-12-21 17:30:00,295.729166666668,-36.5069498776493,-1.77073099135577,-1.77073963207363
2017-12-21 18:00:00,295.75,-35.9067225888889,-1.67493378748829,-1.67494242390807
2017-12-21 18:30:00,295.770833333332,-36.5195587019268,-1.77237854927444,-1.77238718139521
2017-12-21 19:00:00,295.791666666668,-36.1794446277778,-1.71801776415202,-1.71802639197287
2017-12-21 19:30:00,295.8125,-36.2792779793436,-1.73374101726122,-1.73374964078124
2017-12-21 20:00:00,295.833333333332,-34.9072223277778,-1.51499139928805,-1.51500001850632
2017-12-21 20:30:00,295.854166666668,-35.2546781853565,-1.5701612924752,-1.57016990739082
2017-12-21 21:00:00,295.875,-33.3724447833333,-1.27014019223709,-1.27014880284914
2017-12-21 21:30:00,295.895833333332,-35.3839902655106,-1.59040094981011,-1.59040955611767
2017-12-21 22:00:00,295.916666666668,-33.3110557111111,-1.2600012177755,-1.26000981977768
2017-12-21 22:30:00,295.9375,-34.5373487439306,-1.45517089711534,-1.45517949481121
2017-12-21 23:00:00,295.958333333332,-33.1744999222222,-1.23788852788109,-1.23789712126975
2017-12-21 23:30:00,295.979166666668,-35.2787355111969,-1.57291528199764,-1.57292387107818
2017-12-22 00:30:00,296.020833333332,-34.8003544431599,-1.49635017557843,-1.49635875604001
2017-12-22 01:00:00,296.041666666668,-33.6460556555556,-1.31229037237869,-1.31229894852943
2017-12-22 01:30:00,296.0625,-33.3216358828516,-1.26043098849413,-1.26043956033311
2017-12-22 02:00:00,296.083333333332,-32.5792773555556,-1.14199376156161,-1.14200232908794
2017-12-22 02:30:00,296.104166666668,-33.6696242791907,-1.31550792188191,-1.31551648509467
2017-12-22 03:00:00,296.125,-33.1431111333333,-1.23145521697258,-1.23146377587088
2017-12-22 03:30:00,296.145833333332,-33.5955066882466,-1.30334346692772,-1.30335202151064
2017-12-22 04:00:00,296.166666666668,-33.1004443666667,-1.22430109940681,-1.22430964967346
2017-12-22 04:30:00,296.1875,-35.6790018986513,-1.63488867034259,-1.63489721629207
2017-12-22 05:00:00,296.208333333332,-35.53727765,-1.61213350903642,-1.61214205066782
2017-12-22 05:30:00,296.229166666668,-35.8154991096712,-1.65627609854739,-1.6562846358598
2017-12-22 06:00:00,296.25,-35.6938328333333,-1.63671638535331,-1.63672491834584
2017-12-22 06:30:00,296.270833333332,-35.8193276096339,-1.65652970389759,-1.65653823256933
2017-12-22 07:00:00,296.291666666668,-35.8253339222222,-1.65730852423607,-1.65731704858612
2017-12-22 07:30:00,296.3125,-35.6924419385659,-1.63596084619873,-1.63596936622619
2017-12-22 08:00:00,296.333333333332,-35.4502226444444,-1.59719734897478,-1.59720586467876
2017-12-22 08:30:00,296.354166666668,-35.268413023166,-1.56805725532412,-1.56806576670372
2017-12-22 09:00:00,296.375,-35.2230555166667,-1.56065418061087,-1.56066268766519
2017-12-22 09:30:00,296.395833333332,-32.3265009716763,-1.09905347973097,-1.09906198245911
2017-12-22 10:00:00,296.416666666668,-32.1752221888889,-1.074777269166,-1.07478576756707
2017-12-22 10:30:00,296.4375,-32.2814489410405,-1.09152197394441,-1.0915304680175
2017-12-22 11:00:00,296.458333333332,-32.2205553055556,-1.0816443811797,-1.08165287092393
2017-12-22 12:00:00,296.5,-31.9388670657033,-1.03641715603187,-1.03642563711567
2017-12-22 12:30:00,296.520833333332,-31.9188888388889,-1.03305771614421,-1.03306619289646
2017-12-22 13:00:00,296.541666666668,-31.7036004167641,-0.998585322296916,-0.998593794716719
2017-12-22 13:30:00,296.5625,-31.70050005,-0.997914737047882,-0.997923205134346
2017-12-22 14:00:00,296.583333333332,-31.6847437179191,-0.995228147249493,-0.995236611001727
2017-12-22 14:30:00,296.604166666668,-31.7909442055556,-1.01196946577625,-1.01197792519336
2017-12-22 15:00:00,296.625,-31.7411388078998,-1.00385903510722,-1.00386749018832
2017-12-22 15:30:00,296.645833333332,-31.6854997277778,-0.994819394490076,-0.994827845234271
2017-12-22 16:00:00,296.666666666668,-31.9892254385356,-1.04302692172673,-1.04303536813313
2017-12-22 16:30:00,296.6875,-32.2182224166667,-1.07933020833665,-1.07933865040437
2017-12-22 17:00:00,296.708333333332,-32.0451078560694,-1.05157693937861,-1.05158537710676
2017-12-22 17:30:00,296.729166666668,-32.0126112777778,-1.04622431541705,-1.04623274880474
2017-12-22 18:00:00,296.75,-31.8480848308285,-1.0198393389786,-1.01984776802494
2017-12-22 18:30:00,296.770833333332,-31.8746666444444,-1.02389814498944,-1.02390656969354
2017-12-22 19:00:00,296.791666666668,-30.0370385252408,-0.730987076510222,-0.730995496871201
2017-12-22 19:30:00,296.8125,-29.8268335111111,-0.697325771663838,-0.69733418768081
2017-12-22 20:00:00,296.833333333332,-29.6856416217726,-0.674658406954778,-0.674666818626857
2017-12-22 20:30:00,296.854166666668,-29.5007778722222,-0.645034183768418,-0.645042591094719
2017-12-22 21:00:00,296.875,-28.4833738163777,-0.482785794931296,-0.482794197910935
2017-12-22 21:30:00,296.895833333332,-28.2915556111111,-0.45205392217289,-0.452062320804983
2017-12-22 22:00:00,296.916666666668,-27.6852485545279,-0.35529377933118,-0.355302173614845
2017-12-22 22:30:00,296.9375,-27.5125002222222,-0.327599951246024,-0.327608341180378
2017-12-22 23:00:00,296.958333333332,-26.6790674075145,-0.194658713156104,-0.194667098740266
2017-12-22 23:30:00,296.979166666668,-26.4701111166667,-0.161197131773177,-0.161205513006265
2017-12-23,297,-25.7314603669246,-0.0433549447821662,-0.0433633216632989
2017-12-23 00:30:00,297.020833333332,-25.7289998833333,-0.0427884935218957,-0.0427968660501935
2017-12-23 01:00:00,297.041666666668,-25.2074023622824,0.0404767585227702,0.0404683903481872
2017-12-23 01:30:00,297.0625,-25.1212779222222,0.0543707372841563,0.0543623734641669
2017-12-23 02:00:00,297.083333333332,-24.6333262777992,0.13227597654185,0.132267617077332
2017-12-23 02:30:00,297.104166666668,-24.4117219777778,0.167751793169639,0.167743438061471
2017-12-23 03:00:00,297.125,-23.9230867156069,0.245765732537439,0.245757381786498
2017-12-23 03:30:00,297.145833333332,-23.8513331833333,0.257370014047505,0.257361667654667
2017-12-23 04:00:00,297.166666666668,-23.8653545310212,0.255310195485382,0.255301853451524
2017-12-23 04:30:00,297.1875,-23.8711663444444,0.25455806117739,0.254549723503387
2017-12-23 05:00:00,297.208333333332,-23.6517857403475,0.289679139462521,0.289670806149248
2017-12-23 05:30:00,297.229166666668,-23.5207778166667,0.310722286139845,0.310713957188176
2017-12-23 06:00:00,297.25,-23.6836833928571,0.284944701765874,0.284936377176684
2017-12-23 06:30:00,297.270833333332,-23.61950005,0.295342443966902,0.295334123741063
2017-12-23 07:00:00,297.291666666668,-23.3429344606936,0.339572729266289,0.339564413404673
2017-12-23 07:30:00,297.3125,-23.2750554722222,0.350558989368411,0.350550677871892
2017-12-23 08:00:00,297.333333333332,-23.0414623005803,0.3879435366946,0.387935229564048
2017-12-23 08:30:00,297.354166666668,-23.0664442888889,0.384136775661156,0.384128472897442
2017-12-23 09:00:00,297.375,-23.0669537579961,0.384228403804113,0.384220105408107
2017-12-23 09:30:00,297.395833333332,-23.1266109666667,0.374897654124059,0.374889360096631
2017-12-23 10:00:00,297.416666666668,-22.7021996300388,0.442679268966433,0.442670979308453
2017-12-23 10:30:00,297.4375,-22.7386113333333,0.437051343552218,0.437043058264554
2017-12-23 11:30:00,297.479166666668,-22.1442427836223,0.532079345996256,0.532071069451826
2017-12-23 12:00:00,297.5,-22.1203686473684,0.536054695709201,0.536046423537688
2017-12-23 12:30:00,297.520833333332,-21.84709073861,0.579760143833665,0.579751876035936
2017-12-23 13:00:00,297.541666666668,-21.6971578157895,0.603816546756903,0.603808283333824
2017-12-23 13:30:00,297.5625,-21.8325240919075,0.582424482591346,0.582416223543781
2017-12-23 14:00:00,297.583333333332,-21.7594208947368,0.594241653653956,0.59423339898277
2017-12-23 14:30:00,297.604166666668,-21.5672967597303,0.625018844304077,0.625010594010134
2017-12-23 15:00:00,297.625,-21.5307895263158,0.631006050439222,0.630997804523384
2017-12-23 15:30:00,297.645833333332,-21.0232215818882,0.712033463556953,0.712025222020084
2017-12-23 16:00:00,297.666666666668,-20.7794735473684,0.751034075567894,0.751025838410857
2017-12-23 16:30:00,297.6875,-20.629494165444,0.775097173260609,0.775088940484263
2017-12-23 17:00:00,297.708333333332,-20.5211051210526,0.792534799489883,0.792526571095091
2017-12-23 17:30:00,297.729166666668,-20.4316146196532,0.806961773320025,0.806953549307647
2017-12-23 18:00:00,297.75,-20.3214738631579,0.824678246526511,0.824670026897406
2017-12-23 18:30:00,297.770833333332,-19.7585491223507,0.914523430959648,0.914515215714676
2017-12-23 19:00:00,297.791666666668,-19.8222632263158,0.904544498555623,0.904536287695642
2017-12-23 19:30:00,297.8125,-19.3610963379576,0.978179382232059,0.978171175757927
2017-12-23 20:00:00,297.833333333332,-19.3166843157895,0.985424816801363,0.985416614713938
2017-12-23 20:30:00,297.854166666668,-19.2593812108333,0.994723708944212,0.99471551124435
2017-12-23 21:00:00,297.875,-19.2613682,0.99457754557522,0.994569352263778
2017-12-23 21:30:00,297.895833333332,-19.3096975042389,0.987048917128003,0.987040728205837
2017-12-23 22:00:00,297.916666666668,-19.1933684105263,1.00575038794915,1.00574220341711
2017-12-23 22:30:00,297.9375,-19.2451869082852,0.997665726074458,0.997657545933407
2017-12-23 23:00:00,297.958333333332,-19.3332630947368,0.983805087244968,0.983796911495757
2017-12-23 23:30:00,297.979166666668,-19.1741059755299,1.00932878942523,1.00932061806871
2017-12-24 00:30:00,298.020833333332,-18.9659190712909,1.04283252689332,1.04282436432474
2017-12-24 01:00:00,298.041666666668,-19.0497368263158,1.02964985407214,1.02964169589881
2017-12-24 01:30:00,298.0625,-19.0172023144509,1.0350020791686,1.03499392539137
2017-12-24 02:00:00,298.083333333332,-19.1502105210526,1.01398312954812,1.01397498016784
2017-12-24 02:30:00,298.104166666668,-19.5494470277457,0.95055372008503,0.950545575102552
2017-12-24 03:00:00,298.125,-19.4884212,0.96044432799739,0.960436187413561
2017-12-24 03:30:00,298.145833333332,-20.5504509044316,0.791431285653183,0.791423149468853
2017-12-24 04:00:00,298.166666666668,-20.5076844052632,0.798412966590352,0.798404834806368
2017-12-24 04:30:00,298.1875,-21.3392562421965,0.666111824298819,0.666103696916028
2017-12-24 05:00:00,298.208333333332,-21.5840002210526,0.627292677657007,0.627284554676258
2017-12-24 05:30:00,298.229166666668,-21.8712389271676,0.581703989077623,0.581695870499759
2017-12-24 06:00:00,298.25,-21.9340526263158,0.57186626294527,0.571858148771139
2017-12-24 06:30:00,298.270833333332,-23.6537514809249,0.298085445956265,0.298077336186712
2017-12-24 07:00:00,298.291666666668,-23.8138946631579,0.272742860471663,0.272734755107532
2017-12-24 07:30:00,298.3125,-23.9398574200385,0.252845139567042,0.252837038609178
2017-12-24 08:00:00,298.333333333332,-24.0702630947368,0.232239557053156,0.232231460502403
2017-12-24 08:30:00,298.354166666668,-24.0752986057803,0.231605429553084,0.231597337410282
2017-12-24 09:00:00,298.375,-24.1490524789474,0.220024316190684,0.220016228456677
2017-12-24 09:30:00,298.395833333332,-24.2330585589899,0.206809917256135,0.206801833931764
2017-12-24 10:00:00,298.416666666668,-24.1881053315789,0.214138726442814,0.21413064752892
2017-12-24 11:00:00,298.458333333332,-24.5675279044316,0.154031590097108,0.154023520006691
2017-12-24 11:30:00,298.479166666668,-24.501999945,0.164637663532547,0.164629597855126
2017-12-24 12:00:00,298.5,-25.1312045930502,0.0645722343336826,0.0645641730700978
2017-12-24 12:30:00,298.520833333332,-25.13884993,0.0635215457476404,0.0635134888987302
2017-12-24 13:00:00,298.541666666668,-24.9237148283237,0.0979598383955781,0.0979517859621784
2017-12-24 13:30:00,298.5625,-24.528850085,0.161029089532683,0.161021041515631
2017-12-24 14:00:00,298.583333333332,-24.2020924649326,0.213248725381218,0.213240681781352
2017-12-24 14:30:00,298.604166666668,-24.23010004,0.208953910220196,0.20894587103835
2017-12-24 15:00:00,298.625,-23.7724894142582,0.282018319550369,0.282010284787379
2017-12-24 15:30:00,298.645833333332,-23.68429994,0.29623357350852,0.29622554316522
2017-12-24 16:00:00,298.666666666668,-23.5948340009652,0.310652067248653,0.310644041325877
2017-12-24 16:30:00,298.6875,-23.319750025,0.354639544926224,0.354631523424807
2017-12-24 17:00:00,298.708333333332,-23.6898844055877,0.295843175312143,0.295835158232917
2017-12-24 17:30:00,298.729166666668,-23.50109969,0.32608291509618,0.326074902439975
2017-12-24 18:00:00,298.75,-22.7014200263969,0.453638554597668,0.453630546365319
2017-12-24 18:30:00,298.770833333332,-21.99834986,0.565804130080174,0.56579612627251
2017-12-24 19:00:00,298.791666666668,-22.3444999766409,0.510828062592093,0.510820063209944
2017-12-24 19:30:00,298.8125,-22.357999805,0.508843321625026,0.508835326669223
2017-12-24 20:00:00,298.833333333332,-22.0951177722008,0.550886306506871,0.550878315978244
2017-12-24 20:30:00,298.854166666668,-22.09640007,0.550847622588625,0.550839636488001
2017-12-24 21:00:00,298.875,-23.2161695219653,0.372633033545073,0.372625051873282
2017-12-24 21:30:00,298.895833333332,-23.21659994,0.372729850296963,0.372721873054831
2017-12-24 22:00:00,298.916666666668,-23.5902716986513,0.313368952541464,0.313360979729817
2017-12-24 22:30:00,298.9375,-23.53819981,0.321829219797363,0.32182125141703
2017-12-24 23:00:00,298.958333333332,-23.8488629455598,0.272505436214833,0.27249747226664
2017-12-24 23:30:00,298.979166666668,-23.70550022,0.295508194473304,0.295500234958073
2017-12-25,299,-23.9826724364162,0.251519333646537,0.251511378565095
2017-12-25 00:30:00,299.020833333332,-23.68850011,0.29854596445269,0.29853801380586
2017-12-25 01:00:00,299.041666666668,-24.1440732194605,0.226137509195169,0.226129562983775
2017-12-25 01:30:00,299.0625,-23.992549995,0.250439831397402,0.250431889622267
2017-12-25 02:00:00,299.083333333332,-24.5135568462428,0.167607529548408,0.167599592210354
2017-12-25 02:30:00,299.104166666668,-24.358049865,0.192544262245,0.192536329344847
2017-12-25 03:00:00,299.125,-23.7176107678227,0.294730925112814,0.294722996651386
2017-12-25 03:30:00,299.145833333332,-23.469250205,0.334459094817176,0.334451170795292
2017-12-25 04:00:00,299.166666666668,-22.9335587454721,0.419959179219243,0.419951259637722
2017-12-25 04:30:00,299.1875,-22.7947999,0.442227512050581,0.442219596910244
2017-12-25 05:00:00,299.208333333332,-22.5806551,0.476504778790251,0.476496868091916
2017-12-25 05:30:00,299.229166666668,-22.37535019,0.509373742195165,0.509365835939649
2017-12-25 06:00:00,299.25,-22.1998978907514,0.537487060812632,0.537479159000754
2017-12-25 06:30:00,299.270833333332,-22.21149998,0.535802379088481,0.535794481721058
2017-12-25 07:00:00,299.291666666668,-22.4525428,0.497567522390886,0.497559629468733
2017-12-25 07:30:00,299.3125,-22.480650045,0.49325335233259,0.493245463856524
2017-12-25 08:00:00,299.333333333332,-22.6029085830739,0.473940711360465,0.473932827331301
2017-12-25 08:30:00,299.354166666668,-22.435299775,0.500804043106081,0.500796163524633
2017-12-25 09:00:00,299.375,-22.9056842167641,0.42603449154734,0.426026616414423
2017-12-25 09:30:00,299.395833333332,-23.17384987,0.383478434800973,0.383470564117398
2017-12-25 10:30:00,299.4375,-23.8525259894027,0.275690382678905,0.275682520896456
2017-12-25 11:00:00,299.458333333332,-23.874850175,0.272296739158868,0.272288881828199
2017-12-25 11:30:00,299.479166666668,-24.2573861260618,0.211521001196963,0.211513148318885
2017-12-25 12:00:00,299.5,-24.235449785,0.215177885598724,0.215170037174047
2017-12-25 12:30:00,299.520833333332,-24.4787090716763,0.176588814156464,0.176580970185999
2017-12-25 13:00:00,299.541666666668,-24.42964993,0.184566174391061,0.184558334875617
2017-12-25 13:30:00,299.5625,-25.7469845623552,-0.0251240728942586,-0.0251319079538737
2017-12-25 14:00:00,299.583333333332,-25.850249965,-0.0414123271935535,-0.0414201577965312
2017-12-25 14:30:00,299.604166666668,-26.929485555106,-0.213173432712099,-0.213181258857631
2017-12-25 15:00:00,299.625,-27.166899865,-0.250831909654214,-0.250839731341495
2017-12-25 15:30:00,299.645833333332,-26.8841310075145,-0.205624939261377,-0.2056327564896
2017-12-25 16:00:00,299.666666666668,-26.85839987,-0.20136436432082,-0.201372177089179
2017-12-25 16:30:00,299.6875,-27.0081194788054,-0.225053321647635,-0.225061129955325
2017-12-25 17:00:00,299.708333333332,-27.11739998,-0.24230040325378,-0.242308207099998
2017-12-25 17:30:00,299.729166666668,-27.0570925084778,-0.23253210265716,-0.2325399020411
2017-12-25 18:00:00,299.75,-27.19685001,-0.254634398296797,-0.254642193217656
2017-12-25 18:30:00,299.770833333332,-30.2290828701349,-0.737510188643929,-0.737517979100905
2017-12-25 19:00:00,299.791666666668,-30.45420008,-0.773210553006347,-0.773218338998638
2017-12-25 19:30:00,299.8125,-30.8560617776062,-0.83706654369303,-0.837074325219834
2017-12-25 20:00:00,299.833333333332,-30.973700055,-0.855645643574235,-0.855653420634751
2017-12-25 20:30:00,299.854166666668,-31.4365818894027,-0.929222391966736,-0.929230164560163
2017-12-25 21:00:00,299.875,-31.560400015,-0.94878615243257,-0.948793920558109
2017-12-25 21:30:00,299.895833333332,-31.8522239102317,-0.995113455265832,-0.995121218922684
2017-12-25 22:00:00,299.916666666668,-31.54040031,-0.945279383924062,-0.945287143111429
2017-12-25 22:30:00,299.9375,-31.0400443608108,-0.865412077912648,-0.865419832629731
2017-12-25 23:00:00,299.958333333332,-30.73129987,-0.816068717416146,-0.816076467662147
2017-12-25 23:30:00,299.979166666668,-30.4900407093023,-0.77747592152033,-0.777483667294454
2017-12-26 00:30:00,300.020833333332,-29.8052023117534,-0.668060906962671,-0.668068643790651
2017-12-26 01:00:00,300.041666666668,-29.44674998,-0.610799465156565,-0.610807197510279
2017-12-26 01:30:00,300.0625,-29.3805856932563,-0.600099821162976,-0.600107549041631
2017-12-26 02:00:00,300.083333333332,-29.151749995,-0.563486608458708,-0.563494331861511
2017-12-26 02:30:00,300.104166666668,-29.9576551369942,-0.691708454455564,-0.69171617338172
2017-12-26 03:00:00,300.125,-29.701749995,-0.650783266861549,-0.650790981310266
2017-12-26 03:30:00,300.145833333332,-30.3454200464355,-0.753161153879946,-0.753168863850432
2017-12-26 04:00:00,300.166666666668,-30.067449955,-0.708721210995549,-0.708728916487013
2017-12-26 04:30:00,300.1875,-30.4809422310212,-0.774431820866902,-0.774439521878552
2017-12-26 05:00:00,300.208333333332,-30.165900025,-0.724086470641932,-0.724094167172979
2017-12-26 05:30:00,300.229166666668,-30.3473006011561,-0.752824913914997,-0.75283260596465
2017-12-26 06:00:00,300.25,-30.034899895,-0.702900563592735,-0.702908251160206
2017-12-26 06:30:00,300.270833333332,-31.2582447196532,-0.897621677364829,-0.897629360449329
2017-12-26 07:00:00,300.291666666668,-31.24940005,-0.89605422775023,-0.896061906350971
2017-12-26 07:30:00,300.3125,-32.2301290788054,-1.05212667907607,-1.05213435319227
2017-12-26 08:00:00,300.333333333332,-32.078349975,-1.0277898792075,-1.02779754883836
2017-12-26 08:30:00,300.354166666668,-32.721599260501,-1.13010177354747,-1.13010943869222
2017-12-26 09:00:00,300.375,-32.66310005,-1.12062473467153,-1.12063239532937
2017-12-26 10:00:00,300.416666666668,-33.5219229373796,-1.25711999978557,-1.25712765146725
2017-12-26 10:30:00,300.4375,-32.858899965,-1.15134220478958,-1.151349851982
2017-12-26 11:00:00,300.458333333332,-33.5852408296725,-1.26689116564871,-1.26689880835109
2017-12-26 11:30:00,300.479166666668,-33.08809967,-1.18753866949078,-1.18754630770234
2017-12-26 12:00:00,300.5,-33.8068728290944,-1.3018822970164,-1.30188993073635
2017-12-26 12:30:00,300.520833333332,-33.481600185,-1.24990878582288,-1.24991641505045
2017-12-26 13:00:00,300.541666666668,-33.9326377086705,-1.32160214295205,-1.32160976768645
2017-12-26 13:30:00,300.5625,-33.606600375,-1.26950702385669,-1.26951464409714
2017-12-26 14:00:00,300.583333333332,-33.6479036472062,-1.27592962966087,-1.27593724540659
2017-12-26 14:30:00,300.604166666668,-33.262550155,-1.21438561189734,-1.21439322314756
2017-12-26 15:00:00,300.625,-32.5925703884393,-1.10750052914923,-1.10750813590316
2017-12-26 15:30:00,300.645833333332,-32.372899725,-1.07235011226237,-1.07235771451925
2017-12-26 16:00:00,300.666666666668,-32.6684931938343,-1.11928174381844,-1.11928934157748
2017-12-26 16:30:00,300.6875,-32.36420021,-1.07065113875595,-1.07065873201637
2017-12-26 17:00:00,300.708333333332,-32.2292862419729,-1.04900283594968,-1.04901042471071
2017-12-26 17:30:00,300.729166666668,-32.32024994,-1.06333711077864,-1.0633446950395
2017-12-26 18:00:00,300.75,-32.0276474603083,-1.0165691234338,-1.01657670319371
2017-12-26 18:30:00,300.770833333332,-31.743649965,-0.971172020308365,-0.971179595566566
2017-12-26 19:00:00,300.791666666668,-31.6457407994197,-0.955419025167499,-0.955426595923211
2017-12-26 19:30:00,300.8125,-31.685349945,-0.961572899364725,-0.961580465617174
2017-12-26 20:00:00,300.833333333332,-31.8638610028958,-0.989854051572708,-0.989861613321123
2017-12-26 20:30:00,300.854166666668,-31.58600006,-0.945434922063366,-0.945442479306974
2017-12-26 21:00:00,300.875,-31.2675202289017,-0.894545278794434,-0.894552831532465
2017-12-26 21:30:00,300.895833333332,-30.938550085,-0.841984625377154,-0.841992173608836
2017-12-26 22:00:00,300.916666666668,-30.7556473990366,-0.812692726588684,-0.812700270313247
2017-12-26 22:30:00,300.9375,-30.615849975,-0.790267631046305,-0.790275170262981
2017-12-26 23:00:00,300.958333333332,-30.4532293184971,-0.764206882499757,-0.764214417207775
2017-12-26 23:30:00,300.979166666668,-30.307399835,-0.740821084069542,-0.740828614268136
2017-12-27,301,-31.9183958148649,-0.997298941679238,-0.997306467367639
2017-12-27 00:30:00,301.020833333332,-31.64855003,-0.954157466391905,-0.954164987569347
2017-12-27 01:00:00,301.041666666668,-31.7120986860735,-0.964126068110735,-0.964133584776451
2017-12-27 01:30:00,301.0625,-31.404349895,-0.914946825502118,-0.914954337655342
2017-12-27 02:00:00,301.083333333332,-31.8038902319846,-0.978439350787251,-0.978446858427218
2017-12-27 02:30:00,301.104166666668,-31.532749845,-0.935092061843757,-0.935099564969702
2017-12-27 03:00:00,301.125,-32.7484594552124,-1.12860114437125,-1.12860864298241
2017-12-27 03:30:00,301.145833333332,-32.17145004,-1.03652890946546,-1.03653640356107
2017-12-27 04:00:00,301.166666666668,-30.8857071626204,-0.831555032002486,-0.831562521581784
2017-12-27 04:30:00,301.1875,-30.781000045,-0.814721099507333,-0.814728584569557
2017-12-27 05:00:00,301.208333333332,-32.1586660368726,-1.03403036715169,-1.03403784769607
2017-12-27 05:30:00,301.229166666668,-31.66740008,-0.955617544294077,-0.955625020319869
2017-12-27 06:00:00,301.25,-32.7885683797688,-1.13406675529947,-1.13407422680591
2017-12-27 06:30:00,301.270833333332,-32.577400015,-1.10027388807421,-1.10028135506052
2017-12-27 07:00:00,301.291666666668,-32.5769402456647,-1.10004715523045,-1.10005461769589
2017-12-27 07:30:00,301.3125,-32.48029976,-1.08449887011723,-1.08450632806104
2017-12-27 08:00:00,301.333333333332,-32.5411155716763,-1.094033590284,-1.09404104370541
2017-12-27 08:30:00,301.354166666668,-32.08954983,-1.02194566746051,-1.02195311635877
2017-12-27 09:30:00,301.395833333332,-32.6962217727626,-1.11828290043535,-1.11829034028505
2017-12-27 10:00:00,301.416666666668,-32.5978181181818,-1.10245426441689,-1.10246169974116
2017-12-27 10:30:00,301.4375,-33.1074366444444,-1.18348410099838,-1.18349153179648
2017-12-27 11:00:00,301.458333333332,-33.1242274272727,-1.18600623058104,-1.18601365685221
2017-12-27 11:30:00,301.479166666668,-33.7993587553606,-1.29340258421237,-1.29341000595586
2017-12-27 12:00:00,301.5,-33.5834544818182,-1.25885643450916,-1.25886385172421
2017-12-27 12:30:00,301.520833333332,-34.3275972920233,-1.37724657607804,-1.37725398876391
2017-12-27 13:00:00,301.541666666668,-34.0071364318182,-1.32604469696088,-1.3260521051168
2017-12-27 13:30:00,301.5625,-34.168906544358,-1.3516626612189,-1.35167006484413
2017-12-27 14:00:00,301.583333333332,-34.2164549272727,-1.35908512715158,-1.35909252624537
2017-12-27 14:30:00,301.604166666668,-34.214196513035,-1.35857343955301,-1.3585808341146
2017-12-27 15:00:00,301.625,-34.0724093727273,-1.33583483104972,-1.33584222107837
2017-12-27 15:30:00,301.645833333332,-33.9709862801556,-1.31952634908203,-1.31953373457698
2017-12-27 16:00:00,301.666666666668,-34.0263186363636,-1.32818922703034,-1.32819660799086
2017-12-27 16:30:00,301.6875,-33.9784940552529,-1.32041923607209,-1.32042661249742
2017-12-27 17:00:00,301.708333333332,-33.6823636772727,-1.27309405917504,-1.27310143106444
2017-12-27 17:30:00,301.729166666668,-33.2100234044747,-1.19769862507604,-1.19770599242876
2017-12-27 18:00:00,301.75,-32.95177235,-1.15640786143045,-1.15641522424574
2017-12-27 18:30:00,301.770833333332,-34.2070251873541,-1.35621945432475,-1.35622681260186
2017-12-27 19:00:00,301.791666666668,-34.1900912227273,-1.35337088556556,-1.35337823930376
2017-12-27 19:30:00,301.8125,-33.9219319671206,-1.3105020534664,-1.31050940266493
2017-12-27 20:00:00,301.833333333332,-33.4399091681818,-1.23356471114602,-1.23357205580415
2017-12-27 20:30:00,301.854166666668,-33.5488947446394,-1.25077553044856,-1.25078287056553
2017-12-27 21:00:00,301.875,-33.4117724681818,-1.22878129800977,-1.22878863358486
2017-12-27 21:30:00,301.895833333332,-32.2605,-1.04523232042416,-1.04523965145661
2017-12-27 22:00:00,301.916666666668,-32.0732728863636,-1.01525656187459,-1.01526388836366
2017-12-27 22:30:00,301.9375,-31.749824990856,-0.963580840585503,-0.963588162530462
2017-12-27 23:00:00,301.958333333332,-31.6206364227273,-0.942850874144825,-0.942858191544928
2017-12-27 23:30:00,301.979166666668,-33.0472548322957,-1.16996217624615,-1.16996948910066
2017-12-28 00:30:00,302.020833333332,-33.2921479048638,-1.20867407333109,-1.20868137709219
2017-12-28 01:00:00,302.041666666668,-33.5225453863636,-1.24522684246046,-1.24523414167375
2017-12-28 01:30:00,302.0625,-33.7412276225681,-1.27991346991536,-1.27992076458011
2017-12-28 02:00:00,302.083333333332,-33.4197270727273,-1.22854869882408,-1.22855598893954
2017-12-28 02:30:00,302.104166666668,-34.138105192607,-1.34283744824057,-1.34284473380601
2017-12-28 03:00:00,302.125,-33.7930908227273,-1.28772711945546,-1.28773440047015
2017-12-28 03:30:00,302.145833333332,-34.0363366079767,-1.32632715910987,-1.32633443557308
2017-12-28 04:00:00,302.166666666668,-33.7412726681818,-1.2791741802506,-1.27918145216158
2017-12-28 04:30:00,302.1875,-34.6201674503891,-1.4190337701194,-1.41904103747742
2017-12-28 05:00:00,302.208333333332,-34.5140911363636,-1.40198686589269,-1.40199412869703
2017-12-28 05:30:00,302.229166666668,-35.2016770610895,-1.51137102888578,-1.51137828713569
2017-12-28 06:00:00,302.25,-35.0567271590909,-1.48813174518632,-1.48813899888108
2017-12-28 06:30:00,302.270833333332,-35.2611828523346,-1.52055312796253,-1.52056037710141
2017-12-28 07:00:00,302.291666666668,-34.9483639090909,-1.47057239697854,-1.4705796415608
2017-12-28 07:30:00,302.3125,-36.0536965317121,-1.6465043293675,-1.64651156939242
2017-12-28 08:00:00,302.333333333332,-36.0813636727273,-1.65076348594473,-1.65077072141157
2017-12-28 09:00:00,302.375,-36.2236342896887,-1.67313113601876,-1.67313836236728
2017-12-28 09:30:00,302.395833333332,-36.2639131869565,-1.67939967105682,-1.67940689284508
2017-12-28 10:00:00,302.416666666668,-37.1248774118677,-1.8164040708573,-1.81641128808457
2017-12-28 10:30:00,302.4375,-36.6746955478261,-1.74454206734247,-1.74454928000803
2017-12-28 11:00:00,302.458333333332,-39.1178128586745,-2.13358479560969,-2.13359200371281
2017-12-28 11:30:00,302.479166666668,-39.0053040826087,-2.11551456760343,-2.11552177114339
2017-12-28 12:00:00,302.5,-40.6460486171206,-2.37673895054132,-2.3767461495174
2017-12-28 12:30:00,302.520833333332,-40.2722171304348,-2.31704003935321,-2.31704723376469
2017-12-28 13:00:00,302.541666666668,-41.60853137,-2.52976867015853,-2.52977586000466
2017-12-28 13:30:00,302.5625,-41.7175657782609,-2.54699085253717,-2.54699803781725
2017-12-28 14:00:00,302.583333333332,-42.5450622634241,-2.67866466293638,-2.67867184364969
2017-12-28 14:30:00,302.604166666668,-42.3971300565217,-2.6549520914032,-2.65495926754901
2017-12-28 15:00:00,302.625,-43.0343781793372,-2.75631941327948,-2.75632658485707
2017-12-28 15:30:00,302.645833333332,-42.6813477217391,-2.69993475543528,-2.69994192244393
2017-12-28 16:00:00,302.666666666668,-43.9134241093385,-2.89605885659132,-2.89606601903031
2017-12-28 16:30:00,302.6875,-43.4839999956522,-2.82750484640611,-2.82751200427473
2017-12-28 17:00:00,302.708333333332,-44.4361438680934,-2.97903570955749,-2.97904286285501
2017-12-28 17:30:00,302.729166666668,-44.404999773913,-2.97392820283611,-2.97393535156182
2017-12-28 18:00:00,302.75,-44.7064416492218,-3.0218019846229,-3.02180912877608
2017-12-28 18:30:00,302.770833333332,-44.1881737043478,-2.93909551219707,-2.93910265177701
2017-12-28 19:00:00,302.791666666668,-44.283926105642,-2.95420302563825,-2.95421016064422
2017-12-28 19:30:00,302.8125,-44.0391737956522,-2.91506800119769,-2.91507513162898
2017-12-28 20:00:00,302.833333333332,-43.5441283589494,-2.83606120878252,-2.83606833463842
2017-12-28 20:30:00,302.854166666668,-42.4113912130435,-2.65546977738094,-2.65547689866073
2017-12-28 21:00:00,302.875,-42.8395193764591,-2.72352541117849,-2.72353252788146
2017-12-28 21:30:00,302.895833333332,-42.471347973913,-2.66473006110218,-2.66473717322762
2017-12-28 22:00:00,302.916666666668,-42.0709941428016,-2.60080813320537,-2.60081524075256
2017-12-28 22:30:00,302.9375,-41.3691737913043,-2.48886247924597,-2.48886958221421
2017-12-28 23:00:00,302.958333333332,-41.4846866542802,-2.50711869651368,-2.50712579490225
2017-12-28 23:30:00,302.979166666668,-40.9423912652174,-2.42058569525748,-2.42059278906566
2017-12-29,303,-40.5799065754864,-2.36269677302211,-2.36270386224921
2017-12-29 00:30:00,303.020833333332,-39.6166957391304,-2.20911185248398,-2.20911893712928
2017-12-29 01:00:00,303.041666666668,-40.4935194819066,-2.34864586147236,-2.34865294153515
2017-12-29 01:30:00,303.0625,-40.0349565521739,-2.27545192542433,-2.27545900090391
2017-12-29 02:00:00,303.083333333332,-40.1233867255859,-2.28939448779175,-2.2894015586874
2017-12-29 02:30:00,303.104166666668,-39.8692179086957,-2.24876089239355,-2.24876795870458
2017-12-29 03:00:00,303.125,-38.8878113342412,-2.09227790875584,-2.09228497048153
2017-12-29 03:30:00,303.145833333332,-38.7015652913043,-2.06246467227237,-2.06247172941202
2017-12-29 04:00:00,303.166666666668,-38.9549297462891,-2.10268180852932,-2.10268886108222
2017-12-29 04:30:00,303.1875,-38.6658701695652,-2.05649051520112,-2.05649756316657
2017-12-29 05:00:00,303.208333333332,-38.6827004935798,-2.05902780796059,-2.0590348513379
2017-12-29 05:30:00,303.229166666668,-37.9779998043478,-1.9466248010207,-1.94663183980915
2017-12-29 06:00:00,303.25,-38.6130644912109,-2.04764748224979,-2.04765451644868
2017-12-29 06:30:00,303.270833333332,-38.6030435869565,-2.04590767419036,-2.04591470379898
2017-12-29 07:00:00,303.291666666668,-37.9156225922179,-1.9362576540193,-1.93626467903696
2017-12-29 07:30:00,303.3125,-37.7269998695652,-1.90606666143829,-1.90607368186428
2017-12-29 08:30:00,303.354166666668,-37.5805029829746,-1.88244340584674,-1.88245041708731
2017-12-29 09:00:00,303.375,-37.5779565,-1.88189481052697,-1.88190181717378
2017-12-29 09:30:00,303.395833333332,-37.2944406432749,-1.83658769965729,-1.83659470170963
2017-12-29 10:00:00,303.416666666668,-37.5564348043478,-1.87818083094198,-1.87818782839916
2017-12-29 10:30:00,303.4375,-37.808879151462,-1.91825277654796,-1.91825976940929
2017-12-29 11:00:00,303.458333333332,-38.0175650217391,-1.95135407205103,-1.95136106031581
2017-12-29 11:30:00,303.479166666668,-37.5451755103314,-1.87595967909269,-1.87596666276021
2017-12-29 12:00:00,303.5,-37.5083482173913,-1.86995076535847,-1.86995774442805
2017-12-29 12:30:00,303.520833333332,-37.8534989360624,-1.92479132842243,-1.92479830289338
2017-12-29 13:00:00,303.541666666668,-37.6285214565217,-1.88881016869116,-1.88881713856278
2017-12-29 13:30:00,303.5625,-37.7882671109162,-1.91411578574245,-1.91412275101403
2017-12-29 14:00:00,303.583333333332,-37.6228261130435,-1.88761904334214,-1.88762600401301
2017-12-29 14:30:00,303.604166666668,-37.4569357270428,-1.86105081974702,-1.86105777581648
2017-12-29 15:00:00,303.625,-37.5634785608696,-1.87788150942789,-1.87788846089525
2017-12-29 15:30:00,303.645833333332,-37.1797432305447,-1.81661064389205,-1.81661759075662
2017-12-29 16:00:00,303.666666666668,-37.0756525826087,-1.79988748280788,-1.79989442506896
2017-12-29 16:30:00,303.6875,-36.7941089301556,-1.75489603802179,-1.75490297567869
2017-12-29 17:00:00,303.708333333332,-36.9319565826087,-1.77671403455529,-1.77672096760733
2017-12-29 17:30:00,303.729166666668,-37.1515330830739,-1.81155160174548,-1.81155853019197
2017-12-29 18:00:00,303.75,-37.1731366227273,-1.81485204158649,-1.81485896542674
2017-12-29 18:30:00,303.770833333332,-37.3503249737354,-1.84293735985923,-1.84294427909256
2017-12-29 19:00:00,303.791666666668,-37.2761305043478,-1.83097732201983,-1.83098423664554
2017-12-29 19:30:00,303.8125,-36.9910836196498,-1.78542845057998,-1.78543536059739
2017-12-29 20:00:00,303.833333333332,-36.9968696217391,-1.78620957269235,-1.78621647810077
2017-12-29 20:30:00,303.854166666668,-36.7618832589494,-1.74863559189284,-1.74864249269159
2017-12-29 21:00:00,303.875,-36.846652326087,-1.7619989864722,-1.76200588266059
2017-12-29 21:30:00,303.895833333332,-36.7275914535019,-1.7428922329026,-1.74289912447996
2017-12-29 22:00:00,303.916666666668,-36.9203915782609,-1.77346526599583,-1.77347215296147
2017-12-29 22:30:00,303.9375,-36.6035875044747,-1.7228580930356,-1.72286497538883
2017-12-29 23:00:00,303.958333333332,-36.6558257391304,-1.73103973049448,-1.73104660823463
2017-12-29 23:30:00,303.979166666668,-36.353669244358,-1.68276614128069,-1.68277301440707
2017-12-30 00:30:00,304.020833333332,-36.1772899159533,-1.65438942189134,-1.65439628578814
2017-12-30 01:00:00,304.041666666668,-36.3586520347826,-1.68314101440036,-1.68314787368135
2017-12-30 01:30:00,304.0625,-37.3872450758755,-1.84685720531932,-1.84686405998383
2017-12-30 02:00:00,304.083333333332,-37.1989090636364,-1.81671583547958,-1.81672268552691
2017-12-30 02:30:00,304.104166666668,-38.7453196465887,-2.06292094501246,-2.06292779044195
2017-12-30 03:00:00,304.125,-38.4706958304348,-2.01903408053941,-2.01904092135038
2017-12-30 03:30:00,304.145833333332,-38.6984027846304,-2.05516897387785,-2.05517581006963
2017-12-30 04:00:00,304.166666666668,-38.2221304826087,-1.9791595757695,-1.97916640734141
2017-12-30 04:30:00,304.1875,-38.6876354475634,-2.05317607645482,-2.05318290340618
2017-12-30 05:00:00,304.208333333332,-37.9545215086957,-1.93625183638988,-1.93625865872002
2017-12-30 05:30:00,304.229166666668,-37.8199218158203,-1.91467145061137,-1.91467826831961
2017-12-30 06:00:00,304.25,-37.2513475782609,-1.82395871695317,-1.82396553003884
2017-12-30 06:30:00,304.270833333332,-38.0837587947471,-1.95642407451561,-1.95643088297804
2017-12-30 07:00:00,304.291666666668,-37.8147825173913,-1.91343772449141,-1.91344452832993
2017-12-30 08:00:00,304.333333333332,-38.1695352287109,-1.96967393307325,-1.96968072766192
2017-12-30 08:30:00,304.354166666668,-38.0349583541667,-1.94809782580905,-1.9481046157718
2017-12-30 09:00:00,304.375,-38.1322695910156,-1.96346176771814,-1.96346855305429
2017-12-30 09:30:00,304.395833333332,-37.7987502458333,-1.91019419736874,-1.91020097807762
2017-12-30 10:00:00,304.416666666668,-37.4843015256809,-1.85996469856824,-1.85997147464918
2017-12-30 10:30:00,304.4375,-37.6079165166667,-1.87951916936898,-1.87952594082133
2017-12-30 11:00:00,304.458333333332,-37.8299531487329,-1.91475238531596,-1.91475915213903
2017-12-30 11:30:00,304.479166666668,-37.2831668833333,-1.82751167169273,-1.82751843388587
2017-12-30 12:00:00,304.5,-37.9368085712891,-1.93150009630363,-1.93150685386616
2017-12-30 12:30:00,304.520833333332,-38.0514167083333,-1.94962019849589,-1.94962695142716
2017-12-30 13:00:00,304.541666666668,-38.1212763001946,-1.96061193292178,-1.96061868122112
2017-12-30 13:30:00,304.5625,-37.9902494666667,-1.93960242370399,-1.93960916737073
2017-12-30 14:00:00,304.583333333332,-41.627961066537,-2.51895574760762,-2.51896248664109
2017-12-30 14:30:00,304.604166666668,-41.9281665625,-2.56664207164764,-2.56664880604719
2017-12-30 15:00:00,304.625,-40.2674241180934,-2.30194809499855,-2.30195482476352
2017-12-30 15:30:00,304.645833333332,-40.2103331833333,-2.29271705737202,-2.29272378250174
2017-12-30 16:00:00,304.666666666668,-39.3059026968872,-2.14850433120687,-2.14851105170068
2017-12-30 16:30:00,304.6875,-39.3602495125,-2.1570256219955,-2.15703233785274
2017-12-30 17:00:00,304.708333333332,-38.3774261309339,-2.00032506679812,-2.00033177801813
2017-12-30 17:30:00,304.729166666668,-38.3957502041667,-2.00310812419909,-2.0031148307812
2017-12-30 18:00:00,304.75,-37.9504299153696,-1.93203241103679,-1.93203911298036
2017-12-30 18:30:00,304.770833333332,-38.0427080916667,-1.94659662518992,-1.94660332249429
2017-12-30 19:00:00,304.791666666668,-37.8429299214008,-1.91463616229735,-1.91464285496185
2017-12-30 19:30:00,304.8125,-37.9755832333333,-1.93563237976486,-1.93563906778884
2017-12-30 20:00:00,304.833333333332,-37.6873269007782,-1.88957749778191,-1.88958418116471
2017-12-30 20:30:00,304.854166666668,-37.8977499083333,-1.92296269876184,-1.92296937750281
2017-12-30 21:00:00,304.875,-37.6927217881323,-1.89016634594207,-1.89017302004056
2017-12-30 21:30:00,304.895833333332,-37.9325419958333,-1.92823475740683,-1.92824142686217
2017-12-30 22:00:00,304.916666666668,-38.7416789935798,-2.05699584813955,-2.05700251295109
2017-12-30 22:30:00,304.9375,-39.206875325,-2.13096705273254,-2.13097371289964
2017-12-30 23:00:00,304.958333333332,-39.4194999332685,-2.16470350914416,-2.16471016466615
2017-12-30 23:30:00,304.979166666668,-39.7362085958333,-2.21502073760972,-2.21502738848597
2017-12-31,305,-40.0688267784047,-2.26787247182359,-2.26787911805343
2017-12-31 00:30:00,305.020833333332,-40.8598332375,-2.39374589391695,-2.39375253549973
2017-12-31 01:00:00,305.041666666668,-39.7794942,-2.22151274899271,-2.22151938592779
2017-12-31 01:30:00,305.0625,-40.27991645,-2.30109611469249,-2.30110274697921
2017-12-31 02:00:00,305.083333333332,-40.3101051033074,-2.30577104031543,-2.30577766795314
2017-12-31 02:30:00,305.104166666668,-40.782541275,-2.3808964195808,-2.38090304256886
2017-12-31 03:00:00,305.125,-40.6299163955253,-2.35644923466429,-2.35645585300205
2017-12-31 03:30:00,305.145833333332,-41.1388746916667,-2.43739283036143,-2.43739944404825
2017-12-31 04:00:00,305.166666666668,-40.9723644662768,-2.41073391586018,-2.4107405248954
2017-12-31 04:30:00,305.1875,-41.707749525,-2.52774767262044,-2.52775427700342
2017-12-31 05:00:00,305.208333333332,-41.4084014877193,-2.47992781576823,-2.47993441549832
2017-12-31 05:30:00,305.229166666668,-41.8413747166667,-2.54876736798295,-2.54877396305952
2017-12-31 06:00:00,305.25,-41.6842197766537,-2.52359918921761,-2.52360577964
2017-12-31 06:30:00,305.270833333332,-42.2106669708333,-2.60732942700486,-2.60733601277243
2017-12-31 07:30:00,305.3125,-41.4662976859922,-2.48848483935573,-2.48849141581174
2017-12-31 08:00:00,305.333333333332,-41.64608002,-2.51699144148466,-2.51699801328393
2017-12-31 08:30:00,305.354166666668,-41.7003637822957,-2.52550613959042,-2.52551270673231
2017-12-31 09:00:00,305.375,-41.999160156,-2.57297197957574,-2.57297854205959
2017-12-31 09:30:00,305.395833333332,-41.9763879760234,-2.56921182733026,-2.56921838515545
2017-12-31 10:00:00,305.416666666668,-42.340720072,-2.62711777105799,-2.62712432422388
2017-12-31 10:30:00,305.4375,-42.3728316477495,-2.63210085670607,-2.63210740521201
2017-12-31 11:00:00,305.458333333332,-42.698159944,-2.68379368368456,-2.68380022752992
2017-12-31 11:30:00,305.479166666668,-42.4996496823875,-2.65203876228925,-2.6520453014734
2017-12-31 12:00:00,305.5,-42.62087998,-2.67121884872125,-2.67122538324355
2017-12-31 12:30:00,305.520833333332,-42.563504862818,-2.66194707321198,-2.66195360307179
2017-12-31 13:00:00,305.541666666668,-42.810480192,-2.70115864958707,-2.70116517478374
2017-12-31 13:30:00,305.5625,-42.1114297753906,-2.58966775691888,-2.58967427745179
2017-12-31 14:00:00,305.583333333332,-42.435920108,-2.64122774535583,-2.64123426122435
2017-12-31 14:30:00,305.604166666668,-40.990693997271,-2.41087074804446,-2.41087725924795
2017-12-31 15:00:00,305.625,-40.994560092,-2.41135528295517,-2.411361789493
2017-12-31 15:30:00,305.645833333332,-41.1046894400391,-2.42876773842552,-2.42877424029706
2017-12-31 16:00:00,305.666666666668,-41.41059998,-2.47736838606378,-2.47737488326839
2017-12-31 17:30:00,305.729166666668,-41.6809043070922,-2.52003534906834,-2.52004183226839
2018-01-02 12:00:00,307.5,-41.0430259692308,-2.40770140735812,-2.40770749147171
2018-01-02 12:30:00,307.520833333332,-40.8248079654,-2.37281771553897,-2.37282379493189
2018-01-02 13:30:00,307.5625,-41.6101538820513,-2.49768139509044,-2.49768746504027
2018-01-02 14:00:00,307.583333333332,-41.3844647623742,-2.46160787875546,-2.46161394398287
2018-01-02 14:30:00,307.604166666668,-42.1635125,-2.58558977167631,-2.58559583218074
2018-01-02 15:00:00,307.625,-42.0061529227364,-2.56040142007282,-2.56040747585369
2018-01-05 00:30:00,310.020833333332,-37.935620139314,-1.89880090733203,-1.89880641623933
2018-01-05 01:00:00,310.041666666668,-38.261981415625,-1.9506824838653,-1.95068798798673
2018-01-05 01:30:00,310.0625,-38.5539394261214,-1.99708370719112,-1.99708920652617
2018-01-05 02:00:00,310.083333333332,-38.891531108125,-2.05075451863405,-2.05076001318222
2018-01-05 02:30:00,310.104166666668,-39.8206068358839,-2.19864927289699,-2.19865476265778
2018-01-05 03:00:00,310.125,-39.912381148125,-2.21316142498531,-2.21316690995823
2018-01-05 03:30:00,310.145833333332,-39.3757361139842,-2.12756603779582,-2.12757151798036
2018-01-05 04:00:00,310.166666666668,-39.501524995625,-2.14749695846453,-2.14750243386021
2018-01-05 04:30:00,310.1875,-39.6543297770449,-2.17173164297852,-2.17173711358483
2018-01-05 05:00:00,310.208333333332,-39.794337486875,-2.1939278565616,-2.19393332237804
2018-01-05 05:30:00,310.229166666668,-39.6823798720317,-2.17598592559868,-2.17599138662477
2018-01-05 06:00:00,310.25,-39.848006080625,-2.20226340781978,-2.20226886405501
2018-01-05 06:30:00,310.270833333332,-39.9640976915567,-2.22065010499478,-2.22065555643866
2018-01-05 07:00:00,310.291666666668,-40.1047825565217,-2.24295463688503,-2.24296008353706
2018-01-05 07:30:00,310.3125,-40.0559498031662,-2.235068988532,-2.2350744303917
2018-01-05 08:00:00,310.333333333332,-40.211583747205,-2.25975514298873,-2.25976058005561
2018-01-05 08:30:00,310.354166666668,-40.0971293496042,-2.2414161434279,-2.24142157570145
2018-01-05 09:00:00,310.375,-40.3405652503106,-2.28008943596793,-2.28009486344767
2018-01-05 09:30:00,310.395833333332,-40.9433667532982,-2.37601003759977,-2.3760154602852
2018-01-05 10:00:00,310.416666666668,-41.2133541695652,-2.41891322923887,-2.41891864712951
2018-01-05 10:30:00,310.4375,-41.334461683905,-2.43809985797808,-2.43810527107344
2018-01-05 11:00:00,310.458333333332,-41.6269131018634,-2.48458180489028,-2.48458721318986
2018-01-05 12:00:00,310.5,-41.4029407414948,-2.44869163761464,-2.44869703632123
2018-01-05 12:30:00,310.520833333332,-41.3892206668965,-2.44640058269614,-2.44640597660549
2018-01-05 13:00:00,310.541666666668,-41.0294085954315,-2.38897693729136,-2.38898232640299
2018-01-05 13:30:00,310.5625,-41.40368968,-2.44849496818445,-2.44850035249787
2018-01-05 14:00:00,310.583333333332,-41.3917486898477,-2.44648765853866,-2.44649303805339
2018-01-05 14:30:00,310.604166666668,-41.6334068813793,-2.48487899173685,-2.48488436645241
2018-01-05 15:00:00,310.625,-41.8858756634518,-2.52499257172372,-2.52499794163963
2018-01-05 15:30:00,310.645833333332,-41.9579722069444,-2.53637283721216,-2.53637820232792
2018-01-05 16:00:00,310.666666666668,-41.967637035533,-2.53780779791888,-2.53781315823402
2018-01-05 16:30:00,310.6875,-41.9606346372414,-2.5365877695034,-2.53659312501743
2018-01-05 17:00:00,310.708333333332,-42.1402944261421,-2.56510327294253,-2.56510862365498
2018-01-05 17:30:00,310.729166666668,-42.3669724289655,-2.60110892351651,-2.60111426942689
2018-01-05 18:00:00,310.75,-42.4153552862944,-2.60871214207187,-2.6087174831797
2018-01-05 18:30:00,310.770833333332,-42.3638275393103,-2.60039964204673,-2.60040497835153
2018-01-05 19:00:00,310.791666666668,-42.3044569126904,-2.59083787778821,-2.59084320928951
2018-01-05 19:30:00,310.8125,-42.3164134375,-2.59263869183425,-2.59264401853157
2018-01-07 04:30:00,312.1875,-43.1733536728205,-2.72254306813839,-2.72254807674733
2018-01-07 05:30:00,312.229166666668,-43.4965250289425,-2.77383195331325,-2.7738369522526
2018-01-07 06:30:00,312.270833333332,-43.3985353286245,-2.75803003321142,-2.75803502247943
2018-01-07 07:30:00,312.3125,-43.6921654737918,-2.80461388643124,-2.8046188660262
2018-01-07 08:30:00,312.354166666668,-43.6968513185874,-2.80516915829646,-2.80517412821662
2018-01-07 09:30:00,312.395833333332,-43.2423308244742,-2.73257298449478,-2.73257794473842
2018-01-07 11:00:00,312.458333333332,-43.9013922899628,-2.83727669372614,-2.83728163945178
2018-01-07 12:00:00,312.5,-44.5911279714286,-2.94696247751037,-2.94696741355522
2018-01-07 13:00:00,312.541666666668,-44.5873716849442,-2.94617494783922,-2.94617987420155
2018-01-07 14:00:00,312.583333333332,-44.7896988009294,-2.97821710416514,-2.97822202084327
2018-01-07 15:00:00,312.625,-45.1863302458256,-3.04121253174949,-3.04121743874172
2018-01-07 16:00:00,312.666666666668,-45.5669034979592,-3.10165033065853,-3.10165522796317
2018-01-07 17:00:00,312.708333333332,-45.3038478988868,-3.0595580466288,-3.05956293424416
2018-01-07 18:00:00,312.75,-45.3450074634508,-3.06592790866169,-3.06593278658609
2018-01-07 19:00:00,312.791666666668,-45.7932002040816,-3.1371388997082,-3.13714376793996
2018-01-07 20:00:00,312.833333333332,-43.7416840403346,-2.81014492925544,-2.8101497877929
2018-01-07 21:00:00,312.875,-41.8319684398887,-2.50574034325513,-2.50574519209662
2018-01-07 22:00:00,312.916666666668,-41.3866641922078,-2.43461798571792,-2.43462282486178
2018-01-07 23:00:00,312.958333333332,-40.6614508539889,-2.3189063636077,-2.31891119305227
2018-01-08,313,-40.4852378171004,-2.29065133549255,-2.29065615523619
2018-01-08 01:00:00,313.041666666668,-39.5236952115242,-2.13729319964448,-2.13729800968555
2018-01-08 02:00:00,313.083333333332,-38.7474205790654,-2.01344883816817,-2.01345363850502
2018-01-08 03:00:00,313.125,-37.9199256460967,-1.88144550017129,-1.88145029080229
2018-01-08 04:00:00,313.166666666668,-36.646460998513,-1.67839932198782,-1.67840410291133
2018-01-08 05:00:00,313.208333333332,-35.7153827669794,-1.52989599869519,-1.5299007699096
2018-01-08 06:00:00,313.25,-35.7279662303371,-1.53171911198474,-1.53172387348843
2018-01-08 07:00:00,313.291666666668,-35.4119887194757,-1.48120268161423,-1.48120743340558
2018-01-08 08:00:00,313.333333333332,-35.0017359662921,-1.41566859219111,-1.41567333426851
2018-01-08 09:00:00,313.375,-34.4395355685393,-1.32592958891653,-1.32593432127838
2018-01-08 10:30:00,313.4375,-33.8659424888683,-1.23428653660446,-1.23429125438998
2018-01-08 11:30:00,313.479166666668,-33.6926808269017,-1.2065068885646,-1.20651159663058
2018-01-08 12:30:00,313.520833333332,-33.3994694092764,-1.15961961356492,-1.15962431190978
2018-01-08 13:30:00,313.5625,-33.2520537784787,-1.13595816651999,-1.13596285514214
2018-01-09 14:00:00,314.583333333332,-30.1827547069182,-0.642797209517388,-0.64280165945325
2018-01-09 14:30:00,314.604166666668,-30.1647657915789,-0.639848304836897,-0.639852749892283
2018-01-09 15:30:00,314.645833333332,-31.694482737931,-0.883367135249295,-0.883371570542643
2018-01-09 22:00:00,314.916666666668,-33.0233877211503,-1.0939936794653,-1.09399805127043
2018-01-09 23:00:00,314.958333333332,-33.6973673627087,-1.20119637757221,-1.2012007396046
2018-01-10,315,-35.1916976050093,-1.43908197054917,-1.4390863228074
2018-01-10 01:00:00,315.041666666668,-35.5714489378479,-1.49941480477941,-1.49941914726209
2018-01-10 02:00:00,315.083333333332,-36.2949516180297,-1.61450793239571,-1.61451226510145
2018-01-10 03:00:00,315.125,-36.5505854821561,-1.65506968145763,-1.65507400438503
2018-01-10 04:00:00,315.166666666668,-36.3543463181481,-1.62364819249425,-1.62365250564193
2018-01-10 05:00:00,315.208333333332,-36.537467593692,-1.65265955099994,-1.65266385436652
2018-01-10 06:00:00,315.25,-36.2334517927778,-1.60407008354651,-1.6040743771306
2018-01-10 07:00:00,315.291666666668,-36.4175464399628,-1.6332374178016,-1.63324170160185
2018-01-10 08:00:00,315.333333333332,-36.3476653687732,-1.6219466972236,-1.62195097123864
2018-01-10 09:00:00,315.375,-36.9657759277778,-1.72025399366226,-1.72025825789072
2018-01-10 10:00:00,315.416666666668,-36.9944319910615,-1.72466122646167,-1.7246654809022
2018-01-10 11:00:00,315.458333333332,-37.0544786543599,-1.73406946311691,-1.73407370776816
2018-01-10 12:00:00,315.5,-37.1105073788889,-1.74283809817688,-1.7428423330375
2018-01-10 13:00:00,315.541666666668,-36.8069850642458,-1.69433045475948,-1.69433467982814
2018-01-10 14:00:00,315.583333333332,-37.1009758931227,-1.74100754117755,-1.74101175645291
2018-01-10 15:30:00,315.645833333332,-38.0111283239777,-1.88576254070599,-1.88576674128892
2018-01-10 16:30:00,315.6875,-38.2351970388476,-1.92130213245077,-1.92130632323709
2018-01-10 17:30:00,315.729166666668,-38.0258511173184,-1.88779892225484,-1.88780310324323
2018-01-10 18:30:00,315.770833333332,-37.5221952215613,-1.80741238228706,-1.80741655347621
2018-01-10 19:30:00,315.8125,-37.2258159239777,-1.76004561204973,-1.76004977343833
2018-01-10 20:30:00,315.854166666668,-37.1203810472119,-1.74309688409752,-1.74310103568427
2018-01-10 21:30:00,315.895833333332,-36.175498117658,-1.59242394113226,-1.59242808291587
2018-01-10 22:30:00,315.9375,-35.8283233425651,-1.53696679405634,-1.53697092603551
2018-01-10 23:30:00,315.979166666668,-35.9554219598513,-1.55706219714003,-1.55706631931348
2018-01-11 01:30:00,316.0625,-32.377856825,-0.986851899440166,-0.98685600199834
2018-01-11 02:30:00,316.104166666668,-29.7552805211832,-0.568923502601705,-0.56892759535033
2018-01-11 03:30:00,316.145833333332,-28.4555743587571,-0.36172972476732,-0.361733807705131
2018-01-11 04:30:00,316.1875,-25.9110957131332,0.0437567389522483,0.0437526658265117
2018-01-11 05:30:00,316.229166666668,-24.4116622863039,0.282766292221218,0.282762228908812
2018-01-11 06:30:00,316.270833333332,-23.6761645108411,0.400079889938982,0.400075836441156
2018-01-11 07:30:00,316.3125,-22.2712313774254,0.624034558118688,0.624030514436689
2018-01-11 08:30:00,316.354166666668,-21.2588726490637,0.785451382512312,0.785447348647379
2018-01-11 09:30:00,316.395833333332,-20.7648569315985,0.864295334257798,0.864291310211165
2018-01-11 10:30:00,316.4375,-20.3801415337058,0.925727206314722,0.92572319208762
2018-01-11 11:30:00,316.479166666668,-19.7165690216418,1.03158075518547,1.03157675077912
2018-01-11 12:30:00,316.520833333332,-19.3350707266294,1.09249921888296,1.09249522429859
2018-01-11 13:30:00,316.5625,-18.4419123320896,1.23492504117596,1.23492105641478
2018-01-11 15:00:00,316.625,-19.1365574278719,1.12448429434117,1.12448032431704
2018-01-11 16:00:00,316.666666666668,-18.5852827597378,1.21244664213409,1.21244268193617
2018-01-11 17:00:00,316.708333333332,-20.4095234395872,0.921987236263718,0.921983285893193
2018-01-11 18:00:00,316.75,-19.5998614391386,1.05110994835352,1.05110600781159
2018-01-11 19:00:00,316.791666666668,-18.5148273992495,1.22409916180658,1.22409523109443
2018-01-11 20:00:00,316.833333333332,-18.4640280981273,1.23233358092028,1.23232966003909
2018-01-11 21:00:00,316.875,-18.0979661605263,1.2907891018659,1.29078519081684
2018-01-11 22:00:00,316.916666666668,-18.5902265827715,1.21251279599798,1.21250889478223
2018-01-11 23:00:00,316.958333333332,-19.127330187242,1.1270924775614,1.12708858618012
2018-01-12,317,-19.383159161236,1.08647894709527,1.08647506554963
2018-01-12 01:00:00,317.041666666668,-19.7575928579737,1.02697113780103,1.02696726609218
2018-01-12 02:00:00,317.083333333332,-18.368295861985,1.24842642643145,1.24842256456053
2018-01-12 03:00:00,317.125,-20.2087790131086,0.955374967704575,0.955371115672751
2018-01-12 04:00:00,317.166666666668,-20.1640150472795,0.962644259976194,0.962640417784597
2018-01-12 05:00:00,317.208333333332,-19.4080412574109,1.0832093234328,1.08320549108256
2018-01-12 06:00:00,317.25,-16.8349400889513,1.49324361474606,1.49323979223832
2018-01-12 07:00:00,317.291666666668,-17.7305150314607,1.35071486065843,1.3507110479943
2018-01-12 08:00:00,317.333333333332,-18.3136804477444,1.25795270511508,1.25794890229569
2018-01-12 09:00:00,317.375,-16.2753183509363,1.58280129347795,1.58279750050441
2018-01-12 10:00:00,317.416666666668,-16.0691434016981,1.61578069755459,1.61577691442802
2018-01-12 11:00:00,317.458333333332,-15.5953684206767,1.6913885154802,1.69138474220169
2018-01-12 12:00:00,317.5,-14.2810730292135,1.90089137292177,1.90088760949243
2018-01-12 13:00:00,317.541666666668,-14.479893258427,1.86935336811584,1.86934961453676
2018-01-12 14:30:00,317.604166666668,-14.1189063533708,1.92705927224477,1.92705553344313
2018-01-12 15:30:00,317.645833333332,-13.4915467998127,2.02713114047544,2.02712741152677
2018-01-12 16:30:00,317.6875,-13.2798258674157,2.06099101651227,2.06098729741765
2018-01-12 17:30:00,317.729166666668,-12.772940059176,2.14187040530892,2.14186669606942
2018-01-13 17:00:00,318.708333333332,-20.5279216668203,0.909467633337162,0.909464155988926
2018-01-13 17:30:00,318.729166666668,-20.58705008,0.900108870891719,0.900105398483251
2018-01-13 18:30:00,318.770833333332,-22.849387769281,0.539837383958893,0.539833921430667
2018-01-13 19:00:00,318.791666666668,-22.7704804636364,0.552467461756786,0.552464004169033
2018-01-13 19:30:00,318.8125,-24.0735152663755,0.344953057985095,0.344949605338049
2018-01-13 20:00:00,318.833333333332,-23.7784674987013,0.392014233530799,0.392010785824694
2018-01-13 20:30:00,318.854166666668,-24.7042091566449,0.244602665017881,0.244599222252949
2018-01-13 21:00:00,318.875,-24.2279350467532,0.320533094044596,0.320529656221068
2018-01-13 21:30:00,318.895833333332,-25.5266950163399,0.113699209567341,0.113695776685449
2018-01-13 22:00:00,318.916666666668,-25.2168572207792,0.163115982412325,0.163112554472301
2018-01-13 22:30:00,318.9375,-26.5058843024017,-0.0421676784436035,-0.0421711014415309
2018-01-13 23:00:00,318.958333333332,-26.2518700909091,-0.00164387483471728,-0.00164729289031817
2018-01-13 23:30:00,318.979166666668,-26.9980326995643,-0.120449069626312,-0.120452482739358
2018-01-14,319,-26.8527501625,-0.0972465318869927,-0.0972499400572552
2018-01-14 00:30:00,319.020833333332,-27.7251939056645,-0.236168634095246,-0.236172037322498
2018-01-14 01:00:00,319.041666666668,-27.4001948402597,-0.184337357425986,-0.184340755709999
2018-01-14 01:30:00,319.0625,-27.9092265760349,-0.265367899635845,-0.265371292976395
2018-01-14 02:00:00,319.083333333332,-27.7365454350649,-0.237801209669761,-0.237804598066622
2018-01-14 02:30:00,319.104166666668,-28.2958976052288,-0.326848065544772,-0.326851448997718
2018-01-14 03:00:00,319.125,-27.8225195519481,-0.251380375088291,-0.251383753597098
2018-01-14 03:30:00,319.145833333332,-28.4498823546841,-0.351261605870631,-0.351264979435076
2018-01-14 04:00:00,319.166666666668,-28.0103635441558,-0.281187949533087,-0.281191318152947
2018-01-14 04:30:00,319.1875,-28.5222592867102,-0.362675427681456,-0.362678791356507
2018-01-14 05:00:00,319.208333333332,-27.9428051519481,-0.270310206775963,-0.270313565505986
2018-01-14 05:30:00,319.229166666668,-29.0038627392157,-0.439279791821753,-0.439283145606524
2018-01-14 06:00:00,319.25,-28.5517273142857,-0.36719676498763,-0.367200113826931
2018-01-14 06:30:00,319.270833333332,-29.263967219869,-0.480599676698076,-0.480603020591686
2018-01-14 07:00:00,319.291666666668,-28.8442078896104,-0.413674417522544,-0.413677756470244
2018-01-14 07:30:00,319.3125,-29.7084074302832,-0.551284840350765,-0.551288174352337
2018-01-14 08:00:00,319.333333333332,-29.258857161039,-0.479614095976331,-0.479617425031556
2018-01-14 08:30:00,319.354166666668,-30.2177864956427,-0.632315275357915,-0.632318599466577
2018-01-14 09:00:00,319.375,-29.891896061039,-0.580343863710269,-0.58034718287215
2018-01-14 09:30:00,319.395833333332,-30.135249478427,-0.61905352083435,-0.619056835049236
2018-01-14 10:00:00,319.416666666668,-29.7536882675325,-0.5582139474694,-0.558217256737074
2018-01-14 10:30:00,319.4375,-30.1497036956427,-0.621243004739052,-0.6212463090593
2018-01-14 11:00:00,319.458333333332,-29.8169870519481,-0.56818463859185,-0.568187937964458
2018-01-14 11:30:00,319.479166666668,-30.0656209148148,-0.607735939969853,-0.607739234394607
2018-01-14 12:00:00,319.5,-29.717571487013,-0.552235283144139,-0.552238572620827
2018-01-14 12:30:00,319.520833333332,-30.0510326877996,-0.605299872872615,-0.605303157401024
2018-01-14 13:00:00,319.541666666668,-29.701935161039,-0.549632485949308,-0.549635765529227
2018-01-14 13:30:00,319.5625,-29.9871917017429,-0.595018271708848,-0.595021546340066
2018-01-14 14:00:00,319.583333333332,-29.7712856597403,-0.560568616331967,-0.560571886014275
2018-01-14 14:30:00,319.604166666668,-30.2233420376906,-0.632525968220541,-0.632529232953729
2018-01-14 15:00:00,319.625,-29.7576364051948,-0.558283292440965,-0.558286552224823
2018-01-14 15:30:00,319.645833333332,-30.4758104348584,-0.672633609305381,-0.672636864139701
2018-01-14 16:00:00,319.666666666668,-29.8058440961039,-0.565852289952721,-0.565855539837296
2018-01-14 16:30:00,319.6875,-30.3519803699346,-0.652797102287972,-0.652800347222596
2018-01-14 17:00:00,319.708333333332,-29.4132986922078,-0.503209470339196,-0.503212710323661
2018-01-14 18:00:00,319.75,-29.6194510117647,-0.535940091809661,-0.535943321893192
2018-01-14 18:30:00,319.770833333332,-28.2936538807692,-0.324685040964687,-0.324688266097444
2018-01-14 19:00:00,319.791666666668,-29.2151132660131,-0.471419675570131,-0.47142289575191
2018-01-14 19:30:00,319.8125,-28.4131411,-0.343610548978288,-0.343613764208887
2018-01-14 20:00:00,319.833333333332,-29.3372837960699,-0.490772869929477,-0.490776080208693
2018-01-14 20:30:00,319.854166666668,-28.1614102333333,-0.303401216672586,-0.303404422000217
2018-01-14 21:00:00,319.875,-28.5254531309368,-0.36133947251532,-0.361342672891165
2018-01-14 21:30:00,319.895833333332,-27.4276282730769,-0.186401266775174,-0.186404462199032
2018-01-14 22:00:00,319.916666666668,-28.5110413616558,-0.358935941180216,-0.358939131651888
2018-01-14 22:30:00,319.9375,-27.6410129705128,-0.220286108457185,-0.220289293976471
2018-01-14 23:00:00,319.958333333332,-27.8587777801743,-0.254922626524517,-0.254925807091218
2018-01-14 23:30:00,319.979166666668,-27.1176025410256,-0.136799426104693,-0.136802601718612
2018-01-15,320,-28.5148627339869,-0.359330634737785,-0.359333805398725
2018-01-15 00:30:00,320.020833333332,-28.0837307230769,-0.29059777527498,-0.290600940982742
2018-01-15 01:00:00,320.041666666668,-28.8053362384279,-0.405496944085135,-0.405500104839525
2018-01-15 01:30:00,320.0625,-28.49135895,-0.355427148799096,-0.355430304599918
2018-01-15 02:00:00,320.083333333332,-29.1409455106754,-0.458853879842567,-0.458857030689625
2018-01-15 02:30:00,320.104166666668,-28.6093077320513,-0.374110846117726,-0.374113992010828
2018-01-15 03:00:00,320.125,-29.7231899482533,-0.551500440083834,-0.551503581022785
2018-01-15 03:30:00,320.145833333332,-29.5051410128205,-0.516712566393192,-0.5167157023778
2018-01-15 04:00:00,320.166666666668,-29.9105632941048,-0.581244219685565,-0.581247350715637
2018-01-15 04:30:00,320.1875,-29.4025640282051,-0.500267284395767,-0.500270410471112
2018-01-15 05:00:00,320.208333333332,-29.3928274960699,-0.49866407529254,-0.498667196412967
2018-01-15 05:30:00,320.229166666668,-28.9898076641026,-0.43441067212086,-0.434413788286179
2018-01-16 19:30:00,321.8125,-19.8628902682927,1.02312826788798,1.02312552881889
2018-01-16 20:30:00,321.854166666668,-19.4303974041045,1.09211068464062,1.09210795550734
2018-01-16 21:30:00,321.895833333332,-19.5789028076636,1.0685391936694,1.06853647447248
2018-01-16 22:30:00,321.9375,-20.7412892052239,0.883455267294911,0.883452558034917
2018-01-16 23:30:00,321.979166666668,-20.5400168507491,0.91560268603628,0.915599986713753
2018-01-17 00:30:00,322.020833333332,-21.1683438986989,0.815593858515449,0.815591169130933
2018-01-17 01:30:00,322.0625,-21.5774397061224,0.750508255618668,0.750505576172701
2018-01-17 02:30:00,322.104166666668,-22.4516833292593,0.611323804578372,0.611321135071486
2018-01-17 03:30:00,322.145833333332,-22.8072444272222,0.554765381712537,0.554762722145259
2018-01-17 04:30:00,322.1875,-21.8717161200371,0.703877954930092,0.703875305302945
2018-01-17 05:30:00,322.229166666668,-22.9423513347584,0.533406776651602,0.533404136965104
2018-01-17 06:30:00,322.270833333332,-23.5660666711111,0.434129785502521,0.434127155757182
2018-01-17 07:30:00,322.3125,-22.7243462694444,0.568297285727513,0.568294665923842
2018-01-17 08:30:00,322.354166666668,-22.3586222027778,0.626637760681886,0.626635150820385
2018-01-17 09:30:00,322.395833333332,-23.1749119666667,0.496682118753673,0.496679518834838
2018-01-17 10:30:00,322.4375,-22.4537309545455,0.611646201104978,0.6116436111293
2018-01-17 11:30:00,322.479166666668,-22.9027852114815,0.540190499755808,0.540187919723773
2018-01-17 12:30:00,322.520833333332,-23.8725944675926,0.385777685784487,0.385775115696578
2018-01-17 13:30:00,322.5625,-23.0200537148148,0.521666061347044,0.521663501203736
2018-01-17 14:30:00,322.604166666668,-23.0462259424074,0.517574362001634,0.517571811803398
2018-01-17 15:30:00,322.645833333332,-22.8754841935065,0.544850730593165,0.544848190340468
2018-01-17 16:30:00,322.6875,-22.7897722266667,0.558581324863911,0.558578794557212
2018-01-17 21:00:00,322.875,-24.8312671651206,0.233708689124124,0.233706203579983
2018-01-17 22:00:00,322.916666666668,-25.3860927671614,0.145398609227331,0.145396133631632
2018-01-17 23:00:00,322.958333333332,-25.3007346988868,0.159069775968776,0.159067310321945
2018-01-18,323,-25.2365454769944,0.169368260790188,0.169365805092648
2018-01-18 14:00:00,323.583333333332,-29.1377388445896,-0.451120612607227,-0.451122928973245
2018-01-18 15:00:00,323.625,-29.1155307640596,-0.447516801424304,-0.447519107835315
2018-01-18 16:00:00,323.666666666668,-28.5282364690875,-0.353894822597669,-0.353897119053333
2018-01-18 17:30:00,323.729166666668,-28.1872953534579,-0.299485173887993,-0.29948745541001
2018-01-18 18:30:00,323.770833333332,-28.3382388125,-0.323466172312338,-0.323468443878181
2018-01-18 22:30:00,323.9375,-28.3825297639405,-0.330268845496517,-0.330271077234493
2018-01-18 23:30:00,323.979166666668,-28.3460687827138,-0.324398534245239,-0.324400756025481
2018-01-19 00:30:00,324.020833333332,-28.4705167605948,-0.34416160557988,-0.344163817402092
2018-01-19 01:30:00,324.0625,-28.4181115239777,-0.335752303907588,-0.33575450577148
2018-01-19 02:30:00,324.104166666668,-28.5644152767225,-0.358997956715966,-0.359000148621251
2018-01-19 03:30:00,324.145833333332,-28.7224322957328,-0.384110011717403,-0.384112193663801
2018-01-19 04:30:00,324.1875,-28.8470130418994,-0.403896115098222,-0.403898287085455
2018-01-19 05:30:00,324.229166666668,-29.2537052149254,-0.468623240946002,-0.4686254029738
2018-01-19 06:30:00,324.270833333332,-29.7250000277778,-0.543642084082298,-0.543644236150397
2018-01-19 07:30:00,324.3125,-29.5548555611111,-0.516479662239244,-0.516481804347383
2018-01-19 08:30:00,324.354166666668,-29.5437796355556,-0.514657443325865,-0.514659575473788
2018-01-19 09:30:00,324.395833333332,-29.3527509142586,-0.484169086142352,-0.48417120832981
2018-01-19 10:30:00,324.4375,-29.1230725135688,-0.447524278129385,-0.447526390356132
2018-01-19 11:30:00,324.479166666668,-29.336571458256,-0.481478408681472,-0.481480510947268
2018-01-19 12:30:00,324.520833333332,-29.2184155816327,-0.462600159969616,-0.462602252274227
2018-01-19 13:30:00,324.5625,-29.1340555296296,-0.449106081074767,-0.449108163417964
2018-01-19 14:30:00,324.604166666668,-29.4831425457407,-0.504660900709653,-0.50466297309121
2018-01-19 15:30:00,324.645833333332,-29.919888917037,-0.574180389128722,-0.57418245154842
2018-01-19 17:00:00,324.708333333332,-29.5910855273234,-0.521720876156185,-0.521722923632695
2018-01-19 18:00:00,324.75,-29.2008512527881,-0.459502933997293,-0.45950497151142
2018-01-19 19:00:00,324.791666666668,-28.9490668975836,-0.419340633883303,-0.419342661434843
2018-01-19 20:00:00,324.833333333332,-29.1948847574349,-0.458447193204962,-0.458449210793721
2018-01-20,325,-27.7739758536178,-0.231890494138986,-0.231892471874758
2018-01-20 01:00:00,325.041666666668,-27.896683967658,-0.251387938298267,-0.251389906070352
2018-01-20 02:00:00,325.083333333332,-28.0660985118959,-0.27832622130718,-0.278328179115414
2018-01-20 03:00:00,325.125,-28.0609146432282,-0.277451323537613,-0.277453271381836
2018-01-20 04:00:00,325.166666666668,-28.7403270648598,-0.385633575226386,-0.385635513106441
2018-01-20 05:00:00,325.208333333332,-28.9715102383613,-0.422413058595564,-0.422414986511303
2018-01-20 06:00:00,325.25,-28.6499111,-0.371134395902306,-0.371136313853583
2018-01-20 07:00:00,325.291666666668,-28.1951094538033,-0.298636949789515,-0.29863885777619
2018-01-20 08:00:00,325.333333333332,-27.8019794551402,-0.235964312491152,-0.235966210513092
2018-01-20 09:00:00,325.375,-27.6399647345084,-0.210108975455959,-0.210110863513033
2018-01-20 10:00:00,325.416666666668,-27.4803969377863,-0.184643906486873,-0.184645784578958
2018-01-20 11:00:00,325.458333333332,-27.2634777764815,-0.150043195517948,-0.150045063644923
2018-01-20 12:00:00,325.5,-27.0843074098148,-0.12145636589603,-0.121458224057782
2018-01-20 13:00:00,325.541666666668,-26.8069832609665,-0.0772340400390918,-0.0772358882355119
2018-01-20 14:00:00,325.583333333332,-26.5753981274074,-0.0402984434345532,-0.0403002816655372
2018-01-20 15:00:00,325.625,-26.144333305,0.0284139387004847,0.0284121104350353
2018-01-20 16:30:00,325.6875,-25.1773810342007,0.182514414232469,0.182512600915495
2018-01-20 17:30:00,325.729166666668,-24.8922583539033,0.227976930106225,0.22797512675501
2018-01-20 18:30:00,325.770833333332,-24.8647193252788,0.232405714665464,0.232403921280089
2018-01-20 19:30:00,325.8125,-25.0111654695167,0.209118065303781,0.209116281884321
2018-01-20 20:30:00,325.854166666668,-25.2801412828996,0.166310880512904,0.16630910705943
2018-01-20 21:30:00,325.895833333332,-25.3837528037175,0.149845874104857,0.149844110617434
2018-01-21 01:00:00,326.041666666668,-25.3547281456311,0.154607148930035,0.154605420324232
2018-01-21 01:30:00,326.0625,-25.5628919531034,0.121465694842205,0.121463971219537
2018-01-21 02:00:00,326.083333333332,-25.3337692826923,0.157984171247687,0.157982452608165
2018-01-21 02:30:00,326.104166666668,-25.6313218301149,0.110602791157424,0.110601077501057
2018-01-21 03:00:00,326.125,-25.2924423423077,0.164605371152742,0.164603662479539
2018-01-21 03:30:00,326.145833333332,-25.6141263811494,0.113379591374975,0.113377887684944
2018-01-21 04:00:00,326.166666666668,-25.6957087640777,0.100402059030319,0.100400360323466
2018-01-21 04:30:00,326.1875,-25.8669609043678,0.0731399523229341,0.0731382585992676
2018-01-21 05:00:00,326.208333333332,-25.6526633586538,0.107296068176304,0.10729437943583
2018-01-21 05:30:00,326.229166666668,-25.8221866184332,0.0803091374909107,0.0803074537336333
2018-01-21 06:00:00,326.25,-25.0154903336538,0.208834559929287,0.208832881155211
2018-01-21 06:30:00,326.270833333332,-25.4244459708046,0.143705644539104,0.143703970748235
2018-01-21 07:00:00,326.291666666668,-24.6520095817308,0.266773205216208,0.266771536408549
2018-01-21 07:30:00,326.3125,-24.8848574717241,0.229698143899545,0.229696480075099
2018-01-21 08:00:00,326.333333333332,-24.4503269355769,0.298936824831757,0.298935165990525
2018-01-21 08:30:00,326.354166666668,-24.5992041116972,0.275238122335028,0.275236468477013
2018-01-21 09:00:00,326.375,-24.6829614826923,0.261912933373504,0.261911284498706
2018-01-21 09:30:00,326.395833333332,-24.9400114761468,0.220981987858275,0.220980343966695
2018-01-21 10:00:00,326.416666666668,-24.5634904211538,0.280979245157299,0.280977606248936
2018-01-21 10:30:00,326.4375,-25.0705540298851,0.200220716141267,0.200219082216121
2018-01-21 11:00:00,326.458333333332,-24.8467211384615,0.23589440394205,0.235892775000119
2018-01-21 11:30:00,326.479166666668,-25.1485413233945,0.187831063073414,0.187829439114695
2018-01-21 12:00:00,326.5,-24.81258645,0.241365626788428,0.241364007812919
2018-01-21 12:30:00,326.520833333332,-25.2097775353211,0.178109397392966,0.178107783400664
2018-01-21 13:00:00,326.541666666668,-25.2151922605769,0.177263304150028,0.177261695140927
2018-01-21 13:30:00,326.5625,-25.4349771149083,0.142267778177614,0.14226617415171
2018-01-21 14:00:00,326.583333333332,-25.3759326605769,0.151689842351742,0.15168824330903
2018-01-21 14:30:00,326.604166666668,-25.4799379788506,0.135137843252131,0.135136249192604
2018-01-21 15:30:00,326.645833333332,-26.4147456149123,-0.0137457902971807,-0.0137473743903563
2018-01-21 16:00:00,326.666666666668,-26.3927341416471,-0.0102235784049632,-0.0102251575149754
2018-01-21 16:30:00,326.6875,-26.7082631833333,-0.0604719297436609,-0.0604735038705182
2018-01-21 17:00:00,326.708333333332,-26.7093787882353,-0.0606341139094823,-0.0606356830531942
2018-01-21 17:30:00,326.729166666668,-26.7681930263158,-0.0699878495653368,-0.0699894137259131
2018-01-21 18:00:00,326.75,-26.4604658656471,-0.020951396459977,-0.0209529556374283
2018-01-21 18:30:00,326.770833333332,-26.4098245368421,-0.0128690180836846,-0.012870572278022
2018-01-21 19:00:00,326.791666666668,-26.3740329644706,-0.00715233451749364,-0.00715388372872916
2018-01-21 19:30:00,326.8125,-25.9337631192982,0.0629979089506694,0.0629963647225232
2018-01-21 20:00:00,326.833333333332,-25.7659011752941,0.0897532610944114,0.0897517218493414
2018-01-21 20:30:00,326.854166666668,-26.2815350929825,0.00762711603181787,0.00762558176981043
2018-01-21 21:00:00,326.875,-26.1183129696471,0.0336431054171324,0.0336415761381731
2018-01-21 21:30:00,326.895833333332,-25.6244473377193,0.112330723995207,0.112329199699281
2018-01-21 22:00:00,326.916666666668,-25.7559155516432,0.0914020960480685,0.0914005767351593
2018-01-21 22:30:00,326.9375,-25.6357982701754,0.110551099291293,0.110549584961385
2018-01-21 23:00:00,326.958333333332,-25.8617042016432,0.0745782394279867,0.0745767300810627
2018-01-22 02:30:00,327.104166666668,-25.8741129407714,0.0726970290735977,0.0726955546070319
2018-01-22 03:00:00,327.125,-26.05826284,0.0433749908139472,0.0433735213302067
2018-01-22 03:30:00,327.145833333332,-25.8438159549451,0.0775495871036403,0.0775481226027018
2018-01-22 04:00:00,327.166666666668,-25.9940571605714,0.0536289919063686,0.0536275323882092
2018-01-22 04:30:00,327.1875,-25.6448104368132,0.10927706276775,0.109275608232345
2018-01-22 05:00:00,327.208333333332,-25.9467657788571,0.0611880611556936,0.0611866116030192
2018-01-22 05:30:00,327.229166666668,-25.6791731244505,0.103828344348423,0.103826899778453
2018-01-22 06:00:00,327.25,-25.7429771188571,0.0936767865276894,0.0936753469403987
2018-01-22 06:30:00,327.270833333332,-25.5886666575758,0.118270899326317,0.118269464721679
2018-01-22 07:00:00,327.291666666668,-25.9206686371429,0.0653949747323683,0.0653935451103551
2018-01-22 07:30:00,327.3125,-23.456565956044,0.45794040267115,0.457938978031735
2018-01-22 08:00:00,327.333333333332,-23.1665600914286,0.504150536064088,0.504149116407241
2018-01-22 08:30:00,327.354166666668,-22.2978159302198,0.64255397563263,0.642552560958322
2018-01-22 09:00:00,327.375,-22.3366363619318,0.636381608945311,0.636380199253513
2018-01-22 09:30:00,327.395833333332,-22.3324538011204,0.637059531649176,0.637058126939857
2018-01-22 10:00:00,327.416666666668,-22.5125852505682,0.608375982755941,0.608374583029071
2018-01-22 10:30:00,327.4375,-22.3706647934066,0.630995414676607,0.630994019932153
2018-01-22 11:00:00,327.458333333332,-22.3966704386364,0.626863980431575,0.626862590669506
2018-01-22 11:30:00,327.479166666668,-22.1607747708791,0.664453494449154,0.664452109669436
2018-01-22 12:00:00,327.5,-22.3093976534091,0.640788810568711,0.640787430771311
2018-01-22 12:30:00,327.520833333332,-21.4018044104683,0.785379992203819,0.785378617388702
2018-01-22 13:00:00,327.541666666668,-21.5075170363636,0.768550706754118,0.768549336921249
2018-01-22 13:30:00,327.5625,-20.7550768736264,0.888425655720341,0.888424290869685
2018-01-22 14:00:00,327.583333333332,-20.7183636215909,0.89428467828339,0.894283318414911
2018-01-22 15:00:00,327.625,-20.279336890107,0.96424274670996,0.964241396805723
2018-01-22 15:30:00,327.645833333332,-20.2221402317073,0.973364436353032,0.973363091430859
2018-01-22 16:00:00,327.666666666668,-20.3313876917112,0.955971340924927,0.95597000098478
2018-01-22 16:30:00,327.6875,-20.3744207579268,0.949126127677153,0.949124792718992
2018-01-22 17:00:00,327.708333333332,-21.2663583026738,0.8070497062927,0.807048376316485
2018-01-22 17:30:00,327.729166666668,-21.4117438884146,0.783899427402842,0.783898102408532
2018-01-22 18:00:00,327.75,-21.7926069505348,0.723237300179083,0.723235980166638
2018-01-22 18:30:00,327.770833333332,-21.7648109091463,0.727674742104291,0.727673427073668
2018-01-22 19:00:00,327.791666666668,-21.2153592487936,0.815212178838007,0.815210868789164
2018-01-22 19:30:00,327.8125,-21.2805670847561,0.804833800490259,0.804832495423152
2018-01-22 20:00:00,327.833333333332,-21.3491123168449,0.793923654478243,0.793922354392828
2018-01-22 20:30:00,327.854166666668,-21.360262245122,0.792156503301244,0.792155208197477
2018-01-22 21:00:00,327.875,-20.9052085874332,0.864655798444692,0.864654508322528
2018-01-22 21:30:00,327.895833333332,-20.8839755512195,0.868047040493725,0.868045755353118
2018-01-22 22:00:00,327.916666666668,-20.5554225181818,0.920394459570464,0.920393179411367
2018-01-22 22:30:00,327.9375,-20.6010182768293,0.913139590678298,0.913138315500665
2018-01-22 23:00:00,327.958333333332,-20.1767299435829,0.980737475326564,0.980736205130347
2018-01-22 23:30:00,327.979166666668,-20.1538414353659,0.984391962918092,0.984390697703243
2018-01-23,328,-19.9972700652406,1.00934210785766,1.00934084762413
2018-01-23 00:30:00,328.020833333332,-19.9398414969512,1.01849861552968,1.01849736027742
2018-01-23 04:00:00,328.166666666668,-20.3952100418216,0.946011444345276,0.946010223960453
2018-01-23 05:00:00,328.208333333332,-20.5028812378479,0.928873529733698,0.928872319310518
2018-01-23 06:00:00,328.25,-20.4408163159555,0.938774227617635,0.938773027155873
2018-01-23 07:00:00,328.291666666668,-20.2909016781076,0.962668975640289,0.962667785139716
2018-01-23 08:00:00,328.333333333332,-20.0784590892193,0.996523998548651,0.996522818009033
2018-01-23 09:00:00,328.375,-19.9211650909091,1.02159333916325,1.02159216858435
2018-01-23 10:00:00,328.416666666668,-19.5905314698148,1.07427533314687,1.07427417252843
2018-01-23 11:00:00,328.458333333332,-19.5077402782931,1.08747537857114,1.08747422791293
2018-01-23 12:00:00,328.5,-19.0808277709259,1.15549372309994,1.15549258240169
2018-01-23 13:00:00,328.541666666668,-18.3764055353704,1.26771909321242,1.26771796247389
2018-01-23 14:30:00,328.604166666668,-17.6872230466543,1.37752107724757,1.37751996144809
2018-01-23 15:30:00,328.645833333332,-17.369992579368,1.42806534088854,1.4280642350481
2018-01-23 16:30:00,328.6875,-17.8307435198885,1.35467613786463,1.35467504198295
2018-01-23 17:30:00,328.729166666668,-18.0689795769517,1.31673324233667,1.31673215641347
2018-01-23 18:30:00,328.770833333332,-18.0758531570632,1.31564608226669,1.31564500630167
2018-01-23 19:30:00,328.8125,-18.094065047026,1.31275224887599,1.31275118286886
2018-01-23 20:30:00,328.854166666668,-18.0824804709497,1.31460454135557,1.31460348530603
2018-01-23 21:30:00,328.895833333332,-18.4831115113383,1.25079011909175,1.25078907299951
2018-01-23 22:30:00,328.9375,-18.9408048438662,1.17788516044327,1.17788412430801
2018-01-23 23:30:00,328.979166666668,-19.0499311907063,1.16050669923261,1.16050567305402
2018-01-24 00:30:00,329.020833333332,-18.7438903453532,1.20926419594663,1.20926317972439
2018-01-24 01:30:00,329.0625,-19.7351765951673,1.05135608683678,1.05135508057057
2018-01-24 03:00:00,329.125,-21.1029398842105,0.833476279877137,0.83347528854435
2018-01-24 03:30:00,329.145833333332,-21.1372500421429,0.82801236509392,0.828011378738773
2018-01-24 04:00:00,329.166666666668,-21.8174435794486,0.719658648299319,0.719657666921727
2018-01-24 04:30:00,329.1875,-21.7279785571429,0.733911971937072,0.73391099553695
2018-01-24 05:00:00,329.208333333332,-21.9868020047619,0.692682575303191,0.692681603880454
2018-01-24 05:30:00,329.229166666668,-22.0814928328571,0.677599504129059,0.67759853768362
2018-01-24 06:00:00,329.25,-22.6041077934837,0.594347694721089,0.594346733252859
2018-01-24 06:30:00,329.270833333332,-22.63716427,0.589082783554519,0.589081827063412
2018-01-24 07:00:00,329.291666666668,-22.7011152829574,0.578896232533253,0.57889528101918
2018-01-24 07:30:00,329.3125,-22.6133643542857,0.592875791099449,0.59287484456232
2018-01-24 08:00:00,329.333333333332,-22.631596445614,0.589972060720648,0.589971119160374
2018-01-24 08:30:00,329.354166666668,-22.3643928628571,0.632538319077154,0.632537382493643
2018-01-24 09:00:00,329.375,-23.4480225756892,0.459915750001863,0.459914818395026
2018-01-24 09:30:00,329.395833333332,-23.4083262907801,0.466239696986889,0.466238770356632
2018-01-24 10:00:00,329.416666666668,-23.9664009701754,0.377338184061268,0.377337262407501
2018-01-24 10:30:00,329.4375,-23.9340070921986,0.382498616158622,0.38249769948125
2018-01-24 11:00:00,329.458333333332,-24.969508762406,0.217542406176436,0.217541494475366
2018-01-24 11:30:00,329.479166666668,-24.5994609517731,0.276491114792562,0.2764902080677
2018-01-24 12:00:00,329.5,-25.0731603914787,0.201030165355127,0.201029263606377
2018-01-24 12:30:00,329.520833333332,-24.8508510985816,0.236443786275267,0.236442889502534
2018-01-24 13:30:00,329.5625,-25.3394401146699,0.158610035886947,0.15860914906596
2018-01-24 14:00:00,329.583333333332,-25.3372403565891,0.158959696250934,0.158958814405673
2018-01-24 14:30:00,329.604166666668,-25.722088008802,0.0976523094441574,0.0976514325745246
2018-01-24 15:00:00,329.625,-25.6175968310078,0.114296829823035,0.114295957928932
2018-01-24 15:30:00,329.645833333332,-25.9886112440098,0.0551928516640385,0.0551919847453655
2018-01-24 16:00:00,329.666666666668,-25.9730309728682,0.0576735648326806,0.0576727028893377
2018-01-24 16:30:00,329.6875,-26.5678923826406,-0.0370896361190047,-0.0370904930871183
2018-01-24 17:00:00,329.708333333332,-26.2631240131783,0.0114587115264829,0.0114578595334972
2018-01-24 17:30:00,329.729166666668,-26.599474299511,-0.0421237189686836,-0.0421245659866432
2018-01-24 18:00:00,329.75,-26.4999379589147,-0.0262692164251428,-0.0262700584681789
2018-01-24 18:30:00,329.770833333332,-27.0127481889976,-0.107962078302,-0.107962915370216
2018-01-24 19:00:00,329.791666666668,-26.4576976689922,-0.0195440777039401,-0.0195449097974397
2018-01-24 19:30:00,329.8125,-26.8261470661765,-0.0782403919789256,-0.0782412190978137
2018-01-24 20:00:00,329.833333333332,-26.8434375515625,-0.0809969587820265,-0.0809977809264077
2018-01-24 20:30:00,329.854166666668,-26.8320415765281,-0.0791838700602437,-0.0791846872302243
2018-01-24 21:00:00,329.875,-26.8166201829457,-0.0767296474066393,-0.0767304596023255
2018-01-24 21:30:00,329.895833333332,-27.1413602767157,-0.128463510891034,-0.128464318112532
2018-01-24 22:00:00,329.916666666668,-26.655069796124,-0.0509997424260387,-0.0510005446734579
2018-01-24 22:30:00,329.9375,-26.6760318349633,-0.0543417809138056,-0.0543425781872537
2018-01-24 23:00:00,329.958333333332,-26.6187209937985,-0.0452150118003156,-0.0452158040999014
2018-01-24 23:30:00,329.979166666668,-26.6785245085784,-0.0547447613979641,-0.0547455487237973
2018-01-25,330,-26.3497058911765,-0.00236684574229984,-0.00236762809449076
2018-01-25 00:30:00,330.020833333332,-27.2630587249389,-0.147867848045109,-0.147868625423768
2018-01-25 01:00:00,330.041666666668,-27.1164961255814,-0.124523682539899,-0.124524454945139
2018-01-25 01:30:00,330.0625,-27.6853373801956,-0.215143980324932,-0.215144747756864
2018-01-25 02:00:00,330.083333333332,-27.4125348465116,-0.171689939300767,-0.171690701759504
2018-01-25 02:30:00,330.104166666668,-28.0535134398533,-0.27380200292628,-0.273802760411936
2018-01-25 03:00:00,330.125,-27.9077286984496,-0.250582223210867,-0.250582975723555
2018-01-25 03:30:00,330.145833333332,-27.8725917158924,-0.244988828664233,-0.244989576204069
2018-01-25 04:00:00,330.166666666668,-27.7210542395349,-0.220852870387763,-0.220853612954861
2018-01-25 04:30:00,330.1875,-29.4726209914425,-0.499882893768866,-0.499883631363342
2018-01-25 05:00:00,330.208333333332,-29.2432403162791,-0.463346694520878,-0.46334742714285
2018-01-25 05:30:00,330.229166666668,-29.6881882801956,-0.534231647474025,-0.534232375123609
2018-01-25 06:00:00,330.25,-29.1117829217054,-0.442414404407735,-0.442415127085049
2018-01-25 06:30:00,330.270833333332,-29.8475868112469,-0.559633150384778,-0.559633868089942
2018-01-25 07:00:00,330.291666666668,-29.6456046286822,-0.527462023032263,-0.527462735765395
2018-01-25 07:30:00,330.3125,-30.3725256875306,-0.643265963952342,-0.643266671713562
2018-01-25 08:00:00,330.333333333332,-29.9925582186046,-0.58274188951098,-0.582742592300409
2018-01-25 08:30:00,330.354166666668,-30.6734743344743,-0.69121744635657,-0.691218144174328
2018-01-25 09:00:00,330.375,-30.4546976139535,-0.656371409541463,-0.656372102387672
2018-01-25 09:30:00,330.395833333332,-30.5034009938875,-0.664135261980581,-0.664135949855363
2018-01-25 10:00:00,330.416666666668,-30.3073488263566,-0.632909498909733,-0.632910181813212
2018-01-25 10:30:00,330.4375,-30.4778826699267,-0.660081267479961,-0.66008194541226
2018-01-25 11:00:00,330.458333333332,-30.2719069767442,-0.627274915892249,-0.627275588853493
2018-01-25 11:30:00,330.479166666668,-30.9219242364303,-0.730828971503961,-0.730829639494274
2018-01-25 12:00:00,330.5,-30.748744103876,-0.703247212368407,-0.703247875387915
2018-01-25 13:00:00,330.541666666668,-31.613286785049,-0.84098175307387,-0.840982406152148
2018-01-25 13:30:00,330.5625,-31.3731860837209,-0.802739853816587,-0.802740501924439
2018-01-25 14:00:00,330.583333333332,-33.8517628520782,-1.19758533638101,-1.19758597951857
2018-01-25 14:30:00,330.604166666668,-33.3246171757812,-1.11361720368543,-1.11361784185281
2018-01-25 15:00:00,330.625,-34.1188752750611,-1.24014975482943,-1.24015038802678
2018-01-25 15:30:00,330.645833333332,-33.4972404054264,-1.14112966230876,-1.1411302905362
2018-01-25 16:00:00,330.666666666668,-34.3448509102689,-1.27616152598021,-1.27616214923787
2018-01-25 16:30:00,330.6875,-33.5173258372093,-1.14434321311555,-1.14434383140357
2018-01-25 17:00:00,330.708333333332,-34.600843594621,-1.31695550689498,-1.31695612021348
2018-01-25 17:30:00,330.729166666668,-33.835480679845,-1.19503990645642,-1.19504051480554
2018-01-25 18:00:00,330.75,-34.3787383178484,-1.28158861332541,-1.28158921670528
2018-01-25 18:30:00,330.770833333332,-33.3905348984496,-1.12417459744182,-1.12417519585258
2018-01-25 19:00:00,330.791666666668,-34.5701671142506,-1.31209846549912,-1.31209905894089
2018-01-25 19:30:00,330.8125,-32.7712248465116,-1.02553340789309,-1.02553399636602
2018-01-25 20:00:00,330.833333333332,-34.1118725958333,-1.23910740168406,-1.23910798518828
2018-01-25 20:30:00,330.854166666668,-32.6551085914729,-1.00705182213719,-1.00705240067284
2018-01-25 21:00:00,330.875,-33.4688704308068,-1.13669275012407,-1.13669332369128
2018-01-25 21:30:00,330.895833333332,-31.0434650914729,-0.750332149886976,-0.750332718485887
2018-01-25 22:00:00,330.916666666668,-33.6833447212714,-1.17087518303308,-1.17087574666383
2018-01-25 22:30:00,330.9375,-32.0260232844961,-0.906871133525628,-0.906871692188356
2018-01-25 23:00:00,330.958333333332,-33.6068068290954,-1.15869963962412,-1.15870019331896
2018-01-25 23:30:00,330.979166666668,-33.2091938534884,-1.09536828434947,-1.09536883307657
2018-01-26,331,-32.612382272549,-1.0003045669767,-1.00030511073621
2018-01-26 00:30:00,331.020833333332,-30.8369612581395,-0.717487642683332,-0.717488181475374
2018-01-26 01:00:00,331.041666666668,-32.061400997555,-0.912550798290513,-0.912551332115237
2018-01-26 01:30:00,331.0625,-31.2784218671875,-0.787830811492724,-0.787831340350273
2018-01-26 02:00:00,331.083333333332,-30.9849731327628,-0.741093484669572,-0.741094008560089
2018-01-26 02:30:00,331.104166666668,-29.9155891325581,-0.570749233590101,-0.570749752513731
2018-01-26 03:00:00,331.125,-32.2729510723716,-0.946288177624442,-0.946288691581329
2018-01-26 03:30:00,331.145833333332,-31.1053954147287,-0.760305347507406,-0.760305856497695
2018-01-26 04:00:00,331.166666666668,-31.4873520667482,-0.821161053691813,-0.82116155771565
2018-01-26 04:30:00,331.1875,-30.4092712984496,-0.649431873529263,-0.649432372586794
2018-01-26 05:00:00,331.208333333332,-33.8044131828851,-1.19029037663634,-1.19029087072771
2018-01-26 05:30:00,331.229166666668,-33.2286356418605,-1.09857869566763,-1.098579184793
2018-01-26 06:00:00,331.25,-34.2152005046455,-1.25574939416148,-1.25574987832098
2018-01-26 06:30:00,331.270833333332,-33.3400618713178,-1.11634951339363,-1.11634999258741
2018-01-26 07:00:00,331.291666666668,-34.1144742701712,-1.23972440890563,-1.23972488313386
2018-01-26 07:30:00,331.3125,-33.2234886054264,-1.09780032083511,-1.09780079009792
2018-01-26 08:00:00,331.333333333332,-31.7104547973105,-0.856783637063583,-0.856784101361132
2018-01-26 08:30:00,331.354166666668,-31.1565349341085,-0.768554608171348,-0.768555067503787
2018-01-26 09:00:00,331.375,-32.237288503912,-0.940730343373134,-0.940730797740614
2018-01-26 09:30:00,331.395833333332,-31.8775781085937,-0.883439257614855,-0.883439707017529
2018-01-26 10:00:00,331.416666666668,-30.7093960919315,-0.697358182888419,-0.697358627326441
2018-01-26 10:30:00,331.4375,-30.3010698806202,-0.632322799010945,-0.63232323848447
2018-01-26 11:00:00,331.458333333332,-30.3688899855746,-0.643137981627428,-0.64313841613661
2018-01-26 11:30:00,331.479166666668,-30.0108991860465,-0.586121300921496,-0.58612173046649
2018-01-26 12:30:00,331.520833333332,-30.5951658467822,-0.67921877061603,-0.679219190233119
2018-01-26 13:00:00,331.541666666668,-30.0683615292308,-0.595310329997927,-0.595310744651298
2018-01-26 13:30:00,331.5625,-34.3186262443069,-1.27239251807504,-1.27239292776485
2018-01-26 14:00:00,331.583333333332,-33.8453769392308,-1.19701566530451,-1.19701607003092
2018-01-26 14:30:00,331.604166666668,-35.0673540111386,-1.39168970385943,-1.39169010362259
2018-01-26 15:00:00,331.625,-34.0296847961538,-1.22640059218203,-1.22640098698212
2018-01-26 15:30:00,331.645833333332,-33.1117030247525,-1.08017789383673,-1.0801782836739
2018-01-26 16:00:00,331.666666666668,-32.6192538515385,-1.00174296051104,-1.00174334538545
2018-01-26 16:30:00,331.6875,-32.8023736564356,-1.03092676620427,-1.03092714611608
2018-01-26 17:00:00,331.708333333332,-31.54610003,-0.830814287712255,-0.830814662661625
2018-01-26 17:30:00,331.729166666668,-32.8153118576733,-1.03301356483541,-1.03301393482251
2018-01-26 18:00:00,331.75,-32.0569615976923,-0.91222087050543,-0.912221235530418
2018-01-26 18:30:00,331.770833333332,-33.4936313069307,-1.1410965438897,-1.14109690395274
2018-01-26 19:00:00,331.791666666668,-32.5170385407692,-0.985537898423355,-0.985538253524617
2018-01-26 19:30:00,331.8125,-31.6839257472772,-0.852835833161757,-0.852836183301404
2018-01-26 20:00:00,331.833333333332,-29.2659923269231,-0.467670827532935,-0.467671172711134
2018-01-26 20:30:00,331.854166666668,-31.1145247556931,-0.76215699856105,-0.762157338777967
2018-01-26 21:00:00,331.875,-28.9366923161538,-0.415240486798375,-0.415240822054178
2018-01-26 21:30:00,331.895833333332,-29.2720545017327,-0.468677792795803,-0.46867812309066
2018-01-26 22:00:00,331.916666666668,-27.5836692976923,-0.199730811449304,-0.199731136783384
2018-01-26 22:30:00,331.9375,-29.1840916153465,-0.454693336546473,-0.454693656919945
2018-01-26 23:00:00,331.958333333332,-28.6258076576923,-0.365772527362559,-0.365772842775593
2018-01-26 23:30:00,331.979166666668,-27.8564678905941,-0.243230494922922,-0.243230805375689
2018-01-27,332,-27.1688840608696,-0.133712359740653,-0.133712665233324
2018-01-27 00:30:00,332.020833333332,-28.2110545950372,-0.29974544883823,-0.299745749370977
2018-01-27 01:00:00,332.041666666668,-27.2036046007752,-0.139272641079154,-0.139272936652149
2018-01-27 01:30:00,332.0625,-28.4193870573201,-0.332962469487208,-0.332962760100624
2018-01-27 02:00:00,332.083333333332,-27.5192692384615,-0.18958798997756,-0.189588275631572
2018-01-27 02:30:00,332.104166666668,-29.2089652955446,-0.458772829618804,-0.458773110313585
2018-01-27 03:00:00,332.125,-28.4431154553846,-0.336787571064513,-0.33678784680024
2018-01-27 03:30:00,332.145833333332,-28.5790272254951,-0.358453699432905,-0.358453970209751
2018-01-27 04:00:00,332.166666666668,-27.5818923692308,-0.19962480852543,-0.199625074343574
2018-01-27 04:30:00,332.1875,-27.1914590258065,-0.137444020162448,-0.137444281022066
2018-01-27 05:00:00,332.208333333332,-26.7120077123077,-0.0610827235439914,-0.0610829794452603
2018-01-27 05:30:00,332.229166666668,-25.8438564331683,0.0771986373820611,0.0771983864389625
2018-01-27 06:00:00,332.25,-25.4590692169231,0.138479639684459,0.138479393699352
2018-01-27 06:30:00,332.270833333332,-23.9978861054455,0.371231159318454,0.371230918291159
2018-01-27 07:00:00,332.291666666668,-23.8108615576923,0.401008191239146,0.401007955169483
2018-01-27 07:30:00,332.3125,-22.8740247257426,0.550230737876867,0.550230506764655
2018-01-27 08:00:00,332.333333333332,-22.7788000353846,0.565383750954166,0.565383524799223
2018-01-27 08:30:00,332.354166666668,-22.0137574435644,0.68723911641812,0.687238895220264
2018-01-27 09:00:00,332.375,-21.8739614653846,0.709492131545969,0.709491915305019
2018-01-27 09:30:00,332.395833333332,-21.6843737435644,0.739676889045381,0.739676677761152
2018-01-27 10:00:00,332.416666666668,-21.7929230623077,0.722368084960622,0.72236787863293
2018-01-27 10:30:00,332.4375,-21.161638615099,0.822915210518479,0.822915009147141
2018-01-27 11:00:00,332.458333333332,-21.0484846138462,0.840923667807493,0.840923471392322
2018-01-27 12:00:00,332.5,-20.0886723366748,0.993787983622677,0.993787797119284
2018-01-27 12:30:00,332.520833333332,-19.9133922846154,1.02169281131736,1.02169262976958
2018-01-27 13:00:00,332.541666666668,-19.3127579388753,1.11735676400194,1.11735658740958
2018-01-27 13:30:00,332.5625,-19.1462615046154,1.14386211919284,1.14386194755571
2018-01-27 14:00:00,332.583333333332,-19.1568630784841,1.1421555171801,1.14215535049801
2018-01-27 14:30:00,332.604166666668,-19.1578846692308,1.1419748953746,1.14197473364737
2018-01-27 15:00:00,332.625,-19.3392982775061,1.11305757831868,1.11305742154611
2018-01-27 15:30:00,332.645833333332,-19.4331461853846,1.09808942196603,1.09808927014794
2018-01-27 16:00:00,332.666666666668,-20.1131320188264,0.989748957266638,0.989748810402821
2018-01-27 16:30:00,332.6875,-20.2090999453846,0.974442844539378,0.97444270262965
2018-01-27 17:00:00,332.708333333332,-20.703974244473,0.895590543666207,0.895590406710375
2018-01-27 17:30:00,332.729166666668,-20.6982518412214,0.896483537272271,0.896483405270142
2018-01-27 18:00:00,332.75,-20.9942836200489,0.849306756102186,0.849306629053566
2018-01-27 18:30:00,332.770833333332,-21.0423740648855,0.841627088687475,0.841626966592168
2018-01-27 19:00:00,332.791666666668,-21.2582983207824,0.807211257305856,0.807211140163668
2018-01-27 19:30:00,332.8125,-21.2461298580153,0.809130641078815,0.809130528889549
2018-01-27 20:00:00,332.833333333332,-21.3139877833741,0.798301646111455,0.798301538874916
2018-01-27 20:30:00,332.854166666668,-21.2503052923664,0.808427015550112,0.808426913266101
2018-01-27 21:00:00,332.875,-21.5411564447433,0.762074804324413,0.762074706992732
2018-01-27 21:30:00,332.895833333332,-21.6243358648855,0.748804730531874,0.748804638152326
2018-01-27 22:00:00,332.916666666668,-21.2586454633252,0.807039822190336,0.807039734762722
2018-01-27 22:30:00,332.9375,-21.2363053961832,0.810578842302014,0.810578759826133
2018-01-27 23:00:00,332.958333333332,-20.4417774880196,0.937127819394316,0.937127741869968
2018-01-27 23:30:00,332.979166666668,-20.4102137465649,0.942135941599809,0.942135869026794
2018-01-28,333,-19.3291274441176,1.11433363986922,1.11433357224734
2018-01-28 00:30:00,333.020833333332,-19.3788931328244,1.10638568992569,1.10638562725474
2018-01-28 01:00:00,333.041666666668,-18.1422909924205,1.303356936515,1.30335687879477
2018-01-28 01:30:00,333.0625,-17.9628168198473,1.33192682449609,1.33192677172638
2018-01-28 02:00:00,333.083333333332,-17.2627041645477,1.44343467693662,1.44343462911723
2018-01-28 02:30:00,333.104166666668,-17.2308930587786,1.44848149706954,1.44848145420026
2018-01-28 03:00:00,333.125,-17.0156747728606,1.48274509417698,1.48274505625761
2018-01-28 03:30:00,333.145833333332,-17.2027861755725,1.45291716649037,1.4529171335207
2018-01-28 04:00:00,333.166666666668,-17.0379462388753,1.47915522079749,1.47915519277732
2018-01-28 04:30:00,333.1875,-16.893427448855,1.50215598403707,1.50215596096618
2018-01-28 05:00:00,333.208333333332,-16.215608804401,1.61011167731311,1.6101116591913
2018-01-28 05:30:00,333.229166666668,-16.015412189313,1.64198172212182,1.64198170894888
2018-01-28 06:00:00,333.25,-15.9563031713936,1.65137629400665,1.65137628578238
2018-01-28 06:30:00,333.270833333332,-15.9208931549618,1.65699548014969,1.65699547687386
2018-01-28 07:00:00,333.291666666668,-16.2771100555012,1.60022810069133,1.60022810236375
2018-01-28 07:30:00,333.3125,-16.2650534496183,1.60212683611517,1.60212684273561
2018-01-28 08:00:00,333.333333333332,-16.701432791198,1.53258928678951,1.53258929835777
2018-01-28 08:30:00,333.354166666668,-16.8603054061069,1.50725863947418,1.50725865599005
2018-01-28 09:00:00,333.375,-16.7887408312958,1.51863668329929,1.51863670476256
2018-01-28 09:30:00,333.395833333332,-17.013954189313,1.48273767249135,1.48273769890179
2018-01-28 10:00:00,333.416666666668,-16.9977212696822,1.48530110840372,1.48530113976112
2018-01-28 10:30:00,333.4375,-17.2780993335878,1.44061408483028,1.44061412113443
2018-01-28 11:30:00,333.479166666668,-17.4133836908416,1.41901764125233,1.41901768744934
2018-01-28 12:00:00,333.5,-17.5709545833333,1.39389353432225,1.39389358546536
2018-01-28 12:30:00,333.520833333332,-17.693400949505,1.37436467170044,1.37436472778943
2018-01-28 13:00:00,333.541666666668,-17.9336590333333,1.33606820043425,1.33606826146891
2018-01-28 13:30:00,333.5625,-17.8603126503722,1.34772902700422,1.34772909298433
2018-01-28 14:00:00,333.583333333332,-17.9527802227273,1.33297545417361,1.33297552509894
2018-01-28 14:30:00,333.604166666668,-17.7284950467822,1.36868070267961,1.36868077854995
2018-01-28 15:00:00,333.625,-17.5109772681818,1.40330778213254,1.40330786294767
2018-01-28 15:30:00,333.645833333332,-18.2595024433168,1.28404341089228,1.28404349665197
2018-01-28 16:00:00,333.666666666668,-18.0811211575758,1.31243578343439,1.31243587413844
2018-01-28 16:30:00,333.6875,-19.3594405633663,1.10877457702846,1.10877467267662
2018-01-28 17:00:00,333.708333333332,-19.6607651280303,1.06074922917872,1.06074932977079
2018-01-28 17:30:00,333.729166666668,-20.3751757579208,0.946918858137333,0.946918963673069
2018-01-28 18:00:00,333.75,-20.2697802848485,0.963684067339864,0.963684177819051
2018-01-28 18:30:00,333.770833333332,-21.4871731980198,0.76972802353448,0.769728138956893
2018-01-28 19:00:00,333.791666666668,-21.5278183068182,0.763228628088829,0.763228748454242
2018-01-28 19:30:00,333.8125,-22.4576336688119,0.615083658105004,0.615083783413191
2018-01-28 20:00:00,333.833333333332,-21.7166136257576,0.733103844355857,0.733103974606591
2018-01-28 20:30:00,333.854166666668,-20.9311187826733,0.858208780247907,0.85820891544096
2018-01-28 21:00:00,333.875,-20.3096666212121,0.957181481947864,0.957181622083008
2018-01-28 21:30:00,333.895833333332,-21.0311165759305,0.842228799106635,0.842228944183641
2018-01-28 22:00:00,333.916666666668,-20.7643484484848,0.884699845170762,0.884699995189401
2018-01-28 22:30:00,333.9375,-21.0591980710396,0.837704664547926,0.837704819507968
2018-01-28 23:00:00,333.958333333332,-20.7892803,0.880677215544729,0.880677375445943
2018-01-28 23:30:00,333.979166666668,-21.0500222972772,0.839115168466262,0.839115333308417
2018-01-29,334,-20.7570000225352,0.885768047884103,0.885768217666967
2018-01-29 00:30:00,334.020833333332,-21.1929926019802,0.816288222307162,0.816288397030503
2018-01-29 01:00:00,334.041666666668,-20.963666694697,0.852793989354303,0.852794169017887
2018-01-29 01:30:00,334.0625,-21.3117673841584,0.797315169150727,0.79731535375432
2018-01-29 02:00:00,334.083333333332,-21.1772121083333,0.818723671379371,0.818723860922739
2018-01-29 02:30:00,334.104166666668,-21.7572944957921,0.726289765411577,0.726289959894485
2018-01-29 03:00:00,334.125,-21.5241667174242,0.763400702246902,0.763400901669113
2018-01-29 03:30:00,334.145833333332,-21.9384455737624,0.697379181789129,0.697379386150409
2018-01-29 04:00:00,334.166666666668,-21.7944848909091,0.720285501113137,0.720285710413248
2018-01-29 04:30:00,334.1875,-21.9291856138614,0.698800741624612,0.698800955863316
2018-01-29 05:00:00,334.208333333332,-21.603174180303,0.750707640169417,0.750707859346476
2018-01-29 05:30:00,334.229166666668,-23.3514331351485,0.472181665816399,0.472181889931574
2018-01-29 06:00:00,334.25,-23.1220151175573,0.508700928722369,0.50870115777542
2018-01-29 06:30:00,334.270833333332,-23.2773960279703,0.483921329696233,0.483921563686921
2018-01-29 07:00:00,334.291666666668,-22.9591666121212,0.53458807637592,0.534588315304004
2018-01-29 07:30:00,334.3125,-22.8791935414392,0.547300299297604,0.547300543162842
2018-01-29 08:00:00,334.333333333332,-22.6490606083333,0.583932977901055,0.583933226703205
2018-01-29 08:30:00,334.354166666668,-22.5875643316832,0.593701598916365,0.593701852655184
2018-01-29 09:00:00,334.375,-22.4747727401515,0.611641482547242,0.611641741222488
2018-01-29 09:30:00,334.395833333332,-23.3827598782178,0.466970467394357,0.466970731005786
2018-01-29 10:00:00,334.416666666668,-22.9919317568182,0.529201533529573,0.529201802076939
2018-01-29 11:00:00,334.458333333332,-24.9733846109181,0.213498059044155,0.213498337462662
2018-01-29 11:30:00,334.479166666668,-24.9175681939394,0.222361168200809,0.222361451554516
2018-01-29 12:00:00,334.5,-25.110757414604,0.191557383658737,0.191557671947398
2018-01-29 12:30:00,334.520833333332,-25.0071968992424,0.208025926450655,0.208026219674022
2018-01-29 13:00:00,334.541666666668,-25.4618193044554,0.135575413438338,0.135575711596162
2018-01-29 13:30:00,334.5625,-25.4210378477273,0.142042971986318,0.142043275078351
2018-01-29 14:00:00,334.583333333332,-24.4973614418317,0.289156209199363,0.289156517225356
2018-01-29 14:30:00,334.604166666668,-24.2775151659091,0.324148686080854,0.324148999040556
2018-01-29 15:00:00,334.625,-24.4364604292079,0.298799282417848,0.298799600311008
2018-01-29 15:30:00,334.645833333332,-24.4195833227273,0.301458390251845,0.301458713078211
2018-01-29 16:00:00,334.666666666668,-24.6704084435644,0.261472224320908,0.261472552080229
2018-01-29 16:30:00,334.6875,-24.5694016083333,0.277533022768958,0.277533355460982
2018-01-29 17:00:00,334.708333333332,-25.0359975836228,0.203174170242801,0.203174507867273
2018-01-29 17:30:00,334.729166666668,-24.8945191198473,0.225681892758659,0.225682235315326
2018-01-29 18:00:00,334.75,-25.4957549710396,0.12987457651269,0.129874924001297
2018-01-29 18:30:00,334.770833333332,-25.4514091704545,0.136908761104619,0.13690911352491
2018-01-31 05:00:00,336.208333333332,-32.5506418538033,-0.996367107709123,-0.996366415654767
2018-01-31 06:00:00,336.25,-32.2886152563197,-0.954702914465502,-0.954702212586923
2018-01-31 07:00:00,336.291666666668,-31.9511224647495,-0.901017371831934,-0.901016660130332
2018-01-31 08:00:00,336.333333333332,-31.7914860627087,-0.875664948366248,-0.87566422684283
2018-01-31 09:00:00,336.375,-32.1301094148423,-0.929686128980726,-0.929685397636702
2018-01-31 10:00:00,336.416666666668,-33.1431094476809,-1.0911364658869,-1.09113572472349
2018-01-31 11:00:00,336.458333333332,-34.1465907290741,-1.25107092798277,-1.25107017700119
2018-01-31 12:00:00,336.5,-34.8312647785185,-1.36021963926221,-1.36021887846369
2018-01-31 13:30:00,336.5625,-36.4370073873371,-1.61613593261182,-1.6161351570902
2018-01-31 14:30:00,336.604166666668,-36.7129590327747,-1.66017604531723,-1.66017525998175
2018-01-31 15:30:00,336.645833333332,-37.2109050217877,-1.73958048450671,-1.73957968935862
2018-01-31 20:00:00,336.833333333332,-36.6000824448454,-1.64264760602557,-1.64264676673626
2018-01-31 20:30:00,336.854166666668,-36.3774199946667,-1.60721919279718,-1.60721834860487
2018-01-31 21:00:00,336.875,-35.1251029570694,-1.40776618515392,-1.40776533605893
2018-01-31 21:30:00,336.895833333332,-34.9244201186667,-1.37583937411247,-1.37583852011511
2018-01-31 22:00:00,336.916666666668,-34.8317403614396,-1.3611176482366,-1.36111678933721
2018-01-31 22:30:00,336.9375,-33.6413133493333,-1.17152411734335,-1.17152325354223
2018-01-31 23:00:00,336.958333333332,-34.6750128670951,-1.3362356491894,-1.33623478048688
2018-01-31 23:30:00,336.979166666668,-34.0617265573333,-1.23858127889231,-1.23858040528871
2018-02-01,337,-35.8721391164948,-1.52702398755196,-1.5270231090476
2018-02-01 00:30:00,337.020833333332,-35.7441677369128,-1.50668086670353,-1.50667998329874
2018-02-01 01:00:00,337.041666666668,-34.8663444525907,-1.36688591869791,-1.36688503039301
2018-02-01 01:30:00,337.0625,-34.6275733433333,-1.32889255597041,-1.32889166276572
2018-02-01 02:00:00,337.083333333332,-32.7374781583548,-1.0278422050343,-1.02784130693015
2018-02-01 02:30:00,337.104166666668,-32.1052199046667,-0.927166293223239,-0.927165390219948
2018-02-01 03:00:00,337.125,-28.5526015570694,-0.361275048626377,-0.361274140724274
2018-02-01 03:30:00,337.145833333332,-28.1180728649007,-0.292097831458135,-0.292096918657548
2018-02-01 04:00:00,337.166666666668,-26.8858919974293,-0.0958541698401736,-0.0958532521414275
2018-02-01 04:30:00,337.1875,-26.5832383986755,-0.0476849834629934,-0.0476840608664172
2018-02-01 05:00:00,337.208333333332,-26.6209152156812,-0.0537307925974524,-0.0537298651033742
2018-02-01 05:30:00,337.229166666668,-26.8848410225166,-0.095818344563329,-0.0958174121720777
2018-02-01 06:00:00,337.25,-26.7480694197943,-0.0740746299089505,-0.0740736926208557
2018-02-01 06:30:00,337.270833333332,-26.9580199152318,-0.107564110323244,-0.107563168138636
2018-02-01 07:00:00,337.291666666668,-27.7434499226221,-0.232728005290636,-0.232727058209846
2018-02-01 07:30:00,337.3125,-27.7757152417219,-0.237912344241185,-0.237911392264544
2018-02-01 08:00:00,337.333333333332,-28.0450976640103,-0.280869724219371,-0.280868767347211
2018-02-01 08:30:00,337.354166666668,-28.1792582311258,-0.302286283074505,-0.302285321307159
2018-02-01 09:00:00,337.375,-27.8336760866324,-0.247279602171746,-0.247278635509547
2018-02-01 09:30:00,337.395833333332,-27.8304702046358,-0.246813821576731,-0.246812850020013
2018-02-01 10:00:00,337.416666666668,-27.9582056323907,-0.267207202217366,-0.267206225766464
2018-02-01 10:30:00,337.4375,-27.9899602874172,-0.272310894187505,-0.272309912842754
2018-02-01 11:00:00,337.458333333332,-26.7498996958869,-0.0748136255347258,-0.0748126392964623
2018-02-01 11:30:00,337.479166666668,-26.6680065682119,-0.0618133785174183,-0.0618123873859782
2018-02-01 12:30:00,337.520833333332,-27.2196616969925,-0.149783559222518,-0.149782558305736
2018-02-01 13:00:00,337.541666666668,-27.4069065395683,-0.179657534168301,-0.179656528359356
2018-02-01 13:30:00,337.5625,-27.0003258451128,-0.114934793689199,-0.114933782988429
2018-02-01 14:00:00,337.583333333332,-27.2231223014388,-0.150472400063609,-0.150471384471354
2018-02-01 15:00:00,337.625,-25.7961476194631,0.0767533922750792,0.0767544176492833
2018-02-01 15:30:00,337.645833333332,-26.2138666492308,0.0101641297726526,0.0101651600373194
2018-02-01 16:00:00,337.666666666668,-24.5770000080537,0.270871715934207,0.270872751088995
2018-02-01 16:30:00,337.6875,-24.7578307517949,0.24201869278562,0.242019732830185
2018-02-01 17:00:00,337.708333333332,-24.2782482684564,0.318369851712452,0.318370896646452
2018-02-01 17:30:00,337.729166666668,-24.451102585641,0.290787245144775,0.290788294967866
2018-02-01 18:00:00,337.75,-24.1696040147651,0.335583261405493,0.335584316117331
2018-02-01 18:30:00,337.770833333332,-25.1089948738462,0.185890602091656,0.185891661691895
2018-02-01 19:00:00,337.791666666668,-24.1371812100671,0.340654072125927,0.340655136614221
2018-02-01 19:30:00,337.8125,-24.6369640735897,0.260991046832332,0.260992116208335
2018-02-01 20:00:00,337.833333333332,-24.4194698234899,0.295590661412157,0.295591735675522
2018-02-01 20:30:00,337.854166666668,-24.9504948723077,0.210950499877696,0.210951579028076
2018-02-01 21:00:00,337.875,-24.9993624060403,0.203118258162488,0.203119342199534
2018-02-01 21:30:00,337.895833333332,-25.4749642061381,0.127306825982331,0.127307914905694
2018-02-01 22:00:00,337.916666666668,-25.0965301597315,0.187543797577536,0.187544891386866
2018-02-01 22:30:00,337.9375,-26.2810128171356,-0.00119309549496638,-0.00119199680001802
2018-02-01 23:00:00,337.958333333332,-24.4681811778523,0.287544203947474,0.28754530752769
2018-02-01 23:30:00,337.979166666668,-25.4816777273657,0.126045286326843,0.126046394791974
2018-02-02,338,-24.2851610496644,0.316602938251471,0.316604051601165
2018-02-02 00:30:00,338.020833333332,-24.7858132652174,0.236800255816427,0.236801374050333
2018-02-02 01:00:00,338.041666666668,-23.4376577496644,0.451513849287018,0.451514972404782
2018-02-02 01:30:00,338.0625,-24.2124603649616,0.32803857858712,0.328039706588387
2018-02-02 02:00:00,338.083333333332,-22.9182081288591,0.534165107459409,0.534166240343827
2018-02-02 02:30:00,338.104166666668,-22.8611969294118,0.543198138223274,0.543199275990486
2018-02-02 03:00:00,338.125,-22.8764698221477,0.540716144631948,0.540717287281599
2018-02-02 03:30:00,338.145833333332,-22.8319642386189,0.54775678821899,0.547757935750723
2018-02-02 04:00:00,338.166666666668,-23.4733959416107,0.445527015081334,0.445528167494793
2018-02-02 04:30:00,338.1875,-23.419744170844,0.454024419232189,0.454025576527016
2018-02-02 05:00:00,338.208333333332,-23.7711274838926,0.397999328298115,0.398000490473952
2018-02-02 05:30:00,338.229166666668,-24.1618465342711,0.335707909513818,0.335709076570306
2018-02-02 06:00:00,338.25,-24.6626845516779,0.255874343812151,0.255875515748931
2018-02-02 06:30:00,338.270833333332,-25.2663401713555,0.15966174382299,0.159662920639701
2018-02-02 07:00:00,338.291666666668,-24.9864563187919,0.204197496385371,0.204198678081654
2018-02-02 07:30:00,338.3125,-24.9303708189258,0.213081894675749,0.213083081251241
2018-02-02 08:00:00,338.333333333332,-25.5344295442953,0.116804729387083,0.116805920841424
2018-02-02 08:30:00,338.354166666668,-25.7055779695652,0.0894903675219012,0.0894915638547272
2018-02-02 09:00:00,338.375,-26.890630852349,-0.0993398157127853,-0.0993386145018368
2018-02-02 09:30:00,338.395833333332,-27.1615038222506,-0.14254060227362,-0.142539396184913
2018-02-02 10:00:00,338.416666666668,-28.5876912469799,-0.369783923816453,-0.369782712850351
2018-02-02 10:30:00,338.4375,-29.0273835902813,-0.439877990645819,-0.439876774802688
2018-02-02 11:30:00,338.479166666668,-29.9118301849057,-0.580872840002244,-0.580871614406152
2018-02-02 12:00:00,338.5,-30.2773957509235,-0.639158808357911,-0.639157577885888
2018-02-02 12:30:00,338.520833333332,-29.8522892735849,-0.57149027187635,-0.571489036528765
2018-02-02 13:00:00,338.541666666668,-30.1613984068602,-0.620782923531948,-0.620781683309167
2018-02-02 13:30:00,338.5625,-29.4592955264151,-0.508988895457603,-0.508987650359995
2018-02-02 14:00:00,338.583333333332,-29.8478073686016,-0.57093068873884,-0.570929438766775
2018-02-02 14:30:00,338.604166666668,-29.2538490421384,-0.476364398735984,-0.476363143889832
2018-02-02 15:00:00,338.625,-29.5744881414248,-0.52749424889804,-0.527492989178171
2018-02-02 15:30:00,338.645833333332,-28.5748175377358,-0.368297936520357,-0.368296671927142
2018-02-02 16:00:00,338.666666666668,-28.5639155627968,-0.366613289935926,-0.366612020469737
2018-02-02 16:30:00,338.6875,-29.3281384125786,-0.488406698483715,-0.488405424144925
2018-02-02 17:00:00,338.708333333332,-29.4324696670185,-0.505079020960676,-0.505077741749657
2018-02-02 17:30:00,338.729166666668,-29.8445911477987,-0.570782663071425,-0.570781378988552
2018-02-02 18:00:00,338.75,-29.9662190073879,-0.590210580356497,-0.590209291402144
2018-02-02 18:30:00,338.770833333332,-31.6684025955975,-0.861422271309007,-0.861420977483547
2018-02-02 19:00:00,338.791666666668,-31.6868046614776,-0.864406479110348,-0.864405180414158
2018-02-02 19:30:00,338.8125,-32.258471781761,-0.955526322048277,-0.955525018481733
2018-02-02 20:00:00,338.833333333332,-32.1746200746702,-0.942221663937042,-0.942220355500521
2018-02-02 20:30:00,338.854166666668,-32.662629109434,-1.02001494724855,-1.02001363394243
2018-02-02 21:00:00,338.875,-32.5227255844327,-0.997781427655197,-0.997780109479853
2018-02-02 21:30:00,338.895833333332,-33.5553229575949,-1.16232825559581,-1.16232693255162
2018-02-02 22:00:00,338.916666666668,-33.4123165659631,-1.13960068026994,-1.13959935235729
2018-02-02 22:30:00,338.9375,-34.4605695246835,-1.30664168730303,-1.30664035452229
2018-02-02 23:00:00,338.958333333332,-34.064712362533,-1.24363503665493,-1.24363369900649
2018-02-02 23:30:00,338.979166666668,-34.8395218735849,-1.3671165401663,-1.36711519765054
2018-02-03,339,-34.4202326748428,-1.30037738242849,-1.30037603504578
2018-02-03 00:30:00,339.020833333332,-36.0924341232704,-1.56681429592147,-1.5668129436722
2018-02-03 01:00:00,339.041666666668,-35.7617440108179,-1.51418926900011,-1.51418791188467
2018-02-03 01:30:00,339.0625,-36.4696099150943,-1.62700707422642,-1.62700571224518
2018-02-03 02:00:00,339.083333333332,-36.3215053203704,-1.60346828378583,-1.60346691693918
2018-02-03 02:30:00,339.104166666668,-36.8836980886792,-1.69308048736753,-1.69307911565586
2018-02-03 03:00:00,339.125,-36.6092797527704,-1.64942006069172,-1.64941868411541
2018-02-03 03:30:00,339.145833333332,-36.7772703075472,-1.67623580294291,-1.67623442150235
2018-02-03 04:00:00,339.166666666668,-36.566669231746,-1.64274174437974,-1.64274035807531
2018-02-03 04:30:00,339.1875,-37.0196478993711,-1.71495652962252,-1.71495513845462
2018-02-03 05:00:00,339.208333333332,-36.7363851567282,-1.66988764855131,-1.66988625252031
2018-02-03 05:30:00,339.229166666668,-36.4607088810127,-1.62602741354483,-1.62602601265114
2018-02-03 06:00:00,339.25,-35.7988942280423,-1.52065517555714,-1.52065376980113
2018-02-03 06:30:00,339.270833333332,-37.0356353893082,-1.71772435195628,-1.71772294133834
2018-02-03 07:00:00,339.291666666668,-36.2547209478947,-1.59337966544762,-1.59337824996815
2018-02-03 07:30:00,339.3125,-36.147339563522,-1.57632939267399,-1.57632797233338
2018-02-03 08:00:00,339.333333333332,-35.6091577763158,-1.49065242430001,-1.49065099909864
2018-02-03 08:30:00,339.354166666668,-35.7155219509434,-1.50765220466577,-1.50765077460405
2018-02-03 09:00:00,339.375,-35.3372732806366,-1.44745292893516,-1.44745149401347
2018-02-03 09:30:00,339.395833333332,-35.5623796455696,-1.48336865788798,-1.48336721810672
2018-02-03 10:00:00,339.416666666668,-35.0339684328947,-1.39924861465255,-1.39924717001211
2018-02-03 11:00:00,339.458333333332,-35.130162274026,-1.41468519255571,-1.41468373819809
2018-02-03 11:30:00,339.479166666668,-34.8466579339474,-1.36957933828786,-1.36957787907225
2018-02-03 12:00:00,339.5,-34.4446428701299,-1.30559475740786,-1.30559329333466
2018-02-03 12:30:00,339.520833333332,-34.3718395157895,-1.29405395346773,-1.29405248453732
2018-02-03 13:00:00,339.541666666668,-33.5979677201299,-1.17083256218747,-1.17083108840026
2018-02-03 13:30:00,339.5625,-33.5860684928947,-1.16899406191901,-1.1689925832754
2018-02-03 14:00:00,339.583333333332,-32.9490453331169,-1.0675729888148,-1.06757150531519
2018-02-03 14:30:00,339.604166666668,-32.9787262552632,-1.07235846872826,-1.07235698037303
2018-02-03 15:00:00,339.625,-32.4386947188312,-0.986388463191507,-0.986386969981079
2018-02-03 15:30:00,339.645833333332,-32.4098263476316,-0.981847231477271,-0.981845733412038
2018-02-03 16:00:00,339.666666666668,-32.0228375863636,-0.920257282018048,-0.920255779098411
2018-02-03 16:30:00,339.6875,-32.081813105,-0.929709877341893,-0.929708369568254
2018-02-03 17:00:00,339.708333333332,-31.5895455467532,-0.851349172888507,-0.85134766026127
2018-02-03 17:30:00,339.729166666668,-31.521000025,-0.840487807933472,-0.840486290453038
2018-02-03 18:00:00,339.75,-31.1972922266234,-0.788979026250715,-0.788977503917491
2018-02-03 18:30:00,339.770833333332,-31.0876394868421,-0.771569484641621,-0.771567957456009
2018-02-03 19:00:00,339.791666666668,-30.854733874026,-0.734525788545666,-0.734524256508071
2018-02-03 19:30:00,339.8125,-30.8939263307895,-0.740827625636473,-0.740826088747302
2018-02-03 20:00:00,339.833333333332,-30.3565454214286,-0.655281029727869,-0.655279487987527
2018-02-03 20:30:00,339.854166666668,-30.3900052321053,-0.660669884694184,-0.660668338103078
2018-02-03 21:00:00,339.875,-30.953818225974,-0.750544496975481,-0.750542945534019
2018-02-03 21:30:00,339.895833333332,-30.7860158697368,-0.723872377391642,-0.723870821100232
2018-02-03 22:00:00,339.916666666668,-30.6239351064935,-0.698111827880975,-0.698110266740026
2018-02-03 22:30:00,339.9375,-30.4996262871053,-0.678368492231657,-0.678366926241578
2018-02-03 23:00:00,339.958333333332,-30.1186752714286,-0.617741987519278,-0.617740416680479
2018-02-03 23:30:00,339.979166666668,-30.5521973315789,-0.686861742016399,-0.686860166329291
2018-02-04,340,-30.0459999809211,-0.606283639026893,-0.606282058491886
2018-02-04 00:30:00,340.020833333332,-30.6472210076316,-0.702118191109487,-0.702116605726994
2018-02-04 01:00:00,340.041666666668,-28.5851817928571,-0.3736935996999,-0.373692009470332
2018-02-04 01:30:00,340.0625,-28.7460986261333,-0.399387611463756,-0.399386016387528
2018-02-04 02:00:00,340.083333333332,-27.496357137013,-0.200362860555633,-0.200361260633158
2018-02-04 02:30:00,340.104166666668,-27.7207830777778,-0.236174150838284,-0.236172546069975
2018-02-04 03:00:00,340.125,-26.8752272694805,-0.101536700017401,-0.101535090403674
2018-02-04 03:30:00,340.145833333332,-27.4598552126316,-0.194728658965623,-0.194727044506893
2018-02-04 04:00:00,340.166666666668,-26.9351104409091,-0.111196867791849,-0.111195248488533
2018-02-04 04:30:00,340.1875,-27.5505657992105,-0.20929988825291,-0.209298264105424
2018-02-04 05:00:00,340.208333333332,-26.2019091168831,0.00548142682357722,0.00548305581481567
2018-02-04 05:30:00,340.229166666668,-26.4095658039474,-0.0276592061101893,-0.0276575722756164
2018-02-04 06:00:00,340.25,-25.7718881940789,0.0738624024460564,0.0738640411235456
2018-02-04 06:30:00,340.270833333332,-25.9336992488127,0.0480247793168456,0.0480264228368317
2018-02-04 07:00:00,340.291666666668,-25.5924546136364,0.102324170998029,0.102325819360092
2018-02-04 07:30:00,340.3125,-25.9816263460526,0.0402675972829922,0.0402692504867125
2018-02-04 08:00:00,340.333333333332,-26.0544220292208,0.0286098382330019,0.0286114962779579
2018-02-04 08:30:00,340.354166666668,-26.4471341986842,-0.0340109617585946,-0.0340092988728244
2018-02-04 09:00:00,340.375,-25.5971104376623,0.101336843999874,0.101338511726036
2018-02-04 09:30:00,340.395833333332,-25.9884237036842,0.0389386582328143,0.0389403307989458
2018-02-04 10:30:00,340.4375,-24.5063182168831,0.274915367609452,0.274917049854251
2018-02-04 11:00:00,340.458333333332,-24.5838763005263,0.262498258527908,0.262499945611404
2018-02-04 11:30:00,340.479166666668,-24.0098182142857,0.35388395495075,0.353885646872518
2018-02-04 12:00:00,340.5,-23.9653684415789,0.360902552559998,0.360904249319612
2018-02-04 12:30:00,340.520833333332,-22.6623896461039,0.568405606861466,0.568407308458499
2018-02-04 13:00:00,340.541666666668,-22.8042184126316,0.545749668071561,0.545751374505586
2018-02-04 13:30:00,340.5625,-21.5613376701299,0.743678827621431,0.743680538892021
2018-02-04 14:00:00,340.583333333332,-21.8602683986842,0.695996202063601,0.695997918170326
2018-02-04 14:30:00,340.604166666668,-21.9372533675325,0.683669578669099,0.683671299611531
2018-02-04 15:00:00,340.625,-22.0883052884211,0.659543920930491,0.659545646708201
2018-02-04 15:30:00,340.645833333332,-21.1920194136364,0.802259806536241,0.802261537148799
2018-02-04 16:00:00,340.666666666668,-21.4912500392105,0.754528943365244,0.754530678812218
2018-02-04 16:30:00,340.6875,-21.1366818538961,0.810948582050785,0.810950322331744
2018-02-04 17:00:00,340.708333333332,-21.1654263023684,0.806306128331615,0.806307873446128
2018-02-04 17:30:00,340.729166666668,-19.2526688448052,1.11094619975059,1.11094794969823
2018-02-04 18:00:00,340.75,-19.2736052218421,1.1075473455701,1.10754910035042
2018-02-04 18:30:00,340.770833333332,-19.0933961084416,1.13619099585919,1.13619275547177
2018-02-04 19:00:00,340.791666666668,-19.4989579013158,1.07152080628967,1.07152257073406
2018-02-04 19:30:00,340.8125,-18.0160453727273,1.30768580977437,1.30768757905015
2018-02-04 20:00:00,340.833333333332,-18.7953289302632,1.18348124427275,1.18348301837948
2018-02-04 20:30:00,340.854166666668,-19.3469935142857,1.09553642804578,1.09553820698302
2018-02-04 21:00:00,340.875,-19.7701342092105,1.02806544333973,1.02806722710704
2018-02-04 21:30:00,340.895833333332,-18.83317535,1.17725917370245,1.1772609622994
2018-02-04 22:00:00,340.916666666668,-20.0079920784211,0.990045428014038,0.990047221440187
2018-02-04 22:30:00,340.9375,-19.5489090376623,1.06311296732856,1.06311476558347
2018-02-04 23:00:00,340.958333333332,-20.3182631181579,0.94048947954695,0.940491282630182
2018-02-04 23:30:00,340.979166666668,-18.9812662311688,1.15340909029425,1.15341089820536
2018-02-05,341,-19.2806896213166,1.1056456656802,1.10564747841875
2018-02-05 00:30:00,341.020833333332,-23.1839675909091,0.483785515402753,0.483787332968306
2018-02-05 01:00:00,341.041666666668,-23.7826701891821,0.388346467476003,0.388348289868114
2018-02-05 01:30:00,341.0625,-25.3677727590909,0.135773083391801,0.135774910610027
2018-02-05 02:00:00,341.083333333332,-25.4464526373684,0.123173794818706,0.123175626862606
2018-02-05 02:30:00,341.104166666668,-26.0270065090909,0.0306255046789362,0.0306273415480641
2018-02-05 03:00:00,341.125,-26.3046420994737,-0.0136678025314122,-0.0136659608374995
2018-02-05 03:30:00,341.145833333332,-27.1053311603896,-0.141284017126833,-0.141282170608581
2018-02-05 04:00:00,341.166666666668,-27.2787210568421,-0.168971142287811,-0.168969290945665
2018-02-05 04:30:00,341.1875,-28.8435325480519,-0.418312837552409,-0.418310981386814
2018-02-05 05:00:00,341.208333333332,-29.0917096952507,-0.457913856656291,-0.457911995667694
2018-02-05 05:30:00,341.229166666668,-28.7018505980519,-0.395875361793948,-0.395873495982797
2018-02-05 06:00:00,341.25,-28.4875657789474,-0.361806090605899,-0.361804219972641
2018-02-05 06:30:00,341.270833333332,-28.5117337019481,-0.365722627334301,-0.365720751879385
2018-02-05 07:00:00,341.291666666668,-28.2782052605263,-0.328588064746517,-0.328586184470393
2018-02-05 07:30:00,341.3125,-28.9665648967532,-0.438311047401471,-0.438309162304588
2018-02-05 08:00:00,341.333333333332,-28.6304737223684,-0.384838399513023,-0.38483650959583
2018-02-05 08:30:00,341.354166666668,-30.5832857272727,-0.695989779427321,-0.69598788469027
2018-02-05 09:00:00,341.375,-30.3921605213158,-0.665610545222541,-0.665608645666085
2018-02-05 10:00:00,341.416666666668,-30.9051886440252,-0.747470934086159,-0.747469024892247
2018-02-05 10:30:00,341.4375,-30.7140892629921,-0.717096160723578,-0.717094246711618
2018-02-05 11:00:00,341.458333333332,-30.0888616352201,-0.61756456304262,-0.617562644213065
2018-02-05 11:30:00,341.479166666668,-29.9571341665789,-0.596648008984342,-0.596646085337648
2018-02-05 12:00:00,341.5,-28.0688049641509,-0.29590365904778,-0.295901730584403
2018-02-05 12:30:00,341.520833333332,-27.9613097041995,-0.278847544348056,-0.278845611068449
2018-02-05 13:00:00,341.541666666668,-27.4462264654088,-0.196862488937626,-0.196860550842247
2018-02-05 13:30:00,341.5625,-27.4256815236842,-0.193657853230007,-0.193655910319313
2018-02-05 14:00:00,341.583333333332,-28.3488101379747,-0.340781204924627,-0.340779257199075
2018-02-05 14:30:00,341.604166666668,-28.2116324764957,-0.318997124740821,-0.31899517220087
2018-02-06 02:30:00,342.104166666668,-30.3274245877095,-0.657721028521268,-0.657718960574789
2018-02-06 03:30:00,342.145833333332,-30.2968794237477,-0.652997888239282,-0.652995810687786
2018-02-06 04:30:00,342.1875,-29.9509981174397,-0.598041936408891,-0.598039849254275
2018-02-06 05:30:00,342.229166666668,-30.3846364061224,-0.667264474311826,-0.667262377555995
2018-02-06 06:30:00,342.270833333332,-30.4259220844156,-0.673985422123077,-0.673983315767939
2018-02-06 07:30:00,342.3125,-30.6637885124304,-0.712022284893517,-0.712020168940985
2018-02-06 08:30:00,342.354166666668,-30.5943117068646,-0.701099611898705,-0.701097486350696
2018-02-06 10:00:00,342.416666666668,-30.498104906367,-0.685992211666228,-0.685990071728612
2018-02-06 11:00:00,342.458333333332,-29.3920262838649,-0.509939280577735,-0.509937131049459
2018-02-06 12:00:00,342.5,-28.9034344353933,-0.432252894570101,-0.4322507354531
2018-02-06 13:00:00,342.541666666668,-29.6610262341463,-0.553084914742477,-0.553082746038689
2018-02-06 14:00:00,342.583333333332,-28.2198670438202,-0.323654791663596,-0.323652613374968
2018-02-06 15:00:00,342.625,-27.6492190666667,-0.232898187409056,-0.232895999537536
2018-02-06 16:00:00,342.666666666668,-27.506410141573,-0.210297110298721,-0.210294912846264
2018-02-06 17:00:00,342.708333333332,-27.4947060104869,-0.208581580898793,-0.208579373867358
2018-02-06 18:00:00,342.75,-27.2024531882022,-0.162174904766952,-0.162172688158503
2018-02-06 19:00:00,342.791666666668,-27.5666647773408,-0.220343938675354,-0.220341712491859
2018-02-06 20:00:00,342.833333333332,-27.8910131277154,-0.272163190268016,-0.272160954511449
2018-02-06 21:00:00,342.875,-28.3362696947566,-0.343243667207257,-0.343241421879596
2018-02-06 22:00:00,342.916666666668,-28.8845243498127,-0.430732273122753,-0.430730018225982
2018-02-06 23:00:00,342.958333333332,-29.0512097284644,-0.457437080507163,-0.45743481604327
2018-02-07,343,-29.0812865020599,-0.462380499280421,-0.462378225251398
2018-02-07 01:00:00,343.041666666668,-29.6524176123595,-0.553514720253198,-0.553512436661044
2018-02-07 02:00:00,343.083333333332,-29.8274138670412,-0.581544835283421,-0.581542542130138
2018-02-07 03:00:00,343.125,-30.0599775314607,-0.618745939385022,-0.618743636672617
2018-02-07 04:00:00,343.166666666668,-30.5022176028143,-0.689349104431607,-0.689346792162093
2018-02-07 05:00:00,343.208333333332,-30.7742551733583,-0.732839348874503,-0.732837027049896
2018-02-07 06:00:00,343.25,-31.2774925018727,-0.813160339305201,-0.813158007927523
2018-02-07 07:00:00,343.291666666668,-31.7270917779026,-0.884937208890198,-0.884934867961477
2018-02-07 08:00:00,343.333333333332,-32.1231168465677,-0.948180128123021,-0.948177777645287
2018-02-07 09:30:00,343.395833333332,-32.7018029949343,-1.04059987004033,-1.0405975052429
2018-02-07 10:30:00,343.4375,-32.2317978159176,-0.965884699506156,-0.96588232516481
2018-02-07 11:30:00,343.479166666668,-32.0230075243446,-0.93278170609433,-0.93277932221112
2018-02-07 12:30:00,343.520833333332,-31.8336254874532,-0.902770920327132,-0.902768526904111
2018-02-08 06:30:00,344.270833333332,-27.6030519846011,-0.231758245048381,-0.23175568026532
2018-02-08 07:30:00,344.3125,-28.4242690222635,-0.362745315681332,-0.362742741398381
2018-02-08 09:00:00,344.375,-28.8938717042751,-0.437804130144344,-0.43780154161559
2018-02-08 10:00:00,344.416666666668,-29.3591059466543,-0.512084029790571,-0.512081431767309
2018-02-08 11:00:00,344.458333333332,-29.7115092992565,-0.568390344991309,-0.568387737475701
2018-02-08 12:00:00,344.5,-30.457585494052,-0.687409482117025,-0.687406865111236
2018-02-08 13:00:00,344.541666666668,-30.7251731860335,-0.730205515564353,-0.730202889070554
2018-02-08 14:00:00,344.583333333332,-29.220460963197,-0.490673362740795,-0.490670726761161
2018-02-08 15:00:00,344.625,-29.2501765427509,-0.495577111939048,-0.49557446647576
2018-02-08 16:00:00,344.666666666668,-27.9066691118959,-0.281725910749968,-0.28172325580521
2018-02-08 17:00:00,344.708333333332,-27.4425576288104,-0.207963568873173,-0.207960904449135
2018-02-08 18:00:00,344.75,-26.9448513230483,-0.128850004054564,-0.128847330153441
2018-02-08 19:00:00,344.791666666668,-26.3670148877323,-0.0369721085660015,-0.0369694251899915
2018-02-08 20:00:00,344.833333333332,-27.0555884536313,-0.146834687404995,-0.146831994556303
2018-02-08 21:00:00,344.875,-27.0739348193669,-0.149930050358895,-0.149927348039729
2018-02-08 22:00:00,344.916666666668,-26.7424274747212,-0.0972939232042432,-0.0972912114168182
2018-02-08 23:00:00,344.958333333332,-27.4035064929499,-0.202777968846044,-0.202775247592578
2018-02-09,345,-28.1330505892713,-0.31916900614113,-0.319166275423844
2018-02-09 01:00:00,345.041666666668,-28.7530427215213,-0.418108792970306,-0.41810605279143
2018-02-09 02:00:00,345.083333333332,-28.6718311564007,-0.405346785327886,-0.405344035689652
2018-02-09 03:00:00,345.125,-29.2951039350649,-0.504810092602183,-0.504807333506828
2018-02-09 04:00:00,345.166666666668,-29.8805065154562,-0.598241105657732,-0.598238337107499
2018-02-09 05:00:00,345.208333333332,-30.2303444962756,-0.654146965002533,-0.654144186999668
2018-02-09 06:00:00,345.25,-30.530016717658,-0.702061838267961,-0.702059050814716
2018-02-09 07:00:00,345.291666666668,-30.4310707992551,-0.686477012165487,-0.686474215264119
2018-02-09 08:30:00,345.354166666668,-30.9152830133962,-0.763879211233845,-0.763876400164532
2018-02-09 09:30:00,345.395833333332,-31.2012415028302,-0.809611069852291,-0.809608249340517
2018-02-09 10:30:00,345.4375,-31.7101406966229,-0.890857996829402,-0.890855166877439
2018-02-09 11:30:00,345.479166666668,-31.9890490386792,-0.935467671517032,-0.935464832127158
2018-02-09 12:30:00,345.520833333332,-32.1569716391304,-0.962397692909641,-0.962394844084139
2018-02-09 13:30:00,345.5625,-30.7270997905838,-0.73479837133563,-0.734795513076786
2018-02-09 14:30:00,345.604166666668,-29.8645149876405,-0.597568735986383,-0.597565868296491
2018-02-09 15:30:00,345.645833333332,-29.7741947872659,-0.583361858073305,-0.58335898095466
2018-02-09 16:30:00,345.6875,-29.1388164926966,-0.48232729053413,-0.482324403989034
2018-02-09 17:30:00,345.729166666668,-29.1907241938086,-0.490778327441216,-0.490775431471975
2018-02-09 18:30:00,345.770833333332,-28.3357659496255,-0.354765425303068,-0.354762519911993
2018-02-09 19:30:00,345.8125,-28.5960337198502,-0.396409278218595,-0.396406363408002
2018-02-09 20:30:00,345.854166666668,-29.3165580537453,-0.511372784542268,-0.511369860314478
2018-02-09 21:30:00,345.895833333332,-29.1038426996255,-0.477670995476994,-0.477668061834332
2018-02-09 22:30:00,345.9375,-29.4768838702247,-0.537281093110411,-0.537278150055205
2018-02-09 23:30:00,345.979166666668,-30.3968015200375,-0.684009458314817,-0.684006505849404
2018-02-10 00:30:00,346.020833333332,-30.9292075241509,-0.769007394971563,-0.769004433098282
2018-02-10 01:30:00,346.0625,-31.2161104970037,-0.814896976746905,-0.8148940054681
2018-02-10 02:30:00,346.104166666668,-30.3311423003745,-0.674107097132879,-0.674104116450898
2018-02-10 03:30:00,346.145833333332,-27.8765553771107,-0.283276285944319,-0.283273295861516
2018-02-10 04:30:00,346.1875,-25.5350412459662,0.0895414955048666,0.0895444949861335
2018-02-10 05:30:00,346.229166666668,-24.3463821762523,0.278708188768115,0.278711197645482
2018-02-10 06:30:00,346.270833333332,-23.092935067718,0.478195209954302,0.478198228225403
2018-02-10 08:00:00,346.333333333332,-21.7900684703704,0.68545994247001,0.68546297482726
2018-02-10 09:00:00,346.375,-20.8434888959259,0.836061614207766,0.836064655952809
2018-02-10 10:00:00,346.416666666668,-20.1624055485185,0.94436909463047,0.944372145760922
2018-02-10 11:00:00,346.458333333332,-20.3217407359259,0.918796849359784,0.918799909873256
2018-02-10 12:00:00,346.5,-20.4223814783333,0.902574218694785,0.902577288588883
2018-02-10 13:00:00,346.541666666668,-20.5783166787037,0.877542689033262,0.877545768305587
2018-02-10 14:00:00,346.583333333332,-19.3004981642593,1.08090869848876,1.08091178713691
2018-02-10 15:00:00,346.625,-19.3210648222222,1.07744057000481,1.07744366802638
2018-02-10 16:00:00,346.666666666668,-18.4421425987037,1.21726121109209,1.21726431848466
2018-02-10 17:00:00,346.708333333332,-17.8714240862963,1.30798432881723,1.30798744557839
2018-02-10 18:00:00,346.75,-17.7924870848148,1.32036584858154,1.32036897470886
2018-02-10 19:00:00,346.791666666668,-17.5824592344444,1.35362978251484,1.3536329180059
2018-02-10 20:00:00,346.833333333332,-17.7699166866667,1.32357357205836,1.32357671691073
2018-02-10 21:00:00,346.875,-17.8804814755556,1.30576596627995,1.30576912049119
2018-02-10 22:00:00,346.916666666668,-17.8816370355556,1.30538687740907,1.30539004097675
2018-02-10 23:00:00,346.958333333332,-18.3022703522222,1.23818423079758,1.23818740371924
2018-02-11,347,-18.3214868682828,1.23492711614052,1.23493029841371
2018-02-11 01:00:00,347.041666666668,-18.4099018818519,1.2206461802412,1.22064937186347
2018-02-11 02:00:00,347.083333333332,-18.7949092427778,1.15911742042103,1.15912062138992
2018-02-11 03:00:00,347.125,-21.0579036746296,0.798423527232191,0.79842673754524
2018-02-11 04:00:00,347.166666666668,-20.6253315061111,0.867134868931011,0.867138088585748
2018-02-11 05:00:00,347.208333333332,-20.5924666677778,0.872172096560548,0.872175325554499
2018-02-11 06:00:00,347.25,-20.5911740414815,0.872179397617245,0.872182635947932
2018-02-11 07:30:00,347.3125,-20.7442814472222,0.847490510901368,0.847493763232502
2018-02-11 08:30:00,347.354166666668,-20.7043740405556,0.853648047928005,0.853651309589659
2018-02-11 09:30:00,347.395833333332,-20.8228574609259,0.834573362743575,0.834576633733254
2018-02-11 10:30:00,347.4375,-21.015038872963,0.803758084647667,0.803761364962871
2018-02-11 11:30:00,347.479166666668,-21.1784275198885,0.777529064539106,0.777532354177332
2018-02-11 12:30:00,347.520833333332,-21.2520796912963,0.765594679139813,0.765597978098553
2018-02-11 13:30:00,347.5625,-21.9163666746296,0.659571296261676,0.659574604538415
2018-02-11 14:30:00,347.604166666668,-22.6872944390741,0.536559510985064,0.536562828577285
2018-02-11 15:30:00,347.645833333332,-23.8032610912963,0.358582334659581,0.358585661564761
2018-02-11 16:30:00,347.6875,-25.8252499827778,0.0362747186125755,0.0362780548281864
2018-02-11 17:30:00,347.729166666668,-27.0461499988889,-0.158419316568584,-0.158415971045074
2018-02-11 18:30:00,347.770833333332,-27.5258292842301,-0.235036808996785,-0.235033454167912
2018-02-11 19:30:00,347.8125,-26.7980722238889,-0.119309277948389,-0.119305913816694
2018-02-11 20:30:00,347.854166666668,-25.4221280324675,0.0996744771490529,0.0996778505810229
2018-02-11 21:30:00,347.895833333332,-24.6386573933333,0.224276322948907,0.224279705678602
2018-02-11 22:30:00,347.9375,-23.7522999853704,0.365267655623328,0.365271047648192
2018-02-11 23:30:00,347.979166666668,-23.0626753604824,0.474918866547892,0.474922267865365
2018-02-12 00:30:00,348.020833333332,-22.9970185092593,0.485171116520102,0.48517452712762
2018-02-12 01:30:00,348.0625,-23.0586685225926,0.475142843386979,0.475146263281973
2018-02-12 02:30:00,348.104166666668,-23.0403203753704,0.477857885897899,0.477861315077794
2018-02-12 03:30:00,348.145833333332,-22.930148122963,0.495200125589896,0.495203564052113
2018-02-12 04:30:00,348.1875,-21.4398833448148,0.732391642576669,0.732395090318625
2018-02-12 05:30:00,348.229166666668,-20.6645925805556,0.855686840041889,0.855690297060997
2018-02-12 07:00:00,348.291666666668,-20.1748227365672,0.933392923111908,0.93339639404188
2018-02-12 08:00:00,348.333333333332,-21.4195275534772,0.73490026100331,0.734903741203944
2018-02-12 09:00:00,348.375,-22.5452700271881,0.555357937374761,0.555361426843451
2018-02-12 10:00:00,348.416666666668,-22.5008733517691,0.562219168702962,0.562222667437101
2018-02-12 11:00:00,348.458333333332,-23.183117296648,0.453325582364195,0.453329090361168
2018-02-12 12:00:00,348.5,-24.0757225862197,0.310920836010324,0.310924353267513
2018-02-12 13:00:00,348.541666666668,-24.5831452702048,0.229875506612632,0.229879033127415
2018-02-12 14:00:00,348.583333333332,-25.0958938310987,0.147981313956404,0.147984849726154
2018-02-12 15:00:00,348.625,-25.6609273798883,0.0577576382130129,0.0577611832350958
2018-02-12 16:00:00,348.666666666668,-26.3279090863636,-0.0487068989455742,-0.0487033446737937
2018-02-12 19:30:00,348.8125,-27.2827126358268,-0.201559866956859,-0.201556280331968
2018-02-12 20:00:00,348.833333333332,-27.0180986271127,-0.159514552968125,-0.159510961724015
2018-02-12 20:30:00,348.854166666668,-27.187984032,-0.186685417687736,-0.186681821825071
2018-02-12 21:00:00,348.875,-26.4612491715789,-0.0710241450169872,-0.0710205445364323
2018-02-12 21:30:00,348.895833333332,-27.1499172996063,-0.180837691465771,-0.180834086367993
2018-02-12 22:00:00,348.916666666668,-26.5729894996491,-0.0890410137576414,-0.0890374040433066
2018-02-12 22:30:00,348.9375,-26.6017755582677,-0.0937350981387401,-0.0937314838085158
2018-02-12 23:00:00,348.958333333332,-26.2761544,-0.0419719711597453,-0.0419683522142996
2018-02-12 23:30:00,348.979166666668,-26.9215612652174,-0.144894413770253,-0.144890790210255
2018-02-13,349,-25.9482009223214,0.0100538051368676,0.0100574333107506
2018-02-13 00:30:00,349.020833333332,-26.5504645704724,-0.0859961152019532,-0.0859924824148557
2018-02-13 01:00:00,349.041666666668,-26.2890070350877,-0.04445474527569,-0.0444511078760484
2018-02-13 01:30:00,349.0625,-26.542307019685,-0.0849147276185427,-0.0849110856070273
2018-02-13 02:00:00,349.083333333332,-26.3605315024476,-0.056066983078785,-0.0560633364560673
2018-02-13 13:30:00,349.5625,-29.0557254153989,-0.487956213633713,-0.487952461139952
2018-02-13 15:00:00,349.625,-29.8187495131725,-0.609842519914499,-0.609838753638042
2018-02-13 16:00:00,349.666666666668,-29.191611112037,-0.510163494737804,-0.510159719276317
2018-02-13 17:00:00,349.708333333332,-29.9844953909091,-0.636695541484874,-0.636691756841108
2018-02-13 21:00:00,349.875,-28.3507731535714,-0.377346919689189,-0.377343098343922
2018-02-13 21:30:00,349.895833333332,-28.294590147541,-0.368510488203821,-0.368506662273983
2018-02-13 22:00:00,349.916666666668,-27.7761311014799,-0.286033264092359,-0.286029433578642
2018-02-13 22:30:00,349.9375,-27.6393077276923,-0.264350986179942,-0.264347151083043
2018-02-13 23:00:00,349.958333333332,-26.4692763734177,-0.0780780495025849,-0.0780742098231987
2018-02-13 23:30:00,349.979166666668,-26.1943383738462,-0.0343942347293461,-0.0343903904681689
2018-02-14,350,-26.1513552150106,-0.0276611026836617,-0.0276572538413898
2018-02-14 00:30:00,350.020833333332,-25.9205385092308,0.00899393679245875,0.00899779021512781
2018-02-14 01:00:00,350.041666666668,-26.1414714621564,-0.0263151780003733,-0.0263113199980047
2018-02-14 01:30:00,350.0625,-25.7695230323077,0.0328220243664432,0.0328258869478132
2018-02-14 02:00:00,350.083333333332,-26.1187885784355,-0.0229307858101538,-0.0229269186504817
2018-02-14 02:30:00,350.104166666668,-25.9884922923077,-0.00228916417496761,-0.0022852924376926
2018-02-14 03:00:00,350.125,-25.4551078334038,0.0825645806826365,0.0825684569968146
2018-02-14 03:30:00,350.145833333332,-25.3209998984615,0.103813179207351,0.103817060097731
2018-02-14 04:00:00,350.166666666668,-24.5172573953587,0.231734932245944,0.231738817711825
2018-02-14 04:30:00,350.1875,-24.3682727227273,0.255353184284036,0.255357074324716
2018-02-14 05:00:00,350.208333333332,-23.2439683310127,0.434340453853872,0.434344348468649
2018-02-14 05:30:00,350.229166666668,-23.0991665787879,0.457292142309418,0.45729604149759
2018-02-14 06:00:00,350.25,-22.6466616896406,0.529261049701057,0.529264953461919
2018-02-14 06:30:00,350.270833333332,-22.4989394560606,0.552677751610056,0.552681659942904
2018-02-14 07:00:00,350.291666666668,-22.21794292537,0.59732503365368,0.597328946557811
2018-02-14 07:30:00,350.3125,-22.0833939393939,0.618643006551387,0.618646924026094
2018-02-14 08:00:00,350.333333333332,-21.5697890130802,0.700344751018047,0.700348673062625
2018-02-14 08:30:00,350.354166666668,-21.6029242954545,0.694950278943398,0.694954205557141
2018-02-14 09:00:00,350.375,-20.876814321308,0.810504008223386,0.810507939405586
2018-02-14 09:30:00,350.395833333332,-20.8656211348485,0.812170871776239,0.81217480752619
2018-02-14 10:00:00,350.416666666668,-20.2543671040084,0.90942774610439,0.909431686421383
2018-02-14 10:30:00,350.4375,-20.2892878848485,0.903748400636974,0.9037523455203
2018-02-14 11:00:00,350.458333333332,-19.6440674985232,1.00641591862071,1.00641986806966
2018-02-14 11:30:00,350.479166666668,-19.4980757469697,1.02955584782975,1.02955980184361
2018-02-14 12:00:00,350.5,-19.123839642827,1.08905515502684,1.08905911360491
2018-02-14 12:30:00,350.520833333332,-18.9560605333333,1.11566560496895,1.11566956811051
2018-02-14 13:00:00,350.541666666668,-19.0297447590717,1.10381066260018,1.10381463030453
2018-02-14 13:30:00,350.5625,-19.0179544212121,1.10557176885306,1.10557574111947
2018-02-14 14:30:00,350.604166666668,-18.5354969233129,1.18219305578899,1.1821970371774
2018-02-14 15:00:00,350.625,-18.4971835469388,1.18817896979887,1.18818295574722
2018-02-14 15:30:00,350.645833333332,-18.5183231554192,1.184693870455,1.18469786096256
2018-02-14 16:00:00,350.666666666668,-18.587079922,1.17362321343237,1.17362720849843
2018-02-14 16:30:00,350.6875,-18.7571247437628,1.14641718648712,1.14642118611097
2018-02-14 17:00:00,350.708333333332,-18.95785999,1.11432204265598,1.1143260468369
2018-02-14 17:30:00,350.729166666668,-18.8387055151329,1.1331854496736,1.13318945841087
2018-02-14 18:00:00,350.75,-18.910379984,1.12164955928054,1.12165357257345
2018-02-14 18:30:00,350.770833333332,-19.1130367932515,1.08924797817265,1.08925199602048
2018-02-14 19:00:00,350.791666666668,-19.313959988,1.05712245281908,1.0571264752211
2018-02-14 22:30:00,350.9375,-20.4290741664193,0.878652662966585,0.878656717227852
2018-02-14 23:30:00,350.979166666668,-20.4046865150278,0.882299126123664,0.882303189481073
2018-02-15 00:30:00,351.020833333332,-20.3472356630798,0.89121214026645,0.891216212717106
2018-02-15 01:30:00,351.0625,-20.394328380705,0.883470848700241,0.883474930241244
2018-02-15 02:30:00,351.104166666668,-20.4438311612245,0.875345192147585,0.875349282776029
2018-02-15 03:30:00,351.145833333332,-20.7345547684601,0.828792445397523,0.828796545110499
2018-02-15 04:30:00,351.1875,-16.363172570872,1.52491604495499,1.52492015374959
2018-02-15 05:30:00,351.229166666668,-18.6684685246296,1.15743960389114,1.15744372176444
2018-02-15 06:30:00,351.270833333332,-20.5221296690741,0.861908470942679,0.861912597891749
2018-02-15 07:30:00,351.3125,-21.0079944222222,0.78426784094368,0.784271976965598
2018-02-15 08:30:00,351.354166666668,-21.2717629692593,0.742006855786758,0.742011000878592
2018-02-15 09:30:00,351.395833333332,-21.5141610903704,0.703149755371647,0.703153909530461
2018-02-15 10:30:00,351.4375,-21.5663814862963,0.694587663226589,0.694591826449441
2018-02-15 11:30:00,351.479166666668,-20.7921667101852,0.81767684543724,0.817681017721185
2018-02-15 12:30:00,351.520833333332,-20.7076073807407,0.830902983152105,0.830907164494192
2018-02-15 18:30:00,351.770833333332,-18.320940619666,1.20962614828606,1.20963038391479
2018-02-16 13:30:00,352.5625,-18.206064925603,1.22315257990538,1.223156986729
2018-02-16 15:00:00,352.625,-18.7679925535448,1.13325355372106,1.1332579740133
2018-02-16 16:00:00,352.666666666668,-19.9711177663551,0.941338600845325,0.941343030112819
2018-02-16 17:00:00,352.708333333332,-20.7130093136194,0.822898065144817,0.822902503384477
2018-02-16 18:00:00,352.75,-20.9893619708955,0.778617772081279,0.778622219290023
2018-02-16 19:00:00,352.791666666668,-20.8117799210821,0.806649167158284,0.806653623333025
2018-02-16 20:00:00,352.833333333332,-21.0465317343284,0.76899504823694,0.768999513374585
2018-02-16 21:00:00,352.875,-21.7728693908582,0.653030518365363,0.653034992462816
2018-02-16 22:00:00,352.916666666668,-22.6893824365672,0.506770478406481,0.506774961460642
2018-02-16 23:00:00,352.958333333332,-23.178170088785,0.42864696473191,0.428651456739674
2018-02-17,353,-23.8586343460821,0.319988796469957,0.319993297428213
2018-02-17 01:00:00,353.041666666668,-25.5104683003731,0.0565903070335165,0.0565948169391511
2018-02-17 02:00:00,353.083333333332,-26.3840037182836,-0.0828251035330405,-0.0828205846831456
2018-02-17 03:00:00,353.125,-27.3694869397388,-0.240074313227239,-0.240069785436207
2018-02-17 04:00:00,353.166666666668,-28.2477649,-0.380246082092897,-0.380241545363855
2018-02-17 05:00:00,353.208333333332,-28.8248526488806,-0.472438468807202,-0.472433923143282
2018-02-17 06:00:00,353.25,-28.935942195709,-0.49039744254814,-0.490392887952479
2018-02-17 07:00:00,353.291666666668,-29.1779943626168,-0.529219288742321,-0.52921472521806
2018-02-17 08:00:00,353.333333333332,-29.369561586194,-0.55999928073915,-0.559994708289433
2018-02-17 09:00:00,353.375,-29.8868115608209,-0.642661200932593,-0.64265661956057
2018-02-17 10:00:00,353.416666666668,-29.5081492343284,-0.582604084410097,-0.582599494118922
2018-02-17 11:00:00,353.458333333332,-29.8272239005597,-0.63369740238688,-0.633692803179712
2018-02-17 12:00:00,353.5,-30.0574570802239,-0.670638640877706,-0.670634032757707
2018-02-17 13:00:00,353.541666666668,-29.6275484897388,-0.602419256313885,-0.602414639284224
2018-02-17 14:30:00,353.604166666668,-30.7921940539179,-0.788346979604342,-0.788342349216136
2018-02-17 15:30:00,353.645833333332,-30.1995989033582,-0.694212590856093,-0.694207951566162
2018-02-17 16:30:00,353.6875,-30.4735382895327,-0.73811820524435,-0.738113557055877
2018-02-17 17:30:00,353.729166666668,-29.9258861526119,-0.651144134945796,-0.651139477861969
2018-02-17 18:30:00,353.770833333332,-29.5236716307836,-0.587338812587615,-0.587334146611625
2018-02-17 19:30:00,353.8125,-29.5420074246729,-0.590527887841099,-0.590523212976142
2018-02-17 20:30:00,353.854166666668,-28.7980037350746,-0.472276170247766,-0.472271486497043
2018-02-17 21:30:00,353.895833333332,-28.3814477320896,-0.406187534642289,-0.406182842009005
2018-02-17 22:30:00,353.9375,-28.119996275,-0.36480759541191,-0.364802893899274
2018-02-17 23:30:00,353.979166666668,-26.9995951404851,-0.186596789987863,-0.18659207959909
2018-02-18 00:30:00,354.020833333332,-25.8149011419776,0.00185548351686848,0.00186020277856069
2018-02-18 01:30:00,354.0625,-24.8328134557836,0.15803199572582,0.158036723857209
2018-02-18 02:30:00,354.104166666668,-25.3060391544776,0.0823756149168122,0.0823803519146706
2018-02-18 03:30:00,354.145833333332,-25.3936305820896,0.0681506183887477,0.0681553642498441
2018-02-18 04:30:00,354.1875,-25.6001921419776,0.034973164229376,0.0349779189504744
2018-02-18 05:30:00,354.229166666668,-25.4704496115672,0.055368761578843,0.0553735251567035
2018-02-18 06:30:00,354.270833333332,-25.3123712630597,0.0802778447372712,0.0802826171686488
2018-02-18 07:30:00,354.3125,-24.9732910259328,0.134020227975768,0.134025009257414
2018-02-18 08:30:00,354.354166666668,-24.703602583209,0.17670801879459,0.17671280892325
2018-02-18 09:30:00,354.395833333332,-24.6474776277985,0.185374563626644,0.185379362599061
2018-02-18 10:30:00,354.4375,-25.0719366402985,0.117483309237191,0.117488117050102
2018-02-18 11:30:00,354.479166666668,-25.3071828154851,0.0797333654842409,0.0797381821343794
2018-02-18 12:30:00,354.520833333332,-24.8405727742537,0.153789189141448,0.153794014625543
2018-02-18 14:00:00,354.583333333332,-26.2245381824953,-0.0670915282786602,-0.0670866895497736
2018-02-18 15:00:00,354.625,-25.7796685236499,0.00349996399597563,0.00350481155062199
2018-02-18 16:00:00,354.666666666668,-26.2660596163873,-0.0742594758720104,-0.0742546194948913
2018-02-18 17:00:00,354.708333333332,-26.8315139145251,-0.164614169642896,-0.164609304446595
2018-02-18 18:00:00,354.75,-30.1346392569138,-0.691082245777264,-0.691077371765075
2018-02-18 19:00:00,354.791666666668,-26.8689795031657,-0.171138590460867,-0.17113370763609
2018-02-18 20:00:00,354.833333333332,-26.3505753860335,-0.0888351496358288,-0.0888302580017696
2018-02-18 21:00:00,354.875,-25.7118528629423,0.0126346710265356,0.0126395714665708
2018-02-18 22:00:00,354.916666666668,-25.375104294041,0.0659993969223096,0.0660043061650073
2018-02-18 23:00:00,354.958333333332,-24.3732420716946,0.225316775183784,0.225321693225827
2018-02-19,355,-22.4256647594041,0.535286815309968,0.535291742148036
2018-02-19 01:00:00,355.041666666668,-22.3883389104283,0.540952004601683,0.540956940232449
2018-02-19 02:00:00,355.083333333332,-22.8025307188082,0.474689680921311,0.474694625341444
2018-02-19 03:00:00,355.125,-21.4568547700186,0.688775121230071,0.688780074436238
2018-02-19 04:00:00,355.166666666668,-22.8103519370577,0.47287992811833,0.472884890107192
2018-02-19 05:00:00,355.208333333332,-21.5044898009311,0.680622145349724,0.680627116117936
2018-02-19 06:00:00,355.25,-21.6659888223464,0.654612254673124,0.654617234217341
2018-02-19 07:00:00,355.291666666668,-21.0520205018622,0.752134438947471,0.75213942726434
2018-02-19 08:00:00,355.333333333332,-20.3726126299814,0.860080763896366,0.86008576098253
2018-02-19 09:00:00,355.375,-21.3540297549348,0.703456053522215,0.703461059374314
2018-02-19 10:00:00,355.416666666668,-20.5486219774674,0.831473400655109,0.831478415269778
2018-02-19 11:00:00,355.458333333332,-21.5779422837989,0.667216826729905,0.667221850103774
2018-02-19 12:00:00,355.5,-22.1752364672253,0.571781896871093,0.571786929000789
2018-02-19 13:30:00,355.5625,-14.1138829035316,1.85553217239071,1.85553721764781
2018-02-19 14:30:00,355.604166666668,-12.5615241609665,2.10253742534277,2.10254247934725
2018-02-19 15:30:00,355.645833333332,-11.8753513072491,2.21155822168406,2.21156328443252
2018-02-19 16:30:00,355.6875,-10.5087602214498,2.42896970324806,2.42897477473711
2018-02-19 17:30:00,355.729166666668,-8.32655575702602,2.77630855363852,2.77631363386477
2018-02-19 18:30:00,355.770833333332,-5.69309851394052,3.1955318690524,3.19553695801244
2018-02-19 19:30:00,355.8125,-3.83797768953532,3.49076521182129,3.49077030951171
2018-02-19 20:30:00,355.854166666668,-7.42734387198885,2.91868745890781,2.9186925653252
2018-02-19 21:30:00,355.895833333332,-9.95662639263941,2.51548136622422,2.51548648136517
2018-02-19 22:30:00,355.9375,-11.5732676557621,2.25765925355373,2.25766437741483
2018-02-19 23:30:00,355.979166666668,-13.0384851503717,2.02395863106961,2.02396376364743
2018-02-20 00:30:00,356.020833333332,-13.7053457249071,1.91743641227083,1.91744155356194
2018-02-20 01:30:00,356.0625,-13.4466914613383,1.95834894451724,1.9583540945182
2018-02-20 02:30:00,356.104166666668,-15.5989776998141,1.61519650800044,1.61520166670782
2018-02-20 03:30:00,356.145833333332,-20.1523457377323,0.889549601239677,0.88955476865004
2018-02-20 04:30:00,356.1875,-20.0312490648699,0.90854783973574,0.908553015845638
2018-02-20 05:30:00,356.229166666668,-20.3109089163569,0.863704854066893,0.863710038872877
2018-02-20 06:30:00,356.270833333332,-20.0157432921171,0.910431554158385,0.910436747657
2018-02-20 07:30:00,356.3125,-20.0644572447955,0.902377568756286,0.902382770944075
2018-02-20 08:30:00,356.354166666668,-20.0020390492565,0.912026590982317,0.912031801855817
2018-02-20 09:30:00,356.395833333332,-19.8621061560521,0.934023337090963,0.934028556646708
2018-02-20 10:30:00,356.4375,-19.6543680518587,0.966821079067157,0.966826307301675
2018-02-20 11:30:00,356.479166666668,-19.6009145122677,0.975040757102398,0.975045994012215
2018-02-20 13:00:00,356.541666666668,-19.7231077791822,0.955131226889294,0.955136476805534
2018-02-20 14:00:00,356.583333333332,-19.9287119310409,0.92208177384868,0.922087032431511
2018-02-20 15:00:00,356.625,-20.3411858583643,0.856077395729834,0.856082662975767
2018-02-20 16:00:00,356.666666666668,-15.5519702355019,1.61870545828417,1.61871073418971
2018-02-20 17:00:00,356.708333333332,-11.1640204373606,2.31741116650068,2.31741645106232
2018-02-20 18:00:00,356.75,-9.20337360260223,2.62944535651209,2.62945064972634
2018-02-20 19:00:00,356.791666666668,-7.83357433226766,2.84735668587913,2.84736198774248
2018-02-20 20:00:00,356.833333333332,-7.13846653953532,2.95778875946972,2.95779406997865
2018-02-20 21:00:00,356.875,-6.32784758888476,3.08662142196406,3.08662674111507
2018-02-20 22:00:00,356.916666666668,-5.93385130834572,3.1490853744412,3.14909070223076
2018-02-20 23:00:00,356.958333333332,-5.71285129934944,3.18399047644535,3.18399581286993
2018-02-21,357,-5.6663475789777,3.19109777433737,3.19110311939345
2018-02-21 01:00:00,357.041666666668,-5.68927880386617,3.18714361534754,3.18714896903158
2018-02-21 02:00:00,357.083333333332,-5.69016914739777,3.18670016418014,3.1867055264886
2018-02-21 03:00:00,357.125,-5.70089963083643,3.18468875151981,3.18469412244916
2018-02-21 04:00:00,357.166666666668,-5.77188661814126,3.17307801471459,3.17308339426127
2018-02-21 05:00:00,357.208333333332,-5.81525466165427,3.16586657552834,3.16587196368881
2018-02-21 06:00:00,357.25,-5.92143495118959,3.14864868095563,3.14865407772634
2018-02-21 07:00:00,357.291666666668,-6.2478215570632,3.09635134327491,3.09635674865229
2018-02-21 08:00:00,357.333333333332,-6.48536430236059,3.05820647667543,3.05821189065592
2018-02-21 09:00:00,357.375,-6.6116319605948,3.03778739172204,3.03779281430208
2018-02-21 10:00:00,357.416666666668,-6.53584759301115,3.04955491978485,3.04956035096086
2018-02-21 11:00:00,357.458333333332,-6.84904833109665,2.99935642361193,2.99936186338033
2018-02-21 12:30:00,357.520833333332,-7.34256124173719,2.92028058695868,2.92028603960897
2018-02-21 13:30:00,357.5625,-9.97124489411874,2.50122296122839,2.50122842246212
2018-02-21 14:30:00,357.604166666668,-7.61780519163265,2.8758207278349,2.87582619764848
2018-02-21 16:30:00,357.6875,-8.75570872684601,2.69393690741132,2.69394239437381
2018-02-21 17:30:00,357.729166666668,-9.02410761662338,2.65087265847612,2.65087815400766
2018-02-21 18:30:00,357.770833333332,-7.68053989391466,2.86459542509141,2.86460092918839
2018-02-21 19:30:00,357.8125,-9.14578664432282,2.63087162133421,2.63087713399302
2018-02-21 20:30:00,357.854166666668,-10.233643785436,2.45726583459175,2.45727135580879
2018-02-21 21:30:00,357.895833333332,-10.9771966710575,2.3385075445186,2.33851307429023
2018-02-21 22:30:00,357.9375,-11.9480917780899,2.18353305899731,2.18353859731991
2018-02-21 23:30:00,357.979166666668,-13.457941959176,1.94270222807855,1.94270777494849
2018-02-22 00:30:00,358.020833333332,-14.9723445552434,1.70114577740253,1.70115133281618
2018-02-22 01:30:00,358.0625,-16.263867073221,1.49509386580092,1.49509942975465
2018-02-22 02:30:00,358.104166666668,-18.580979391573,1.12566434962214,1.1256699221123
2018-02-22 03:30:00,358.145833333332,-19.223350217603,1.02302193364257,1.02302751466551
2018-02-22 04:30:00,358.1875,-19.6043370775281,0.962017754093182,0.962023343645264
2018-02-22 05:30:00,358.229166666668,-19.9399119919476,0.90824731391658,0.908252911994144
2018-02-22 06:30:00,358.270833333332,-20.2788314808989,0.853943664789332,0.853949271388722
2018-02-22 07:30:00,358.3125,-20.3476497979401,0.842666909688,0.842672524805551
2018-02-22 08:30:00,358.354166666668,-20.4955203751456,0.818796657534759,0.818802281166806
2018-02-22 09:30:00,358.395833333332,-21.2984484015009,0.690574870265005,0.690580502407876
2018-02-22 10:30:00,358.4375,-21.3457359762172,0.682726731737776,0.682732372387796
2018-02-22 12:00:00,358.5,-21.7090464011132,0.62437755216749,0.624383205571335
2018-02-22 13:00:00,358.541666666668,-22.1318886384045,0.556702250239692,0.556707912141481
2018-02-22 14:00:00,358.583333333332,-22.3066197105751,0.52855081959189,0.528556489987932
2018-02-22 15:00:00,358.625,-23.2861134167286,0.372199711792577,0.37220539067918
2018-02-22 16:00:00,358.666666666668,-23.2949888573284,0.370468373009525,0.370474060382989
2018-02-22 17:00:00,358.708333333332,-23.9237513588126,0.269988168309248,0.269993864165872
2018-02-22 18:00:00,358.75,-23.5433357849722,0.330270338202728,0.330276042538806
2018-02-22 19:00:00,358.791666666668,-21.118250470872,0.716269445052421,0.716275157864241
2018-02-22 20:00:00,358.833333333332,-19.2837087454545,1.00819412256534,1.00819984384919
2018-02-22 21:00:00,358.875,-15.9768219076067,1.53466401515796,1.53466974491012
2018-02-22 22:00:00,358.916666666668,-15.618120593692,1.59148543365587,1.59149117187261
2018-02-22 23:00:00,358.958333333332,-17.1808311907236,1.34222414851696,1.34222989519456
2018-02-23,359,-16.3301855469388,1.47741182415985,1.47741757929458
2018-02-23 01:00:00,359.041666666668,-15.2680686705009,1.64628660545448,1.64629236904259
2018-02-23 02:00:00,359.083333333332,-14.4559481592593,1.7753363744577,1.77534214649546
2018-02-23 03:00:00,359.125,-13.8486499831481,1.87175738660573,1.87176316708941
2018-02-23 04:00:00,359.166666666668,-14.7667166738889,1.72518627308451,1.72519206201034
2018-02-23 05:00:00,359.208333333332,-16.4273740790741,1.4603195159179,1.46032531328214
2018-02-23 06:00:00,359.25,-17.718894467037,1.25425613738017,1.25426194317906
2018-02-23 07:00:00,359.291666666668,-18.6663647792593,1.10299976993159,1.10300558416137
2018-02-23 08:00:00,359.333333333332,-19.5038649942966,0.969261305877776,0.969267128534679
2018-02-23 09:00:00,359.375,-20.4434518783333,0.819259950993246,0.819265782073504
2018-02-23 10:00:00,359.416666666668,-20.7997091530418,0.762183008388865,0.762188847888705
2018-02-23 11:30:00,359.479166666668,-21.4204638076067,0.662808221182798,0.662814073304927
2018-02-23 12:30:00,359.520833333332,-21.5591187369202,0.640394460079456,0.640400320611716
2018-02-23 13:30:00,359.5625,-21.4525639666048,0.657042368600355,0.657048237538959
2018-02-23 14:30:00,359.604166666668,-20.1966604955473,0.856781935899,0.856787813240155
2018-02-23 15:30:00,359.645833333332,-15.0716994601113,1.67286472765761,1.67287061339752
2018-02-23 16:30:00,359.6875,-12.6000333860853,2.06627532573238,2.06628121986725
2018-02-23 17:30:00,359.729166666668,-10.9727681006122,2.32517186468544,2.32517776721146
2018-02-23 18:30:00,359.770833333332,-11.0222077820037,2.31696769430509,2.31697360521845
2018-02-23 19:30:00,359.8125,-11.5471057521336,2.23302226901077,2.23302818830766
2018-02-23 20:30:00,359.854166666668,-12.2583654927644,2.11938887091823,2.11939479859483
2018-02-23 21:30:00,359.895833333332,-12.7233803191095,2.04498205422881,2.04498799028131
2018-02-23 22:30:00,359.9375,-12.2447922213358,2.12089144841847,2.12089739284303
2018-02-23 23:30:00,359.979166666668,-11.0814471111317,2.30588271494997,2.30588866774277
2018-02-24 00:30:00,360.020833333332,-10.889051955436,2.33620055097083,2.33620651212804
2018-02-24 01:30:00,360.0625,-10.6149165225232,2.37953926282986,2.37954523234763
2018-02-24 02:30:00,360.104166666668,-10.6301111044259,2.37678708800469,2.3767930658792
2018-02-24 03:30:00,360.145833333332,-10.698374049,2.36558067668743,2.36558666291482
2018-02-24 04:30:00,360.1875,-10.6333629585741,2.37560450615987,2.37561050073629
2018-02-24 05:30:00,360.229166666668,-11.2261962998148,2.28083283950951,2.2808388424311
2018-02-24 06:30:00,360.270833333332,-12.810259245,2.028157180722,2.02816319198491
2018-02-24 07:30:00,360.3125,-13.2493462918519,1.95787659303973,1.9578826126401
2018-02-24 08:30:00,360.354166666668,-13.1069166727778,1.98023161825641,1.98023764619037
2018-02-24 09:30:00,360.395833333332,-12.963640747963,2.00272105321165,2.00272708947534
2018-02-24 11:00:00,360.458333333332,-12.9497611865672,2.00442953043378,2.00443557918478
2018-02-24 12:00:00,360.5,-12.627684716791,2.05540100229826,2.0554070593693
2018-02-24 13:00:00,360.541666666668,-12.4894477511194,2.07708630301528,2.07709236840246
2018-02-24 14:00:00,360.583333333332,-11.9911791,2.15612450190982,2.15613057560925
2018-02-24 15:00:00,360.625,-11.4687537216418,2.23901047829117,2.23901656029897
2018-02-24 16:00:00,360.666666666668,-10.3347593270336,2.41931942974353,2.4193255200558
2018-02-24 17:00:00,360.708333333332,-9.32512501037314,2.57981732583009,2.57982342444292
2018-02-24 18:00:00,360.75,-7.81911194350746,2.8193883056362,2.81939441254569
2018-02-24 19:00:00,360.791666666668,-5.60789365451493,3.17129857554223,3.17130469074447
2018-02-24 20:00:00,360.833333333332,-4.0000970133209,3.42708294018172,3.42708906367279
2018-02-24 21:00:00,360.875,-2.73374813214552,3.62847402726135,3.62848015903735
2018-02-24 22:00:00,360.916666666668,-1.98447201541045,3.7474946482469,3.7475007883039
2018-02-24 23:00:00,360.958333333332,-1.66977612047948,3.7972859243046,3.79729207263868
2018-02-25,361,-1.4756399233209,3.82787154948989,3.82787770609711
2018-02-25 01:00:00,361.041666666668,-1.91226306444776,3.75797635664861,3.75798252152504
2018-02-25 02:00:00,361.083333333332,-4.25751119546642,3.38403543447611,3.38404160761782
2018-02-25 03:00:00,361.125,-6.44204291843284,3.03569634661655,3.03570252801959
2018-02-25 04:00:00,361.166666666668,-8.49623321526119,2.70812033691982,2.70812652658025
2018-02-25 05:00:00,361.208333333332,-10.2417556011567,2.42971494202339,2.42972113993726
2018-02-25 06:00:00,361.25,-11.644210825,2.20595998738819,2.20596619355154
2018-02-25 07:00:00,361.291666666668,-12.9941101005597,1.99057682923376,1.99058304364263
2018-02-25 08:00:00,361.333333333332,-14.2685074786517,1.78722077383857,1.787226996489
2018-02-25 09:00:00,361.375,-14.7667014968284,1.70751406507651,1.70752029596454
2018-02-25 10:30:00,361.4375,-15.5244115467412,1.58629348840504,1.58629973164202
2018-02-25 11:30:00,361.479166666668,-16.2899478379888,1.46399795705422,1.46400420851888
2018-02-25 12:30:00,361.520833333332,-16.8074562405959,1.38121304294003,1.38121930262837
2018-02-25 13:30:00,361.5625,-15.9582290478585,1.51614968335971,1.51615595126775
2018-02-25 14:30:00,361.604166666668,-16.4928826679702,1.43063271904104,1.4306389951648
2018-02-25 15:30:00,361.645833333332,-15.0758528845438,1.65601991346725,1.65602619780273
2018-02-25 16:30:00,361.6875,-15.6863519592179,1.55841990994294,1.55842620248614
2018-02-25 17:30:00,361.729166666668,-15.4365475048417,1.5978664715997,1.59787277234663
2018-02-25 18:30:00,361.770833333332,-15.8802867778399,1.52683062026889,1.52683692921554
2018-02-25 19:30:00,361.8125,-16.284953460149,1.46201865913291,1.46202497627527
2018-02-25 20:30:00,361.854166666668,-16.3155725241055,1.45679234965439,1.45679867498845
2018-02-25 21:30:00,361.895833333332,-16.4347746728119,1.43745429040629,1.43746062392803
2018-02-25 22:30:00,361.9375,-16.5926685458101,1.41195221094145,1.41195855264685
2018-02-25 23:30:00,361.979166666668,-16.4781657392924,1.4298427164732,1.42984906635825
2018-02-26 00:30:00,362.020833333332,-16.3916647870056,1.44327210608659,1.44327846414725
2018-02-26 01:30:00,362.0625,-16.4748603256983,1.42966832307033,1.42967468930256
2018-02-26 02:30:00,362.104166666668,-16.5563351743017,1.4163382470453,1.41634462144507
2018-02-26 03:30:00,362.145833333332,-17.0639832182495,1.33511807646369,1.33512445902696
2018-02-26 04:30:00,362.1875,-16.777594043203,1.38038820248712,1.38039459320985
2018-02-26 05:30:00,362.229166666668,-16.679270003352,1.39569901845116,1.3957054173293
2018-02-26 06:30:00,362.270833333332,-16.6897746776536,1.39367294303188,1.39367935006137
2018-02-26 07:30:00,362.3125,-16.2092793519553,1.46986311921947,1.46986953439626
2018-02-26 08:30:00,362.354166666668,-16.5110000098696,1.42144533114969,1.42145175446972
2018-02-26 10:00:00,362.416666666668,-16.1137082491363,1.48420323717681,1.48420967270408
2018-02-26 11:00:00,362.458333333332,-15.7397839744879,1.54341517276487,1.5434216164252
2018-02-26 12:00:00,362.5,-16.0592551301676,1.49216832234109,1.49217477413042
2018-02-26 13:00:00,362.541666666668,-15.0297467318436,1.65581448059777,1.65582094051202
2018-02-26 14:00:00,362.583333333332,-10.7606126827561,2.33553492200985,2.33554139004494
2018-02-26 18:00:00,362.75,-7.72533394461967,2.81763036328293,2.81763686376045
2018-02-26 19:00:00,362.791666666668,-5.99826879781321,3.09239542426885,3.09240193284673
2018-02-26 20:00:00,362.833333333332,-2.84411874092764,3.59449573425223,3.59450225092637
2018-02-26 21:00:00,362.875,-0.700231912317737,3.93565999321768,3.93566651798396
2018-02-27 01:00:00,363.041666666668,-1.20500926061759,3.8538108570009,3.85381741409459
2018-02-27 02:00:00,363.083333333332,-5.10214445555556,3.23263400935159,3.23264057451682
2018-02-27 03:00:00,363.125,-7.9471907397963,2.77905528131047,2.77906185454311
2018-02-27 04:00:00,363.166666666668,-10.3678000055185,2.39308927811073,2.39309585940663
2018-02-27 05:00:00,363.208333333332,-12.2626518562963,2.090876411493,2.09088300084802
2018-02-27 06:00:00,363.25,-13.8931074018519,1.83078167009199,1.83078826750198
2018-02-27 07:00:00,363.291666666668,-15.0726388955556,1.64251905742642,1.64252566288725
2018-02-27 15:30:00,363.645833333332,-18.6977397420091,1.06194155793166,1.06194823165641
2018-02-27 16:00:00,363.666666666668,-19.452528119375,0.941520206352556,0.941526884083436
2018-02-27 19:00:00,363.791666666668,-21.9321787631285,0.545409881792564,0.5454165835382
2018-02-27 19:30:00,363.8125,-21.0354653753463,0.688073254164594,0.688079959909016
2018-02-27 20:00:00,363.833333333332,-22.980275887931,0.378079740511397,0.378086450253555
2018-02-27 20:30:00,363.854166666668,-21.4920136775342,0.614977066859823,0.614983780598666
2018-02-27 21:00:00,363.875,-23.4378333201149,0.304822601930111,0.304829319664586
2018-02-27 21:30:00,363.895833333332,-21.3468657715068,0.637731123256412,0.637737844985469
2018-02-27 22:00:00,363.916666666668,-22.9185747206897,0.38717256307635,0.387179288798935
2018-02-27 22:30:00,363.9375,-20.793098680274,0.725578115802306,0.725584845517366
2018-02-27 23:00:00,363.958333333332,-22.6753506293103,0.425549637869519,0.425556371576
2018-02-27 23:30:00,363.979166666668,-20.450506850137,0.779784346477925,0.779791084174774
2018-02-28,364,-22.5592184189655,0.443680493417676,0.443687235103836
2018-02-28 00:30:00,364.020833333332,-20.1452576010959,0.828041485619362,0.82804823129378
2018-02-28 01:00:00,364.041666666668,-22.3911034724138,0.470091844405552,0.470098594067172
2018-02-28 01:30:00,364.0625,-20.2716931326027,0.807530539241368,0.807537292889134
2018-02-28 02:00:00,364.083333333332,-22.5271034787356,0.448057074680288,0.448063832313144
2018-02-28 02:30:00,364.104166666668,-20.0964344448087,0.835079306291032,0.835086067907919
2018-02-28 03:00:00,364.125,-22.4010114022988,0.467773369826134,0.467780135425996
2018-02-28 03:30:00,364.145833333332,-19.9413825289617,0.859408729017912,0.859415498599691
2018-02-28 04:00:00,364.166666666668,-22.2812413402299,0.486482172548661,0.486488946111298
2018-02-28 04:30:00,364.1875,-20.2912759647541,0.8032996054667,0.803306383009136
2018-02-28 05:00:00,364.208333333332,-21.9450804178161,0.539661803133017,0.539668584654193
2018-02-28 05:30:00,364.229166666668,-20.182,0.820336104819011,0.820342890317866
2018-02-28 06:00:00,364.25,-21.7632184206897,0.568261114018641,0.568267903494116
2018-02-28 06:30:00,364.270833333332,-19.7813852385246,0.883782692142015,0.883789485593048
2018-02-28 07:00:00,364.291666666668,-21.6209483557471,0.590553011368404,0.590559808793934
2018-02-28 07:30:00,364.3125,-19.9420519439891,0.857816350332,0.857823151730965
2018-02-28 08:00:00,364.333333333332,-21.5796954390805,0.596752414554244,0.596759219925582
2018-02-28 08:30:00,364.354166666668,-20.2678988825137,0.805536289195573,0.80554309853822
2018-02-28 09:00:00,364.375,-21.4643045603448,0.614761658012876,0.61476847132577
2018-02-28 09:30:00,364.395833333332,-20.3762404259563,0.787904602958567,0.787911420240644
2018-02-28 10:00:00,364.416666666668,-21.2743046212644,0.644655788227297,0.644662609477491
2018-02-28 10:30:00,364.4375,-20.3079207691257,0.798414782391221,0.798421607608469
2018-02-28 11:00:00,364.458333333332,-21.1995517270115,0.656190592161306,0.656197421344542
2018-02-28 11:30:00,364.479166666668,-20.2702732543716,0.80403847808561,0.804045311233769
2018-02-28 12:00:00,364.5,-21.1416953954023,0.66503337210059,0.665040209212605
2018-02-28 12:30:00,364.520833333332,-20.2598333825137,0.805327587428471,0.805334428503275
2018-02-28 13:00:00,364.541666666668,-20.8195861614943,0.715971438914997,0.715978283951523
2018-02-28 13:30:00,364.5625,-18.583237663388,1.07203612469295,1.07204297369013
2018-02-28 14:00:00,364.583333333332,-20.74437935,0.727577384291782,0.727584237248548
2018-02-28 14:30:00,364.604166666668,-16.9204153193989,1.33655016444388,1.33655702135916
2018-02-28 15:00:00,364.625,-20.6187643614943,0.747212999373115,0.747219860245847
2018-02-28 15:30:00,364.645833333332,-19.2859344581967,0.959346138464954,0.959353003294065
2018-02-28 16:30:00,364.6875,-21.004757735567,0.685160836720961,0.685167709459617
2018-02-28 17:00:00,364.708333333332,-19.569723844186,0.913574852752446,0.913581729444269
2018-02-28 20:30:00,364.854166666668,-20.1536161222494,0.819242320072701,0.81924922440666
2018-02-28 21:00:00,364.875,-20.0543538484615,0.834866186861242,0.834873095139781
2018-02-28 21:30:00,364.895833333332,-19.8830513202934,0.861966020761894,0.861972932983938
2018-02-28 22:00:00,364.916666666668,-19.7040461307692,0.890292797253644,0.890299713418117
2018-03-01 13:30:00,365.5625,-16.8245417649351,1.3430967651672,1.34310380301069
2018-03-01 17:00:00,365.708333333332,-17.4435999771429,1.24313457796561,1.24314164314038
2018-03-02 13:30:00,366.5625,-21.4114137480519,0.60308252945337,0.603089753629
2018-03-02 15:00:00,366.625,-21.9138259016667,0.522457985710361,0.522465221447072
2018-03-02 16:00:00,366.666666666668,-20.970988877037,0.672258837611963,0.672266081050486
2018-03-02 17:00:00,366.708333333332,-20.4443846228846,0.755753132668319,0.755760383804188
2018-03-02 19:00:00,366.791666666668,-20.9214535267658,0.678966301083474,0.678973567600627
2018-03-02 20:00:00,366.833333333332,-22.5746994617811,0.415207767281141,0.415215041482221
2018-03-02 23:30:00,366.979166666668,-20.5559925886827,0.73540277510508,0.735410076164607
2018-03-03 00:30:00,367.020833333332,-20.387586293321,0.761833042833117,0.761840351556382
2018-03-03 01:30:00,367.0625,-20.2480481784787,0.78366421143521,0.783671527817716
2018-03-03 02:30:00,367.104166666668,-20.5362819738404,0.737350631914819,0.737357955952068
2018-03-03 03:30:00,367.145833333332,-20.2987161313544,0.774796933514462,0.774804265201947
2018-03-03 04:30:00,367.1875,-20.6707161929499,0.715138574262646,0.715145913595859
2018-03-03 05:30:00,367.229166666668,-20.8264148296296,0.689936810047899,0.68994415702233
2018-03-03 06:30:00,367.270833333332,-21.186903687963,0.632111440858935,0.632118795470067
2018-03-03 07:30:00,367.3125,-21.0363759024074,0.655691012105684,0.655698374348998
2018-03-03 08:30:00,367.354166666668,-20.9095759309259,0.675490349704545,0.675497719575519
2018-03-03 09:30:00,367.395833333332,-20.8693120156977,0.68150405599791,0.681511433492016
2018-03-03 10:30:00,367.4375,-20.6388981364815,0.71780841193862,0.717815797051328
2018-03-03 11:30:00,367.479166666668,-20.6393981290741,0.717327647792311,0.717335040519088
2018-03-03 12:30:00,367.520833333332,-20.3586629551852,0.761647471552292,0.761654871888599
2018-03-03 14:00:00,367.583333333332,-19.0594230250464,0.968014382949806,0.968021794691893
2018-03-03 15:00:00,367.625,-20.0913395382189,0.803226918103792,0.803234337444047
2018-03-03 16:00:00,367.666666666668,-19.9848664621521,0.819785353963633,0.819792780897508
2018-03-03 17:00:00,367.708333333332,-20.0357217133581,0.811280900699517,0.811288335222457
2018-03-03 18:00:00,367.75,-19.9678886966605,0.821683199374505,0.821690641481952
2018-03-03 19:00:00,367.791666666668,-20.099565855102,0.800303010830279,0.800310460517671
2018-03-03 20:00:00,367.833333333332,-20.4188444481481,0.749037406151216,0.749044863413988
2018-03-03 21:00:00,367.875,-20.0590573795872,0.805947073301975,0.805954538135557
2018-03-04 01:00:00,368.041666666668,-16.5815936656772,1.35828711887282,1.35829461394388
2018-03-04 02:00:00,368.083333333332,-15.435504648423,1.54045338480294,1.54046088742191
2018-03-04 03:00:00,368.125,-14.5247977584416,1.68512273756622,1.68513024772851
2018-03-04 04:00:00,368.166666666668,-14.784424848423,1.64335667910969,1.6433641968107
2018-03-04 05:00:00,368.208333333332,-13.1849146784787,1.89775214305381,1.89775966828895
2018-03-04 06:00:00,368.25,-12.1901826640301,2.05580564318659,2.05581317595125
2018-03-04 07:00:00,368.291666666668,-11.9095083439703,2.10010887107905,2.10011641136863
2018-03-04 08:00:00,368.333333333332,-11.0385388670926,2.23844616824441,2.2384537160543
2018-03-04 09:00:00,368.375,-11.8082555739074,2.11542061306212,2.1154281683877
2018-03-04 10:00:00,368.416666666668,-9.88806401152318,2.42089899678363,2.42090655962029
2018-03-04 11:00:00,368.458333333332,-10.9007907374444,2.25916103086742,2.25916860121054
2018-03-04 12:00:00,368.5,-8.93592593838889,2.57175515250239,2.57176273034735
2018-03-04 13:30:00,368.5625,-8.73944898102041,2.6024380110924,2.60244560018144
2018-03-04 14:30:00,368.604166666668,-7.81646568756957,2.74905873976096,2.74906633634025
2018-03-04 15:30:00,368.645833333332,-7.44309832315399,2.80812488870771,2.80813249277262
2018-03-04 16:30:00,368.6875,-6.79849536476809,2.91039869234895,2.91040630389485
2018-03-04 17:30:00,368.729166666668,-5.93277179382189,3.04789679854447,3.0479044175667
2018-03-04 18:30:00,368.770833333332,-9.24864934176252,2.51926248944701,2.51927011594093
2018-03-04 19:30:00,368.8125,-4.52959370352505,3.27059841015057,3.27060604411153
2018-03-04 20:30:00,368.854166666668,-3.94611503267161,3.36313359620819,3.36314123763154
2018-03-04 21:30:00,368.895833333332,-4.166687265,3.32758253060874,3.32759017948981
2018-03-04 22:30:00,368.9375,-5.6834531859176,3.08554651615757,3.08555417249171
2018-03-05 02:30:00,369.104166666668,-18.4921428586271,1.043452945064,1.0434606311637
2018-03-05 03:30:00,369.145833333332,-16.0240798413915,1.43620119133918,1.43620888486858
2018-03-05 04:30:00,369.1875,-15.6155899928571,1.50085759333699,1.5008652942914
2018-03-05 05:30:00,369.229166666668,-15.6828812892022,1.48972135246294,1.48972906083768
2018-03-05 06:30:00,369.270833333332,-16.3758849237848,1.37890832268607,1.37891603847645
2018-03-05 07:30:00,369.3125,-16.1877792399814,1.40845627091351,1.40846399411484
2018-03-05 08:30:00,369.354166666668,-18.2007365500928,1.08737294545153,1.0873806760591
2018-03-05 09:30:00,369.395833333332,-16.7199088587778,1.3228517017806,1.32285943978972
2018-03-05 10:30:00,369.4375,-17.5677684944259,1.18736853739222,1.18737628279818
2018-03-05 11:30:00,369.479166666668,-18.1049703685185,1.10137301121045,1.10138076400854
2018-03-05 13:00:00,369.541666666668,-18.3490574965492,1.06186074736871,1.06186851124615
2018-03-05 14:00:00,369.583333333332,-17.6910203642115,1.16626673696107,1.16627450821886
2018-03-05 15:00:00,369.625,-18.2477551280148,1.07715833095054,1.07716610958395
2018-03-05 16:00:00,369.666666666668,-16.4374860419481,1.36511496547309,1.36512275147739
2018-03-05 17:00:00,369.708333333332,-16.8235259701481,1.30319764048784,1.30320543385831
2018-03-05 18:00:00,369.75,-16.2628181710019,1.39209754121644,1.39210534194835
2018-03-05 19:00:00,369.791666666668,-16.3937294318588,1.37082166785305,1.37082947594166
2018-03-05 20:00:00,369.833333333332,-19.4605936810761,0.881846021997909,0.881853837438481
2018-03-05 21:00:00,369.875,-18.522243470412,1.0309035386158,1.0309113614036
2018-03-05 22:00:00,369.916666666668,-18.4890636932584,1.03576639538451,1.03577422551477
2018-03-05 23:00:00,369.958333333332,-19.0474045110487,0.946399235942438,0.946407073410425
2018-03-06,370,-19.3356760187266,0.900053948084611,0.900061792885569
2018-03-06 04:00:00,370.166666666668,-17.0411354690167,1.26387855386011,1.26388642794535
2018-03-06 05:00:00,370.208333333332,-17.1724878916512,1.24252877908831,1.2425366604827
2018-03-06 06:00:00,370.25,-17.7600055560297,1.14851119411904,1.1485190828178
2018-03-06 07:00:00,370.291666666668,-18.2296085658627,1.07327713689399,1.07328503289235
2018-03-06 08:00:00,370.333333333332,-18.556576980334,1.02076451186875,1.02077241516192
2018-03-06 09:00:00,370.375,-18.6085481125926,1.01205878986515,1.01206670044836
2018-03-06 10:00:00,370.416666666668,-18.8033259522222,0.980603496993417,0.980611414861867
2018-03-06 11:00:00,370.458333333332,-19.0337500085185,0.943469376219896,0.943477301368798
2018-03-06 12:30:00,370.520833333332,-19.065959196846,0.937696648856065,0.93770458491665
2018-03-06 13:30:00,370.5625,-19.1160426586271,0.929290014337363,0.929297957666403
2018-03-06 14:30:00,370.604166666668,-18.6301243150278,1.0062684911033,1.00627644169599
2018-03-06 15:30:00,370.645833333332,-18.474838577551,1.03057659831364,1.03058455616518
2018-03-06 16:30:00,370.6875,-18.4449257716141,1.03491234903033,1.0349203141359
2018-03-06 17:30:00,370.729166666668,-18.2278831361781,1.06905765662536,1.06906562898014
2018-03-06 18:30:00,370.770833333332,-18.7863988916512,0.979655599859172,0.979663579458354
2018-03-06 19:30:00,370.8125,-17.9222634573284,1.1168825360261,1.11689052286486
2018-03-06 20:30:00,370.854166666668,-18.5590206151685,1.01501585168046,1.01502384575396
2018-03-06 21:30:00,370.895833333332,-19.0377808812734,0.938317827290922,0.938325828594353
2018-03-06 22:30:00,370.9375,-19.5721535123596,0.852760355835714,0.852768364364234
2018-03-06 23:30:00,370.979166666668,-19.9925412041198,0.785360409308556,0.785368425057331
2018-03-07 00:30:00,371.020833333332,-20.3875824213483,0.721997817147013,0.722005840111203
2018-03-07 01:30:00,371.0625,-20.4219475775281,0.716090822335396,0.716098852510157
2018-03-07 05:00:00,371.208333333332,-20.3037368368421,0.73340496721018,0.733413022583755
2018-03-07 05:30:00,371.229166666668,-19.5087865480769,0.859824058637038,0.859832117605589
2018-03-07 06:00:00,371.25,-20.2439472789474,0.74249528224781,0.742503344810121
2018-03-07 06:30:00,371.270833333332,-19.3628692069231,0.882634413219677,0.882642479374534
2018-03-07 07:00:00,371.291666666668,-20.1138422105263,0.762786552663939,0.762794622410125
2018-03-07 07:30:00,371.3125,-19.60213081,0.844085131147393,0.844093204483692
2018-03-07 08:00:00,371.333333333332,-20.1874210947368,0.750630468396918,0.750638545322113
2018-03-07 08:30:00,371.354166666668,-19.7054826642308,0.827186013826605,0.827194094339479
2018-03-07 09:00:00,371.375,-19.2689473947368,0.896508714476603,0.896516798575939
2018-03-07 09:30:00,371.395833333332,-18.3404672915385,1.04419848992856,1.04420657761314
2018-03-07 10:00:00,371.416666666668,-18.9758421157895,0.942764969158792,0.942773060427395
2018-03-07 10:30:00,371.4375,-18.5619192038462,1.00848523890475,1.00849333375616
2018-03-07 11:30:00,371.479166666668,-18.2832758034483,1.0524371738764,1.05244527588976
2018-03-07 12:00:00,371.5,-17.6720764854902,1.14958345014089,1.1495915557334
2018-03-07 12:30:00,371.520833333332,-18.0814137862069,1.08415742517313,1.08416553434356
2018-03-07 13:00:00,371.541666666668,-16.9261607896078,1.26797166408184,1.26797977682898
2018-03-07 13:30:00,371.5625,-17.4479310931034,1.18463480433065,1.18464292065327
2018-03-07 14:00:00,371.583333333332,-16.969929374902,1.2605622535798,1.26057037347669
2018-03-07 14:30:00,371.604166666668,-17.9791380172414,1.09957594113859,1.09958406460851
2018-03-07 15:00:00,371.625,-17.4225647427451,1.18801971852701,1.18802784556875
2018-03-07 15:30:00,371.645833333332,-17.9422758689655,1.10501053333388,1.10501866394622
2018-03-07 16:00:00,371.666666666668,-17.1279176492157,1.23451945990287,1.23452759408457
2018-03-07 16:30:00,371.6875,-18.0826208068965,1.08221555648897,1.08222369423882
2018-03-07 17:00:00,371.708333333332,-17.4929588584314,1.17593002976928,1.17593817108604
2018-03-07 17:30:00,371.729166666668,-17.8826551793103,1.11363194257252,1.11364008745498
2018-03-07 18:00:00,371.75,-17.042362762549,1.24727185196599,1.24728000041292
2018-03-07 18:30:00,371.770833333332,-18.1199999708333,1.07538411326072,1.07539226527089
2018-03-07 19:00:00,371.791666666668,-17.8844333156863,1.1126906002069,1.11269875577909
2018-03-07 19:30:00,371.8125,-17.955041725,1.10122309239142,1.10123125152441
2018-03-07 20:00:00,371.833333333332,-17.5777940933333,1.16109928377906,1.16110744647161
2018-03-07 20:30:00,371.854166666668,-18.5187916,1.01097799445561,1.01098616070649
2018-03-07 21:00:00,371.875,-17.9894666794118,1.0950800303922,1.09508820020019
2018-03-07 21:30:00,371.895833333332,-18.7897082291667,0.96738108939455,0.967389262758425
2018-03-07 22:00:00,371.916666666668,-18.3068489972549,1.04408093178013,1.04408910869865
2018-03-07 22:30:00,371.9375,-19.0418751208333,0.926770678692646,0.926778859164596
2018-03-07 23:00:00,371.958333333332,-18.2707490235294,1.04939146270717,1.04939964673131
2018-03-07 23:30:00,371.979166666668,-19.0319584125,0.927910020761102,0.927918208336207
2018-03-08,372,-17.987817364588,1.09402210559309,1.09403029671793
2018-03-08 00:30:00,372.020833333332,-18.9611249791667,0.938753088881909,0.938761283555247
2018-03-08 01:00:00,372.041666666668,-17.4154901994118,1.18475330776872,1.18476150598933
2018-03-08 01:30:00,372.0625,-19.0096250416667,0.930585894293161,0.930594096059808
2018-03-08 02:00:00,372.083333333332,-17.6066666462745,1.15385748750448,1.15386569281593
2018-03-08 02:30:00,372.104166666668,-20.0769583416667,0.760117485579931,0.760125694434956
2018-03-08 03:00:00,372.125,-18.8248549288235,0.959357596693233,0.959365809090599
2018-03-08 06:30:00,372.270833333332,-22.0025173359073,0.451605247923459,0.451613485082643
2018-03-08 07:00:00,372.291666666668,-21.8691535942857,0.472628628778536,0.47263686947018
2018-03-08 07:30:00,372.3125,-21.9263359054054,0.463297799747134,0.463306043970002
2018-03-08 08:00:00,372.333333333332,-21.5355679046429,0.525325688019499,0.525333935772353
2018-03-08 08:30:00,372.354166666668,-21.9558416992278,0.458153951251088,0.45816220253269
2018-03-08 09:00:00,372.375,-20.5879321264286,0.675841015331807,0.675849270140919
2018-03-08 09:30:00,372.395833333332,-22.0902703621622,0.436295464994276,0.436303723329659
2018-03-08 10:00:00,372.416666666668,-22.8633642460714,0.312918973653181,0.312927235513597
2018-03-08 11:00:00,372.458333333332,-24.3840260237918,0.0702320374203149,0.0702403063270763
2018-03-08 11:30:00,372.479166666668,-25.010885177037,-0.0298494187824619,-0.0298411463543881
2018-03-08 12:00:00,372.5,-24.8769405152416,-0.0087343708316916,-0.00872609488354581
2018-03-08 12:30:00,372.520833333332,-24.6009296285185,0.0350118410386167,0.0350201205055937
2018-03-08 13:00:00,372.541666666668,-25.3454163557621,-0.0838080334613555,-0.0837997504767894
2018-03-08 13:30:00,372.5625,-24.2287110655556,0.0938612232725501,0.0938695097734633
2018-03-08 14:00:00,372.583333333332,-26.3512268022305,-0.244479831511071,-0.244471541495052
2018-03-08 14:30:00,372.604166666668,-27.0439333544444,-0.355051348570442,-0.355043055040562
2018-03-08 15:00:00,372.625,-25.9753941256506,-0.185055241198368,-0.185046944155869
2018-03-08 15:30:00,372.645833333332,-25.4824296366667,-0.106748688253244,-0.10674038769937
2018-03-08 16:00:00,372.666666666668,-25.5113865788104,-0.111584679292119,-0.111576375228114
2018-03-08 16:30:00,372.6875,-24.6036073903704,0.0328019776689239,0.0328102852418155
2018-03-08 17:00:00,372.708333333332,-27.3802894214286,-0.409748757574061,-0.409740446493527
2018-03-08 17:30:00,372.729166666668,-26.5182703537037,-0.272651894468414,-0.272643579881484
2018-03-08 18:00:00,372.75,-26.4543606550186,-0.262694511108951,-0.262686193016871
2018-03-08 18:30:00,372.770833333332,-26.1453518388889,-0.21369275008049,-0.213684428484505
2018-03-10 16:30:00,374.6875,-28.0627999436364,-0.540079354464636,-0.540070715896575
2018-03-11 15:00:00,375.625,-27.840630777551,-0.515188857428521,-0.515180067759675
2018-03-11 16:30:00,375.6875,-27.8818003977612,-0.52245328226837,-0.522444482619525
2018-03-11 17:30:00,375.729166666668,-26.4060914037313,-0.287842915337079,-0.287834109041419
2018-03-11 18:30:00,375.770833333332,-27.9830765317164,-0.539529234265036,-0.53952042132778
2018-03-11 19:30:00,375.8125,-27.8521697822761,-0.519147487126473,-0.519138667552842
2018-03-11 20:30:00,375.854166666668,-27.710483236194,-0.497048840925489,-0.497040014720709
2018-03-11 21:30:00,375.895833333332,-27.5640466958955,-0.474193847255358,-0.474185014424655
2018-03-11 22:30:00,375.9375,-28.5535578225746,-0.632296458458754,-0.63228761900736
2018-03-11 23:30:00,375.979166666668,-28.2219011309701,-0.579936421606217,-0.579927575539365
2018-03-12 00:30:00,376.020833333332,-28.3922425425373,-0.607545370599797,-0.607536517922726
2018-03-12 01:30:00,376.0625,-26.811520548694,-0.356208996814267,-0.356200137532216
2018-03-12 02:30:00,376.104166666668,-27.1497798347015,-0.410568041027917,-0.410559175146132
2018-03-12 03:30:00,376.145833333332,-27.2353489402985,-0.424673687474908,-0.424664814998634
2018-03-12 04:30:00,376.1875,-27.0723750330224,-0.399186582664442,-0.399177703598929
2018-03-12 05:30:00,376.229166666668,-27.4270708910448,-0.456164969460917,-0.456156083811418
2018-03-12 06:30:00,376.270833333332,-27.1704328320896,-0.41575775423425,-0.415748862006021
2018-03-12 07:30:00,376.3125,-27.0893936208955,-0.403323888515523,-0.403314989713824
2018-03-12 08:30:00,376.354166666668,-27.4297555720149,-0.458019856422372,-0.458010951052465
2018-03-12 09:30:00,376.395833333332,-27.5488376570896,-0.477466110625481,-0.477457198692632
2018-03-12 10:30:00,376.4375,-27.3832089705224,-0.451558062290583,-0.45154914380006
2018-03-12 11:30:00,376.479166666668,-27.2265839307836,-0.42708462792751,-0.427075702884585
2018-03-12 12:30:00,376.520833333332,-26.4755932921642,-0.307928655275145,-0.307919723685092
2018-03-12 13:30:00,376.5625,-26.4855995203354,-0.310000353428968,-0.309991415297067
2018-03-14 12:30:00,378.520833333332,-33.0665084103896,-1.38115899236393,-1.38114975277543
2018-03-14 14:00:00,378.583333333332,-33.4444290029851,-1.44210172212584,-1.44209247311202
2018-03-14 15:00:00,378.625,-33.8120503932836,-1.50115760412582,-1.50114834883525
2018-03-14 16:00:00,378.666666666668,-33.5232946740672,-1.45565245706086,-1.45564319549896
2018-03-14 17:00:00,378.708333333332,-33.7617911371269,-1.49413927269608,-1.4941300048683
2018-03-14 18:00:00,378.75,-34.1627855106343,-1.55851243461812,-1.55850316052988
2018-03-14 19:00:00,378.791666666668,-33.9679385029851,-1.5279679515023,-1.52795867115905
2018-03-14 20:00:00,378.833333333332,-34.6506325182836,-1.63721669296594,-1.63720740637311
2018-03-14 21:00:00,378.875,-34.3729476212687,-1.59347669966804,-1.59346740683109
2018-03-14 22:00:00,378.916666666668,-34.399606276306,-1.59821916371426,-1.59820986463863
2018-03-14 23:00:00,378.958333333332,-34.7233488824627,-1.65028762523404,-1.65027831992519
2018-03-15,379,-35.5499999914179,-1.78247008214044,-1.78246077060382
2018-03-15 01:00:00,379.041666666668,-36.5845765005597,-1.94777551513432,-1.9477661973754
2018-03-15 02:00:00,379.083333333332,-36.1367079073034,-1.87692669493977,-1.876917370964
2018-03-15 03:00:00,379.125,-35.712807831903,-1.80989638751027,-1.80988705732311
2018-03-15 04:00:00,379.166666666668,-35.7148097373134,-1.81071288046616,-1.81070354407309
2018-03-15 05:00:00,379.208333333332,-35.2597538317164,-1.73872004774177,-1.73871070514825
2018-03-15 06:00:00,379.25,-33.8418526356343,-1.51334558215919,-1.51333623337069
2018-03-15 07:00:00,379.291666666668,-34.2718092465649,-1.58233649545738,-1.58232714047938
2018-03-15 08:00:00,379.333333333332,-33.4770410876866,-1.45622818718777,-1.45621882602575
2018-03-15 09:00:00,379.375,-32.8578115559702,-1.35808361687762,-1.35807424953706
2018-03-15 10:00:00,379.416666666668,-32.9599738651119,-1.37485759128625,-1.37484821777263
2018-03-15 11:00:00,379.458333333332,-33.4844191652256,-1.45890185662386,-1.45889247694267
2018-03-15 12:00:00,379.5,-32.0075429026119,-1.22413447529241,-1.22412508944915
2018-03-15 13:30:00,379.5625,-30.4943246503731,-0.98382839816032,-0.983819003084241
2018-03-15 14:30:00,379.604166666668,-30.3093507570896,-0.954862757456585,-0.954853356232166
2018-03-16 12:30:00,380.520833333332,-28.9642706862385,-0.751686212334638,-0.751676677243433
2018-03-16 13:00:00,380.541666666668,-29.8799012751592,-0.897800702220203,-0.89779116411775
2018-03-16 14:00:00,380.583333333332,-31.1279679643836,-1.09712660945885,-1.09711706533807
2018-03-16 14:30:00,380.604166666668,-30.9826845624606,-1.07423696865796,-1.07422742153012
2018-03-16 15:30:00,380.645833333332,-33.1181236157303,-1.41492237971748,-1.41491282657966
2018-03-16 16:00:00,380.666666666668,-31.5093470885845,-1.15889746414246,-1.15888790800175
2018-03-16 16:30:00,380.6875,-33.4068454911672,-1.46142472573652,-1.4614151665943
2018-03-16 17:00:00,380.708333333332,-31.0788720881279,-1.09083138432443,-1.09082182218211
2018-03-16 17:30:00,380.729166666668,-33.1160601787975,-1.41561146342927,-1.41560189828823
2018-03-16 18:30:00,380.770833333332,-32.9796374914498,-1.39438857815073,-1.39437900701644
2018-03-16 19:00:00,380.791666666668,-33.0623715256881,-1.40782295470623,-1.40781338057742
2018-03-16 19:30:00,380.8125,-33.07874686875,-1.41068641937696,-1.41067684225501
2018-03-19 14:00:00,383.583333333332,-36.272558771028,-1.95401488856795,-1.95400492593191
2018-03-19 15:00:00,383.625,-37.1437981222222,-2.09333324436609,-2.09332327612539
2018-03-19 16:00:00,383.666666666668,-36.8694314685185,-2.05015602696716,-2.05014605312757
2018-03-19 16:30:00,383.6875,-37.5885298585821,-2.16497381336466,-2.16496383672779
2018-03-19 17:00:00,383.708333333332,-37.1783004175373,-2.09988893964505,-2.09987896021234
2018-03-19 18:00:00,383.75,-37.0377102788785,-2.07802297997117,-2.0780129949511
2018-03-19 18:30:00,383.770833333332,-36.5689552216418,-2.00361514479531,-2.00360515698373
2018-03-19 19:00:00,383.791666666668,-36.2726809436567,-1.9566836912853,-1.95667370068366
2018-03-19 20:00:00,383.833333333332,-36.3854496356343,-1.97517853657805,-1.9751685404006
2018-03-19 20:30:00,383.854166666668,-35.9957145365672,-1.91335891809981,-1.91334891913663
2018-03-19 21:00:00,383.875,-36.1076063164179,-1.93144889003996,-1.93143888829249
2018-03-19 22:00:00,383.916666666668,-35.9670877171642,-1.90959544994213,-1.90958544263042
2018-03-19 22:30:00,383.9375,-36.0158022391791,-1.91762144977188,-1.91761143968021
2018-03-19 23:00:00,383.958333333332,-35.5541604675373,-1.84434739731716,-1.84433738444698
2018-03-20,384,-35.4228850881048,-1.82396696875752,-1.82395695033467
2018-03-20 00:30:00,384.020833333332,-35.1790709404851,-1.78539322227316,-1.78538320107615
2018-03-20 01:00:00,384.041666666668,-35.5233040837687,-1.84049589932118,-1.84048587535145
2018-03-20 02:00:00,384.083333333332,-35.4234551397388,-1.82512228330367,-1.82511225379285
2018-03-20 02:30:00,384.104166666668,-35.389833906903,-1.82003269760867,-1.82002266532948
2018-03-20 03:00:00,384.125,-35.0113918059701,-1.76001297094168,-1.76000293589556
2018-03-20 04:00:00,384.166666666668,-35.1412238783582,-1.78122826280563,-1.78121822223001
2018-03-20 04:30:00,384.1875,-34.6760000357009,-1.70738435164922,-1.70737430831103
2018-03-20 05:00:00,384.208333333332,-34.6199179537313,-1.69871708494065,-1.69870703884134
2018-03-20 06:00:00,384.25,-34.8057295529851,-1.72885051217829,-1.72884046056108
2018-03-20 06:30:00,384.270833333332,-34.5577779729478,-1.68961850588781,-1.68960845151381
2018-03-20 07:00:00,384.291666666668,-34.3064281011215,-1.64984521874272,-1.6498351616134
2018-03-20 08:00:00,384.333333333332,-34.3401194212687,-1.65574633245797,-1.65573626982237
2018-03-20 08:30:00,384.354166666668,-34.6149831820896,-1.69979946119444,-1.69978939580787
2018-03-20 09:00:00,384.375,-34.9154626893657,-1.74793326596541,-1.74792319782933
2018-03-20 10:00:00,384.416666666668,-35.061056036194,-1.77166100704884,-1.7716509334181
2018-03-20 10:30:00,384.4375,-35.2770654788389,-1.80633887791196,-1.80632880153607
2018-03-20 11:00:00,384.458333333332,-35.1383824475746,-1.78451405339563,-1.78450397427603
2018-03-20 12:00:00,384.5,-35.1435895113806,-1.78587871272687,-1.78586862812424
2018-03-20 12:30:00,384.520833333332,-34.9530841063551,-1.75579875437741,-1.75578866703544
2018-03-20 13:00:00,384.541666666668,-35.10468024,-1.78021588465288,-1.78020579457303
2018-03-20 14:30:00,384.604166666668,-35.0595773085661,-1.77383464292945,-1.7738245446447
2018-03-20 15:00:00,384.625,-34.9139421851024,-1.75090289737797,-1.75089279636116
2018-03-20 15:30:00,384.645833333332,-35.4625493121043,-1.83856450731276,-1.83855440356535
2018-03-20 16:30:00,384.6875,-35.3780410175047,-1.8256386871981,-1.82562857799387
2018-03-20 17:00:00,384.708333333332,-35.4654468571695,-1.83983080889294,-1.83982069696248
2018-03-20 17:30:00,384.729166666668,-35.2034636562384,-1.79836507547875,-1.79835496082352
2018-03-20 18:30:00,384.770833333332,-35.5534301621974,-1.85465195145849,-1.8546418313581
2018-03-20 19:00:00,384.791666666668,-35.634424618622,-1.86782300995739,-1.86781288713661
2018-03-20 19:30:00,384.8125,-35.7143519824953,-1.8808241484482,-1.88081402290849
2018-03-20 20:30:00,384.854166666668,-35.5842681309125,-1.86063920820507,-1.86062907723187
2018-03-20 21:00:00,384.875,-34.3720726219739,-1.66780445527722,-1.66779432158946
2018-03-20 21:30:00,384.895833333332,-34.6354953327747,-1.71003680770894,-1.71002667130809
2018-03-20 22:30:00,384.9375,-34.132090727835,-1.63038215235766,-1.63037201053501
2018-03-20 23:00:00,384.958333333332,-34.701742956797,-1.72139729104149,-1.72138714651014
2018-03-20 23:30:00,384.979166666668,-34.9818734094972,-1.76629147219329,-1.76628132495468
2018-03-21 00:30:00,385.020833333332,-35.1681508389199,-1.79650420434908,-1.79649405170036
2018-03-21 01:00:00,385.041666666668,-34.9080836739292,-1.75534472373055,-1.75533456837898
2018-03-21 01:30:00,385.0625,-35.0784972979516,-1.78276120861283,-1.78275105055986
2018-03-21 02:30:00,385.104166666668,-34.806470186194,-1.73996624532208,-1.73995608187071
2018-03-21 03:00:00,385.125,-34.5831810826493,-1.70466580870345,-1.70465564255507
2018-03-21 03:30:00,385.145833333332,-34.3228566810056,-1.66346569067777,-1.66345552183385
2018-03-21 04:30:00,385.1875,-34.1453712253731,-1.63573182513634,-1.63572165090574
2018-03-21 05:00:00,385.208333333332,-34.1654207938548,-1.63919568484088,-1.63918550791913
2018-03-21 05:30:00,385.229166666668,-33.9156573715084,-1.59967821020253,-1.5996680305911
2018-03-21 06:30:00,385.270833333332,-33.3536474466418,-1.51068986518747,-1.51067968020108
2018-03-21 07:00:00,385.291666666668,-33.2664581379888,-1.4970707665533,-1.49706057888162
2018-03-21 07:30:00,385.3125,-33.2957821063315,-1.50201238397552,-1.50200219362003
2018-03-21 08:30:00,385.354166666668,-32.5657318009311,-1.3862556284113,-1.38624543269258
2018-03-21 09:00:00,385.375,-32.5578455374765,-1.38526983241705,-1.38525963401892
2018-03-21 09:30:00,385.395833333332,-32.9642443919776,-1.45028001939697,-1.4502698183209
2018-03-21 10:30:00,385.4375,-33.0168000138318,-1.45919348834891,-1.45918328192135
2018-03-21 11:00:00,385.458333333332,-32.925901258473,-1.44498401338686,-1.44497380428576
2018-03-21 11:30:00,385.479166666668,-32.6805940646182,-1.40617723132212,-1.40616701954895
2018-03-21 12:30:00,385.520833333332,-32.4866443201117,-1.37582275919168,-1.37581254207879
2018-03-21 13:30:00,385.5625,-32.0659906722533,-1.30935446280269,-1.30934424035595
2018-03-21 14:00:00,385.583333333332,-31.3802620910781,-1.20038857594563,-1.20037835083417
2018-03-21 15:00:00,385.625,-30.578771417658,-1.07325307303885,-1.07324284260237
2018-03-21 15:30:00,385.645833333332,-30.2704498148699,-1.02440858928462,-1.02439835618783
2018-03-21 16:00:00,385.666666666668,-30.096211913197,-0.996923802115109,-0.996913566359489
2018-03-21 17:00:00,385.708333333332,-30.7644245538175,-1.1039136248362,-1.10390338376733
2018-03-21 17:30:00,385.729166666668,-31.1803903265799,-1.17044890609974,-1.17043866237646
2018-03-21 18:00:00,385.75,-31.6009498052045,-1.23771603502977,-1.23770578865355
2018-03-21 19:00:00,385.791666666668,-31.8927862288104,-1.28474939373701,-1.28473914205933
2018-03-21 19:30:00,385.8125,-31.9611523862454,-1.29591207583077,-1.29590182150457
2018-03-21 20:00:00,385.833333333332,-31.6731524118959,-1.25030544536825,-1.25029518839501
2018-03-21 21:00:00,385.875,-31.7763475765799,-1.26728865192881,-1.2672783896659
2018-03-21 21:30:00,385.895833333332,-31.4090650609665,-1.20905245647938,-1.20904219157386
2018-03-21 22:00:00,385.916666666668,-31.1696524314126,-1.17118609201783,-1.17117582447116
2018-03-21 23:00:00,385.958333333332,-30.8837677003717,-1.12618912723725,-1.12617885441272
2018-03-21 23:30:00,385.979166666668,-30.5373717061338,-1.07128043640399,-1.07127016094275
2018-03-22,386,-30.1980372085502,-1.01749671365549,-1.01748643555901
2018-03-22 01:00:00,386.041666666668,-30.1221264254647,-1.00594928180651,-1.00593899844399
2018-03-22 01:30:00,386.0625,-29.8181617477695,-0.957800196296994,-0.957789910303673
2018-03-22 02:00:00,386.083333333332,-29.4360837949721,-0.89720767672479,-0.897197388102142
2018-03-22 03:00:00,386.125,-29.0782750756506,-0.840754234040022,-0.840743940163157
2018-03-22 03:30:00,386.145833333332,-28.6784850746269,-0.777340371763738,-0.777330075261983
2018-03-22 04:00:00,386.166666666668,-28.4418754356877,-0.739921324120173,-0.739911024995007
2018-03-22 05:00:00,386.208333333332,-27.7497732568773,-0.630215225183844,-0.630204920816296
2018-03-22 05:30:00,386.229166666668,-27.5625353118959,-0.600661322485144,-0.600651015498626
2018-03-22 06:00:00,386.25,-27.9599851423792,-0.664248666444899,-0.664238356840891
2018-03-22 07:00:00,386.291666666668,-28.7709888518587,-0.793988939266303,-0.793978624431757
2018-03-22 07:30:00,386.3125,-28.5700371568773,-0.762250690989954,-0.762240373542362
2018-03-22 08:00:00,386.333333333332,-28.7198420336431,-0.78638828130964,-0.786377961250483
2018-03-22 09:00:00,386.375,-28.9517453745353,-0.823877980076764,-0.823867654798924
2018-03-22 09:30:00,386.395833333332,-28.3863513187732,-0.734084067329652,-0.734073739444694
2018-03-22 10:00:00,386.416666666668,-28.9352286031598,-0.821794441261739,-0.821784110771146
2018-03-22 11:00:00,386.458333333332,-28.9762639321561,-0.828879256708784,-0.828868921011372
2018-03-22 11:30:00,386.479166666668,-29.2421933061338,-0.871516023868458,-0.871505685569862
2018-03-22 12:30:00,386.520833333332,-30.1866308102041,-1.02251384617864,-1.02250350268213
2018-03-22 13:30:00,386.5625,-30.4006753027829,-1.05715980265353,-1.05714945396504
2018-03-22 14:00:00,386.583333333332,-30.2277124391466,-1.02988105127727,-1.02987069999502
2018-03-22 14:30:00,386.604166666668,-30.5059814480519,-1.0744839252581,-1.07447357138358
2018-03-22 15:30:00,386.645833333332,-30.8700797380334,-1.13303408373195,-1.13302372467734
2018-03-22 16:00:00,386.666666666668,-31.269534341744,-1.19694210617088,-1.19693174452845
2018-03-22 16:30:00,386.6875,-31.9050520185529,-1.29845521031248,-1.29844484608372
2018-03-22 17:30:00,386.729166666668,-32.7231428237477,-1.42932722460515,-1.42931685520819
2018-03-22 18:00:00,386.75,-32.9235157037106,-1.46152164783188,-1.46151127585305
2018-03-22 18:30:00,386.770833333332,-33.3295195276438,-1.5264732927032,-1.526462918144
2018-03-22 22:00:00,386.916666666668,-32.8193507042672,-1.44712947975408,-1.44711908717392
2018-03-22 22:30:00,386.9375,-32.3200352634508,-1.36786364011912,-1.3678532449705
2018-03-22 23:00:00,386.958333333332,-32.0980972255061,-1.33278428398523,-1.33277388626963
2018-03-22 23:30:00,386.979166666668,-32.2615109333333,-1.35909180130094,-1.35908140101986
2018-03-23,387,-31.5954841729128,-1.25326892423205,-1.25325852138698
2018-03-23 00:30:00,387.020833333332,-31.473661705948,-1.23413824490608,-1.23412783949851
2018-03-23 01:00:00,387.041666666668,-31.2632894767206,-1.20090159003798,-1.2008911820694
2018-03-23 01:30:00,387.0625,-31.4843110466667,-1.23638634048715,-1.23637592995905
2018-03-23 02:00:00,387.083333333332,-31.1586809053803,-1.18478914748725,-1.18477873440113
2018-03-23 02:30:00,387.104166666668,-31.0715213721707,-1.17118055752701,-1.17117014188436
2018-03-23 03:00:00,387.125,-30.9160061240891,-1.14668291806335,-1.14667249986566
2018-03-23 03:30:00,387.145833333332,-30.9786223911111,-1.15693384952336,-1.15692342877213
2018-03-23 04:00:00,387.166666666668,-30.8394461031599,-1.13503914742556,-1.13502872412228
2018-03-23 04:30:00,387.1875,-30.9028364414498,-1.14541351826194,-1.1454030924081
2018-03-23 05:00:00,387.208333333332,-31.0570505967611,-1.17025625263566,-1.17024582423276
2018-03-23 05:30:00,387.229166666668,-31.1599111711111,-1.186918389411,-1.18690795846053
2018-03-23 06:00:00,387.25,-31.2252040801484,-1.19759603476684,-1.19758560127031
2018-03-23 06:30:00,387.270833333332,-31.239194806679,-1.20010127026396,-1.20009083422284
2018-03-23 07:00:00,387.291666666668,-31.296512161336,-1.20950853302373,-1.20949809443953
2018-03-23 07:30:00,387.3125,-31.4794666244444,-1.23892994134646,-1.23891950022067
2018-03-23 08:00:00,387.333333333332,-31.2635862779221,-1.20481674385218,-1.2048063001863
2018-03-23 09:00:00,387.375,-30.885647747166,-1.14516445074464,-1.14515400200307
2018-03-23 09:30:00,387.395833333332,-31.2176738826087,-1.19833334026358,-1.19832288898641
2018-03-23 10:00:00,387.416666666668,-30.9767055475926,-1.16022386539712,-1.16021341158584
2018-03-23 10:30:00,387.4375,-30.8333066784387,-1.13765734035884,-1.13764688401496
2018-03-23 11:30:00,387.479166666668,-31.0901904769841,-1.17913334005867,-1.17912287865407
2018-03-23 12:00:00,387.5,-31.4759999942857,-1.24087028152466,-1.24085981759194
2018-03-23 12:30:00,387.520833333332,-30.7530315769944,-1.12597816971363,-1.1259677032543
2018-03-23 13:00:00,387.541666666668,-30.6549387920223,-1.11062925668936,-1.11061878770492
2018-03-23 13:30:00,387.5625,-30.6423829781746,-1.10890650826985,-1.10889603676178
2018-03-23 14:00:00,387.583333333332,-30.53917144,-1.09274230212471,-1.09273182809453
2018-03-23 14:30:00,387.604166666668,-29.9717365543599,-1.00262704889646,-1.00261657234566
2018-03-23 15:00:00,387.625,-29.7582486118738,-0.968895860519656,-0.968885381449742
2018-03-23 15:30:00,387.645833333332,-29.92812924334,-0.99623562377001,-0.996225142182478
2018-03-23 16:00:00,387.666666666668,-29.93580006,-0.997735311405725,-0.997724827302077
2018-03-23 16:30:00,387.6875,-30.1461059749071,-1.03151497876317,-1.0315044921449
2018-03-23 17:00:00,387.708333333332,-30.7124638146568,-1.122014035917,-1.12200354678562
2018-03-23 17:30:00,387.729166666668,-30.9354840904382,-1.15781923747176,-1.15780874582877
2018-03-23 18:00:00,387.75,-31.4138857657143,-1.23430694212332,-1.23429644797021
2018-03-23 18:30:00,387.770833333332,-30.9211113378479,-1.15608566315291,-1.1560751664912
2018-03-23 19:00:00,387.791666666668,-31.2120909261596,-1.20271702262739,-1.20270652345857
2018-03-23 19:30:00,387.8125,-31.142700369246,-1.19194122399424,-1.19193072231982
2018-03-23 20:00:00,387.833333333332,-31.3841714571429,-1.23068597104107,-1.23067546686255
2018-03-23 23:00:00,387.958333333332,-31.4047227268908,-1.23563051595895,-1.23561999678739
2018-03-23 23:30:00,387.979166666668,-31.9986079800475,-1.33051553498511,-1.33050501331997
2018-03-24,388,-31.3009090500928,-1.21965033389025,-1.21963980973305
2018-03-24 00:30:00,388.020833333332,-31.5395491658627,-1.25794467509362,-1.25793414844585
2018-03-24 01:00:00,388.041666666668,-30.9392982649123,-1.16260314101083,-1.162592611874
2018-03-24 01:30:00,388.0625,-31.8659576204706,-1.3104995650621,-1.31048903343773
2018-03-24 02:00:00,388.083333333332,-31.4525602519481,-1.24492405843398,-1.24491352432356
2018-03-24 02:30:00,388.104166666668,-31.229831157885,-1.2097222072331,-1.20971167063815
2018-03-24 03:00:00,388.125,-30.9892544614035,-1.17167728322899,-1.171666744151
2018-03-24 03:30:00,388.145833333332,-31.6116047334118,-1.27109730494392,-1.2710867633844
2018-03-24 04:00:00,388.166666666668,-31.4390908849722,-1.24389496719649,-1.24388442315695
2018-03-24 04:30:00,388.1875,-31.1262931189239,-1.19434536403416,-1.19433481751612
2018-03-24 05:00:00,388.208333333332,-30.4992982605263,-1.09474400240453,-1.09473345340948
2018-03-24 05:30:00,388.229166666668,-30.835181204,-1.14852982553459,-1.14851927406405
2018-03-24 06:00:00,388.25,-30.556606655102,-1.10443219383234,-1.10442163988782
2018-03-24 06:30:00,388.270833333332,-30.5323005621521,-1.10083977163159,-1.10082921521459
2018-03-24 07:00:00,388.291666666668,-30.2328333736842,-1.05341405301115,-1.05340349412318
2018-03-24 07:30:00,388.3125,-30.5361529416471,-1.10201275814285,-1.10200219678543
2018-03-24 08:00:00,388.333333333332,-30.4928979827458,-1.09540195613677,-1.0953913923114
2018-03-24 08:30:00,388.354166666668,-30.5738404699443,-1.10857595866971,-1.1085653923779
2018-03-24 09:00:00,388.375,-30.4972543684211,-1.09665560703375,-1.09664503827702
2018-03-24 09:30:00,388.395833333332,-30.8360565002353,-1.15090696036051,-1.15089638914036
2018-03-24 10:00:00,388.416666666668,-30.9501447029685,-1.16936128671602,-1.16935071303396
2018-03-24 11:00:00,388.458333333332,-31.040586248423,-1.18432886520042,-1.18431828659908
2018-03-24 11:30:00,388.479166666668,-30.7878759844961,-1.1443521210269,-1.14434153996818
2018-03-24 12:00:00,388.5,-31.0759414643902,-1.19052140166007,-1.19051081814549
2018-03-24 12:30:00,388.520833333332,-30.9189926393321,-1.16579964783681,-1.16578906186788
2018-03-24 13:00:00,388.541666666668,-30.7233525521336,-1.13491441060461,-1.13490382218285
2018-03-24 13:30:00,388.5625,-30.8279768155039,-1.15186156125386,-1.15185097038078
2018-03-24 14:00:00,388.583333333332,-30.8069560926829,-1.14879343804275,-1.14878284471986
2018-03-24 14:30:00,388.604166666668,-30.9651039025974,-1.1742670523239,-1.17425645655271
2018-03-24 15:00:00,388.625,-31.0441449786245,-1.18713896952155,-1.18712837130357
2018-03-24 15:30:00,388.645833333332,-31.0971085178295,-1.1958567785876,-1.19584617792435
2018-03-24 16:00:00,388.666666666668,-31.3177658282927,-1.23128838733468,-1.23127778422768
2018-03-24 16:30:00,388.6875,-31.5009461651206,-1.26074994944764,-1.2607393438984
2018-03-24 17:00:00,388.708333333332,-31.5820964460111,-1.27395811274941,-1.27394750475944
2018-03-24 17:30:00,388.729166666668,-31.5435891263566,-1.26810479675116,-1.26809418632199
2018-03-24 18:00:00,388.75,-31.9173804831707,-1.32793101648758,-1.32792040362071
2018-03-24 18:30:00,388.770833333332,-31.9055454469388,-1.32632673814196,-1.3263161228389
2018-03-24 19:00:00,388.791666666668,-32.2995232025974,-1.38936878941088,-1.38935817167316
2018-03-24 19:30:00,388.8125,-31.9973488317829,-1.34151337128522,-1.34150275111435
2018-03-24 20:00:00,388.833333333332,-32.3796147143902,-1.40268983643454,-1.40267921383204
2018-03-24 20:30:00,388.854166666668,-32.5063432538033,-1.42315908196237,-1.42314845692975
2018-03-24 21:00:00,388.875,-32.700730993692,-1.45440654819938,-1.45439592073816
2018-03-25 00:30:00,389.020833333332,-31.4351162796512,-1.25476446757964,-1.25475382316072
2018-03-25 01:00:00,389.041666666668,-31.6467641887179,-1.28876198358931,-1.28875133675394
2018-03-25 01:30:00,389.0625,-31.45991467718,-1.25927863712404,-1.25926798787373
2018-03-25 02:00:00,389.083333333332,-31.4820073612245,-1.26307999309013,-1.26306934142641
2018-03-25 02:30:00,389.104166666668,-31.0520813482558,-1.19487450893026,-1.19486385485464
2018-03-25 03:00:00,389.125,-31.3612204846154,-1.24440269249353,-1.24439203600753
2018-03-25 03:30:00,389.145833333332,-31.2056196990724,-1.21989753564285,-1.219886876748
2018-03-25 04:00:00,389.166666666668,-31.2364860653061,-1.22509679053981,-1.22508612923763
2018-03-25 04:30:00,389.1875,-30.6948459758721,-1.13909541911037,-1.13908475540238
2018-03-25 05:00:00,389.208333333332,-30.48409234,-1.10580455733437,-1.10579389122208
2018-03-25 05:30:00,389.229166666668,-28.2934193183673,-0.757111183641316,-0.757100515126261
2018-03-25 06:00:00,389.25,-29.0176567617811,-0.872765191134114,-0.87275452021781
2018-03-25 06:30:00,389.270833333332,-29.5673052465116,-0.960607113782162,-0.960596440466133
2018-03-25 07:00:00,389.291666666668,-29.7568154564103,-0.991078812891026,-0.991068137176792
2018-03-25 07:30:00,389.3125,-29.6561799896104,-0.975330159324579,-0.975319481213664
2018-03-25 08:00:00,389.333333333332,-29.6513246703154,-0.974839412629605,-0.974828732123533
2018-03-25 08:30:00,389.354166666668,-29.2472937451039,-0.910759767548427,-0.910749084648719
2018-03-25 09:00:00,389.375,-29.2604088574586,-0.913131845204987,-0.913121159913166
2018-03-25 09:30:00,389.395833333332,-28.8309554875696,-0.845002508194798,-0.844991820512391
2018-03-25 10:30:00,389.4375,-28.9136994437848,-0.858749645275,-0.858738952815987
2018-03-25 11:00:00,389.458333333332,-28.3938107293785,-0.776214075498104,-0.776203380653077
2018-03-25 11:30:00,389.479166666668,-28.4226000821622,-0.781083374591212,-0.781072677361694
2018-03-25 12:00:00,389.5,-28.0457773651206,-0.72133844174393,-0.721327742131446
2018-03-25 12:30:00,389.520833333332,-26.2975009320965,-0.443120012484852,-0.443109310490929
2018-03-25 13:00:00,389.541666666668,-25.7998668518414,-0.364129864311945,-0.364119159938107
2018-03-25 13:30:00,389.5625,-25.7856000302703,-0.362140526396839,-0.362129819644611
2018-03-25 14:00:00,389.583333333332,-26.1874341335807,-0.426436423659178,-0.42642571453009
2018-03-25 14:30:00,389.604166666668,-25.772901670872,-0.360684604025797,-0.360673892521371
2018-03-25 15:00:00,389.625,-25.9284972067797,-0.385754642412766,-0.38574392853453
2018-03-25 15:30:00,389.645833333332,-26.06708106,-0.40811476797486,-0.408104051724343
2018-03-25 16:00:00,389.666666666668,-25.7490817566914,-0.357740930769654,-0.35773021214838
2018-03-25 16:30:00,389.6875,-26.5714479771375,-0.489028196729034,-0.489017475738532
2018-03-25 17:00:00,389.708333333332,-26.5159886514205,-0.480477286154621,-0.48046656279642
2018-03-25 17:30:00,389.729166666668,-26.5854401684783,-0.49182482233566,-0.491814096611286
2018-03-25 18:00:00,389.75,-27.0844767948052,-0.571605633612189,-0.571594905523173
2018-03-25 18:30:00,389.770833333332,-27.8935714027829,-0.700778963102725,-0.700768232650593
2018-03-25 19:00:00,389.791666666668,-27.5153445629944,-0.640811197619037,-0.640800464805317
2018-03-25 19:30:00,389.8125,-27.5885188648649,-0.652752016671373,-0.652741281497598
2018-03-25 20:00:00,389.833333333332,-27.4406182348231,-0.629475501143796,-0.629464763611492
2018-03-25 20:30:00,389.854166666668,-27.4277039180633,-0.627702461805135,-0.627691721915832
2018-03-25 21:00:00,389.875,-26.8219350310734,-0.531487325751337,-0.531476583506567
2018-03-25 21:30:00,389.895833333332,-26.925194592973,-0.548220988233394,-0.548210243634685
2018-03-25 22:00:00,389.916666666668,-27.0303153769944,-0.565251204640422,-0.565240457689303
2018-03-25 22:30:00,389.9375,-27.2580111345083,-0.601807761792755,-0.60179701249076
2018-03-26 02:00:00,390.083333333332,-28.7001558371058,-0.833535338774699,-0.833524573059444
2018-03-26 03:00:00,390.125,-28.1842007574349,-0.751913261318322,-0.751902490927356
2018-03-26 03:30:00,390.145833333332,-28.0610352628942,-0.732577967026447,-0.732567194299924
2018-03-26 04:00:00,390.166666666668,-28.5234230461967,-0.806521787811604,-0.806511012751057
2018-03-26 05:00:00,390.208333333332,-28.376195133829,-0.783638687387381,-0.783627907663393
2018-03-26 05:30:00,390.229166666668,-28.721180304461,-0.838880366276464,-0.838869584223054
2018-03-26 06:00:00,390.25,-28.6337862150558,-0.825243779384811,-0.825232995003517
2018-03-26 07:00:00,390.291666666668,-29.0424769911877,-0.890919397919161,-0.890908608886699
2018-03-26 07:30:00,390.3125,-28.9994823035382,-0.884355845216441,-0.884345053860701
2018-03-26 08:00:00,390.333333333332,-28.6960614450652,-0.836306276578249,-0.836295482900765
2018-03-26 09:00:00,390.375,-27.9108066786245,-0.711785990416204,-0.711775192099839
2018-03-26 10:00:00,390.416666666668,-26.6428119057728,-0.510365112543456,-0.510354309594356
2018-03-26 10:30:00,390.4375,-27.0580297170686,-0.576795492900582,-0.57678468763742
2018-03-26 11:30:00,390.479166666668,-26.2892360648699,-0.454898064157448,-0.454887254270774
2018-03-26 12:00:00,390.5,-26.5425921824953,-0.495543937816792,-0.495533125620668
2018-03-26 12:30:00,390.520833333332,-27.4873253089219,-0.646326721895459,-0.646315907391424
2018-03-26 13:30:00,390.5625,-27.9691117100559,-0.723648060134291,-0.723637241019047
2018-03-27 12:00:00,391.5,-24.9321767837209,-0.252803172686728,-0.25279225145047
2018-03-27 12:30:00,391.520833333332,-25.4525583832808,-0.335989236865996,-0.335978313395953
2018-03-27 13:30:00,391.5625,-26.3682323184015,-0.482434727177895,-0.482423799244933
2018-03-27 14:00:00,391.583333333332,-27.4177420973832,-0.649911459485186,-0.649900529323091
2018-03-27 14:30:00,391.604166666668,-26.5912307995475,-0.518536750561903,-0.518525818172226
2018-03-27 15:00:00,391.625,-26.6903726146497,-0.534619300909747,-0.534608366294039
2018-03-27 15:30:00,391.645833333332,-24.2696569408759,-0.149286809418496,-0.14927587257831
2018-03-27 18:30:00,391.770833333332,-25.991957617207,-0.425387201203872,-0.425376251049414
2018-03-27 19:00:00,391.791666666668,-25.7871081914611,-0.393044183490518,-0.393033231122451
2018-03-27 19:30:00,391.8125,-25.98720054,-0.425208736360309,-0.425197781780186
2018-03-27 20:00:00,391.833333333332,-26.787648009311,-0.553010345516377,-0.552999388725751
2018-03-27 20:30:00,391.854166666668,-26.5724633864916,-0.51902109310193,-0.519010134102357
2018-03-27 21:00:00,391.875,-27.5151691654135,-0.669484665579398,-0.669473704372432
2018-03-27 21:30:00,391.895833333332,-28.13659976,-0.768768928019741,-0.768757964606935
2018-03-27 22:00:00,391.916666666668,-28.3732137379182,-0.806751684807733,-0.806740719190645
2018-03-27 22:30:00,391.9375,-28.8446263754647,-0.882138092204859,-0.882127124385042
2018-03-27 23:00:00,391.958333333332,-29.2847579617261,-0.952541462081658,-0.952530492060668
2018-03-27 23:30:00,391.979166666668,-30.05699996,-1.07585031418832,-1.07583934196771
2018-03-28,392,-29.3207365265306,-0.95885322925054,-0.958842254831871
2018-03-28 00:30:00,392.020833333332,-29.7168775046382,-1.02224903249876,-1.02223805588358
2018-03-28 01:00:00,392.041666666668,-29.5348464810861,-0.99354167886827,-0.993530700058147
2018-03-28 01:30:00,392.0625,-30.26499978,-1.11014599578196,-1.11013501477844
2018-03-28 02:00:00,392.083333333332,-29.615451666171,-1.00696294777414,-1.00695196457879
2018-03-28 02:30:00,392.104166666668,-29.4462560307978,-0.980300448892997,-0.980289463507369
2018-03-28 03:00:00,392.125,-28.9352589307692,-0.899188788442256,-0.899177800867907
2018-03-28 03:30:00,392.145833333332,-29.46320038,-0.983580837295161,-0.983569847533649
2018-03-28 04:00:00,392.166666666668,-29.7141629733333,-1.02385001240226,-1.02383902045514
2018-03-28 04:30:00,392.1875,-29.3538684964815,-0.966745555310871,-0.966734561179707
2018-03-28 05:00:00,392.208333333332,-28.2334007447566,-0.788545008159631,-0.788534011845979
2018-03-28 05:30:00,392.229166666668,-29.0588334333333,-0.920327847532221,-0.920316849037638
2018-03-28 06:00:00,392.25,-27.8897018116667,-0.734375222724887,-0.734364222050933
2018-03-28 06:30:00,392.270833333332,-28.2165222268519,-0.786728882158567,-0.786717879306801
2018-03-28 07:00:00,392.291666666668,-28.644455070412,-0.855189879396115,-0.855178874368097
2018-03-28 07:30:00,392.3125,-29.5021664166667,-0.992114954908085,-0.992103947705373
2018-03-28 08:00:00,392.333333333332,-28.3821481203704,-0.813986340684671,-0.813975331308825
2018-03-28 08:30:00,392.354166666668,-26.6074025951763,-0.531559266617369,-0.531548255069951
2018-03-28 09:00:00,392.375,-17.8777936106942,0.858782470987236,0.858793484704668
2018-03-28 09:30:00,392.395833333332,-17.3851432571429,0.936970756931634,0.936981772817519
2018-03-28 10:00:00,392.416666666668,-16.2777963285185,1.11308059107121,1.11309160912399
2018-03-28 10:30:00,392.4375,-16.9429462955556,1.00683034763756,1.00684136785567
2018-03-28 11:00:00,392.458333333332,-17.2579099407129,0.956364980117845,0.956376002499721
2018-03-28 11:30:00,392.479166666668,-17.8810005,0.856814719614294,0.856825744158378
2018-03-31 15:30:00,395.645833333332,-27.6261354200371,-0.740519993085361,-0.740508658181446
2018-03-31 16:30:00,395.6875,-29.3025785981132,-1.00817767245674,-1.00816633371323
2018-03-31 17:00:00,395.708333333332,-28.9667321108753,-0.954976702856876,-0.954965362195967
2018-03-31 17:30:00,395.729166666668,-28.9350167979478,-0.950224096121876,-0.950212753545162
2018-03-31 18:00:00,395.75,-29.2076604231343,-0.993956135149907,-0.993944790658985
2018-03-31 18:30:00,395.770833333332,-29.5245316158228,-1.04473370667104,-1.04472236026751
2018-03-31 19:00:00,395.791666666668,-29.0486249539894,-0.969221248784139,-0.96920990046959
2018-03-31 19:30:00,395.8125,-31.1536959020522,-1.30486041785963,-1.30484906763566
2018-03-31 20:00:00,395.833333333332,-30.9265719592523,-1.26897932347473,-1.26896797134295
2018-03-31 20:30:00,395.854166666668,-31.3563019,-1.33773557136565,-1.33772421732764
2018-03-31 21:00:00,395.875,-31.1490984058511,-1.30502791710935,-1.30501656116672
2018-03-31 21:30:00,395.895833333332,-29.6331622800373,-1.06383826854627,-1.06382691070061
2018-03-31 22:00:00,395.916666666668,-27.6563749660448,-0.749234745491867,-0.749223385744778
2018-03-31 22:30:00,395.9375,-26.5492327327044,-0.573166354321322,-0.573154992674404
2018-03-31 23:00:00,395.958333333332,-24.9743183456233,-0.322581573822641,-0.322570210277492
2018-03-31 23:30:00,395.979166666668,-26.3253582322761,-0.538103449052755,-0.538092083610974
2018-04-01,396,-26.5569738998131,-0.575300295184894,-0.57528892784808
2018-04-01 00:30:00,396.020833333332,-25.8207987440252,-0.458327420489201,-0.458316051258953
2018-04-01 01:00:00,396.041666666668,-25.2601909700265,-0.369322604059752,-0.36931123293767
2018-04-01 01:30:00,396.0625,-24.6525242544776,-0.272821313458467,-0.27280994044615
2018-04-01 02:00:00,396.083333333332,-26.6666324669776,-0.593970691255539,-0.593959316354589
2018-04-01 02:30:00,396.104166666668,-27.3072893622642,-0.69632834150441,-0.696316964716425
2018-04-01 03:00:00,396.125,-27.1879549228117,-0.677618877760662,-0.677607499087243
2018-04-01 03:30:00,396.145833333332,-26.0005634229478,-0.48876720973867,-0.488755829181418
2018-04-01 04:00:00,396.166666666668,-24.6765746227612,-0.278155542814688,-0.278144160375203
2018-04-01 04:30:00,396.1875,-23.6788805012579,-0.119522899994032,-0.119511515673915
2018-04-01 05:00:00,396.208333333332,-23.3749230625995,-0.0714030550797307,-0.0713916688805835
2018-04-01 05:30:00,396.229166666668,-22.2830242162011,0.102236370622275,0.102247758698851
2018-04-01 06:00:00,396.25,-21.5171564184358,0.22393876879199,0.223950158744394
2018-04-01 06:30:00,396.270833333332,-21.2549182874214,0.265412552687601,0.265423944514231
2018-04-01 07:00:00,396.291666666668,-21.2480476486773,0.266206064153585,0.266217457852839
2018-04-01 07:30:00,396.3125,-20.9261921942164,0.317176833471742,0.317188229042018
2018-04-01 08:00:00,396.333333333332,-20.3879683450652,0.402615194338569,0.402626591778264
2018-04-01 08:30:00,396.354166666668,-19.8150376622641,0.493582330301278,0.49359372960879
2018-04-01 09:00:00,396.375,-19.6738777211111,0.515768030302981,0.515779431476708
2018-04-01 09:30:00,396.395833333332,-19.0054636800745,0.621945636969173,0.621957040007511
2018-04-01 10:00:00,396.416666666668,-18.5652625556797,0.691768714739885,0.691780119641231
2018-04-01 10:30:00,396.4375,-18.297358472956,0.73414470249484,0.734156109257591
2018-04-01 11:00:00,396.458333333332,-18.298036989418,0.73373524215368,0.733746650776231
2018-04-01 11:30:00,396.479166666668,-18.1738044703911,0.753224150954033,0.753235561434781
2018-04-01 12:00:00,396.5,-18.128592177095,0.760125033290545,0.760136445627888
2018-04-01 12:30:00,396.520833333332,-18.3192641427673,0.729449336610084,0.729460750802416
2018-04-01 13:00:00,396.541666666668,-18.3541375727513,0.723592410041392,0.723603826087108
2018-04-01 13:30:00,396.5625,-18.6870800342644,0.670252825826144,0.67026424372364
2018-04-01 14:00:00,396.583333333332,-19.0490279320298,0.612292607006691,0.612304026754363
2018-04-01 14:30:00,396.604166666668,-19.7561949396226,0.499338689450946,0.499350111047188
2018-04-01 15:00:00,396.625,-19.9621375518519,0.466230128453529,0.466241551896737
2018-04-01 16:00:00,396.666666666668,-21.8210483949721,0.1695006480855,0.169512075217823
2018-04-01 16:30:00,396.6875,-24.2666387502793,-0.220385542044734,-0.220374113070263
2018-04-01 17:00:00,396.708333333332,-24.9086792666667,-0.322965001645667,-0.322953570830652
2018-04-01 17:30:00,396.729166666668,-25.0478967965608,-0.345444447785604,-0.345433015131653
2018-04-01 18:00:00,396.75,-26.102977650838,-0.513821623559036,-0.513810189067755
2018-04-01 18:30:00,396.770833333332,-27.1436257206704,-0.679899693989979,-0.679888257662974
2018-04-01 19:00:00,396.791666666668,-27.5321194968553,-0.742089166900147,-0.742077728739025
2018-04-01 19:30:00,396.8125,-27.3391296439153,-0.711647929611291,-0.711636489617659
2018-04-01 20:00:00,396.833333333332,-26.9051564270019,-0.642817917649046,-0.642806475824511
2018-04-01 20:30:00,396.854166666668,-27.6206815394786,-0.75710385838286,-0.75709241472903
2018-04-01 21:00:00,396.875,-27.812654090566,-0.787987549289985,-0.787976103808466
2018-04-01 21:30:00,396.895833333332,-27.6693182779841,-0.765456425550142,-0.765444978242543
2018-04-01 22:00:00,396.916666666668,-27.5506685234637,-0.746857855762792,-0.74684640663072
2018-04-01 22:30:00,396.9375,-27.2692216236499,-0.702325631616833,-0.702314180661897
2018-04-01 23:00:00,396.958333333332,-26.8893711062893,-0.642117688059994,-0.642106235283802
2018-04-01 23:30:00,396.979166666668,-26.8577718811671,-0.637386471367434,-0.637375016771595
2018-04-02,397,-26.6805512333333,-0.609457705081221,-0.609446248667343
2018-04-02 00:30:00,397.020833333332,-26.1444906598881,-0.524365529282121,-0.524354071051813
2018-04-02 01:00:00,397.041666666668,-26.5433418424051,-0.58820551133694,-0.588194051291811
2018-04-02 01:30:00,397.0625,-26.2075331374005,-0.535013695303378,-0.535002233445037
2018-04-02 02:00:00,397.083333333332,-26.4000317760748,-0.565981663604844,-0.565970199934902
2018-04-02 02:30:00,397.104166666668,-26.6221787845438,-0.601672685314997,-0.601661219835062
2018-04-02 03:00:00,397.125,-26.6942641610063,-0.61345882868501,-0.613447361396693
2018-04-02 03:30:00,397.145833333332,-26.421380892328,-0.570291267200877,-0.570279798105787
2018-04-02 04:00:00,397.166666666668,-26.7810483592937,-0.627889536730217,-0.627878065829965
2018-04-02 04:30:00,397.1875,-26.4208920376164,-0.570819409091707,-0.570807936387902
2018-04-02 05:00:00,397.208333333332,-26.4449685792453,-0.574957897874535,-0.57494642336879
2018-04-02 05:30:00,397.229166666668,-26.3726675546174,-0.563743418160401,-0.563731941854326
2018-04-02 06:00:00,397.25,-27.0904498070632,-0.678389815728725,-0.67837833762393
2018-04-02 06:30:00,397.270833333332,-27.0114999786245,-0.66611627006019,-0.666104790158286
2018-04-02 07:00:00,397.291666666668,-27.4879307691824,-0.742315300443416,-0.742303818746016
2018-04-02 07:30:00,397.3125,-27.4737857145503,-0.74036529464115,-0.740353811149865
2018-04-02 08:00:00,397.333333333332,-27.5710689297952,-0.756165938344294,-0.756154453060736
2018-04-02 08:30:00,397.354166666668,-27.4551524260223,-0.738003760899927,-0.737992273825708
2018-04-02 09:00:00,397.375,-27.210081763522,-0.699267280083313,-0.699255791220043
2018-04-02 09:30:00,397.395833333332,-27.2082493567639,-0.699278873596821,-0.699267382946114
2018-04-02 10:00:00,397.416666666668,-27.7784003944134,-0.790407884881361,-0.790396392444831
2018-04-02 10:30:00,397.4375,-30.0669684007435,-1.15528199357012,-1.15527049934937
2018-04-02 11:00:00,397.458333333332,-29.9266226566038,-1.13322845233003,-1.13321695632669
2018-04-02 11:30:00,397.479166666668,-30.0175751633245,-1.14802093395435,-1.14800943617002
2018-04-02 12:00:00,397.5,-29.9357639834572,-1.1352920830209,-1.1352805834572
2018-04-02 12:30:00,397.520833333332,-30.2846244873606,-1.19116958521129,-1.19115808386983
2018-04-02 13:00:00,397.541666666668,-30.351232745283,-1.20208414901298,-1.20207264589538
2018-04-02 13:30:00,397.5625,-30.5846490675462,-1.23957140272521,-1.23955989783308
2018-04-02 14:00:00,397.583333333332,-30.7967304921933,-1.27366003802009,-1.27364853135504
2018-04-02 15:00:00,397.625,-31.3930316266294,-1.36925919834654,-1.3692476881405
2018-04-02 15:30:00,397.645833333332,-31.5959624157233,-1.40189026868213,-1.40187875670802
2018-04-02 16:00:00,397.666666666668,-31.731182547619,-1.42373502880247,-1.4237235150619
2018-04-02 16:30:00,397.6875,-32.1043482256983,-1.48348473029289,-1.48347321478747
2018-04-02 17:00:00,397.708333333332,-31.7203203197393,-1.42261299853145,-1.4226014812628
2018-04-02 17:30:00,397.729166666668,-30.9049748245283,-1.29303211232367,-1.29302059329341
2018-04-02 18:00:00,397.75,-31.1060397214286,-1.32536617362585,-1.32535465283559
2018-04-02 18:30:00,397.770833333332,-30.8526145039106,-1.28529968058529,-1.28528815803665
2018-04-02 19:00:00,397.791666666668,-30.7466648054004,-1.26872618873986,-1.26871466443446
2018-04-02 19:30:00,397.8125,-30.4526666396226,-1.22219648726722,-1.22218496120667
2018-04-02 20:00:00,397.833333333332,-30.3470502484127,-1.20567618265448,-1.20566465484039
2018-04-02 20:30:00,397.854166666668,-30.1039721081937,-1.16725816870506,-1.16724663913906
2018-04-02 21:00:00,397.875,-29.7699199290503,-1.11434797081703,-1.11433643950072
2018-04-02 21:30:00,397.895833333332,-29.2939938012579,-1.03883719695856,-1.03882566389357
2018-04-02 22:00:00,397.916666666668,-29.5203862359788,-1.07520631738919,-1.07519478257713
2018-04-02 22:30:00,397.9375,-29.5236666979516,-1.07603358647857,-1.07602204992106
2018-04-02 23:00:00,397.958333333332,-29.1020930878957,-1.00918134360494,-1.0091698053036
2018-04-02 23:30:00,397.979166666668,-28.3768867698113,-0.893960238640798,-0.893948698597244
2018-04-03,398,-28.5380630810726,-0.919940565190287,-0.919929023406136
2018-04-03 00:30:00,398.020833333332,-28.9516406167598,-0.986128632359761,-0.986117088836632
2018-04-03 01:00:00,398.041666666668,-29.216791443203,-1.02867226384001,-1.02866071857952
2018-04-03 01:30:00,398.0625,-28.8806541132075,-0.975430307433388,-0.975418760437156
2018-04-03 02:00:00,398.083333333332,-29.4603438888889,-1.06808030850509,-1.06806875977474
2018-04-03 02:30:00,398.104166666668,-29.6035158446927,-1.09119275397295,-1.09118120351009
2018-04-03 03:00:00,398.125,-29.5654665384758,-1.08543656790241,-1.08542501570867
2018-04-03 03:30:00,398.145833333332,-29.0615094289308,-1.00546098078367,-1.00544942686066
2018-04-03 04:00:00,398.166666666668,-29.5830870601583,-1.08885385565608,-1.08884230000542
2018-04-03 04:30:00,398.1875,-29.5104227130354,-1.07758360361178,-1.07757204623509
2018-04-03 05:00:00,398.208333333332,-29.9190841015296,-1.14298893006064,-1.14297737095955
2018-04-03 05:30:00,398.229166666668,-29.4196288666667,-1.06373067426641,-1.06371911344253
2018-04-03 06:00:00,398.25,-30.0101213506596,-1.15810191374572,-1.15809035120066
2018-04-03 06:30:00,398.270833333332,-29.6199832936803,-1.09625805200819,-1.09624648774359
2018-04-03 07:00:00,398.291666666668,-29.9570297639405,-1.15025524980652,-1.15024368382399
2018-04-03 07:30:00,398.3125,-29.7031069081761,-1.11011065630753,-1.11009908860869
2018-04-03 08:00:00,398.333333333332,-29.9002936391304,-1.14182818695453,-1.141816617541
2018-04-03 08:30:00,398.354166666668,-29.9499107553903,-1.15003781709979,-1.1500262459732
2018-04-03 09:00:00,398.375,-30.011856596648,-1.16021146648233,-1.16019989364429
2018-04-03 09:30:00,398.395833333332,-29.8485596993711,-1.13450383115083,-1.13449225660297
2018-04-03 10:00:00,398.416666666668,-30.069187362533,-1.16995569711108,-1.16994412085502
2018-04-03 10:30:00,398.4375,-29.5501282245353,-1.08757497147467,-1.08756339351202
2018-04-03 11:00:00,398.458333333332,-28.6550167317844,-0.945288881372643,-0.945277301705041
2018-04-03 11:30:00,398.479166666668,-28.1380691767296,-0.863244621125287,-0.863233039754348
2018-04-03 12:00:00,398.5,-28.157390508971,-0.86662842214833,-0.866616839075676
2018-04-03 12:30:00,398.520833333332,-27.9738327055762,-0.837693476145222,-0.837681891372476
2018-04-03 13:00:00,398.541666666668,-28.7688828964684,-0.964651527178811,-0.964639940707594
2018-04-03 14:00:00,398.583333333332,-28.7269245144654,-0.958579634392656,-0.958568044529368
2018-04-03 14:30:00,398.604166666668,-28.6596253187335,-0.948164944320477,-0.948153352763589
2018-04-03 15:00:00,398.625,-28.3331654130112,-0.896465812011865,-0.896454218762998
2018-04-03 15:30:00,398.645833333332,-28.1006691275093,-0.859735195577205,-0.859723600637983
2018-04-03 16:00:00,398.666666666668,-27.9581139151899,-0.83733230035961,-0.837320703731658
2018-04-03 16:30:00,398.6875,-27.8372638825858,-0.818387099728191,-0.818375501413131
2018-04-03 17:00:00,398.708333333332,-26.7931207724907,-0.652360695963405,-0.652349095962862
2018-04-03 17:30:00,398.729166666668,-24.0017917773234,-0.208006376014428,-0.207994774330026
2018-04-03 18:00:00,398.75,-22.3866100949686,0.0489867926852213,0.048998396051858
2018-04-03 18:30:00,398.770833333332,-22.3327836258575,0.0572549163617645,0.0572665214090121
2018-04-03 19:00:00,398.791666666668,-22.0949925704461,0.0948286863487807,0.094840293075014
2018-04-03 19:30:00,398.8125,-22.0962453524164,0.0943225585060935,0.0943341669096873
2018-04-03 20:00:00,398.833333333332,-22.3812641396226,0.0486122595747518,0.0486238696540821
2018-04-03 20:30:00,398.854166666668,-22.3609498609499,0.0515416926000258,0.0515533043534667
2018-04-03 21:00:00,398.875,-22.8297137379182,-0.0234394176628296,-0.0234278042369035
2018-04-03 21:30:00,398.895833333332,-22.7423029828996,-0.00982155515493965,-0.00980994005815328
2018-04-03 22:00:00,398.916666666668,-22.225849045283,0.0721431494256022,0.0721547661916226
2018-04-03 22:30:00,398.9375,-22.0521503844327,0.0995066500048133,0.0995182684384418
2018-04-03 23:00:00,398.958333333332,-21.2969479501859,0.219504073799782,0.219515693899392
2018-04-03 23:30:00,398.979166666668,-20.6748828990706,0.318292573923509,0.318304195687476
2018-04-04,399,-20.2334653415094,0.388303755873806,0.388315379300502
2018-04-04 00:30:00,399.020833333332,-20.1959788473545,0.393968387451315,0.393980012539114
2018-04-04 01:00:00,399.041666666668,-19.9908451449627,0.426339295824951,0.426350922572226
2018-04-04 01:30:00,399.0625,-19.8046654035316,0.455690781433503,0.455702409838628
2018-04-04 02:00:00,399.083333333332,-19.7603710691824,0.462439777100839,0.462451407162187
2018-04-04 02:30:00,399.104166666668,-19.7835973597368,0.45843264580926,0.458444277525202
2018-04-04 03:00:00,399.125,-19.6950464018553,0.472231666949684,0.472243300318594
2018-04-04 03:30:00,399.145833333332,-19.5030556478664,0.502508678447453,0.502520313467702
2018-04-04 04:00:00,399.166666666668,-19.4120881056604,0.516692577073185,0.516704213743147
2018-04-04 04:30:00,399.1875,-19.5061583068602,0.501399787941024,0.50141142625907
2018-04-04 05:00:00,399.208333333332,-19.2573457494424,0.540728424321115,0.540740064285618
2018-04-04 05:30:00,399.229166666668,-19.081918202974,0.568366733090708,0.568378374700038
2018-04-04 06:00:00,399.25,-18.9700063069182,0.585886910475585,0.585898553728115
2018-04-04 06:30:00,399.270833333332,-18.9603894842105,0.587111366729222,0.587123011623322
2018-04-04 07:00:00,399.291666666668,-18.2078130792523,0.706689772557202,0.706701419091244
2018-04-04 07:30:00,399.3125,-18.3230315463822,0.688027792357965,0.68803944053032
2018-04-04 08:00:00,399.333333333332,-18.4901006339623,0.661105928540593,0.661117578349632
2018-04-04 08:30:00,399.354166666668,-18.4901894865789,0.660784092791083,0.660795744235176
2018-04-04 09:00:00,399.375,-18.4354007319109,0.669204256449807,0.669215909527325
2018-04-04 09:30:00,399.395833333332,-18.0550760701299,0.729482480134563,0.729494134843876
2018-04-04 10:00:00,399.416666666668,-17.8213459132075,0.766408051867464,0.766419708206942
2018-04-04 10:30:00,399.4375,-17.8914210415789,0.754937182019982,0.754948839987996
2018-04-04 11:00:00,399.458333333332,-17.2280092762523,0.860311256006658,0.860322915601578
2018-04-04 11:30:00,399.479166666668,-17.255621506308,0.855604671263405,0.855616332483599
2018-04-04 12:00:00,399.5,-17.1442703981132,0.873035003196656,0.873046666040493
2018-04-04 12:30:00,399.520833333332,-17.0833131494737,0.882437514918379,0.882449179384231
2018-04-04 13:30:00,399.5625,-16.5758124080675,0.962666575636928,0.962678243341914
2018-04-04 14:00:00,399.583333333332,-16.0257097207865,1.04999017840357,1.05000184772568
2018-04-04 14:30:00,399.604166666668,-15.5173571461039,1.13066291618374,1.13067458712133
2018-04-04 15:00:00,399.625,-15.4206815647368,1.14575517256448,1.14576684511594
2018-04-04 15:30:00,399.645833333332,-14.6489344520599,1.26838676416194,1.26839843832562
2018-04-04 16:00:00,399.666666666668,-14.4453060859316,1.30051659135365,1.30052826712792
2018-04-10 12:00:00,405.5,-25.374351270632,-0.528325506382382,-0.528313444402065
2018-04-10 13:30:00,405.5625,-23.3326524447955,-0.204037202109631,-0.204025136695688
2018-04-10 14:30:00,405.604166666668,-22.9352352131481,-0.141365691698811,-0.141353624004137
2018-04-10 15:30:00,405.645833333332,-22.9778778066667,-0.148796148289832,-0.14878407832111
2018-04-10 16:30:00,405.6875,-22.9688499735185,-0.147995591042571,-0.147983518806487
2018-04-10 17:30:00,405.729166666668,-22.5754092801852,-0.0859579121888312,-0.0859458376920688
2018-04-10 18:30:00,405.770833333332,-22.3115648290741,-0.0445651287323597,-0.0445530519816061
2018-04-10 19:30:00,405.8125,-21.8408073933333,0.0297889199648398,0.0298009989628983
2018-04-10 20:30:00,405.854166666668,-21.9898370855556,0.00541031552375018,0.00542239676242526
2018-04-10 21:30:00,405.895833333332,-22.0110405310811,0.0013944031085536,0.0014064865811573
2018-04-11 17:00:00,406.708333333332,-27.8262829090909,-0.937446136723544,-0.93743401102736
2018-04-11 17:30:00,406.729166666668,-27.0515499675,-0.814350903702586,-0.814338776957245
2018-04-11 18:30:00,406.770833333332,-29.2092220606061,-1.15871025156076,-1.15869812272213
2018-04-11 19:00:00,406.791666666668,-28.657407283524,-1.07112612647515,-1.0711139965924
2018-04-11 19:30:00,406.8125,-29.2772323323232,-1.17018509118151,-1.17017296025631
2018-04-11 20:00:00,406.833333333332,-28.9808192414188,-1.12328669369789,-1.12327456173191
2018-04-11 20:30:00,406.854166666668,-28.8839090727273,-1.10816928246886,-1.10815714946378
2018-04-11 21:00:00,406.875,-28.4885068635321,-1.04550190401916,-1.04548976997666
2018-04-11 21:30:00,406.895833333332,-29.5303535030303,-1.21178932233867,-1.21177718726043
2018-04-11 22:00:00,406.916666666668,-29.4997688874142,-1.20723770340152,-1.20722556728921
2018-04-11 22:30:00,406.9375,-29.4083434606061,-1.19299412777833,-1.19298199063363
2018-04-11 23:00:00,406.958333333332,-26.9881571892977,-0.807777313438502,-0.80776517526309
2018-04-12 02:00:00,407.083333333332,-24.3398062846847,-0.38781723597695,-0.387805091652486
2018-04-12 02:30:00,407.104166666668,-23.6725789905263,-0.281848234046455,-0.281836088703021
2018-04-12 03:00:00,407.125,-24.0206741938914,-0.337620859177962,-0.337608712817236
2018-04-12 03:30:00,407.145833333332,-23.6707579147368,-0.282199783939997,-0.282187636563657
2018-04-12 04:00:00,407.166666666668,-24.4202031774266,-0.401907815497568,-0.401895667107292
2018-04-12 04:30:00,407.1875,-23.9287999989474,-0.32394783117257,-0.323935681770036
2018-04-12 05:00:00,407.208333333332,-24.309123881982,-0.384854618173743,-0.384842467760629
2018-04-12 05:30:00,407.229166666668,-24.0995894557895,-0.351796582434106,-0.351784431012091
2018-04-12 06:00:00,407.25,-23.4986396635135,-0.256385826564959,-0.256373674135722
2018-04-12 06:30:00,407.270833333332,-23.2331999073684,-0.21442208656781,-0.214409933133028
2018-04-12 07:00:00,407.291666666668,-23.4935034015801,-0.256209649370756,-0.256197494932109
2018-04-12 07:30:00,407.3125,-23.1461579526316,-0.201198328569285,-0.201186173128451
2018-04-12 08:00:00,407.333333333332,-23.3050383186937,-0.226829169087516,-0.226817012646173
2018-04-12 08:30:00,407.354166666668,-23.1268526957895,-0.19876518388414,-0.198753026443969
2018-04-12 09:00:00,407.375,-23.0684414286036,-0.189781366289881,-0.189769207852559
2018-04-12 09:30:00,407.395833333332,-23.139208240625,-0.20137573613545,-0.201363576702657
2018-04-12 10:00:00,407.416666666668,-23.2286929519187,-0.215951907779896,-0.215939747353311
2018-04-12 10:30:00,407.4375,-23.237031203125,-0.217601417371645,-0.217589255952947
2018-04-12 11:00:00,407.458333333332,-23.1885292416667,-0.21019626745358,-0.210184105044448
2018-04-12 11:30:00,407.479166666668,-23.1536212126316,-0.20495666763018,-0.204944504232295
2018-04-12 12:00:00,407.5,-20.8912117333333,0.155125478116108,0.155137642501068
2018-04-12 12:30:00,407.520833333332,-20.77479171875,0.173349941719978,0.173362107090334
2018-04-12 13:00:00,407.541666666668,-22.9514369842342,-0.173712559265286,-0.173700392911216
2018-04-12 13:30:00,407.5625,-23.4828749489583,-0.258692388334526,-0.25868022099842
2018-04-12 14:00:00,407.583333333332,-25.046735893228,-0.508137962566839,-0.508125794250377
2018-04-12 14:30:00,407.604166666668,-24.644510509375,-0.444384606437899,-0.444372437142762
2018-04-12 16:00:00,407.666666666668,-25.4211312542986,-0.569065310725704,-0.569053138504619
2018-04-12 16:30:00,407.6875,-25.2069791354167,-0.535272266486536,-0.535260093293496
2018-04-12 17:00:00,407.708333333332,-25.0422573142212,-0.509353530484416,-0.509341356321101
2018-04-12 17:30:00,407.729166666668,-25.0011250020833,-0.503122718044705,-0.503110542912795
2018-04-12 18:30:00,407.770833333332,-24.247107953304,-0.383650531087037,-0.38363835402298
2018-04-12 19:00:00,407.791666666668,-24.0809523488095,-0.357503497937118,-0.357491319909507
2018-04-12 19:30:00,407.8125,-22.9801227743304,-0.182462259725095,-0.182450080735612
2018-04-12 20:00:00,407.833333333332,-22.7646548130952,-0.148459785437911,-0.148447605488237
2018-04-12 20:30:00,407.854166666668,-20.8834978006608,0.150888118823577,0.150900299731761
2018-04-12 21:00:00,407.875,-20.2106547785714,0.257750714784802,0.257762896649816
2018-04-12 21:30:00,407.895833333332,-17.8520175887665,0.63316150023127,0.633173683051432
2018-04-12 22:00:00,407.916666666668,-17.3575713785714,0.711605304372197,0.711617488145826
2018-04-12 22:30:00,407.9375,-18.5428788865639,0.52246311479463,0.522475299520045
2018-04-12 23:00:00,407.958333333332,-18.6113690130952,0.511230706177922,0.511242891853441
2018-04-12 23:30:00,407.979166666668,-20.2452378997797,0.250632316473739,0.250644503097682
2018-04-13,408,-20.2379998913043,0.251463402008916,0.2514755895796
2018-04-13 03:30:00,408.145833333332,-16.0267922150278,0.920057531359705,0.920069725510493
2018-04-13 04:30:00,408.1875,-15.7076233890538,0.970257047434896,0.970269243450575
2018-04-13 05:30:00,408.229166666668,-15.7807161465677,0.957968910937068,0.957981108810909
2018-04-13 06:30:00,408.270833333332,-16.2278659111732,0.886093124225761,0.886105323951036
2018-04-13 07:30:00,408.3125,-16.3386597903346,0.867798969081987,0.867811170651964
2018-04-13 08:30:00,408.354166666668,-16.6479367894052,0.817886210080935,0.817898413488883
2018-04-13 09:30:00,408.395833333332,-16.75374952282,0.800385353310207,0.800397558549395
2018-04-13 10:30:00,408.4375,-16.7626092501852,0.798329079330718,0.798341286394413
2018-04-13 11:30:00,408.479166666668,-16.5055703738889,0.838630542903302,0.838642751784772
2018-04-13 12:30:00,408.520833333332,-16.6071141089613,0.821809440542397,0.821821651234909
2018-04-13 13:30:00,408.5625,-17.1794832501859,0.729985415159502,0.729997627656321
2018-04-13 14:30:00,408.604166666668,-17.5802722601852,0.665494128260561,0.665506342554953
2018-04-13 15:30:00,408.645833333332,-18.165496315,0.571622108220311,0.57163432430554
2018-04-13 16:30:00,408.6875,-20.6376277787037,0.17716429116491,0.177176509034242
2018-04-13 18:00:00,408.75,-22.2837015352612,-0.0860248806903465,-0.0860126601574936
2018-04-13 19:00:00,408.791666666668,-23.266903370632,-0.24329538842669,-0.243283166126578
2018-04-13 20:00:00,408.833333333332,-21.7476895723048,-0.00192939467135425,-0.00191717061072005
2018-04-13 21:00:00,408.875,-19.4943122845725,0.356389270706038,0.356401496520456
2018-04-13 22:00:00,408.916666666668,-17.777174744052,0.629284464597824,0.629296692159285
2018-04-13 23:00:00,408.958333333332,-16.8434591217472,0.777379890854896,0.777392120156663
2018-04-14,409,-16.2396245737918,0.87292493034214,0.872937161377472
2018-04-14 01:00:00,409.041666666668,-16.0216932966543,0.906995207459308,0.907007440221464
2018-04-14 05:00:00,409.208333333332,-18.3761484257885,0.529342549648584,0.529354789250619
2018-04-14 06:00:00,409.25,-19.5063079827458,0.348660520715237,0.348672762010384
2018-04-14 07:00:00,409.291666666668,-19.2766252306122,0.384602249811242,0.384614492792758
2018-04-14 08:00:00,409.333333333332,-19.3262063466543,0.37605695190427,0.37606919656541
2018-04-14 09:00:00,409.375,-19.5006078118959,0.347627590266019,0.347639836600037
2018-04-14 10:00:00,409.416666666668,-19.0149609371747,0.424344308288633,0.424356556288785
2018-04-14 11:00:00,409.458333333332,-20.4530817973978,0.194603359144479,0.194615608804019
2018-04-14 12:00:00,409.5,-21.1964906972119,0.0755304298328315,0.075542681145012
2018-04-14 13:00:00,409.541666666668,-21.1195520453532,0.0871393601546638,0.0871516131127383
2018-04-14 14:00:00,409.583333333332,-20.9417713782528,0.114812404320953,0.114824658918173
2018-04-14 15:00:00,409.625,-20.4484665979554,0.192748574282284,0.192760830511902
2018-04-14 16:00:00,409.666666666668,-19.6115037410781,0.325429630842479,0.325441888697746
2018-04-14 17:30:00,409.729166666668,-22.4399127684601,-0.126109704517819,-0.126097444236732
2018-04-14 18:30:00,409.770833333332,-23.7814619320965,-0.340467394620607,-0.340455132730745
2018-04-14 19:30:00,409.8125,-24.3344637,-0.429209010497786,-0.429196747005899
2018-04-14 20:30:00,409.854166666668,-23.7141951657993,-0.331047917904428,-0.331035652817267
2018-04-14 21:30:00,409.895833333332,-25.193676604461,-0.567378585250954,-0.56736631857527
2018-04-14 22:30:00,409.9375,-25.391364956797,-0.599518786384255,-0.599506518126799
2018-04-14 23:30:00,409.979166666668,-23.979283893321,-0.375221657308848,-0.375209387476375
2018-04-15 00:30:00,410.020833333332,-22.1663413651206,-0.0870670982010389,-0.0870548268002992
2018-04-15 01:30:00,410.0625,-21.0540779619666,0.0894686881465475,0.0894809611087999
2018-04-15 02:30:00,410.104166666668,-20.7470889083333,0.13772360806265,0.137735882579661
2018-04-15 06:30:00,410.270833333332,-17.7210686567718,0.617175309456708,0.617187590125207
2018-04-15 07:30:00,410.3125,-17.4011799593692,0.667484721362777,0.667497003552259
2018-04-15 08:30:00,410.354166666668,-17.7267606562152,0.614970312406574,0.614982596110282
2018-04-15 09:30:00,410.395833333332,-18.7106834603352,0.457581450536992,0.45759373574817
2018-04-15 10:30:00,410.4375,-20.0023327013011,0.251171462940214,0.251183749652103
2018-04-15 11:30:00,410.479166666668,-20.4444531994382,0.180091927060131,0.180104215265975
2018-04-15 12:30:00,410.520833333332,-18.3019259194444,0.520748545490741,0.520760835183782
2018-04-15 13:30:00,410.5625,-16.9880018325926,0.729407999689989,0.729420290863466
2018-04-15 14:30:00,410.604166666668,-16.2418330463822,0.847623545671387,0.847635838318541
2018-04-15 15:30:00,410.645833333332,-16.2132805391221,0.851522222830927,0.851534516945
2018-04-15 17:00:00,410.708333333332,-16.9281343705224,0.736670705708184,0.73668300200996
2018-04-15 18:00:00,410.75,-17.0158568990706,0.722046481109889,0.722058778861684
2018-04-15 19:00:00,410.791666666668,-16.6031988843866,0.787133153024841,0.787145452219892
2018-04-15 20:00:00,410.833333333332,-16.9119478428305,0.737299097325776,0.737311397957322
2018-04-15 21:00:00,410.875,-17.095715601487,0.70737455513066,0.70738685719194
2018-04-15 22:00:00,410.916666666668,-17.225269485316,0.686086241335551,0.686098544819802
2018-04-15 23:00:00,410.958333333332,-17.1046356864312,0.704652923915443,0.704665228815903
2018-04-16,411,-16.8267286572491,0.74827326453586,0.748285570845765
2018-04-16 01:00:00,411.041666666668,-16.9265278873606,0.731724648535541,0.731736956248129
2018-04-16 02:00:00,411.083333333332,-16.7866461752328,0.753357298644702,0.753369607753209
2018-04-16 03:00:00,411.125,-16.5081282433086,0.797074718703794,0.797087029201453
2018-04-16 04:00:00,411.166666666668,-16.7481505187732,0.75818823456947,0.75820054644952
2018-04-16 08:00:00,411.333333333332,-16.6702226027829,0.767998371416233,0.768010688758188
2018-04-16 09:00:00,411.375,-16.4380797319109,0.804327744507309,0.804340063197824
2018-04-16 10:00:00,411.416666666668,-16.4249554257885,0.805767227121442,0.805779547153752
2018-04-16 11:00:00,411.458333333332,-16.2344805296846,0.835458709191465,0.835471030558803
2018-04-16 12:00:00,411.5,-16.1361966716141,0.850464017090606,0.850476339786203
2018-04-16 13:00:00,411.541666666668,-16.2137593042593,0.837456777759332,0.837469101776421
2018-04-16 14:00:00,411.583333333332,-15.7505240687037,0.910598950029926,0.910611275361738
2018-04-16 15:00:00,411.625,-14.9916277818519,1.03084006412558,1.03085239076535
2018-04-16 16:30:00,411.6875,-14.1092597482375,1.17042437259484,1.17043670118385
2018-04-16 17:30:00,411.729166666668,-14.5505009068646,1.09948254813072,1.09949487801076
2018-04-16 18:30:00,411.770833333332,-14.1725807213358,1.15903363741336,1.15904596857766
2018-04-16 19:30:00,411.8125,-14.2836840037175,1.14068286536966,1.14069519781145
2018-04-16 20:30:00,411.854166666668,-14.8727495346939,1.04619229247538,1.04620462618789
2018-04-16 21:30:00,411.895833333332,-14.522591848423,1.1013205765116,1.10133291148807
2018-04-16 22:30:00,411.9375,-14.145235177963,1.1607816057426,1.16079394197625
2018-04-16 23:30:00,411.979166666668,-13.8768055435185,1.20289040820681,1.20290274569087
2018-04-17 00:30:00,412.020833333332,-14.2411518405556,1.14419748084204,1.14420981956973
2018-04-17 01:30:00,412.0625,-14.5790499737037,1.08971769346473,1.08973003342929
2018-04-17 02:30:00,412.104166666668,-14.5574185087037,1.09251115691095,1.0925234981056
2018-04-17 03:30:00,412.145833333332,-14.4775870374074,1.10457585219937,1.10458819461734
2018-04-17 04:30:00,412.1875,-14.7045444312963,1.06776879161184,1.06778113524637
2018-04-17 05:30:00,412.229166666668,-14.971083347963,1.02465629607812,1.02466864092242
2018-04-17 09:30:00,412.395833333332,-18.1583487985158,0.514311315468505,0.514323665084164
2018-04-17 10:30:00,412.4375,-18.7287087053803,0.422799573690023,0.422811924481589
2018-04-17 11:30:00,412.479166666668,-19.4513692051948,0.307026170544424,0.30703852250512
2018-04-17 12:30:00,412.520833333332,-19.7131632269017,0.264669058962754,0.264681412085803
2018-04-17 13:30:00,412.5625,-20.4223209701299,0.151046519446355,0.151058873724984
2018-04-17 14:30:00,412.604166666668,-21.0168423187384,0.0556855724435917,0.0556979278710263
2018-04-17 16:00:00,412.666666666668,-21.0208680223048,0.0540642429895244,0.0540766001274608
2018-04-17 17:00:00,412.708333333332,-22.8436573031657,-0.236960829565805,-0.236948471296006
2018-04-17 18:00:00,412.75,-23.0295892,-0.267233417024947,-0.26722105763006
2018-04-17 19:00:00,412.791666666668,-21.9876759608939,-0.101909462458154,-0.101897101944954
2018-04-17 20:00:00,412.833333333332,-21.7676319828996,-0.0675099337318631,-0.067497572107131
2018-04-17 21:00:00,412.875,-21.9809014977695,-0.102137618962547,-0.102125256233057
2018-04-17 22:00:00,412.916666666668,-22.6204524897579,-0.204672312681589,-0.204659948854119
2018-04-17 23:00:00,412.958333333332,-21.9253271072491,-0.0945921703892688,-0.0945798054705984
2018-04-18,413,-22.3288026204842,-0.159519999749809,-0.159507633746715
2018-04-18 01:00:00,413.041666666668,-22.1518327325279,-0.131982525459019,-0.131970158378278
2018-04-18 02:00:00,413.083333333332,-23.1688011459108,-0.294640338991146,-0.294627970839538
2018-04-18 03:00:00,413.125,-23.5603761538175,-0.35767259899853,-0.357660229782834
2018-04-18 04:00:00,413.166666666668,-25.0802527674721,-0.60044417364584,-0.600431803372832
2018-04-18 05:00:00,413.208333333332,-25.9287137763941,-0.736258824868082,-0.736246453544544
2018-04-18 06:00:00,413.25,-26.2964591263941,-0.795495189974166,-0.795482817606876
2018-04-18 07:00:00,413.291666666668,-27.8443476985632,-1.04272927525663,-1.04271690185237
2018-04-18 11:00:00,413.458333333332,-25.9614471202226,-0.745399794656644,-0.745387417172288
2018-04-18 12:00:00,413.5,-25.1951057662338,-0.623975701592871,-0.623963323105442
2018-04-18 13:00:00,413.541666666668,-25.0531150487941,-0.602011170626966,-0.601998791143245
2018-04-18 14:00:00,413.583333333332,-25.0809721710575,-0.607103581092401,-0.607091200619168
2018-04-18 15:30:00,413.645833333332,-24.9246983013035,-0.583191278687697,-0.583178896742911
2018-04-18 16:30:00,413.6875,-24.3026505548327,-0.484753525643656,-0.48474114272631
2018-04-18 17:30:00,413.729166666668,-24.2628844936685,-0.479073719191065,-0.479061335307942
2018-04-18 18:30:00,413.770833333332,-23.9526598420074,-0.43030972367993,-0.43029733883781
2018-04-18 19:30:00,413.8125,-24.4064888336431,-0.503260076893091,-0.503247691098756
2018-04-18 20:30:00,413.854166666668,-24.3877936884758,-0.500937054451094,-0.500924667711326
2018-04-18 21:30:00,413.895833333332,-23.863700727881,-0.418103855521227,-0.418091467842807
2018-04-18 22:30:00,413.9375,-23.8921486953532,-0.42329087762245,-0.42327848901216
2018-04-18 23:30:00,413.979166666668,-23.7089646879182,-0.394764830887666,-0.39475244135229
2018-04-19 00:30:00,414.020833333332,-23.2919070438662,-0.328982602376359,-0.328970211922678
2018-04-19 01:30:00,414.0625,-23.0237188091248,-0.286915432481846,-0.286903041116643
2018-04-19 02:30:00,414.104166666668,-23.0225632126394,-0.287386807679988,-0.287374415410046
2018-04-19 03:30:00,414.145833333332,-23.1404702418216,-0.306824998888197,-0.306812605720298
2018-04-19 04:30:00,414.1875,-23.3102588556797,-0.334528017932175,-0.334515623873102
2018-04-19 05:30:00,414.229166666668,-23.5607219873134,-0.375082599294367,-0.375070204350903
2018-04-19 06:30:00,414.270833333332,-23.4472774623836,-0.357666484562515,-0.357654088741442
2018-04-19 07:30:00,414.3125,-20.6256040890335,0.0911723677429347,0.0911847644348315
2018-04-19 08:30:00,414.354166666668,-22.0542011540037,-0.137059951048773,-0.137047553492834
2018-04-19 12:00:00,414.5,-22.1748365119497,-0.158572911189909,-0.158560510663247
2018-04-19 12:30:00,414.520833333332,-22.2064960155673,-0.163944296171316,-0.163931895227049
2018-04-19 13:00:00,414.541666666668,-21.4689055993711,-0.0467736320350032,-0.0467612306748262
2018-04-19 13:30:00,414.5625,-21.8793684697368,-0.112488689642921,-0.11247628786853
2018-04-19 14:30:00,414.604166666668,-21.9435502502959,-0.123368989402602,-0.123356586804872
2018-04-19 15:00:00,414.625,-21.9957751563686,-0.132016521391083,-0.132004118384227
2018-04-19 15:30:00,414.645833333332,-21.1953313905325,-0.00483333723078212,-0.00482093381649724
2018-04-19 16:00:00,414.666666666668,-21.6695907821138,-0.0807112895374521,-0.080698885717434
2018-04-19 16:30:00,414.6875,-21.4821479704142,-0.0511796205306023,-0.0511672163065462
2018-04-19 17:00:00,414.708333333332,-21.2529566547425,-0.0149973974946725,-0.0149849928682752
2018-04-19 17:30:00,414.729166666668,-21.0610828840237,0.0152401015170078,0.0152525065440501
2018-04-19 18:00:00,414.75,-21.2731842878049,-0.0188759458583001,-0.0188635404323079
2018-04-19 18:30:00,414.770833333332,-21.3171834757396,-0.0262132024828634,-0.0262007966596183
2018-04-19 19:00:00,414.791666666668,-21.2947344084011,-0.0229652168771801,-0.0229528106583782
2018-04-19 19:30:00,414.8125,-21.2103491692308,-0.00985076711568449,-0.00983836050302096
2018-04-19 20:00:00,414.833333333332,-21.2530975788618,-0.0169888106948485,-0.0169764036900205
2018-04-19 20:30:00,414.854166666668,-21.8823254053254,-0.11755345667419,-0.117541049278893
2018-04-19 21:00:00,414.875,-21.887964795664,-0.118780031306016,-0.118767623521946
2018-04-19 21:30:00,414.895833333332,-21.3792485715976,-0.038069401107435,-0.0380569929362889
2018-04-19 22:00:00,414.916666666668,-21.2624444284553,-0.0197906575324069,-0.0197782489758807
2018-04-19 22:30:00,414.9375,-22.1110178349112,-0.155297259504013,-0.155284850563803
2018-04-19 23:00:00,414.958333333332,-22.0967669333333,-0.153355344603931,-0.153342935281732
2018-04-19 23:30:00,414.979166666668,-22.9821183497041,-0.294720733760905,-0.294708324058414
2018-04-20,415,-22.5997077886364,-0.234130745852385,-0.234118335771299
2018-04-20 00:30:00,415.020833333332,-23.3318402343195,-0.351088267242156,-0.35107585678417
2018-04-20 01:00:00,415.041666666668,-23.270788599729,-0.341691009639972,-0.341678598806783
2018-04-20 01:30:00,415.0625,-23.7703550763314,-0.421600629547956,-0.42158821834126
2018-04-20 02:00:00,415.083333333332,-23.5731798689373,-0.39051881302564,-0.390506401447132
2018-04-20 02:30:00,415.104166666668,-24.5791656994083,-0.55110142131741,-0.551089009368788
2018-04-20 03:00:00,415.125,-24.8482799133152,-0.594299866159304,-0.594287453842263
2018-04-20 03:30:00,415.145833333332,-25.6332916529762,-0.719681167124823,-0.71966875444106
2018-04-20 04:00:00,415.166666666668,-25.7218206445652,-0.734112280169589,-0.7340998671208
2018-04-20 04:30:00,415.1875,-25.8128046792899,-0.748934494860333,-0.748922081448214
2018-04-20 05:00:00,415.208333333332,-25.8988943168022,-0.762977040055572,-0.762964626281819
2018-04-20 05:30:00,415.229166666668,-26.2752485331361,-0.823258951519729,-0.823246537386038
2018-04-20 06:00:00,415.25,-26.2955830847411,-0.826826687370334,-0.826814272878402
2018-04-20 06:30:00,415.270833333332,-26.2372544976331,-0.817863340362072,-0.817850925513595
2018-04-20 07:00:00,415.291666666668,-26.2960680798365,-0.827560835946078,-0.827548420742753
2018-04-20 07:30:00,415.3125,-26.9064261319527,-0.925119770995176,-0.925107355438697
2018-04-20 08:00:00,415.333333333332,-26.776342401087,-0.904725812111932,-0.904713396203997
2018-04-20 08:30:00,415.354166666668,-27.1842848824242,-0.970039824496202,-0.970027408238508
2018-04-20 09:00:00,415.375,-27.0773333471545,-0.953330863226627,-0.953318446620868
2018-04-20 09:30:00,415.395833333332,-27.7954674556213,-1.06805864571981,-1.06804622876769
2018-04-20 10:00:00,415.416666666668,-27.5658699403794,-1.03181211435268,-1.03179969705588
2018-04-20 13:30:00,415.5625,-26.7515534572193,-0.904390840914923,-0.904378421252922
2018-04-20 14:00:00,415.583333333332,-26.5500302890909,-0.872616660046114,-0.872604240053013
2018-04-22 16:30:00,417.6875,-27.9836710526022,-1.13423341114824,-1.13422096645059
2018-04-22 17:30:00,417.729166666668,-28.6669046381308,-1.24373196765039,-1.24371952263821
2018-04-22 18:30:00,417.770833333332,-29.2626790968284,-1.33929824808554,-1.3392858027656
2018-04-22 19:30:00,417.8125,-28.6556015,-1.24324936150137,-1.24323691588046
2018-04-22 20:30:00,417.854166666668,-28.7586149370093,-1.2603185087083,-1.26030606279318
2018-04-22 21:30:00,417.895833333332,-26.645921913197,-0.924424057658316,-0.924411611455787
2018-04-22 22:30:00,417.9375,-25.0411447250464,-0.669440986177476,-0.669428539694312
2018-04-22 23:30:00,417.979166666668,-25.2605573868519,-0.705052685030555,-0.705040238273535
2018-04-23 00:30:00,418.020833333332,-23.0352555631481,-0.351219642628437,-0.35120719560434
2018-04-23 01:30:00,418.0625,-22.726603687037,-0.302710329511164,-0.30269788222677
2018-04-23 02:30:00,418.104166666668,-23.4046259131481,-0.411378928601083,-0.411366481063171
2018-04-23 03:30:00,418.145833333332,-23.5724851742593,-0.438778225093566,-0.438765777308915
2018-04-23 04:30:00,418.1875,-24.0077166814815,-0.508770133416995,-0.508757685392385
2018-04-23 05:30:00,418.229166666668,-24.0872449141002,-0.52209827752613,-0.522085829268338
2018-04-23 06:30:00,418.270833333332,-23.9142740637037,-0.495203158553969,-0.495190710069774
2018-04-23 07:30:00,418.3125,-23.0511851705556,-0.358371763148771,-0.358359314444951
2018-04-23 08:30:00,418.354166666668,-23.2620501975836,-0.392622015294419,-0.392609566377752
2018-04-23 09:30:00,418.395833333332,-23.3870870431481,-0.413199797067133,-0.413187347944397
2018-04-23 10:30:00,418.4375,-23.1592500081481,-0.377564537428112,-0.377552088106083
2018-04-23 11:30:00,418.479166666668,-23.4947037203704,-0.431661915948248,-0.431649466433705
2018-04-23 12:30:00,418.520833333332,-26.7721595721707,-0.954422356948161,-0.954409907247879
2018-04-23 13:30:00,418.5625,-27.9434916150278,-1.14167578903762,-1.14166333915838
2018-04-23 17:30:00,418.729166666668,-27.0960851294833,-1.00932111517995,-1.00930866465263
2018-04-23 18:00:00,418.75,-26.7474246418994,-0.95410899328066,-0.954096542679947
2018-04-23 18:30:00,418.770833333332,-27.0871003133739,-1.00854931767707,-1.00853686700467
2018-04-23 19:00:00,418.791666666668,-26.9770714233333,-0.991351388281732,-0.991338937539326
2018-04-23 19:30:00,418.8125,-27.1694403311927,-1.02232564836869,-1.02231319755797
2018-04-23 20:00:00,418.833333333332,-27.0759856665072,-1.00776801323363,-1.00775556235631
2018-04-23 20:30:00,418.854166666668,-26.291878406383,-0.883188930191582,-0.883176479249339
2018-04-23 21:00:00,418.875,-26.3561531239234,-0.893757706508556,-0.893745255503088
2018-04-23 21:30:00,418.895833333332,-25.9569604802432,-0.830495804994263,-0.830483353927263
2018-04-23 22:00:00,418.916666666668,-25.0151722473684,-0.680798042344233,-0.680785591217395
2018-04-23 22:30:00,418.9375,-24.2984984851064,-0.566961179658458,-0.566948728473477
2018-04-23 23:00:00,418.958333333332,-22.9813238228571,-0.357464098363239,-0.357451647121806
2018-04-23 23:30:00,418.979166666668,-20.9677811237082,-0.0370350949984034,-0.0370226437022135
2018-04-24,419,-20.3729666233333,0.0573894886618371,0.0574019400110905
2018-04-24 00:30:00,419.020833333332,-21.8451584990854,-0.177461524260201,-0.177449072859577
2018-04-24 01:00:00,419.041666666668,-21.3647583066351,-0.101263229086148,-0.101250777635847
2018-04-24 01:30:00,419.0625,-21.0463009179331,-0.0508625419479964,-0.0508500904497122
2018-04-24 02:00:00,419.083333333332,-20.7890094780952,-0.0102056378041052,-0.0101931862595302
2018-04-24 02:30:00,419.104166666668,-20.9835501580547,-0.0415259168167903,-0.0415134652276186
2018-04-24 03:00:00,419.125,-20.6639383578199,0.00905865813948549,0.00907110977156066
2018-04-24 03:30:00,419.145833333332,-22.0925718889908,-0.218853501018251,-0.218841049344965
2018-04-24 04:00:00,419.166666666668,-21.8172285785714,-0.175320935089099,-0.175308483376296
2018-04-24 04:30:00,419.1875,-21.628417689939,-0.145573049206622,-0.145560597455995
2018-04-24 05:00:00,419.208333333332,-21.3189620824645,-0.0966063767750589,-0.0965939249883
2018-04-24 05:30:00,419.229166666668,-20.668604831003,0.00666616782169174,0.00667861964288841
2018-04-24 06:00:00,419.25,-20.4591857004762,0.0396969513616766,0.039709403215618
2018-04-24 06:30:00,419.270833333332,-19.9206322306991,0.125159067097831,0.125171518982824
2018-04-24 07:00:00,419.291666666668,-19.7912714228571,0.145436496165977,0.14544894808033
2018-04-24 07:30:00,419.3125,-19.330097299696,0.218572020317081,0.2185844722591
2018-04-24 08:00:00,419.333333333332,-19.2119620810427,0.237061198717235,0.237073650685227
2018-04-24 08:30:00,419.354166666668,-19.1504528881459,0.246529807667902,0.246542259660174
2018-04-24 09:00:00,419.375,-18.8951343218905,0.286872385254722,0.286884837269582
2018-04-24 09:30:00,419.395833333332,-18.8225592534954,0.298103790045425,0.298116242081179
2018-04-24 10:00:00,419.416666666668,-18.840649264455,0.29489217995054,0.294904632005496
2018-04-24 10:30:00,419.4375,-18.7744711182371,0.305104544601477,0.305116996673944
2018-04-24 11:00:00,419.458333333332,-18.7459099417062,0.309324496230328,0.309336948318611
2018-04-24 11:30:00,419.479166666668,-18.3128658490854,0.377978862613585,0.377991314715992
2018-04-24 12:00:00,419.5,-18.2365524,0.389805779772756,0.389818231887596
2018-04-24 12:30:00,419.520833333332,-18.4922158285714,0.348748540343865,0.348760992469443
2018-04-24 13:00:00,419.541666666668,-18.3850002,0.365498191335304,0.365510643469929
2018-04-25 11:30:00,420.479166666668,-15.9092493843829,0.745040569621113,0.745053020411822
2018-04-25 12:00:00,420.5,-15.6186834510791,0.790997976671853,0.791010427393803
2018-04-25 13:00:00,420.541666666668,-15.3935388200501,0.82620376765587,0.82621621823523
2018-04-25 13:30:00,420.5625,-15.2547152839416,0.84798850038411,0.84800095088964
2018-04-25 14:00:00,420.583333333332,-14.3493192084788,0.99188878584746,0.991901236277468
2018-04-25 14:30:00,420.604166666668,-14.1712116883212,1.01993148417738,1.01994393453017
2018-04-25 15:00:00,420.625,-13.6572842930175,1.10147052809751,1.10148297837141
2018-04-25 15:30:00,420.645833333332,-13.50836294,1.12486384818431,1.12487629837762
2018-04-25 16:00:00,420.666666666668,-13.2955025179293,1.15844270724582,1.15845515735685
2018-04-25 16:30:00,420.6875,-13.1941999977778,1.17425031243625,1.17426276246331
2018-04-25 17:00:00,420.708333333332,-13.421148931383,1.13776722613823,1.13777967607963
2018-04-25 17:30:00,420.729166666668,-13.3860367602941,1.14303066079982,1.14304311065387
2018-04-25 18:00:00,420.75,-14.1556582344304,1.02009945045663,1.02011190022163
2018-04-25 18:30:00,420.770833333332,-14.1674890868613,1.01788482747199,1.01789727714626
2018-04-25 19:00:00,420.791666666668,-15.3094848330808,0.8356341291137,0.835646578695553
2018-04-25 19:30:00,420.8125,-15.3433309044118,0.82991246574155,0.829924915229293
2018-04-25 20:00:00,420.833333333332,-16.0432932403509,0.718078005323695,0.71809045471564
2018-04-25 20:30:00,420.854166666668,-16.003985058209,0.72400986669142,0.724022315985876
2018-04-25 21:00:00,420.875,-15.9223030348485,0.736691911252008,0.736704360447287
2018-04-25 21:30:00,420.895833333332,-15.9204852808824,0.736651520674181,0.736663969768593
2018-04-25 22:00:00,420.916666666668,-16.0973435368957,0.708147914112892,0.708160363104748
2018-04-25 22:30:00,420.9375,-16.0901763875,0.708959686272808,0.708972135160418
2018-04-25 23:00:00,420.958333333332,-16.1056020070529,0.706172414369103,0.706184863150779
2018-04-25 23:30:00,420.979166666668,-16.0509111392593,0.714554749222992,0.714567197897043
2018-04-26,421,-15.6051203027569,0.785239588836632,0.78525203740137
2018-04-26 00:30:00,421.020833333332,-15.5723722970803,0.790126410636057,0.790138859089793
2018-04-26 01:00:00,421.041666666668,-14.9671256354271,0.886212677791186,0.886225126132231
2018-04-26 01:30:00,421.0625,-14.9522773649635,0.888248059710312,0.888260507936977
2018-04-26 02:00:00,421.083333333332,-15.6353182892231,0.779109194618511,0.779121642729107
2018-04-26 02:30:00,421.104166666668,-15.5843065671533,0.786905441120943,0.786917889113781
2018-04-26 03:00:00,421.125,-15.562536333584,0.79004349812223,0.790055945995621
2018-04-26 03:30:00,421.145833333332,-15.4626569043796,0.80562440636152,0.805636854113777
2018-04-26 04:00:00,421.166666666668,-15.4508115570352,0.807181423048043,0.807193870677476
2018-04-26 04:30:00,421.1875,-15.4097883489051,0.813386494448757,0.813398941953677
2018-04-26 05:00:00,421.208333333332,-15.432410568262,0.809452804451384,0.809465251830103
2018-04-26 05:30:00,421.229166666668,-15.3848320839416,0.816702137440719,0.816714584691549
2018-04-26 06:00:00,421.25,-15.2623433533835,0.835884726954531,0.835897174075783
2018-04-26 06:30:00,421.270833333332,-15.2148466832117,0.843121028467812,0.843133475457798
2018-04-26 07:00:00,421.291666666668,-15.2093894479899,0.843660418803146,0.843672865660176
2018-04-26 07:30:00,421.3125,-15.1840948255474,0.847359919992662,0.847372366715051
2018-04-26 08:00:00,421.333333333332,-15.2289473656642,0.83988492899457,0.839897375580627
2018-04-26 08:30:00,421.354166666668,-15.1855985408759,0.846460479433981,0.846472925882019
2018-04-26 09:00:00,421.375,-15.068383462406,0.864802977891345,0.864815424199676
2018-04-26 09:30:00,421.395833333332,-14.9924306416058,0.876572370278377,0.876584816445313
2018-04-26 10:00:00,421.416666666668,-15.0831077481203,0.861797497273577,0.86180994329743
2018-04-26 10:30:00,421.4375,-15.0882773729927,0.860644028346658,0.86065647422574
2018-04-26 11:00:00,421.458333333332,-15.4206315924812,0.807369820877081,0.807382266609704
2018-04-26 11:30:00,421.479166666668,-15.4229780956204,0.80666607968157,0.806678525266047
2018-04-26 12:30:00,421.520833333332,-17.5231153245614,0.471452839055754,0.471465284338875
2018-04-26 13:00:00,421.541666666668,-17.5567462768116,0.465765466710635,0.465777911840546
2018-04-26 13:30:00,421.5625,-19.9033909997494,0.0916133491881911,0.0916257941632059
2018-04-26 14:00:00,421.583333333332,-20.0761897525547,0.0637564496084508,0.063768894426881
2018-04-26 14:30:00,421.604166666668,-21.2552757132832,-0.124402719812918,-0.12439027515276
2018-04-26 15:00:00,421.625,-21.5326376768116,-0.168916610569101,-0.168904166068901
2018-04-26 15:30:00,421.645833333332,-22.5785388478697,-0.335859344721959,-0.335846900383406
2018-04-26 16:00:00,421.666666666668,-22.3895797202899,-0.306087949242838,-0.306075505067619
2018-04-26 16:30:00,421.6875,-23.8744271062814,-0.542955125843349,-0.542942681833151
2018-04-26 17:00:00,421.708333333332,-23.861717434058,-0.541260391200308,-0.541247947356817
2018-04-26 17:30:00,421.729166666668,-25.9262781834586,-0.870476317425514,-0.870463873750418
2018-04-26 18:00:00,421.75,-25.6733768833333,-0.830518881292513,-0.830506437787498
2018-04-26 18:30:00,421.770833333332,-26.2534085105263,-0.92324825388136,-0.923235810548114
2018-04-26 19:00:00,421.791666666668,-25.958811607971,-0.876648674794703,-0.876636231634913
2018-04-26 19:30:00,421.8125,-27.5920300639098,-1.13715145804803,-1.13713901506339
2018-04-26 20:00:00,421.833333333332,-27.819384073913,-1.17369902846488,-1.17368658565706
2018-04-26 20:30:00,421.854166666668,-27.9638746952381,-1.19704639985697,-1.19703395722767
2018-04-26 21:00:00,421.875,-27.9320294426471,-1.19230333848691,-1.19229089603781
2018-04-26 21:30:00,421.895833333332,-28.4994547670854,-1.28302450620599,-1.28301206393878
2018-04-26 22:00:00,421.916666666668,-28.615970984058,-1.30191552876061,-1.30190308667697
2018-04-26 22:30:00,421.9375,-28.0045313669173,-1.20484266457241,-1.20483022267403
2018-04-26 23:00:00,421.958333333332,-28.0171617397059,-1.20718459354345,-1.20717215183202
2018-04-26 23:30:00,421.979166666668,-27.5068120308271,-1.12621541953005,-1.12620297800725
2018-04-27,422,-27.0795454519481,-1.05848144520863,-1.05846900387616
2018-04-27 00:30:00,422.020833333332,-27.2447042428571,-1.08512125331747,-1.085108812177
2018-04-27 01:00:00,422.041666666668,-26.8603695485507,-1.02422635418304,-1.02421391323626
2018-04-27 01:30:00,422.0625,-26.4223809315789,-0.95478434441021,-0.954771903658812
2018-04-27 02:00:00,422.083333333332,-25.941644934058,-0.87853264390984,-0.878520203355505
2018-04-27 02:30:00,422.104166666668,-26.2250525849624,-0.924009570169582,-0.923997129813998
2018-04-27 03:00:00,422.125,-25.4250144391304,-0.796892804222646,-0.796880364067498
2018-04-27 03:30:00,422.145833333332,-24.4936240934837,-0.648851536394233,-0.648839096441206
2018-04-27 04:00:00,422.166666666668,-24.0229348449275,-0.574200279927691,-0.574187840178471
2018-04-27 04:30:00,422.1875,-24.3608997160401,-0.628368199928862,-0.628355760385134
2018-04-27 05:00:00,422.208333333332,-23.705014690511,-0.524215118465723,-0.524202679129174
2018-04-27 05:30:00,422.229166666668,-23.2460502605528,-0.451431625844765,-0.451419186717079
2018-04-27 06:00:00,422.25,-23.0315942246377,-0.417598492327046,-0.417586053409908
2018-04-27 06:30:00,422.270833333332,-22.6448471135338,-0.356319264571678,-0.356306825866775
2018-04-27 07:00:00,422.291666666668,-22.3483550311594,-0.309417724509305,-0.309405286018322
2018-04-27 07:30:00,422.3125,-22.572611533584,-0.345471803215401,-0.345459364940021
2018-04-27 08:00:00,422.333333333332,-22.2792246442029,-0.299064916726941,-0.299052478668852
2018-04-27 08:30:00,422.354166666668,-22.3261557630653,-0.306870929139318,-0.306858491300203
2018-04-27 09:00:00,422.375,-22.2152391224638,-0.289531677618968,-0.289519240000513
2018-04-27 09:30:00,422.395833333332,-22.4478020065163,-0.326908956738303,-0.326896519342193
2018-04-27 10:00:00,422.416666666668,-22.0046159485507,-0.256638943361043,-0.256626506188962
2018-04-27 10:30:00,422.4375,-22.039914793985,-0.262591913849594,-0.262579476903226
2018-04-27 11:00:00,422.458333333332,-21.9607463797101,-0.25031016484755,-0.250297728128581
2018-04-27 12:00:00,422.5,-25.1153885132832,-0.753506573178516,-0.753494136919397
2018-04-27 12:30:00,422.520833333332,-25.1799347521739,-0.764118661214771,-0.764106225188105
2018-04-27 13:00:00,422.541666666668,-25.5390000032581,-0.821647834972131,-0.821635399179602
2018-04-27 13:30:00,422.5625,-25.7059854818841,-0.848578560283718,-0.84856612472701
2018-04-27 14:00:00,422.583333333332,-26.3530075155388,-0.951979448378581,-0.951967013059378
2018-04-27 14:30:00,422.604166666668,-26.2784854942029,-0.940437849374149,-0.940425414294135
2018-04-27 15:00:00,422.625,-26.2947218285714,-0.943354117733048,-0.943341682893907
2018-04-27 15:30:00,422.645833333332,-26.0019636572464,-0.89704733692407,-0.897034902327487
2018-04-27 16:00:00,422.666666666668,-25.6405338042607,-0.839801104511078,-0.839788670158736
2018-04-27 16:30:00,422.6875,-25.8830362246377,-0.878761711137977,-0.878749277031561
2018-04-27 17:00:00,422.708333333332,-24.5160275496241,-0.661326046366301,-0.661313612507493
2018-04-27 17:30:00,422.729166666668,-23.7210652043478,-0.535017766944486,-0.535005333334971
2018-04-27 18:00:00,422.75,-23.264055133584,-0.462545522546351,-0.462533089187813
2018-04-27 18:30:00,422.770833333332,-23.2197681246377,-0.455820352979498,-0.455807919873619
2018-04-27 19:00:00,422.791666666668,-24.3839473661654,-0.641604716802573,-0.641592283951038
2018-04-27 19:30:00,422.8125,-24.3828406398551,-0.641758189283562,-0.641745756688054
2018-04-27 20:00:00,422.833333333332,-23.5768370413534,-0.513691010855245,-0.513678578517447
2018-04-27 20:30:00,422.854166666668,-23.4795434028985,-0.498521831493021,-0.498509399414616
2018-04-27 21:00:00,422.875,-23.0888896924812,-0.436620178963878,-0.43660774714655
2018-04-27 21:30:00,422.895833333332,-23.0333913137681,-0.428109006174539,-0.42809657461997
2018-04-27 22:00:00,422.916666666668,-22.7407543982456,-0.381821490860347,-0.381809059570221
2018-04-27 22:30:00,422.9375,-22.7001376630435,-0.375680966176539,-0.375668535152539
2018-04-27 23:00:00,422.958333333332,-22.7519773432161,-0.384268810298834,-0.384256379542643
2018-04-27 23:30:00,422.979166666668,-22.7619347355072,-0.386184771756228,-0.386172341269528
2018-04-28,423,-22.2349724280702,-0.30256903703936,-0.302556606823835
2018-04-28 00:30:00,423.020833333332,-22.1756305572464,-0.293445567681937,-0.293433137739268
2018-04-28 01:00:00,423.041666666668,-22.0933283418546,-0.280664494624532,-0.280652064956403
2018-04-28 01:30:00,423.0625,-22.0768913681159,-0.278375797185651,-0.278363367793744
2018-04-28 02:00:00,423.083333333332,-21.9621608155779,-0.260428857915115,-0.260416428801112
2018-04-28 02:30:00,423.104166666668,-21.1094130514493,-0.124915244912696,-0.12490281607828
2018-04-28 03:00:00,423.125,-21.7374371575377,-0.225289644441943,-0.225277215888796
2018-04-28 03:30:00,423.145833333332,-21.6871159405797,-0.217603144642094,-0.217590716371901
2018-04-28 04:00:00,423.166666666668,-21.7281206552764,-0.224464926361387,-0.224452498375826
2018-04-28 04:30:00,423.1875,-21.6711811695652,-0.215724122265114,-0.215711694565868
2018-04-28 05:00:00,423.208333333332,-21.6377393538847,-0.210726509055802,-0.210714081644554
2018-04-28 05:30:00,423.229166666668,-21.6171667137681,-0.207778959927445,-0.207766532805876
2018-04-28 06:00:00,423.25,-21.5696766711779,-0.200543444524323,-0.200531017694114
2018-04-28 06:30:00,423.270833333332,-21.5393405456522,-0.196040555500567,-0.196028128963403
2018-04-28 07:00:00,423.291666666668,-21.4117217756892,-0.176040466788978,-0.176028040546537
2018-04-28 07:30:00,423.3125,-21.338797076087,-0.164753177618952,-0.164740751672917
2018-04-28 08:00:00,423.333333333332,-21.058365933584,-0.120409958814015,-0.120397533166069
2018-04-28 08:30:00,423.354166666668,-21.0606377108696,-0.12110151211804,-0.121089086769862
2018-04-28 09:00:00,423.375,-21.313180462406,-0.161661405388223,-0.161648980341494
2018-04-28 09:30:00,423.395833333332,-21.3097536369565,-0.161445157004641,-0.161432732261046
2018-04-28 10:00:00,423.416666666668,-21.5733709448622,-0.203769224734479,-0.203756800295695
2018-04-28 10:30:00,423.4375,-21.5544855811594,-0.201090409791746,-0.201077985659456
2018-04-28 11:30:00,423.479166666668,-21.5816691596491,-0.206080031467446,-0.206067607953186
2018-04-28 12:00:00,423.5,-21.5482158633094,-0.201080518575583,-0.20106809537286
2018-04-28 12:30:00,423.520833333332,-21.6198470746867,-0.212821037483348,-0.212808614593844
2018-04-28 13:00:00,423.541666666668,-21.5013021553957,-0.194266357456899,-0.194253934882291
2018-04-28 13:30:00,423.5625,-21.4838120348371,-0.19180977362461,-0.19179735136658
2018-04-28 14:00:00,423.583333333332,-21.4805827496403,-0.191624945555326,-0.191612523615557
2018-04-28 14:30:00,423.604166666668,-21.2920952182957,-0.161928340943601,-0.161915919323771
2018-04-28 15:00:00,423.625,-21.1901510625899,-0.146018152330463,-0.146005731032253
2018-04-28 15:30:00,423.645833333332,-21.3129774047619,-0.165914059025204,-0.165901638050294
2018-04-28 16:00:00,423.666666666668,-21.1437409733813,-0.139284151511372,-0.139271730861442
2018-04-28 16:30:00,423.6875,-21.0902306105263,-0.131089483700591,-0.131077063377322
2018-04-28 17:00:00,423.708333333332,-21.0432086057554,-0.123928410214738,-0.12391599021981
2018-04-28 17:30:00,423.729166666668,-20.7221532035176,-0.0731136148880681,-0.0731011952231589
2018-04-28 18:00:00,423.75,-20.597410094964,-0.0535715023934129,-0.0535590830602042
2018-04-28 18:30:00,423.770833333332,-20.4771929669173,-0.0347503759465924,-0.0347379569467647
2018-04-28 19:00:00,423.791666666668,-20.4218920848921,-0.0262704479575374,-0.026258029292768
2018-04-28 19:30:00,423.8125,-20.0749749115288,0.0286641696000256,0.0286765879280555
2018-04-28 20:00:00,423.833333333332,-20.1141377007246,0.0220959792323681,0.0221083972219781
2018-04-28 20:30:00,423.854166666668,-20.0850802125313,0.0263953338539488,0.0264077515034618
2018-04-28 21:00:00,423.875,-19.8863453093525,0.057724428028743,0.0577368453364767
2018-04-28 21:30:00,423.895833333332,-19.5401729303258,0.112540423601366,0.112552840565643
2018-04-28 22:00:00,423.916666666668,-19.2512158719424,0.158241983885535,0.158254400504678
2018-04-28 22:30:00,423.9375,-18.8299047588972,0.225027645878308,0.225040062150634
2018-04-28 23:00:00,423.958333333332,-18.6965611158273,0.245939890380229,0.245952306304062
2018-04-28 23:30:00,423.979166666668,-17.9330726511278,0.367234661580465,0.367247077154126
2018-04-29,424,-17.7754488205128,0.392014769958545,0.392027185180352
2018-04-29 00:30:00,424.020833333332,-17.368862175188,0.456454839019773,0.45646725388805
2018-04-29 01:00:00,424.041666666668,-17.3208201877698,0.463778494286211,0.463790908799281
2018-04-29 01:30:00,424.0625,-16.9832161271357,0.517229601213059,0.51724201536924
2018-04-29 02:00:00,424.083333333332,-17.2340434152174,0.47694318030386,0.476955594101474
2018-04-29 02:30:00,424.104166666668,-18.5221528258145,0.271416982580216,0.271429396017587
2018-04-29 03:00:00,424.125,-18.4738920035971,0.278775524529692,0.278787937605138
2018-04-29 03:30:00,424.145833333332,-19.7072631578947,0.0819691833916744,0.0819815961035199
2018-04-29 04:00:00,424.166666666668,-19.5127409669065,0.112627279231317,0.112639691577885
2018-04-29 04:30:00,424.1875,-19.8075714340852,0.0653311536533648,0.0653435656329742
2018-04-29 05:00:00,424.208333333332,-19.7189639848921,0.0791169689308694,0.0791293805418434
2018-04-29 05:30:00,424.229166666668,-20.0529097230576,0.0255897663105801,0.0256021775512427
2018-04-29 06:00:00,424.25,-20.3149565811594,-0.0164838864832658,-0.0164714756145951
2018-04-29 06:30:00,424.270833333332,-20.1152005065163,0.0150080048138319,0.015020415308834
2018-04-29 07:00:00,424.291666666668,-20.1576690496403,0.00791334834072072,0.00792575846037812
2018-04-29 07:30:00,424.3125,-18.1502562535176,0.327366261059142,0.327378670801775
2018-04-29 08:00:00,424.333333333332,-17.7735323568345,0.387049273807755,0.387061683171687
2018-04-29 08:30:00,424.354166666668,-17.885709206015,0.368850055429229,0.368862464412784
2018-04-29 09:00:00,424.375,-17.6742517388489,0.402206022023529,0.402218430625027
2018-04-29 09:30:00,424.395833333332,-17.2116816764411,0.475564411635876,0.475576819853642
2018-04-29 10:00:00,424.416666666668,-17.1618273201439,0.483176901523133,0.483189309355491
2018-04-29 11:00:00,424.458333333332,-18.5328570862245,0.264112212376182,0.264124619432689
2018-04-29 12:00:00,424.5,-18.4180452324121,0.281743184345734,0.281755590619684
2018-04-29 12:30:00,424.520833333332,-18.3284928185714,0.295679639752082,0.295692045632238
2018-04-29 13:00:00,424.541666666668,-18.0644622836683,0.337410591971164,0.337422997455851
2018-04-29 13:30:00,424.5625,-17.9742213792857,0.351456739341723,0.351469144429264
2018-04-29 14:00:00,424.583333333332,-17.8772230619048,0.366579354959585,0.366591759648302
2018-04-29 14:30:00,424.604166666668,-17.7366928221429,0.388636644491073,0.388649048779291
2018-04-29 15:00:00,424.625,-17.9140502135678,0.360054214820292,0.360066618706335
2018-04-29 15:30:00,424.645833333332,-17.8104785942857,0.376223984964804,0.376236388446996
2018-04-29 16:00:00,424.666666666668,-19.0704899344221,0.175174022937275,0.175186426013941
2018-04-29 16:30:00,424.6875,-19.2551857107143,0.145422606402647,0.14543500907211
2018-04-29 17:00:00,424.708333333332,-21.0102582102757,-0.134490936578357,-0.134478534317772
2018-04-29 17:30:00,424.729166666668,-21.2985357021429,-0.180742978820852,-0.180730576970822
2018-04-29 18:00:00,424.75,-21.8427117917293,-0.267759842682927,-0.267747441245127
2018-04-29 18:30:00,424.770833333332,-21.7870427957143,-0.259220947844513,-0.259208546820617
2018-04-29 19:00:00,424.791666666668,-22.615964841206,-0.391598030108111,-0.391585629499795
2018-04-29 19:30:00,424.8125,-22.4356071478571,-0.363196120738736,-0.363183720547677
2018-04-29 20:00:00,424.833333333332,-23.370716089196,-0.512488835367224,-0.512476435595095
2018-04-29 20:30:00,424.854166666668,-23.383230194964,-0.514811525315438,-0.514799125963916
2018-04-29 21:00:00,424.875,-23.9388847035088,-0.603656861442296,-0.603644462513054
2018-04-29 21:30:00,424.895833333332,-23.9595357228571,-0.607275751259434,-0.607263352754148
2018-04-29 22:00:00,424.916666666668,-23.9734296527638,-0.609818223697056,-0.6098058256174
2018-04-29 22:30:00,424.9375,-24.3334461431655,-0.6674982591199,-0.66748586146755
2018-04-29 23:00:00,424.958333333332,-25.452025129397,-0.846017833919327,-0.846005436695957
2018-04-29 23:30:00,424.979166666668,-25.03737147,-0.780292344273906,-0.780279947481191
2018-04-30,425,-26.3376490799499,-0.987756622974811,-0.987744226614425
2018-04-30 00:30:00,425.020833333332,-25.9140785192857,-0.920610647800045,-0.920598251873662
2018-04-30 01:00:00,425.041666666668,-27.4303283122807,-1.16247943272682,-1.16246703723611
2018-04-30 01:30:00,425.0625,-26.7704214364286,-1.05768489669977,-1.05767250164641
2018-04-30 02:00:00,425.083333333332,-27.343874660401,-1.14936549740879,-1.14935310279446
2018-04-30 02:30:00,425.104166666668,-26.9131071935714,-1.08107301586221,-1.08106062168858
2018-04-30 03:00:00,425.125,-27.2283935110276,-1.13162742666689,-1.13161503293563
2018-04-30 03:30:00,425.145833333332,-27.4845715292857,-1.172765834503,-1.17275344121579
2018-04-30 04:00:00,425.166666666668,-27.2318721598997,-1.13283970212846,-1.13282730928697
2018-04-30 04:30:00,425.1875,-26.3147857428571,-0.987076229531866,-0.987063837137771
2018-04-30 05:00:00,425.208333333332,-26.6319974729323,-1.03793732502247,-1.03792493307744
2018-04-30 05:30:00,425.229166666668,-25.99845006,-0.937341800772386,-0.937329409278099
2018-04-30 06:00:00,425.25,-27.2045351648241,-1.12980104234722,-1.12978865130535
2018-04-30 06:30:00,425.270833333332,-26.7297785742857,-1.05450099178085,-1.05448860119306
2018-04-30 07:00:00,425.291666666668,-26.1078470754386,-0.955755864185978,-0.955743474053953
2018-04-30 07:30:00,425.3125,-26.0062356557143,-0.939898088018304,-0.939885698343712
2018-04-30 08:00:00,425.333333333332,-26.1455914829574,-0.962426557444394,-0.962414168228907
2018-04-30 08:30:00,425.354166666668,-25.5279352230216,-0.864362451324328,-0.86435006256962
2018-04-30 09:00:00,425.375,-26.8428897671679,-1.07416461823131,-1.07415222993905
2018-04-30 09:30:00,425.395833333332,-26.6036142757143,-1.03637682062254,-1.03636443279441
2018-04-30 10:30:00,425.4375,-28.0291027691729,-1.26411604695318,-1.26410366005831
2018-04-30 11:00:00,425.458333333332,-28.158385765,-1.28503985197335,-1.28502746554762
2018-04-30 11:30:00,425.479166666668,-28.2460401092732,-1.29933217371129,-1.29931978775638
2018-04-30 12:00:00,425.5,-28.2521857392857,-1.30064008963675,-1.30062770415432
2018-04-30 12:30:00,425.520833333332,-28.1135789401003,-1.27888883072339,-1.27887644571512
2018-04-30 13:00:00,425.541666666668,-28.1303285585714,-1.28188595069452,-1.28187356616207
2018-04-30 13:30:00,425.5625,-27.7834009769424,-1.22694902329141,-1.22693663923647
2018-04-30 14:00:00,425.583333333332,-27.6178500157143,-1.20090551157997,-1.2008931280042
2018-04-30 14:30:00,425.604166666668,-27.918135322807,-1.24907004071011,-1.24905765761518
2018-04-30 15:00:00,425.625,-27.8424572085714,-1.23734331851803,-1.23733093590562
2018-04-30 15:30:00,425.645833333332,-27.1801203090226,-1.13216142291338,-1.13214904078515
2018-04-30 16:00:00,425.666666666668,-26.9903785435714,-1.10226426017207,-1.1022518785297
2018-04-30 16:30:00,425.6875,-27.2273157994987,-1.14033736068349,-1.14032497952865
2018-04-30 17:00:00,425.708333333332,-26.9263071592857,-1.09271528571197,-1.09270290504632
2018-04-30 17:30:00,425.729166666668,-27.4672180070175,-1.17921157696896,-1.17919919679418
2018-04-30 18:00:00,425.75,-27.4998500242857,-1.18473867742142,-1.18472629773919
2018-04-30 18:30:00,425.770833333332,-27.0436115010025,-1.11238834147969,-1.11237596229167
2018-04-30 19:00:00,425.791666666668,-27.11562859,-1.1241894920987,-1.12417711340656
2018-04-30 19:30:00,425.8125,-28.3153132639098,-1.31562888482359,-1.31561650662901
2018-04-30 20:00:00,425.833333333332,-28.397685745,-1.32907963672943,-1.32906725903406
2018-04-30 20:30:00,425.854166666668,-27.0323183210526,-1.1119043770901,-1.11189199989563
2018-04-30 21:00:00,425.875,-26.886792905,-1.08905081088033,-1.08903843418843
2018-04-30 21:30:00,425.895833333332,-26.180764418797,-0.976908694868973,-0.976896318681299
2018-04-30 22:00:00,425.916666666668,-26.00457862,-0.949170887367169,-0.949158511685398
2018-04-30 22:30:00,425.9375,-26.7876341050125,-1.07424089159327,-1.07422851641908
2018-04-30 23:00:00,425.958333333332,-27.2724143171429,-1.15179542138745,-1.15178304672249
2018-04-30 23:30:00,425.979166666668,-28.6437719042607,-1.37058235022352,-1.37056997606947
2018-05-01,426,-28.811367078481,-1.39760905606665,-1.39759668242519
2018-05-01 00:30:00,426.020833333332,-28.5870402819095,-1.36220230145338,-1.36218992832617
2018-05-01 01:00:00,426.041666666668,-28.5194928585714,-1.3517706025536,-1.35175822994231
2018-05-01 01:30:00,426.0625,-28.4300025310606,-1.33784337281714,-1.33783100072344
2018-05-01 02:00:00,426.083333333332,-28.4427643257143,-1.34020496864875,-1.34019259707431
2018-05-01 02:30:00,426.104166666668,-28.1120352790932,-1.28784821739708,-1.28783584634357
2018-05-01 03:00:00,426.125,-28.090764205,-1.28478833166393,-1.28477596113302
2018-05-01 03:30:00,426.145833333332,-26.8601306713568,-1.08907613120947,-1.08906376120282
2018-05-01 04:00:00,426.166666666668,-26.86107143,-1.08955458488262,-1.0895422154019
2018-05-01 04:30:00,426.1875,-26.5144105707809,-1.03465984165592,-1.0346474727028
2018-05-01 05:00:00,426.208333333332,-26.6199928582734,-1.05180774406285,-1.05179537563901
2018-05-01 05:30:00,426.229166666668,-26.2113105926768,-0.987032924804829,-0.987020556911924
2018-05-01 06:00:00,426.25,-26.3258856778571,-1.00561336455139,-1.0056009971911
2018-05-01 06:30:00,426.270833333332,-26.3099847728426,-1.00340887487782,-1.0033965080518
2018-05-01 07:00:00,426.291666666668,-26.411492835,-1.01990770659221,-1.01989534030213
2018-05-01 07:30:00,426.3125,-25.9201497756345,-0.941964919962679,-0.941952554210211
2018-05-01 08:00:00,426.333333333332,-26.0393668517986,-0.961284788168127,-0.961272422954939
2018-05-01 08:30:00,426.354166666668,-25.7164912138539,-0.910178959980441,-0.910166595308199
2018-05-01 09:00:00,426.375,-26.0634927449275,-0.965785032366911,-0.965772668237284
2018-05-01 10:00:00,426.416666666668,-26.2986111098485,-1.00389648332014,-1.00388412028074
2018-05-01 10:30:00,426.4375,-26.4734637695652,-1.03207908376858,-1.0320667212768
2018-05-01 11:00:00,426.458333333332,-25.7405527736181,-0.915654273849454,-0.915641911906955
2018-05-01 11:30:00,426.479166666668,-25.8250431517986,-0.929442075590651,-0.929429714199104
2018-05-01 12:00:00,426.5,-23.6517186371859,-0.583558340042114,-0.583545979203183
2018-05-01 12:30:00,426.520833333332,-23.6627714842857,-0.585647467749793,-0.585635107465145
2018-05-01 13:00:00,426.541666666668,-23.2505012080201,-0.520300907903907,-0.52028854817521
2018-05-01 13:30:00,426.5625,-23.1175579797101,-0.499451334876147,-0.499438975705068
2018-05-01 14:00:00,426.583333333332,-23.0414135353383,-0.48764983714508,-0.487637478533284
2018-05-01 14:30:00,426.604166666668,-22.9641642707143,-0.475672329142522,-0.475659971091675
2018-05-01 15:00:00,426.625,-22.4786206434673,-0.398653225743954,-0.398640868255723
2018-05-01 15:30:00,426.645833333332,-22.45727854,-0.395581745107596,-0.395569388183646
2018-05-01 16:00:00,426.666666666668,-22.7065404204545,-0.435617660744879,-0.435605304386877
2018-05-01 16:30:00,426.6875,-22.6847985920863,-0.432482480119897,-0.432470124329509
2018-05-01 17:00:00,426.708333333332,-22.641584941779,-0.425926811089743,-0.425914455868634
2018-05-01 17:30:00,426.729166666668,-22.6396071178571,-0.425940026802151,-0.425927672151986
2018-05-01 18:00:00,426.75,-22.8162412005025,-0.454406234958548,-0.454393880880994
2018-05-01 18:30:00,426.770833333332,-22.876547529927,-0.464341336945152,-0.464328983441873
2018-05-01 19:00:00,426.791666666668,-22.8126373062972,-0.454488641269057,-0.45447628834172
2018-05-01 19:30:00,426.8125,-22.7704643485714,-0.448098695548533,-0.448086343198803
2018-05-01 20:00:00,426.833333333332,-23.373784280203,-0.544536216301139,-0.544523864530679
2018-05-01 20:30:00,426.854166666668,-23.4407898173913,-0.555538458641394,-0.55552610745187
2018-05-01 21:00:00,426.875,-23.4709117982368,-0.560665111935952,-0.56065276132903
2018-05-01 21:30:00,426.895833333332,-23.6402335364963,-0.587966373855568,-0.587954023832911
2018-05-01 22:00:00,426.916666666668,-21.3843156936869,-0.22892522515802,-0.228912875721294
2018-05-01 22:30:00,426.9375,-20.5459357121429,-0.0956988584610167,-0.0956865096118846
2018-05-01 23:00:00,426.958333333332,-19.8552380934837,0.01400161462383,0.0140139628837028
2018-05-01 23:30:00,426.979166666668,-20.3168357685714,-0.0598593636565727,-0.0598470159876225
2018-05-02,427,-18.0524009817043,0.300538589723943,0.300550936800305
2018-05-02 00:30:00,427.020833333332,-17.8605214514286,0.330777022113153,0.330789368595264
2018-05-02 01:00:00,427.041666666668,-18.9265613894737,0.160627996773313,0.160640342659509
2018-05-02 01:30:00,427.0625,-18.9363070778571,0.158747412786785,0.158759758075403
2018-05-02 02:00:00,427.083333333332,-18.9806992285714,0.151347635175487,0.151359979864862
2018-05-02 02:30:00,427.104166666668,-18.9768642435714,0.1516304873725,0.151642831460969
2018-05-02 03:00:00,427.125,-19.684355887218,0.038598511970826,0.038610855456726
2018-05-02 03:30:00,427.145833333332,-19.6464000678571,0.0443168628416344,0.0443292057233016
2018-05-02 04:00:00,427.166666666668,-19.6443809849624,0.044310478663988,0.0443228209397592
2018-05-02 04:30:00,427.1875,-19.6707858378571,0.0397761539965928,0.0397884956648058
2018-05-02 05:00:00,427.208333333332,-19.5639197919799,0.0564719915761623,0.0564843326351533
2018-05-02 05:30:00,427.229166666668,-19.69565003,0.035159283504608,0.0351716239527143
2018-05-02 06:00:00,427.25,-19.258112741604,0.104531312116419,0.104543651951979
2018-05-02 06:30:00,427.270833333332,-19.2584499935714,0.104149626499486,0.104161965720836
2018-05-02 07:00:00,427.291666666668,-18.8155890017544,0.174369750835977,0.174382089441454
2018-05-02 07:30:00,427.3125,-18.9457571242857,0.153305940808925,0.153318278796868
2018-05-02 08:00:00,427.333333333332,-18.5604611646617,0.214355940513951,0.214368277882698
2018-05-02 08:30:00,427.354166666668,-18.8290143,0.171247325272611,0.171259662020498
2018-05-02 09:30:00,427.395833333332,-18.8073908918782,0.174036171455196,0.174048506956381
2018-05-02 10:00:00,427.416666666668,-18.9831468664336,0.145710249882073,0.145722584757414
2018-05-02 10:30:00,427.4375,-18.4878934109137,0.22427662332947,0.224288957577306
2018-05-02 11:00:00,427.458333333332,-18.5808321300699,0.209143576361495,0.209155909980163
2018-05-02 11:30:00,427.479166666668,-18.1922182312183,0.270722218947437,0.270734551935276
2018-05-02 12:00:00,427.5,-18.1550699237762,0.27631215508419,0.276324487439539
2018-05-02 12:30:00,427.520833333332,-17.9565837403553,0.30760334362433,0.307615675345529
2018-05-02 13:00:00,427.541666666668,-17.8664474734266,0.321634326546967,0.321646657632354
2018-05-02 13:30:00,427.5625,-17.3242086860051,0.407685577612138,0.407697908060052
2018-05-02 14:00:00,427.583333333332,-17.3601398776224,0.401633951441008,0.401646281249789
2018-05-02 14:30:00,427.604166666668,-16.4778730870558,0.541851933621253,0.54186426278924
2018-05-02 15:00:00,427.625,-16.3461608685315,0.562506049795655,0.562518378321187
2018-05-02 15:30:00,427.645833333332,-15.7349441395939,0.659545590856685,0.659557918738103
2018-05-02 16:00:00,427.666666666668,-15.7846643440559,0.651297419873408,0.65130974710905
2018-05-02 16:30:00,427.6875,-15.5157360076142,0.69381020296828,0.693822529556487
2018-05-02 17:00:00,427.708333333332,-15.4549300552448,0.703168955397581,0.703181281336694
2018-05-02 17:30:00,427.729166666668,-15.6372157332487,0.673803051278047,0.673815376566404
2018-05-02 18:00:00,427.75,-15.7060558818182,0.662509114994989,0.662521439630932
2018-05-02 18:30:00,427.770833333332,-15.9913223147208,0.616738330926724,0.616750654908593
2018-05-02 19:00:00,427.791666666668,-16.0182797258741,0.612116372625799,0.612128695951935
2018-05-02 19:30:00,427.8125,-16.6059846890585,0.518166942623196,0.518179265291937
2018-05-02 20:00:00,427.833333333332,-16.5878322174825,0.520731049027,0.52074337103669
2018-05-02 20:30:00,427.854166666668,-16.363532951269,0.556134501269423,0.556146822618401
2018-05-02 21:00:00,427.875,-16.3555804125874,0.557073779391905,0.557086100078513
2018-05-02 21:30:00,427.895833333332,-16.7814466639594,0.488905428468453,0.488917748491032
2018-05-02 22:00:00,427.916666666668,-16.7520769531469,0.493256505901978,0.493268825258869
2018-05-02 22:30:00,427.9375,-16.5062131880711,0.53209525519482,0.532107573884364
2018-05-02 23:00:00,427.958333333332,-16.5426923293706,0.52595659208414,0.525968910104678
2018-05-02 23:30:00,427.979166666668,-16.7051522784264,0.499749110660138,0.499761428010014
2018-05-03,428,-16.6866097585366,0.502375466317537,0.502387782995091
2018-05-03 00:30:00,428.020833333332,-16.6749795711735,0.503900696937485,0.503913012941059
2018-05-03 01:00:00,428.041666666668,-16.7790418923077,0.486996042794122,0.487008358122058
2018-05-03 01:30:00,428.0625,-16.1886674916244,0.580715669246988,0.580727983897629
2018-05-03 02:00:00,428.083333333332,-16.2806338373239,0.565737941791568,0.565750255763256
2018-05-03 02:30:00,428.104166666668,-15.7802080807107,0.645128714206734,0.645141027497811
2018-05-03 03:00:00,428.125,-15.8740839286713,0.629846831001619,0.629859143610429
2018-05-03 03:30:00,428.145833333332,-15.7575406007614,0.64808488760627,0.648097199531154
2018-05-03 04:00:00,428.166666666668,-15.9667676098592,0.614427511493467,0.614439822732769
2018-05-03 04:30:00,428.1875,-15.4917868032995,0.689764944167656,0.689777254719718
2018-05-03 05:00:00,428.208333333332,-15.4488671202797,0.69627474595707,0.696287055820236
2018-05-03 05:30:00,428.229166666668,-15.2800862961929,0.722834332353596,0.722846641526208
2018-05-03 06:00:00,428.25,-15.4807323922535,0.690543961308901,0.690556269789304
2018-05-03 06:30:00,428.270833333332,-15.049560927665,0.758902594157379,0.758914901943915
2018-05-03 07:00:00,428.291666666668,-15.2067721154412,0.733531465037737,0.73354377212875
2018-05-03 07:30:00,428.3125,-14.9340279081218,0.776652552669353,0.776664859063187
2018-05-03 08:00:00,428.333333333332,-15.0425524587413,0.759037269804956,0.759049575499954
2018-05-03 09:00:00,428.375,-14.4110559679389,0.858980668746163,0.858992973038523
2018-05-03 09:30:00,428.395833333332,-14.4354999763889,0.854759521894975,0.854771825483532
2018-05-03 10:00:00,428.416666666668,-14.0835482319797,0.910498502721977,0.910510805605075
2018-05-03 10:30:00,428.4375,-14.1913124833333,0.893004412217988,0.893016714393972
2018-05-03 11:00:00,428.458333333332,-13.4266284880407,1.01449196622159,1.0145042676888
2018-05-03 11:30:00,428.479166666668,-13.2277569486111,1.04584520706614,1.04585750782293
2018-05-03 12:00:00,428.5,-13.2713401002538,1.03857525780028,1.03858755784499
2018-05-03 12:30:00,428.520833333332,-13.2417847784722,1.04295633509694,1.04296863442792
2018-05-03 16:30:00,428.6875,-12.5979350669759,1.14290576389473,1.14291805745626
2018-05-03 17:30:00,428.729166666668,-12.4820296829314,1.16071565955155,1.16072795165419
2018-05-03 18:30:00,428.770833333332,-12.2501744020408,1.19699652040082,1.19700881103794
2018-05-03 19:30:00,428.8125,-8.12389796384045,1.8536615187115,1.8536738078765
2018-05-03 20:30:00,428.854166666668,-8.61470686252319,1.77482158786665,1.77483387555291
2018-05-03 21:30:00,428.895833333332,-11.271450838961,1.35094671610266,1.35095900230357
2018-05-03 22:30:00,428.9375,-9.76960370333333,1.58953844537712,1.58955073008607
2018-05-03 23:30:00,428.979166666668,-10.3010203882593,1.50422986048321,1.50424214369359
2018-05-04 00:30:00,429.020833333332,-10.9723351675926,1.39663547495355,1.39664775665876
2018-05-04 01:30:00,429.0625,-10.5210593660111,1.46787063729176,1.46788291748519
2018-05-04 02:30:00,429.104166666668,-10.5334814718519,1.46523845805949,1.46525073673453
2018-05-04 03:30:00,429.145833333332,-10.5801391680891,1.45715259159298,1.45716486874303
2018-05-04 04:30:00,429.1875,-10.4815881204824,1.4721986489046,1.47221092452306
2018-05-04 05:30:00,429.229166666668,-10.4456883107792,1.47726438669761,1.47727666077787
2018-05-04 06:30:00,429.270833333332,-10.612366652963,1.4500593479158,1.45007162045127
2018-05-04 07:30:00,429.3125,-10.7075992454545,1.43423573623627,1.43424800722035
2018-05-04 09:00:00,429.375,-10.75340706171,1.42595915936797,1.42597142801258
2018-05-04 10:00:00,429.416666666668,-10.7841688165121,1.42040596996929,1.42041823704601
2018-05-04 11:00:00,429.458333333332,-10.9369239378479,1.39541921939567,1.39543148489791
2018-05-04 12:00:00,429.5,-10.8756641814471,1.4045252614095,1.40453752533066
2018-05-04 13:00:00,429.541666666668,-11.7834990671614,1.25925390436843,1.25926616670191
2018-05-04 14:00:00,429.583333333332,-12.4587569640074,1.15103229815204,1.15104455889126
2018-05-04 15:00:00,429.625,-11.8739684584416,1.2435370549145,1.24354931405286
2018-05-04 16:00:00,429.666666666668,-11.3250909016698,1.33032124283618,1.3303335003671
2018-05-04 17:00:00,429.708333333332,-11.77430612282,1.25810860928453,1.25812086520141
2018-05-04 18:00:00,429.75,-12.7160779166976,1.10743143334371,1.10744368763997
2018-05-04 19:00:00,429.791666666668,-13.1714248588126,1.03424215586158,1.03425440853063
2018-05-04 20:00:00,429.833333333332,-13.3875343434137,0.999163648625543,0.999175899660809
2018-05-04 21:00:00,429.875,-13.1414100178108,1.03771939030926,1.03773163970414
2018-05-04 22:00:00,429.916666666668,-11.9865315990706,1.22104038140719,1.22105262915511
2018-05-04 23:00:00,429.958333333332,-12.4362835839552,1.14874267582393,1.14875492191832
2018-05-05,430,-13.4741781179963,0.982753515505072,0.982765759939336
2018-05-05 01:00:00,430.041666666668,-13.3625286211832,0.999887614752722,0.999899857520284
2018-05-05 02:00:00,430.083333333332,-12.499473093692,1.13672130595867,1.13673354705295
2018-05-05 03:00:00,430.125,-10.7292597435993,1.41806596121242,1.41807820062685
2018-05-05 04:00:00,430.166666666668,-12.6221057283859,1.11588272172796,1.11589495945595
2018-05-05 05:00:00,430.208333333332,-15.7133265218924,0.62279759415041,0.622809830185397
2018-05-05 06:00:00,430.25,-20.3721020046382,-0.120000039973619,-0.119987805638212
2018-05-05 07:00:00,430.291666666668,-21.4548479024119,-0.293133529759694,-0.29312129713044
2018-05-05 08:30:00,430.354166666668,-21.3806704148976,-0.282293801593746,-0.282281571536041
2018-05-05 09:30:00,430.395833333332,-21.2545232707635,-0.262849574510483,-0.262837346175355
2018-05-05 10:30:00,430.4375,-21.4690334226345,-0.297672220973233,-0.297659994367251
2018-05-05 11:30:00,430.479166666668,-21.9159814335807,-0.36952230701033,-0.36951008214006
2018-05-05 12:30:00,430.520833333332,-22.4780129627087,-0.459705201920849,-0.459692978792857
2018-05-05 13:30:00,430.5625,-24.1429926143123,-0.725588442775449,-0.725576221396299
2018-05-05 14:30:00,430.604166666668,-24.7012867668529,-0.815175814297995,-0.815163594674249
2018-05-05 15:30:00,430.645833333332,-24.0286989301115,-0.708682726510629,-0.70867050864885
2018-05-05 16:30:00,430.6875,-23.5977193302974,-0.6406779243747,-0.64066570828145
2018-05-05 17:30:00,430.729166666668,-23.5716536357542,-0.637176117224033,-0.637163902905869
2018-05-05 18:30:00,430.770833333332,-23.4075676970315,-0.611687506730249,-0.611675294193729
2018-05-05 19:30:00,430.8125,-23.4035575964684,-0.611699011499794,-0.611686800751477
2018-05-05 20:30:00,430.854166666668,-23.3319831966418,-0.600947394633301,-0.600935185679741
2018-05-05 21:30:00,430.895833333332,-23.2591896063197,-0.590001479035155,-0.589989271882908
2018-05-05 22:30:00,430.9375,-22.7257356121043,-0.505671950755572,-0.505659745411189
2018-05-05 23:30:00,430.979166666668,-19.054500967784,0.0785083588633179,0.0785205623932838
2018-05-06 00:30:00,431.020833333332,-18.2898216165427,0.199672415048768,0.199684616757767
2018-05-06 01:30:00,431.0625,-18.6860872170686,0.135897192939419,0.135909392820902
2018-05-06 02:30:00,431.104166666668,-19.1521208373606,0.0610079579046802,0.0610201559520976
2018-05-06 03:30:00,431.145833333332,-19.1288831027829,0.064060082153582,0.0640722783603881
2018-05-06 04:30:00,431.1875,-19.129931247026,0.0632435316978353,0.0632557260574847
2018-05-06 05:30:00,431.229166666668,-19.2855973640074,0.037796311172514,0.0378085036784617
2018-05-06 06:30:00,431.270833333332,-19.3686858345725,0.023910845398737,0.0239230360444408
2018-05-06 08:00:00,431.333333333332,-19.6965631747212,-0.0292942108706126,-0.0292820230275403
2018-05-06 10:00:00,431.416666666668,-16.8929443480519,0.416025952597454,0.416038136680796
2018-05-06 11:00:00,431.458333333332,-15.7359332057514,0.599689622618921,0.599701804812591
2018-05-06 12:00:00,431.5,-14.1389349414498,0.853443641238262,0.853455821535724
2018-05-06 13:00:00,431.541666666668,-14.4796109872527,0.798524843547675,0.798537021942396
2018-05-06 14:00:00,431.583333333332,-13.783051942115,0.908838423373173,0.908850599858619
2018-05-06 15:00:00,431.625,-13.198133583859,1.00136764863937,1.00137982320901
2018-05-06 16:00:00,431.666666666668,-13.1858311523191,1.00267883455466,1.00269100720196
2018-05-06 17:00:00,431.708333333332,-13.3170909105751,0.981120548350055,0.981132719068489
2018-05-06 18:00:00,431.75,-13.1900742272727,1.00070597149146,1.0007181402745
2018-05-06 19:00:00,431.791666666668,-13.8293506534323,0.898220442663773,0.89823260950489
2018-05-06 20:00:00,431.833333333332,-13.73206895625,0.91306923754105,0.913081402433719
2018-05-06 21:00:00,431.875,-13.8391040780669,0.895370305779742,0.895382468717441
2018-05-06 22:00:00,431.916666666668,-13.9842263356215,0.871604155045504,0.871616316021709
2018-05-06 23:00:00,431.958333333332,-14.3656178272727,0.810200235778675,0.810212394786864
2018-05-07,432,-14.412931357885,0.80201526407352,0.802027421107175
2018-05-07 01:00:00,432.041666666668,-14.5942527827138,0.77248282902013,0.772494984072731
2018-05-07 02:00:00,432.083333333332,-14.3459887835514,0.811383749291847,0.811395902356877
2018-05-07 03:00:00,432.125,-14.3454543579143,0.810821262098587,0.81083341316953
2018-05-07 04:00:00,432.166666666668,-15.1270576245353,0.685663772563644,0.685675921633985
2018-05-07 05:00:00,432.208333333332,-15.2781992599628,0.66093936270571,0.660951509768936
2018-05-07 06:00:00,432.25,-15.7824506201117,0.579964412987134,0.579976558036733
2018-05-07 07:30:00,432.3125,-16.2294285897959,0.507789653967634,0.507801795984585
2018-05-07 08:30:00,432.354166666668,-16.3139254027985,0.493682134083176,0.493694274070227
2018-05-07 09:30:00,432.395833333332,-16.8618907103704,0.405743844598948,0.405755982549591
2018-05-07 10:30:00,432.4375,-17.2689383295327,0.340253936696859,0.340266072604588
2018-05-07 11:30:00,432.479166666668,-17.679986888764,0.274126769631324,0.274138903489636
2018-05-07 12:30:00,432.520833333332,-19.261330206379,0.0215709050285478,0.0215830368309386
2018-05-07 13:30:00,432.5625,-19.8600639255639,-0.0744544542476705,-0.0744423245077028
2018-05-07 14:30:00,432.604166666668,-20.664121270202,-0.203187919342087,-0.203175791671042
2018-05-07 17:30:00,432.729166666668,-21.782145327907,-0.383229047227189,-0.383216925801899
2018-05-07 23:00:00,432.958333333332,-20.1562192877323,-0.127770632396359,-0.127758522573408
2018-05-08,433,-18.4245973682746,0.147432335042261,0.147444442734607
2018-05-08 01:00:00,433.041666666668,-18.3876856657143,0.152666851789343,0.152678957344598
2018-05-08 13:00:00,433.541666666668,-17.4468400977695,0.29480545516522,0.29481753457004
2018-05-08 14:30:00,433.604166666668,-18.0253555085185,0.201681214084064,0.201693290154553
2018-05-08 15:30:00,433.645833333332,-19.1743023829314,0.0180090691063286,0.018021142945849
2018-05-08 19:00:00,433.791666666668,-20.3857899395911,-0.177235254684116,-0.177223188703874
2018-05-08 20:00:00,433.833333333332,-20.3046709630112,-0.164956564278627,-0.164944500558425
2018-05-08 21:00:00,433.875,-19.6394077942272,-0.059623182088759,-0.0596111206350533
2018-05-08 22:00:00,433.916666666668,-18.4319165241187,0.132087628984554,0.132099688165307
2018-05-08 23:00:00,433.958333333332,-17.5130837852886,0.277815034935748,0.277827091837096
2018-05-09,434,-16.6197012875696,0.419488304810021,0.419500359425513
2018-05-09 01:00:00,434.041666666668,-16.7276226637546,0.401653257876234,0.401665310199417
2018-05-09 02:00:00,434.083333333332,-16.8158608532468,0.386953862827092,0.386965912851519
2018-05-09 03:00:00,434.125,-18.3089257818182,0.148464670844303,0.148476718563526
2018-05-09 04:00:00,434.166666666668,-19.0687788180297,0.0267767641144355,0.0267888095220086
2018-05-09 05:00:00,434.208333333332,-19.4522777507407,-0.0349575578132184,-0.0349455147237392
2018-05-09 06:00:00,434.25,-19.2177940619666,0.00175330097633675,0.0017653417412784
2018-05-09 07:00:00,434.291666666668,-18.8957592724074,0.0524112205121529,0.0524232589461165
2018-05-09 08:00:00,434.333333333332,-18.4805537092593,0.117911419017157,0.117923455113703
2018-05-09 09:00:00,434.375,-18.5161962962963,0.111591293500709,0.111603327253398
2018-05-09 10:00:00,434.416666666668,-18.0322077538033,0.188048887067139,0.188060918469534
2018-05-09 11:00:00,434.458333333332,-17.8175611018519,0.221600234138443,0.22161226318411
2018-05-09 12:00:00,434.5,-19.0539370542593,0.0240027528889739,0.0240147795714787
2018-05-09 13:30:00,434.5625,-19.2965278395911,-0.0156047893447187,-0.015592766219017
2018-05-09 14:30:00,434.604166666668,-20.8695297537175,-0.266826751732961,-0.266814730986499
2018-05-09 15:30:00,434.645833333332,-21.0717155769517,-0.299676620616274,-0.299664602255481
2018-05-09 16:30:00,434.6875,-20.028858461825,-0.134190148743189,-0.13417813277449
2018-05-09 20:30:00,434.854166666668,-20.3051746903346,-0.180772052523236,-0.180760046187153
2018-05-09 21:30:00,434.895833333332,-19.3271447235622,-0.0256120320154339,-0.0256000281035572
2018-05-09 22:30:00,434.9375,-19.5582782877551,-0.0630725131490531,-0.0630605116677972
2018-05-09 23:30:00,434.979166666668,-18.7981207895911,0.0573804935925729,0.0573924926367898
2018-05-10 00:30:00,435.020833333332,-18.4692174667286,0.109134515610594,0.109146512211357
2018-05-10 01:30:00,435.0625,-17.6682337688312,0.236091392635809,0.236103386786708
2018-05-10 02:30:00,435.104166666668,-16.7704898241187,0.378462360362769,0.378474352057391
2018-05-10 03:30:00,435.145833333332,-16.8275296588889,0.368735704284224,0.368747693516159
2018-05-10 04:30:00,435.1875,-17.2017955468401,0.308474826134679,0.308486812897522
2018-05-10 05:30:00,435.229166666668,-17.4586969918216,0.266910302842826,0.266922287130169
2018-05-10 06:30:00,435.270833333332,-17.5807601520446,0.24682573022075,0.246837712026186
2018-05-10 07:30:00,435.3125,-16.7585315609665,0.377167624261967,0.377179603579095
2018-05-10 08:30:00,435.354166666668,-17.3950074609665,0.275136966672788,0.275148943495208
2018-05-10 09:30:00,435.395833333332,-18.6542962861111,0.0738918815727449,0.0739038558940544
2018-05-10 10:30:00,435.4375,-18.064001862037,0.167286846670327,0.167298818484129
2018-05-10 11:30:00,435.479166666668,-17.5834545820037,0.243199130485506,0.243211099785404
2018-05-10 13:00:00,435.541666666668,-18.0740688763501,0.164085281296439,0.16409724681349
2018-05-10 14:00:00,435.583333333332,-18.4652089412313,0.101137442556713,0.101149405543874
2018-05-10 15:00:00,435.625,-18.6995482884758,0.0631681885247945,0.0631801489756746
2018-05-10 16:00:00,435.666666666668,-18.6986219748603,0.062677041055707,0.0626889989639194
2018-05-10 17:00:00,435.708333333332,-18.9052224974576,0.0291268392682683,0.029138794627421
2018-05-10 18:00:00,435.75,-18.2961585652985,0.125512687326198,0.125524640129908
2018-05-10 22:00:00,435.916666666668,-17.5867881104089,0.235963221130488,0.235975163648595
2018-05-10 23:00:00,435.958333333332,-17.6684962639925,0.222309183798076,0.222321123728832
2018-05-11,436,-17.4940426871985,0.249462014452828,0.249473951789858
2018-05-11 01:00:00,436.041666666668,-17.2760686226345,0.283547811518291,0.28355974625522
2018-05-11 02:00:00,436.083333333332,-16.7315695879406,0.369649391599801,0.369661323730257
2018-05-11 03:00:00,436.125,-16.1955696055659,0.454397188835623,0.454409118353234
2018-05-11 04:00:00,436.166666666668,-16.0602092803704,0.475322924969854,0.475334851868249
2018-05-11 05:00:00,436.208333333332,-17.4570722018519,0.252164525878676,0.252176450151489
2018-05-11 06:00:00,436.25,-19.1570055394444,-0.0192730838345114,-0.0192611621936482
2018-05-11 07:00:00,436.291666666668,-20.2640685131481,-0.196265897338833,-0.196253978336283
2018-05-11 08:00:00,436.333333333332,-19.8500036635185,-0.130941837674038,-0.130929921316165
2018-05-11 09:00:00,436.375,-21.0553110811111,-0.323584813179297,-0.323572899472462
2018-05-11 10:00:00,436.416666666668,-20.3881444440741,-0.21794120914087,-0.217929298091433
2018-05-11 11:00:00,436.458333333332,-20.5241407083333,-0.240241904354464,-0.240229995968782
2018-05-11 12:30:00,436.520833333332,-21.0463587332714,-0.324385963756036,-0.324374059377905
2018-05-11 13:30:00,436.5625,-21.1790966078067,-0.346167281544814,-0.346155379846326
2018-05-11 14:30:00,436.604166666668,-21.7377416488848,-0.435795789306329,-0.435783890293836
2018-05-11 15:30:00,436.645833333332,-22.4566338254647,-0.550951653925762,-0.550939757605615
2018-05-11 16:30:00,436.6875,-22.5988196817844,-0.57423766293839,-0.574225769316937
2018-05-11 17:30:00,436.729166666668,-23.3710818174721,-0.697895146520741,-0.697883255604329
2018-05-11 18:30:00,436.770833333332,-24.2235977638734,-0.834336992180402,-0.834325103975376
2018-05-11 19:30:00,436.8125,-26.8224479591078,-1.24897100398575,-1.24895911849845
2018-05-11 23:30:00,436.979166666668,-24.5024137077922,-0.881927880996017,-0.881916006443039
2018-05-12 00:30:00,437.020833333332,-22.4256938576994,-0.551739600249809,-0.551727728446252
2018-05-12 01:30:00,437.0625,-21.8737476883117,-0.464448726863482,-0.464436857815679
2018-05-12 02:30:00,437.104166666668,-22.083224487013,-0.498452946492142,-0.498441080206424
2018-05-12 03:30:00,437.145833333332,-21.8814230176252,-0.466940113860615,-0.466928250343313
2018-05-12 04:30:00,437.1875,-21.1697328697588,-0.354201519800599,-0.35418965905804
2018-05-12 05:30:00,437.229166666668,-22.0736999953704,-0.498838153074922,-0.498826295113432
2018-05-12 06:30:00,437.270833333332,-22.5452226118738,-0.574585935793802,-0.574574080619706
2018-05-12 07:30:00,437.3125,-23.2542003716141,-0.688160360969505,-0.688148508589126
2018-05-12 08:30:00,437.354166666668,-24.5482555568519,-0.894937906256363,-0.894926056676021
2018-05-12 09:30:00,437.395833333332,-24.7661001801484,-0.930274207753675,-0.930262360979689
2018-05-12 10:30:00,437.4375,-24.7520594908922,-0.928670880729616,-0.928659036768304
2018-05-12 12:00:00,437.5,-23.6471803018587,-0.753612634376316,-0.753600794645856
2018-05-12 13:00:00,437.541666666668,-22.7944683910781,-0.618408049709107,-0.618396212807106
2018-05-12 14:00:00,437.583333333332,-21.5914089434944,-0.42739271840668,-0.427380884339451
2018-05-12 15:00:00,437.625,-16.5586728574349,0.373692972123128,0.373704803349277
2018-05-12 16:00:00,437.666666666668,-17.7577899576208,0.182040131033687,0.182051959412448
2018-05-12 17:00:00,437.708333333332,-17.6479739873606,0.198901398078925,0.198913223603991
2018-05-12 18:00:00,437.75,-17.4154331152416,0.23531296464806,0.235324787313129
2018-05-12 19:00:00,437.791666666668,-17.0768438460967,0.288618251928198,0.288630071726967
2018-05-12 20:00:00,437.833333333332,-17.0420167689591,0.293534140554813,0.293545957480982
2018-05-12 21:00:00,437.875,-16.9076123003711,0.314312914728062,0.314324728775331
2018-05-13 01:00:00,438.041666666668,-16.4215529055659,0.389216074557185,0.389227877025905
2018-05-13 02:00:00,438.083333333332,-16.5384683934944,0.36996008456609,0.369971884124444
2018-05-13 03:00:00,438.125,-16.7935417369202,0.32869558733702,0.32870738397872
2018-05-13 04:00:00,438.166666666668,-16.9474675289425,0.30354410552345,0.30355589924221
2018-05-13 05:00:00,438.208333333332,-17.2242764170686,0.25881739720593,0.258829187995467
2018-05-13 06:00:00,438.25,-17.3453320721707,0.238902429054753,0.238914216908782
2018-05-13 07:00:00,438.291666666668,-17.7425189210227,0.174999703578287,0.175011488490529
2018-05-13 08:00:00,438.333333333332,-17.9916796237037,0.134677788457292,0.134689570421469
2018-05-13 09:00:00,438.375,-18.147051852037,0.109296584134479,0.109308363144312
2018-05-13 10:00:00,438.416666666668,-18.21541854,0.0977755647032407,0.0977873407524561
2018-05-13 11:30:00,438.479166666668,-17.6779999682156,0.182441754920281,0.182453526516807
2018-05-13 12:30:00,438.520833333332,-17.199431214684,0.258048293917503,0.258060062537733
2018-05-13 13:30:00,438.5625,-16.9301728916357,0.300311673028543,0.300323438666205
2018-05-13 14:30:00,438.604166666668,-17.946529694052,0.137775785525143,0.137787548173973
2018-05-13 15:30:00,438.645833333332,-18.1307732061338,0.10779628172164,0.107808041375371
2018-05-13 16:30:00,438.6875,-18.4857509475836,0.0506188354047812,0.0506305920571509
2018-05-13 17:30:00,438.729166666668,-18.2229646736059,0.0918517807636545,0.0918635344084012
2018-05-13 18:30:00,438.770833333332,-18.4708643256506,0.0517322360436298,0.0517439866744949
2018-05-13 19:30:00,438.8125,-18.497706857885,0.0468273916807459,0.0468391392914719
2018-05-13 20:30:00,438.854166666668,-18.4171094912801,0.0590379435044595,0.05904968808879
2018-05-13 21:30:00,438.895833333332,-17.449234214684,0.21259264429543,0.212604385847112
2018-05-13 22:30:00,438.9375,-16.7752875862709,0.319324445553861,0.319336184066642
2018-05-14 02:30:00,439.104166666668,-16.542638892963,0.353873483740487,0.353885210035183
2018-05-14 03:30:00,439.145833333332,-16.5109925604824,0.358287114532082,0.358298837756648
2018-05-14 04:30:00,439.1875,-16.5196678756957,0.356277624131365,0.356289344279557
2018-05-14 05:30:00,439.229166666668,-16.3033947335196,0.390102730165116,0.390114447230697
2018-05-14 06:30:00,439.270833333332,-16.1320630860853,0.416768770713813,0.416780484690546
2018-05-14 07:30:00,439.3125,-16.2858627148423,0.391641313686904,0.391653024568554
2018-05-14 08:30:00,439.354166666668,-16.7064396892393,0.324016182243154,0.324027890023488
2018-05-14 09:30:00,439.395833333332,-16.8389089187732,0.302286968148849,0.302298672821636
2018-05-14 11:00:00,439.458333333332,-17.001793309311,0.275399489242935,0.275411189242723
2018-05-14 12:00:00,439.5,-16.7693959074349,0.311794160944294,0.311805857820965
2018-05-14 13:00:00,439.541666666668,-16.5690818137546,0.343078087554514,0.343089781301845
2018-05-14 14:00:00,439.583333333332,-16.9017528118959,0.289457257312518,0.289468947924285
2018-05-14 15:00:00,439.625,-16.8524070572491,0.296692118257054,0.296703805727037
2018-05-14 16:00:00,439.666666666668,-16.8569795364312,0.295337915816464,0.295349600138445
2018-05-14 17:00:00,439.708333333332,-16.8413122622677,0.297208070662716,0.297219751830477
2018-05-14 18:00:00,439.75,-16.8028067148699,0.302716529191631,0.30272820719896
2018-05-14 19:00:00,439.791666666668,-16.5187198324675,0.347346420638855,0.347358095479537
2018-05-14 20:00:00,439.833333333332,-16.6691428812616,0.322758720617596,0.322770392285421
2018-05-14 21:00:00,439.875,-16.7705844133581,0.305973962606707,0.305985631095465
2018-05-14 22:00:00,439.916666666668,-15.9584378858998,0.434724587062282,0.434736252365767
2018-05-14 23:00:00,439.958333333332,-15.0750241152134,0.574828286331055,0.574839948443062
2018-05-15,440,-14.0647372353497,0.735143114915525,0.735154773829851
2018-05-15 03:30:00,440.145833333332,-13.7867143058442,0.777247494016951,0.777259141690572
2018-05-15 04:00:00,440.166666666668,-13.6606077992208,0.797024379511507,0.797036025573116
2018-05-15 04:30:00,440.1875,-13.6112207909091,0.804579832590082,0.804591477038131
2018-05-15 05:00:00,440.208333333332,-13.4110493374026,0.8361553940703,0.836167036903242
2018-05-15 05:30:00,440.229166666668,-13.3972402681818,0.838043333126563,0.838054974342849
2018-05-15 06:00:00,440.25,-13.325887537386,0.849098057202816,0.849109696800899
2018-05-15 06:30:00,440.270833333332,-13.1052077746753,0.883940722823637,0.883952360801971
2018-05-15 07:00:00,440.291666666668,-13.5384857072727,0.814607498945159,0.814619135302195
2018-05-15 07:30:00,440.3125,-12.7617922253247,0.938023624793773,0.938035259527965
2018-05-15 08:00:00,440.333333333332,-13.4534415745455,0.827531727110795,0.827543360220596
2018-05-15 08:30:00,440.354166666668,-13.3822792025974,0.838556320533995,0.838567952017859
2018-05-15 09:00:00,440.375,-13.1668415387013,0.872564109914789,0.87257573977117
2018-05-15 10:00:00,440.416666666668,-13.3628475323171,0.84071716290662,0.840728789503398
2018-05-15 10:30:00,440.4375,-12.9499037409091,0.906187936327912,0.906199561292569
2018-05-15 11:00:00,440.458333333332,-12.2978353652439,1.00975146591177,1.00976308924276
2018-05-15 11:30:00,440.479166666668,-12.7509331604278,0.937261273762898,0.937272895458681
2018-05-15 12:00:00,440.5,-12.347298795122,1.00124916610027,1.0012607861593
2018-05-15 12:30:00,440.520833333332,-12.701711228877,0.94447970076644,0.944491319187168
2018-05-15 13:00:00,440.541666666668,-12.4289573518293,0.98761831609282,0.987629932873706
2018-05-15 13:30:00,440.5625,-12.6386657647059,0.953900383069356,0.953911998208855
2018-05-15 14:00:00,440.583333333332,-13.9526951164634,0.744263374569257,0.744274988065825
2018-05-15 14:30:00,440.604166666668,-13.8605869478261,0.75862511719946,0.758636729051555
2018-05-15 15:30:00,440.645833333332,-12.1962745714286,1.02312907721149,1.02314068577
2018-05-15 16:30:00,440.6875,-11.629369206679,1.11281547367905,1.11282707893782
2018-05-15 17:30:00,440.729166666668,-13.6665055899628,0.787676316755145,0.787687918708001
2018-05-15 18:30:00,440.770833333332,-13.3296771647495,0.840711608558647,0.840723207199422
2018-05-15 19:30:00,440.8125,-12.5001298714286,0.97223752674262,0.972249122065149
2018-05-15 20:30:00,440.854166666668,-12.5335770012987,0.966287975512485,0.966299567510606
2018-05-15 21:30:00,440.895833333332,-13.79672407,0.764446504493087,0.76445809316064
2018-05-15 22:30:00,440.9375,-16.7831925812963,0.288078855705213,0.288090441036039
2018-05-15 23:30:00,440.979166666668,-16.5521407487037,0.324264656840498,0.324276238828441
2018-05-16 00:30:00,441.020833333332,-16.871103687037,0.272832872100365,0.272844450739271
2018-05-16 01:30:00,441.0625,-17.0596833531481,0.24217139629723,0.242182971580946
2018-05-16 05:00:00,441.208333333332,-17.6425745322493,0.147145582637829,0.147157146129964
2018-05-16 05:30:00,441.229166666668,-17.6076923100592,0.152392388273399,0.152403950074878
2018-05-16 06:00:00,441.25,-17.4223469070461,0.181608126659074,0.18161968676836
2018-05-16 06:30:00,441.270833333332,-17.3865000447059,0.187008681243886,0.187020239659445
2018-05-16 07:00:00,441.291666666668,-17.6580379138211,0.143442669048427,0.143454225768723
2018-05-16 07:30:00,441.3125,-17.5598177152941,0.158779421903332,0.158790976926831
2018-05-16 08:00:00,441.333333333332,-17.836406495935,0.114408877214632,0.1144204305398
2018-05-16 08:30:00,441.354166666668,-17.7315384893491,0.130804712045466,0.130816263670767
2018-05-16 09:30:00,441.395833333332,-18.1297783525066,0.0667455124616409,0.0667570606826092
2018-05-16 10:00:00,441.416666666668,-18.17368749625,0.0594411633271017,0.0594527098436028
2018-05-16 10:30:00,441.4375,-18.1544934197889,0.062189243144912,0.0622007879554127
2018-05-16 11:00:00,441.458333333332,-17.99519381375,0.0872562748646532,0.0872678179676206
2018-05-16 11:30:00,441.479166666668,-18.2671583242744,0.0436226655878828,0.0436342069817851
2018-05-16 12:00:00,441.5,-17.827243754375,0.113391943538604,0.113403483221908
2018-05-16 12:30:00,441.520833333332,-17.6596649350923,0.139777982839642,0.139789520810815
2018-05-16 13:00:00,441.541666666668,-17.480350091875,0.1680336202178,0.168045156475311
2018-05-16 13:30:00,441.5625,-17.6112374778364,0.146873861930844,0.146885396473162
2018-05-16 14:00:00,441.583333333332,-17.44444375125,0.173134958756307,0.1731464915819
2018-05-16 14:30:00,441.604166666668,-17.7439973641161,0.12510663234599,0.125118163453326
2018-05-16 15:00:00,441.625,-17.6334750425,0.142403736580281,0.14241526596783
2018-05-16 15:30:00,441.645833333332,-17.5272427651715,0.159017474969693,0.159029002635924
2018-05-16 16:00:00,441.666666666668,-17.519131255625,0.160000546248546,0.160012072191929
2018-05-16 16:30:00,441.6875,-17.3486649121372,0.186846899950149,0.186858424169155
2018-05-16 17:00:00,441.708333333332,-17.69279998,0.131716922477798,0.131728444970896
2018-05-16 17:30:00,441.729166666668,-17.9632242456464,0.0883291699074093,0.0883406906730688
2018-05-16 18:00:00,441.75,-18.0405249575,0.0757061789386285,0.0757176979753217
2018-05-16 18:30:00,441.770833333332,-17.7811978662269,0.116708279079786,0.116719796385983
2018-05-16 19:00:00,441.791666666668,-17.77285624875,0.11772825544092,0.117739771015093
2018-05-16 19:30:00,441.8125,-16.5393650201058,0.313915481960695,0.313926995801315
2018-05-16 20:00:00,441.833333333332,-16.4421688325,0.329090138064869,0.329101650170408
2018-05-16 20:30:00,441.854166666668,-16.2826516860158,0.354192609125443,0.354204119494372
2018-05-16 21:00:00,441.875,-16.079081229375,0.386312845686419,0.386324354317212
2018-05-16 21:30:00,441.895833333332,-15.8243535477573,0.426582506494723,0.426594013385851
2018-05-16 22:00:00,441.916666666668,-16.0935187875,0.383395692340416,0.383407197490352
2018-05-16 22:30:00,441.9375,-15.4223773110818,0.490000451855368,0.490011955262586
2018-05-16 23:00:00,441.958333333332,-15.54475,0.470197879646821,0.470209381309793
2018-05-16 23:30:00,441.979166666668,-14.8276517287599,0.584123673196823,0.584135173114023
2018-05-17,442,-14.5727475212121,0.624421664059776,0.624433162229677
2018-05-17 00:30:00,442.020833333332,-14.4652592473545,0.641236233328812,0.641247729749891
2018-05-17 01:00:00,442.041666666668,-14.299412485,0.667347393546738,0.667358888217467
2018-05-17 01:30:00,442.0625,-14.1156058071429,0.69631962320587,0.696331116124724
2018-05-17 02:00:00,442.083333333332,-13.961656280625,0.720535629427102,0.720547120592557
2018-05-17 02:30:00,442.104166666668,-13.7587625369393,0.752548526565479,0.752560015976009
2018-05-17 03:00:00,442.125,-13.595100015625,0.778311904130761,0.778323391784841
2018-05-17 06:30:00,442.270833333332,-13.6779666070501,0.762955128169132,0.762966603485402
2018-05-17 07:30:00,442.3125,-14.1939628688312,0.68014091721481,0.680152388992286
2018-05-17 09:00:00,442.375,-14.636048232282,0.608793265776385,0.608804732234255
2018-05-17 10:00:00,442.416666666668,-15.1098342621974,0.532703601318133,0.532715064221994
2018-05-17 11:00:00,442.458333333332,-15.5313024163265,0.464948382970037,0.464959842313805
2018-05-17 12:00:00,442.5,-15.7699499157699,0.426316796984843,0.426328252762439
2018-05-17 13:00:00,442.541666666668,-15.9349851394052,0.39941187088095,0.399423323086296
2018-05-17 14:00:00,442.583333333332,-16.0017402480519,0.388163209382918,0.388174658009937
2018-05-17 15:00:00,442.625,-16.2126592762963,0.353949304842574,0.353960749885194
2018-05-17 16:00:00,442.666666666668,-16.4234415977737,0.319757350473808,0.319768791925955
2018-05-17 17:00:00,442.708333333332,-17.4017384367347,0.163299957995389,0.163311395850996
2018-05-17 18:00:00,442.75,-17.7046981492593,0.114424425677957,0.114435859930956
2018-05-17 19:00:00,442.791666666668,-16.3756889272222,0.32552288449145,0.325534315135775
2018-05-17 20:00:00,442.833333333332,-18.3560536981405,0.00943587525259182,0.00944730228218027
2018-05-17 21:00:00,442.875,-16.0021335851577,0.383803719611657,0.383815143020448
2018-05-17 22:00:00,442.916666666668,-15.8428592683333,0.408563094895452,0.408574514677387
2018-05-17 23:00:00,442.958333333332,-14.1729518524074,0.673967577271116,0.673978993420139
2018-05-18,443,-13.4736629690741,0.784752008990958,0.784763421501014
2018-05-18 01:00:00,443.041666666668,-13.3498573998148,0.803861713047665,0.803873121912702
2018-05-18 02:00:00,443.083333333332,-13.6936962844444,0.748475497245794,0.748486902459762
2018-05-18 03:00:00,443.125,-13.3176944346296,0.807760600992205,0.807772002549057
2018-05-18 04:00:00,443.166666666668,-13.4934185096296,0.77915554710365,0.779166944997339
2018-05-18 08:00:00,443.333333333332,-18.4550686589981,-0.0136854291570736,-0.013674045976444
2018-05-18 09:30:00,443.395833333332,-18.6869759178108,-0.0515451486083491,-0.0515337709700182
2018-05-18 10:30:00,443.4375,-18.5822412103896,-0.0354717634157495,-0.0354603894798231
2018-05-18 11:30:00,443.479166666668,-20.4688534337662,-0.336621188531021,-0.336609818303529
2018-05-18 12:30:00,443.520833333332,-20.4711985380334,-0.337605335929337,-0.337593969416305
2018-05-18 13:30:00,443.5625,-20.5910797204082,-0.357312885127662,-0.357301522335116
2018-05-18 14:30:00,443.604166666668,-22.0765973853432,-0.59456712215024,-0.594555763084202
2018-05-18 15:30:00,443.645833333332,-21.2591025595149,-0.464949643572093,-0.464938288238583
2018-05-18 16:30:00,443.6875,-20.6604582565863,-0.37019502931145,-0.370183677716486
2018-05-18 17:30:00,443.729166666668,-19.9675751153989,-0.260427920085576,-0.260416572235174
2018-05-18 18:30:00,443.770833333332,-19.4404619419295,-0.177067904179477,-0.177056560079651
2018-05-18 19:30:00,443.8125,-19.1898033306122,-0.137747116270745,-0.137735775927505
2018-05-18 20:30:00,443.854166666668,-18.9618327496283,-0.102040366183573,-0.102029029602929
2018-05-18 21:30:00,443.895833333332,-18.497335812616,-0.0286546166204296,-0.0286432838083879
2018-05-18 22:30:00,443.9375,-18.2791169604824,0.00549904027624815,0.0055103693136821
2018-05-18 23:30:00,443.979166666668,-18.375584403154,-0.0104768719080579,-0.0104655466512333
2018-05-19 00:30:00,444.020833333332,-18.6090409530726,-0.048275063898703,-0.0482637424284876
2018-05-19 01:30:00,444.0625,-19.1756443199255,-0.13914359871381,-0.139132281036203
2018-05-19 02:30:00,444.104166666668,-19.664392506729,-0.217609564214954,-0.21759825033595
2018-05-19 03:30:00,444.145833333332,-19.3930203751391,-0.174987635997129,-0.174976325922721
2018-05-19 04:30:00,444.1875,-19.2080968418994,-0.146136847154659,-0.146125540890839
2018-05-19 05:30:00,444.229166666668,-18.6292718852886,-0.0545370956517484,-0.0545257932045042
2018-05-19 09:30:00,444.395833333332,-18.6793947886406,-0.0649497703235575,-0.0649384832024617
2018-05-19 10:30:00,444.4375,-18.0705895442164,0.0314267892746731,0.0314380725492829
2018-05-19 11:30:00,444.479166666668,-18.2365992805195,0.00437495504838775,0.00438623447053549
2018-05-19 12:30:00,444.520833333332,-18.8635613098513,-0.0961067222509975,-0.0960954466872839
2018-05-19 13:30:00,444.5625,-19.2972820243043,-0.165804733078381,-0.165793461379072
2018-05-19 14:30:00,444.604166666668,-18.2903048035316,-0.00599834605395505,-0.00598707822501998
2018-05-19 15:30:00,444.645833333332,-16.8277616607076,0.226380205446749,0.226391469399344
2018-05-19 16:30:00,444.6875,-14.3801555405556,0.615680181024767,0.61569144109506
2018-05-19 17:30:00,444.729166666668,-15.23206296,0.479365480033377,0.479376736215405
2018-05-19 18:30:00,444.770833333332,-15.4566493437848,0.442983656785462,0.442994909073266
2018-05-19 19:30:00,444.8125,-15.8972096411874,0.37219722354225,0.372208471929874
2018-05-19 20:30:00,444.854166666668,-16.0527087500928,0.346821430426629,0.346832674908118
2018-05-19 21:30:00,444.895833333332,-16.0386018683333,0.348464182228237,0.348475422797639
2018-05-19 22:30:00,444.9375,-15.9386518668519,0.363781994057643,0.363793230709008
2018-05-19 23:30:00,444.979166666668,-15.7565576371747,0.392185630161301,0.392196862888681
2018-05-20 00:30:00,445.020833333332,-15.6567407418519,0.407482618437023,0.407493847234474
2018-05-20 01:30:00,445.0625,-15.60806666,0.414632710620143,0.41464393548172
2018-05-20 02:30:00,445.104166666668,-15.5259610875926,0.427108654089442,0.427119875009206
2018-05-20 03:30:00,445.145833333332,-15.3969277805556,0.447060410479947,0.447071627451959
2018-05-20 04:30:00,445.1875,-14.8351870351852,0.535942962583778,0.535954175602102
2018-05-20 05:30:00,445.229166666668,-14.5251203992593,0.584733841081689,0.584745050140391
2018-05-20 06:30:00,445.270833333332,-14.336166662037,0.614231540454497,0.614242745547648
2018-05-20 07:30:00,445.3125,-14.2757799303089,0.623248616472555,0.623259817594223
2018-05-20 11:00:00,445.458333333332,-13.4802189068646,0.747874569142854,0.747885756317679
2018-05-20 12:00:00,445.5,-13.5544628085502,0.735445759102969,0.735456942279662
2018-05-20 13:00:00,445.541666666668,-13.441144706679,0.752895904457592,0.752907083630235
2018-05-20 14:00:00,445.583333333332,-13.3895911,0.760507116092624,0.760518291255305
2018-05-20 15:00:00,445.625,-13.2966765702602,0.774707347138609,0.774718518285416
2018-05-20 16:00:00,445.666666666668,-13.3599517749536,0.764026636992825,0.764037804117849
2018-05-20 17:00:00,445.708333333332,-12.6698014925789,0.873367340770758,0.873378503868093
2018-05-20 18:00:00,445.75,-14.0798314912963,0.648148020690553,0.648159179754295
2018-05-20 19:00:00,445.791666666668,-14.7805602875696,0.535921085077455,0.535932240101701
2018-05-20 20:00:00,445.833333333332,-14.9618981372222,0.506433694774392,0.506444845753243
2018-05-20 21:00:00,445.875,-15.6980889096296,0.388558034029511,0.388569180957069
2018-05-20 22:00:00,445.916666666668,-15.8060166972171,0.370765312696241,0.370776455566613
2018-05-20 23:00:00,445.958333333332,-16.163753707963,0.31317800086994,0.313189139677232
2018-05-21,446,-17.4054823914657,0.114770381442242,0.114781516180566
2018-05-21 01:00:00,446.041666666668,-17.3587555611111,0.121614844005556,0.121625974669024
2018-05-21 02:00:00,446.083333333332,-17.6400648231481,0.0762031208268407,0.076214247409566
2018-05-21 03:00:00,446.125,-17.7408740625926,0.0595453787361622,0.0595565012322642
2018-05-21 04:00:00,446.166666666668,-18.2554518025926,-0.023025782368557,-0.0230146639649594
2018-05-21 05:00:00,446.208333333332,-18.4514185235185,-0.0548417813360182,-0.0548306670308045
2018-05-21 06:00:00,446.25,-18.0619351642593,0.00660503526186496,0.00661614546282158
2018-05-21 07:00:00,446.291666666668,-18.447641948423,-0.0554362922192126,-0.055425186128387
2018-05-21 08:30:00,446.354166666668,-18.9095528335807,-0.129915592849634,-0.129904492935013
2018-05-21 12:30:00,446.520833333332,-19.097855039777,-0.162300904709678,-0.162289821329451
2018-05-21 13:30:00,446.5625,-19.4391057426716,-0.217259040971944,-0.217247961739963
2018-05-21 14:30:00,446.604166666668,-20.235070509462,-0.344653250531874,-0.344642175453996
2018-05-21 16:00:00,446.666666666668,-19.7551538507692,-0.269096484487682,-0.269085415651931
2018-05-21 18:30:00,446.770833333332,-20.3014832533457,-0.357616635342232,-0.357605576939267
2018-05-22 14:00:00,447.583333333332,-13.0637944596296,0.783778398634289,0.783789374411243
2018-05-22 15:00:00,447.625,-12.4149721653061,0.886544845245187,0.88655581672536
2018-05-22 16:00:00,447.666666666668,-13.0083857765086,0.791422434178,0.791433401355597
2018-05-22 17:30:00,447.729166666668,-12.1328882718808,0.930003408211366,0.930014368924247
2018-05-22 18:30:00,447.770833333332,-13.6893376443414,0.681469237977445,0.681480194373282
2018-05-22 19:30:00,447.8125,-13.4553339466418,0.718155732149297,0.718166684222307
2018-05-22 20:30:00,447.854166666668,-12.7683829022305,0.826997273486274,0.827008221230677
2018-05-22 21:30:00,447.895833333332,-13.414094609833,0.723544897545095,0.723555840955112
2018-05-22 22:30:00,447.9375,-14.1844115294227,0.600243034047143,0.600253973116998
2018-05-22 23:30:00,447.979166666668,-14.6208531462825,0.53012795692508,0.530138891649001
2018-05-23 00:30:00,448.020833333332,-15.3756492643657,0.40929899262001,0.409309922992226
2018-05-23 01:30:00,448.0625,-16.4415892178439,0.238904805653269,0.238915731668011
2018-05-23 02:30:00,448.104166666668,-15.9060092372222,0.323634101620539,0.323645023272042
2018-05-23 03:30:00,448.145833333332,-16.0006141038961,0.307974714343806,0.307985631626306
2018-05-24 12:30:00,449.520833333332,-20.0892764955473,-0.362659739032314,-0.362648969143183
2018-05-24 14:00:00,449.583333333332,-21.0311037090741,-0.513565404958048,-0.513554641916169
2018-05-24 15:00:00,449.625,-21.4721298688312,-0.584402186052245,-0.584391427582289
2018-05-24 16:00:00,449.666666666668,-21.6833259337037,-0.618626644579689,-0.618615890687326
2018-05-24 17:00:00,449.708333333332,-21.2540388427778,-0.550821454181311,-0.550810704872206
2018-05-24 18:00:00,449.75,-22.2370426133581,-0.707994982453792,-0.707984237733609
2018-05-24 19:00:00,449.791666666668,-21.3779092783333,-0.571714528284505,-0.571703788158904
2018-05-24 20:00:00,449.833333333332,-19.7992203635185,-0.320808130648935,-0.320797395123574
2018-05-24 21:00:00,449.875,-19.2287407833333,-0.230509974799026,-0.23049924387956
2018-05-24 22:00:00,449.916666666668,-16.54669074,0.196163090781423,0.196173817089341
2018-05-24 23:00:00,449.958333333332,-16.1295074225926,0.262041494714156,0.262052216404875
2018-05-25,450,-15.2267925653704,0.405265646496908,0.405276363564782
2018-05-25 01:00:00,450.041666666668,-15.5632425851852,0.351090174732762,0.351100887172146
2018-05-25 02:00:00,450.083333333332,-16.0657518603704,0.270461572104413,0.270472279909665
2018-05-25 03:00:00,450.125,-14.0896642024119,0.584675459642463,0.584686162807943
2018-05-25 04:00:00,450.166666666668,-13.2414814753704,0.719213513447946,0.719224211968019
2018-05-25 05:00:00,450.208333333332,-12.9335518412963,0.767689091545846,0.767699785414877
2018-05-25 06:00:00,450.25,-12.8598740785185,0.778848407516719,0.778859096729076
2018-05-25 07:00:00,450.291666666668,-12.9091494444444,0.770421430887162,0.770432115437217
2018-05-25 08:00:00,450.333333333332,-12.941040737037,0.76476397852439,0.764774658406518
2018-05-25 10:00:00,450.416666666668,-11.9073666461111,0.928275394628212,0.928286065157617
2018-05-25 11:00:00,450.458333333332,-10.7068348649351,1.11894450728177,1.11895517312638
2018-05-25 12:00:00,450.5,-11.8635129766667,0.934108629648511,0.934119290802723
2018-05-25 13:30:00,450.5625,-14.6909235074627,0.482836201970658,0.482846856078741
2018-05-25 14:30:00,450.604166666668,-15.9221772311567,0.286120952712738,0.286131602116389
2018-05-25 15:30:00,450.645833333332,-15.7708747934579,0.309648119134336,0.309658763827951
2018-05-25 16:30:00,450.6875,-15.9778600429104,0.276100032428827,0.276110672406803
2018-05-25 17:30:00,450.729166666668,-16.9215709022388,0.125191261364696,0.125201896621432
2018-05-25 18:30:00,450.770833333332,-16.1535167996269,0.246968104048532,0.246978734578431
2018-05-25 19:30:00,450.8125,-15.7877999863551,0.304652561382413,0.30466318717988
2018-05-25 20:30:00,450.854166666668,-15.3152164350746,0.379361199101018,0.37937182016046
2018-05-25 21:30:00,450.895833333332,-15.4228824679104,0.361635896362488,0.361646512678317
2018-05-25 22:30:00,450.9375,-14.0574962636194,0.578569100899749,0.578579712466377
2018-05-25 23:30:00,450.979166666668,-13.5692928919776,0.655766686884788,0.655777293696633
2018-05-26 00:30:00,451.020833333332,-13.1337723800373,0.724572089500069,0.724582691551549
2018-05-26 01:30:00,451.0625,-13.2695317192164,0.702372437710735,0.702383034996269
2018-05-26 02:30:00,451.104166666668,-12.976229458209,0.748522839859953,0.748533432373968
2018-05-26 03:30:00,451.145833333332,-13.1542518514925,0.719591122476094,0.719601710213016
2018-05-26 04:30:00,451.1875,-12.7305112166045,0.786520920510519,0.786531503464778
2018-05-26 05:30:00,451.229166666668,-12.3224333522917,0.85095586329628,0.850966441462307
2018-05-26 06:30:00,451.270833333332,-12.1546399384328,0.877113557004635,0.877124130376867
2018-05-26 07:30:00,451.3125,-11.8414040823091,0.926440571583937,0.926451140156812
2018-05-26 08:30:00,451.354166666668,-12.0821436567164,0.88751914037831,0.887529704146267
2018-05-26 09:30:00,451.395833333332,-12.132011167784,0.879004001731525,0.879014560689009
2018-05-26 10:30:00,451.4375,-11.5444533565298,0.9720314092046,0.972041963346057
2018-05-26 11:30:00,451.479166666668,-10.9628156374302,1.06411597882164,1.06412652814152
2018-05-26 13:00:00,451.541666666668,-11.833563451306,0.924549572920334,0.924560114997443
2018-05-26 14:00:00,451.583333333332,-12.7070614493482,0.784830576855525,0.78484111409719
2018-05-26 15:00:00,451.625,-13.1868770897579,0.707825699770024,0.707836232170703
2018-05-26 16:00:00,451.666666666668,-13.6203339356343,0.638206050152637,0.638216577706793
2018-05-26 17:00:00,451.708333333332,-13.6905512320298,0.626450959005476,0.626461481707572
2018-05-26 18:00:00,451.75,-13.8520893743017,0.600148630805479,0.600159148649983
2018-05-26 19:00:00,451.791666666668,-13.8268603325885,0.60359868772654,0.603609200707921
2018-05-26 20:00:00,451.833333333332,-12.9371843571695,0.744755998469159,0.74476650658189
2018-05-26 21:00:00,451.875,-11.9255754214153,0.905337556757218,0.905348059995773
2018-05-26 22:00:00,451.916666666668,-12.1472033401119,0.86946384296575,0.869474341324608
2018-05-26 23:00:00,451.958333333332,-11.6079160345149,0.954804708575681,0.954815202049323
2018-05-27,452,-12.5355512314711,0.806464011951141,0.806474500534051
2018-05-27 01:00:00,452.041666666668,-13.0914748610801,0.717337474628879,0.717347958315542
2018-05-27 02:00:00,452.083333333332,-13.442653627933,0.660827181542039,0.660837660326945
2018-05-27 03:00:00,452.125,-13.5726741128492,0.639547802386019,0.639558276263661
2018-05-27 04:00:00,452.166666666668,-12.9405447735075,0.739679676742518,0.73969014570739
2018-05-27 05:00:00,452.208333333332,-13.5686424324022,0.639056731863439,0.639067195910039
2018-05-27 06:00:00,452.25,-14.1128603359404,0.551796134401675,0.551806593524503
2018-05-27 07:00:00,452.291666666668,-14.478802980855,0.49293515577421,0.49294560996777
2018-05-27 08:00:00,452.333333333332,-14.9430948230483,0.418407322766795,0.418417772025592
2018-05-27 09:00:00,452.375,-15.6218940371747,0.309708555438874,0.309718999757419
2018-05-27 10:00:00,452.416666666668,-15.5585222879182,0.319238396550367,0.31924883592317
2018-05-27 11:00:00,452.458333333332,-14.9882713736059,0.409514694775204,0.40952512919678
2018-05-27 12:30:00,452.520833333332,-14.8155501864312,0.436182141362668,0.436192568347125
2018-05-27 13:30:00,452.5625,-14.9308680460967,0.417247454988521,0.41725787700805
2018-05-27 14:30:00,452.604166666668,-14.8910968199255,0.423018815727866,0.42302923277699
2018-05-27 15:30:00,452.645833333332,-15.1231059511152,0.385495616522455,0.385506028595704
2018-05-27 16:30:00,452.6875,-14.9981189657993,0.404842399279639,0.404852806371541
2018-05-27 17:30:00,452.729166666668,-15.4968308665428,0.324833749563136,0.324844151668225
2018-05-27 18:30:00,452.770833333332,-15.8411577115028,0.269418995625783,0.269429392738595
2018-05-27 19:30:00,452.8125,-15.3019907651852,0.354745680350497,0.354756072465571
2018-05-27 20:30:00,452.854166666668,-15.2504888851852,0.362387218164034,0.36239760527591
2018-05-27 21:30:00,452.895833333332,-15.096033312963,0.386429599653741,0.386439981756965
2018-05-27 22:30:00,452.9375,-15.0159053736549,0.398631783326248,0.398642160415366
2018-05-27 23:30:00,452.979166666668,-14.8679277931481,0.421642710837629,0.421653082907192
2018-05-28 00:30:00,453.020833333332,-14.8014537103704,0.431670320715244,0.431680687759805
2018-05-28 01:30:00,453.0625,-14.8174759168519,0.428556460846763,0.428566822860876
2018-05-28 02:30:00,453.104166666668,-14.8018944416667,0.430477338425819,0.430487695404045
2018-05-28 03:30:00,453.145833333332,-14.7263085613383,0.441957209285494,0.441967561222392
2018-05-28 04:30:00,453.1875,-14.6115806920223,0.459672675911153,0.45968302280129
2018-05-28 05:30:00,453.229166666668,-14.5142022372913,0.474624617631744,0.474634959469686
2018-05-28 06:30:00,453.270833333332,-14.4501999962963,0.484259954176949,0.484270290957266
2018-05-28 07:30:00,453.3125,-14.3919537033333,0.492978613898307,0.492988945615573
2018-05-28 08:30:00,453.354166666668,-14.5060351918519,0.474245584980144,0.474255911628934
2018-05-28 09:30:00,453.395833333332,-15.0590740890741,0.385586577556186,0.385596899131079
2018-05-28 10:30:00,453.4375,-14.815053697963,0.423899935023871,0.42391025151945
2018-05-28 12:00:00,453.5,-14.4326319795539,0.483981560862085,0.483991869728537
2018-05-28 13:00:00,453.541666666668,-14.1740984986989,0.52460749183078,0.524617795604384
2018-05-28 14:00:00,453.583333333332,-13.896749052974,0.568231071124115,0.568241369799463
2018-05-28 15:00:00,453.625,-13.7334665157993,0.593683962332678,0.593694255904364
2018-05-28 16:00:00,453.666666666668,-13.5392737223464,0.624061131702262,0.624071420164884
2018-05-28 17:00:00,453.708333333332,-13.2333940442379,0.672230354143393,0.672240637491552
2018-05-28 18:00:00,453.75,-13.2152583496283,0.674562007206608,0.674572285434905
2018-05-28 19:00:00,453.791666666668,-13.69575651171,0.597461183673634,0.597471456776678
2018-05-28 20:00:00,453.833333333332,-14.1826505933085,0.519341738981298,0.519352006953698
2018-05-28 21:00:00,453.875,-13.9846840187732,0.550321339896565,0.550331602732931
2018-05-28 22:00:00,453.916666666668,-13.5977490855019,0.611403989358612,0.611414247053562
2018-05-28 23:00:00,453.958333333332,-13.7896189576208,0.580282873947246,0.580293126495397
2018-05-29,454,-13.2774431918063,0.661316986309602,0.661327233705573
2018-05-29 01:00:00,454.041666666668,-13.1952747414953,0.673850880839985,0.673861123078402
2018-05-29 02:00:00,454.083333333332,-13.1326517649907,0.683271422526689,0.683281659602177
2018-05-29 03:00:00,454.125,-13.2260539232342,0.667837304136243,0.667847536043433
2018-05-29 04:00:00,454.166666666668,-13.1281420390654,0.682879905087751,0.682890131821275
2018-05-29 05:00:00,454.208333333332,-13.1955813,0.671582206417101,0.671592427971595
2018-05-29 06:00:00,454.25,-13.3160371966543,0.651839176028934,0.651849392399037
2018-05-29 07:00:00,454.291666666668,-13.3703403813462,0.642634576453098,0.64264478763345
2018-05-29 08:00:00,454.333333333332,-13.2159365572761,0.6666774093249,0.666687615310146
2018-05-29 09:00:00,454.375,-13.1411210372439,0.67804202557974,0.678052226364528
2018-05-29 10:00:00,454.416666666668,-13.0856349849162,0.686327701191047,0.686337896770026
2018-05-29 11:30:00,454.479166666668,-12.8646179441948,0.720706418654511,0.720716606414753
2018-05-29 12:30:00,454.520833333332,-12.6947673600375,0.747211090590401,0.747221273131474
2018-05-29 13:30:00,454.5625,-13.0917570651601,0.68341795773992,0.683428135056483
2018-05-29 14:30:00,454.604166666668,-13.4574540054409,0.624610043341109,0.624620215427827
2018-05-29 15:30:00,454.645833333332,-14.5690432291353,0.446981214103974,0.446991380955513
2018-05-29 16:30:00,454.6875,-15.1163339692308,0.359245795774852,0.359255957385881
2018-05-29 17:30:00,454.729166666668,-15.053911849531,0.368638331218322,0.368648487583514
2018-05-29 18:30:00,454.770833333332,-14.1400300710526,0.513669258550346,0.513679409664376
2018-05-29 19:30:00,454.8125,-14.0977116327715,0.519859783023045,0.519869928880592
2018-05-29 20:30:00,454.854166666668,-12.9816479393258,0.69709895430144,0.697109094897184
2018-05-29 21:30:00,454.895833333332,-13.5112071536723,0.61218948101486,0.612199616343487
2018-05-29 22:30:00,454.9375,-14.9232857099624,0.386694306808193,0.38670443686439
2018-05-29 23:30:00,454.979166666668,-13.8376917154135,0.559080416010429,0.559090540788886
2018-05-30 00:30:00,455.020833333332,-14.2241067488764,0.496974696609238,0.496984816104648
2018-05-30 01:30:00,455.0625,-14.1617223153846,0.506363314767768,0.506373428974827
2018-05-30 02:30:00,455.104166666668,-14.0163745207865,0.528968317675005,0.528978426588412
2018-05-30 03:30:00,455.145833333332,-13.9652734146067,0.53656001808668,0.536570121701139
2018-05-30 04:30:00,455.1875,-12.9799250764045,0.692978232784611,0.692988331094827
2018-05-30 05:30:00,455.229166666668,-11.6813970222635,0.899286462915407,0.899296555916086
2018-05-30 06:30:00,455.270833333332,-11.5936808762523,0.912711753982858,0.912721841668713
2018-05-30 07:30:00,455.3125,-11.6555178734463,0.902313385908822,0.902323468274568
2018-05-30 08:30:00,455.354166666668,-13.8697142756957,0.549042890231382,0.549052967271734
2018-05-30 09:30:00,455.395833333332,-15.7631799820037,0.246865287620606,0.246875359330286
2018-05-30 11:00:00,455.458333333332,-16.974925942037,0.0530130421286527,0.0530231058324315
2018-05-30 12:00:00,455.5,-17.3564111368519,-0.00830432328196817,-0.00829426492204832
2018-05-30 13:00:00,455.541666666668,-16.5278963201852,0.123132442803498,0.12314249581429
2018-05-30 14:00:00,455.583333333332,-16.2831278085185,0.161578270616414,0.161588318272812
2018-05-30 15:00:00,455.625,-15.8643981462963,0.227736499573624,0.227746541870365
2018-05-30 16:00:00,455.666666666668,-15.7690018801852,0.242387753298131,0.242397790229956
2018-05-30 17:00:00,455.708333333332,-15.3870403264113,0.302689328235873,0.302699359797523
2018-05-30 18:00:00,455.75,-14.4085073857407,0.458025417808358,0.45803544399458
2018-05-30 19:00:00,455.791666666668,-13.6667926042593,0.575636472053065,0.575646492858607
2018-05-30 20:00:00,455.833333333332,-12.3841851925926,0.77941237575829,0.779422391177906
2018-05-30 21:00:00,455.875,-12.7019036877778,0.728255486111873,0.728265496140316
2018-05-30 22:00:00,455.916666666668,-14.8834405169145,0.380191271460889,0.380201276092918
2018-05-30 23:00:00,455.958333333332,-15.122864822963,0.341507237375599,0.341517236605975
2018-05-31,456,-15.928053697963,0.212696771212819,0.212706765036305
2018-05-31 01:00:00,456.041666666668,-16.5018531317844,0.120747076720891,0.120757065132256
2018-05-31 02:00:00,456.083333333332,-16.9666215089054,0.0461663760920564,0.0461763590860699
2018-05-31 03:00:00,456.125,-16.610974041744,0.102278774630588,0.102288752202024
2018-05-31 04:00:00,456.166666666668,-16.6831743846011,0.0902349804599387,0.0902449526035725
2018-05-31 05:00:00,456.208333333332,-16.5489166427778,0.111080376166445,0.111090342877056
2018-05-31 06:00:00,456.25,-16.2534628342007,0.157604690227333,0.157614651499706
2018-05-31 07:00:00,456.291666666668,-16.1703981533333,0.170295534473727,0.170305490302645
2018-05-31 08:00:00,456.333333333332,-16.3475361710575,0.141536173173564,0.141546123553817
2018-05-31 09:00:00,456.375,-16.1150909135436,0.178023990872527,0.178033935798906
2018-05-31 10:30:00,456.4375,-14.804824065,0.38593962718891,0.38594956392472
2018-05-31 11:30:00,456.479166666668,-15.433001852963,0.285330256345579,0.285340187614507
2018-05-31 12:30:00,456.520833333332,-16.3521703838889,0.138366123733072,0.138376049529921
2018-05-31 13:30:00,456.5625,-17.834412952963,-0.0982958337290106,-0.0982859134094344
2018-05-31 14:30:00,456.604166666668,-17.9660018604824,-0.119797425627953,-0.119787510790841
2018-05-31 15:30:00,456.645833333332,-18.0638351631481,-0.135921453191223,-0.135911543841764
2018-05-31 16:30:00,456.6875,-16.6837606675325,0.0833865602793866,0.0833964641360079
2018-05-31 17:30:00,456.729166666668,-15.146797764193,0.327687282127649,0.32769718048625
2018-05-31 18:30:00,456.770833333332,-13.1449070403346,0.646051611216691,0.646061504072094
2018-05-31 19:30:00,456.8125,-13.8287388833333,0.536578689619848,0.536588576966875
2018-05-31 20:30:00,456.854166666668,-13.0805955519481,0.655220710350115,0.655230592183595
2018-05-31 21:30:00,456.895833333332,-12.9253018672222,0.679421632726299,0.679431509041061
2018-05-31 22:30:00,456.9375,-12.7372203812963,0.708845949556033,0.70885582034691
2018-05-31 23:30:00,456.979166666668,-12.2296796418519,0.789160628328027,0.789170493589857
2018-06-01 00:30:00,457.020833333332,-12.2443722255556,0.786283440370715,0.786293300098337
2018-06-01 01:30:00,457.0625,-12.0457996215213,0.817379824339541,0.817389678527798
2018-06-01 02:30:00,457.104166666668,-11.8150000003704,0.853610270557422,0.853620119201158
2018-06-01 03:30:00,457.145833333332,-11.9225981412963,0.835933987120686,0.835943830214752
2018-06-01 04:30:00,457.1875,-11.8831870457407,0.841676656052068,0.841686493591316
2018-06-01 05:30:00,457.229166666668,-11.9314944327778,0.833445984238316,0.8334558162176
2018-06-01 06:30:00,457.270833333332,-11.6673246764378,0.874993421155577,0.875003247569754
2018-06-01 07:30:00,457.3125,-11.6597685296296,0.875662403460368,0.875672224304304
2018-06-01 08:30:00,457.354166666668,-11.7835129979554,0.855415380984628,0.855425196253184
2018-06-01 10:00:00,457.416666666668,-11.8930861132959,0.837159165093477,0.837168971989342
2018-06-01 11:00:00,457.458333333332,-11.9331828410448,0.830237981264061,0.83024778257172
2018-06-01 12:00:00,457.5,-12.0987780106343,0.803325083964276,0.803334879678607
2018-06-01 13:00:00,457.541666666668,-13.346857964486,0.603971865245669,0.603981655361551
2018-06-01 14:00:00,457.583333333332,-14.1466000078505,0.476039474599924,0.476049259112236
2018-06-01 15:00:00,457.625,-14.5146249845149,0.416880200007382,0.416889978911012
2018-06-01 16:30:00,457.6875,-14.1791603711779,0.469521526797282,0.469531297278304
2018-06-01 17:00:00,457.708333333332,-14.1107357207143,0.480155620270479,0.480165387941409
2018-06-01 17:30:00,457.729166666668,-14.5260424875817,0.413731023191455,0.413740788051019
2018-06-01 18:30:00,457.770833333332,-14.524992384264,0.413366650596578,0.41337640982958
2018-06-01 19:00:00,457.791666666668,-14.413621415,0.430842403185357,0.430852159603166
2018-06-01 19:30:00,457.8125,-14.1394160353383,0.474257863759357,0.474267617360697
2018-06-01 20:00:00,457.833333333332,-13.9559428407143,0.503219692497909,0.503229443281506
2018-06-01 20:30:00,457.854166666668,-13.930165414787,0.507060542705122,0.507070290669703
2018-06-01 21:00:00,457.875,-13.7783571728571,0.530978262112225,0.530988007256515
2018-06-01 21:30:00,457.895833333332,-13.695817054386,0.543861590133963,0.543871332456688
2018-06-01 22:00:00,457.916666666668,-13.5348992542636,0.569230609067844,0.569240348567734
2018-06-01 22:30:00,457.9375,-13.5083183057644,0.573199741788914,0.573209478464694
2018-06-01 23:00:00,457.958333333332,-13.3515461049645,0.597908504321233,0.59791823817163
2018-06-01 23:30:00,457.979166666668,-13.4681457150754,0.579069012338012,0.579078743361757
2018-06-02,458,-13.40026252,0.589617833406129,0.589627561601949
2018-06-02 00:30:00,458.020833333332,-13.434298978392,0.583930851229245,0.58394057659587
2018-06-02 01:00:00,458.041666666668,-13.3778865028369,0.592652519285359,0.592662241821519
2018-06-02 01:30:00,458.0625,-13.5471929887218,0.565417065935879,0.565426785640303
2018-06-02 02:00:00,458.083333333332,-13.4507304787234,0.580518874039634,0.580528590911052
2018-06-02 02:30:00,458.104166666668,-13.6153944432161,0.554023118673881,0.554032832711026
2018-06-02 03:00:00,458.125,-13.4546241170213,0.579369348929124,0.579379060130724
2018-06-02 03:30:00,458.145833333332,-13.6389724368421,0.549738002837041,0.549747711201829
2018-06-02 04:00:00,458.166666666668,-13.5280851141844,0.567137976193649,0.567147681720359
2018-06-02 04:30:00,458.1875,-13.6809298190476,0.54252531975686,0.54253502244422
2018-06-02 05:00:00,458.208333333332,-13.588326229078,0.557012822777971,0.557022522624717
2018-06-02 05:30:00,458.229166666668,-13.7110276703518,0.537202151186879,0.537211848191743
2018-06-02 06:00:00,458.25,-13.5367801567376,0.564695731071274,0.564705425232989
2018-06-02 06:30:00,458.270833333332,-13.7426666691729,0.531633759749793,0.531643451067093
2018-06-02 07:00:00,458.291666666668,-13.588865251773,0.555870403514538,0.555880091986159
2018-06-02 07:30:00,458.3125,-13.8457780742347,0.514680046227877,0.514689731852551
2018-06-02 08:00:00,458.333333333332,-13.8126142378571,0.519699178880436,0.5197088616569
2018-06-02 09:00:00,458.375,-13.9295186215881,0.500548659463965,0.500558336540214
2018-06-02 09:30:00,458.395833333332,-13.8731999992593,0.509256578949446,0.509266253173692
2018-06-02 10:00:00,458.416666666668,-13.8733350094293,0.508971465464357,0.508981136835338
2018-06-02 10:30:00,458.4375,-13.7823795715328,0.523197196513444,0.523206865029895
2018-06-02 11:00:00,458.458333333332,-13.8749029912935,0.508194685518043,0.508204351178702
2018-06-02 11:30:00,458.479166666668,-13.7845985277372,0.522316858116365,0.522326520919971
2018-06-02 12:00:00,458.5,-13.8088362540943,0.518192449172347,0.518202109117636
2018-06-02 12:30:00,458.520833333332,-13.8844014532847,0.505891608324559,0.505901265410272
2018-06-02 13:00:00,458.541666666668,-13.9818312543424,0.490107792006108,0.490117446230985
2018-06-02 13:30:00,458.5625,-13.9513065576642,0.494707289880178,0.494716941242955
2018-06-02 14:00:00,458.583333333332,-14.5082009699752,0.405730575214352,0.405740223713771
2018-06-02 14:30:00,458.604166666668,-14.2298393868613,0.449810808836589,0.44982045447139
2018-06-02 15:00:00,458.625,-14.9755483741935,0.3307559401398,0.330765582908722
2018-06-02 15:30:00,458.645833333332,-15.0288248240876,0.322006140877815,0.322015780779601
2018-06-02 16:00:00,458.666666666668,-15.0835914824561,0.31301902177468,0.313028658808073
2018-06-02 16:30:00,458.6875,-14.6501386678832,0.381805685066263,0.381815319230001
2018-06-02 17:00:00,458.708333333332,-15.223530822252,0.290201296802761,0.290210928095588
2018-06-02 17:30:00,458.729166666668,-14.6989416007299,0.373506197884413,0.373515826305072
2018-06-02 18:00:00,458.75,-17.2076196120907,-0.0263904672737814,-0.0263808417265472
2018-06-02 18:30:00,458.770833333332,-17.2993284233577,-0.0412621400590478,-0.0412525173864947
2018-06-02 19:00:00,458.791666666668,-17.601581813602,-0.089673643097496,-0.0896640233008807
2018-06-02 19:30:00,458.8125,-17.6656350321168,-0.100139616889305,-0.100129999969883
2018-06-02 20:00:00,458.833333333332,-18.3783768610553,-0.213942078179549,-0.213932464138576
2018-06-02 20:30:00,458.854166666668,-18.6196641467153,-0.252641422081836,-0.252631810920567
2018-06-02 21:00:00,458.875,-20.0582055493734,-0.482064130624282,-0.482054522343971
2018-06-02 21:30:00,458.895833333332,-19.5451021810219,-0.400588360671846,-0.400578755273747
2018-06-02 22:00:00,458.916666666668,-20.1866341230576,-0.503046748943467,-0.503037146428833
2018-06-02 22:30:00,458.9375,-20.2403941233577,-0.511872574996671,-0.511862975366757
2018-06-02 23:00:00,458.958333333332,-18.941503793985,-0.305220165008053,-0.305210568264111
2018-06-02 23:30:00,458.979166666668,-18.3611022058394,-0.213023452999922,-0.213013859143204
2018-06-03,459,-19.3649572879397,-0.373199888719756,-0.373190297751515
2018-06-03 00:30:00,459.020833333332,-19.292554829927,-0.361927657187723,-0.36191806910921
2018-06-03 01:00:00,459.041666666668,-21.4878145390977,-0.711895557348822,-0.711885972161289
2018-06-03 01:30:00,459.0625,-21.0579050583942,-0.643672057512708,-0.643662475217405
2018-06-03 02:00:00,459.083333333332,-21.1053032847118,-0.651483944389499,-0.651474364987677
2018-06-03 02:30:00,459.104166666668,-21.0651752562044,-0.645352764186373,-0.645343187679282
2018-06-03 03:00:00,459.125,-21.1274310874687,-0.655531333837115,-0.655521760226004
2018-06-03 03:30:00,459.145833333332,-20.7966203861314,-0.603094051748289,-0.603084481034409
2018-06-03 04:00:00,459.166666666668,-22.9192656799499,-0.941493990718244,-0.941484422902843
2018-06-03 04:30:00,459.1875,-22.654481789781,-0.899574682319832,-0.899565117404158
2018-06-03 05:00:00,459.208333333332,-22.2017970005013,-0.827722554110465,-0.827712992095766
2018-06-03 05:30:00,459.229166666668,-21.943707949635,-0.786869593751162,-0.786860034638685
2018-06-03 06:00:00,459.25,-21.3187593989975,-0.687575580542779,-0.687566024333773
2018-06-03 06:30:00,459.270833333332,-21.2758529316176,-0.681001214725179,-0.68099166142089
2018-06-03 07:00:00,459.291666666668,-20.7260025233083,-0.593670244409205,-0.593660694010879
2018-06-03 07:30:00,459.3125,-20.602948849635,-0.574328226441508,-0.574318678950391
2018-06-03 08:30:00,459.354166666668,-20.1365964764411,-0.500558782945177,-0.500549241272215
2018-06-03 09:00:00,459.375,-20.1673357715328,-0.505715877183641,-0.505706338421625
2018-06-03 09:30:00,459.395833333332,-22.9881763302267,-0.955338023947734,-0.955328488097907
2018-06-03 10:00:00,459.416666666668,-22.8155000137681,-0.928090720655868,-0.928081187719475
2018-06-03 10:30:00,459.4375,-23.0220601310777,-0.961255979596678,-0.961246449574962
2018-06-03 11:00:00,459.458333333332,-22.6145798195652,-0.896604086718379,-0.896594559612582
2018-06-03 13:00:00,459.541666666668,-23.8408186949275,-1.09298413585805,-1.09297462042836
2018-06-03 14:00:00,459.583333333332,-24.0318550637681,-1.12393558882842,-1.12392607924423
2018-06-03 14:30:00,459.604166666668,-23.5564811310777,-1.04846768369807,-1.04845817703849
2018-06-03 15:00:00,459.625,-23.4550578717391,-1.03257031508915,-1.03256081135542
2018-06-03 15:30:00,459.645833333332,-21.9164862433584,-0.787734111281446,-0.787724610474807
2018-06-03 16:00:00,459.666666666668,-21.4298478442029,-0.71047154957408,-0.71046205169577
2018-06-03 16:30:00,459.6875,-19.5594386112782,-0.41277323211464,-0.412763737165898
2018-06-03 17:00:00,459.708333333332,-19.3957608434783,-0.386958383594721,-0.386948891576786
2018-06-03 17:30:00,459.729166666668,-18.5602480909774,-0.254119668771067,-0.254110179685176
2018-06-03 18:00:00,459.75,-18.3091159253623,-0.214373125871263,-0.214363639718654
2018-06-03 18:30:00,459.770833333332,-18.1558696849624,-0.190219807602968,-0.190210324384878
2018-06-03 19:00:00,459.791666666668,-18.0504058630435,-0.173678189505703,-0.173668709223369
2018-06-03 19:30:00,459.8125,-18.5986473395466,-0.26127221932075,-0.261262741975408
2018-06-03 20:00:00,459.833333333332,-18.5324856,-0.250991304453708,-0.250981830046593
2018-06-03 20:30:00,459.854166666668,-18.9724361075188,-0.321334358879834,-0.321324887412182
2018-06-03 21:00:00,459.875,-18.8221666355072,-0.29765487541669,-0.297645406889736
2018-06-03 21:30:00,459.895833333332,-19.0172663248744,-0.328992872761527,-0.328983407176506
2018-06-03 22:00:00,459.916666666668,-18.9388115949275,-0.316753382186485,-0.316743919544631
2018-06-03 22:30:00,459.9375,-20.5815325987437,-0.578698342502256,-0.578688882804803
2018-06-03 23:00:00,459.958333333332,-20.6465661404412,-0.589316489163594,-0.589307032411774
2018-06-03 23:30:00,459.979166666668,-20.353413554386,-0.5428752561726,-0.542865802367648
2018-06-04,460,-20.1501818285714,-0.510758406906197,-0.510748956049343
2018-06-04 00:30:00,460.020833333332,-20.4281428325815,-0.555295829763788,-0.555286381856266
2018-06-04 01:00:00,460.041666666668,-20.3299419971015,-0.53991032914438,-0.539900884187422
2018-06-04 01:30:00,460.0625,-20.9978697205514,-0.6465695817779,-0.646560139772737
2018-06-04 02:00:00,460.083333333332,-20.8380507333333,-0.621368118181524,-0.621358679129386
2018-06-04 02:30:00,460.104166666668,-20.6309699145363,-0.588637737305244,-0.588628301207362
2018-06-04 03:00:00,460.125,-20.5694130456522,-0.579089351874673,-0.579079918732277
2018-06-04 03:30:00,460.145833333332,-19.5799122774436,-0.421718766359988,-0.421709336174308
2018-06-04 04:00:00,460.166666666668,-19.3766304673913,-0.389593348886775,-0.389583921659041
2018-06-04 04:30:00,460.1875,-18.7853082694236,-0.295652746452547,-0.295643322183986
2018-06-04 05:00:00,460.208333333332,-18.6787536304348,-0.278935888683912,-0.278926467375754
2018-06-04 05:30:00,460.229166666668,-18.4970250330827,-0.250243691694223,-0.250234273347695
2018-06-04 06:00:00,460.25,-18.4771521637681,-0.247335153878392,-0.247325738494722
2018-06-04 06:30:00,460.270833333332,-18.7397192686717,-0.289419431791069,-0.289410019371485
2018-06-04 07:00:00,460.291666666668,-18.7044782384058,-0.284062586921449,-0.284053177467177
2018-06-04 08:00:00,460.333333333332,-18.2465854467337,-0.211633868633763,-0.211624465113793
2018-06-04 08:30:00,460.354166666668,-18.1493309021583,-0.196398004323923,-0.196388603772943
2018-06-04 09:00:00,460.375,-18.432147920802,-0.241707737474442,-0.241698339893677
2018-06-04 09:30:00,460.395833333332,-18.3674460201439,-0.231657384241768,-0.231647989632443
2018-06-04 10:00:00,460.416666666668,-18.5676230831658,-0.263802364979109,-0.263792973342448
2018-06-04 10:30:00,460.4375,-18.5109565543478,-0.255031903729811,-0.255022515067038
2018-06-04 11:00:00,460.458333333332,-19.3800250796992,-0.393731623855565,-0.393722238167903
2018-06-04 11:30:00,460.479166666668,-19.4765539482014,-0.409365150250286,-0.409355767538959
2018-06-04 12:00:00,460.5,-19.481511287218,-0.410411192198247,-0.410401812464477
2018-06-04 12:30:00,460.520833333332,-19.4083381244604,-0.399010914986188,-0.399001538231197
2018-06-04 13:00:00,460.541666666668,-19.1707318669173,-0.361416253841721,-0.361406880066731
2018-06-04 13:30:00,460.5625,-19.1059280359712,-0.351349068280806,-0.35133969748704
2018-06-04 14:00:00,460.583333333332,-18.5694561002506,-0.266144742076619,-0.266135374265296
2018-06-04 14:30:00,460.604166666668,-18.459460481295,-0.248878323372682,-0.248868958545024
2018-06-04 15:00:00,460.625,-17.985348385213,-0.173607815101871,-0.173598453259097
2018-06-04 15:30:00,460.645833333332,-17.9554820280576,-0.169105895914259,-0.169096537057589
2018-06-04 16:00:00,460.666666666668,-17.7935689280702,-0.143568761607268,-0.143559405737921
2018-06-04 16:30:00,460.6875,-17.7473812791367,-0.136466699695114,-0.136457346814309
2018-06-04 17:00:00,460.708333333332,-17.4568897433584,-0.09044677933642,-0.0904374294453764
2018-06-04 17:30:00,460.729166666668,-17.3584676640288,-0.0750235859228897,-0.0750142390228253
2018-06-04 18:00:00,460.75,-17.2706892508772,-0.0612958613824632,-0.0612865174745957
2018-06-04 18:30:00,460.770833333332,-17.2215611719424,-0.0537250879149394,-0.0537157470004861
2018-06-04 19:00:00,460.791666666668,-17.0184536225564,-0.0216251999483953,-0.0216158620285722
2018-06-04 19:30:00,460.8125,-16.9712373726619,-0.0143588325393611,-0.0143494976153855
2018-06-04 20:00:00,460.833333333332,-16.8242054839599,0.00880831234718027,0.00881764427409248
2018-06-04 20:30:00,460.854166666668,-16.7927769841727,0.0135598296866337,0.0135691586152669
2018-06-04 21:00:00,460.875,-16.7651278080201,0.0177093730217642,0.0177186989509037
2018-06-04 21:30:00,460.895833333332,-16.6823811971223,0.0306360520691643,0.030645374997595
2018-06-04 22:00:00,460.916666666668,-16.8251302932331,0.00764117886476789,0.00765049879127522
2018-06-04 22:30:00,460.9375,-16.8225252007194,0.00780140682957309,0.00781072375294378
2018-06-04 23:00:00,460.958333333332,-16.8606667077694,0.00147074744789288,0.00148006136691281
2018-06-04 23:30:00,460.979166666668,-16.7899784705036,0.0124768192214232,0.0124861301348793
2018-06-05,461,-16.7025768690176,0.0261454170061546,0.026154724912835
2018-06-05 00:30:00,461.020833333332,-16.6971654266187,0.026752999037061,0.0267623039357525
2018-06-05 01:00:00,461.041666666668,-16.7155940082707,0.0235629234127767,0.0235722253022677
2018-06-05 01:30:00,461.0625,-16.6880647021583,0.0276940473966157,0.0277033462756954
2018-06-05 02:00:00,461.083333333332,-16.7680552786432,0.0146972525254052,0.0147065483928618
2018-06-05 02:30:00,461.104166666668,-16.7405252510791,0.0188286420250156,0.0188379348796384
2018-06-05 03:00:00,461.125,-16.7914572937186,0.0104610430141615,0.0104703328547414
2018-06-05 03:30:00,461.145833333332,-16.7564604460432,0.0157820530117627,0.015791339837089
2018-06-05 04:00:00,461.166666666668,-16.9153434313283,-0.00978205752219874,-0.00977277371333529
2018-06-05 04:30:00,461.1875,-16.946100742446,-0.01493558116052,-0.0149263003693276
2018-06-05 05:00:00,461.208333333332,-17.0726541486216,-0.0353494157255518,-0.0353401379532398
2018-06-05 05:30:00,461.229166666668,-17.0935036769784,-0.0389244715111967,-0.0389151967589729
2018-06-05 06:00:00,461.25,-17.0196365892231,-0.0274110271263609,-0.0274017553954323
2018-06-05 06:30:00,461.270833333332,-16.9642733863309,-0.0188451892526947,-0.0188359205442694
2018-06-05 13:00:00,461.541666666668,-18.273996270872,-0.230774367839033,-0.230765138532814
2018-06-05 14:00:00,461.583333333332,-17.7807050356215,-0.152697642522453,-0.152688419296155
2018-06-05 15:00:00,461.625,-17.8163773566915,-0.158884885374094,-0.158875668232519
2018-06-05 20:00:00,461.833333333332,-19.8971803236059,-0.492876793625942,-0.492867606979895
2018-06-05 21:00:00,461.875,-19.6410927818182,-0.452584650257093,-0.452575469724509
2018-06-05 22:00:00,461.916666666668,-19.5917476651206,-0.445226416780754,-0.445217242366414
2018-06-05 23:00:00,461.958333333332,-19.5717346753247,-0.442540505658305,-0.442531337366982
2018-06-06,462,-19.4246919942486,-0.419618367257949,-0.419609205094415
2018-06-06 01:00:00,462.041666666668,-19.3857680959184,-0.413919321274723,-0.413910165243746
2018-06-06 02:00:00,462.083333333332,-20.0201576769944,-0.515479286524537,-0.515470136630882
2018-06-06 03:00:00,462.125,-20.3830946339518,-0.573796347317544,-0.573787203565972
2018-06-06 04:00:00,462.166666666668,-19.3398907081481,-0.408113852932966,-0.408104715328236
2018-06-06 05:00:00,462.208333333332,-20.0210740718519,-0.517127178070445,-0.51711804661731
2018-06-06 06:00:00,462.25,-19.9608740844444,-0.508037297352981,-0.508028172056193
2018-06-06 07:30:00,462.3125,-20.2637621412639,-0.557037033220548,-0.557027917167181
2018-06-06 08:30:00,462.354166666668,-21.0834813947955,-0.688118144711487,-0.68810903482633
2018-06-06 09:30:00,462.395833333332,-21.271325329368,-0.718540757228586,-0.718531653516378
2018-06-06 10:30:00,462.4375,-22.0796003641264,-0.84779817799953,-0.847789080465007
2018-06-06 11:30:00,462.479166666668,-21.5753388953445,-0.767967286172655,-0.767958194820549
2018-06-06 12:30:00,462.520833333332,-22.7060557656134,-0.948589302247588,-0.948580217082627
2018-06-06 13:30:00,462.5625,-22.3061117558659,-0.885375636166993,-0.885366557193904
2018-06-06 14:30:00,462.604166666668,-22.3931728555762,-0.899741921647866,-0.89973284887137
2018-06-06 15:30:00,462.645833333332,-21.9685269294991,-0.832592601598649,-0.832583535023465
2018-06-06 16:30:00,462.6875,-19.6997049949907,-0.471664414630716,-0.47165535426156
2018-06-06 17:30:00,462.729166666668,-19.3055083569573,-0.409365065862094,-0.409356011703676
2018-06-06 21:30:00,462.895833333332,-18.5786604849722,-0.295560393229723,-0.295551363961312
2018-06-06 22:30:00,462.9375,-18.3347458432282,-0.25719951425183,-0.257190491217664
2018-06-06 23:30:00,462.979166666668,-18.290189251577,-0.250596202433392,-0.250587185638165
2018-06-07 00:30:00,463.020833333332,-17.2933469252319,-0.0922927796254934,-0.0922837690738906
2018-06-07 01:30:00,463.0625,-18.0543828801115,-0.214020310027215,-0.214011305723922
2018-06-07 02:30:00,463.104166666668,-18.2723710948052,-0.249239633904553,-0.24923063585425
2018-06-07 03:30:00,463.145833333332,-18.028403695,-0.210868784575777,-0.210859792783141
2018-06-07 04:30:00,463.1875,-18.2475703653704,-0.246275209637192,-0.246266224106897
2018-06-07 05:30:00,463.229166666668,-17.7718940356877,-0.170992334043932,-0.170983354780649
2018-06-07 07:00:00,463.291666666668,-17.4223754708178,-0.116052242681067,-0.116043272827051
2018-06-07 08:00:00,463.333333333332,-17.4743965063218,-0.124831147849219,-0.124822184273875
2018-06-07 09:00:00,463.375,-17.7455910923792,-0.168524241158521,-0.168515283866509
2018-06-07 10:00:00,463.416666666668,-17.6139647063197,-0.148047350410606,-0.148038399406579
2018-06-07 11:00:00,463.458333333332,-17.6997291439703,-0.162200657639803,-0.162191712928412
2018-06-07 12:00:00,463.5,-17.473568777881,-0.126663804886268,-0.126654866472163
2018-06-07 13:00:00,463.541666666668,-18.3656505520446,-0.269263408091379,-0.269254475979202
2018-06-07 14:00:00,463.583333333332,-18.4612999661111,-0.284990450848026,-0.284981525042419
2018-06-12 21:00:00,468.875,-16.2576252721707,0.0064808365356015,0.00648892492666853
2018-06-12 22:30:00,468.9375,-16.4408432932836,-0.0233770671856148,-0.0233689891027637
2018-06-12 23:30:00,468.979166666668,-16.3429663843284,-0.00823219936152397,-0.00822412815603235
2018-06-13 00:30:00,469.020833333332,-16.5649906626866,-0.0440474715726112,-0.0440394072486485
2018-06-13 01:30:00,469.0625,-16.7743682158879,-0.0778477634906427,-0.0778397060523734
2018-06-13 02:30:00,469.104166666668,-17.6156212358209,-0.212305920638135,-0.21229787008972
2018-06-13 03:30:00,469.145833333332,-17.150285966729,-0.138623281244374,-0.13861523758997
2018-06-13 04:30:00,469.1875,-16.7397850121495,-0.0736754387138384,-0.0736674019575991
2018-06-13 05:30:00,469.229166666668,-16.5022411299065,-0.036279432551596,-0.0362714026976714
2018-06-13 06:30:00,469.270833333332,-16.2899419331461,-0.00290457374662245,-0.00289655079915718
2018-06-13 07:30:00,469.3125,-15.8157775841121,0.0721859402556799,0.0721939562925425
2018-06-13 08:30:00,469.354166666668,-15.3276940188433,0.149494144886866,0.149502154008987
2018-06-13 09:30:00,469.395833333332,-15.0362611927239,0.195476096005923,0.19548409820917
2018-06-13 10:30:00,469.4375,-14.1352958726592,0.338557358980569,0.33856535426081
2018-06-13 11:30:00,469.479166666668,-13.5579046786916,0.430093382655795,0.430101371008903
2018-06-13 12:30:00,469.520833333332,-13.8514384445896,0.382890788295672,0.382898769717524
2018-06-13 13:30:00,469.5625,-13.6627140121495,0.412512620230119,0.412520594716595
2018-06-13 14:30:00,469.604166666668,-13.4224048604478,0.450352285704357,0.450360253251341
2018-06-13 15:30:00,469.645833333332,-12.8665700975701,0.538455757642251,0.538463718245632
2018-06-13 16:30:00,469.6875,-12.6804224224299,0.567668163671657,0.567676117327327
2018-06-13 17:30:00,469.729166666668,-12.9841604932836,0.518841771863025,0.518849718566878
2018-06-13 18:30:00,469.770833333332,-12.254147370709,0.634693035701962,0.6347009754499
2018-06-13 19:30:00,469.8125,-11.8623570140187,0.696665523266162,0.696673456054087
2018-06-13 20:30:00,469.854166666668,-11.8774048432836,0.693828749330502,0.69383667515432
2018-06-13 22:00:00,469.916666666668,-12.009173817757,0.672179052532488,0.672186967902481
2018-06-13 23:00:00,469.958333333332,-12.1752574684702,0.645283045929646,0.645290954325317
2018-06-14,470,-12.3185279990672,0.622021538706204,0.622029440123474
2018-06-14 01:00:00,470.041666666668,-12.4221936588454,0.605069468973457,0.60507736340825
2018-06-14 02:00:00,470.083333333332,-12.4081308181308,0.606871986991178,0.60687987443942
2018-06-14 03:00:00,470.125,-12.4041100626866,0.60707514736516,0.607083027822785
2018-06-14 04:00:00,470.166666666668,-12.3923078514925,0.608518253141092,0.608526126604035
2018-06-14 05:00:00,470.208333333332,-12.2376294342644,0.632721994803657,0.632729861267856
2018-06-14 06:00:00,470.25,-13.1893333530726,0.480678594089293,0.480686453550693
2018-06-14 07:00:00,470.291666666668,-13.8524487949721,0.374607898587131,0.374615751041678
2018-06-14 08:00:00,470.333333333332,-17.6237745539499,-0.226602566755649,-0.226594721312004
2018-06-14 09:00:00,470.375,-16.7357150629423,-0.0855692770632517,-0.0855614386345538
2018-06-14 10:00:00,470.416666666668,-18.4074208407821,-0.352308068656354,-0.352300237246645
2018-06-14 11:00:00,470.458333333332,-18.3566331011173,-0.34465205649132,-0.344644232104638
2018-06-14 12:00:00,470.5,-18.8252463029851,-0.419736629755463,-0.419728812395843
2018-06-14 13:00:00,470.541666666668,-18.9651660927239,-0.442459751629237,-0.442451941300707
2018-06-14 14:00:00,470.583333333332,-18.8831153854749,-0.429822458537726,-0.429814655244314
2018-06-14 15:00:00,470.625,-19.425669763806,-0.516684845535203,-0.51667704928093
2018-06-14 16:00:00,470.666666666668,-19.4246455688433,-0.516954420742593,-0.516946631531478
2018-06-14 17:00:00,470.708333333332,-19.3197947856343,-0.500683989408273,-0.500676207244332
2018-06-14 18:00:00,470.75,-19.8212579194393,-0.580999441273777,-0.58099166616102
2018-06-14 19:00:00,470.791666666668,-19.6395866108007,-0.552490731000351,-0.552482962942785
2018-06-14 20:00:00,470.833333333332,-19.4400167417132,-0.521130409754176,-0.521122648755805
2018-06-14 21:30:00,470.895833333332,-19.7998119080074,-0.579092318329644,-0.579084567927562
2018-06-14 22:30:00,470.9375,-19.5664450614525,-0.542347219697639,-0.542339476364744
2018-06-14 23:30:00,470.979166666668,-19.6092182970149,-0.54959107520431,-0.54958333894459
2018-06-15 00:30:00,471.020833333332,-19.7481862435754,-0.572158458418703,-0.572150729236146
2018-06-15 01:30:00,471.0625,-19.6970317074488,-0.564438835560779,-0.564431113459366
2018-06-15 02:30:00,471.104166666668,-19.7976834351955,-0.580901700083973,-0.580893985067683
2018-06-15 03:30:00,471.145833333332,-19.7098863789572,-0.567344179494077,-0.567336471566883
2018-06-15 05:30:00,471.229166666668,-19.4917724041045,-0.533454615504663,-0.533446921767572
2018-06-15 06:30:00,471.270833333332,-19.3794916024209,-0.515995737982093,-0.515988051345999
2018-06-15 07:30:00,471.3125,-18.7042197482309,-0.408851623440765,-0.408843943909627
2018-06-15 08:30:00,471.354166666668,-18.7372067078212,-0.414533283811922,-0.414525611389696
2018-06-15 09:30:00,471.395833333332,-18.9289367078212,-0.445502463488062,-0.445494798178699
2018-06-15 10:30:00,471.4375,-18.6432160216015,-0.400413046966722,-0.400405388774169
2018-06-15 11:30:00,471.479166666668,-18.0978882884544,-0.313967681442446,-0.313960030370648
2018-06-15 12:30:00,471.520833333332,-17.4880219333333,-0.217240906190325,-0.217233262243221
2018-06-15 13:30:00,471.5625,-17.1838864258845,-0.169216912106153,-0.169209275287678
2018-06-15 14:30:00,471.604166666668,-16.9513054316574,-0.132591241548748,-0.132583611862835
2018-06-15 15:30:00,471.645833333332,-18.179135961825,-0.328609808674549,-0.328602186125126
2018-06-15 16:30:00,471.6875,-18.3503426234637,-0.356307076468951,-0.356299461059942
2018-06-15 17:30:00,471.729166666668,-18.2017891977612,-0.333065971629721,-0.333058363365046
2018-06-15 18:30:00,471.770833333332,-18.1940968635009,-0.332263776885446,-0.332256175769023
2018-06-15 19:30:00,471.8125,-18.0519757932961,-0.310046625791064,-0.310039031826804
2018-06-15 21:00:00,471.875,-18.3644851271375,-0.360463160978645,-0.360455577749957
2018-06-15 22:00:00,471.916666666668,-17.0247044765799,-0.147457075299482,-0.147449499232723
2018-06-15 23:00:00,471.958333333332,-16.5573457418216,-0.0734280608429421,-0.0734204919420118
2018-06-16,472,-16.0564729836127,0.00594012512247921,0.00594768685368874
2018-06-16 01:00:00,472.041666666668,-16.2060985118959,-0.0183161669647405,-0.0183086124071451
2018-06-16 02:00:00,472.083333333332,-16.7340614400372,-0.102841513158518,-0.102833965778425
2018-06-16 03:00:00,472.125,-17.3360260291822,-0.199155012561814,-0.199147472363103
2018-06-16 04:00:00,472.166666666668,-17.0787955934944,-0.158597766031644,-0.158590233018198
2018-06-16 05:00:00,472.208333333332,-17.4195855295539,-0.213305227372053,-0.213297701547749
2018-06-16 06:00:00,472.25,-17.7993687039106,-0.274223974521866,-0.274216455890572
2018-06-16 07:00:00,472.291666666668,-17.6835511767225,-0.256192810622009,-0.256185299187594
2018-06-16 08:00:00,472.333333333332,-17.9851784343866,-0.30466053391441,-0.304653029680739
2018-06-16 09:00:00,472.375,-18.1143364390335,-0.325653416392294,-0.325645919363227
2018-06-16 10:00:00,472.416666666668,-18.2077248804833,-0.340947816117011,-0.340940326296403
2018-06-16 11:00:00,472.458333333332,-18.1488698799257,-0.331989360746324,-0.331981878138029
2018-06-16 12:00:00,472.5,-17.9462026613383,-0.300121150071134,-0.300113674678999
2018-06-16 13:00:00,472.541666666668,-17.9075743693309,-0.294384091208285,-0.294376623036153
2018-06-16 14:00:00,472.583333333332,-17.3293457336431,-0.202687945362494,-0.202680484414209
2018-06-16 15:00:00,472.625,-18.7694338880819,-0.432510739655037,-0.432503285934434
2018-06-16 16:00:00,472.666666666668,-19.0469628611524,-0.477136658520537,-0.477129212031447
2018-06-16 17:00:00,472.708333333332,-19.0238529067039,-0.473870214123039,-0.473862774869293
2018-06-16 18:00:00,472.75,-19.2641059438662,-0.51255731500997,-0.512549882995393
2018-06-16 19:00:00,472.791666666668,-17.2100391106145,-0.185757253296565,-0.185749828524975
2018-06-16 20:30:00,472.854166666668,-15.8319592001855,0.0331511720912078,0.0331585859911578
2018-06-16 21:30:00,472.895833333332,-16.5682817197183,-0.0845588639763539,-0.0845514573289295
2018-06-16 22:30:00,472.9375,-16.0551189589219,-0.00322463355334723,-0.00321723416225472
2018-06-16 23:30:00,472.979166666668,-16.538144997026,-0.0805836220356492,-0.0805762299046917
2018-06-17 00:30:00,473.020833333332,-15.5746938894249,0.0724826013231011,0.0724899861901251
2018-06-17 01:30:00,473.0625,-16.1771447402597,-0.0239001072386861,-0.0238927296393919
2018-06-17 02:30:00,473.104166666668,-16.5139387877551,-0.0779631279046213,-0.0779557575768486
2018-06-17 03:30:00,473.145833333332,-16.2408608510204,-0.0348727361674368,-0.034865373114972
2018-06-17 04:30:00,473.1875,-15.9544897667904,0.0103356331691178,0.0103429889424903
2018-06-17 05:30:00,473.229166666668,-16.1749554569573,-0.0251950879330272,-0.0251877394425268
2018-06-17 06:30:00,473.270833333332,-15.8104730966605,0.0324572035396936,0.0324645447435472
2018-06-17 07:30:00,473.3125,-15.6617161432282,0.0557446538739086,0.0557519877873427
2018-06-17 08:30:00,473.354166666668,-15.4185139105751,0.0940776752248204,0.094085001844067
2018-06-17 09:30:00,473.395833333332,-14.9440389502783,0.169252978114613,0.16926029743591
2018-06-17 10:30:00,473.4375,-14.6019944130112,0.22333239094381,0.223339702963395
2018-06-17 11:30:00,473.479166666668,-14.4191614174397,0.252049662580274,0.252056967294392
2018-06-17 12:30:00,473.520833333332,-14.5281317081633,0.23428283356688,0.23429013097178
2018-06-17 13:30:00,473.5625,-15.0285149947566,0.154164006195042,0.154171296286975
2018-06-17 14:30:00,473.604166666668,-17.3902341061798,-0.222466576404648,-0.222459293629427
2018-06-17 15:30:00,473.645833333332,-17.5753370934457,-0.252360282979703,-0.252353007524933
2018-06-17 16:30:00,473.6875,-16.7649756249531,-0.123675418163164,-0.123668150032581
2018-06-17 17:30:00,473.729166666668,-16.5817247080524,-0.0948893399296935,-0.0948820791270305
2018-06-17 18:30:00,473.770833333332,-15.5368498971857,0.0711544129741515,0.0711616664451672
2018-06-17 20:00:00,473.833333333332,-15.3238996319703,0.104469914822843,0.104477157289404
2018-06-17 21:00:00,473.875,-14.4954935118738,0.236030983091209,0.236038218216819
2018-06-17 22:00:00,473.916666666668,-14.3337254116883,0.261396511761349,0.261403739542294
2018-06-17 23:00:00,473.958333333332,-14.1418682521336,0.291555622659603,0.291562843092171
2018-06-18,474,-13.1951984946197,0.441957293586678,0.441964506667164
2018-06-18 01:00:00,474.041666666668,-13.4420315497217,0.402233487554683,0.402240693279384
2018-06-18 02:00:00,474.083333333332,-13.6520538105751,0.368374041541057,0.368381239906274
2018-06-18 03:00:00,474.125,-14.1719554035316,0.285150970875337,0.285158161877377
2018-06-18 04:00:00,474.166666666668,-14.5685260234201,0.221574986954995,0.221582170590166
2018-06-18 05:00:00,474.208333333332,-14.9340966728625,0.162937695287604,0.16294487155222
2018-06-18 06:00:00,474.25,-14.8372583713755,0.177962854960133,0.177970023850512
2018-06-18 07:00:00,474.291666666668,-14.8907402539889,0.169042277104285,0.169049438616747
2018-06-18 08:00:00,474.333333333332,-14.3261447096475,0.258582250473072,0.258589404603944
2018-06-18 09:00:00,474.375,-14.1088200447124,0.292802100218637,0.292809246964247
2018-06-18 10:00:00,474.416666666668,-13.6086233881262,0.372084036213419,0.372091175570102
2018-06-18 11:00:00,474.458333333332,-12.5963265170686,0.532944278366957,0.532951410331048
2018-06-18 12:00:00,474.5,-12.5390074025974,0.541676257702439,0.541683382270281
2018-06-18 13:00:00,474.541666666668,-11.7691651077922,0.663914065292538,0.663921182460477
2018-06-18 14:00:00,474.583333333332,-11.8527329217391,0.650203409355027,0.65021051911941
2018-06-18 19:00:00,474.791666666668,-11.0893654903525,0.769822826348004,0.769829899039996
2018-06-18 20:30:00,474.854166666668,-11.0856029654917,0.769828372134109,0.769835433686679
2018-06-18 21:30:00,474.895833333332,-9.90294805085343,0.957830733116942,0.957837787238706
2018-06-18 22:30:00,474.9375,-11.8452170628942,0.648030857853736,0.648037904541077
2018-06-18 23:30:00,474.979166666668,-11.6688830953618,0.675726329801832,0.675733369051135
2018-06-19 00:30:00,475.020833333332,-12.2982788193309,0.575068864897281,0.575075896704941
2018-06-19 01:30:00,475.0625,-11.8828627174397,0.6408510494776,0.64085807384001
2018-06-19 02:30:00,475.104166666668,-11.8102203546296,0.652029511663867,0.652036528577427
2018-06-19 03:30:00,475.145833333332,-12.0534592494444,0.612888243171515,0.612895252632629
2018-06-19 04:30:00,475.1875,-11.9075592603704,0.635737456561208,0.635744458566283
2018-06-19 05:30:00,475.229166666668,-12.0080203555556,0.619341552972249,0.619348547517696
2018-06-19 06:30:00,475.270833333332,-11.8728036903704,0.640489665026198,0.640496652108434
2018-06-19 07:30:00,475.3125,-12.0345213369202,0.614336309226411,0.614343288841854
2018-06-19 08:30:00,475.354166666668,-13.0227314644444,0.456522490985057,0.456529463130131
2018-06-19 09:30:00,475.395833333332,-13.7844999968519,0.334781361263685,0.334788325934819
2018-06-19 10:30:00,475.4375,-13.801242595,0.331723776074772,0.331730733268396
2018-06-19 11:30:00,475.479166666668,-13.856203697963,0.322578336757874,0.322585286470424
2018-06-19 12:30:00,475.520833333332,-13.8503055644444,0.323128198503706,0.323135140731622
2018-06-19 13:30:00,475.5625,-14.4785055538889,0.222666157527359,0.222673092267085
2018-06-19 14:30:00,475.604166666668,-14.9953116910946,0.139949618415851,0.139956545663833
2018-06-19 15:30:00,475.645833333332,-15.2088888731481,0.105538050350429,0.105544970103122
2018-06-19 16:30:00,475.6875,-16.1346598327138,-0.0423261134167936,-0.0423192011629364
2018-06-19 20:30:00,475.854166666668,-15.5505862430427,0.0491682974002281,0.0491751796233848
2018-06-19 21:30:00,475.895833333332,-15.8798645363636,-0.00367224540034861,-0.00366537069368744
2018-06-19 22:30:00,475.9375,-15.938335796475,-0.013372651099253,-0.0133657839126059
2018-06-19 23:30:00,475.979166666668,-15.3549962703154,0.0791682434879099,0.0791751031510258
2018-06-20 00:30:00,476.020833333332,-15.4969202157699,0.0561745323496196,0.0561813844856929
2018-06-20 01:30:00,476.0625,-16.654441564193,-0.128604187057735,-0.128597342452211
2018-06-20 02:30:00,476.104166666668,-16.2162722353704,-0.0591878573001714,-0.059181020228702
2018-06-20 03:30:00,476.145833333332,-16.5921407568519,-0.119447954640954,-0.119441125107038
2018-06-20 04:30:00,476.1875,-17.1400722072222,-0.20711741513868,-0.207110593145813
2018-06-20 05:30:00,476.229166666668,-16.1818222498148,-0.0548507164716601,-0.0548439020233334
2018-06-20 06:30:00,476.270833333332,-17.1949148294444,-0.216619907933786,-0.216613101033487
2018-06-20 07:30:00,476.3125,-16.341718535,-0.081087563120287,-0.0810807637715003
2018-06-20 08:30:00,476.354166666668,-17.1160944001852,-0.204828241260138,-0.204821449466341
2018-06-20 09:30:00,476.395833333332,-16.3058351524074,-0.0761350281506272,-0.0761282439152964
2018-06-20 10:30:00,476.4375,-14.6601818159555,0.185637445817758,0.185644222491151
2018-06-20 11:30:00,476.479166666668,-14.0247055644444,0.286488374015788,0.286495143123779
2018-06-20 12:30:00,476.520833333332,-14.772868257885,0.166925015458579,0.166931776997702
2018-06-20 13:30:00,476.5625,-16.2320518361111,-0.065904092013263,-0.0658973380464664
2018-06-20 14:30:00,476.604166666668,-16.0177055325926,-0.032138307067291,-0.0321315606762747
2018-06-20 15:30:00,476.645833333332,-16.894705542963,-0.172224383287764,-0.17221764447598
2018-06-20 16:30:00,476.6875,-16.5586176822976,-0.119064308044766,-0.11905757681566
2018-06-20 17:30:00,476.729166666668,-15.5766703685185,0.0369820265326076,0.0369887501755933
2018-06-20 18:30:00,476.770833333332,-15.0161701730402,0.125891921101723,0.125898637155149
2018-06-20 22:00:00,476.916666666668,-14.4606481305556,0.213066375839345,0.213073065302292
2018-06-20 23:00:00,476.958333333332,-14.1825361710575,0.256993367002419,0.257000048860385
2018-06-21,477,-13.6471280298701,0.341908211947727,0.341914886197294
2018-06-21 01:00:00,477.041666666668,-13.9965807155844,0.285864483200084,0.28587114983784
2018-06-21 02:00:00,477.083333333332,-14.4088293237477,0.219817707689106,0.219824366711644
2018-06-21 03:00:00,477.125,-14.7771168910946,0.160774346145123,0.16078099754904
2018-06-21 04:00:00,477.166666666668,-14.8041224530612,0.156097840884595,0.156104484666489
2018-06-21 05:00:00,477.208333333332,-15.0349591734694,0.118951275558132,0.11895791171461
2018-06-21 06:00:00,477.25,-15.3523773239777,0.0680126158703485,0.0680192443980167
2018-06-21 07:00:00,477.291666666668,-15.2575314855556,0.0827482937454875,0.0827549146409591
2018-06-21 08:00:00,477.333333333332,-15.0939555424074,0.108433116127677,0.10843972938757
2018-06-21 09:00:00,477.375,-14.7629573237477,0.160788816540788,0.160795422161721
2018-06-21 10:00:00,477.416666666668,-14.6490870375926,0.178556272234559,0.178562870213158
2018-06-21 11:00:00,477.458333333332,-14.1883599222635,0.251578658965652,0.251585249298547
2018-06-21 12:00:00,477.5,-14.2189129611111,0.246340156533819,0.246346739217642
2018-06-21 13:00:00,477.541666666668,-15.7823907457407,-0.00309396268528916,-0.00308738765390071
2018-06-21 14:00:00,477.583333333332,-15.5681518709259,0.0306638431761759,0.0306704105517719
2018-06-21 15:00:00,477.625,-15.8163481325926,-0.00924420762289413,-0.00923764790644621
2018-06-21 16:00:00,477.666666666668,-17.3014963207407,-0.246199193018897,-0.246192640964947
2018-06-21 17:00:00,477.708333333332,-16.8652407544444,-0.177072795850923,-0.177066251462818
2018-06-21 18:00:00,477.75,-15.2274999988889,0.0834514421736773,0.0834579788925963
2018-06-21 19:30:00,477.8125,-16.1626840195167,-0.0660768579484676,-0.066070332739586
2018-06-21 23:30:00,477.979166666668,-18.0200186314711,-0.363421453832079,-0.363414959353244
2018-06-22 00:30:00,478.020833333332,-17.5339331842301,-0.286354179331549,-0.286347692543525
2018-06-22 01:30:00,478.0625,-18.2350481684601,-0.398408388926908,-0.398401909833004
2018-06-22 02:30:00,478.104166666668,-18.1866951540892,-0.39107141755292,-0.391064946156445
2018-06-22 03:30:00,478.145833333332,-17.9133476343866,-0.347892267295078,-0.347885803599335
2018-06-22 04:30:00,478.1875,-18.5741076283859,-0.453516717906794,-0.453510261915081
2018-06-22 05:30:00,478.229166666668,-18.343365496475,-0.41712384900766,-0.417117400723273
2018-06-22 06:30:00,478.270833333332,-18.5673351503704,-0.453166498568243,-0.453160057994472
2018-06-22 07:30:00,478.3125,-19.2816281426945,-0.567317612183145,-0.567311179323277
2018-06-22 08:30:00,478.354166666668,-19.162940625603,-0.548773941055075,-0.548767515912391
2018-06-22 09:30:00,478.395833333332,-18.9926635643123,-0.522011624148313,-0.522005206726092
2018-06-22 10:30:00,478.4375,-18.1254396992579,-0.384224788648008,-0.384218378949524
2018-06-22 11:30:00,478.479166666668,-17.9682740735185,-0.359550343193824,-0.359543941222346
2018-06-22 12:30:00,478.520833333332,-19.0019610907407,-0.524579179682579,-0.524572785441373
2018-06-22 13:30:00,478.5625,-18.7191222281481,-0.479884107447075,-0.479877720939404
2018-06-22 14:30:00,478.604166666668,-17.7256258838889,-0.321980395088056,-0.321974016317175
2018-06-22 15:30:00,478.645833333332,-17.9016459818391,-0.350381092089308,-0.350374721058473
2018-06-22 16:30:00,478.6875,-17.6192500181481,-0.305755387062065,-0.305749023774524
2018-06-22 17:30:00,478.729166666668,-16.7681888901852,-0.170540518987224,-0.170534163446222
2018-06-22 19:00:00,478.791666666668,-16.9870055817844,-0.205937098099839,-0.205930754184721
2018-06-22 20:00:00,478.833333333332,-15.0300446063197,0.105449396788056,0.105455732948542
2018-06-22 21:00:00,478.875,-14.6027156091078,0.17316482109501,0.173171149497631
2018-06-23 01:00:00,479.041666666668,-15.2291264171004,0.0719475406043439,0.0719538379432896
2018-06-23 02:00:00,479.083333333332,-15.7939442496283,-0.0183847480718736,-0.0183784585068808
2018-06-23 03:00:00,479.125,-15.1096845931354,0.0902622976068874,0.090268579394721
2018-06-23 04:00:00,479.166666666668,-14.9819347117537,0.110257336352061,0.110263610359535
2018-06-23 05:00:00,479.208333333332,-15.5419349351301,0.0206936900472694,0.0206999562711857
2018-06-23 06:00:00,479.25,-15.7229999998145,-0.00850491639144901,-0.00849865795428328
2018-06-23 07:00:00,479.291666666668,-16.0716233769944,-0.0643952832733018,-0.0643890326260755
2018-06-23 08:00:00,479.333333333332,-16.6657291261596,-0.159390768778793,-0.159384525924689
2018-06-23 09:00:00,479.375,-15.4771523914498,0.0295967381635944,0.0296029732213932
2018-06-23 10:00:00,479.416666666668,-14.7651595825603,0.142664484171137,0.142670711429455
2018-06-23 11:00:00,479.458333333332,-14.7428388905556,0.145867368312916,0.145873587768582
2018-06-23 12:00:00,479.5,-14.8829126533457,0.123201099139776,0.123207310789621
2018-06-23 13:00:00,479.541666666668,-15.6208999903704,0.00528716987832634,0.00529337371918714
2018-06-23 14:00:00,479.583333333332,-15.785756498513,-0.0213262090317222,-0.0213200130030043
2018-06-23 15:00:00,479.625,-13.6858085591078,0.312845778934041,0.31285196714746
2018-06-23 16:00:00,479.666666666668,-12.9511094725417,0.429533049123319,0.429539229518287
2018-06-23 17:00:00,479.708333333332,-13.5544129568519,0.333075953903186,0.333082126476556
2018-06-23 18:30:00,479.770833333332,-14.2121245533457,0.227777148936611,0.227783309771694
2018-06-23 19:30:00,479.8125,-14.5455092806691,0.174319306087776,0.174325459093414
2018-06-23 20:30:00,479.854166666668,-13.8773457178439,0.280409222490411,0.28041536766347
2018-06-23 21:30:00,479.895833333332,-13.6714096921788,0.312866363000973,0.312872500338325
2018-06-23 22:30:00,479.9375,-13.7275650637546,0.303572557906989,0.30357868740551
2018-06-24 02:00:00,480.083333333332,-14.1244636681564,0.239130739217112,0.239136841255185
2018-06-24 02:30:00,480.104166666668,-14.1199556808864,0.239675611364154,0.239681709476196
2018-06-24 03:00:00,480.125,-14.1685287235632,0.231764738048386,0.231770832233622
2018-06-24 03:30:00,480.145833333332,-14.1635232950685,0.232389054040307,0.232395144297961
2018-06-24 04:00:00,480.166666666668,-14.0990804775862,0.242481889157022,0.242487975486321
2018-06-24 04:30:00,480.1875,-14.0808356260274,0.245215455895097,0.245221538295265
2018-06-24 05:00:00,480.208333333332,-14.0929310304598,0.243115898800981,0.243121977271245
2018-06-24 05:30:00,480.229166666668,-14.1075863087671,0.240608652620113,0.240614727159701
2018-06-24 06:00:00,480.25,-14.0976954264368,0.242011728042828,0.242017798650966
2018-06-24 06:30:00,480.270833333332,-14.0812657454795,0.244456539454637,0.244462606130554
2018-06-24 07:00:00,480.291666666668,-14.0416206758621,0.25059967958718,0.250605742330104
2018-06-24 07:30:00,480.3125,-13.9641506868493,0.262768457148889,0.262774515958048
2018-06-24 08:00:00,480.333333333332,-14.0404885206897,0.25043563937849,0.250441694253115
2018-06-24 08:30:00,480.354166666668,-13.9917588868493,0.258026259367796,0.258032310307116
2018-06-24 09:00:00,480.375,-13.9868965408046,0.258628889868654,0.2586349368719
2018-06-24 09:30:00,480.395833333332,-13.9591694008197,0.262873999211165,0.262880042277568
2018-06-24 10:00:00,480.416666666668,-13.9956264517241,0.256894621927708,0.256900661056501
2018-06-24 10:30:00,480.4375,-13.8602568437158,0.278287455070068,0.278293490260481
2018-06-24 11:00:00,480.458333333332,-13.9279713218391,0.267328949058824,0.267334980310091
2018-06-24 11:30:00,480.479166666668,-13.7683989311475,0.292577504587288,0.292583531898641
2018-06-24 12:00:00,480.5,-14.0802758758621,0.242723945019581,0.242729968390255
2018-06-24 12:30:00,480.520833333332,-13.9355396972603,0.265609283256993,0.265615302686221
2018-06-24 13:00:00,480.541666666668,-14.0579712551724,0.245934711127765,0.245940726614784
2018-06-24 13:30:00,480.5625,-14.0503387677596,0.246979535367529,0.246985546911572
2018-06-24 14:00:00,480.583333333332,-13.9017126385057,0.270484848533629,0.270490856133933
2018-06-24 14:30:00,480.604166666668,-13.8006420915301,0.286414624506126,0.286420628161927
2018-06-24 15:00:00,480.625,-13.9251561,0.266408720659746,0.26641472037028
2018-06-24 15:30:00,480.645833333332,-13.9004684926027,0.270170841933258,0.270176837697765
2018-06-24 16:00:00,480.666666666668,-14.171201116092,0.226872410428382,0.226878402246097
2018-06-24 16:30:00,480.6875,-14.2374863275956,0.216142698888154,0.216148686758317
2018-06-24 17:30:00,480.729166666668,-15.7308148021164,-0.0220861507215512,-0.0220801707487752
2018-06-24 18:00:00,480.75,-14.9824441246418,0.0969597065505495,0.0969656825734921
2018-06-24 18:30:00,480.770833333332,-13.9198730201058,0.266058017606972,0.266063989679322
2018-06-24 19:00:00,480.791666666668,-13.282655183046,0.36739735043547,0.367403318556467
2018-06-24 19:30:00,480.8125,-14.1035344164021,0.236460879238161,0.236466843407048
2018-06-24 20:00:00,480.833333333332,-14.0253839575931,0.24874058174771,0.248746541963729
2018-06-24 20:30:00,480.854166666668,-20.2793809169312,-0.747695223175003,-0.747689266912609
2018-06-24 21:00:00,480.875,-20.4760429730659,-0.779193148040586,-0.779187195732574
2018-06-24 21:30:00,480.895833333332,-19.783760618617,-0.669081491697095,-0.669075543344221
2018-06-24 22:00:00,480.916666666668,-19.7035301143266,-0.656470031089457,-0.656464086692478
2018-06-24 22:30:00,480.9375,-19.2600744531915,-0.585996442035356,-0.585990501595026
2018-06-24 23:00:00,480.958333333332,-19.3367077415473,-0.598373292879524,-0.598367356396598
2018-06-24 23:30:00,480.979166666668,-18.9531851582011,-0.537446883089281,-0.537440950564514
2018-06-25,481,-18.9352950899306,-0.534765892775135,-0.534759964209279
2018-06-25 03:30:00,481.145833333332,-21.3872131535533,-0.926537722179113,-0.926531821346694
2018-06-25 04:00:00,481.166666666668,-21.4791654537931,-0.941353887197787,-0.941347990330291
2018-06-25 04:30:00,481.1875,-21.269814251145,-0.90817208723592,-0.908166194334094
2018-06-25 05:00:00,481.208333333332,-21.18395174,-0.894662022400224,-0.894656133464816
2018-06-25 05:30:00,481.229166666668,-20.1970916007634,-0.73762228984725,-0.737616404879009
2018-06-25 06:00:00,481.25,-20.1379931372414,-0.728375553505657,-0.728369672505329
2018-06-25 06:30:00,481.270833333332,-18.781781164631,-0.512497606491691,-0.512491729460024
2018-06-25 07:00:00,481.291666666668,-18.7298207475862,-0.504387762550759,-0.504381889488499
2018-06-25 07:30:00,481.3125,-18.0317919347716,-0.393358659690982,-0.393352790598874
2018-06-25 08:00:00,481.333333333332,-18.0460827793103,-0.395802485474258,-0.395796620353047
2018-06-25 08:30:00,481.354166666668,-17.7915241689567,-0.355418299142937,-0.355412437993368
2018-06-25 09:00:00,481.375,-17.7679172427586,-0.351824779289893,-0.35181892211271
2018-06-25 09:30:00,481.395833333332,-17.7215304492386,-0.344602308423703,-0.34459645521965
2018-06-25 10:00:00,481.416666666668,-17.7043151232877,-0.342026771296198,-0.342020922066017
2018-06-25 10:30:00,481.4375,-17.7420964670051,-0.348212141035341,-0.348206295779775
2018-06-25 11:00:00,481.458333333332,-17.7477076923077,-0.349272685987692,-0.349266844707483
2018-06-25 11:30:00,481.479166666668,-17.9201573494924,-0.376910610408174,-0.376904773104064
2018-06-25 12:00:00,481.5,-17.9781917513699,-0.386322000918781,-0.38631616759151
2018-06-25 12:30:00,481.520833333332,-18.5427099099237,-0.476416513809253,-0.476410684459561
2018-06-25 13:00:00,481.541666666668,-18.6089726664384,-0.48713848307597,-0.487132657704598
2018-06-25 13:30:00,481.5625,-19.5769187362944,-0.641499146471091,-0.641493325078778
2018-06-25 14:00:00,481.583333333332,-19.3618082691781,-0.607397956037654,-0.607392138625139
2018-06-25 14:30:00,481.604166666668,-19.8754670545685,-0.689390126232636,-0.689384312800656
2018-06-25 15:00:00,481.625,-19.4740548493151,-0.625610731592377,-0.625604922141671
2018-06-25 15:30:00,481.645833333332,-20.4929238756345,-0.788083049966179,-0.788077244497484
2018-06-25 16:00:00,481.666666666668,-20.3741370205479,-0.769325871301982,-0.769320069816034
2018-06-25 17:00:00,481.708333333332,-19.2672820705128,-0.593334084738058,-0.593328291219812
2018-06-25 17:30:00,481.729166666668,-19.4535970261194,-0.62317953597797,-0.623173746444678
2018-06-25 18:00:00,481.75,-18.9774455581683,-0.54749351030645,-0.547487724758846
2018-06-25 18:30:00,481.770833333332,-18.5739253119403,-0.483377587905402,-0.483371806344221
2018-06-25 19:00:00,481.791666666668,-18.6083169049505,-0.489021232157867,-0.489015454583842
2018-06-25 19:30:00,481.8125,-18.160402958209,-0.417833156970889,-0.417827383384753
2018-06-25 20:00:00,481.833333333332,-18.6266328007444,-0.492268738357481,-0.492262968759966
2018-06-25 20:30:00,481.854166666668,-18.5479403104478,-0.479897700378001,-0.47989193476984
2018-06-25 21:00:00,481.875,-19.3670668405941,-0.610549771588691,-0.610544009970614
2018-06-25 21:30:00,481.895833333332,-19.2714925455224,-0.595489245305722,-0.59548348767846
2018-06-25 22:00:00,481.916666666668,-19.1981955784653,-0.583977410894104,-0.583971657258388
2018-06-25 22:30:00,481.9375,-18.8037164007463,-0.521300918381131,-0.52129516873769
2018-06-25 23:00:00,481.958333333332,-18.7312451225248,-0.509920411925729,-0.509914666275292
2018-06-25 23:30:00,481.979166666668,-18.2289701813433,-0.430071772353609,-0.430066030696906
2018-06-26,482,-18.7648213322581,-0.515597258624811,-0.515591520962568
2018-06-26 00:30:00,482.020833333332,-18.6348059925373,-0.495049634595091,-0.495043900928038
2018-06-26 01:00:00,482.041666666668,-18.5124157957921,-0.475716598763143,-0.475710869092005
2018-06-26 01:30:00,482.0625,-18.2262238746269,-0.430289728628047,-0.430284002953552
2018-06-26 05:00:00,482.208333333332,-18.6478255693878,-0.498594258732113,-0.498588561054411
2018-06-26 06:00:00,482.25,-18.8030557622677,-0.523648209215322,-0.523642519543213
2018-06-26 07:00:00,482.291666666668,-18.6094888784387,-0.49313812509415,-0.493132443430518
2018-06-26 08:00:00,482.333333333332,-18.6996728626394,-0.507829345825235,-0.507823672172961
2018-06-26 09:00:00,482.375,-18.9135037039033,-0.542217187882847,-0.542211522244807
2018-06-26 10:00:00,482.416666666668,-18.6793643193309,-0.505242641310154,-0.505236983689219
2018-06-26 11:00:00,482.458333333332,-18.2588277751852,-0.43857448232005,-0.43856883271909
2018-06-26 12:00:00,482.5,-18.4112931443414,-0.463185525731637,-0.463179884153514
2018-06-26 13:00:00,482.541666666668,-18.1794685644444,-0.426578493613497,-0.426572860061068
2018-06-26 14:00:00,482.583333333332,-18.7824673891993,-0.522959014238751,-0.522953388714874
2018-06-26 15:00:00,482.625,-21.1132184940741,-0.894571295402206,-0.894565677909731
2018-06-26 16:30:00,482.6875,-20.9470501434944,-0.86858273173698,-0.868577126296943
2018-06-26 17:30:00,482.729166666668,-19.2697783811918,-0.601713074360117,-0.601707476958589
2018-06-26 18:30:00,482.770833333332,-18.3330074193309,-0.45280531072987,-0.452799721369686
2018-06-26 19:30:00,482.8125,-18.377251443203,-0.460173522273284,-0.460167940957276
2018-06-26 20:30:00,482.854166666668,-16.9352119076208,-0.23077528741601,-0.230769714147006
2018-06-26 21:30:00,482.895833333332,-15.5273947735568,-0.0068282921493189,-0.00682272693014063
2018-06-26 22:30:00,482.9375,-15.4273420139405,0.00879131731397687,0.00879687448051147
2018-06-26 23:30:00,482.979166666668,-15.1829331013011,0.0474073788666559,0.0474129279777321
2018-06-27 00:30:00,483.020833333332,-15.1555381815642,0.0514533701864941,0.0514589112393018
2018-06-27 01:30:00,483.0625,-15.2806380783582,0.0312072423386628,0.0312127753303972
2018-06-27 02:30:00,483.104166666668,-15.6291821486989,-0.0246332877878851,-0.0246277628600259
2018-06-27 06:30:00,483.270833333332,-15.6938534198516,-0.0362001644056157,-0.0361946717611834
2018-06-27 07:30:00,483.3125,-15.3516845948052,0.0179924369459818,0.0179979215125978
2018-06-27 08:30:00,483.354166666668,-15.078211898513,0.0612421111116422,0.0612475875976656
2018-06-27 09:30:00,483.395833333332,-14.7478627139147,0.113552665886171,0.113558134288831
2018-06-27 10:30:00,483.4375,-14.6410092615955,0.130260606333973,0.130266066650503
2018-06-27 11:30:00,483.479166666668,-14.2610650488848,0.19047251576523,0.190477967992867
2018-06-27 12:30:00,483.520833333332,-14.499432306679,0.152187381951871,0.152192826087855
2018-06-27 13:30:00,483.5625,-14.666855296846,0.125204136689393,0.125209572730973
2018-06-27 14:30:00,483.604166666668,-14.7661245546468,0.109078245876866,0.109083673821292
2018-06-27 16:00:00,483.666666666668,-15.2571598511152,0.0303884122794024,0.0303938280729497
2018-06-27 17:00:00,483.708333333332,-15.0568364327138,0.0619888900296064,0.0619942977191427
2018-06-27 18:00:00,483.75,-14.2923754513011,0.183457301446908,0.1834627010297
2018-06-27 19:00:00,483.791666666668,-14.19576723054,0.198536707735705,0.198542099209022
2018-06-27 20:00:00,483.833333333332,-13.8707137498141,0.250008024244902,0.250013407606019
2018-06-27 21:00:00,483.875,-13.7826666893855,0.263724465850079,0.263729841096274
2018-06-27 22:00:00,483.916666666668,-13.7828754624535,0.26338210748628,0.263387474614835
2018-06-27 23:00:00,483.958333333332,-13.9319720968401,0.23932222395155,0.239327582959752
2018-06-28,484,-12.5635158188082,0.457010021519467,0.457015372404607
2018-06-28 01:00:00,484.041666666668,-12.7519646968401,0.426682132993301,0.426687475752677
2018-06-28 02:00:00,484.083333333332,-12.8148085418216,0.41636363399926,0.41636896863017
2018-06-28 03:00:00,484.125,-15.5296840301115,-0.0164249827824041,-0.0164196562826563
2018-06-28 04:00:00,484.166666666668,-14.6586307886827,0.122027827952144,0.12203314631804
2018-06-28 08:00:00,484.333333333332,-13.3488104226766,0.329460962281649,0.329466248085307
2018-06-28 09:00:00,484.375,-13.1607211960967,0.359119211365748,0.359124489022161
2018-06-28 10:00:00,484.416666666668,-13.8669981458256,0.246304708701821,0.246309978208324
2018-06-28 11:00:00,484.458333333332,-16.5822022168831,-0.186532900574841,-0.186527639220908
2018-06-28 12:00:00,484.5,-18.0583989042672,-0.421995328647859,-0.421990075449154
2018-06-28 13:00:00,484.541666666668,-20.1823858768089,-0.760650792335357,-0.760645547294533
2018-06-28 14:00:00,484.583333333332,-19.4746623506493,-0.648212330119294,-0.648207093238997
2018-06-28 15:30:00,484.645833333332,-18.5983296430168,-0.509064717805059,-0.509059493170511
2018-06-28 16:30:00,484.6875,-17.4410873475836,-0.325016544021194,-0.325011327553775
2018-06-28 17:30:00,484.729166666668,-15.6229962875465,-0.0356942693583809,-0.035689061060724
2018-06-28 18:30:00,484.770833333332,-15.8603612379888,-0.0738071854379013,-0.0738019853126345
2018-06-28 19:30:00,484.8125,-15.6277825312268,-0.0370573203620788,-0.0370521284118273
2018-06-28 20:30:00,484.854166666668,-16.0318308421933,-0.101722173262864,-0.101716989490247
2018-06-28 21:30:00,484.895833333332,-15.8065966555762,-0.066141453562884,-0.066136277970517
2018-06-28 22:30:00,484.9375,-18.3930334561338,-0.47846151017847,-0.478456342768965
2018-06-28 23:30:00,484.979166666668,-18.6259274708178,-0.515860097784521,-0.515854938560484
2018-06-29 00:30:00,485.020833333332,-18.2601601478585,-0.457891084990994,-0.457885933955027
2018-06-29 01:30:00,485.0625,-18.2328156627561,-0.453832650454248,-0.45382750760895
2018-06-29 02:30:00,485.104166666668,-18.1059647191095,-0.433922344155361,-0.433917209503326
2018-06-29 03:30:00,485.145833333332,-18.026756980705,-0.421601212538101,-0.421596086081917
2018-06-29 04:30:00,485.1875,-17.9642578695733,-0.411941355073677,-0.41193623681593
2018-06-29 05:30:00,485.229166666668,-18.0545599813333,-0.426622419345705,-0.426617309288976
2018-06-29 09:30:00,485.395833333332,-18.1449703053803,-0.442204116256822,-0.442199039029883
2018-06-29 10:30:00,485.4375,-17.9631933317844,-0.413540674210691,-0.413535605197608
2018-06-29 11:30:00,485.479166666668,-17.6523914864564,-0.36432305472426,-0.364317993927588
2018-06-29 12:30:00,485.520833333332,-17.0669907630798,-0.271361214411938,-0.271356161834226
2018-06-29 13:30:00,485.5625,-16.7132471857678,-0.215302099541633,-0.215297055185427
2018-06-29 15:00:00,485.625,-16.5470633121043,-0.189266830051171,-0.189261798031989
2018-06-29 16:00:00,485.666666666668,-16.1699219169145,-0.129479366739198,-0.129474342947868
2018-06-29 17:00:00,485.708333333332,-16.2601431524164,-0.144142680484494,-0.144137664923546
2018-06-29 18:00:00,485.75,-15.7571115074349,-0.0642999622788469,-0.0642949549508074
2018-06-29 19:00:00,485.791666666668,-15.1133866197026,0.0379557143312412,0.03796071342385
2018-06-29 20:00:00,485.833333333332,-15.1014152623836,0.0395730265295329,0.0395780173841935
2018-06-29 21:00:00,485.875,-14.4033364332714,0.15048817387568,0.150493156489881
2018-06-29 22:00:00,485.916666666668,-14.5809068953445,0.12191218812495,0.12191716249618
2018-06-29 23:00:00,485.958333333332,-14.3898624557621,0.152057244511491,0.152062210637247
2018-06-30,486,-14.4402713786245,0.143739032749665,0.143743990627447
2018-06-30 01:00:00,486.041666666668,-13.7898085516729,0.247070616767093,0.247075566394406
2018-06-30 02:00:00,486.083333333332,-14.3966078250929,0.150119875070136,0.150124816444488
2018-06-30 03:00:00,486.125,-14.3556475018553,0.15635812549465,0.156363058613554
2018-06-30 04:00:00,486.166666666668,-14.4216784442379,0.145553016472558,0.145557941333533
2018-06-30 05:00:00,486.208333333332,-14.4384823899814,0.142590228964065,0.142595145564631
2018-06-30 06:00:00,486.25,-14.4183680247212,0.145508980698028,0.145513889035712
2018-06-30 07:00:00,486.291666666668,-14.6400445306122,0.109910699934532,0.109915600006865
2018-06-30 11:00:00,486.458333333332,-14.1150797640074,0.192402006107637,0.19240687309396
2018-06-30 12:00:00,486.5,-14.3206215317254,0.159376133171006,0.159380991879697
2018-06-30 13:00:00,486.541666666668,-14.3809516877323,0.1494830006871,0.149487851115715
2018-06-30 14:30:00,486.604166666668,-14.711645635436,0.0963802760448093,0.0963851140487413
2018-06-30 15:30:00,486.645833333332,-14.5803376686456,0.117016301445438,0.117021131163207
2018-06-30 16:30:00,486.6875,-15.0409387786642,0.0433612153678976,0.0433660367970755
2018-06-30 17:30:00,486.729166666668,-14.6576660623377,0.104136260456833,0.104141073594997
2018-06-30 18:30:00,486.770833333332,-14.7146238497207,0.0947826994416514,0.0947875042863822
2018-06-30 19:30:00,486.8125,-14.3935806907236,0.145645387183445,0.145650183732329
2018-06-30 20:30:00,486.854166666668,-14.0568923805195,0.199000786710647,0.199005574961272
2018-06-30 21:30:00,486.895833333332,-13.7458868343228,0.248265331739361,0.248270111689324
2018-06-30 22:30:00,486.9375,-13.86335992282,0.229273352369249,0.229278124016146
2018-06-30 23:30:00,486.979166666668,-13.623175932037,0.267256829761391,0.267261593102826
2018-07-01 00:30:00,487.020833333332,-13.3213481427778,0.315060636891515,0.315065391925097
2018-07-01 01:30:00,487.0625,-13.533125937037,0.281047136269843,0.281051882993183
2018-07-01 02:30:00,487.104166666668,-13.8018536955556,0.237961894518153,0.237966632928867
2018-07-01 03:30:00,487.145833333332,-13.741437867718,0.247309890298587,0.247314620394296
2018-07-01 04:30:00,487.1875,-13.748846292963,0.245853863252029,0.245858585030358
2018-07-01 05:30:00,487.229166666668,-13.9665454617811,0.210898799776474,0.210903513235052
2018-07-01 06:30:00,487.270833333332,-13.9517296146296,0.212983973942732,0.212988679079195
2018-07-01 07:30:00,487.3125,-13.9090444209259,0.219509184511226,0.21951388132321
2018-07-01 08:30:00,487.354166666668,-13.8219999884758,0.233101283233146,0.233105971718295
2018-07-01 12:30:00,487.520833333332,-12.8877211949814,0.380840296424393,0.380844951578716
2018-07-01 14:00:00,487.583333333332,-12.6199236471136,0.423092812333753,0.423097454979369
2018-07-01 15:00:00,487.625,-12.7404107697026,0.403627782638521,0.403632416942087
2018-07-01 16:00:00,487.666666666668,-12.5035408973978,0.441090408371664,0.441095034330856
2018-07-01 17:00:00,487.708333333332,-12.7599795216015,0.399969068995674,0.399973686608172
2018-07-01 18:00:00,487.75,-12.5566852638734,0.432083937289793,0.432088546553282
2018-07-01 19:00:00,487.791666666668,-12.5213252747212,0.437447187777938,0.437451788690106
2018-07-01 20:00:00,487.833333333332,-12.5903828933086,0.426177070059356,0.426181662617897
2018-07-01 21:00:00,487.875,-12.2614554087361,0.478306695141444,0.478311279344056
2018-07-01 22:00:00,487.916666666668,-12.3102949703154,0.470258191414615,0.470262767259001
2018-07-01 23:00:00,487.958333333332,-11.899257858256,0.535468802169577,0.535473369653443
2018-07-02,488,-11.639577,0.576568685407519,0.576573244528576
2018-07-02 01:00:00,488.041666666668,-12.0789944233766,0.50630214480919,0.506306695565155
2018-07-02 02:00:00,488.083333333332,-12.5370760682746,0.433062812533766,0.433067354922357
2018-07-02 03:00:00,488.125,-12.5614545428571,0.428913137504785,0.428917671523728
2018-07-02 04:00:00,488.166666666668,-12.7393228265306,0.400312858623935,0.400317384270958
2018-07-02 05:00:00,488.208333333332,-12.971399629368,0.363077556460479,0.363082073733317
2018-07-02 06:00:00,488.25,-13.0915027760668,0.343680170431888,0.343684679328276
2018-07-02 07:00:00,488.291666666668,-13.1128070330241,0.340021950972054,0.340026451489737
2018-07-02 08:00:00,488.333333333332,-13.2947169372439,0.310779570098149,0.310784062234872
2018-07-02 09:00:00,488.375,-13.2307959018553,0.320698666678581,0.320703150432095
2018-07-02 10:00:00,488.416666666668,-13.1605510168831,0.331625590252823,0.331630065620883
2018-07-02 13:30:00,488.5625,-13.0149449513761,0.353903175420412,0.353907621421774
2018-07-02 14:00:00,488.583333333332,-12.9155558427907,0.369605284418506,0.369609726222396
2018-07-20 12:30:00,506.520833333332,-14.4243656666045,0.0584732205579098,0.0584739021816429
2018-07-20 14:00:00,506.583333333332,-15.1934860907236,-0.0641452177285731,-0.0641445495035546
2018-07-20 15:00:00,506.625,-15.600073023221,-0.128978888901205,-0.128978229608979
2018-07-20 16:00:00,506.666666666668,-15.7613209020522,-0.154729403229084,-0.154728752869898
2018-07-20 17:00:00,506.708333333332,-15.5946679003711,-0.128244602663315,-0.128243961237411
2018-07-20 18:00:00,506.75,-14.922147124581,-0.0211742338442563,-0.0211736013518726
2018-07-20 19:00:00,506.791666666668,-14.4361542799257,0.0561825726204009,0.056183196179031
2018-07-20 20:00:00,506.833333333332,-14.1203761707635,0.106424520485881,0.106425135110528
2018-07-20 21:00:00,506.875,-13.9122142866541,0.139523597230623,0.139524202921064
2018-07-20 22:00:00,506.916666666668,-13.2899082286517,0.238596607294501,0.238597204050515
2018-07-20 23:00:00,506.958333333332,-13.5982926990619,0.18941042159598,0.189411009417353
2018-07-21,507,-13.2582666644444,0.243516963238034,0.243517542124554
2018-07-21 01:00:00,507.041666666668,-13.573668517037,0.193213844628912,0.193214414580375
2018-07-21 02:00:00,507.083333333332,-14.037959267037,0.119193088853622,0.119193649869827
2018-07-21 03:00:00,507.125,-13.9131041040892,0.139024168640689,0.139024720721438
2018-07-21 04:00:00,507.166666666668,-14.4168592548148,0.0587176468957373,0.0587181900408393
2018-07-21 05:00:00,507.208333333332,-14.7798685301852,0.000832514352140157,0.000833048561407645
2018-07-21 06:00:00,507.25,-14.8055677352505,-0.00331841223792861,-0.00331788696467861
2018-07-21 07:00:00,507.291666666668,-14.7476351772222,0.00585373153433844,0.0058542478713931
2018-07-21 08:00:00,507.333333333332,-14.5777296403704,0.0328637216166915,0.0328642290173774
2018-07-21 09:00:00,507.375,-14.4611536912963,0.0513787410510526,0.0513792395152006
2018-07-21 10:00:00,507.416666666668,-13.9707314737037,0.129448209039041,0.129448698566486
2018-07-21 11:00:00,507.458333333332,-13.8069202183673,0.155488788191165,0.155489268781749
2018-07-21 12:00:00,507.5,-14.1529870324074,0.10030589740625,0.100306369059817
2018-07-21 13:30:00,507.5625,-14.3961577133581,0.0614882171112595,0.0614886753590209
2018-07-21 14:30:00,507.604166666668,-16.0197105476809,-0.197197932291432,-0.197197482981054
2018-07-21 15:30:00,507.645833333332,-17.3696338262082,-0.412294226940878,-0.412293786568024
2018-07-21 16:30:00,507.6875,-17.9255268695733,-0.500900466702308,-0.500900035267111
2018-07-21 17:30:00,507.729166666668,-17.4516635154135,-0.425465305431825,-0.425464882934416
2018-07-21 18:30:00,507.770833333332,-17.0583580730983,-0.362862606029793,-0.362862192470296
2018-07-21 19:30:00,507.8125,-16.4980631027829,-0.273657884402282,-0.273657479780819
2018-07-21 20:30:00,507.854166666668,-15.6508925766667,-0.138753210622651,-0.138752814939336
2018-07-21 21:30:00,507.895833333332,-15.4915389062963,-0.11341778235172,-0.113417395606665
2018-07-21 22:30:00,507.9375,-16.0236611161111,-0.19823448477199,-0.198234106965302
2018-07-21 23:30:00,507.979166666668,-15.811655562037,-0.16451063145718,-0.16451026258896
2018-07-22 00:30:00,508.020833333332,-15.5805259027778,-0.127739823310326,-0.127739463380673
2018-07-22 01:30:00,508.0625,-15.7251426053704,-0.150825207884941,-0.150824856893947
2018-07-22 02:30:00,508.104166666668,-15.7985565922078,-0.162567477698393,-0.162567135646147
2018-07-22 03:30:00,508.145833333332,-15.7297592612963,-0.151654911685179,-0.151654578571764
2018-07-22 04:30:00,508.1875,-15.6340592742593,-0.136456262018861,-0.136455937844356
2018-07-22 05:30:00,508.229166666668,-15.4863259237037,-0.112968189029202,-0.112967873793682
2018-07-22 06:30:00,508.270833333332,-15.4879536153989,-0.113272965450625,-0.113272659154159
2018-07-22 07:30:00,508.3125,-15.4031666637037,-0.0998113560489737,-0.099811058691627
2018-07-22 08:30:00,508.354166666668,-15.1371407509259,-0.0574777792301772,-0.0574774908120106
2018-07-22 09:30:00,508.395833333332,-14.8104129653704,-0.0054738792756559,-0.00547359979672546
2018-07-22 10:30:00,508.4375,-14.342077767963,0.0690886540277877,0.0690889245674304
2018-07-22 11:30:00,508.479166666668,-13.9304619554731,0.134616220250373,0.134616481850681
2018-07-22 13:00:00,508.541666666668,-13.30922077718,0.233516577672312,0.233516825863541
2018-07-22 14:00:00,508.583333333332,-12.8481208109665,0.306928183713423,0.306928422965221
2018-07-22 15:00:00,508.625,-12.8237439653061,0.310769956107899,0.310770186420235
2018-07-22 16:00:00,508.666666666668,-13.9407755118738,0.132785027522415,0.132785248895262
2018-07-22 17:00:00,508.708333333332,-14.0015055814126,0.123070150661139,0.123070363094477
2018-07-22 18:00:00,508.75,-14.0246901716141,0.119336767097003,0.119336970590815
2018-07-22 19:00:00,508.791666666668,-13.4671075977737,0.208120479416889,0.208120673971162
2018-07-22 20:00:00,508.833333333332,-13.9204240535185,0.135867725572059,0.135867911186785
2018-07-22 21:00:00,508.875,-13.6034111190741,0.186329465740358,0.186329642415536
2018-07-22 22:00:00,508.916666666668,-13.5392129496296,0.196518104868581,0.19651827260421
2018-07-22 23:00:00,508.958333333332,-13.8732351890741,0.143270419996104,0.143270578792191
2018-07-23,509,-13.8044629625926,0.15418865311536,0.154188802971917
2018-07-23 01:00:00,509.041666666668,-13.5544870390741,0.193973236409933,0.193973377326974
2018-07-23 02:00:00,509.083333333332,-13.1468777590741,0.258869397804523,0.258869529782068
2018-07-23 03:00:00,509.125,-12.5142356380334,0.359613923372507,0.359614046410581
2018-07-23 04:00:00,509.166666666668,-12.2462648203704,0.402266521516563,0.402266635615194
2018-07-23 05:00:00,509.208333333332,-11.7847174628253,0.475756472616873,0.475756577776096
2018-07-23 06:00:00,509.25,-12.6515240759259,0.337639158773968,0.337639254993821
2018-07-23 07:00:00,509.291666666668,-12.56011294,0.352167088961542,0.352167176242069
2018-07-23 08:00:00,509.333333333332,-11.9719833225926,0.445823100084021,0.445823178425268
2018-07-23 09:00:00,509.375,-11.636505623221,0.499231952006138,0.499232021408158
2018-07-23 10:00:00,509.416666666668,-11.4527518503704,0.528471545917497,0.528471606380346
2018-07-23 11:00:00,509.458333333332,-11.307290747963,0.551611561987334,0.551611613511073
2018-07-23 12:30:00,509.520833333332,-11.1866437923933,0.570783530881731,0.570783568996932
2018-07-23 13:30:00,509.5625,-10.943012980705,0.609563231675848,0.609563260852113
2018-07-23 14:30:00,509.604166666668,-10.7025213382189,0.647843332553685,0.647843352791092
2018-07-23 15:30:00,509.645833333332,-10.5000000019888,0.680075208507394,0.680075219806025
2018-07-23 16:30:00,509.6875,-10.2317379186989,0.722780104458708,0.722780106818649
2018-07-23 17:30:00,509.729166666668,-10.0942059444712,0.744660072641999,0.744660066063341
2018-07-23 18:30:00,509.770833333332,-9.98044628853704,0.762753565574922,0.762753550057762
2018-07-23 19:30:00,509.8125,-9.96626901816327,0.764983985381668,0.764983960926106
2018-07-23 20:30:00,509.854166666668,-9.95984074262963,0.765980456843616,0.765980423449756
2018-07-23 21:30:00,509.895833333332,-9.60074630324074,0.823157372312173,0.823157329980126
2018-07-23 22:30:00,509.9375,-9.45577219868519,0.846225237527525,0.846225186257405
2018-07-23 23:30:00,509.979166666668,-9.5625666652963,0.829186661551526,0.829186601343451
2018-07-24 00:30:00,510.020833333332,-9.7280148464193,0.802804979064935,0.802804909919029
2018-07-24 01:30:00,510.0625,-9.88250092689013,0.77817003918486,0.77816996110125
2018-07-24 02:30:00,510.104166666668,-10.0115259244259,0.757591540163034,0.757591453141854
2018-07-24 03:30:00,510.145833333332,-10.0258126377551,0.755291403973272,0.755291308014658
2018-07-24 04:30:00,510.1875,-10.0480055583889,0.751732275487011,0.751732170591105
2018-07-24 05:30:00,510.229166666668,-10.1311777621296,0.738459575814463,0.738459461981412
2018-07-24 06:30:00,510.270833333332,-10.1813005607792,0.730452142191579,0.730452019421534
2018-07-24 07:30:00,510.3125,-10.2422115019109,0.720726621974798,0.720726490267915
2018-07-24 08:30:00,510.354166666668,-10.2243407719926,0.723551550478942,0.72355140983538
2018-07-24 09:30:00,510.395833333332,-10.4495936842857,0.687647181275197,0.687647031695121
2018-07-24 10:30:00,510.4375,-10.3798719948794,0.698732949161153,0.698732790644732
2018-07-24 12:00:00,510.5,-10.0533587574907,0.750716206102514,0.750716034181904
2018-07-24 13:00:00,510.541666666668,-9.90372949690298,0.774532487843329,0.774532306986818
2018-07-24 14:00:00,510.583333333332,-9.69440970067039,0.807857986850999,0.807857797058773
2018-07-24 15:00:00,510.625,-9.65836920435992,0.81358044184648,0.813580243118728
2018-07-24 16:00:00,510.666666666668,-9.14596845499072,0.895187897869686,0.895187690206603
2018-07-24 17:00:00,510.708333333332,-9.18952417739777,0.888231562957585,0.888231346359369
2018-07-24 18:00:00,510.75,-9.12127104581309,0.899086930707491,0.899086705174348
2018-07-24 19:00:00,510.791666666668,-9.67620185227778,0.810669124121292,0.810668889653429
2018-07-24 20:00:00,510.833333333332,-9.14410739831481,0.895415690661589,0.895415447259219
2018-07-24 21:00:00,510.875,-9.16079316332068,0.89274164850224,0.89274139616558
2018-07-24 22:00:00,510.916666666668,-9.56587199070501,0.828196786310922,0.828196525040195
2018-07-24 23:00:00,510.958333333332,-9.46638588408163,0.844029951038676,0.844029680834109
2018-07-25,511,-9.54847408233333,0.830938671615643,0.830938392477467
2018-07-25 01:00:00,511.041666666668,-9.74110947079777,0.800237618171854,0.800237330100305
2018-07-25 02:00:00,511.083333333332,-9.92115954894249,0.771541886041358,0.771541589036675
2018-07-25 03:00:00,511.125,-10.0341518405,0.75352897962725,0.75352867368968
2018-07-25 04:00:00,511.166666666668,-10.1602518505926,0.733428476683036,0.733428161812827
2018-07-25 05:00:00,511.208333333332,-10.2175333303889,0.724291287199562,0.72429096339697
2018-07-25 06:00:00,511.25,-10.2923444654815,0.71236208351271,0.712361750777992
2018-07-25 07:00:00,511.291666666668,-10.2816500040185,0.714054454878762,0.714054113212183
2018-07-25 08:00:00,511.333333333332,-10.3193648186296,0.708035666396368,0.708035315798195
2018-07-25 09:00:00,511.375,-10.3189672976923,0.708088672631928,0.708088313102434
2018-07-25 10:00:00,511.416666666668,-10.3398444453889,0.704753081385812,0.704752712925273
2018-07-25 11:30:00,511.479166666668,-10.1457796316111,0.735653860679551,0.735653478822976
2018-07-25 12:30:00,511.520833333332,-9.96722591016667,0.764088930512013,0.764088539725107
2018-07-25 13:30:00,511.5625,-9.84935925198148,0.782856980251005,0.782856580534061
2018-07-25 14:30:00,511.604166666668,-9.70993145551852,0.805060207181151,0.805059798534467
2018-07-25 15:30:00,511.645833333332,-9.81276665285185,0.78867123853504,0.788670820958919
2018-07-25 16:30:00,511.6875,-9.4754296357037,0.842402490671631,0.842402064166379
2018-07-25 17:30:00,511.729166666668,-10.2097351964815,0.725420786802448,0.725420351368375
2018-07-25 18:30:00,511.770833333332,-12.2430240712963,0.401510585207744,0.401510140845168
2018-07-25 19:30:00,511.8125,-11.3963821871985,0.536375884014779,0.53637543072402
2018-07-25 20:30:00,511.854166666668,-11.1283444348148,0.579069603637891,0.579069141419276
2018-07-25 21:30:00,511.895833333332,-11.2842036959259,0.554236698567531,0.554236227421388
2018-07-25 22:30:00,511.9375,-11.3520111168519,0.543430987042116,0.54343050696878
2018-07-25 23:30:00,511.979166666668,-12.286259255,0.394601122576578,0.394600633576388
2018-07-26 00:30:00,512.020833333332,-12.6813518696296,0.331659590779036,0.331659092852335
2018-07-26 01:30:00,512.0625,-12.860332087013,0.303145390785254,0.303144883932391
2018-07-26 02:30:00,512.104166666668,-12.9711872850187,0.285484027548476,0.285483511769803
2018-07-26 03:30:00,512.145833333332,-13.1640544178236,0.254758576979659,0.254758052275533
2018-07-26 04:30:00,512.1875,-14.3086940169776,0.0724155648621366,0.0724150312329206
2018-07-26 05:30:00,512.229166666668,-14.1782182798507,0.0931998095168517,0.0931992669629115
2018-07-26 06:30:00,512.270833333332,-14.0322313522388,0.116455470390226,0.116454918911933
2018-07-26 07:30:00,512.3125,-14.1273314653558,0.101306265881715,0.101305705479444
2018-07-26 08:30:00,512.354166666668,-14.0549682170093,0.112834567015551,0.112833997689683
2018-07-26 09:30:00,512.395833333332,-13.9247140454206,0.133585406080867,0.133584827831786
2018-07-26 11:00:00,512.458333333332,-14.0513558374532,0.113414048701506,0.113413457068338
2018-07-26 12:00:00,512.5,-14.3975578186567,0.0582662633658292,0.0582656628104307
2018-07-26 13:00:00,512.541666666668,-14.7156329786517,0.00759957323455718,0.00759896375732882
2018-07-26 14:00:00,512.583333333332,-15.2714232179775,-0.0809348264236052,-0.0809354448222581
2018-07-26 15:00:00,512.625,-14.8212303524345,-0.009214926105375,-0.00921555342504277
2018-07-26 16:00:00,512.666666666668,-14.7148033580524,0.00774329775851967,0.00774266151825187
2018-07-26 17:00:00,512.708333333332,-15.6418895166667,-0.139937389732427,-0.139938034892875
2018-07-26 18:00:00,512.75,-15.5734832119403,-0.129034943945803,-0.12903559802601
2018-07-26 19:00:00,512.791666666668,-16.5973612612663,-0.292133703846028,-0.292134366845564
2018-07-26 20:00:00,512.833333333332,-16.2658361063315,-0.239315292249118,-0.23931596416755
2018-07-26 21:00:00,512.875,-15.6377327185047,-0.139251283746657,-0.139251964583549
2018-07-26 22:00:00,512.916666666668,-15.6675671610075,-0.143996769322196,-0.143997459077105
2018-07-26 23:00:00,512.958333333332,-15.6360167839552,-0.13896313681596,-0.13896383548844
2018-07-27,513,-15.5318071355805,-0.12235435800847,-0.12235506559807
2018-07-27 01:00:00,513.041666666668,-15.648461231758,-0.140928859087863,-0.140929575594128
2018-07-27 02:00:00,513.083333333332,-15.889484135514,-0.17931492764216,-0.179315653064629
2018-07-27 03:00:00,513.125,-15.8761273573034,-0.177177658633135,-0.177178392971343
2018-07-27 04:00:00,513.166666666668,-15.5291891546816,-0.121900157895708,-0.121900901149186
2018-07-27 05:00:00,513.208333333332,-15.3896591805243,-0.0996624637359635,-0.0996632159042382
2018-07-27 06:00:00,513.25,-15.3494446529081,-0.0932453187544376,-0.0932460798370303
2018-07-27 07:00:00,513.291666666668,-15.3170617895131,-0.0880752910577445,-0.0880760610541721
2018-07-27 08:00:00,513.333333333332,-15.1447043451977,-0.0606067401765189,-0.0606075190862938
2018-07-27 12:30:00,513.520833333332,-14.5299558911765,0.0373824645878674,0.037381645574185
2018-07-28 13:00:00,514.541666666668,-14.2615929546468,0.0806237196840364,0.0806226825197655
2018-07-28 14:30:00,514.604166666668,-14.0975018688433,0.106802807060684,0.106801756551746
2018-07-28 15:30:00,514.645833333332,-13.9370280435514,0.132393165675282,0.132392106270688
2018-07-28 16:30:00,514.6875,-14.1859291026119,0.0927702847625952,0.0927692164629801
2018-07-28 17:30:00,514.729166666668,-14.5560055727612,0.0338445463504393,0.0338434691564435
2018-07-28 18:30:00,514.770833333332,-13.7904421520522,0.155827526160455,0.155826440072723
2018-07-28 19:30:00,514.8125,-13.120762604486,0.262536608510797,0.262535513529978
2018-07-28 20:30:00,514.854166666668,-13.0252089620469,0.277787495934036,0.277786392060784
2018-07-28 21:30:00,514.895833333332,-12.610580206903,0.343867748848297,0.343866636083271
2018-07-28 22:30:00,514.9375,-12.5996179632959,0.345644110016672,0.345642988360533
2018-07-28 23:30:00,514.979166666668,-12.5710279854478,0.350229053838197,0.350227923291613
2018-07-29 00:30:00,515.020833333332,-13.4518448859813,0.209945304036098,0.209944164599742
2018-07-29 01:30:00,515.0625,-13.9614427771107,0.128797479669755,0.128796331344303
2018-07-29 02:30:00,515.104166666668,-13.7244168100935,0.166587841396629,0.166586684182761
2018-07-29 03:30:00,515.145833333332,-13.9015364435514,0.138404984941766,0.138403818840169
2018-07-29 04:30:00,515.1875,-14.2283345841121,0.0863787072541949,0.0863775322655582
2018-07-29 05:30:00,515.229166666668,-14.0899832203358,0.108451549903065,0.108450366028084
2018-07-29 06:30:00,515.270833333332,-14.2647518708955,0.0806446223856879,0.0806434296250607
2018-07-29 07:30:00,515.3125,-14.582498131903,0.0300617312099647,0.0300605295643954
2018-07-29 08:30:00,515.354166666668,-14.7795191651341,-0.00128907306729165,-0.0012902835970946
2018-07-29 09:30:00,515.395833333332,-15.5252130863551,-0.120043388665615,-0.120044608078939
2018-07-29 10:30:00,515.4375,-15.7309552177239,-0.152782526478244,-0.152783754774372
2018-07-29 11:30:00,515.479166666668,-16.2035447699627,-0.228030177340184,-0.228031414518393
2018-07-29 12:30:00,515.520833333332,-17.4810915848598,-0.431507623606783,-0.431508869666348
2018-07-29 14:00:00,515.583333333332,-17.9458752389199,-0.505492095866901,-0.505493355247127
2018-07-29 15:00:00,515.625,-18.0983202713222,-0.529738844830356,-0.529740113090101
2018-07-29 16:00:00,515.666666666668,-18.6213190813433,-0.61301460366846,-0.613015880806983
2018-07-29 17:00:00,515.708333333332,-18.3570502713222,-0.570877596360055,-0.570878882376608
2018-07-29 18:00:00,515.75,-17.3719757406716,-0.413915250995956,-0.413916545889789
2018-07-29 19:00:00,515.791666666668,-18.4841140624299,-0.591039940072048,-0.591041243842404
2018-07-29 20:00:00,515.833333333332,-18.9276953403738,-0.661662542687148,-0.661663855333266
2018-07-29 21:00:00,515.875,-17.3812126677239,-0.415266064246814,-0.415267385767931
2018-07-29 22:00:00,515.916666666668,-16.12859588473,-0.215682160448054,-0.2156834908434
2018-07-29 23:00:00,515.958333333332,-16.137583958209,-0.217072340284071,-0.217073679552871
2018-07-30,516,-16.6155362540037,-0.293168384324208,-0.293169732465684
2018-07-30 01:00:00,516.041666666668,-16.0522215951583,-0.203389386871215,-0.203390743884584
2018-07-30 02:00:00,516.083333333332,-16.6945866191806,-0.305675552997615,-0.30567691888209
2018-07-30 03:00:00,516.125,-17.1261620400372,-0.37438231323397,-0.374383687988758
2018-07-30 04:00:00,516.166666666668,-17.0855958893855,-0.367876112280282,-0.367877495904587
2018-07-30 05:00:00,516.208333333332,-17.2953594134078,-0.401247135962783,-0.401248528455804
2018-07-30 06:00:00,516.25,-17.4166692127103,-0.420526946682036,-0.420528348042967
2018-07-30 07:00:00,516.291666666668,-17.3689055695568,-0.412872765813859,-0.412874176041889
2018-07-30 08:00:00,516.333333333332,-17.2336015180633,-0.391272863980714,-0.391274283075029
2018-07-30 09:00:00,516.375,-17.5069869627561,-0.434777019609142,-0.434778447568923
2018-07-30 10:00:00,516.416666666668,-17.6350875413408,-0.455136720932511,-0.455138157756934
2018-07-30 11:00:00,516.458333333332,-17.1872383670391,-0.383746743752614,-0.383748189440851
2018-07-30 12:00:00,516.5,-16.5033799132216,-0.274759848427261,-0.27476130297848
2018-07-30 13:30:00,516.5625,-17.6203854556797,-0.452627113593544,-0.452628581437663
2018-07-30 14:30:00,516.604166666668,-17.9240037540037,-0.500944792496371,-0.50094626920137
2018-07-30 15:30:00,516.645833333332,-17.8213482480447,-0.484542292871952,-0.484543778436982
2018-07-30 16:30:00,516.6875,-16.7144450549348,-0.308161947885255,-0.308163442309462
2018-07-30 17:30:00,516.729166666668,-16.3373761610801,-0.248044257192661,-0.248045760475188
2018-07-30 19:00:00,516.791666666668,-17.6496586658627,-0.457015395008158,-0.457016911576547
2018-08-01 17:30:00,518.729166666668,-12.4854176778481,0.368545593648293,0.36854366626331
2018-08-01 18:00:00,518.75,-12.3323696882979,0.392962886690021,0.392960954899515
2018-08-01 19:00:00,518.791666666668,-12.3619146445122,0.388329984089012,0.388328043488267
2018-08-01 19:30:00,518.8125,-12.3176861781915,0.395412601471375,0.395410656465917
2018-08-01 20:00:00,518.833333333332,-12.0633536823171,0.435965058280059,0.435963108870161
2018-08-01 20:30:00,518.854166666668,-12.067369983378,0.435362484488465,0.435360530674398
2018-08-01 21:00:00,518.875,-11.7118780237805,0.492029950894739,0.492027992676777
2018-08-01 21:30:00,518.895833333332,-11.662729959893,0.499896733158476,0.499894770536891
2018-08-01 22:00:00,518.916666666668,-11.6758281834356,0.497847754709021,0.497845787684088
2018-08-01 22:30:00,518.9375,-11.6802026728,0.497188590699799,0.497186619271792
2018-08-01 23:00:00,518.958333333332,-11.7002378158537,0.494034790713308,0.494032814882503
2018-08-01 23:30:00,518.979166666668,-11.6727893344,0.498445283385122,0.498443303151794
2018-08-02,519,-11.955335329878,0.45347355169287,0.453471567057296
2018-08-02 00:30:00,519.020833333332,-11.8943111433511,0.463232912845627,0.463230923808082
2018-08-02 01:00:00,519.041666666668,-12.1993987429448,0.414670522168652,0.414668528729415
2018-08-02 01:30:00,519.0625,-12.0594429612732,0.43700397748306,0.437001979642409
2018-08-02 02:00:00,519.083333333332,-12.1349141355828,0.425019882080342,0.425017879838555
2018-08-02 02:30:00,519.104166666668,-12.1078381870027,0.429371733947892,0.429369727305246
2018-08-02 03:00:00,519.125,-12.0489815840491,0.438786384075524,0.438784373032301
2018-08-02 03:30:00,519.145833333332,-12.0546516111702,0.437922013223311,0.437919997779791
2018-08-02 04:00:00,519.166666666668,-12.0719079613497,0.435212050125769,0.435210030282233
2018-08-02 04:30:00,519.1875,-12.0927586466844,0.431929624162043,0.43192759991877
2018-08-02 05:00:00,519.208333333332,-12.2119877466258,0.412975563736632,0.412973535093906
2018-08-02 05:30:00,519.229166666668,-12.1763528007958,0.418691573752928,0.418689540711031
2018-08-02 06:00:00,519.25,-12.1857607147239,0.417232341299092,0.417230303858306
2018-08-02 06:30:00,519.270833333332,-12.1509336824934,0.422819884651622,0.422817842812231
2018-08-02 07:00:00,519.291666666668,-12.2039570570552,0.414412912690558,0.414410866452847
2018-08-02 07:30:00,519.3125,-12.1549042662234,0.422266864083878,0.42226481344813
2018-08-02 08:00:00,519.333333333332,-12.224264145283,0.411257709801554,0.411255654768055
2018-08-02 08:30:00,519.354166666668,-12.1682970880637,0.420213343280724,0.42021128384976
2018-08-02 09:00:00,519.375,-12.2888238924528,0.401053495727942,0.401051431899799
2018-08-02 09:30:00,519.395833333332,-12.2056127116711,0.414349372048351,0.414347303823316
2018-08-02 10:00:00,519.416666666668,-12.3934151075472,0.384472709174192,0.384470636552552
2018-08-02 10:30:00,519.4375,-12.3160159071618,0.396842967332279,0.396840890314322
2018-08-02 11:00:00,519.458333333332,-12.4827987327044,0.370314971490837,0.370312890076852
2018-08-02 11:30:00,519.479166666668,-12.5131671140584,0.36551801131316,0.365515925503436
2018-08-02 12:00:00,519.5,-12.6705408836478,0.340489119245817,0.340487029040644
2018-08-02 12:30:00,519.520833333332,-12.6337321061008,0.346393762913155,0.346391668312823
2018-08-02 13:00:00,519.541666666668,-13.2828741968553,0.243026060276508,0.243023961281307
2018-08-02 13:30:00,519.5625,-13.0115106476064,0.286295681097145,0.286293577707367
2018-08-02 14:00:00,519.583333333332,-12.950880491195,0.29599543904091,0.295993331256845
2018-08-02 14:30:00,519.604166666668,-13.086702893634,0.274400281161916,0.274398168983859
2018-08-02 15:00:00,519.625,-13.7472515716981,0.169215969784193,0.169213853212436
2018-08-02 15:30:00,519.645833333332,-13.3945851047872,0.225437672235873,0.225435551270709
2018-08-02 16:00:00,519.666666666668,-13.9564276440252,0.135977553662194,0.135975428303918
2018-08-02 16:30:00,519.6875,-13.7029416297082,0.176399973481814,0.17639784373072
2018-08-02 17:00:00,519.708333333332,-13.5095409232704,0.207250877981387,0.20724874383777
2018-08-02 17:30:00,519.729166666668,-13.7720742636605,0.165471280162626,0.165469141626783
2018-08-02 18:30:00,519.770833333332,-13.9547232666667,0.136459816741018,0.136457669421611
2018-08-02 19:00:00,519.791666666668,-13.7016737530504,0.176813287447122,0.176811135736379
2018-08-02 19:30:00,519.8125,-13.4731635283019,0.213257749036226,0.213255592934445
2018-08-02 20:00:00,519.833333333332,-13.2561781882979,0.247866405379968,0.247864244887447
2018-08-02 20:30:00,519.854166666668,-13.2112704339623,0.255063096482769,0.255060931599807
2018-08-02 21:00:00,519.875,-12.8158324412234,0.318099622175721,0.318097452902619
2018-08-02 21:30:00,519.895833333332,-12.4075785968553,0.383177839305356,0.383175665642413
2018-08-02 22:00:00,519.916666666668,-12.046018565252,0.440817815801858,0.440815637749376
2018-08-02 22:30:00,519.9375,-12.5633395918239,0.358451528774556,0.358449346332836
2018-08-02 23:00:00,519.958333333332,-12.8713076981432,0.309435428646841,0.309433241816184
2018-08-02 23:30:00,519.979166666668,-13.067113236478,0.278287022843423,0.278284831624132
2018-08-03,520,-12.988272135443,0.290890140043501,0.290887944435879
2018-08-03 00:30:00,520.020833333332,-14.0768364968553,0.117524849913849,0.117522649918199
2018-08-03 01:00:00,520.041666666668,-13.926074055291,0.141585322211372,0.141583117828
2018-08-03 01:30:00,520.0625,-14.283207527044,0.0847377296379656,0.0847355208671738
2018-08-03 02:00:00,520.083333333332,-13.9139814416446,0.143599850647958,0.143597637490053
2018-08-03 02:30:00,520.104166666668,-13.8347735792453,0.156261978541344,0.156259760996631
2018-08-03 03:00:00,520.125,-13.536793642328,0.203774771294874,0.20377254936366
2018-08-03 03:30:00,520.145833333332,-13.6894968716981,0.179493530641619,0.179491304324211
2018-08-03 04:00:00,520.166666666668,-13.5848677126984,0.1962056403894,0.196203409686106
2018-08-03 04:30:00,520.1875,-13.7742515792453,0.166081382097389,0.166079147008516
2018-08-03 05:00:00,520.208333333332,-13.5317566246032,0.204755845676084,0.204753606201941
2018-08-03 05:30:00,520.229166666668,-13.8732326981132,0.150403424180911,0.150401180321807
2018-08-03 06:00:00,520.25,-13.6039179746032,0.193350530147505,0.193348281903748
2018-08-03 06:30:00,520.270833333332,-13.8324905553459,0.156983949762346,0.156981697134249
2018-08-03 07:00:00,520.291666666668,-13.7133138697222,0.176014193021568,0.17601193600944
2018-08-03 07:30:00,520.3125,-13.7992264163522,0.162373692023975,0.162371430628128
2018-08-03 08:00:00,520.333333333332,-13.6268275867374,0.189882494849338,0.189880229070085
2018-08-03 08:30:00,520.354166666668,-13.6284339169811,0.189672268351859,0.189669998189511
2018-08-03 09:00:00,520.375,-13.4526428851852,0.217721685380602,0.217719410835472
2018-08-03 09:30:00,520.395833333332,-13.3920943698113,0.227413004166718,0.22741072523912
2018-08-03 10:00:00,520.416666666668,-13.2771216849206,0.245774249020284,0.245771965710532
2018-08-03 10:30:00,520.4375,-13.1195063050633,0.270928622620353,0.270926334928763
2018-08-03 11:00:00,520.458333333332,-13.0309204371353,0.285086662600173,0.285084370527059
2018-08-03 11:30:00,520.479166666668,-12.8483018522013,0.314224298549492,0.31422200209517
2018-08-03 12:00:00,520.5,-12.7998068714286,0.321996065457088,0.321993764621874
2018-08-03 12:30:00,520.520833333332,-12.6652955528302,0.343470413390252,0.343468108174463
2018-08-03 13:00:00,520.541666666668,-12.5044603238095,0.369138296000714,0.369135986404668
2018-08-06 15:30:00,523.645833333332,-12.5046541031447,0.377371141785648,0.377368183390277
2018-08-06 16:00:00,523.666666666668,-12.0846596408971,0.444340739577935,0.444337776856186
2018-08-06 17:00:00,523.708333333332,-12.2211006144654,0.422734302211007,0.422731330837704
2018-08-06 17:30:00,523.729166666668,-12.1411595789894,0.435533493674572,0.435530517976094
2018-08-06 18:00:00,523.75,-12.2403081823899,0.41980369352304,0.41980071349979
2018-08-06 18:30:00,523.770833333332,-11.7019071506631,0.505636121677412,0.505633137329792
2018-08-06 19:00:00,523.791666666668,-11.8599748610063,0.48052069733593,0.480517708664344
2018-08-06 19:30:00,523.8125,-11.5814747822281,0.524950949590889,0.524947956595741
2018-08-06 20:00:00,523.833333333332,-11.0461887037736,0.610287510901088,0.610284513582782
2018-08-06 20:30:00,523.854166666668,-11.004204229443,0.617040889950995,0.617037888309936
2018-08-06 21:00:00,523.875,-11.2584151037736,0.576610254081992,0.576607248118586
2018-08-06 21:30:00,523.895833333332,-11.1300664819149,0.597121735116961,0.597118724831614
2018-08-06 22:00:00,523.916666666668,-11.0621949622642,0.607999286323434,0.607996271716553
2018-08-06 22:30:00,523.9375,-10.9520822408488,0.625606006919599,0.625602987991591
2018-08-06 23:00:00,523.958333333332,-10.9537232477987,0.625410394480669,0.625407371231942
2018-08-06 23:30:00,523.979166666668,-11.0404589108753,0.611659258256733,0.611656230687695
2018-08-07,524,-11.0856729433962,0.604522663189382,0.604519631300441
2018-08-07 00:30:00,524.020833333332,-11.1104721437666,0.600638281201038,0.600635244992605
2018-08-07 01:00:00,524.041666666668,-11.3762263830189,0.558369705049651,0.558366664522135
2018-08-07 01:30:00,524.0625,-11.4655760656958,0.544202616533352,0.544199571687164
2018-08-07 02:00:00,524.083333333332,-11.4437673031447,0.547743263480333,0.547740214315884
2018-08-07 02:30:00,524.104166666668,-11.4330371525199,0.549519195325298,0.549516141843
2018-08-07 03:00:00,524.125,-11.4651446471698,0.544471175351892,0.544468117552156
2018-08-07 03:30:00,524.145833333332,-11.5312712691489,0.534003999762114,0.534000937645353
2018-08-07 04:00:00,524.166666666668,-11.6420880534591,0.516417765045953,0.516414698612581
2018-08-07 04:30:00,524.1875,-11.7002254469496,0.507223510593209,0.507220439843639
2018-08-07 05:00:00,524.208333333332,-11.6002075358491,0.52322362483345,0.523220549768097
2018-08-07 05:30:00,524.229166666668,-11.6854840468085,0.509706320869189,0.509703241488467
2018-08-07 06:00:00,524.25,-11.5459245018868,0.532005676912064,0.532002593216388
2018-08-07 06:30:00,524.270833333332,-11.6748249074271,0.511539286627595,0.511536198617383
2018-08-07 07:00:00,524.291666666668,-11.6433019383648,0.51662857017523,0.516625477850897
2018-08-07 07:30:00,524.3125,-11.6417029291777,0.516951061139415,0.516947964501377
2018-08-07 08:00:00,524.333333333332,-11.6831446245283,0.510417252713353,0.510414151762029
2018-08-07 08:30:00,524.354166666668,-11.7590291742706,0.498396788560744,0.498393683296552
2018-08-07 09:00:00,524.375,-11.7870000295597,0.494009125756844,0.494006016180203
2018-08-07 09:30:00,524.395833333332,-11.8285676480106,0.487455604438738,0.487452490550067
2018-08-07 10:00:00,524.416666666668,-11.9918112842767,0.461519122096641,0.46151600389636
2018-08-07 10:30:00,524.4375,-12.0070716204244,0.45915660077046,0.459153478258988
2018-08-07 11:00:00,524.458333333332,-11.7945723490566,0.49307646322892,0.493073336406679
2018-08-07 11:30:00,524.479166666668,-11.6969995,0.508688580024199,0.50868544889161
2018-08-08 12:30:00,525.520833333332,-12.2453525205937,0.424917276104781,0.42491393000406
2018-08-08 14:00:00,525.583333333332,-11.8356735195896,0.490403496980892,0.490400138017106
2018-08-08 15:00:00,525.625,-11.4883850304673,0.545876752205035,0.545873384668126
2018-08-08 16:00:00,525.666666666668,-11.8232018743925,0.492690600526068,0.492687224417841
2018-08-08 17:00:00,525.708333333332,-11.8681158902804,0.485686636536669,0.485683251858936
2018-08-08 18:00:00,525.75,-11.6391741402622,0.522308551694594,0.52230515844917
2018-08-08 19:00:00,525.791666666668,-11.2502037342056,0.584423605978077,0.584420204166783
2018-08-08 20:00:00,525.833333333332,-10.948085966729,0.632703432652172,0.632700022276832
2018-08-08 21:00:00,525.875,-10.8632205525234,0.646375263903341,0.646371844965783
2018-08-08 22:00:00,525.916666666668,-10.87787054803,0.644194678898472,0.644191251400529
2018-08-08 23:00:00,525.958333333332,-15.336799988972,-0.0659623381534942,-0.0659657742099854
2018-08-09,526,-14.7493220955056,0.0277773988593419,0.0277739542461442
2018-08-09 01:00:00,526.041666666668,-14.6469570755597,0.0442387678425233,0.0442353146744648
2018-08-09 02:00:00,526.083333333332,-14.3690746246269,0.088660648319381,0.0886571865983119
2018-08-09 03:00:00,526.125,-14.3087052274254,0.0984330031304537,0.0984295328582276
2018-08-09 04:00:00,526.166666666668,-13.7303663502804,0.190718725395291,0.190715246573767
2018-08-09 05:00:00,526.208333333332,-13.8562276100746,0.170825321687093,0.170821834318134
2018-08-09 06:00:00,526.25,-13.7534682727612,0.187351801464545,0.187348305550018
2018-08-09 07:00:00,526.291666666668,-13.8817865335206,0.167067913649008,0.167064409190785
2018-08-09 08:00:00,526.333333333332,-13.8711252405607,0.168924026887705,0.168920513887661
2018-08-09 09:00:00,526.375,-13.8047947802239,0.179648737020818,0.179645215480834
2018-08-09 10:00:00,526.416666666668,-13.7262872923507,0.192313715010618,0.192310184932578
2018-08-09 11:00:00,526.458333333332,-13.6821958912313,0.199496644373303,0.199493105759097
2018-08-10 16:00:00,527.666666666668,-15.4739217806331,-0.0811124669348902,-0.081116252257083
2018-08-10 17:30:00,527.729166666668,-15.2095159425891,-0.0387329725876689,-0.0387367706253749
2018-08-10 18:30:00,527.770833333332,-15.7507588820561,-0.124779819458403,-0.124783625970589
2018-08-10 19:30:00,527.8125,-16.1475719459813,-0.187818428128396,-0.187822243113035
2018-08-10 20:30:00,527.854166666668,-15.9258785368224,-0.152328057917401,-0.15233188137246
2018-08-10 21:30:00,527.895833333332,-15.5280708729478,-0.0887821054398701,-0.0887859373633144
2018-08-10 22:30:00,527.9375,-16.3294513370787,-0.216267223160921,-0.21627106355071
2018-08-10 23:30:00,527.979166666668,-15.2494775046816,-0.0440508015487713,-0.0440546504028588
2018-08-11 00:30:00,528.020833333332,-17.1510392828037,-0.346794677967126,-0.346798535283464
2018-08-11 01:30:00,528.0625,-17.2228227815298,-0.35805311161874,-0.358056977395275
2018-08-11 02:30:00,528.104166666668,-17.6940074779439,-0.43293598629278,-0.432939860527455
2018-08-11 03:30:00,528.145833333332,-16.3315812971963,-0.215722882818639,-0.215726765509392
2018-08-11 04:30:00,528.1875,-17.1960448785047,-0.353254454798429,-0.353258345943195
2018-08-11 05:30:00,528.229166666668,-17.6879160220149,-0.431431330264735,-0.431435229861443
2018-08-11 06:30:00,528.270833333332,-19.0421613196998,-0.646984569932701,-0.646988477979276
2018-08-11 07:30:00,528.3125,-18.8648448852336,-0.618558476466329,-0.618562392960693
2018-08-11 08:30:00,528.354166666668,-17.9477999850467,-0.472292655153782,-0.472296580093852
2018-08-11 09:30:00,528.395833333332,-17.5453252476636,-0.407997773948489,-0.408001707332178
2018-08-11 10:30:00,528.4375,-17.4428712645522,-0.391495958844067,-0.391499900669284
2018-08-11 11:30:00,528.479166666668,-16.7660242814953,-0.283492474019605,-0.283496424284254
2018-08-11 12:30:00,528.520833333332,-16.3209907130597,-0.212416577533557,-0.212420536235537
2018-08-11 13:30:00,528.5625,-16.2464197759328,-0.200355188777788,-0.200359155914997
2018-08-11 14:30:00,528.604166666668,-15.4412878697196,-0.0719144614977795,-0.0719184370681081
2018-08-13 16:00:00,530.666666666668,-14.3576423355805,0.110317165132096,0.110312774847867
2018-08-13 17:00:00,530.708333333332,-14.3769458908582,0.107447538602773,0.107443139997365
2018-08-13 18:00:00,530.75,-14.1610168349533,0.142051084092605,0.142046677168344
2018-08-13 19:00:00,530.791666666668,-13.9257289751402,0.179738949731138,0.179734534490351
2018-08-13 20:00:00,530.833333333332,-13.9020449392435,0.183718623751385,0.183714200196404
2018-08-14 12:00:00,531.5,-13.7129180556797,0.217216256581185,0.217211700319756
2018-08-14 13:00:00,531.541666666668,-13.806199266108,0.202570895557844,0.202566331022513
2018-08-14 15:30:00,531.645833333332,-13.1633655120594,0.305512732621493,0.305508147411949
2018-08-14 17:00:00,531.708333333332,-16.8086611140741,-0.274861345660225,-0.274865943267049
2018-08-14 18:00:00,531.75,-15.8111981548148,-0.115748148081546,-0.115752753950193
2018-08-14 19:00:00,531.791666666668,-15.1935611118519,-0.0171410441470816,-0.0171456582751253
2018-08-14 20:00:00,531.833333333332,-15.2799555561111,-0.0306862130978874,-0.0306908354828949
2018-08-14 22:00:00,531.916666666668,-16.2973999822222,-0.192329443769116,-0.192334082660738
2018-08-14 23:00:00,531.958333333332,-15.9245722092593,-0.132718847604205,-0.13272349474547
2018-08-15,532,-15.8709677387097,-0.123960305943236,-0.123964961331697
2018-08-15 01:00:00,532.041666666668,-15.879637027037,-0.125121572994002,-0.125126236627204
2018-08-15 02:00:00,532.083333333332,-15.8282764280148,-0.116719590625618,-0.116724262501105
2018-08-15 03:00:00,532.125,-15.736161403154,-0.101824953744098,-0.101829633859408
2018-08-15 04:00:00,532.166666666668,-15.6826240931481,-0.0930753291667672,-0.0930800175194366
2018-08-15 05:00:00,532.208333333332,-15.6893877615955,-0.093931248421921,-0.09393594500948
2018-08-15 06:00:00,532.25,-15.6351676850932,-0.0850719685134342,-0.0850766733334101
2018-08-15 07:00:00,532.291666666668,-16.1589118382739,-0.168282358514192,-0.168287071564106
2018-08-15 08:00:00,532.333333333332,-14.4547918208333,0.103408050709727,0.103403329432355
2018-08-15 10:00:00,532.416666666668,-15.7969981440075,-0.109959296508504,-0.109964034233332
2018-08-15 11:00:00,532.458333333332,-15.7585861526217,-0.103616032500228,-0.103620778445044
2018-08-15 20:30:00,532.854166666668,-13.8102178735568,0.20891253131136,0.208907707401811
2018-08-15 23:00:00,532.958333333332,-13.5006572777154,0.258798751209698,0.258793906821021
2018-08-16,533,-13.9072276210821,0.194261778508091,0.194256925932216
2018-08-16 03:00:00,533.125,-14.3319421343284,0.127297030053802,0.127292152931658
2018-08-16 04:00:00,533.166666666668,-14.3456074594393,0.125351878074922,0.12534699277581
2018-08-16 05:00:00,533.208333333332,-14.4147257494403,0.114573471500184,0.114568578026669
2018-08-16 06:00:00,533.25,-14.4587462731343,0.107793599252844,0.107788697607499
2018-08-16 08:00:00,533.333333333332,-14.4501040352601,0.109636897372743,0.109631979391469
2018-08-16 09:00:00,533.375,-14.4460578473881,0.110515412569014,0.110510486423648
2018-08-16 10:00:00,533.416666666668,-14.4674363318352,0.107344201037201,0.107339266730331
2018-08-16 12:00:00,533.5,-14.3262667899254,0.130302727323319,0.130297776701221
2018-08-16 13:00:00,533.541666666668,-14.2127177388785,0.148626893118122,0.148621934342308
2018-08-16 14:00:00,533.583333333332,-14.2709645416045,0.139584297898594,0.139579330971667
2018-08-16 15:00:00,533.625,-13.9320914091418,0.193803633279515,0.193798658204084
2018-08-16 16:00:00,533.666666666668,-13.4454122880597,0.271569009288275,0.271564026066951
2018-08-16 17:00:00,533.708333333332,-13.2388600906716,0.304710407065688,0.304705415701089
2018-08-16 18:00:00,533.75,-13.124014918097,0.323243251028897,0.323238251523641
2018-08-16 19:00:00,533.791666666668,-12.7862817276119,0.377282756175333,0.377277748532045
2018-08-16 20:00:00,533.833333333332,-12.8618888888889,0.365477288437318,0.365472272658626
2018-08-16 21:30:00,533.895833333332,-12.851438444403,0.367501088061506,0.367496060084645
2018-08-16 22:30:00,533.9375,-12.7366710102804,0.386023530202047,0.386018494096371
2018-08-16 23:30:00,533.979166666668,-12.7375149195896,0.386129442816533,0.386124398584684
2018-08-17 00:30:00,534.020833333332,-12.4960917677903,0.424829111369311,0.424824059013936
2018-08-17 01:30:00,534.0625,-12.8349214747664,0.371094524716633,0.371089464240381
2018-08-17 02:30:00,534.104166666668,-13.0643065452336,0.334794986599919,0.334789918005445
2018-08-17 03:30:00,534.145833333332,-13.2453992632463,0.306188894345223,0.306183817635187
2018-08-17 04:30:00,534.1875,-13.1783943861682,0.317105365763722,0.317100280940785
2018-08-17 05:30:00,534.229166666668,-13.2941362087687,0.298910596687662,0.298905503754492
2018-08-17 06:30:00,534.270833333332,-13.4366194063433,0.27645634670121,0.276451245660477
2018-08-17 07:30:00,534.3125,-13.6059028001869,0.249733245405311,0.24972813625969
2018-08-17 08:30:00,534.354166666668,-14.8763625943925,0.0475923956004662,0.0475872783526351
2018-08-17 09:30:00,534.395833333332,-15.3472841123364,-0.0271809965783401,-0.0271861219256979
2018-08-17 10:30:00,534.4375,-14.7640037379439,0.0659811647699251,0.0659760313257276
2018-08-20 12:30:00,537.520833333332,-17.6576122248609,-0.375620990374721,-0.375626715248265
2018-08-20 15:00:00,537.625,-18.263768122449,-0.471486974859906,-0.471492719437774
2018-08-20 16:00:00,537.666666666668,-18.2016259594444,-0.461308900916609,-0.46131465337097
2018-08-20 17:00:00,537.708333333332,-17.303181812987,-0.317906895190561,-0.317912655518418
2018-08-20 18:00:00,537.75,-16.8160555485185,-0.240027693954211,-0.240033462152562
2018-08-20 19:00:00,537.791666666668,-17.7055751335807,-0.381448732415581,-0.38145450848142
2018-08-20 20:00:00,537.833333333332,-17.1283222368519,-0.289211438597005,-0.289217222527323
2018-08-20 22:00:00,537.916666666668,-16.9310500114815,-0.257223559711333,-0.257229359361565
2018-08-20 23:00:00,537.958333333332,-16.8001073909259,-0.236082529418554,-0.236088336924212
2018-08-21,538,-16.2579458664179,-0.149433606683512,-0.149439422041572
2018-08-21 02:00:00,538.083333333332,-16.5399456784644,-0.193790688409112,-0.193796519462885
2018-08-21 03:00:00,538.125,-17.1126019026168,-0.284731749025416,-0.284737587922492
2018-08-21 04:00:00,538.166666666668,-17.2468111953271,-0.305827473542866,-0.305833320280206
2018-08-21 05:00:00,538.208333333332,-17.1963899222015,-0.297510990528392,-0.297516845102951
2018-08-21 06:00:00,538.25,-17.3657070753731,-0.324198569541563,-0.324204431950292
2018-08-21 07:00:00,538.291666666668,-17.5193190345149,-0.348383873759385,-0.348389743999232
2018-08-21 08:00:00,538.333333333332,-17.5635354214552,-0.355141959133029,-0.355147837200938
2018-08-21 09:00:00,538.375,-17.442807830597,-0.335623925101685,-0.335629810994597
2018-08-21 10:00:00,538.416666666668,-17.919783576306,-0.411320033987619,-0.411325927702469
2018-08-21 11:00:00,538.458333333332,-17.8734477695896,-0.403651813030158,-0.403657714563879
2018-08-21 12:00:00,538.5,-17.8132078606742,-0.393768233226218,-0.393774142575738
2018-08-21 13:30:00,538.5625,-17.6530149238806,-0.367817607661654,-0.367823528729105
2018-08-21 14:30:00,538.604166666668,-18.1425410285448,-0.445511083760082,-0.445517012635637
2018-08-21 15:30:00,538.645833333332,-18.0387593313433,-0.428689778122625,-0.428695714803199
2018-08-21 16:30:00,538.6875,-17.2759981571695,-0.306892146123017,-0.30689809060552
2018-08-21 17:30:00,538.729166666668,-17.4822383657356,-0.33945670223685,-0.33946265451819
2018-08-21 18:30:00,538.770833333332,-16.9208025979516,-0.249729502258596,-0.249735462335678
2018-08-21 19:30:00,538.8125,-16.2793092675926,-0.147248651031859,-0.147254618901581
2018-08-21 20:30:00,538.854166666668,-15.7477150793296,-0.0622743875050739,-0.0622803631643307
2018-08-21 21:30:00,538.895833333332,-15.7764878735568,-0.0665665607120582,-0.0665725441577435
2018-08-21 22:30:00,538.9375,-15.6734338793296,-0.0498582084404612,-0.0498641996694618
2018-08-21 23:30:00,538.979166666668,-15.6322276268657,-0.0430018219057614,-0.0430078209149618
2018-08-22 00:30:00,539.020833333332,-15.633027926257,-0.0428366855266569,-0.0428426923129382
2018-08-22 01:30:00,539.0625,-15.5389813497207,-0.0275619506101612,-0.0275679651703992
2018-08-22 02:30:00,539.104166666668,-15.3157910421642,0.00828589621868137,0.00827987388761398
2018-08-22 03:30:00,539.145833333332,-15.1701899504655,0.0317741486378313,0.031768118539065
2018-08-22 04:30:00,539.1875,-15.1981212677239,0.0276189872737771,0.0276129494104476
2018-08-22 05:30:00,539.229166666668,-15.5674003795158,-0.0309126988696413,-0.0309187444943954
2018-08-22 06:30:00,539.270833333332,-15.7473147208566,-0.0592780190877686,-0.0592840724708052
2018-08-22 07:30:00,539.3125,-15.6637686628731,-0.0456734869027132,-0.0456795480408853
2018-08-22 08:30:00,539.354166666668,-15.5417914197393,-0.0259464170925889,-0.0259524859827462
2018-08-22 09:30:00,539.395833333332,-15.3560539970205,0.00393811710469527,0.00393204046570639
2018-08-22 10:30:00,539.4375,-15.2585102530726,0.0197737573130413,0.0197676729283792
2018-08-22 11:30:00,539.479166666668,-15.3286852970205,0.00889209666703139,0.00888600453985799
2018-08-22 13:00:00,539.541666666668,-15.5980596115456,-0.0335727223803942,-0.0335788261153984
2018-08-22 14:00:00,539.583333333332,-15.3188529018622,0.0112034341107351,0.0111973226411406
2018-08-22 17:00:00,539.708333333332,-14.483560516946,0.145163619929627,0.145157485275326
2018-08-22 18:00:00,539.75,-15.5634126421933,-0.0265575825954285,-0.0265637249715964
2018-08-22 20:00:00,539.833333333332,-16.0655828383613,-0.10595236616166,-0.105958523971987
2018-08-22 21:00:00,539.875,-16.2991394394052,-0.142856825080704,-0.142862990603317
2018-08-22 22:00:00,539.916666666668,-16.5607528039033,-0.184230326167235,-0.184236499398931
2018-08-22 23:00:00,539.958333333332,-17.1299164087361,-0.274596380172477,-0.274602561110049
2018-08-23,540,-17.2042713637546,-0.286138642674978,-0.28614483131522
2018-08-23 01:00:00,540.041666666668,-17.0969312395911,-0.268736329386391,-0.268742525726087
2018-08-23 02:00:00,540.083333333332,-17.7535985492565,-0.373040526595328,-0.373046730631262
2018-08-23 03:00:00,540.125,-17.7143973884328,-0.366491959654119,-0.366498171383071
2018-08-23 04:00:00,540.166666666668,-18.3667918667286,-0.470114652878093,-0.470120872296838
2018-08-23 05:00:00,540.208333333332,-18.4365093020446,-0.480916057553875,-0.480922284659183
2018-08-23 06:00:00,540.25,-20.3488327288104,-0.785245494359295,-0.785251729147937
2018-08-23 07:00:00,540.291666666668,-20.3778940342007,-0.789569510526508,-0.789575752995247
2018-08-23 08:00:00,540.333333333332,-21.0055794866279,-0.889254362356684,-0.889260612502279
2018-08-23 09:00:00,540.375,-21.2109403934823,-0.921662193691354,-0.921668451510564
2018-08-23 10:00:00,540.416666666668,-21.6372625828678,-0.989268896804488,-0.989275162294065
2018-08-23 11:00:00,540.458333333332,-21.0141542775093,-0.889700153895835,-0.889706427052526
2018-08-23 12:30:00,540.520833333332,-20.6830651795158,-0.836495923191139,-0.8365022078424
2018-08-23 13:30:00,540.5625,-20.9126424417132,-0.872759555540135,-0.872765847850367
2018-08-23 14:30:00,540.604166666668,-20.6088749796642,-0.824060574460838,-0.824066874426778
2018-08-23 15:30:00,540.645833333332,-20.1970893728119,-0.75815380816037,-0.758160115778749
2018-08-23 16:30:00,540.6875,-20.654797416171,-0.830757584284883,-0.83076389955243
2018-08-23 17:30:00,540.729166666668,-18.9198810520446,-0.554074308174688,-0.554080631088127
2018-08-23 18:30:00,540.770833333332,-18.3210781302974,-0.458374298229115,-0.458380628785167
2018-08-23 19:30:00,540.8125,-18.2543643416357,-0.447436050493477,-0.447442388688859
2018-08-23 20:30:00,540.854166666668,-17.2214200912639,-0.28257618295852,-0.282582528789946
2018-08-23 21:30:00,540.895833333332,-16.7968078509328,-0.21462362273537,-0.214629976199548
2018-08-23 22:30:00,540.9375,-16.3051940199627,-0.135997244793692,-0.136003605887329
2018-08-23 23:30:00,540.979166666668,-16.4965167325279,-0.166162729982408,-0.166169098702206
2018-08-24 00:30:00,541.020833333332,-16.2205791685289,-0.121892903075023,-0.12189927941768
2018-08-24 01:30:00,541.0625,-16.3872532912477,-0.14813101818834,-0.148137402150549
2018-08-24 02:30:00,541.104166666668,-16.9121526845438,-0.231434259088182,-0.231440650666636
2018-08-24 03:30:00,541.145833333332,-17.3268270895911,-0.29717816494403,-0.297184564135414
2018-08-24 04:30:00,541.1875,-17.1961338020446,-0.276044192156315,-0.276050598957313
2018-08-24 05:30:00,541.229166666668,-17.168971983209,-0.271402440993417,-0.271408855400709
2018-08-24 06:30:00,541.270833333332,-17.3112174611524,-0.293746978103692,-0.293753400113953
2018-08-24 07:30:00,541.3125,-17.5122718778399,-0.325459406178794,-0.325465835788696
2018-08-24 08:30:00,541.354166666668,-17.6339182128253,-0.344521655251915,-0.344528092458128
2018-08-24 09:30:00,541.395833333332,-17.4740022122271,-0.318730408379887,-0.318736853179075
2018-08-24 10:30:00,541.4375,-17.2787843609665,-0.287315136953626,-0.287321589342449
2018-08-24 12:00:00,541.5,-16.5832434719331,-0.176038807102415,-0.176045270869422
2018-08-24 14:00:00,541.583333333332,-16.7640594873606,-0.204206586035434,-0.20421306496163
2018-08-24 15:00:00,541.625,-16.7810167681564,-0.206589101457836,-0.206595587958595
2018-08-24 16:00:00,541.666666666668,-16.8372862516729,-0.215233665246272,-0.215240159318234
2018-08-24 18:00:00,541.75,-16.0952271849162,-0.0963834751278841,-0.096389984332159
2018-08-24 19:00:00,541.791666666668,-15.197870158256,0.0468865855064821,0.0468800687411056
2018-08-24 21:00:00,541.875,-14.3784842046382,0.178057482240278,0.178050950362825
2018-08-24 22:00:00,541.916666666668,-14.284105741744,0.193413722248362,0.193407182819941
2018-08-25,542,-14.3508996366171,0.18341801115967,0.183411456639476
2018-08-25 04:00:00,542.166666666668,-15.559263455102,-0.00778105608933022,-0.00778764075232585
2018-08-25 05:00:00,542.208333333332,-16.1212476426443,-0.0969809715221321,-0.0969875637123175
2018-08-25 09:00:00,542.375,-16.4724712181818,-0.151628757684539,-0.151635379949331
2018-08-25 10:00:00,542.416666666668,-16.4308547124767,-0.144672596459406,-0.144679226234295
2018-08-25 11:30:00,542.479166666668,-15.920820238015,-0.0629330374222565,-0.0629396784558552
2018-08-25 16:00:00,542.666666666668,-16.2682968435993,-0.116808664918222,-0.116815339681524
2018-08-26 14:00:00,543.583333333332,-15.0427031289063,0.0857723976895605,0.0857655590379801
2018-08-26 15:30:00,543.645833333332,-14.7387092725926,0.134706673935199,0.134699824171237
2018-08-26 16:30:00,543.6875,-14.7808108522472,0.128338927512736,0.12833207034494
2018-08-26 17:30:00,543.729166666668,-14.2735168516854,0.209490694891284,0.209483830323197
2018-08-26 18:30:00,543.770833333332,-13.6656772343284,0.306659855970091,0.306652984005258
2018-08-26 19:30:00,543.8125,-13.3395962579439,0.358945069113267,0.358938189755234
2018-08-26 20:30:00,543.854166666668,-12.7403750048507,0.45474212827055,0.454735241522872
2018-08-26 21:30:00,543.895833333332,-12.7620635521495,0.451628217085944,0.451621322952176
2018-08-26 22:30:00,543.9375,-12.7835615641791,0.448545062701423,0.448538161185126
2018-08-26 23:30:00,543.979166666668,-12.7545317179104,0.453511436472106,0.45350452757684
2018-08-27 00:30:00,544.020833333332,-12.9125671628731,0.428678579715626,0.428671663444959
2018-08-27 01:30:00,544.0625,-13.1353265098881,0.393535562979461,0.393528639336964
2018-08-27 02:30:00,544.104166666668,-13.1518824923507,0.391241293265988,0.391234362255234
2018-08-27 03:30:00,544.145833333332,-13.2010467497196,0.383752905575781,0.383745967200349
2018-08-27 04:30:00,544.1875,-13.1780279934701,0.387763726879936,0.387756781143406
2018-08-27 05:30:00,544.229166666668,-13.2963794499065,0.369254575444082,0.369247622350038
2018-08-27 06:30:00,544.270833333332,-13.3241641630597,0.365173173922562,0.365166213474593
2018-08-27 07:30:00,544.3125,-13.2885074658582,0.371198437219113,0.371191469420812
2018-08-27 08:30:00,544.354166666668,-13.2425130514925,0.378870908882987,0.378863933737947
2018-08-27 09:30:00,544.395833333332,-13.466740680597,0.343497218376508,0.34349023588833
2018-08-27 10:30:00,544.4375,-13.6659832083955,0.312104074643909,0.312097084816195
2018-08-27 11:30:00,544.479166666668,-13.4818675375,0.341780568019352,0.341773570855709
2018-08-27 12:30:00,544.520833333332,-13.1706137981343,0.391710648482351,0.391703643986388
2018-08-27 13:30:00,544.5625,-13.3149253574627,0.36906925305875,0.36906224123408
2018-08-28 12:30:00,545.520833333332,-11.9537792320965,0.59400467297676,0.593997493597354
2018-08-28 13:30:00,545.5625,-11.6967495500928,0.63530681213067,0.635299625510349
2018-08-28 14:30:00,545.604166666668,-11.4216784133829,0.679483365144326,0.679476171286792
2018-08-28 15:30:00,545.645833333332,-11.6296475022263,0.64671166208995,0.646704460998909
2018-08-28 18:00:00,545.75,-11.3137436025641,0.697931918479461,0.697924699320888
2018-08-28 19:00:00,545.791666666668,-10.7548203800926,0.787328096873954,0.787320870494872
2018-08-28 20:00:00,545.833333333332,-10.6947925814815,0.797250273952509,0.79724304035664
2018-08-28 21:00:00,545.875,-10.4142240842593,0.842305137958406,0.842297897149476
2018-08-28 22:00:00,545.916666666668,-10.3309759382778,0.855927124856977,0.855919876838713
2018-08-28 23:00:00,545.958333333332,-10.4839956221133,0.831911873293839,0.831904618069974
2018-08-29,546,-10.5450635579462,0.822544996380459,0.82253773395473
2018-08-29 01:00:00,546.041666666668,-10.7556973881579,0.789352560908765,0.789345291284909
2018-08-29 02:00:00,546.083333333332,-10.8157703675926,0.780144971670898,0.780137694852659
2018-08-29 03:00:00,546.125,-10.6674648098148,0.804132627247714,0.804125343238838
2018-08-29 05:00:00,546.208333333332,-10.7907798465112,0.785214586300222,0.785207287921324
2018-08-29 06:00:00,546.25,-10.919957073694,0.765000219605012,0.764992914046736
2018-08-29 07:00:00,546.291666666668,-10.8853834520697,0.770871874325506,0.770864561591613
2018-08-29 08:00:00,546.333333333332,-11.1434201293217,0.730130893327796,0.730123573422049
2018-08-29 09:00:00,546.375,-11.31265075141,0.703537174188508,0.703529847114676
2018-08-29 10:00:00,546.416666666668,-11.2761644902804,0.709714695175535,0.709707360937387
2018-08-29 12:00:00,546.5,-11.1160266693333,0.735956411636479,0.735949063081026
2018-08-29 14:00:00,546.583333333332,-10.7043358244403,0.802272276813071,0.802264913955438
2018-08-29 15:00:00,546.625,-10.8305316082789,0.782536397079045,0.782529027076002
2018-08-29 16:30:00,546.6875,-10.7238041054104,0.800089698643717,0.80008231792967
2018-08-29 17:30:00,546.729166666668,-10.4339608211567,0.846630120648772,0.846622732798801
2019-01-29 16:30:00,699.6875,-20.2463117124304,0.967076352011775,0.967076303623085
2019-01-30 01:00:00,700.041666666668,-18.8710899123596,1.18569047151568,1.18569048965089
2019-01-30 01:30:00,700.0625,-18.7355533246667,1.2072534464243,1.20725346847078
2019-01-30 02:00:00,700.083333333332,-18.6183395016698,1.2258974741316,1.22589750008915
2019-01-30 03:00:00,700.125,-18.9790334424861,1.16838188242594,1.16838191620498
2019-01-30 03:30:00,700.145833333332,-19.5988876314607,1.06961009605538,1.06961013374484
2019-01-30 04:00:00,700.166666666668,-19.9447399688889,1.01448688276424,1.0144869243639
2019-01-30 04:30:00,700.1875,-20.3121224619666,0.955933782619098,0.955933828128743
2019-01-30 05:30:00,700.229166666668,-21.6547903580705,0.741987861353887,0.741987914682858
2019-01-30 06:00:00,700.25,-22.0231347685393,0.68328117408315,0.683281231321457
2019-01-30 06:30:00,700.270833333332,-22.5430554175166,0.600428166041288,0.600428227188714
2019-01-30 07:00:00,700.291666666668,-23.8869037375926,0.386322773549826,0.386322838606153
2019-01-30 08:00:00,700.333333333332,-24.3954557992308,0.305250924218593,0.305250997092063
2019-01-30 08:30:00,700.354166666668,-23.9652922764045,0.373746533090642,0.373746609872353
2019-01-30 09:00:00,700.375,-24.4581729771619,0.295200419887493,0.295200500577225
2019-01-30 09:30:00,700.395833333332,-24.4462000081481,0.2970777394178,0.297077824015332
2019-01-30 10:30:00,700.4375,-24.560887499375,0.278747621237187,0.278747713649654
2019-01-30 11:00:00,700.458333333332,-26.3008314764045,0.00154296643730079,0.00154306275690252
2019-01-30 11:30:00,700.479166666668,-26.6789667361419,-0.0587247041529754,-0.0587246039264627
2019-01-30 12:00:00,700.5,-28.1720351701852,-0.296602143771511,-0.296602039638311
2019-01-30 13:00:00,700.541666666668,-28.6449351818519,-0.371996948624362,-0.371996836678459
2019-01-30 13:30:00,700.5625,-29.0261122719101,-0.432749655400395,-0.432749539548478
2019-01-30 14:00:00,700.583333333332,-29.3174057465632,-0.47918395561107,-0.479183835853364
2019-01-30 15:00:00,700.625,-29.6442633823748,-0.531315046431331,-0.531314918862727
2019-01-30 16:00:00,700.666666666668,-29.552990713594,-0.516838151283478,-0.516838015904883
2019-01-30 16:30:00,700.6875,-29.5097574959596,-0.509982698298951,-0.509982559015703
2019-01-30 17:00:00,700.708333333332,-29.5705079644647,-0.519692038400985,-0.519691895213311
2019-01-30 17:30:00,700.729166666668,-29.4730278033395,-0.504195243701811,-0.504195096609942
2019-01-30 18:30:00,700.770833333332,-30.1253858703154,-0.60818043191234,-0.608180277012767
2019-01-30 19:00:00,700.791666666668,-30.0577878646465,-0.597444238624293,-0.597444079821214
2019-01-30 19:30:00,700.8125,-30.1364681893182,-0.610010405447816,-0.610010242741461
2019-01-30 20:00:00,700.833333333332,-30.8342578693878,-0.721201252561263,-0.721201085951864
2019-01-30 21:00:00,700.875,-30.4794471163265,-0.664744903544006,-0.664744729129216
2019-01-30 22:00:00,700.916666666668,-28.4385677070501,-0.339697082863695,-0.339696900644446
2019-01-30 23:00:00,700.958333333332,-33.1163210120594,-1.08493272491039,-1.08493253488761
2019-01-31 03:00:00,701.125,-34.5817866692022,-1.31865194300256,-1.31865172177513
2019-01-31 04:00:00,701.166666666668,-34.7932004560297,-1.3523988582065,-1.35239862918028
2019-01-31 05:00:00,701.208333333332,-34.9990649894249,-1.38526224328959,-1.38526200646555
2019-01-31 06:00:00,701.25,-35.1451521810761,-1.40860352499636,-1.40860328037546
2019-01-31 07:00:00,701.291666666668,-35.1968794092764,-1.41691366694011,-1.41691341452331
2019-01-31 08:00:00,701.333333333332,-35.4312217827068,-1.45431500182767,-1.45431474161594
2019-01-31 09:00:00,701.375,-35.4323759005556,-1.45456975073541,-1.45456948272974
2019-01-31 10:00:00,701.416666666668,-35.9885944777778,-1.54324713441442,-1.54324685861578
2019-01-31 11:00:00,701.458333333332,-36.0273796925926,-1.54949748339827,-1.54949719980764
2019-01-31 12:00:00,701.5,-35.8653721338889,-1.52376186973543,-1.5237615783538
2019-01-31 13:00:00,701.541666666668,-35.9917198706865,-1.54396193033489,-1.54396163116325
2019-01-31 14:30:00,701.604166666668,-36.0466011365492,-1.55281459943097,-1.55281428857619
2019-01-31 15:30:00,701.645833333332,-36.0334470823748,-1.55079309894192,-1.55079278029963
2019-01-31 16:30:00,701.6875,-35.8850408567718,-1.52722630038651,-1.52722597395771
2019-01-31 17:30:00,701.729166666668,-35.8116066100186,-1.5156030610947,-1.51560272688041
2019-01-31 18:30:00,701.770833333332,-35.7974675029685,-1.51342604934917,-1.51342570735039
2019-01-31 19:30:00,701.8125,-35.8517365805195,-1.52214697967584,-1.52214662989359
2019-01-31 20:30:00,701.854166666668,-35.8182950489796,-1.5168960166363,-1.5168956590716
2019-01-31 21:30:00,701.895833333332,-35.8723246365492,-1.52557973468075,-1.52557936933463
2019-01-31 22:30:00,701.9375,-35.1505677215213,-1.41068057773743,-1.41068020461091
2019-01-31 23:30:00,701.979166666668,-35.0201837040816,-1.38998801520523,-1.38998763429936
2019-02-01 00:30:00,702.020833333332,-34.9679016725417,-1.38173762402266,-1.38173723533846
2019-02-01 04:30:00,702.1875,-35.7539889128015,-1.50727926938254,-1.50727884959548
2019-02-01 05:30:00,702.229166666668,-35.3806133403346,-1.44788079298273,-1.44788036542259
2019-02-01 06:30:00,702.270833333332,-35.4050037617811,-1.45184719260089,-1.45184675726873
2019-02-01 07:30:00,702.3125,-35.6611596012987,-1.49273445783778,-1.49273401473466
2019-02-01 08:30:00,702.354166666668,-35.907912701487,-1.53212432883602,-1.53212387796302
2019-02-01 09:30:00,702.395833333332,-36.1727977961039,-1.57440310831791,-1.57440264967608
2019-02-01 10:30:00,702.4375,-36.4826221753704,-1.62384121673024,-1.62384075032067
2019-02-01 11:30:00,702.479166666668,-36.6622183903704,-1.65253435424137,-1.65253388006514
2019-02-01 12:30:00,702.520833333332,-36.6262468274583,-1.64688785937011,-1.64688737742831
2019-02-01 14:00:00,702.583333333332,-35.7959648246753,-1.51474992289953,-1.51474942931141
2019-02-01 15:00:00,702.625,-35.0713135294991,-1.39939742606711,-1.39939692471613
2019-02-01 16:00:00,702.666666666668,-34.4361261059369,-1.29829705644976,-1.29829654733703
2019-02-01 17:00:00,702.708333333332,-33.9762708773655,-1.22512769928017,-1.22512718240679
2019-02-01 18:00:00,702.75,-33.6703264935065,-1.17647691810701,-1.17647639347408
2019-02-01 19:00:00,702.791666666668,-33.599862687013,-1.16533882958835,-1.16533829719699
2019-02-01 20:00:00,702.833333333332,-33.5525019046296,-1.15788153767847,-1.15788099752979
2019-02-01 21:00:00,702.875,-33.4070834266667,-1.13480405310314,-1.13480350519826
2019-02-01 22:00:00,702.916666666668,-33.9398630212963,-1.21976447440907,-1.2197639187491
2019-02-01 23:00:00,702.958333333332,-34.240492592963,-1.26774369938309,-1.26774313596916
2019-02-02,703,-33.6953796583333,-1.18099600690396,-1.18099543573721
2019-02-02 01:00:00,703.041666666668,-33.9264480794444,-1.21789502719524,-1.21789444827679
2019-02-02 02:00:00,703.083333333332,-34.3170575734694,-1.28020952249789,-1.28020893582888
2019-02-02 05:30:00,703.229166666668,-33.8585540208633,-1.20748869762046,-1.20748808383351
2019-02-02 06:00:00,703.25,-34.3421128137845,-1.28456601519966,-1.28456539753986
2019-02-02 06:30:00,703.270833333332,-33.9969277311594,-1.22962395813696,-1.22962333660461
2019-02-02 07:00:00,703.291666666668,-34.6087543135338,-1.32713466015828,-1.32713403475367
2019-02-02 07:30:00,703.3125,-33.7777608775362,-1.19480321914736,-1.19480258987078
2019-02-02 08:00:00,703.333333333332,-34.3195427640703,-1.28115598496327,-1.281155351815
2019-02-02 08:30:00,703.354166666668,-34.2160649510791,-1.26471853647372,-1.26471789945407
2019-02-02 09:00:00,703.375,-34.62837000775,-1.3304457846396,-1.33044514374884
2019-02-02 09:30:00,703.395833333332,-33.5743956964029,-1.1625937985864,-1.16259315382484
2019-02-02 10:00:00,703.416666666668,-33.9773800445,-1.22683648506471,-1.22683583643264
2019-02-02 10:30:00,703.4375,-33.5412805942446,-1.1574126397613,-1.15741198725901
2019-02-02 11:00:00,703.458333333332,-33.9916666934837,-1.22920669289525,-1.22920603652303
2019-02-02 11:30:00,703.479166666668,-33.6282319586957,-1.17135862250567,-1.17135796226381
2019-02-02 12:00:00,703.5,-34.2870199892768,-1.27635148602962,-1.27635082191842
2019-02-02 13:00:00,703.541666666668,-32.9004160208054,-1.05555975258409,-1.0555590807351
2019-02-02 13:30:00,703.5625,-33.0864359784615,-1.08524067490051,-1.08523999918307
2019-02-02 14:00:00,703.583333333332,-31.6915100550336,-0.863075905469737,-0.863075225884144
2019-02-02 14:30:00,703.604166666668,-31.6446066650386,-0.855652205795043,-0.855651522341592
2019-02-02 15:00:00,703.625,-31.7550134456376,-0.873288245572314,-0.873287558251303
2019-02-02 15:30:00,703.645833333332,-32.1796564128205,-0.940982451283839,-0.940981760095564
2019-02-02 16:00:00,703.666666666668,-32.4413691006711,-0.982721863913964,-0.982721168858725
2019-02-02 16:30:00,703.6875,-32.694738444359,-1.02313229269871,-1.0231315937768
2019-02-02 17:00:00,703.708333333332,-32.4254497402685,-0.980283037810275,-0.980282335022004
2019-02-02 17:30:00,703.729166666668,-32.5468462020513,-0.999670325863447,-0.99966961920911
2019-02-02 18:00:00,703.75,-32.6276107724832,-1.01258504141167,-1.01258433089157
2019-02-02 18:30:00,703.770833333332,-32.9065794712821,-1.05707393306492,-1.05707321867935
2019-02-02 19:00:00,703.791666666668,-32.1590805067114,-0.938045909227741,-0.938045190977011
2019-02-02 19:30:00,703.8125,-32.1288307471795,-0.933276313112823,-0.933275590997231
2019-02-02 20:00:00,703.833333333332,-32.2866980510067,-0.958474016419949,-0.958473290439798
2019-02-02 20:30:00,703.854166666668,-32.2562076005128,-0.953666311652813,-0.953665581808405
2019-02-02 21:00:00,703.875,-32.3641475442953,-0.970910784403473,-0.970910050695113
2019-02-02 21:30:00,703.895833333332,-32.4216076415385,-0.980113898306066,-0.980113160734057
2019-02-02 22:00:00,703.916666666668,-31.1433758563758,-0.776540457612353,-0.776539716176999
2019-02-02 22:30:00,703.9375,-31.1181615782051,-0.772573717970592,-0.772572972672198
2019-02-02 23:00:00,703.958333333332,-30.6717383516779,-0.70150820861456,-0.701507459453433
2019-02-02 23:30:00,703.979166666668,-30.6695308079487,-0.701206691723855,-0.701205938700298
2019-02-03,704,-31.0623175378378,-0.763828161635479,-0.7638274047498
2019-02-03 00:30:00,704.020833333332,-31.0705230666667,-0.765185688132493,-0.765184927384999
2019-02-03 01:00:00,704.041666666668,-31.241523461745,-0.792476669892538,-0.792475905283536
2019-02-03 01:30:00,704.0625,-31.2664010416452,-0.79649029950135,-0.796489531031148
2019-02-03 02:00:00,704.083333333332,-30.7125570228188,-0.708313281592764,-0.708312509261669
2019-02-03 02:30:00,704.104166666668,-30.6486000171795,-0.698175731678997,-0.698174955487318
2019-02-03 03:00:00,704.125,-29.7854093355705,-0.560719802749335,-0.560719022697382
2019-02-03 03:30:00,704.145833333332,-29.3549410053846,-0.492196970331861,-0.492196186419944
2019-02-03 07:00:00,704.291666666668,-28.5104010827298,-0.358021985625938,-0.358021174702983
2019-02-03 07:30:00,704.3125,-28.8677624541436,-0.415001921043347,-0.415001106262924
2019-02-03 08:00:00,704.333333333332,-28.6027853149718,-0.372843003636034,-0.372842184998455
2019-02-03 08:30:00,704.354166666668,-28.6876757102703,-0.386418351125128,-0.38641752863071
2019-02-03 09:00:00,704.375,-28.7696441186441,-0.399528340637962,-0.399527514287018
2019-02-03 09:30:00,704.395833333332,-28.7813567086486,-0.401446644701125,-0.401445814493971
2019-02-03 10:00:00,704.416666666668,-28.8861355511299,-0.418190585905643,-0.418189751842596
2019-02-03 10:30:00,704.4375,-29.1918053486486,-0.466936716415522,-0.466935878496898
2019-02-03 11:00:00,704.458333333332,-29.1117260245763,-0.454232852796895,-0.454232011023011
2019-02-03 11:30:00,704.479166666668,-29.4234702864865,-0.503946883022482,-0.503946037393655
2019-02-03 12:30:00,704.520833333332,-28.5336721306233,-0.362307643745321,-0.362306790407563
2019-02-03 13:00:00,704.541666666668,-28.4195823470588,-0.344186355965481,-0.344185498773736
2019-02-03 13:30:00,704.5625,-27.3771951092141,-0.178186736914023,-0.178185875868612
2019-02-03 14:00:00,704.583333333332,-27.3936293947059,-0.180858259738116,-0.180857394839357
2019-02-03 14:30:00,704.604166666668,-26.7764850653117,-0.0826003730021068,-0.0825995042503205
2019-02-03 15:00:00,704.625,-26.7709176441176,-0.0817672413301711,-0.0817663687256787
2019-02-03 15:30:00,704.645833333332,-25.8472032766938,0.0653272384547211,0.0653281149115982
2019-02-03 16:00:00,704.666666666668,-25.4942822847059,0.121493809103068,0.121494689412008
2019-02-03 16:30:00,704.6875,-25.1838861756098,0.170886018991245,0.170886903151925
2019-02-03 17:00:00,704.708333333332,-25.2022882364706,0.167900328922296,0.167901216934393
2019-02-03 17:30:00,704.729166666668,-25.953181604607,0.0482281336442099,0.0482290255074018
2019-02-03 18:00:00,704.75,-26.1098765,0.0232120631898333,0.0232129589037954
2019-02-03 18:30:00,704.770833333332,-26.3517452487805,-0.0153723794743373,-0.0153714799099293
2019-02-03 19:00:00,704.791666666668,-26.6073764482353,-0.0561493068576371,-0.0561484034431081
2019-02-03 19:30:00,704.8125,-26.6612384788618,-0.064784377944727,-0.0647834706804022
2019-02-03 20:00:00,704.833333333332,-26.6592587923529,-0.0645239400648229,-0.0645230289510281
2019-02-03 20:30:00,704.854166666668,-26.7684824184282,-0.0819783858176599,-0.0819774708547216
2019-02-03 21:00:00,704.875,-27.0308236158824,-0.123824686574606,-0.123823767762851
2019-02-03 21:30:00,704.895833333332,-26.3969105780488,-0.0228971636325953,-0.0228962409723504
2019-02-03 22:00:00,704.916666666668,-26.54796469,-0.0470155850480996,-0.047014658539693
2019-02-03 22:30:00,704.9375,-26.6833956753388,-0.0686453476722676,-0.0686444173160274
2019-02-03 23:00:00,704.958333333332,-26.92962356,-0.107925251970714,-0.107924317766969
2019-02-03 23:30:00,704.979166666668,-26.2403143352304,0.00182645738121734,0.00182739543213806
2019-02-04,705,-26.0430825266055,0.0331897662756134,0.0331907081733802
2019-02-04 00:30:00,705.020833333332,-25.2093342345109,0.165950489435279,0.165951435179561
2019-02-04 01:00:00,705.041666666668,-25.3530529817647,0.142999898309977,0.143000847900445
2019-02-04 01:30:00,705.0625,-25.0037798516304,0.19858314915107,0.198584102587391
2019-02-04 02:00:00,705.083333333332,-25.1883412658824,0.169126059194297,0.169127016476141
2019-02-04 02:30:00,705.104166666668,-24.5395501550136,0.272422505628045,0.272423466755079
2019-02-04 03:00:00,705.125,-24.3609412564706,0.300818473262367,0.300819438234258
2019-02-04 03:30:00,705.145833333332,-23.894842799729,0.375011616590604,0.37501258540702
2019-02-04 04:00:00,705.166666666668,-24.1904705688235,0.327861111440776,0.327862084101384
2019-02-04 04:30:00,705.1875,-24.7345691704607,0.24112890875044,0.241129885254904
2019-02-04 05:00:00,705.208333333332,-24.6791294288235,0.249903476232327,0.249904456580313
2019-02-04 08:30:00,705.354166666668,-23.6853061328386,0.407817819476776,0.407818826720011
2019-02-04 09:30:00,705.395833333332,-23.5667352232381,0.426590226815018,0.42659124173957
2019-02-04 10:30:00,705.4375,-23.4399035163265,0.446678119967741,0.446679142572254
2019-02-04 12:00:00,705.5,-24.1324795667286,0.336174655692019,0.336175689813917
2019-02-04 13:00:00,705.541666666668,-24.0664229879406,0.34657986501469,0.346580906813138
2019-02-04 14:00:00,705.583333333332,-23.3021840228625,0.46820556251272,0.468206611986346
2019-02-04 15:00:00,705.625,-23.6016511445269,0.420381655425367,0.420382712572797
2019-02-04 16:00:00,705.666666666668,-22.3393172283859,0.621353304973598,0.621354369793451
2019-02-04 17:00:00,705.708333333332,-21.3990259747681,0.771022863538221,0.771023936029115
2019-02-04 18:00:00,705.75,-21.4061966393321,0.769760596821772,0.769761676982322
2019-02-04 19:00:00,705.791666666668,-20.9837750758364,0.836932214441867,0.83693330227068
2019-02-04 20:00:00,705.833333333332,-21.2556345057514,0.793503909146394,0.793505004642077
2019-02-04 21:00:00,705.875,-22.0104007502783,0.673147738730546,0.6731488418917
2019-02-04 22:00:00,705.916666666668,-22.3836658921801,0.613564502188936,0.61356561301416
2019-02-04 23:00:00,705.958333333332,-22.3933885314126,0.611893381777634,0.611894500265521
2019-02-05,706,-22.1894600879406,0.644256567244666,0.644257693393807
2019-02-05 01:00:00,706.041666666668,-22.2199498998145,0.639276292905685,0.639277426714665
2019-02-05 02:00:00,706.083333333332,-21.5811744348837,0.740909991278829,0.740911132746231
2019-02-05 03:00:00,706.125,-21.4852886590317,0.756060510141392,0.756061659265795
2019-02-05 04:00:00,706.166666666668,-20.8721821622677,0.853604195436504,0.853605352216482
2019-02-05 05:00:00,706.208333333332,-21.2666326090909,0.790642875648461,0.790644040082584
2019-02-05 06:00:00,706.25,-20.7192208022263,0.877720422046206,0.877721594133042
2019-02-05 10:00:00,706.416666666668,-21.0730408024119,0.820849823041077,0.820851025724358
2019-02-05 11:30:00,706.479166666668,-19.626231211359,1.05113565480895,1.05113686895992
2019-02-05 12:30:00,706.520833333332,-19.0649888297398,1.14041340792334,1.14041462971761
2019-02-05 14:30:00,706.604166666668,-18.6777013231911,1.20185007563295,1.20185131270944
2019-02-05 15:30:00,706.645833333332,-18.6924953391466,1.19936342895604,1.19936467367144
2019-02-05 16:30:00,706.6875,-18.5044044692022,1.2291960263816,1.22919727873444
2019-02-05 17:30:00,706.729166666668,-19.0266122458256,1.14587707868222,1.145878338671
2019-02-05 18:30:00,706.770833333332,-19.4747365597403,1.07435921646183,1.07436048408509
2019-02-05 19:30:00,706.8125,-19.7332207730983,1.03305069477513,1.03305197003138
2019-02-05 20:30:00,706.854166666668,-19.8990315289425,1.0065046581594,1.00650594104715
2019-02-06 21:30:00,707.895833333332,-23.5853357651206,0.415816889174124,0.415818362354257
2019-02-06 23:00:00,707.958333333332,-20.3825685327778,0.92580341026811,0.925804894834809
2019-02-07,708,-21.5665296448148,0.737052590963219,0.737054083118971
2019-02-07 01:00:00,708.041666666668,-22.4621111096296,0.594240394629135,0.59424189437234
2019-02-07 02:00:00,708.083333333332,-22.3992499959259,0.604108325131134,0.604109832460191
2019-02-07 03:00:00,708.125,-22.6616092781481,0.562167953393635,0.562169468306938
2019-02-07 04:00:00,708.166666666668,-22.701698167037,0.555634953464316,0.555636475960256
2019-02-07 05:00:00,708.208333333332,-22.2284666848148,0.630873794866348,0.630875324943311
2019-02-07 06:00:00,708.25,-22.0903166788889,0.652733457104806,0.652734994761175
2019-02-07 07:00:00,708.291666666668,-21.4564295690741,0.753563933792113,0.753565479026268
2019-02-07 08:00:00,708.333333333332,-21.4383469617811,0.756295852781723,0.756297405592037
2019-02-07 09:00:00,708.375,-21.1827777812963,0.796859092283287,0.796860652668133
2019-02-07 10:00:00,708.416666666668,-21.4806420344902,0.749259530077622,0.749261098035368
2019-02-07 11:00:00,708.458333333332,-21.4871296237037,0.748076018510198,0.748077594039207
2019-02-07 12:00:00,708.5,-21.4499703507407,0.753845023199778,0.75384660629841
2019-02-07 13:00:00,708.541666666668,-21.3967458152134,0.762172775695146,0.762174366361758
2019-02-07 14:00:00,708.583333333332,-21.2188185277778,0.790365305759886,0.790366903992829
2019-02-07 15:00:00,708.625,-20.9743221985185,0.829161871912048,0.829163477709672
2019-02-07 16:00:00,708.666666666668,-20.9317532319109,0.835790805125737,0.835792418486385
2019-02-07 17:00:00,708.708333333332,-20.6067013250464,0.887419012897956,0.88742063381997
2019-02-07 20:30:00,708.854166666668,-19.9865160971326,0.985676567498433,0.985678214872109
2019-02-07 21:00:00,708.875,-19.8802114261538,1.00253360450873,1.00253525565954
2019-02-07 22:00:00,708.916666666668,-20.4760346062284,0.907463455591524,0.907465114295351
2019-02-07 22:30:00,708.9375,-20.4897148843373,0.905206460027073,0.905208122506776
2019-02-07 23:00:00,708.958333333332,-20.5829100432526,0.890282572333632,0.89028423858879
2019-02-07 23:30:00,708.979166666668,-20.5817590301205,0.890387982484018,0.890389652514211
2019-02-08,709,-20.4431453712803,0.912391175553962,0.912392849358767
2019-02-08 00:30:00,709.020833333332,-20.4798112566265,0.906472097213843,0.906473774792838
2019-02-08 01:00:00,709.041666666668,-20.1276643550173,0.962491058931875,0.962492740284637
2019-02-08 01:30:00,709.0625,-20.1653132730924,0.956415153277126,0.956416838403232
2019-02-08 02:00:00,709.083333333332,-19.5213460477509,1.05892107162577,1.0589227605248
2019-02-08 02:30:00,709.104166666668,-19.5802369618474,1.04946107136677,1.04946276403829
2019-02-08 03:00:00,709.125,-19.6175501224913,1.04343830793851,1.0434400043821
2019-02-08 03:30:00,709.145833333332,-19.6368594048193,1.04028346048784,1.04028516070308
2019-02-08 04:00:00,709.166666666668,-18.7846747273356,1.17595810892165,1.17595981290811
2019-02-08 04:30:00,709.1875,-18.7401194049751,1.1829767092588,1.18297841701605
2019-02-08 05:00:00,709.208333333332,-19.1553322269896,1.11675380096748,1.1167555124951
2019-02-08 05:30:00,709.229166666668,-19.2529919435484,1.1011172146392,1.10111892993676
2019-02-08 06:00:00,709.25,-19.2444166545139,1.10240382596555,1.10240554503263
2019-02-08 06:30:00,709.270833333332,-19.2830161201613,1.09617535051637,1.09617707335253
2019-02-08 07:00:00,709.291666666668,-17.7905556055556,1.33384570940292,1.33384743600774
2019-02-08 07:30:00,709.3125,-17.7982209164659,1.33254483765378,1.33254656802682
2019-02-08 08:00:00,709.333333333332,-19.1734983044983,1.11338227009424,1.11338400423509
2019-02-08 08:30:00,709.354166666668,-19.3203051943775,1.08991581616845,1.08991755407666
2019-02-08 09:00:00,709.375,-19.2993854739583,1.09316821653077,1.09316995820592
2019-02-08 09:30:00,709.395833333332,-19.3370241232932,1.08709211216307,1.08709385760472
2019-02-08 10:00:00,709.416666666668,-19.3736632104167,1.08117512419855,1.08117687340628
2019-02-08 10:30:00,709.4375,-19.4233493815261,1.07317961187041,1.07318136484378
2019-02-08 11:00:00,709.458333333332,-18.8396539650519,1.16608212451584,1.16608388125442
2019-02-08 11:30:00,709.479166666668,-18.767511992,1.17749369352126,1.17749545402462
2019-02-08 12:00:00,709.5,-18.3938477757785,1.23693785680502,1.23693962107273
2019-02-08 12:30:00,709.520833333332,-18.3674000768,1.24107006624703,1.24107183427865
2019-02-08 13:00:00,709.541666666668,-17.9796055522491,1.30276496871623,1.30276674051133
2019-02-08 13:30:00,709.5625,-18.2579156975904,1.25834880676604,1.25835058232418
2019-02-08 14:00:00,709.583333333332,-16.6812837238754,1.5094261354574,1.50942791477814
2019-02-08 14:30:00,709.604166666668,-16.7509000524,1.49825481869451,1.49825660177743
2019-02-08 15:00:00,709.625,-16.2207543356401,1.58262590987506,1.58262769671972
2019-02-08 15:30:00,709.645833333332,-15.9939276983936,1.61867794047629,1.61867973108225
2019-02-08 16:00:00,709.666666666668,-16.9758685370242,1.46217233392335,1.46217412829017
2019-02-08 16:30:00,709.6875,-16.9622599892,1.46425834162814,1.46426013975539
2019-02-08 17:00:00,709.708333333332,-17.1913944629758,1.42767509809904,1.42767689998627
2019-02-08 17:30:00,709.729166666668,-16.8702679904,1.47874870213161,1.47875050777839
2019-02-08 18:00:00,709.75,-17.3903183076125,1.39582212803079,1.39582393743668
2019-02-08 18:30:00,709.770833333332,-17.5031840536,1.3777602327109,1.37776204587546
2019-02-08 22:00:00,709.916666666668,-21.9324587890063,0.671594290691619,0.671596130154534
2019-02-08 22:30:00,709.9375,-22.2706770415385,0.617632665265906,0.61763450848396
2019-02-08 23:00:00,709.958333333332,-23.6041437610994,0.405127133526865,0.405128980499614
2019-02-08 23:30:00,709.979166666668,-24.2209999984615,0.306778049412562,0.306779900139563
2019-02-09,710,-25.2025168907173,0.150338148105233,0.15034000258604
2019-02-09 00:30:00,710.020833333332,-25.2290000809524,0.146035683741853,0.146037541976022
2019-02-09 01:00:00,710.041666666668,-26.4500611949367,-0.0485640117909215,-0.0485621498038364
2019-02-09 01:30:00,710.0625,-26.4235999830769,-0.0444326235672338,-0.0444307578276788
2019-02-09 02:00:00,710.083333333332,-26.5961961763713,-0.0720113364680441,-0.0720094669764652
2019-02-09 02:30:00,710.104166666668,-26.5757999753846,-0.068846337268948,-0.068844464025792
2019-02-09 03:00:00,710.125,-27.4104725732068,-0.201894522975791,-0.201892645981505
2019-02-09 03:30:00,710.145833333332,-27.1862462523077,-0.166259468430357,-0.16625758768539
2019-02-09 04:00:00,710.166666666668,-28.020575978481,-0.299253262832149,-0.299251378336949
2019-02-09 04:30:00,710.1875,-27.8763786666667,-0.276367114995627,-0.276365226750642
2019-02-09 05:00:00,710.208333333332,-28.2226983031646,-0.331620781724424,-0.331618889730103
2019-02-09 05:30:00,710.229166666668,-28.3644545333333,-0.354287465800354,-0.354285570057147
2019-02-09 06:00:00,710.25,-29.3684809985232,-0.514314528652078,-0.514312629160436
2019-02-09 06:30:00,710.270833333332,-29.500287719697,-0.535396477120212,-0.535394573880585
2019-02-09 07:00:00,710.291666666668,-29.6849703852321,-0.564901715437149,-0.564899808449988
2019-02-09 07:30:00,710.3125,-29.791348519697,-0.581933100112527,-0.581931189378284
2019-02-09 08:00:00,710.333333333332,-30.2562338295385,-0.656075048123425,-0.656073133642552
2019-02-09 08:30:00,710.354166666668,-30.5024393893939,-0.695381269783763,-0.695379351556712
2019-02-09 09:00:00,710.375,-29.2579346014768,-0.497216381846467,-0.497214459873692
2019-02-09 09:30:00,710.395833333332,-29.3635605060606,-0.514128392116082,-0.514126466398036
2019-02-09 10:00:00,710.416666666668,-29.5355527529536,-0.541612722202305,-0.541610792739442
2019-02-09 10:30:00,710.4375,-29.6909090409091,-0.56644704619104,-0.566445112983814
2019-02-09 11:00:00,710.458333333332,-29.6800443179325,-0.564802358393227,-0.564800421442093
2019-02-09 11:30:00,710.479166666668,-30.0135758439394,-0.618020353195781,-0.618018412501194
2019-02-09 12:00:00,710.5,-29.8007405065401,-0.584201830233671,-0.584199885796088
2019-02-09 12:30:00,710.520833333332,-29.7493939515152,-0.576108699711053,-0.576106751530929
2019-02-09 13:00:00,710.541666666668,-30.7366139156118,-0.73346007185122,-0.733458119929012
2019-02-09 13:30:00,710.5625,-30.6402575757576,-0.71819707841827,-0.718195122754436
2019-02-09 14:00:00,710.583333333332,-31.0479493586498,-0.783229425109923,-0.78322746570492
2019-02-09 14:30:00,710.604166666668,-31.2933029681818,-0.822401298737451,-0.822399335591737
2019-02-09 15:00:00,710.625,-31.861443021519,-0.912993397480157,-0.912991430594191
2019-02-09 15:30:00,710.645833333332,-32.2449093454545,-0.974166953097768,-0.974164982472009
2019-02-09 16:00:00,710.666666666668,-32.0625306078224,-0.945201099975387,-0.945199125610295
2019-02-09 16:30:00,710.6875,-32.0847576893939,-0.948829213982336,-0.94882723587837
2019-02-09 17:00:00,710.708333333332,-31.9303502251055,-0.924319432513767,-0.924317450671388
2019-02-09 17:30:00,710.729166666668,-31.4931362863636,-0.854758491461767,-0.854756505881436
2019-02-09 18:00:00,710.75,-31.6250759483122,-0.875864239606669,-0.875862250288847
2019-02-09 18:30:00,710.770833333332,-31.489651530303,-0.854378812624157,-0.854376819569307
2019-02-09 19:00:00,710.791666666668,-30.8014957405063,-0.744842996987549,-0.744841000196133
2019-02-09 19:30:00,710.8125,-30.7885303787879,-0.742865612892194,-0.742863612364674
2019-02-09 20:00:00,710.833333333332,-31.8589660838641,-0.913474906786678,-0.913472902523517
2019-02-09 20:30:00,710.854166666668,-27.5812292083333,-0.232116600547011,-0.232114592548674
2019-02-09 23:30:00,710.979166666668,-28.0443988805195,-0.306431659768549,-0.306429629368918
2019-02-10 00:30:00,711.020833333332,-26.1822820233766,-0.00997329031641658,-0.00997125245342001
2019-02-10 01:30:00,711.0625,-26.1235287235622,-0.00079247914906122,-0.00079043382456967
2019-02-10 02:30:00,711.104166666668,-28.0743457561338,-0.311738112799453,-0.311736060015342
2019-02-10 03:30:00,711.145833333332,-28.9282342299256,-0.447942697870742,-0.447940637628892
2019-02-10 04:30:00,711.1875,-29.7257379267658,-0.575165602301539,-0.575163534603832
2019-02-10 05:30:00,711.229166666668,-29.2716148301852,-0.503003918641368,-0.503001843489692
2019-02-10 06:30:00,711.270833333332,-28.9589870766667,-0.453382998681649,-0.453380916077893
2019-02-10 07:30:00,711.3125,-28.0796259218519,-0.313481497244413,-0.313479407190472
2019-02-10 08:30:00,711.354166666668,-27.5276426024074,-0.22573197318055,-0.225729875678322
2019-02-10 09:30:00,711.395833333332,-27.57381853,-0.23327009877909,-0.233267993830477
2019-02-10 10:30:00,711.4375,-27.5848425938889,-0.235208961433712,-0.235206849040619
2019-02-10 11:30:00,711.479166666668,-27.7056406981481,-0.254635361135552,-0.254633241299889
2019-02-10 12:30:00,711.520833333332,-29.2190777718519,-0.495910597743288,-0.495908470466968
2019-02-10 13:30:00,711.5625,-30.1480648044444,-0.644082978929139,-0.644080844214076
2019-02-10 14:30:00,711.604166666668,-31.1462666622222,-0.803281784916724,-0.80327964276484
2019-02-10 15:30:00,711.645833333332,-31.6089387864564,-0.877170775248013,-0.877168625661233
2019-02-10 16:30:00,711.6875,-30.8809518457407,-0.761387379171707,-0.761385222151958
2019-02-10 17:30:00,711.729166666668,-27.9090556782931,-0.288148093155334,-0.288145928704547
2019-02-10 18:30:00,711.770833333332,-29.6341925844444,-0.563149985629016,-0.563147813749127
2019-02-10 19:30:00,711.8125,-29.6463503212314,-0.56527352551963,-0.565271346212578
2019-02-10 21:00:00,711.875,-29.025890336803,-0.466714861774551,-0.466712671330397
2019-02-11 01:00:00,712.041666666668,-28.4760278044527,-0.379875829682778,-0.37987360956115
2019-02-11 02:00:00,712.083333333332,-27.9387328556586,-0.29447410765222,-0.294471880116123
2019-02-11 03:00:00,712.125,-27.9437903543599,-0.295469970568193,-0.295467735619592
2019-02-11 04:00:00,712.166666666668,-27.6440816283859,-0.247916808494962,-0.247914566135828
2019-02-11 05:00:00,712.208333333332,-28.2498457332714,-0.344606567733186,-0.344604317965493
2019-02-11 06:00:00,712.25,-27.7119906886827,-0.259117431411441,-0.259115174237167
2019-02-11 07:00:00,712.291666666668,-28.004637002037,-0.30592820699387,-0.305925942414996
2019-02-11 08:00:00,712.333333333332,-27.9580796612963,-0.298704050078784,-0.298701778097296
2019-02-11 09:00:00,712.375,-27.9916846729128,-0.304250265079499,-0.304247985697386
2019-02-11 10:00:00,712.416666666668,-28.2066129433333,-0.338681856584908,-0.338679569804162
2019-02-11 11:00:00,712.458333333332,-29.1620592577778,-0.491078953388888,-0.491076659211505
2019-02-11 12:00:00,712.5,-29.4060777755556,-0.530145545391732,-0.530143243819713
2019-02-11 13:00:00,712.541666666668,-29.3953550412639,-0.528632125401992,-0.52862981643734
2019-02-11 14:00:00,712.583333333332,-29.3100953220561,-0.515245361853554,-0.515243045498277
2019-02-11 15:00:00,712.625,-29.2077481372222,-0.499137004123434,-0.499134680379543
2019-02-11 16:00:00,712.666666666668,-29.1280055348148,-0.486630023730537,-0.486627692600046
2019-02-11 17:00:00,712.708333333332,-28.8271628953704,-0.43890210053948,-0.438899762024408
2019-02-11 18:00:00,712.75,-29.1052407392593,-0.483397075049047,-0.483394729151416
2019-02-11 19:00:00,712.791666666668,-30.064181793321,-0.636354496393303,-0.636352143115139
2019-02-11 20:30:00,712.854166666668,-28.5374934769944,-0.393448941071757,-0.3934465767266
2019-02-11 21:30:00,712.895833333332,-27.205719832282,-0.181495000737445,-0.181492629016835
2019-02-11 22:30:00,712.9375,-28.7626641809434,-0.429716351606712,-0.429713972512688
2019-02-12 02:30:00,713.104166666668,-31.5228830829314,-0.870221712656753,-0.870219304089535
2019-02-12 03:30:00,713.145833333332,-34.2626531534323,-1.30687029747053,-1.30686788154015
2019-02-12 04:30:00,713.1875,-33.5263933404453,-1.18978528776115,-1.18978286446967
2019-02-12 05:30:00,713.229166666668,-34.0189555280148,-1.26845295069849,-1.26845052004797
2019-02-12 06:30:00,713.270833333332,-34.7265559380597,-1.38137680586823,-1.38137436786073
2019-02-12 07:30:00,713.3125,-34.9308330204503,-1.41412134488088,-1.41411889951848
2019-02-12 08:30:00,713.354166666668,-35.004046307037,-1.42598777707734,-1.42598532436212
2019-02-12 09:30:00,713.395833333332,-35.1285769888889,-1.44602955642243,-1.44602709635646
2019-02-12 10:30:00,713.4375,-34.0033672734694,-1.26698724670863,-1.266984779294
2019-02-12 11:30:00,713.479166666668,-34.1608494752788,-1.29227912523834,-1.29227665047714
2019-02-12 12:30:00,713.520833333332,-33.7567523204842,-1.22811146004601,-1.22810897794032
2019-02-12 13:30:00,713.5625,-33.6203618376623,-1.20659010799669,-1.2065876185486
2019-02-12 14:30:00,713.604166666668,-35.4990541125,-1.50607332813125,-1.50607083134287
2019-02-12 15:30:00,713.645833333332,-30.4990575415584,-0.709776948317585,-0.709774444191009
2019-02-12 16:30:00,713.6875,-28.0452203807407,-0.31908603072766,-0.319083519264995
2019-02-12 17:30:00,713.729166666668,-26.2914407553704,-0.0399152273722215,-0.0399127085755756
2019-02-12 18:30:00,713.770833333332,-25.2966277585185,0.118351201231767,0.118353727360282
2019-02-12 20:00:00,713.833333333332,-24.8643996072491,0.186892624922139,0.186895162044489
2019-02-12 21:00:00,713.875,-24.5187918349442,0.241739076638718,0.241741621087641
2019-02-12 22:00:00,713.916666666668,-24.224715629368,0.288376064862911,0.288378616636282
2019-02-12 23:00:00,713.958333333332,-24.0304311678439,0.31911570896723,0.31911826806292
2019-02-13,714,-23.4728398513966,0.407729946812016,0.407732513227893
2019-02-13 04:00:00,714.166666666668,-21.8838478463822,0.660011202854414,0.660013798529648
2019-02-13 05:00:00,714.208333333332,-21.4940055371747,0.721900666231657,0.721903269216362
2019-02-13 06:00:00,714.25,-21.0785324842301,0.787872678180677,0.787875288472701
2019-02-13 07:00:00,714.291666666668,-20.4486530682746,0.887999329862452,0.888001947459637
2019-02-13 08:00:00,714.333333333332,-19.6727792261596,1.01138255095805,1.01138517585824
2019-02-13 09:00:00,714.375,-19.9605464275093,0.965326546845642,0.965329179046661
2019-02-13 10:00:00,714.416666666668,-20.0767129655556,0.946606204242266,0.94660884374195
2019-02-13 11:00:00,714.458333333332,-20.062998171243,0.948575604025515,0.948578250821693
2019-02-13 12:00:00,714.5,-20.3880723519481,0.896575231423101,0.896577885513597
2019-02-13 13:00:00,714.541666666668,-20.5995194883117,0.862675281731653,0.862677943114288
2019-02-13 14:00:00,714.583333333332,-20.3863111305556,0.896422809376479,0.896425478049071
2019-02-13 15:00:00,714.625,-20.2545064953618,0.917202219615054,0.917204895575414
2019-02-13 16:00:00,714.666666666668,-19.7913573968519,0.990764593524077,0.990767276770016
2019-02-13 17:00:00,714.708333333332,-18.3138092798148,1.22592100997944,1.22592370050876
2019-02-13 18:00:00,714.75,-20.273792216141,0.913475827236729,0.91347852504724
2019-02-13 19:30:00,714.8125,-20.1458382652416,0.933530396706829,0.933533105434993
2019-02-13 20:30:00,714.854166666668,-19.9124562594041,0.970488702408653,0.970491418412495
2019-02-13 22:00:00,714.916666666668,-21.2638144584416,0.754886118414675,0.754888845327889
2019-02-13 23:00:00,714.958333333332,-22.2647532319109,0.595215128368051,0.59521786255141
2019-02-14,715,-25.079306096475,0.14663367235925,0.146636413810535
2019-02-14 13:30:00,715.5625,-28.2637026141264,-0.363672327196307,-0.363669487847049
2019-02-14 16:30:00,715.6875,-29.5346315736842,-0.566816397470898,-0.566813536422443
2019-02-14 17:30:00,715.729166666668,-29.2568182454545,-0.522789481915272,-0.52278661363831
2019-02-14 19:00:00,715.791666666668,-29.46249989,-0.55589896486268,-0.555896085747247
2019-02-14 20:00:00,715.833333333332,-29.6210834083333,-0.581391486312047,-0.581388599973829
2019-02-14 21:00:00,715.875,-28.7874116352941,-0.448817473558966,-0.448814580000258
2019-02-14 22:00:00,715.916666666668,-26.4212726090909,-0.0721207749297593,-0.0721178741528599
2019-02-14 23:00:00,715.958333333332,-25.9780006,-0.00173860878540655,-0.00173570079261776
2019-02-15 01:00:00,716.041666666668,-25.6977450138554,0.0424422158298539,0.0424451382475017
2019-02-15 03:00:00,716.125,-25.80116685,0.0255011841023107,0.025504120935566
2019-02-15 07:00:00,716.291666666668,-25.27775014375,0.107944818251528,0.107947783888132
2019-02-15 08:00:00,716.333333333332,-25.31393755625,0.101944778283466,0.101947751115081
2019-02-15 09:30:00,716.395833333332,-22.8409997636364,0.495531669384555,0.495534653004301
2019-02-15 11:00:00,716.458333333332,-21.0963334,0.773103408770255,0.773106403172861
2019-02-15 12:00:00,716.5,-20.9767331466667,0.791918690590828,0.791921692179072
2019-02-15 13:00:00,716.541666666668,-19.4689881597633,1.03186597958115,1.03186898835268
2019-02-15 16:00:00,716.666666666668,-17.5997290275779,1.32892495648372,1.32892798679096
2019-02-15 18:30:00,716.770833333332,-14.8022352588235,1.77396856964304,1.77397161788044
2019-02-15 19:30:00,716.8125,-14.943115588191,1.75128580492578,1.75128886033109
2019-02-15 20:30:00,716.854166666668,-14.974249925,1.74608521529453,1.74608827786538
2019-02-15 21:30:00,716.895833333332,-15.2765384692308,1.69768912681996,1.69769219655396
2019-02-15 22:30:00,716.9375,-15.4597675697183,1.6682588531078,1.66826193000256
2019-02-15 23:00:00,716.958333333332,-15.2763108013514,1.69736260902427,1.69736568949852
2019-02-16 01:00:00,717.041666666668,-15.0203333533333,1.73765474723095,1.73765784201716
2019-02-16 02:00:00,717.083333333332,-14.2122592111111,1.86613825048209,1.86614135242069
2019-02-16 02:30:00,717.104166666668,-15.7449130173913,1.62186359666786,1.62186670218176
2019-02-16 03:30:00,717.145833333332,-18.9959259037037,1.1037309769251,1.10373408958778
2019-02-16 04:30:00,717.1875,-19.9609165166667,0.949762899986228,0.949766019795282
2019-02-16 09:30:00,717.395833333332,-27.5379999692308,-0.258500402194393,-0.25849724668969
2019-02-16 11:30:00,717.479166666668,-28.3701514636364,-0.391557195642913,-0.391554025876923
2019-02-16 12:30:00,717.520833333332,-28.6607976539326,-0.438105231309502,-0.43810205441652
2019-02-18 13:30:00,719.5625,-24.7388754812268,0.173979382015841,0.173982905075099
2019-02-18 15:00:00,719.625,-24.3268849671614,0.239205172471913,0.239208706031332
2019-02-18 16:00:00,719.666666666668,-24.2526345142857,0.250763055184908,0.250766595741166
2019-02-18 17:00:00,719.708333333332,-24.3367736050093,0.237088939437025,0.237092486987503
2019-02-18 18:00:00,719.75,-24.1406999931481,0.268052476614672,0.268056031156749
2019-02-18 19:00:00,719.791666666668,-23.9649407414815,0.295779490995768,0.295783052526819
2019-02-18 20:00:00,719.833333333332,-23.9299257935065,0.301085406659754,0.301088975177149
2019-02-18 21:00:00,719.875,-24.2736018498148,0.246065144302116,0.246068719803223
2019-02-18 22:00:00,719.916666666668,-24.8792467768089,0.149312623355682,0.149316205837866
2019-02-18 23:00:00,719.958333333332,-25.4171505605948,0.0633508847884936,0.0633544742491149
2019-02-19,720,-26.6783037796296,-0.137825435659219,-0.137821839222803
2019-02-19 01:00:00,720.041666666668,-27.4187425566667,-0.256052003249847,-0.256048399840282
2019-02-19 02:00:00,720.083333333332,-28.4815751087199,-0.425636559308637,-0.425632948928572
2019-02-19 03:00:00,720.125,-29.7387148051852,-0.626174811907384,-0.626171194559473
2019-02-19 04:00:00,720.166666666668,-30.0891018998148,-0.682267156496978,-0.682263532183876
2019-02-19 05:00:00,720.208333333332,-30.8209222583333,-0.799122521899596,-0.799118890623964
2019-02-19 06:00:00,720.25,-30.2535884544231,-0.709022129993032,-0.709018491757533
2019-02-19 07:00:00,720.291666666668,-30.435675947963,-0.738305515331544,-0.738301870138845
2019-02-19 08:00:00,720.333333333332,-31.7012769375465,-0.940193803755594,-0.940190151608363
2019-02-19 09:00:00,720.375,-32.7820352495362,-1.1126369502798,-1.11263329118071
2019-02-19 10:00:00,720.416666666668,-33.4093630538889,-1.21284872149978,-1.21284505545152
2019-02-19 13:30:00,720.5625,-34.8094425992593,-1.4368587795897,-1.43685508924043
2019-02-19 15:00:00,720.625,-36.0014126163569,-1.62716051140864,-1.62715681065474
2019-02-19 16:00:00,720.666666666668,-36.5903531141264,-1.72125972579371,-1.72125601810676
2019-02-19 17:00:00,720.708333333332,-36.6130838175047,-1.72516174289893,-1.72515802828164
2019-02-19 18:00:00,720.75,-35.6320018641264,-1.56915611388911,-1.56915239234418
2019-02-19 19:00:00,720.791666666668,-36.2875297693309,-1.67386403219194,-1.67386030372207
2019-02-19 20:00:00,720.833333333332,-34.9336077537175,-1.4584655692852,-1.45846183389311
2019-02-19 21:00:00,720.875,-34.5455279274254,-1.39692688434975,-1.39692314203815
2019-02-19 22:00:00,720.916666666668,-34.2586033785847,-1.35150273426386,-1.35149898503547
2019-02-19 23:00:00,720.958333333332,-35.5914869826493,-1.5641156071902,-1.56411185104773
2019-02-20,721,-35.4003294945693,-1.53394807161366,-1.53394430855985
2019-02-20 01:00:00,721.041666666668,-35.4409869471136,-1.54070924816504,-1.54070547820262
2019-02-20 02:00:00,721.083333333332,-35.4014972351955,-1.53470335042626,-1.53469957355794
2019-02-20 03:00:00,721.125,-34.7115355503745,-1.42507722870564,-1.42507344493417
2019-02-20 04:00:00,721.166666666668,-33.8684608251866,-1.29106051622872,-1.29105672555684
2019-02-20 05:00:00,721.208333333332,-32.9067667511194,-1.13814808255261,-1.13814428498306
2019-02-20 06:00:00,721.25,-32.6440970705224,-1.09659115998524,-1.09658735552077
2019-02-20 07:00:00,721.291666666668,-32.718834279096,-1.10878382152846,-1.10878001017181
2019-02-20 08:00:00,721.333333333332,-32.4931550936449,-1.07312036222575,-1.07311654397967
2019-02-20 09:00:00,721.375,-32.3216025886194,-1.04607974705061,-1.04607592191785
2019-02-20 10:00:00,721.416666666668,-32.4035655071161,-1.0594247451164,-1.05942091309973
2019-02-20 11:00:00,721.458333333332,-32.3155558009294,-1.04569340756642,-1.0456895686686
2019-02-20 15:00:00,721.625,-31.1028608875696,-0.853669174060683,-0.853665307665948
2019-02-20 16:00:00,721.666666666668,-30.7848178624535,-0.803295487000798,-0.803291613738773
2019-02-20 17:00:00,721.708333333332,-30.7430556115028,-0.796933948768772,-0.796930068642237
2019-02-20 18:00:00,721.75,-30.7503996548327,-0.79839550222804,-0.798391615239783
2019-02-20 19:00:00,721.791666666668,-30.940459835514,-0.82896429070949,-0.828960396862298
2019-02-20 20:00:00,721.833333333332,-30.5585806879406,-0.768423159106245,-0.768419258402912
2019-02-20 21:00:00,721.875,-30.1822691459813,-0.708769374527276,-0.708765466970597
2019-02-20 22:00:00,721.916666666668,-29.1859537383333,-0.550348954402798,-0.550345039995571
2019-02-20 23:00:00,721.958333333332,-27.5594666775926,-0.29154216278293,-0.291538241527959
2019-02-21,722,-25.8877537125926,-0.0255312753157221,-0.0255273472158113
2019-02-21 01:00:00,722.041666666668,-24.236675922963,0.23719199109951,0.237195926041551
2019-02-21 02:00:00,722.083333333332,-23.4530574342593,0.361727948261887,0.361731890043245
2019-02-21 03:00:00,722.125,-23.3049888822222,0.385019923774386,0.385023872392246
2019-02-21 04:00:00,722.166666666668,-23.0761815124074,0.421173228240224,0.421177183691767
2019-02-21 05:00:00,722.208333333332,-23.2469593051852,0.393671908492684,0.393675870775087
2019-02-21 06:00:00,722.25,-23.5621685218519,0.343162137595103,0.34316610670554
2019-02-21 07:00:00,722.291666666668,-23.0564944622222,0.42341923726489,0.423423213200532
2019-02-21 08:00:00,722.333333333332,-22.37722967,0.531329042879149,0.531333025637163
2019-02-21 09:00:00,722.375,-21.9397666605556,0.600719230047273,0.600723219624825
2019-02-21 10:00:00,722.416666666668,-22.0617926159259,0.5809820038004,0.580986000194649
2019-02-21 11:00:00,722.458333333332,-21.8593926005556,0.612925645181969,0.612929648390073
2019-02-21 12:00:00,722.5,-21.7352684835185,0.632399458825951,0.632403468845063
2019-02-21 13:00:00,722.541666666668,-21.9721252647399,0.5943683363732,0.594372353200472
2019-02-21 16:30:00,722.6875,-19.3696555427778,1.0078914715448,1.00789551217814
2019-02-21 17:30:00,722.729166666668,-19.6024137482375,0.970511362351495,0.970515409780136
2019-02-21 18:30:00,722.770833333332,-19.2235566217069,1.03056159241692,1.03056564663799
2019-02-21 19:30:00,722.8125,-20.7351168723562,0.789466563341657,0.789470624352284
2019-02-21 20:30:00,722.854166666668,-21.995202229128,0.588431244682764,0.588435312480075
2019-02-21 21:30:00,722.895833333332,-22.2715343491651,0.544108099907764,0.544112174488882
2019-02-21 22:30:00,722.9375,-22.76160113859,0.465736449987152,0.465740531349195
2019-02-21 23:30:00,722.979166666668,-22.9144601137291,0.441081826436098,0.441085914576182
2019-02-22 01:30:00,723.0625,-23.439846277037,0.356778018387452,0.356782120074952
2019-02-22 02:30:00,723.104166666668,-23.6276259474074,0.326559245810369,0.326563354267237
2019-02-22 03:30:00,723.145833333332,-23.6854759648148,0.317037941005435,0.317042056228773
2019-02-22 04:30:00,723.1875,-23.4632870353704,0.352126621915767,0.352130743902677
2019-02-22 05:30:00,723.229166666668,-23.8475759475926,0.290602530771565,0.29060665951914
2019-02-22 06:30:00,723.270833333332,-24.0868998320965,0.252171053813354,0.252175189318687
2019-02-22 07:30:00,723.3125,-24.2628439904135,0.223835594362651,0.223839736622832
2019-02-22 08:30:00,723.354166666668,-24.5068574266667,0.184656232285196,0.184660381297311
2019-02-22 09:30:00,723.395833333332,-24.4563580554731,0.192392553045955,0.192396708807086
2019-02-22 10:30:00,723.4375,-25.3006208289963,0.0575922070527308,0.0575963695599579
2019-02-22 11:30:00,723.479166666668,-25.584713804461,0.0120268926601568,0.0120310619105554
2019-02-22 12:30:00,723.520833333332,-26.3231388875926,-0.105914268530884,-0.105910092540241
2019-02-22 14:00:00,723.583333333332,-27.0952290707635,-0.229373845328535,-0.229369659233021
2019-02-22 18:00:00,723.75,-27.6867880507435,-0.324854355876308,-0.324850142866793
2019-02-22 19:00:00,723.791666666668,-27.6878330395176,-0.325333050161251,-0.325328830430598
2019-02-22 20:00:00,723.833333333332,-27.651719880705,-0.319892841162563,-0.319888614713726
2019-02-22 21:00:00,723.875,-27.1678348686456,-0.243122671978772,-0.243118438814705
2019-02-22 22:00:00,723.916666666668,-26.8808608378479,-0.197720978684855,-0.197716738808516
2019-02-22 23:00:00,723.958333333332,-26.673207828757,-0.164955596531761,-0.164951349946113
2019-02-23,724,-27.0273847815985,-0.221690544343397,-0.221686291051404
2019-02-23 01:00:00,724.041666666668,-27.0705148198148,-0.228875911754436,-0.228871651759067
2019-02-23 02:00:00,724.083333333332,-27.2489611298148,-0.257617673175076,-0.257613406479304
2019-02-23 03:00:00,724.125,-27.0501574109259,-0.226263650460498,-0.226259377067296
2019-02-23 04:00:00,724.166666666668,-27.0849944338889,-0.232129179777979,-0.232124899690326
2019-02-23 05:00:00,724.208333333332,-27.2302096317254,-0.255578445960914,-0.25557415918179
2019-02-23 06:00:00,724.25,-27.9876029703154,-0.376548542004284,-0.376544248536675
2019-02-23 07:00:00,724.291666666668,-28.3961796061111,-0.441952302429762,-0.441948002276657
2019-02-23 08:00:00,724.333333333332,-28.1837537757576,-0.408430340464981,-0.40842603362937
2019-02-23 09:00:00,724.375,-28.4594555714815,-0.452667872236876,-0.452663558721753
2019-02-23 10:00:00,724.416666666668,-29.1513407610801,-0.56320412998026,-0.563199809788624
2019-02-23 11:00:00,724.458333333332,-29.337256038961,-0.593139432968894,-0.593135106103745
2019-02-23 12:00:00,724.5,-29.1736015096834,-0.567388429461092,-0.567384095925435
2019-02-23 13:30:00,724.5625,-31.7384160195896,-0.976444908795224,-0.976440565259445
2019-02-23 14:30:00,724.604166666668,-31.7834088983271,-0.983932619746629,-0.983928269547867
2019-02-23 15:30:00,724.645833333332,-32.5755493519553,-1.11044188631593,-1.1104375294572
2019-02-23 19:30:00,724.8125,-30.5387662690167,-0.787267917504206,-0.787263534035827
2019-02-23 20:30:00,724.854166666668,-30.9026159480519,-0.845552220233542,-0.845547830120324
2019-02-23 21:30:00,724.895833333332,-30.4029089775093,-0.766271743604243,-0.76626734684922
2019-02-23 22:30:00,724.9375,-27.9147902912801,-0.370236271584284,-0.370231868190494
2019-02-23 23:30:00,724.979166666668,-27.8527550792208,-0.360678042404447,-0.360673632374932
2019-02-24 00:30:00,725.020833333332,-27.7652063791822,-0.347055907886886,-0.347051491224691
2019-02-24 01:30:00,725.0625,-27.4777203827778,-0.301584030543976,-0.301579607252148
2019-02-24 02:30:00,725.104166666668,-27.3629166985185,-0.283620980123504,-0.283616550205096
2019-02-24 03:30:00,725.145833333332,-27.1175446105948,-0.244858700723559,-0.244854264181626
2019-02-24 04:30:00,725.1875,-27.4462758861111,-0.297551908244096,-0.297547465081694
2019-02-24 05:30:00,725.229166666668,-27.127014870872,-0.247019891480014,-0.247015441700205
2019-02-24 06:30:00,725.270833333332,-27.0428219358071,-0.233934798398805,-0.233930342004653
2019-02-24 07:30:00,725.3125,-24.862657385,0.113039660516176,0.113044123521605
2019-02-24 08:30:00,725.354166666668,-24.996081465,0.0914573870314523,0.0914618566450852
2019-02-24 09:30:00,725.395833333332,-23.3239401880374,0.35750255516487,0.357507031383634
2019-02-24 10:30:00,725.4375,-22.7073685148148,0.455394321242424,0.455398804063242
2019-02-24 11:30:00,725.479166666668,-21.6175555464815,0.628673354126551,0.628677843546341
2019-02-24 13:00:00,725.541666666668,-21.9717657875465,0.571753214157025,0.571757713469492
2019-02-24 14:00:00,725.583333333332,-21.2802676615242,0.681579384537038,0.681583890440764
2019-02-24 15:00:00,725.625,-21.5847063260223,0.632751703380953,0.632756215872845
2019-02-24 16:00:00,725.666666666668,-21.2665724605948,0.683099862211879,0.683104381288843
2019-02-24 17:00:00,725.708333333332,-19.280290046934,0.99918486809732,0.999189393756257
2019-02-24 21:00:00,725.875,-20.2335342962894,0.846003485657876,0.846008037613664
2019-02-24 22:00:00,725.916666666668,-20.6658293153989,0.776805336915982,0.776809895438206
2019-02-24 23:00:00,725.958333333332,-20.7983543667904,0.75536035051419,0.755364915599732
2019-02-25,726,-20.7400203662338,0.764318939912256,0.764323511557996
2019-02-25 01:00:00,726.041666666668,-20.8987847797774,0.73869318940854,0.738697767611354
2019-02-25 02:00:00,726.083333333332,-20.4973487892393,0.8023073563782,0.802311941134962
2019-02-25 03:00:00,726.125,-21.5262375122449,0.638069367301385,0.638073958608963
2019-02-25 04:00:00,726.166666666668,-22.9629741037037,0.408860514447444,0.408865112302706
2019-02-25 05:00:00,726.208333333332,-23.297687052963,0.355204408608218,0.355209013008028
2019-02-25 06:00:00,726.25,-23.8767981259259,0.262615100478019,0.262619711419237
2019-02-25 07:00:00,726.291666666668,-24.5827184927778,0.149824574849268,0.149829192328751
2019-02-25 08:00:00,726.333333333332,-25.6663275697318,-0.0231324383895629,-0.0231278143749595
2019-02-25 09:00:00,726.375,-26.8810167135185,-0.216971005963231,-0.216966375416657
2019-02-25 10:00:00,726.416666666668,-27.1242378250936,-0.256054427626393,-0.256049790551002
2019-02-25 11:00:00,726.458333333332,-26.992098162963,-0.235343015471254,-0.2353383718702
2019-02-25 12:30:00,726.520833333332,-28.5437959222635,-0.483038133318963,-0.483033479935338
2019-02-25 13:30:00,726.5625,-29.8913673395176,-0.698046766946067,-0.698042107044683
2019-02-25 14:30:00,726.604166666668,-31.4269239359926,-0.943001979021757,-0.942997312605779
2019-02-25 15:30:00,726.645833333332,-32.0351484226345,-1.04023292820598,-1.04022825527858
2019-02-25 16:30:00,726.6875,-32.8492857081633,-1.17026633811416,-1.17026165867851
2019-02-25 17:30:00,726.729166666668,-32.2916808647495,-1.08178065115674,-1.08177596521602
2019-02-25 22:00:00,726.916666666668,-31.4991899341772,-0.957076514879253,-0.957071799705078
2019-02-25 22:30:00,726.9375,-31.6094291784314,-0.974809347282009,-0.974804628863659
2019-02-25 23:00:00,726.958333333332,-31.3233418037975,-0.929407166947592,-0.929402445285867
2019-02-25 23:30:00,726.979166666668,-31.5924521593478,-0.972448482632245,-0.972443757727943
2019-02-26,727,-31.1270380151899,-0.898479621440655,-0.898474893294576
2019-02-26 00:30:00,727.020833333332,-31.1191521558696,-0.897395443784545,-0.89739071239749
2019-02-26 01:00:00,727.041666666668,-31.0332531253165,-0.88388381298537,-0.883879078358137
2019-02-26 01:30:00,727.0625,-30.8662108613043,-0.857446107871577,-0.857441370004968
2019-02-26 02:00:00,727.083333333332,-30.9467089468354,-0.870441858074735,-0.870437116969553
2019-02-26 02:30:00,727.104166666668,-30.8080043256522,-0.848518561170623,-0.848513816827666
2019-02-26 03:00:00,727.125,-31.0886328088608,-0.893395428151825,-0.893390680571897
2019-02-26 03:30:00,727.145833333332,-31.2071130706522,-0.912442068261177,-0.912437317445081
2019-02-26 04:00:00,727.166666666668,-32.5960254379747,-1.13386955129897,-1.13386479724751
2019-02-26 04:30:00,727.1875,-32.7650000180043,-1.16096017366719,-1.16095541638116
2019-02-26 05:00:00,727.208333333332,-32.7739492974684,-1.16255875190587,-1.16255399138609
2019-02-26 05:30:00,727.229166666668,-32.8419067151844,-1.1735574693205,-1.17355270556776
2019-02-26 06:00:00,727.25,-33.0493925544304,-1.20678326455582,-1.20677849757092
2019-02-26 06:30:00,727.270833333332,-33.4146551696312,-1.26514311349003,-1.26513834327379
2019-02-26 07:00:00,727.291666666668,-33.7376201025316,-1.31676501192525,-1.31676023847846
2019-02-26 07:30:00,727.3125,-33.459386191974,-1.27261560546914,-1.27261082879262
2019-02-26 08:00:00,727.333333333332,-33.1852024481013,-1.22911149393365,-1.2291067140282
2019-02-26 08:30:00,727.354166666668,-33.3127116615561,-1.24959745800638,-1.2495926748728
2019-02-26 09:00:00,727.375,-34.4958353670886,-1.43824366545108,-1.43823887909019
2019-02-26 09:30:00,727.395833333332,-34.5695747809111,-1.45016426285337,-1.45015947326597
2019-02-26 10:00:00,727.416666666668,-34.6612912936709,-1.46494872534744,-1.46494393253433
2019-02-26 10:30:00,727.4375,-34.5407722043384,-1.44592400512409,-1.44591920908608
2019-02-26 11:30:00,727.479166666668,-34.6270335752809,-1.46001391781918,-1.46000911533381
2019-02-26 12:00:00,727.5,-34.584051289755,-1.45334116680333,-1.45333636109549
2019-02-26 12:30:00,727.520833333332,-34.5429999078652,-1.44697611038934,-1.44697130145983
2019-02-26 13:00:00,727.541666666668,-34.680358622049,-1.46903201002437,-1.46902719787401
2019-02-26 13:30:00,727.5625,-35.0559214067416,-1.52903408854303,-1.52902927317264
2019-02-26 14:00:00,727.583333333332,-35.1749554336303,-1.5481710528306,-1.54816623424097
2019-02-26 14:30:00,727.604166666668,-35.158191252809,-1.54567536577019,-1.54567054396214
2019-02-26 15:00:00,727.625,-34.6627723669643,-1.46692974230784,-1.46692491728219
2019-02-26 15:30:00,727.645833333332,-34.4600673213483,-1.43481374290928,-1.43480891466683
2019-02-26 16:00:00,727.666666666668,-33.9084464732143,-1.34711530694611,-1.34711047548767
2019-02-26 18:30:00,727.770833333332,-33.3764619317254,-1.26324708697612,-1.26324223944996
2019-02-26 19:30:00,727.8125,-33.6573277121043,-1.30834082558676,-1.30833597163921
2019-02-26 23:30:00,727.979166666668,-31.8066395098639,-1.0149353444266,-1.01493046482611
2019-02-27,728,-31.3488804423913,-0.942190755991967,-0.94218587318854
2019-02-27 00:30:00,728.020833333332,-31.9603911408163,-1.0397817051108,-1.03977681910525
2019-02-27 01:00:00,728.041666666668,-31.991257142449,-1.04487563880479,-1.04487074959794
2019-02-27 01:30:00,728.0625,-31.8988027238095,-1.0303246411104,-1.03031974870307
2019-02-27 02:00:00,728.083333333332,-31.8357142759184,-1.02045176320612,-1.02044686759913
2019-02-27 02:30:00,728.104166666668,-31.1186564520408,-0.906401196014577,-0.906396297208746
2019-02-27 03:00:00,728.125,-31.2260081057143,-0.923679747349235,-0.923674845345384
2019-02-27 03:30:00,728.145833333332,-30.9820476411565,-0.884994126794148,-0.884989221593097
2019-02-27 04:00:00,728.166666666668,-30.4699591661225,-0.803595622136379,-0.80359071373895
2019-02-27 04:30:00,728.1875,-29.9989218251701,-0.728736692024388,-0.728731780431402
2019-02-27 05:00:00,728.208333333332,-30.1340775567347,-0.750444851085577,-0.750439936297857
2019-02-27 05:30:00,728.229166666668,-30.3982312687075,-0.792702580114783,-0.792697662133153
2019-02-27 06:00:00,728.25,-30.5645183918367,-0.819370191087128,-0.819365269912409
2019-02-27 06:30:00,728.270833333332,-30.3364830136054,-0.783222045264853,-0.783217120897868
2019-02-27 07:00:00,728.291666666668,-30.3032763447154,-0.778110351504669,-0.778105423946243
2019-02-27 07:30:00,728.3125,-31.120224487415,-0.908429026175929,-0.908424095426885
2019-02-27 08:00:00,728.333333333332,-31.043804851626,-0.896433674713675,-0.896428740774838
2019-02-27 08:30:00,728.354166666668,-31.7493809605442,-1.00901090357555,-1.00900596644775
2019-02-27 09:00:00,728.375,-32.1526300837398,-1.0734273269108,-1.07342238659486
2019-02-27 09:30:00,728.395833333332,-33.0498299115646,-1.21653054979945,-1.21652560629618
2019-02-27 10:00:00,728.416666666668,-33.2444226630081,-1.24770806262874,-1.24770311593899
2019-02-27 11:00:00,728.458333333332,-34.7023794841584,-1.48031942085155,-1.48031446779129
2019-02-27 11:30:00,728.479166666668,-34.9684553765957,-1.52288454688585,-1.52287959064158
2019-02-27 12:00:00,728.5,-34.8770000042763,-1.50849478615624,-1.50848982672879
2019-02-27 12:30:00,728.520833333332,-34.9814254923404,-1.52530908564975,-1.52530412303995
2019-02-27 13:00:00,728.541666666668,-35.8757194528053,-1.66795009640865,-1.66794513061731
2019-02-27 13:30:00,728.5625,-35.6757362353191,-1.63627206987517,-1.63626710090314
2019-02-27 14:00:00,728.583333333332,-35.8617005381579,-1.6660758582485,-1.6660708860966
2019-02-27 14:30:00,728.604166666668,-35.8985234842553,-1.67212142100791,-1.67211644567697
2019-02-27 15:00:00,728.625,-35.237983490429,-1.56707666816347,-1.56707168965432
2019-02-27 15:30:00,728.645833333332,-35.1397009478632,-1.55160002814805,-1.55159504646152
2019-02-27 16:00:00,728.666666666668,-35.1927359818482,-1.56022848523469,-1.56022350037162
2019-02-27 16:30:00,728.6875,-35.3027786617021,-1.57793840004761,-1.57793341200882
2019-02-27 17:00:00,728.708333333332,-34.6760958547855,-1.47828751732284,-1.47828252610916
2019-02-27 17:30:00,728.729166666668,-34.4070341255319,-1.43560602678511,-1.43560103239738
2019-02-27 18:00:00,728.75,-34.7491644944079,-1.49028797317655,-1.49028297561559
2019-02-27 18:30:00,728.770833333332,-34.6648844880342,-1.47704254098127,-1.47703754024792
2019-02-27 19:00:00,728.791666666668,-34.1895953157191,-1.40150916811713,-1.40150416421223
2019-02-27 19:30:00,728.8125,-33.5231234421277,-1.29552035318053,-1.2955153461049
2019-02-27 21:00:00,728.875,-30.6880768668896,-0.844437893115331,-0.844432876532538
2019-02-27 21:30:00,728.895833333332,-30.6758382442553,-0.842669297797294,-0.842664278047115
2019-02-28 01:00:00,729.041666666668,-26.0958848819444,-0.114349399986492,-0.114344358088019
2019-02-28 01:30:00,729.0625,-25.9874286657143,-0.0972540625719065,-0.0972490175127397
2019-02-28 02:00:00,729.083333333332,-25.3658690744048,0.00157891060234039,0.00158395882136153
2019-02-28 02:30:00,729.104166666668,-25.2806573571429,0.0149711856228272,0.0149762370008649
2019-02-28 03:00:00,729.125,-25.3848889031746,-0.00181508509164185,-0.00181003055542672
2019-02-28 03:30:00,729.145833333332,-25.3116000028571,0.00967767966511801,0.00968273735867031
2019-02-28 04:00:00,729.166666666668,-25.2669682678571,0.0166052390408656,0.0166102998909161
2019-02-28 04:30:00,729.1875,-25.3238856228571,0.00735585736763833,0.00736092137334676
2019-02-28 05:00:00,729.208333333332,-25.6080039954365,-0.038086907187029,-0.0380818400265042
2019-02-28 05:30:00,729.229166666668,-25.78139992,-0.0658916050461825,-0.0658865347316815
2019-02-28 06:00:00,729.25,-27.0587340930556,-0.269554553151557,-0.269549479683921
2019-02-28 06:30:00,729.270833333332,-27.1442856371429,-0.283365775149949,-0.283360698530021
2019-02-28 07:00:00,729.291666666668,-27.577452356746,-0.352552441344889,-0.352547361573509
2019-02-28 07:30:00,729.3125,-27.6541388305556,-0.364951647943051,-0.364946565021063
2019-02-28 08:00:00,729.333333333332,-27.8454291185629,-0.395607422320078,-0.395602336248325
2019-02-28 08:30:00,729.354166666668,-27.9086666055556,-0.405864392243815,-0.405859303023139
2019-02-28 09:00:00,729.375,-28.2054286077381,-0.453322082549679,-0.453316990180926
2019-02-28 09:30:00,729.395833333332,-28.1463333833333,-0.444091560569679,-0.444086465053691
2019-02-28 10:30:00,729.4375,-28.8607354229572,-0.558263389532307,-0.558258287724384
2019-02-28 11:00:00,729.458333333332,-28.8902916875,-0.563155407580366,-0.563150302627743
2019-02-28 11:30:00,729.479166666668,-28.7150428215953,-0.535421920107264,-0.535416812010786
2019-02-28 12:00:00,729.5,-28.739279864,-0.539466778474704,-0.539461667235218
2019-02-28 12:30:00,729.520833333332,-29.2376011365759,-0.619033691563078,-0.619028577181429
2019-02-28 13:00:00,729.541666666668,-29.18568,-0.610946693708269,-0.610941576185304
2019-02-28 13:30:00,729.5625,-28.5462626247082,-0.509271223215016,-0.509266102551583
2019-02-28 14:00:00,729.583333333332,-28.734479816,-0.539438628613839,-0.539433504810785
2019-02-28 14:30:00,729.604166666668,-28.0770019546693,-0.434886305759693,-0.434881178817866
2019-02-28 15:00:00,729.625,-28.069479988,-0.433872519341777,-0.433867389262025
2019-02-28 15:30:00,729.645833333332,-28.1815039035019,-0.451902575309271,-0.451897442092442
2019-02-28 16:00:00,729.666666666668,-28.176800008,-0.451337905471691,-0.451332769118635
2019-02-28 16:30:00,729.6875,-28.3053696640078,-0.472003905507755,-0.471998766019322
2019-02-28 17:00:00,729.708333333332,-28.391360088,-0.485887101311675,-0.485881958688713
2019-02-28 17:30:00,729.729166666668,-28.3987457227384,-0.487248595847441,-0.4872434500908
2019-02-28 18:00:00,729.75,-28.8687500208333,-0.562305671857041,-0.562300522967572
2019-02-28 18:30:00,729.770833333332,-30.1334931532417,-0.7639653098874,-0.763960157865955
2019-02-28 19:00:00,729.791666666668,-30.689599992,-0.852738777699863,-0.852733622547291
2019-02-28 19:30:00,729.8125,-32.6425697491159,-1.16403360435909,-1.16402844607624
2019-02-28 20:00:00,729.833333333332,-32.8866081173913,-1.20309453726587,-1.20308937585361
2019-02-28 20:30:00,729.854166666668,-31.4830491976378,-0.979692142485888,-0.97968697794505
2019-02-28 21:00:00,729.875,-32.412400136,-1.12792405289548,-1.12791888522693
2019-02-28 21:30:00,729.895833333332,-31.4113484090551,-0.968641536874082,-0.968636366078664
2019-02-28 22:00:00,729.916666666668,-32.529039912,-1.14687642907224,-1.14687125515081
2019-02-28 22:30:00,729.9375,-31.5054970319527,-0.984011251501574,-0.984006074454989
2019-02-28 23:00:00,729.958333333332,-32.53308022,-1.14789201990876,-1.14788683973787
2019-03-01 02:30:00,730.104166666668,-30.724731492037,-0.861125730838496,-0.861120528821443
2019-03-01 03:30:00,730.145833333332,-31.3782838818182,-0.965610814786734,-0.965605606535629
2019-03-01 04:30:00,730.1875,-31.3225491111317,-0.957106336533112,-0.957101122051388
2019-03-01 05:30:00,730.229166666668,-31.6378218584416,-1.00770401015701,-1.00769878944811
2019-03-01 06:30:00,730.270833333332,-31.6511447460111,-1.01020124428934,-1.01019601735668
2019-03-01 07:30:00,730.3125,-31.9015565935065,-1.05046730791458,-1.05046207476162
2019-03-01 08:30:00,730.354166666668,-31.7159535884972,-1.02127628251187,-1.02127104314205
2019-03-01 10:00:00,730.416666666668,-31.040367306679,-0.914219132054379,-0.914213883365728
2019-03-01 11:00:00,730.458333333332,-31.1473605754647,-0.931639872711186,-0.931634617814296
2019-03-01 12:00:00,730.5,-33.7154572507435,-1.34111653263988,-1.34111127153821
2019-03-01 13:00:00,730.541666666668,-32.9846270782931,-1.22507217596107,-1.22506690865807
2019-03-01 14:00:00,730.583333333332,-31.6135806912801,-1.00704130629202,-1.00703603279115
2019-03-07 20:00:00,736.833333333332,-34.4920484650467,-1.52652629664728,-1.52652013432659
2019-03-07 21:00:00,736.875,-34.7967014244403,-1.57549170793127,-1.57548553996835
2019-03-07 22:00:00,736.916666666668,-35.0423643648598,-1.61506032287645,-1.61505414927518
2019-03-07 23:00:00,736.958333333332,-35.1938513362454,-1.63962699427129,-1.63962081503557
2019-03-08,737,-35.3947545862454,-1.67206606955619,-1.67205988468992
2019-03-08 01:00:00,737.041666666668,-34.5193265100186,-1.53304515058382,-1.5330389600909
2019-03-08 02:00:00,737.083333333332,-34.4346018683333,-1.51998420872733,-1.51997801261165
2019-03-08 03:00:00,737.125,-34.4206296348148,-1.51819453077607,-1.51818832904154
2019-03-08 04:00:00,737.166666666668,-34.5166740222222,-1.53393093365765,-1.53392472630818
2019-03-08 05:00:00,737.208333333332,-34.2960666942593,-1.49922484627387,-1.49921863331336
2019-03-08 06:00:00,737.25,-34.199441516141,-1.48426955801199,-1.48426333944436
2019-03-08 07:00:00,737.291666666668,-34.1640056440741,-1.47906212375907,-1.47905589958824
2019-03-08 08:00:00,737.333333333332,-34.0381796153704,-1.459455826564,-1.45944959679388
2019-03-08 09:00:00,737.375,-33.9117685174074,-1.43975668079746,-1.43975044543197
2019-03-08 10:00:00,737.416666666668,-33.8756313809259,-1.43443859476074,-1.4344323538038
2019-03-08 11:00:00,737.458333333332,-34.0007922679035,-1.45481575205667,-1.45480950551221
2019-03-08 12:00:00,737.5,-33.9621295777778,-1.44909604915483,-1.44908979702678
2019-03-08 13:00:00,737.541666666668,-34.0486629122222,-1.46332051491352,-1.46331425720581
2019-03-08 14:00:00,737.583333333332,-33.7799667442593,-1.42095701934185,-1.42095075605841
2019-03-08 15:00:00,737.625,-33.5854898218924,-1.39041705466062,-1.39041078580539
2019-03-08 16:00:00,737.666666666668,-33.5684296040741,-1.38814004960137,-1.38813377517829
2019-03-08 17:00:00,737.708333333332,-33.5964333088889,-1.3930421111981,-1.3930358312111
2019-03-08 21:30:00,737.895833333332,-33.9631799380334,-1.45345418734123,-1.45344788236546
2019-03-08 22:30:00,737.9375,-33.1332245729128,-1.32168468561817,-1.32167837510021
2019-03-11 13:00:00,740.541666666668,-25.6763524588126,-0.162171327946327,-0.162164679000974
2019-03-11 14:30:00,740.604166666668,-26.4556791212687,-0.287015879659362,-0.28700922278693
2019-03-11 15:30:00,740.645833333332,-27.9547733679775,-0.526287921796121,-0.526281259644121
2019-03-11 16:30:00,740.6875,-29.4947127048507,-0.772066950948935,-0.772060283521488
2019-03-11 17:30:00,740.729166666668,-30.1772953100935,-0.881268774801106,-0.88126210210234
2019-03-11 18:30:00,740.770833333332,-30.2473700728972,-0.892897996133948,-0.892891318167992
2019-03-11 19:30:00,740.8125,-30.1226560435514,-0.873497557926829,-0.873490874697812
2019-03-11 20:30:00,740.854166666668,-30.6812280383178,-0.96294540565407,-0.962938717166126
2019-03-11 21:30:00,740.895833333332,-29.9235018641791,-0.842706348201154,-0.84269965445842
2019-03-11 22:30:00,740.9375,-29.4679943742537,-0.770611276642443,-0.770604577649055
2019-03-12 02:30:00,741.104166666668,-31.2105492179963,-1.0500752273937,-1.05006850743913
2019-03-12 03:30:00,741.145833333332,-31.4881598355019,-1.09476805829393,-1.09476133310944
2019-03-12 04:30:00,741.1875,-31.2780574987013,-1.06176819913658,-1.06176146872631
2019-03-12 05:30:00,741.229166666668,-31.0590185644981,-1.02734506547507,-1.02733832984319
2019-03-12 06:30:00,741.270833333332,-31.0848664001855,-1.03193290086359,-1.03192616001424
2019-03-12 07:30:00,741.3125,-31.6214256310409,-1.11787775782938,-1.11787101176673
2019-03-12 08:30:00,741.354166666668,-31.502415307635,-1.09939024744836,-1.09938349617658
2019-03-12 09:30:00,741.395833333332,-31.8270018736549,-1.15156836943631,-1.15156161295956
2019-03-12 10:30:00,741.4375,-32.3499462185529,-1.2353453579906,-1.23533859631305
2019-03-12 11:30:00,741.479166666668,-32.2748981342593,-1.22386205564229,-1.2238552887681
2019-03-12 12:30:00,741.520833333332,-32.5654342534323,-1.27061690831557,-1.27061013624892
2019-03-12 14:00:00,741.583333333332,-32.6773160169145,-1.28914873361041,-1.2891419537629
2019-03-12 15:00:00,741.625,-33.3792751072491,-1.40144438393432,-1.40143759890479
2019-03-12 16:00:00,741.666666666668,-33.6451101009328,-1.44426548331251,-1.44425869310514
2019-03-12 17:00:00,741.708333333332,-33.2218772600372,-1.37731791329357,-1.37731111791255
2019-03-12 18:00:00,741.75,-34.0386842146617,-1.50790989767361,-1.50790309712311
2019-03-12 19:00:00,741.791666666668,-33.5553828966543,-1.4313940337319,-1.43138722801612
2019-03-12 20:00:00,741.833333333332,-32.9723277486034,-1.3389876417176,-1.33898083084073
2019-03-12 21:00:00,741.875,-33.0757929285448,-1.35594475664374,-1.35593794060996
2019-03-12 22:00:00,741.916666666668,-32.0296368698324,-1.18976671457068,-1.1897598933842
2019-03-12 23:00:00,741.958333333332,-30.8906375561338,-1.00879900323949,-1.00879217690451
2019-03-13,742,-30.5587248776952,-0.956401097023592,-0.956394265544305
2019-03-13 03:30:00,742.145833333332,-30.29613095,-0.916238343426946,-0.916231493975697
2019-03-13 04:00:00,742.166666666668,-30.5943802274725,-0.963988371075815,-0.963981519061352
2019-03-13 04:30:00,742.1875,-30.2809166845238,-0.914292190829669,-0.914285336253043
2019-03-13 05:00:00,742.208333333332,-30.4654285421978,-0.943923929267093,-0.943917072129359
2019-03-13 05:30:00,742.229166666668,-30.5910000385542,-0.964166507501573,-0.964159647803785
2019-03-13 06:00:00,742.25,-30.7278615402198,-0.986207673093536,-0.986200810836747
2019-03-13 06:30:00,742.270833333332,-30.3561190630952,-0.92722794282272,-0.927221078007984
2019-03-13 07:00:00,742.291666666668,-30.695679138022,-0.981559298781801,-0.981552431410174
2019-03-13 07:30:00,742.3125,-30.1685000392857,-0.897818566345695,-0.897811696418229
2019-03-13 08:00:00,742.333333333332,-30.4188145988962,-0.937933210611962,-0.937926338129713
2019-03-13 08:30:00,742.354166666668,-30.3316905154762,-0.924293719196227,-0.924286844160252
2019-03-13 09:00:00,742.375,-30.3106131934066,-0.921175605321232,-0.921168727732586
2019-03-13 09:30:00,742.395833333332,-30.3442857071429,-0.926779260644163,-0.926772380503903
2019-03-13 10:00:00,742.416666666668,-30.4353004346491,-0.941517652796565,-0.941510770105745
2019-03-13 10:30:00,742.4375,-30.228583447619,-0.908827251228262,-0.908820365987939
2019-03-13 11:00:00,742.458333333332,-30.2011494564835,-0.904696840160793,-0.904689952372025
2019-03-13 11:30:00,742.479166666668,-30.0464286785714,-0.8802896341054,-0.880282743769244
2019-03-13 12:00:00,742.5,-30.1759382746696,-0.901160610819832,-0.901153717937344
2019-03-13 13:00:00,742.541666666668,-32.9410743361702,-1.3421290155343,-1.34212211756233
2019-03-13 13:30:00,742.5625,-32.7215768597285,-1.3074031592303,-1.30739625871516
2019-03-13 14:00:00,742.583333333332,-32.9246275882979,-1.33998961489511,-1.33998271183788
2019-03-13 14:30:00,742.604166666668,-32.7608783554054,-1.31414465550093,-1.31413774990266
2019-03-13 15:00:00,742.625,-32.3664149659574,-1.25154684698704,-1.25153993884879
2019-03-13 15:30:00,742.645833333332,-32.4159164663657,-1.25967304355001,-1.25966613287284
2019-03-13 16:00:00,742.666666666668,-32.1875319106383,-1.22353187361895,-1.22352496040392
2019-03-13 16:30:00,742.6875,-32.6353243040816,-1.29510625569342,-1.29509933994158
2019-03-13 17:30:00,742.729166666668,-32.2658682314371,-1.23673334917682,-1.23672642835457
2019-03-13 18:00:00,742.75,-32.8335000297872,-1.32739847630141,-1.32739155294554
2019-03-13 18:30:00,742.770833333332,-32.625778769526,-1.29454938778722,-1.29454246189879
2019-03-13 19:00:00,742.791666666668,-31.4730744808511,-1.11116390819422,-1.11115697977429
2019-03-13 19:30:00,742.8125,-31.7517809846501,-1.15580327135906,-1.15579634040871
2019-03-13 20:00:00,742.833333333332,-30.2496914978723,-0.916760641228431,-0.916753707748703
2019-03-13 20:30:00,742.854166666668,-31.3467246297968,-1.09176018217331,-1.09175324616527
2019-03-13 21:00:00,742.875,-29.4257659638298,-0.785991553540238,-0.785984615004955
2019-03-13 21:30:00,742.895833333332,-30.1592896199095,-0.903083936224245,-0.903076995162779
2019-03-13 22:00:00,742.916666666668,-28.098680837234,-0.575069105151547,-0.575062161564961
2019-03-13 22:30:00,742.9375,-28.4299344758465,-0.628079747471694,-0.628072801361052
2019-03-13 23:00:00,742.958333333332,-27.3700851297872,-0.459486770630745,-0.45947982199711
2019-03-13 23:30:00,742.979166666668,-27.6092747470721,-0.49783170932523,-0.497824758169667
2019-03-14,743,-27.6540639106383,-0.505208597155772,-0.505201643479346
2019-03-14 00:30:00,743.020833333332,-28.186545240724,-0.590275275927128,-0.590268319730903
2019-03-14 01:00:00,743.041666666668,-27.4099786234043,-0.466809761487501,-0.466802802772542
2019-03-14 01:30:00,743.0625,-27.8489392135135,-0.536978680063342,-0.536971718830715
2019-03-14 05:00:00,743.208333333332,-26.2048322421053,-0.276768788963251,-0.276761810136801
2019-03-14 05:30:00,743.229166666668,-26.2008247294872,-0.276373213037151,-0.276366231701566
2019-03-14 06:00:00,743.25,-25.8203815345395,-0.216011243872021,-0.21600426002837
2019-03-14 06:30:00,743.270833333332,-25.940807725641,-0.23543820576251,-0.23543121941186
2019-03-14 07:00:00,743.291666666668,-25.6698517431034,-0.192517787605232,-0.192510798748652
2019-03-14 07:30:00,743.3125,-25.9156680957447,-0.231919651602044,-0.231912660240604
2019-03-14 08:00:00,743.333333333332,-25.7237303381579,-0.201587052852154,-0.201580058986922
2019-03-14 08:30:00,743.354166666668,-25.7818099506787,-0.211082479631869,-0.211075483263914
2019-03-14 09:00:00,743.375,-25.1106875059211,-0.104415577365087,-0.104408578495481
2019-03-14 09:30:00,743.395833333332,-25.0651659961702,-0.0974074308505585,-0.0974004294803692
2019-03-14 10:00:00,743.416666666668,-25.0707335302632,-0.0985378852416252,-0.0985308813719247
2019-03-14 10:30:00,743.4375,-24.9865574923404,-0.0853722041598214,-0.0853651977916789
2019-03-14 11:00:00,743.458333333332,-24.7364901328947,-0.045779996661369,-0.0457729877958556
2019-03-14 11:30:00,743.479166666668,-24.68617866,-0.0380091242572418,-0.0380021128954298
2019-03-14 12:30:00,743.520833333332,-22.814378943949,0.259682107027368,0.259689123378565
2019-03-14 13:00:00,743.541666666668,-22.9977857138393,0.230221257669322,0.230228276513602
2019-03-14 13:30:00,743.5625,-21.9907006267516,0.390406532374372,0.390413553710664
2019-03-14 14:00:00,743.583333333332,-21.9960937486607,0.389303225394467,0.389310249221699
2019-03-14 14:30:00,743.604166666668,-22.477194277707,0.312419309080111,0.312426335397208
2019-03-14 15:00:00,743.625,-22.59934376875,0.292716470230765,0.292723499036655
2019-03-14 15:30:00,743.645833333332,-22.8474649273885,0.25294617534408,0.25295320663769
2019-03-14 16:00:00,743.666666666668,-22.8632232111607,0.250191373135774,0.250198406916029
2019-03-14 16:30:00,743.6875,-23.1902961566879,0.197843843534839,0.197850879800666
2019-03-14 17:00:00,743.708333333332,-23.1781250165179,0.199538059938994,0.199545098689318
2019-03-14 17:30:00,743.729166666668,-22.4381305792994,0.317174968431296,0.317182009665042
2019-03-14 18:00:00,743.75,-22.5366681367713,0.301233051732431,0.301240095448525
2019-03-14 18:30:00,743.770833333332,-22.5274298843949,0.302459819379944,0.30246686557731
2019-03-14 19:00:00,743.791666666668,-22.1399418482143,0.363941968740377,0.36394901741794
2019-03-14 19:30:00,743.8125,-22.3579264629393,0.32897181301579,0.328978864172474
2019-03-14 20:00:00,743.833333333332,-22.1779553473214,0.357396210432694,0.357403264067424
2019-03-14 20:30:00,743.854166666668,-23.2704649773885,0.183113436676766,0.183120492788463
2019-03-14 21:00:00,743.875,-22.7821830263393,0.260651812422462,0.260658871010051
2019-03-14 21:30:00,743.895833333332,-23.5399681398089,0.139690735343545,0.139697796405949
2019-03-14 22:00:00,743.916666666668,-22.598406275,0.289436767318132,0.289443830854273
2019-03-14 22:30:00,743.9375,-22.6142483856688,0.286667582897491,0.286674648906293
2019-03-14 23:00:00,743.958333333332,-21.8352321147321,0.410519827784633,0.410526896265018
2019-03-14 23:30:00,743.979166666668,-22.3327707063694,0.331015891955813,0.331022962906701
2019-03-15,744,-21.5582760165644,0.454147688036836,0.45415476145715
2019-03-15 00:30:00,744.020833333332,-22.4209873181529,0.316471320918242,0.316478396806903
2019-03-15 01:00:00,744.041666666668,-21.422102665625,0.475348440838128,0.475355519194057
2019-03-15 01:30:00,744.0625,-21.3526709121406,0.486162971001884,0.486170051824003
2019-03-15 02:00:00,744.083333333332,-20.0027991178571,0.700952435974596,0.700959519261824
2019-03-15 02:30:00,744.104166666668,-18.9993057461783,0.860563492023048,0.860570577774305
2019-03-15 03:00:00,744.125,-19.4364285549107,0.790683282404536,0.790690370618743
2019-03-15 06:30:00,744.270833333332,-17.1364931606238,1.15533879815687,1.15534590358146
2019-03-15 07:00:00,744.291666666668,-15.619919964,1.39668313029995,1.39669023817884
2019-03-15 07:30:00,744.3125,-15.9833710919922,1.33853816568215,1.33854527601426
2019-03-15 08:00:00,744.333333333332,-15.157280008,1.46988804716552,1.46989515994976
2019-03-15 08:30:00,744.354166666668,-15.463705654191,1.4208271259225,1.42083424115778
2019-03-15 09:00:00,744.375,-14.878759872,1.51376223193963,1.51376934962489
2019-03-15 09:30:00,744.395833333332,-15.2597606980545,1.4528212747515,1.45282839488563
2019-03-15 10:00:00,744.416666666668,-14.496320036,1.57419058624829,1.57419770883022
2019-03-15 10:30:00,744.4375,-15.6138521324903,1.39591951497162,1.39592664000027
2019-03-15 11:00:00,744.458333333332,-14.498320008,1.57337709173296,1.57338421920724
2019-03-15 12:00:00,744.5,-14.2649694677481,1.61005478957318,1.61006192193546
2019-03-15 12:30:00,744.520833333332,-13.7145714142857,1.69748587074032,1.69749300554497
2019-03-15 13:00:00,744.541666666668,-14.4325820582061,1.58285846198146,1.5828655992274
2019-03-15 13:30:00,744.5625,-13.4890714357143,1.73291250032498,1.73291964001113
2019-03-15 14:00:00,744.583333333332,-14.1937290141221,1.62041208851504,1.6204192306403
2019-03-15 14:30:00,744.604166666668,-13.40442855,1.74590018256373,1.74590732712702
2019-03-15 15:00:00,744.625,-13.9074293833969,1.66552367853796,1.6655308255382
2019-03-15 15:30:00,744.645833333332,-13.0935714642857,1.79492363697667,1.79493078641275
2019-03-15 16:00:00,744.666666666668,-13.8173454246183,1.67937766038755,1.6793848122584
2019-03-15 16:30:00,744.6875,-12.9932855928571,1.81040263519017,1.81040978949471
2019-03-15 17:00:00,744.708333333332,-13.2107284961759,1.77551540226581,1.77552255900293
2019-03-15 17:30:00,744.729166666668,-12.96753322,1.81400808278637,1.814015241955
2019-03-15 18:00:00,744.75,-13.1877729347328,1.77867516038447,1.77868232198352
2019-03-15 18:30:00,744.770833333332,-12.9747142714286,1.81236690158169,1.81237406561006
2019-03-15 19:00:00,744.791666666668,-13.3533282387405,1.7518046922745,1.75181185873111
2019-03-15 19:30:00,744.8125,-12.9087856142857,1.82237183867482,1.82237900755858
2019-03-15 20:00:00,744.833333333332,-13.1151984734733,1.7892412337832,1.78924840509302
2019-03-15 20:30:00,744.854166666668,-12.9932143285714,1.80842442878452,1.80843160251931
2019-03-15 21:00:00,744.875,-13.5241774736641,1.72359257638248,1.72359975254115
2019-03-15 21:30:00,744.895833333332,-12.9662857714286,1.8122160017977,1.81222318037915
2019-03-15 22:00:00,744.916666666668,-13.6942824360687,1.69599641401868,1.69600359502183
2019-03-15 22:30:00,744.9375,-12.78471435,1.84064198384421,1.84064916726797
2019-03-15 23:00:00,744.958333333332,-14.2774083950382,1.60260540212297,1.60261258796623
2019-03-15 23:30:00,744.979166666668,-12.7465000285714,1.84623076791447,1.84623795617617
2019-03-16,745,-14.436744276145,1.57672414310265,1.57673133378168
2019-03-16 00:30:00,745.020833333332,-12.6913571285714,1.85451597740276,1.85452317049802
2019-03-16 01:00:00,745.041666666668,-14.8441812793893,1.51131988891182,1.51132708442223
2019-03-16 01:30:00,745.0625,-12.8462858285714,1.82933632190129,1.82934351982575
2019-03-16 02:00:00,745.083333333332,-14.8565515532443,1.50884973817031,1.50885693850773
2019-03-16 02:30:00,745.104166666668,-13.3245000071429,1.75265674990564,1.75266395265493
2019-03-16 03:00:00,745.125,-14.8794122284351,1.50470815039349,1.50471535555355
2019-03-16 03:30:00,745.145833333332,-13.4586430214286,1.73078765178046,1.7307948593502
2019-03-16 04:00:00,745.166666666668,-15.0318015438931,1.4799322493097,1.47993945928803
2019-03-16 04:30:00,745.1875,-14.5621427285714,1.55449903154742,1.55450624393324
2019-03-16 08:00:00,745.333333333332,-25.493672919375,-0.188655112280676,-0.188647883073084
2019-03-16 09:00:00,745.375,-26.5032615738404,-0.349985018532566,-0.349977784528619
2019-03-16 10:00:00,745.416666666668,-27.6317439532468,-0.530255086939339,-0.530247848143424
2019-03-16 11:30:00,745.479166666668,-28.3100966434944,-0.639070758368473,-0.639063512392842
2019-03-16 12:30:00,745.520833333332,-28.855642726465,-0.726479424075438,-0.726472173318821
2019-03-16 13:30:00,745.5625,-28.9622174546468,-0.743959945177716,-0.743952689644511
2019-03-16 14:30:00,745.604166666668,-29.3855278462825,-0.811896989460957,-0.81188972915556
2019-03-16 15:30:00,745.645833333332,-29.5318252775093,-0.835705976585645,-0.835698711512459
2019-03-16 16:30:00,745.6875,-31.2841843722533,-1.11536203955338,-1.1153547697168
2019-03-16 17:30:00,745.729166666668,-30.5515817951673,-0.999162237289334,-0.999154962693778
2019-03-16 18:30:00,745.770833333332,-30.1010092966543,-0.927890332700482,-0.927883053350352
2019-03-16 19:30:00,745.8125,-30.3361338401487,-0.965850761268711,-0.965843477168416
2019-03-16 20:30:00,745.854166666668,-30.7173680592937,-1.02708686967873,-1.02707958083268
2019-03-16 21:30:00,745.895833333332,-29.9721969946097,-0.908886115271561,-0.908878821684172
2019-03-16 22:30:00,745.9375,-30.7175810061453,-1.02813215325595,-1.02812485493164
2019-03-16 23:30:00,745.979166666668,-31.1965762013011,-1.10494256574774,-1.10493526269093
2019-03-17 00:30:00,746.020833333332,-31.5865947460967,-1.16757923731528,-1.16757192953038
2019-03-17 01:30:00,746.0625,-31.702842020632,-1.18660425269244,-1.18659694018387
2019-03-17 02:30:00,746.104166666668,-30.7117732763941,-1.02923333751997,-1.02922602029217
2019-03-17 03:30:00,746.145833333332,-31.3957044466543,-1.13869140798521,-1.1386840860426
2019-03-17 04:30:00,746.1875,-31.6946951315985,-1.18682848607904,-1.18682115942604
2019-03-17 05:30:00,746.229166666668,-31.7222453923792,-1.19172521239131,-1.19171788103236
2019-03-17 09:30:00,746.395833333332,-32.7512466619666,-1.35768066271545,-1.35767331257705
2019-03-17 11:00:00,746.458333333332,-32.811618989777,-1.36806231274636,-1.36805495558398
2019-03-17 12:00:00,746.5,-33.1830949690875,-1.42774860689536,-1.42774124505589
2019-03-17 13:00:00,746.541666666668,-32.1903029717472,-1.27010633724689,-1.27009897073476
2019-03-17 14:00:00,746.583333333332,-31.8283736124535,-1.21296123620551,-1.21295386502519
2019-03-17 15:00:00,746.625,-31.0607304578067,-1.09118593691879,-1.09117856107472
2019-03-17 16:00:00,746.666666666668,-30.723275120632,-1.03794016339346,-1.03793278289009
2019-03-17 17:00:00,746.708333333332,-30.5657787843866,-1.01336228607559,-1.01335490091739
2019-03-17 18:00:00,746.75,-31.2493892389199,-1.12277362009049,-1.1227662302819
2019-03-17 19:00:00,746.791666666668,-30.8641524256506,-1.06191711876713,-1.06190972431262
2019-03-17 20:00:00,746.833333333332,-31.1263122959108,-1.10419166973923,-1.10418427064326
2019-03-17 21:00:00,746.875,-31.5392929285448,-1.17049237364491,-1.17048496991195
2019-03-17 22:00:00,746.916666666668,-30.8996078234201,-1.06910297072399,-1.0690955623585
2019-03-17 23:00:00,746.958333333332,-29.8357523091248,-0.90014321568808,-0.900135802694528
2019-03-18,747,-30.4776375355019,-1.00290947650489,-1.00290205888775
2019-03-18 01:00:00,747.041666666668,-31.416856886803,-1.15304157255773,-1.15303415032147
2019-03-18 02:00:00,747.083333333332,-31.8050185981378,-1.21539008916497,-1.21538266231407
2019-03-18 03:00:00,747.125,-31.7688326637546,-1.21014001869544,-1.21013258723438
2019-03-18 04:00:00,747.166666666668,-30.6603903204461,-1.03407903190292,-1.03407159583617
2019-03-18 05:00:00,747.208333333332,-30.7250613572491,-1.04489614048596,-1.04488869981801
2019-03-18 06:00:00,747.25,-29.45265058829,-0.842715457254644,-0.842708011989967
2019-03-18 07:00:00,747.291666666668,-29.2302007381041,-0.807794593773354,-0.80778714391644
2019-03-18 11:00:00,747.458333333332,-29.0455769977737,-0.780449071935771,-0.780441603754806
2019-03-18 12:00:00,747.5,-29.5123339621521,-0.855320817935232,-0.855313345184488
2019-03-18 13:00:00,747.541666666668,-30.4923784656772,-1.01195992920882,-1.0119524518928
2019-03-18 14:00:00,747.583333333332,-31.8946382346939,-1.23585852721668,-1.23585104533988
2019-03-18 15:00:00,747.625,-31.7080816317254,-1.20665783473556,-1.20665034830247
2019-03-18 16:00:00,747.666666666668,-32.2799295081633,-1.29827181047948,-1.29826431949462
2019-03-18 17:00:00,747.708333333332,-32.7510352857143,-1.37383779030393,-1.3738302947718
2019-03-18 18:00:00,747.75,-32.4400305622066,-1.32481330056299,-1.3248058004881
2019-03-18 19:00:00,747.791666666668,-31.3409684651206,-1.1502509999486,-1.15024349533546
2019-03-18 20:00:00,747.833333333332,-30.4764211827458,-1.01304736853179,-1.01303985938491
2019-03-18 21:00:00,747.875,-30.9377889016667,-1.08706323569732,-1.08705572202122
2019-03-18 22:00:00,747.916666666668,-29.9620852455556,-0.932152896965711,-0.932145378764903
2019-03-18 23:00:00,747.958333333332,-28.7182337794063,-0.734526711301033,-0.734519188580036
2019-03-19 01:00:00,748.041666666668,-27.9669666288889,-0.615890672304339,-0.615883140556528
2019-03-19 02:00:00,748.083333333332,-27.2976222092593,-0.509784740582681,-0.509777204328248
2019-03-19 03:00:00,748.125,-27.6985259138889,-0.574170389628167,-0.574162848871641
2019-03-19 04:00:00,748.166666666668,-27.8538037105556,-0.599427945500718,-0.599420400246626
2019-03-19 05:00:00,748.208333333332,-28.3090610898148,-0.672472752474723,-0.672465202727596
2019-03-19 06:00:00,748.25,-28.1666123481481,-0.650302836214964,-0.650295281979335
2019-03-19 07:00:00,748.291666666668,-27.5106166392593,-0.546324809779848,-0.546317251060252
2019-03-19 08:00:00,748.333333333332,-27.6572166409259,-0.570201142003153,-0.570193578804126
2019-03-19 09:00:00,748.375,-28.232379295977,-0.662348099320996,-0.662340531647078
2019-03-19 12:30:00,748.520833333332,-27.7523895907236,-0.587718635333368,-0.587711052033103
2019-03-19 14:00:00,748.583333333332,-28.8760742107607,-0.767509148909458,-0.767501558929236
2019-03-19 15:00:00,748.625,-29.2135547799629,-0.821794903389409,-0.821787308961571
2019-03-19 16:00:00,748.666666666668,-29.5724916541744,-0.879498948864169,-0.879491349993268
2019-03-19 17:00:00,748.708333333332,-30.6746011315399,-1.05559120710628,-1.05558360379687
2019-03-19 18:00:00,748.75,-31.5140445040816,-1.18984085288091,-1.18983324513755
2019-03-19 19:00:00,748.791666666668,-31.3482560495362,-1.16395663571538,-1.16394902354262
2019-03-19 20:00:00,748.833333333332,-31.086259257037,-1.12274664675828,-1.1227390301607
2019-03-19 21:00:00,748.875,-30.6230055074074,-1.04947656563607,-1.04946894461822
2019-03-19 22:00:00,748.916666666668,-29.7309703809259,-0.907901589425369,-0.907893963991818
2019-03-19 23:00:00,748.958333333332,-28.2768611262963,-0.676788087321931,-0.676780457477245
2019-03-20,749,-27.6271259090741,-0.573812228309276,-0.573804594058024
2019-03-20 01:00:00,749.041666666668,-27.6423296394444,-0.576761902667443,-0.576754264014195
2019-03-20 02:00:00,749.083333333332,-27.6953463283333,-0.585735491914449,-0.585727848863779
2019-03-20 03:00:00,749.125,-27.6820221833333,-0.584141222219625,-0.584133574776108
2019-03-20 04:00:00,749.166666666668,-27.8299314166667,-0.608231827946461,-0.608224176114673
2019-03-20 05:00:00,749.208333333332,-27.5887629675926,-0.570342363588879,-0.5703347073734
2019-03-20 06:00:00,749.25,-27.7565592594444,-0.597601557203812,-0.597593896609223
2019-03-20 07:00:00,749.291666666668,-28.8097888803704,-0.76591119510231,-0.765903530133194
2019-03-20 08:00:00,749.333333333332,-28.8812259414815,-0.777820858570316,-0.777813189231257
2019-03-20 09:30:00,749.395833333332,-28.8569459115672,-0.774748093389573,-0.7747404175042
2019-03-20 10:30:00,749.4375,-31.2293815518519,-1.15320917852636,-1.15320149828252
2019-03-20 14:00:00,749.583333333332,-30.6276827020408,-1.05921670578161,-1.05920901031929
2019-03-20 15:00:00,749.625,-29.3635139400742,-0.858365373225786,-0.858357673425672
2019-03-20 16:00:00,749.666666666668,-29.0239851699443,-0.804810131901464,-0.804802427768158
2019-03-20 17:00:00,749.708333333332,-27.9804675797774,-0.639109247966254,-0.639101539504357
2019-03-20 18:00:00,749.75,-27.459345074397,-0.556626553574827,-0.556618840788945
2019-03-20 19:00:00,749.791666666668,-26.2871261567718,-0.370424014385623,-0.370416297280362
2019-03-20 20:00:00,749.833333333332,-26.0189536423006,-0.328236991942693,-0.328229270522661
2019-03-20 21:00:00,749.875,-26.4733073785185,-0.401149195968683,-0.401141470238491
2019-03-20 22:00:00,749.916666666668,-25.5035925903704,-0.24720654454084,-0.2471988145051
2019-03-20 23:00:00,749.958333333332,-24.2767185107407,-0.05229851207175,-0.0522907777350753
2019-03-21,750,-24.3663178143123,-0.067105907902073,-0.0670981692690811
2019-03-21 01:00:00,750.041666666668,-25.4248125764378,-0.236259319978146,-0.236251577053454
2019-03-21 02:00:00,750.083333333332,-25.899293119666,-0.312379126679619,-0.312371379467847
2019-03-21 03:00:00,750.125,-24.4014861022263,-0.0743123923112121,-0.074304640816983
2019-03-21 04:00:00,750.166666666668,-24.1110279169145,-0.0285774661782741,-0.0285697104062115
2019-03-21 05:00:00,750.208333333332,-23.6880558486034,0.0382667399957765,0.0382745000410468
2019-03-21 06:00:00,750.25,-23.2151499918519,0.113065158409399,0.113072922723251
2019-03-21 07:00:00,750.291666666668,-22.9708018518519,0.151453893546792,0.151461662124594
2019-03-21 08:00:00,750.333333333332,-22.0795120306122,0.292900625425457,0.292908398262579
2019-03-21 09:30:00,750.395833333332,-21.7340927640074,0.347121085319306,0.347128864536718
2019-03-21 10:30:00,750.4375,-21.4153172784787,0.397365187114784,0.397372970579929
2019-03-21 11:30:00,750.479166666668,-21.7358051790352,0.345773900251648,0.345781687959887
2019-03-21 15:30:00,750.645833333332,-21.068729675,0.449887424838881,0.449895229473076
2019-03-21 16:30:00,750.6875,-21.2040223547486,0.427796500979013,0.427804309833082
2019-03-21 17:30:00,750.729166666668,-20.8128794270872,0.489566872801978,0.489574685871274
2019-03-21 18:30:00,750.770833333332,-20.8504869596654,0.483036717419824,0.483044534699693
2019-03-21 19:30:00,750.8125,-19.9210871944341,0.630551243391774,0.630559064877563
2019-03-21 20:30:00,750.854166666668,-19.8296586367347,0.644576085233723,0.644583910920777
2019-03-21 21:30:00,750.895833333332,-20.2478703953704,0.577414588819373,0.577422418703034
2019-03-21 22:30:00,750.9375,-20.2184396929499,0.581562584949963,0.581570419025574
2019-03-21 23:30:00,750.979166666668,-19.9828574557407,0.618550396775735,0.618558235038634
2019-03-22 00:30:00,751.020833333332,-19.6178757057514,0.676151372619955,0.67615921506548
2019-03-22 01:30:00,751.0625,-19.9057421005566,0.629752901904367,0.629760748527852
2019-03-22 02:30:00,751.104166666668,-19.5748491998138,0.681922958859304,0.681930809656084
2019-03-22 03:30:00,751.145833333332,-17.7859572364312,0.966353038391143,0.966360893356549
2019-03-22 04:30:00,751.1875,-17.2739981440299,1.04736652933563,1.047374388465
2019-03-22 05:30:00,751.229166666668,-19.0725277453704,0.760317250813196,0.760325114101841
2019-03-22 06:30:00,751.270833333332,-21.0493854014898,0.444859916556845,0.444867784000101
2019-03-22 07:30:00,751.3125,-21.5650315398887,0.362174352378886,0.362182223972076
2019-03-22 08:30:00,751.354166666668,-21.3952221555556,0.388682074191158,0.388689949929604
2019-03-22 09:00:00,751.375,-21.2843837232514,0.406067097789831,0.406074975599151
2019-03-22 09:30:00,751.395833333332,-20.7773333666667,0.486568897014721,0.486576776893746
2019-03-22 10:00:00,751.416666666668,-21.2061428653333,0.417987485506307,0.417995367453864
2019-03-22 10:30:00,751.4375,-20.1274445888889,0.589553072876788,0.589560956891708
2019-03-22 11:00:00,751.458333333332,-20.1882764772727,0.579590623722764,0.579598509803877
2019-03-22 11:30:00,751.479166666668,-20.8728889888889,0.470259408616212,0.470267296762345
2019-03-22 12:00:00,751.5,-20.8292561770398,0.476938127075393,0.476946017285375
2019-03-22 12:30:00,751.520833333332,-20.582499975,0.515974479905884,0.515982372178545
2019-03-22 13:00:00,751.541666666668,-20.7379641684906,0.490936769491022,0.490944663825188
2019-03-22 16:30:00,751.6875,-24.8457990948598,-0.165351210482949,-0.165343301751063
2019-03-22 17:00:00,751.708333333332,-25.2468395182099,-0.229509922995207,-0.229502012211196
2019-03-22 17:30:00,751.729166666668,-25.5025634305164,-0.27051967794476,-0.270511765109799
2019-03-22 18:00:00,751.75,-25.8159814796923,-0.320720216583004,-0.320712301698265
2019-03-22 18:30:00,751.770833333332,-25.542065699061,-0.27735812283852,-0.277350205905179
2019-03-22 19:00:00,751.791666666668,-26.022566156,-0.354175141240724,-0.354167222259955
2019-03-22 19:30:00,751.8125,-27.094150186385,-0.525152261640006,-0.525144340612984
2019-03-22 20:00:00,751.833333333332,-27.5753692132308,-0.602083881409998,-0.602075958337896
2019-03-22 20:30:00,751.854166666668,-26.6404938939024,-0.453430726157648,-0.453422801041644
2019-03-22 21:00:00,751.875,-26.7206553683077,-0.466473723751402,-0.466465796592669
2019-03-22 21:30:00,751.895833333332,-26.1187594877359,-0.370864563502306,-0.37085663430202
2019-03-22 22:00:00,751.916666666668,-26.3524276793846,-0.408361423238902,-0.40835349199824
2019-03-22 22:30:00,751.9375,-27.1719483483568,-0.539185067411994,-0.539177134132131
2019-03-22 23:00:00,751.958333333332,-27.5723580240741,-0.603244096964193,-0.603236161646305
2019-03-22 23:30:00,751.979166666668,-28.2092594122641,-0.704976491384662,-0.704968554029928
2019-03-23,752,-28.6258189233962,-0.771608333367123,-0.771600393976716
2019-03-23 00:30:00,752.020833333332,-28.2860233696262,-0.717752339011358,-0.717744397586457
2019-03-23 01:00:00,752.041666666668,-28.6182454460123,-0.77094929933781,-0.770941355879593
2019-03-23 01:30:00,752.0625,-28.5454018766355,-0.759619078760448,-0.75961113327009
2019-03-23 02:00:00,752.083333333332,-28.9157944374233,-0.818896756356361,-0.818888808835043
2019-03-23 02:30:00,752.104166666668,-29.7550845347418,-0.952870212462576,-0.952862262911472
2019-03-23 03:00:00,752.125,-29.8643221147239,-0.970545846678402,-0.970537895098692
2019-03-23 03:30:00,752.145833333332,-30.1190934766355,-1.01140518214657,-1.01139722853943
2019-03-23 04:00:00,752.166666666668,-30.284530702454,-1.0380335916515,-1.03802563601811
2019-03-23 04:30:00,752.1875,-31.5297149313084,-1.23666653606097,-1.23665857840251
2019-03-23 05:00:00,752.208333333332,-31.7179754644172,-1.26693084613284,-1.26692288645049
2019-03-23 05:30:00,752.229166666668,-33.4915188420561,-1.54973191185121,-1.54972395014615
2019-03-23 06:00:00,752.25,-33.5510858058282,-1.55949537562696,-1.55948741190037
2019-03-23 06:30:00,752.270833333332,-34.3771447873832,-1.69136163116002,-1.69135366541307
2019-03-23 07:00:00,752.291666666668,-34.3933129478528,-1.69421176568096,-1.69420379791484
2019-03-23 08:00:00,752.333333333332,-34.8939106977679,-1.77450661147734,-1.77449863967641
2019-03-23 08:30:00,752.354166666668,-34.9972095206349,-1.79123691920577,-1.79122894538921
2019-03-23 09:00:00,752.375,-35.5332500263393,-1.8769033516566,-1.87689537582558
2019-03-23 09:30:00,752.395833333332,-35.5332484146497,-1.87717795711295,-1.87716997926867
2019-03-23 10:00:00,752.416666666668,-36.3197589790179,-2.00274457960011,-2.00273659974374
2019-03-23 10:30:00,752.4375,-36.3752318384127,-2.01185643857465,-2.01184845670736
2019-03-23 11:00:00,752.458333333332,-35.8514955044643,-1.92869992440259,-1.92869194052558
2019-03-23 11:30:00,752.479166666668,-35.7757777625397,-1.9169131573273,-1.91690517144175
2019-03-23 12:00:00,752.5,-34.82984830625,-1.76650110748209,-1.76649311958917
2019-03-23 12:30:00,752.520833333332,-34.8040951666667,-1.76267386761473,-1.76266587771564
2019-03-23 13:00:00,752.541666666668,-34.0023482008929,-1.63523032182248,-1.63522232991839
2019-03-23 13:30:00,752.5625,-34.0365397377778,-1.6409524419623,-1.64094444805439
2019-03-23 14:00:00,752.583333333332,-33.4255580232143,-1.543898067149,-1.54389007123846
2019-03-23 14:30:00,752.604166666668,-33.345301515873,-1.53138866212507,-1.53138066421308
2019-03-23 18:00:00,752.75,-31.4172634344988,-1.22618123307961,-1.22617322119063
2019-03-23 18:30:00,752.770833333332,-31.7561635754545,-1.28044430052048,-1.28043628663952
2019-03-23 19:00:00,752.791666666668,-30.9262796969697,-1.14851930313507,-1.14851128726333
2019-03-23 19:30:00,752.8125,-31.2892362736364,-1.2066147073363,-1.20660668947495
2019-03-23 20:00:00,752.833333333332,-31.4427359663551,-1.23134354487136,-1.23133552502159
2019-03-23 20:30:00,752.854166666668,-31.6126909027273,-1.25869377907138,-1.25868575723438
2019-03-23 21:00:00,752.875,-31.3741701792541,-1.22097361331264,-1.2209655894896
2019-03-23 21:30:00,752.895833333332,-31.70249991,-1.27355319451029,-1.27354516870238
2019-03-23 22:00:00,752.916666666668,-31.7700675615385,-1.28459325463201,-1.28458522684043
2019-03-23 22:30:00,752.9375,-32.0279817890909,-1.32595572478682,-1.32594769501275
2019-03-23 23:00:00,752.958333333332,-31.1843379706294,-1.19183927543936,-1.19183124368399
2019-03-23 23:30:00,752.979166666668,-31.191880759633,-1.19331752530879,-1.1933094915733
2019-03-24,753,-30.2950981,-1.05073614931203,-1.05072811359762
2019-03-24 00:30:00,753.020833333332,-30.3722792297297,-1.06330796527555,-1.06329992758341
2019-03-24 01:00:00,753.041666666668,-29.9685663692308,-0.999273089215777,-0.999265049547079
2019-03-24 01:30:00,753.0625,-29.8649459522523,-0.983043218095846,-0.983035176451786
2019-03-24 02:00:00,753.083333333332,-29.5450698885781,-0.932363732120196,-0.932355688501962
2019-03-24 02:30:00,753.104166666668,-29.6165585387387,-0.944028988898868,-0.944020943307649
2019-03-24 03:00:00,753.125,-29.7322640418224,-0.962738086076894,-0.962730038513878
2019-03-24 03:30:00,753.145833333332,-29.8067027432432,-0.974873416355584,-0.974865366821959
2019-03-24 04:00:00,753.166666666668,-29.8993123424242,-0.989903447692474,-0.989895396189431
2019-03-24 04:30:00,753.1875,-29.8827657963964,-0.987544891117502,-0.987536837646229
2019-03-24 05:00:00,753.208333333332,-30.2361482650754,-1.04411635492988,-1.04410829949157
2019-03-24 05:30:00,753.229166666668,-29.7758377522523,-0.97106600926719,-0.971057951863028
2019-03-24 06:00:00,753.25,-29.3378060551402,-0.901564758785557,-0.901556699416734
2019-03-24 06:30:00,753.270833333332,-29.0799460351351,-0.860765049102027,-0.860756987769733
2019-03-24 07:30:00,753.3125,-29.1784715246014,-0.877015573031913,-0.877007507776252
2019-03-24 08:00:00,753.333333333332,-28.575879937,-0.781300069713585,-0.781292002498025
2019-03-24 08:30:00,753.354166666668,-28.0336947751708,-0.69520741692771,-0.695199347753444
2019-03-24 09:00:00,753.375,-27.791509927,-0.656905092195596,-0.656897021063815
2019-03-24 09:30:00,753.395833333332,-27.4834464642369,-0.60810832074976,-0.608100247661654
2019-03-24 10:00:00,753.416666666668,-27.079020005,-0.54396091873639,-0.543952843693152
2019-03-24 10:30:00,753.4375,-27.229608214123,-0.568227813610259,-0.56821973661308
2019-03-24 11:00:00,753.458333333332,-26.626879981,-0.47249092446675,-0.472482845516823
2019-03-24 11:30:00,753.479166666668,-27.294724401139,-0.579157230480735,-0.579149149579252
2019-03-24 12:00:00,753.5,-26.80215996,-0.500969639140946,-0.500961556289099
2019-03-24 12:30:00,753.520833333332,-27.0138770473804,-0.534974662037183,-0.534966577236165
2019-03-24 13:00:00,753.541666666668,-26.819370069,-0.50426796438403,-0.504259877635036
2019-03-24 13:30:00,753.5625,-26.8549248246014,-0.510210328742367,-0.510202240046588
2019-03-24 14:00:00,753.583333333332,-26.780700052,-0.498664799155801,-0.498656708514431
2019-03-24 14:30:00,753.604166666668,-27.3901731275626,-0.596032888672611,-0.596024796086845
2019-03-24 15:00:00,753.625,-27.68795994,-0.643749197014895,-0.643741102485925
2019-03-24 15:30:00,753.645833333332,-29.1571617589977,-0.878072816250302,-0.878064719779322
2019-03-24 16:00:00,753.666666666668,-29.114430046,-0.871544406597365,-0.871536308185571
2019-03-24 19:30:00,753.8125,-29.0674293890335,-0.866010414436046,-0.866002302472007
2019-03-24 20:30:00,753.854166666668,-28.4444860693878,-0.767333735567432,-0.767325619742083
2019-03-24 21:30:00,753.895833333332,-27.908462,-0.682503606766932,-0.682495487085059
2019-03-24 22:30:00,753.9375,-27.1968348636364,-0.569700035011138,-0.569691911477528
2019-03-25 10:30:00,754.4375,-25.4802682015038,-0.302978895801792,-0.302970726421377
2019-03-25 11:00:00,754.458333333332,-25.8569714985714,-0.363269158219012,-0.363260986943322
2019-03-25 12:00:00,754.5,-25.9516526014888,-0.378914426949406,-0.378906251886774
2019-03-25 12:30:00,754.520833333332,-26.3671897948905,-0.445391142111979,-0.44538296515768
2019-03-25 13:00:00,754.541666666668,-26.3049776334988,-0.435762105347729,-0.435753926502966
2019-03-25 13:30:00,754.5625,-26.5978613255474,-0.482700153453552,-0.48269197271953
2019-03-25 14:00:00,754.583333333332,-27.0510835106329,-0.555180299705159,-0.55517211708308
2019-03-25 14:30:00,754.604166666668,-27.4562149057851,-0.619999610343237,-0.619991425834304
2019-03-25 15:00:00,754.625,-27.4598631380597,-0.620862427783036,-0.620854241388455
2019-03-25 15:30:00,754.645833333332,-28.2966788467153,-0.754449481118938,-0.754441292839912
2019-03-25 16:00:00,754.666666666668,-27.5443821431762,-0.634889853073777,-0.63488166291151
2019-03-25 16:30:00,754.6875,-28.3381971226277,-0.761626982444064,-0.761618790399761
2019-03-25 17:00:00,754.708333333332,-27.6923283636816,-0.659021524880454,-0.65901333095532
2019-03-25 17:30:00,754.729166666668,-28.364496217037,-0.766380302914119,-0.766372107109358
2019-03-25 21:00:00,754.875,-28.1672500087687,-0.736934266956788,-0.736926058028399
2019-03-25 22:00:00,754.916666666668,-26.543459077881,-0.478828168997459,-0.478819956330318
2019-03-25 23:00:00,754.958333333332,-25.0718475869888,-0.244964608621532,-0.244956392220468
2019-03-26,755,-25.8033710139147,-0.362062258794518,-0.362054038664361
2019-03-26 01:00:00,755.041666666668,-25.2240556102041,-0.270342589968824,-0.270334366114405
2019-03-26 02:00:00,755.083333333332,-25.2571001589981,-0.276172542350296,-0.276164314776446
2019-03-26 03:00:00,755.125,-25.7302022261596,-0.352104214761441,-0.352095983472997
2019-03-26 04:00:00,755.166666666668,-25.7541388681481,-0.356483756556318,-0.356475521558115
2019-03-26 05:00:00,755.208333333332,-25.574614837963,-0.328452110180959,-0.328443871477835
2019-03-26 06:00:00,755.25,-25.9278332768519,-0.38528696184554,-0.385278719442334
2019-03-26 07:00:00,755.291666666668,-26.8124444525463,-0.526773297944494,-0.526765051846048
2019-03-26 08:00:00,755.333333333332,-26.9070130148423,-0.542405522585603,-0.542397272796758
2019-03-26 09:00:00,755.375,-27.1878905333952,-0.587717138237037,-0.587708884762639
2019-03-26 12:30:00,755.520833333332,-28.070303260401,-0.730274702802375,-0.730266436466709
2019-03-26 13:00:00,755.541666666668,-28.8628356764286,-0.856810006945649,-0.856801738777509
2019-03-26 14:00:00,755.583333333332,-29.3902029655941,-0.941388820532461,-0.941380548703011
2019-03-26 14:30:00,755.604166666668,-30.2487352742647,-1.07843813439157,-1.07842986073328
2019-03-26 15:00:00,755.625,-28.9008511074442,-0.864003786784115,-0.863995511298211
2019-03-26 15:30:00,755.645833333332,-30.1012262934307,-1.0555090348714,-1.05550075755909
2019-03-26 16:00:00,755.666666666668,-28.8802505801489,-0.861291414116798,-0.861283134979295
2019-03-26 16:30:00,755.6875,-29.9949342452555,-1.03914606113248,-1.039137780171
2019-03-26 17:00:00,755.708333333332,-28.7905979868486,-0.847579236797963,-0.847570954013716
2019-03-26 17:30:00,755.729166666668,-29.8022335620438,-1.00901836874619,-1.0090100841404
2019-04-08 22:30:00,768.9375,-19.3783321148423,0.460516509897561,0.460525697568556
2019-04-08 23:30:00,768.979166666668,-19.4111335790353,0.454661056122387,0.454670245827119
2019-04-09 00:30:00,769.020833333332,-19.4707787851301,0.444529234943868,0.444538426677112
2019-04-09 01:30:00,769.0625,-19.4259239393321,0.451044206896372,0.4510534006529
2019-04-09 02:30:00,769.104166666668,-19.488618913197,0.440426276230865,0.44043547200545
2019-04-09 03:30:00,769.145833333332,-19.5623206968127,0.428054813740472,0.428064011527888
2019-04-09 04:30:00,769.1875,-19.6769925979592,0.409156643406905,0.409165843201921
2019-04-09 05:30:00,769.229166666668,-19.8122304565056,0.386982162843527,0.386991364640914
2019-04-09 06:30:00,769.270833333332,-20.0606296516667,0.346780862295144,0.346790066089672
2019-04-09 07:30:00,769.3125,-20.2547940675325,0.315219062972968,0.315228268759406
2019-04-09 08:30:00,769.354166666668,-20.5276994528757,0.271113633395063,0.27112284116818
2019-04-09 09:30:00,769.395833333332,-20.7250610894444,0.239042239756446,0.239051449511011
2019-04-09 10:30:00,769.4375,-20.6942899446097,0.243312424320537,0.243321636051315
2019-04-09 11:30:00,769.479166666668,-20.4940722,0.274575436739938,0.274584650441695
2019-04-09 12:30:00,769.520833333332,-20.316411883859,0.302244898430929,0.302254114098432
2019-04-09 14:00:00,769.583333333332,-19.5353656852612,0.42571793080315,0.425727149409456
2019-04-09 15:00:00,769.625,-19.5105167876866,0.42904408509904,0.429053305658004
2019-04-09 16:00:00,769.666666666668,-19.3107177723364,0.460239783058658,0.460249005565043
2019-04-09 17:00:00,769.708333333332,-19.0749085854478,0.497171792282479,0.497181016731046
2019-04-09 18:00:00,769.75,-18.7663750104478,0.545688714031173,0.545697940416686
2019-04-09 22:00:00,769.916666666668,-19.468467561039,0.431312741853482,0.431321975934382
2019-04-09 23:00:00,769.958333333332,-19.5806629454376,0.412806572223584,0.412815808215229
2019-04-10,770,-20.090908404486,0.330890608726535,0.330899846623683
2019-04-10 01:00:00,770.041666666668,-20.1182820233766,0.325896342233625,0.325905582031035
2019-04-10 02:00:00,770.083333333332,-20.0234312157993,0.340372382345847,0.340381624038273
2019-04-10 03:00:00,770.125,-20.2091843713222,0.310147879063653,0.310157122645852
2019-04-10 04:00:00,770.166666666668,-20.2472583639405,0.303448640741004,0.303457886207733
2019-04-10 05:00:00,770.208333333332,-20.7673587447955,0.219962123410833,0.219971370756844
2019-04-10 06:00:00,770.25,-21.4063648359259,0.117533710887853,0.117542960107901
2019-04-10 07:00:00,770.291666666668,-21.963590745,0.0281328095583172,0.0281420606471578
2019-04-10 08:00:00,770.333333333332,-22.1373506391466,-0.000181811487708822,-0.000172558535324913
2019-04-10 09:00:00,770.375,-22.8897277833333,-0.120670703550924,-0.120661448740245
2019-04-10 10:00:00,770.416666666668,-23.6041611251852,-0.235115250060488,-0.235105993396759
2019-04-10 11:00:00,770.458333333332,-23.8303364193309,-0.271780069603163,-0.271770811091637
2019-04-10 12:00:00,770.5,-23.8681564184358,-0.278439884667369,-0.278430624313295
2019-04-10 13:30:00,770.5625,-24.5502528180297,-0.388051162282369,-0.388041899174315
2019-04-10 14:30:00,770.604166666668,-24.8504488294227,-0.436507983732983,-0.436498718795508
2019-04-10 15:30:00,770.645833333332,-25.3127929546642,-0.510795243075417,-0.510785976313771
2019-04-10 16:30:00,770.6875,-25.8161252104673,-0.591612068063983,-0.59160279948342
2019-04-10 17:30:00,770.729166666668,-26.3057002260708,-0.670237481688807,-0.67022821129458
2019-04-10 18:30:00,770.770833333332,-26.5054963232342,-0.702701033031724,-0.702691760829084
2019-04-10 19:30:00,770.8125,-25.8808411508411,-0.603829034150588,-0.603819760144792
2019-04-10 23:30:00,770.979166666668,-25.6549272220149,-0.570386104987913,-0.570376823822045
2019-04-11 00:30:00,771.020833333332,-25.8096029460111,-0.595662700825401,-0.595653417882657
2019-04-11 01:30:00,771.0625,-25.7340556773655,-0.584264733636982,-0.584255448922619
2019-04-11 02:30:00,771.104166666668,-25.508630764193,-0.548991274466652,-0.54898198798593
2019-04-11 03:30:00,771.145833333332,-25.4050816588126,-0.533132842140645,-0.53312355389882
2019-04-11 04:30:00,771.1875,-25.8781558027829,-0.609131028740921,-0.609121738743255
2019-04-11 05:30:00,771.229166666668,-25.9692523339518,-0.624280031572012,-0.624270739823765
2019-04-11 07:30:00,771.3125,-25.6720352367347,-0.578208023665813,-0.578198728432186
2019-04-11 08:30:00,771.354166666668,-25.8675611231481,-0.609993064201478,-0.609983767233053
2019-04-11 09:30:00,771.395833333332,-26.4462351872222,-0.70281400484973,-0.702804706151771
2019-04-11 10:30:00,771.4375,-25.9703932569573,-0.627649915311701,-0.627640614889469
2019-04-11 11:30:00,771.479166666668,-25.9982111281481,-0.632719313022029,-0.632710010880788
2019-04-11 13:00:00,771.541666666668,-25.6438787283582,-0.577231121026276,-0.577221816316393
2019-04-11 14:00:00,771.583333333332,-28.0666107798883,-0.963812360056181,-0.963803053640451
2019-04-11 15:00:00,771.625,-28.0501579936803,-0.961829831172998,-0.961820523056686
2019-04-11 16:00:00,771.666666666668,-27.6016951888476,-0.891027917085983,-0.891018607274355
2019-04-11 17:00:00,771.708333333332,-27.4654477440299,-0.869962252117665,-0.869952940615988
2019-04-11 18:00:00,771.75,-27.290357513594,-0.842709022470927,-0.842699709284468
2019-04-11 19:00:00,771.791666666668,-27.3904925492537,-0.859299492893165,-0.859290178027192
2019-04-11 20:00:00,771.833333333332,-28.5762011327747,-1.04882272342694,-1.04881340688672
2019-04-11 21:00:00,771.875,-28.472106173743,-1.03287944576814,-1.03287012755895
2019-04-12 01:00:00,772.041666666668,-21.7881799118738,0.0293171174521565,0.0293264422845655
2019-04-12 02:00:00,772.083333333332,-21.4428274755102,0.0836922993437223,0.0837016258187567
2019-04-12 03:00:00,772.125,-21.4214349371747,0.0864603220948231,0.086469650207211
2019-04-12 04:00:00,772.166666666668,-21.4395666570588,0.0829319867162062,0.0829413164606769
2019-04-12 05:00:00,772.208333333332,-21.155773263197,0.127500422494005,0.127509753865284
2019-04-12 06:00:00,772.25,-21.2070649317254,0.118689453482428,0.118698786475242
2019-04-12 07:00:00,772.291666666668,-21.0752734455067,0.139043647289056,0.139052981898132
2019-04-12 08:00:00,772.333333333332,-21.0458907674074,0.143083930541468,0.143093266761531
2019-04-12 09:00:00,772.375,-20.9904573924074,0.151273994516284,0.151283332342058
2019-04-12 10:00:00,772.416666666668,-20.6005944240741,0.21273881811497,0.212748157541181
2019-04-12 11:00:00,772.458333333332,-20.5915240722222,0.213542992535914,0.213552333557286
2019-04-12 12:30:00,772.520833333332,-21.3286821388476,0.0951518654426675,0.0951612088468877
2019-04-12 13:30:00,772.5625,-19.4457639765799,0.394461053441571,0.39447039842776
2019-04-12 14:30:00,772.604166666668,-18.1051449460967,0.607381490110217,0.607390836673096
2019-04-12 15:30:00,772.645833333332,-17.4773345438662,0.706750891141755,0.706760239276049
2019-04-12 16:30:00,772.6875,-16.9271895410781,0.793748027095438,0.793757376795866
2019-04-12 17:30:00,772.729166666668,-16.2297806464684,0.904204295135694,0.904213646396977
2019-04-14 14:30:00,774.604166666668,-20.6966092989247,0.163659608203096,0.163669024231868
2019-04-14 15:00:00,774.625,-21.055294605814,0.106197683326479,0.10620710001469
2019-04-14 16:00:00,774.666666666668,-20.9558107695733,0.121399259410172,0.121408677413285
2019-04-14 16:30:00,774.6875,-20.3033599276438,0.225011973908213,0.225021392566791
2019-04-14 17:00:00,774.708333333332,-19.4757465489437,0.356528181869108,0.356537601181826
2019-04-14 17:30:00,774.729166666668,-19.6138077733333,0.334211711698222,0.334221131663754
2019-04-14 18:00:00,774.75,-18.8125870544444,0.461523502578923,0.461532923195945
2019-04-14 18:30:00,774.770833333332,-18.3101814822222,0.541233803364901,0.541243224632089
2019-04-14 19:00:00,774.791666666668,-17.3041130508834,0.701177933879462,0.70118735579549
2019-04-14 19:30:00,774.8125,-17.7141411588235,0.635536850116068,0.635546272679613
2019-04-14 20:00:00,774.833333333332,-17.0580204159555,0.739734016600045,0.73974343980978
2019-04-14 20:30:00,774.854166666668,-15.9576845792208,0.914694941450495,0.914704365305096
2019-04-14 21:00:00,774.875,-14.6675175721831,1.1198960838994,1.11990550839754
2019-04-14 21:30:00,774.895833333332,-14.7376406339844,1.10840202285711,1.10841144799747
2019-04-14 22:00:00,774.916666666668,-14.1528351911111,1.20123851722572,1.20124794300697
2019-04-14 22:30:00,774.9375,-14.0773680403346,1.21293703432174,1.21294646074255
2019-04-15 05:30:00,775.229166666668,-13.1310520509294,1.35915506253425,1.35916449776982
2019-04-15 06:00:00,775.25,-13.1394087654088,1.3575000325361,1.35750946839136
2019-04-15 06:30:00,775.270833333332,-13.1328812654354,1.3582160458381,1.35822548231171
2019-04-15 07:00:00,775.291666666668,-12.6108219037106,1.44105663046533,1.44106606755597
2019-04-15 07:30:00,775.3125,-11.6592319258555,1.59232172657442,1.59233116428077
2019-04-15 08:00:00,775.333333333332,-11.2599685867925,1.6556007718504,1.65561021017113
2019-04-15 08:30:00,775.354166666668,-11.2121210557895,1.6628990052437,1.66290844417749
2019-04-15 09:00:00,775.375,-12.0262894441558,1.53287746418327,1.53288690372878
2019-04-15 09:30:00,775.395833333332,-13.4958627311688,1.29844943195843,1.29845887211434
2019-04-15 10:00:00,775.416666666668,-14.6892704100629,1.10801475605016,1.10802419681515
2019-04-15 10:30:00,775.4375,-15.115212592126,1.03983785986086,1.03984730123361
2019-04-15 11:00:00,775.458333333332,-16.4688259394444,0.823882261796155,0.823891703775323
2019-04-15 11:30:00,775.479166666668,-16.2346716352505,0.860859162972106,0.860868605556372
2019-04-15 12:00:00,775.5,-16.1421131528302,0.875279726311501,0.87528916949954
2019-04-15 12:30:00,775.520833333332,-16.4160288863517,0.831320662963954,0.831330106754438
2019-04-15 13:00:00,775.541666666668,-16.1971052614737,0.865871239439563,0.865880683831168
2019-04-15 13:30:00,775.5625,-15.8895037103704,0.914548250815898,0.914557695807296
2019-04-15 14:00:00,775.583333333332,-15.6091069169811,0.95889150277172,0.958900948361584
2019-04-15 14:30:00,775.604166666668,-15.809561648294,0.926634741185736,0.926644187372742
2019-04-15 15:30:00,775.645833333332,-15.8400650901487,0.921127095882778,0.921136543260085
2019-04-15 16:00:00,775.666666666668,-16.0264516812268,0.891111333235926,0.891120781206396
2019-04-15 16:30:00,775.6875,-15.573852064497,0.962886508252258,0.962895956814563
2019-04-15 17:00:00,775.708333333332,-15.9305934902439,0.905733055010471,0.905742504163283
2019-04-15 17:30:00,775.729166666668,-17.6860000003717,0.62577123253852,0.625780682280515
2019-04-15 18:00:00,775.75,-16.7381802875465,0.776435257398352,0.776444707728201
2019-04-15 18:30:00,775.770833333332,-17.3156035698225,0.684126961479329,0.684136412395707
2019-04-15 19:00:00,775.791666666668,-17.1871518097561,0.704265042572121,0.704274494073702
2019-04-15 19:30:00,775.8125,-16.4231580249071,0.825645400760296,0.82565485284575
2019-04-15 20:00:00,775.833333333332,-17.3675445600372,0.674879531569094,0.674888984237098
2019-04-15 20:30:00,775.854166666668,-17.8281716236686,0.601176870352508,0.601186323601734
2019-04-15 21:00:00,775.875,-18.2985989585366,0.525912997430633,0.525922451259753
2019-04-15 21:30:00,775.895833333332,-19.0650055652416,0.403499393542319,0.403508847950008
2019-04-15 22:00:00,775.916666666668,-20.2436871411546,0.215410071031557,0.215419526016488
2019-04-15 22:30:00,775.9375,-20.4383017301775,0.184083301389611,0.184092756950455
2019-04-15 23:00:00,775.958333333332,-20.8396043390244,0.119830961160286,0.119840417295718
2019-04-15 23:30:00,775.979166666668,-21.3830260027881,0.0329389326366124,0.0329483893453055
2019-04-16,776,-21.7635669319703,-0.028006099716022,-0.0279966424353964
2019-04-16 00:30:00,776.020833333332,-22.0674378650888,-0.0767375681092145,-0.0767281102579818
2019-04-16 01:00:00,776.041666666668,-22.4150677298103,-0.132439886738719,-0.132430428318206
2019-04-16 01:30:00,776.0625,-22.2917272606679,-0.113116315742076,-0.113106856753612
2019-04-16 02:00:00,776.083333333332,-22.8611280285714,-0.204146939926269,-0.204137480371179
2019-04-16 13:00:00,776.541666666668,-27.4192962764815,-0.937414496674312,-0.937405024989291
2019-04-16 13:30:00,776.5625,-27.3119898248299,-0.920645650504853,-0.920636178283738
2019-04-16 14:00:00,776.583333333332,-28.0778171101626,-1.04296765266776,-1.04295817991188
2019-04-16 15:00:00,776.625,-27.2213475799257,-0.907181841206309,-0.907172367384882
2019-04-16 15:30:00,776.645833333332,-27.0773395550373,-0.884566488257416,-0.884557013905207
2019-04-16 16:00:00,776.666666666668,-25.4258993691558,-0.621816134744766,-0.621806659863104
2019-04-16 16:30:00,776.6875,-26.6628114390351,-0.819182379497074,-0.819172904087285
2019-04-16 17:00:00,776.708333333332,-25.6258308842007,-0.654315924009433,-0.654306448072846
2019-04-16 17:30:00,776.729166666668,-25.7071152821561,-0.667589894414051,-0.667580417951995
2019-04-16 18:00:00,776.75,-25.8076807850163,-0.683935378353666,-0.683925901367468
2019-04-16 18:30:00,776.770833333332,-26.8378864528384,-0.848373224607521,-0.848363747098509
2019-04-16 19:00:00,776.791666666668,-25.9213539168443,-0.702694303492262,-0.702684825461766
2019-04-16 19:30:00,776.8125,-26.3561561113383,-0.772283990244241,-0.772274511693586
2019-04-17 11:30:00,777.479166666668,-22.4033710391466,-0.153024979838403,-0.153015485344096
2019-04-17 12:30:00,777.520833333332,-25.2830130012987,-0.612406041456182,-0.612396546010571
2019-04-17 13:30:00,777.5625,-27.5203525450835,-0.969467941467462,-0.969458445075861
2019-04-17 15:00:00,777.625,-28.8846866639775,-1.18778564482348,-1.18777614702286
2019-04-17 16:00:00,777.666666666668,-28.3724915975701,-1.1068448967087,-1.10683539797538
2019-04-17 17:00:00,777.708333333332,-28.8752990553271,-1.18759484749292,-1.18758534783222
2019-04-17 18:00:00,777.75,-28.2409924994361,-1.08720179443937,-1.08719229385661
2019-04-17 19:00:00,777.791666666668,-27.3840354169776,-0.951340424192327,-0.951330922692811
2019-04-17 20:00:00,777.833333333332,-27.2505671729478,-0.930731413383956,-0.930721910973007
2019-04-17 21:00:00,777.875,-26.7833962771963,-0.856963401816842,-0.856953898499776
2019-04-17 22:00:00,777.916666666668,-22.2768280381308,-0.139716576650704,-0.139707072432837
2019-04-17 23:00:00,777.958333333332,-22.0807733932584,-0.109137716844826,-0.109128211731476
2019-04-18,778,-21.5532481203358,-0.025755418242307,-0.0257459122387914
2019-04-18 01:00:00,778.041666666668,-21.7992593335821,-0.0655981034551953,-0.0655885965668296
2019-04-18 02:00:00,778.083333333332,-20.9888672639252,0.0628449407619241,0.0628544485298214
2019-04-18 03:00:00,778.125,-20.4639664177239,0.145808960946404,0.145818469588515
2019-04-18 04:00:00,778.166666666668,-19.9682000271579,0.22413177374255,0.22414128325356
2019-04-18 05:00:00,778.208333333332,-21.3161437063433,0.0087501874384833,0.00875969781307104
2019-04-18 06:00:00,778.25,-21.5824458712687,-0.034325199805824,-0.0343156885729752
2019-04-18 07:00:00,778.291666666668,-21.5276753473881,-0.0262535450620949,-0.0262440329763032
2019-04-18 10:30:00,778.4375,-18.9650074333952,0.379694112908859,0.379703627938075
2019-04-18 11:30:00,778.479166666668,-19.5435046243043,0.286885471775117,0.286894987633344
2019-04-18 12:30:00,778.520833333332,-20.7612300894249,0.0922472448203502,0.0922567615022714
2019-04-18 14:00:00,778.583333333332,-20.562944245539,0.122853665182416,0.122863183089905
2019-04-18 15:00:00,778.625,-20.8967801982418,0.0690195083131938,0.0690290270310796
2019-04-18 16:00:00,778.666666666668,-19.8825000200743,0.229941150706171,0.229950670229135
2019-04-18 17:00:00,778.708333333332,-18.8910983519481,0.38721816666977,0.387227686992493
2019-04-18 19:30:00,778.8125,-15.4049981575139,0.940921197952566,0.940930720251419
2019-04-19 16:30:00,779.6875,-11.8951885454286,1.48628567033017,1.48629520791594
2019-04-22 12:00:00,782.5,-13.7661211645963,1.14389674420226,1.14390631503663
2019-04-22 12:30:00,782.520833333332,-14.099289873913,1.09049354677594,1.0905031177662
2019-04-22 13:30:00,782.5625,-13.9593073229219,1.1121344751038,1.11214404640186
2019-04-22 14:00:00,782.583333333332,-14.3234744167883,1.05379318876448,1.05380276021445
2019-04-22 17:30:00,782.729166666668,-14.4351821665428,1.03369338783337,1.03370296030949
2019-04-22 18:30:00,782.770833333332,-14.6017100355019,1.00650683076357,1.00651640352093
2019-04-22 19:30:00,782.8125,-13.970003730855,1.10647951769711,1.10648909073038
2019-04-22 20:30:00,782.854166666668,-17.5144972418994,0.54118055968488,0.541190132988756
2019-04-22 21:30:00,782.895833333332,-18.2708196994424,0.420039213352035,0.420048786921204
2019-04-22 22:30:00,782.9375,-18.0297499847015,0.457783123545537,0.457792697374685
2019-04-22 23:30:00,782.979166666668,-16.610039195709,0.683285370209243,0.683294944293058
2019-04-23 00:30:00,783.020833333332,-15.8964444440741,0.796302798930918,0.796312373264087
2019-04-23 01:30:00,783.0625,-15.7977666831481,0.811363483351226,0.811373057928439
2019-04-23 02:30:00,783.104166666668,-15.7553999968519,0.817453745425979,0.817463320241922
2019-04-23 03:30:00,783.145833333332,-15.9370944435185,0.787850881324241,0.787860456373603
2019-04-23 04:30:00,783.1875,-17.1229092651852,0.598290896687152,0.598300471964623
2019-04-23 05:30:00,783.229166666668,-17.8038499731481,0.489157692249059,0.489167267749327
2019-04-23 06:30:00,783.270833333332,-18.2624981374074,0.415435822310476,0.415445398028229
2019-04-23 07:30:00,783.3125,-17.8251366322581,0.484448906780402,0.484458482710331
2019-04-23 08:30:00,783.354166666668,-17.8825685496296,0.474641019567325,0.474650595704119
2019-04-23 09:30:00,783.395833333332,-17.9950222616667,0.456068095592641,0.456077671930989
2019-04-23 10:30:00,783.4375,-17.9508944709259,0.46243869169111,0.462448268225704
2019-04-23 11:30:00,783.479166666668,-17.9908107500928,0.455420982517797,0.455430559243325
2019-04-23 13:00:00,783.541666666668,-17.8702305079926,0.473640929281927,0.473650506283903
2019-04-23 14:00:00,783.583333333332,-18.0043209363636,0.451621150129091,0.451630727308727
2019-04-23 15:00:00,783.625,-18.1162949627087,0.433124505929479,0.433134083281468
2019-04-23 19:00:00,783.791666666668,-19.6519517586271,0.185856643617904,0.18586622160622
2019-04-23 20:00:00,783.833333333332,-19.2233228454545,0.25347832060289,0.253487898737017
2019-04-23 21:00:00,783.875,-18.0179703217069,0.444832602141985,0.444842180416616
2019-04-23 22:00:00,783.916666666668,-17.1005454879406,0.590319775581657,0.590329353991486
2019-04-23 23:00:00,783.958333333332,-16.8177513805195,0.634709799808893,0.634719378348612
2019-04-24,784,-16.9186623315399,0.617975313373172,0.617984892037474
2019-04-24 01:00:00,784.041666666668,-16.5192333375926,0.680945317405046,0.680954896188624
2019-04-24 02:00:00,784.083333333332,-16.406542555,0.698237699484666,0.698247278382217
2019-04-24 03:00:00,784.125,-16.1335462618519,0.741066844313154,0.74107642331937
2019-04-24 04:00:00,784.166666666668,-17.5270445204082,0.518422196856775,0.518431775966351
2019-04-24 05:00:00,784.208333333332,-16.5876629544444,0.667406953588289,0.66741653279592
2019-04-24 06:00:00,784.25,-16.2048722209259,0.727726374339745,0.727735953640125
2019-04-24 07:00:00,784.291666666668,-16.0944537166667,0.744656686042876,0.744666265430701
2019-04-24 08:00:00,784.333333333332,-16.0659276131725,0.748541461834154,0.748551041304121
2019-04-24 09:00:00,784.375,-15.8740148146296,0.778453837294101,0.778463416840904
2019-04-24 10:00:00,784.416666666668,-15.7527296027778,0.797115170450202,0.797124750068537
2019-04-24 11:00:00,784.458333333332,-15.421040732963,0.849293939742368,0.849303519426934
2019-04-24 12:30:00,784.520833333332,-17.4600686508349,0.523486047250762,0.52349562702473
2019-04-24 13:30:00,784.5625,-20.4852634738404,0.0409108045489922,0.0409203843759312
2019-04-24 14:30:00,784.604166666668,-22.0335836789963,-0.206397271887789,-0.206387692013181
2019-04-24 15:30:00,784.645833333332,-22.7354096839851,-0.318858232735838,-0.318848652818861
2019-04-24 16:30:00,784.6875,-22.7745520340149,-0.325753228862078,-0.325743648908036
2019-04-24 20:30:00,784.854166666668,-23.0216560992565,-0.367755594205487,-0.367746014156193
2019-04-24 21:30:00,784.895833333332,-22.7894823719852,-0.331429815634741,-0.331420235574886
2019-04-24 23:00:00,784.958333333332,-23.6061918656566,-0.462521739109784,-0.462512159044023
2019-04-24 23:30:00,784.979166666668,-23.6840386920455,-0.475252639677188,-0.475243059612108
2019-04-25,785,-23.0602829656566,-0.376217755305665,-0.37620817524259
2019-04-25 00:30:00,785.020833333332,-23.4984954220455,-0.446355164396346,-0.446345584336603
2019-04-26,786,-19.0422226506494,0.248026584012941,0.248036162422636
2019-04-26 01:30:00,786.0625,-19.0105334845725,0.252084842944614,0.252094421149744
2019-04-26 02:30:00,786.104166666668,-18.5619239335807,0.322888761879698,0.32289833994184
2019-04-26 03:30:00,786.145833333332,-18.1971038988868,0.380344947754315,0.38035452566818
2019-04-26 04:30:00,786.1875,-18.0552769433085,0.402278173873197,0.402287751633496
2019-04-26 05:30:00,786.229166666668,-18.1929684272727,0.379683910264967,0.379693487866411
2019-04-26 06:30:00,786.270833333332,-18.2019146923933,0.377598849799109,0.377608427236412
2019-04-26 07:30:00,786.3125,-18.2231949067797,0.373548980517063,0.373558557784935
2019-04-26 08:30:00,786.354166666668,-17.8427796094444,0.433489491763031,0.433499068856186
2019-04-26 09:30:00,786.395833333332,-16.8540907325926,0.590328417698303,0.590337994611456
2019-04-26 10:30:00,786.4375,-16.6464574468519,0.622744628948366,0.622754205676228
2019-04-26 11:30:00,786.479166666668,-16.4953129387037,0.646162137029441,0.646171713566727
2019-04-26 12:30:00,786.520833333332,-16.6416400601113,0.622192201752814,0.622201778094242
2019-04-26 13:30:00,786.5625,-16.583684603525,0.630764627279061,0.630774203419342
2019-04-26 14:30:00,786.604166666668,-16.6140727714552,0.625263850772341,0.625273426706193
2019-04-26 15:30:00,786.645833333332,-16.2076399011194,0.689348978641386,0.689358554363524
2019-04-26 16:30:00,786.6875,-15.8392673020561,0.747371079258864,0.747380654764005
2019-04-26 17:30:00,786.729166666668,-15.8754494507491,0.740947320957797,0.740956896240657
2019-04-26 18:30:00,786.770833333332,-16.2403171688433,0.682163718405547,0.682173293460846
2019-04-26 19:30:00,786.8125,-16.5634354833645,0.63003082785247,0.630040402674923
2019-04-26 23:30:00,786.979166666668,-17.3284572998141,0.505522685735894,0.505532259574153
2019-04-27 01:00:00,787.041666666668,-18.1318033671614,0.376559240391073,0.376568813838479
2019-04-27 02:00:00,787.083333333332,-17.689252280705,0.446398054956481,0.446407628136718
2019-04-27 03:00:00,787.125,-17.3675102374768,0.496991907316496,0.497001480224287
2019-04-27 04:00:00,787.166666666668,-17.0196994333952,0.551738536960335,0.551748109590401
2019-04-27 05:00:00,787.208333333332,-17.7467476651206,0.435259359481781,0.435268931828844
2019-04-27 06:00:00,787.25,-17.2439833168831,0.51469021055782,0.514699782616604
2019-04-27 07:00:00,787.291666666668,-17.7512968430427,0.433214940493958,0.433224512259185
2019-04-27 08:00:00,787.333333333332,-18.3143462657407,0.342860908685924,0.342870480152318
2019-04-27 09:00:00,787.375,-18.650072205,0.288719676979931,0.288729248142215
2019-04-27 10:00:00,787.416666666668,-21.8370222396296,-0.219623583557947,-0.219614012705046
2019-04-27 11:00:00,787.458333333332,-23.4060892184015,-0.470236909719838,-0.470227339181596
2019-04-27 12:00:00,787.5,-26.746366682963,-1.00300532423995,-1.00299575402164
2019-04-27 13:00:00,787.541666666668,-24.8837851598148,-0.706954575895718,-0.706945006002616
2019-04-27 14:00:00,787.583333333332,-23.740419280705,-0.525475385173687,-0.525465815611066
2019-04-27 15:00:00,787.625,-24.5842746159555,-0.660561945220388,-0.660552375993521
2019-04-27 16:00:00,787.666666666668,-24.347153928757,-0.623448243302328,-0.623438674416485
2019-04-27 17:00:00,787.708333333332,-24.9250333331481,-0.71616462893542,-0.716155060395874
2019-04-27 18:00:00,787.75,-25.5990222475926,-0.824191318414787,-0.824181750226811
2019-04-27 19:00:00,787.791666666668,-27.0905722435185,-1.0624560622888,-1.06244649445766
2019-04-27 20:00:00,787.833333333332,-27.9868536975926,-1.20589409159678,-1.20588452412776
2019-04-28 01:00:00,788.041666666668,-27.5640278397032,-1.14183622740135,-1.14182666182191
2019-04-28 02:00:00,788.083333333332,-27.7009943851577,-1.16431477927174,-1.16430521408602
2019-04-28 03:00:00,788.125,-27.9005547404453,-1.19676455694881,-1.19675499216208
2019-04-28 04:00:00,788.166666666668,-28.1212467109462,-1.23258060286202,-1.23257103847954
2019-04-28 05:00:00,788.208333333332,-28.3839387890538,-1.27508728242429,-1.27507771845133
2019-04-28 06:00:00,788.25,-28.5054860972171,-1.29510948542614,-1.29509992186796
2019-04-28 07:00:00,788.291666666668,-28.2772277774074,-1.25940738773377,-1.25939782459564
2019-04-28 08:00:00,788.333333333332,-27.9028759042593,-1.20043246807344,-1.20042290536061
2019-04-28 09:00:00,788.375,-26.7553074444444,-1.01828357874808,-1.01827401646583
2019-04-28 10:00:00,788.416666666668,-26.0747926025926,-0.910536649329394,-0.910527087482981
2019-04-28 11:00:00,788.458333333332,-26.06839078,-0.910176390072883,-0.910166828667568
2019-04-28 12:00:00,788.5,-28.8323666690741,-1.3511392641576,-1.35112970319864
2019-04-28 13:00:00,788.541666666668,-29.6892685327778,-1.48830386697083,-1.4882943064635
2019-04-28 14:00:00,788.583333333332,-29.6716814781481,-1.48616174362345,-1.48615218357299
2019-04-28 15:00:00,788.625,-29.6751852055556,-1.48737938003878,-1.48736982045047
2019-04-28 16:00:00,788.666666666668,-27.6462703624074,-1.16483126854761,-1.16482170942671
2019-04-28 17:00:00,788.708333333332,-26.1264111281481,-0.923376061766062,-0.923366503117815
2019-04-28 18:00:00,788.75,-25.9447388811111,-0.895094980432172,-0.895085422261843
2019-04-28 19:00:00,788.791666666668,-25.0465092801852,-0.752665782323248,-0.752656224636096
2019-04-28 20:00:00,788.833333333332,-24.4176537096296,-0.65314804117238,-0.653138483973662
2019-04-28 21:00:00,788.875,-23.8405685242593,-0.561877340461445,-0.561867783756415
2019-04-28 22:00:00,788.916666666668,-23.4664500246296,-0.502939358577563,-0.502929802371479
2019-04-28 23:00:00,788.958333333332,-25.789174240396,-0.873610328861276,-0.873600773159393
2019-04-29 02:30:00,789.104166666668,-24.4212189092764,-0.658001607917161,-0.657992054021354
2019-04-29 03:30:00,789.145833333332,-24.2597588118738,-0.632940149538163,-0.632930596170199
2019-04-29 04:30:00,789.1875,-23.9760147990724,-0.588398754599824,-0.588389201764952
2019-04-29 05:30:00,789.229166666668,-24.1252635092764,-0.612833388069451,-0.612823835772925
2019-04-29 06:30:00,789.270833333332,-24.28165307718,-0.638405543146864,-0.638395991393934
2019-04-29 07:30:00,789.3125,-24.6916382040816,-0.704375629530657,-0.704366078326573
2019-04-29 08:30:00,789.354166666668,-24.991699992963,-0.752834826812794,-0.752825276162803
2019-04-29 09:30:00,789.395833333332,-25.1892778042593,-0.784968230088892,-0.784958679998247
2019-04-29 10:30:00,789.4375,-25.0292092746296,-0.760128292198817,-0.760118742672764
2019-04-29 11:30:00,789.479166666668,-25.6666129998148,-0.862326230568123,-0.862316681611908
2019-04-29 12:30:00,789.520833333332,-27.792092575,-1.20157569108571,-1.20156614270458
2019-04-29 13:30:00,789.5625,-28.6733296411111,-1.34261640626502,-1.34260685846423
2019-04-29 14:30:00,789.604166666668,-28.3704148416667,-1.29502085822221,-1.295011311007
2019-04-29 15:30:00,789.645833333332,-28.1569647642593,-1.26167707916496,-1.26166753254057
2019-04-29 16:30:00,789.6875,-28.1793055033333,-1.26589492016699,-1.26588537413867
2019-04-29 17:30:00,789.729166666668,-26.9902481472222,-1.07713615308299,-1.07712660765598
2019-04-29 18:30:00,789.770833333332,-27.3332523252319,-1.13243585703354,-1.13242631221308
2019-04-29 19:30:00,789.8125,-26.5477740825926,-1.00796747842872,-1.00795793422007
2019-04-29 20:30:00,789.854166666668,-26.2592500148148,-0.962664228152541,-0.962654684560925
2019-04-29 21:30:00,789.895833333332,-25.7961444255556,-0.889549989552101,-0.889540446582764
2019-04-29 22:30:00,789.9375,-24.5906753495362,-0.698176689476902,-0.698167147135087
2019-04-30,790,-21.6434849795113,-0.229675282839064,-0.229665741448357
2019-04-30 04:00:00,790.166666666668,-17.0991247804469,0.491609858478178,0.491619397274978
2019-04-30 05:00:00,790.208333333332,-18.0790018439703,0.33485614403705,0.334865682172281
2019-04-30 06:00:00,790.25,-18.2421780693878,0.308203486794915,0.308213024263342
2019-04-30 07:00:00,790.291666666668,-18.2571094697588,0.305166366522184,0.305175903318571
2019-04-30 08:00:00,790.333333333332,-17.7827625003711,0.380071670935917,0.380081207055029
2019-04-30 09:00:00,790.375,-17.6782671745826,0.396059375300776,0.396068910737382
2019-04-30 10:00:00,790.416666666668,-17.7726215209647,0.380370216203064,0.380379750951929
2019-04-30 11:00:00,790.458333333332,-18.1230575328386,0.323887096545622,0.323896630601514
2019-04-30 12:00:00,790.5,-17.8775454795918,0.362338961623348,0.362348494981038
2019-04-30 13:00:00,790.541666666668,-17.5768292953618,0.409584916643438,0.409594449297692
2019-04-30 14:00:00,790.583333333332,-17.3138237430427,0.450823573816374,0.450833105761963
2019-04-30 15:00:00,790.625,-17.0115333025926,0.498320374844129,0.498329906075825
2019-04-30 16:00:00,790.666666666668,-16.3803185309259,0.598215090327662,0.598224620840234
2019-04-30 17:00:00,790.708333333332,-16.3504296222222,0.602318199903426,0.602327729691646
2019-04-30 18:00:00,790.75,-16.2867087209648,0.611810804184149,0.611820333242794
2019-04-30 19:00:00,790.791666666668,-16.4558558288372,0.58420740265201,0.58421693097585
2019-04-30 20:00:00,790.833333333332,-16.6025621359926,0.560178871499863,0.56018839908367
2019-04-30 21:00:00,790.875,-17.9760537188889,0.340722604372892,0.340732131211445
2019-04-30 22:00:00,790.916666666668,-18.1263573935185,0.316121080601886,0.31613060668996
2019-04-30 23:30:00,790.979166666668,-18.1205152691525,0.316064740930616,0.316074265883175
2019-05-01 00:30:00,791.020833333332,-18.4161115016729,0.268318098995489,0.268327623184508
2019-05-01 01:30:00,791.0625,-18.462741589777,0.260231978424621,0.260241501844882
2019-05-01 05:30:00,791.229166666668,-18.7159869568773,0.217258526809884,0.217268047102901
2019-05-01 06:30:00,791.270833333332,-18.7157717996289,0.216635075581173,0.21664459507933
2019-05-01 07:30:00,791.3125,-18.7362096573284,0.21272162298014,0.212731141678221
2019-05-01 08:30:00,791.354166666668,-18.8897862589219,0.187599112339192,0.187608630231983
2019-05-01 09:30:00,791.395833333332,-19.7913221860335,0.0433261859844503,0.0433357030667304
2019-05-01 10:30:00,791.4375,-18.971972708577,0.173191574022448,0.173201090289004
2019-05-01 11:30:00,791.479166666668,-20.035476829128,0.00311707840381822,0.00312659384943834
2019-05-01 12:30:00,791.520833333332,-18.6622370738889,0.221217663879137,0.221227178498603
2019-05-01 13:30:00,791.5625,-17.5090018285185,0.404271414404809,0.404280928192909
2019-05-01 14:30:00,791.604166666668,-20.2296487,-0.0297869835803842,-0.02977747062886
2019-05-01 15:30:00,791.645833333332,-20.0577672158287,-0.00306350610923135,-0.00305399399949645
2019-05-01 16:30:00,791.6875,-20.1521280213358,-0.0187525739424777,-0.0187430626797427
2019-05-01 17:30:00,791.729166666668,-20.8529722040741,-0.131054835130732,-0.131045324720207
2019-05-01 18:30:00,791.770833333332,-20.2032207705009,-0.0282062071129221,-0.0281966975598144
2019-05-01 19:30:00,791.8125,-21.0282526736842,-0.160291575826528,-0.160282067136048
2019-05-01 23:00:00,791.958333333332,-19.4101540569573,0.0951728419992093,0.0951823476294915
2019-05-02 00:30:00,792.020833333332,-18.9602350740672,0.165859773305194,0.165869277604443
2019-05-02 01:30:00,792.0625,-18.7756716425373,0.194603926228303,0.19461342963369
2019-05-02 02:30:00,792.104166666668,-17.2171701056075,0.442217446244763,0.442226948751086
2019-05-02 06:30:00,792.270833333332,-15.7653394733945,0.670868006724353,0.67087750558241
2019-05-02 07:00:00,792.291666666668,-15.7510488360465,0.672816180530988,0.672825678927161
2019-05-02 07:30:00,792.3125,-15.3325688238532,0.739152022319699,0.73916152025269
2019-05-02 08:00:00,792.333333333332,-15.3758255688372,0.731932880499841,0.73194237796835
2019-05-02 08:30:00,792.354166666668,-15.1257614522936,0.771439973346585,0.771449470349311
2019-05-02 09:00:00,792.375,-15.1663511634884,0.764645715586548,0.764655212122193
2019-05-02 09:30:00,792.395833333332,-15.1360275688073,0.769148010026825,0.769157506094091
2019-05-02 10:00:00,792.416666666668,-15.0576232653488,0.781309607675184,0.78131910327277
2019-05-02 10:30:00,792.4375,-14.8485321165138,0.814289725165407,0.814299220292014
2019-05-02 11:00:00,792.458333333332,-14.8431744139535,0.814814971098614,0.814824465752944
2019-05-02 11:30:00,792.479166666668,-14.6789357238532,0.84065008395223,0.840659578132983
2019-05-02 12:00:00,792.5,-14.7293426550117,0.832292008060077,0.832301501765956
2019-05-02 12:30:00,792.520833333332,-14.6806513706422,0.839720360869502,0.839729854099208
2019-05-02 13:00:00,792.541666666668,-14.737009274942,0.830414315047635,0.830423807799868
2019-05-02 13:30:00,792.5625,-14.8788899091743,0.807484449467269,0.807493941740732
2019-05-02 14:00:00,792.583333333332,-14.9851720648837,0.790225459232056,0.790234951025451
2019-05-02 14:30:00,792.604166666668,-14.8641742963303,0.809172335668282,0.809181826980309
2019-05-02 15:00:00,792.625,-15.0354709979118,0.781556506496307,0.78156599732567
2019-05-02 15:30:00,792.645833333332,-14.8389632908257,0.812532194866147,0.812541685211546
2019-05-02 16:00:00,792.666666666668,-14.9791531600928,0.789871731160198,0.789881221020336
2019-05-02 16:30:00,792.6875,-14.8210183238532,0.81473461871564,0.814744108089221
2019-05-02 17:00:00,792.708333333332,-15.0383132382831,0.779791291232375,0.779800780118099
2019-05-06 13:30:00,796.5625,-18.1449562332362,0.22446433757392,0.224473713999703
2019-05-06 14:00:00,796.583333333332,-18.6198730857868,0.148484711017173,0.148494086715721
2019-05-06 14:30:00,796.604166666668,-18.2622740282799,0.205125484217364,0.205134859187403
2019-05-06 15:00:00,796.625,-18.8253350365482,0.115104471424994,0.115113845665248
2019-05-06 15:30:00,796.645833333332,-19.0943890166667,0.071919008759953,0.0719283822691459
2019-05-06 16:00:00,796.666666666668,-20.0234618898477,-0.0764079147439441,-0.0763985419670856
2019-05-07 20:30:00,797.854166666668,-15.2246462870748,0.66955985207487,0.669569181005641
2019-05-07 21:00:00,797.875,-15.3810777254417,0.644316520495356,0.644325848620084
2019-05-07 21:30:00,797.895833333332,-15.0045363148976,0.703976167552359,0.703985494869776
2019-05-07 23:00:00,797.958333333332,-15.548297944879,0.61638368317716,0.616393008065045
2019-05-07 23:30:00,797.979166666668,-15.4734163566914,0.627988797121833,0.62799812119734
2019-05-08,798,-15.2696466190476,0.660125908523404,0.66013523178527
2019-05-08 00:30:00,798.020833333332,-15.6274285671429,0.602807458279874,0.602816780726832
2019-05-08 01:00:00,798.041666666668,-15.2697272666048,0.659466024063059,0.659475345693843
2019-05-08 01:30:00,798.0625,-15.3507161254174,0.646240957236152,0.646250278049497
2019-05-08 02:00:00,798.083333333332,-15.3491503699248,0.646166922771863,0.646176242766503
2019-05-08 02:30:00,798.104166666668,-16.4750213425532,0.4664914351884,0.46650075436307
2019-05-08 03:00:00,798.125,-16.1191296207407,0.522861827107439,0.522871145460874
2019-05-08 03:30:00,798.145833333332,-15.9855518685185,0.543817468236055,0.543826785766991
2019-05-08 04:00:00,798.166666666668,-15.7286040235589,0.584426076774524,0.584435393481694
2019-05-08 04:30:00,798.1875,-17.2699219843972,0.338569680903075,0.338578996785216
2019-05-08 05:00:00,798.208333333332,-16.4210407159259,0.47347375388435,0.473483068940198
2019-05-08 05:30:00,798.229166666668,-16.4346277762963,0.470986029349981,0.470995343578269
2019-05-08 06:00:00,798.25,-16.3700626761905,0.480948023468824,0.480957336868291
2019-05-08 06:30:00,798.270833333332,-18.0763120730496,0.208818026457572,0.208827339026952
2019-05-08 07:00:00,798.291666666668,-17.0225407557407,0.376361325281636,0.376370637019665
2019-05-08 07:30:00,798.3125,-17.3395111538889,0.325544513049633,0.325553823955048
2019-05-08 08:00:00,798.333333333332,-17.4990701844612,0.299803467967074,0.299812778038612
2019-05-08 08:30:00,798.354166666668,-19.0944964234043,0.0453277743505427,0.0453370835869387
2019-05-08 09:00:00,798.375,-18.3543629575926,0.162908434610536,0.162917743010528
2019-05-08 09:30:00,798.395833333332,-18.5785999496296,0.126864215714987,0.12687352327731
2019-05-08 10:00:00,798.416666666668,-18.315293222807,0.168486083610609,0.168495390334002
2019-05-08 10:30:00,798.4375,-19.9594185340426,-0.0937473112172195,-0.0937380053340195
2019-05-08 11:00:00,798.458333333332,-19.016340775,0.0561626159523689,0.0561719209941115
2019-05-08 11:30:00,798.479166666668,-19.444296275,-0.0123340107044546,-0.0123247065054303
2019-05-08 12:00:00,798.5,-19.9071804506266,-0.0863947762112435,-0.0863854728562
2019-05-08 12:30:00,798.520833333332,-20.4983192099291,-0.180886564370756,-0.180877261860957
2019-05-08 13:00:00,798.541666666668,-19.5924499848148,-0.0369038866118686,-0.0368945849485748
2019-05-08 13:30:00,798.5625,-20.490409217037,-0.180272346882707,-0.18026304606718
2019-05-08 14:00:00,798.583333333332,-19.6833157829574,-0.0520246746567496,-0.0520153746902535
2019-05-08 14:30:00,798.604166666668,-20.5078936921986,-0.183703389089573,-0.183694089973368
2019-05-08 15:00:00,798.625,-19.8923918238806,-0.0859763414723702,-0.0859670432077169
2019-05-08 15:30:00,798.645833333332,-20.9621222137037,-0.256707972437302,-0.256698675025464
2019-05-08 16:00:00,798.666666666668,-20.804994959799,-0.232000279560076,-0.231990983002313
2019-05-08 16:30:00,798.6875,-21.4840562971831,-0.340498002315571,-0.340488706613143
2019-05-08 17:00:00,798.708333333332,-21.6446066634508,-0.36639653228636,-0.366387237440531
2019-05-08 17:30:00,798.729166666668,-21.9268870527778,-0.411686717327416,-0.411677423339444
2019-05-08 18:30:00,798.770833333332,-22.6474260461153,-0.527114454528294,-0.527105162259821
2019-05-08 19:00:00,798.791666666668,-23.411956484058,-0.649227342908786,-0.649218051501952
2019-05-08 22:00:00,798.916666666668,-23.1684935346939,-0.612378859361672,-0.612369573151132
2019-05-08 22:30:00,798.9375,-21.6245122390244,-0.366744004710397,-0.366734719370316
2019-05-08 23:00:00,798.958333333332,-25.8678941835294,-1.0430402248922,-1.04303094042384
2019-05-08 23:30:00,798.979166666668,-22.2115167139405,-0.460899100054656,-0.460889816459266
2019-05-09,799,-21.6303172814471,-0.368636008956099,-0.368626726234944
2019-05-09 00:30:00,799.020833333332,-19.4178211747967,-0.016506166748027,-0.0164968849023647
2019-05-09 01:00:00,799.041666666668,-24.8570591828402,-0.883303011821114,-0.883293730852202
2019-05-09 01:30:00,799.0625,-22.8853327408922,-0.569527898789886,-0.569518618698985
2019-05-09 02:00:00,799.083333333332,-22.9597796868519,-0.581709643377456,-0.581700364165823
2019-05-09 02:30:00,799.104166666668,-21.7191083788618,-0.384392084974327,-0.384382806643219
2019-05-09 03:00:00,799.125,-25.7481294488235,-1.02654026278768,-1.02653098533836
2019-05-09 03:30:00,799.145833333332,-21.5731629874074,-0.36178733876268,-0.361778062196398
2019-05-09 04:00:00,799.166666666668,-21.31504636141,-0.320991367088238,-0.320982091406255
2019-05-09 04:30:00,799.1875,-21.8296658019022,-0.403292777510175,-0.403283502713749
2019-05-09 05:00:00,799.208333333332,-24.259701845614,-0.790721396061915,-0.790712122152302
2019-05-09 05:30:00,799.229166666668,-22.5050055981481,-0.511519144583305,-0.511509871561763
2019-05-09 06:00:00,799.25,-22.6361573848148,-0.532733806966255,-0.532724534834042
2019-05-09 06:30:00,799.270833333332,-20.8636983600543,-0.250701881077962,-0.250692609836333
2019-05-09 07:00:00,799.291666666668,-23.8449705547059,-0.725942709808411,-0.725933439458623
2019-05-09 07:30:00,799.3125,-21.2270018702857,-0.309220439466528,-0.309211170009839
2019-05-09 08:30:00,799.354166666668,-20.3577018693767,-0.171384274532793,-0.171375006866067
2019-05-09 09:00:00,799.375,-24.1346901233918,-0.773383136901742,-0.773373870131884
2019-05-09 09:30:00,799.395833333332,-21.421205527963,-0.34144501026776,-0.341435744396024
2019-05-09 10:00:00,799.416666666668,-21.3169444490741,-0.325158028445817,-0.325148763473458
2019-05-09 10:30:00,799.4375,-18.9829049540761,0.0463342744867366,0.0463435385584616
2019-05-09 11:00:00,799.458333333332,-23.3664385824561,-0.652287595556664,-0.652278332386828
2019-05-09 11:30:00,799.479166666668,-23.1945407559259,-0.62522595338579,-0.625216691119098
2019-05-09 12:00:00,799.5,-24.1899518112385,-0.784117424144676,-0.784108162782383
2019-05-09 12:30:00,799.520833333332,-23.9134293774457,-0.740388954987488,-0.740379694530849
2019-05-09 13:00:00,799.541666666668,-24.334970754386,-0.807862523521626,-0.807853263971896
2019-05-09 13:30:00,799.5625,-24.9251666953704,-0.902202858385826,-0.90219359974426
2019-05-09 14:00:00,799.583333333332,-25.627549193692,-1.01441456571778,-1.01440530798563
2019-05-09 14:30:00,799.604166666668,-25.1326476731707,-0.935898046927037,-0.935888790105561
2019-05-09 15:00:00,799.625,-25.5394527021053,-1.00102399946675,-1.0010147435572
2019-05-09 15:30:00,799.645833333332,-24.9654111055556,-0.909900357232131,-0.909891102235761
2019-05-09 16:00:00,799.666666666668,-24.4880166719852,-0.834172650674581,-0.834163396592646
2019-05-09 16:30:00,799.6875,-24.3136229273224,-0.806713143895926,-0.806703890729678
2019-05-09 17:00:00,799.708333333332,-24.6962848715116,-0.867992979896984,-0.867983727647677
2019-05-09 18:00:00,799.75,-23.3443011215613,-0.653263952294727,-0.653254701883062
2019-05-09 18:30:00,799.770833333332,-22.9117384402597,-0.58467784303857,-0.584668593547606
2019-05-09 19:00:00,799.791666666668,-22.3942242720317,-0.502558874509662,-0.502549625940653
2019-05-09 19:30:00,799.8125,-22.5218679075472,-0.523213978415495,-0.523204730769692
2019-05-09 20:00:00,799.833333333332,-21.7011161645714,-0.392788994012228,-0.392779747290884
2019-05-09 23:30:00,799.979166666668,-19.6472615992579,-0.0678572241415838,-0.0678479839265112
2019-05-10,800,-19.6735955632653,-0.0723733824728172,-0.0723641431922177
2019-05-10 01:00:00,800.041666666668,-19.3513377365492,-0.0216796769861084,-0.0216704395782099
2019-05-10 01:30:00,800.0625,-19.6104721141264,-0.0632810259847051,-0.0632717895150327
2019-05-10 02:00:00,800.083333333332,-20.1641542486989,-0.151804015885693,-0.151794780355497
2019-05-10 03:00:00,800.125,-21.1122764493506,-0.303482538392602,-0.303473304745113
2019-05-10 03:30:00,800.145833333332,-20.9741579609665,-0.281801112617298,-0.281791879913035
2019-05-10 04:00:00,800.166666666668,-20.8472888992593,-0.261911701111698,-0.261902469351915
2019-05-10 05:00:00,800.208333333332,-21.30944445,-0.336175169498334,-0.336165939631256
2019-05-10 05:30:00,800.229166666668,-17.5405537272222,0.26389097781292,0.263900206731771
2019-05-10 06:00:00,800.25,-18.3065425968519,0.141547592976429,0.141556820945804
2019-05-10 07:00:00,800.291666666668,-18.3915684794444,0.12736137105483,0.127370597121504
2019-05-10 07:30:00,800.3125,-18.4613573966667,0.11592321920691,0.115932444320361
2019-05-10 08:00:00,800.333333333332,-19.0753784983302,0.0177885192303794,0.0177977433893574
2019-05-10 09:00:00,800.375,-19.866125912963,-0.108819424919463,-0.108810202673173
2019-05-10 09:30:00,800.395833333332,-20.0349481892593,-0.136033550320199,-0.136024329032128
2019-05-10 10:00:00,800.416666666668,-19.0868221990741,0.0146830092467461,0.0146922295753527
2019-05-10 11:00:00,800.458333333332,-17.7715425833333,0.223566899486385,0.223576117892318
2019-05-10 11:30:00,800.479166666668,-16.8539166205556,0.369424866934912,0.369434084377637
2019-05-10 12:00:00,800.5,-16.103755552037,0.488605585152132,0.488614801630401
2019-05-10 13:00:00,800.541666666668,-15.5357574011111,0.578447228802834,0.57845644334845
2019-05-10 13:30:00,800.5625,-14.7436685146296,0.704307162919847,0.704316376497266
2019-05-10 14:00:00,800.583333333332,-14.1436999990741,0.799562212917615,0.79957142552559
2019-05-10 15:00:00,800.625,-14.0199110983333,0.818641231663202,0.818650442328552
2019-05-10 15:30:00,800.645833333332,-14.0060074122222,0.820535820550213,0.820545030242379
2019-05-10 16:00:00,800.666666666668,-13.4283314864815,0.912239758513795,0.912248967231533
2019-05-10 17:30:00,800.729166666668,-12.8655306218924,1.0009337599244,1.00094296571137
2019-05-10 18:00:00,800.75,-12.744936912616,1.0198242882793,1.01983349308686
2019-05-10 18:30:00,800.770833333332,-12.7440463992579,1.01964604061327,1.01965524444017
2019-05-10 19:30:00,800.8125,-12.6014935116883,1.04171468936717,1.04172389122903
2019-05-10 20:00:00,800.833333333332,-12.5244155875696,1.05367323681658,1.05368243769405
2019-05-10 20:30:00,800.854166666668,-12.3183005608534,1.08618751571552,1.08619671560735
2019-05-10 21:30:00,800.895833333332,-12.1803469443414,1.10752372765771,1.10753292557453
2019-05-11 01:00:00,801.041666666668,-12.1255714387755,1.11401077575478,1.11401996671991
2019-05-11 01:30:00,801.0625,-12.0866858806691,1.11988557099791,1.11989476096497
2019-05-11 02:00:00,801.083333333332,-12.1209432824742,1.11410866970349,1.11411785867123
2019-05-11 02:30:00,801.104166666668,-12.2358811681159,1.09547933896474,1.09548852693193
2019-05-11 03:00:00,801.125,-12.5494619816327,1.04520607718999,1.04521526415538
2019-05-11 03:30:00,801.145833333332,-14.6064786402597,0.717202268776585,0.717211454738931
2019-05-11 04:00:00,801.166666666668,-15.595824743299,0.559279172247806,0.559288357205869
2019-05-11 04:30:00,801.1875,-16.2480028597101,0.455067206383349,0.455076390335885
2019-05-11 05:00:00,801.208333333332,-16.6246981437037,0.394739882077373,0.394749065023141
2019-05-11 05:30:00,801.229166666668,-17.0246704005556,0.330704548892902,0.330713730830662
2019-05-11 06:00:00,801.25,-17.6923350278351,0.22402565937595,0.224034840304458
2019-05-11 06:30:00,801.270833333332,-18.7162485517341,0.0605960956614465,0.0606052755794635
2019-05-11 07:00:00,801.291666666668,-17.7830036857407,0.208943291720919,0.208952470627204
2019-05-11 07:30:00,801.3125,-18.8355722448148,0.0409490197761391,0.0409581976694492
2019-05-11 08:00:00,801.333333333332,-19.5170309015464,-0.0679271497892096,-0.0679179729101133
2019-05-11 08:30:00,801.354166666668,-19.7927658820809,-0.112171218023793,-0.112162042160151
2019-05-11 09:00:00,801.375,-19.966614145269,-0.140184629557126,-0.14017545471018
2019-05-11 09:30:00,801.395833333332,-20.1992110935185,-0.177556718743945,-0.177547544914934
2019-05-11 10:00:00,801.416666666668,-19.8661959170103,-0.124826362363297,-0.124817189553463
2019-05-11 10:30:00,801.4375,-20.7486156216763,-0.265715621177213,-0.265706449387793
2019-05-11 11:00:00,801.458333333332,-20.6148812510204,-0.244730779654098,-0.244721608886334
2019-05-11 11:30:00,801.479166666668,-20.5121629435185,-0.228686789132983,-0.228677619388113
2019-05-11 12:00:00,801.5,-20.3095618283505,-0.196731365909272,-0.196722197188534
2019-05-11 12:30:00,801.520833333332,-20.7964133283237,-0.274606206864132,-0.274597039168769
2019-05-11 13:00:00,801.541666666668,-20.9653704137037,-0.301840210257469,-0.301831043588717
2019-05-11 13:30:00,801.5625,-21.8014907633333,-0.435353768222274,-0.435344602581371
2019-05-11 14:00:00,801.583333333332,-21.1172525639175,-0.326673092629832,-0.32666392801802
2019-05-11 14:30:00,801.604166666668,-21.7425809121387,-0.426607273640117,-0.426598110058631
2019-05-11 15:00:00,801.625,-21.4555992359926,-0.381209785511527,-0.381200622961607
2019-05-11 15:30:00,801.645833333332,-21.6085148355556,-0.405888217409388,-0.405879055892273
2019-05-11 16:30:00,801.6875,-21.9773136588235,-0.465275777514925,-0.465266618067131
2019-05-11 17:00:00,801.708333333332,-22.5686746453731,-0.55979878158301,-0.559789623171734
2019-05-11 17:30:00,801.729166666668,-22.4510426528757,-0.541378666920415,-0.541369509546893
2019-05-11 18:00:00,801.75,-22.5702044741636,-0.560679945455236,-0.560670789120705
2019-05-11 18:30:00,801.770833333332,-22.4951029465686,-0.549034903094888,-0.549025747800587
2019-05-11 19:00:00,801.791666666668,-23.0322119241791,-0.634915401071007,-0.634906246818171
2019-05-11 19:30:00,801.8125,-23.2778979530612,-0.674371984383388,-0.674362831173255
2019-05-11 20:00:00,801.833333333332,-23.4029312379182,-0.694608468634978,-0.694599316468785
2019-05-11 20:30:00,801.854166666668,-23.3402990823529,-0.684949683360837,-0.684940532239818
2019-05-11 21:00:00,801.875,-23.5680387937313,-0.721547313194765,-0.721538163120158
2019-05-11 21:30:00,801.895833333332,-23.2252943880899,-0.667266384672336,-0.667257235645378
2019-05-11 22:00:00,801.916666666668,-22.9339109435993,-0.621167263083511,-0.621158115105436
2019-05-11 22:30:00,801.9375,-20.6580539205882,-0.258940051385318,-0.258930904457362
2019-05-11 23:00:00,801.958333333332,-22.326280580597,-0.525008157920331,-0.52499901204373
2019-05-12 02:30:00,802.104166666668,-22.2012948314065,-0.507325820600996,-0.507316682118457
2019-05-12 03:00:00,802.125,-22.8751899482309,-0.614995952575887,-0.614986815154579
2019-05-12 03:30:00,802.145833333332,-23.241462096088,-0.673661494433439,-0.673652358074599
2019-05-12 04:00:00,802.166666666668,-24.0487076969231,-0.80257439110504,-0.802565255809899
2019-05-12 04:30:00,802.1875,-24.31643597718,-0.845541761651538,-0.845532627421332
2019-05-12 05:00:00,802.208333333332,-24.5109127627087,-0.876840085289429,-0.87683095212539
2019-05-12 05:30:00,802.229166666668,-24.8373545564792,-0.92916049755137,-0.92915136545473
2019-05-12 06:00:00,802.25,-25.5248168061069,-1.03899169488746,-1.03898256385946
2019-05-12 06:30:00,802.270833333332,-24.6555499874074,-0.900834807607046,-0.900825677648907
2019-05-12 07:00:00,802.291666666668,-23.9387074046296,-0.786959178418251,-0.786950049531209
2019-05-12 07:30:00,802.3125,-24.3184009968215,-0.847762513844572,-0.847753386029862
2019-05-12 08:00:00,802.333333333332,-25.3430999753846,-1.01131563655214,-1.01130650981099
2019-05-12 08:30:00,802.354166666668,-24.4448166875926,-0.868536278305399,-0.868527152639047
2019-05-12 09:00:00,802.375,-24.0315222325926,-0.803015955923417,-0.803006831333094
2019-05-12 09:30:00,802.395833333332,-23.5582322537897,-0.727938271907431,-0.727929148394368
2019-05-12 10:00:00,802.416666666668,-24.8551297801527,-0.934852690602809,-0.934843568168235
2019-05-12 10:30:00,802.4375,-23.6213481655556,-0.73862808178864,-0.738618960433789
2019-05-12 11:00:00,802.458333333332,-24.8275176428571,-0.931089393592164,-0.931080273318268
2019-05-12 11:30:00,802.479166666668,-24.4852102748166,-0.876877205390639,-0.876868086198926
2019-05-12 12:00:00,802.5,-25.8225037946565,-1.09022660686963,-1.09021748876133
2019-05-12 12:30:00,802.520833333332,-25.2673320846011,-1.00210491278443,-1.00209579576078
2019-05-12 13:00:00,802.541666666668,-24.8136074464815,-0.93014377765036,-0.930134661712585
2019-05-12 13:30:00,802.5625,-25.0540757198044,-0.968768037243492,-0.968758922392825
2019-05-12 14:00:00,802.583333333332,-25.3228014854962,-1.01189370337913,-1.0118845896168
2019-05-12 14:30:00,802.604166666668,-25.5970555611111,-1.05590000101048,-1.05589088833772
2019-05-12 15:00:00,802.625,-26.3458555287037,-1.17550176608378,-1.17549265450181
2019-05-12 16:00:00,802.666666666668,-26.8629491397094,-1.25850984114492,-1.25850073174824
2019-05-12 16:30:00,802.6875,-26.99816002,-1.28036632908953,-1.28035722078733
2019-05-12 17:00:00,802.708333333332,-26.9684415343228,-1.27594941874585,-1.27594031153937
2019-05-12 17:30:00,802.729166666668,-26.6174953225141,-1.22036066960649,-1.22035156349695
2019-05-12 18:00:00,802.75,-26.1797801985507,-1.15094953824431,-1.15094043323295
2019-05-12 18:30:00,802.770833333332,-26.4208080144,-1.18966260968133,-1.18965350576937
2019-05-12 19:00:00,802.791666666668,-25.9605252511468,-1.11665637211055,-1.11664726929921
2019-05-13 14:00:00,803.583333333332,-25.8943166783333,-1.11813589803791,-1.1181268379589
2019-05-13 14:30:00,803.604166666668,-26.2103654844156,-1.16879853150332,-1.16878947257271
2019-05-13 15:30:00,803.645833333332,-25.6682341834572,-1.08306819077239,-1.08305913414223
2019-05-13 16:00:00,803.666666666668,-24.9887584206897,-0.975142946242268,-0.975133890764155
2019-05-13 16:30:00,803.6875,-25.1831630736739,-1.00642744209154,-1.0064183877667
2019-05-13 17:00:00,803.708333333332,-25.2338959228625,-1.01482488255059,-1.01481582938025
2019-05-13 17:30:00,803.729166666668,-26.1085121072626,-1.15446749264966,-1.15445844063503
2019-05-13 18:00:00,803.75,-26.1986894931034,-1.16914840711171,-1.16913935625402
2019-05-13 18:30:00,803.770833333332,-26.261693537721,-1.17950055440121,-1.17949150470167
2019-05-13 19:00:00,803.791666666668,-26.3862323600372,-1.19965520121392,-1.19964615267376
2019-05-13 20:00:00,803.833333333332,-26.0168775935065,-1.14144766602661,-1.14143861980885
2019-05-13 20:30:00,803.854166666668,-24.1829666332096,-0.849619759080948,-0.849610714026226
2019-05-13 21:00:00,803.875,-26.1208083260274,-1.15863471041779,-1.15862566652732
2019-05-13 21:30:00,803.895833333332,-26.0352937440625,-1.14532752652659,-1.14531848380159
2019-05-13 22:00:00,803.916666666668,-25.4102931534323,-1.04607980115144,-1.04607075959313
2019-05-13 22:30:00,803.9375,-25.1865899801484,-1.01075900631088,-1.01074996592047
2019-05-13 23:00:00,803.958333333332,-24.756031939726,-0.942486048453012,-0.942477009231725
2019-05-13 23:30:00,803.979166666668,-24.4981993682243,-0.901728346324511,-0.901719308273567
2019-05-14,804,-24.5962389005556,-0.917661289705237,-0.917652252825851
2019-05-14 00:30:00,804.020833333332,-25.1434129627778,-1.00514164967235,-1.00513261396574
2019-05-14 01:00:00,804.041666666668,-25.6242100707763,-1.08204807837521,-1.0820390438426
2019-05-14 01:30:00,804.0625,-25.5939376638629,-1.07754073307293,-1.07753169971553
2019-05-14 02:00:00,804.083333333332,-25.503022182963,-1.06337286764488,-1.0633638354639
2019-05-14 05:00:00,804.208333333332,-25.5340812397436,-1.07021007204414,-1.07020104694727
2019-05-14 05:30:00,804.229166666668,-25.8833213052459,-1.12615905284427,-1.12615002893234
2019-05-14 06:00:00,804.25,-26.069606712987,-1.15614920478727,-1.1561401820615
2019-05-14 06:30:00,804.270833333332,-26.0591338228625,-1.15479558380774,-1.15478656226934
2019-05-14 07:00:00,804.291666666668,-25.9949429657143,-1.1448846167869,-1.14487559643708
2019-05-14 07:30:00,804.3125,-26.0944900904605,-1.16105719174364,-1.16104817258363
2019-05-14 08:00:00,804.333333333332,-25.9958293226345,-1.14565507218421,-1.14564605421521
2019-05-14 08:30:00,804.354166666668,-25.7150481414815,-1.1012410050084,-1.10123198823163
2019-05-14 09:00:00,804.375,-25.5934914235043,-1.08219147293194,-1.0821824573486
2019-05-14 09:30:00,804.395833333332,-25.5450457480392,-1.07478854646512,-1.07477953207645
2019-05-14 10:00:00,804.416666666668,-25.4601407483333,-1.06157758784364,-1.06156857465084
2019-05-14 10:30:00,804.4375,-25.5509777848148,-1.076362425385,-1.07635341338928
2019-05-14 11:00:00,804.458333333332,-25.2248761346154,-1.02472859635909,-1.02471958556167
2019-05-14 11:30:00,804.479166666668,-25.1902352869281,-1.01952464558512,-1.01951563598721
2019-05-14 12:00:00,804.5,-24.6306315131481,-0.930693689629499,-0.930684681232313
2019-05-14 12:30:00,804.520833333332,-23.8813129853704,-0.811641001839207,-0.81163199464396
2019-05-14 13:00:00,804.541666666668,-23.3854657944444,-0.73296644315256,-0.732957437160462
2019-05-14 13:30:00,804.5625,-23.4487810245098,-0.743366821683239,-0.743357816895501
2019-05-14 14:00:00,804.583333333332,-23.240425636803,-0.710489840592476,-0.710480837010314
2019-05-14 15:00:00,804.625,-23.0844749243043,-0.686275034401153,-0.686266033233773
2019-05-14 15:30:00,804.645833333332,-23.0968647930328,-0.688562821952748,-0.68855382199458
2019-05-14 16:00:00,804.666666666668,-23.3486928023891,-0.728993240179653,-0.728984241431905
2019-05-14 16:30:00,804.6875,-23.21674908829,-0.708288512339627,-0.708279514803509
2019-05-14 17:00:00,804.708333333332,-23.1251706766234,-0.694013969709954,-0.694004973386682
2019-05-14 17:30:00,804.729166666668,-22.9158032827869,-0.660975521694299,-0.66096652658508
2019-05-14 18:00:00,804.75,-23.2410508047458,-0.713101575414042,-0.713092581520088
2019-05-14 18:30:00,804.770833333332,-23.1532782877551,-0.699433205346534,-0.699424212669056
2019-05-14 19:00:00,804.791666666668,-23.2643357914657,-0.717438563189578,-0.717429571729784
2019-05-14 19:30:00,804.8125,-23.2642049016393,-0.717731493971712,-0.717722503730814
2019-05-14 20:00:00,804.833333333332,-23.7077254152542,-0.788698373806761,-0.788689384785969
2019-05-14 20:30:00,804.854166666668,-23.938393348423,-0.825757648875491,-0.825748661076013
2019-05-14 21:00:00,804.875,-23.2455538921933,-0.715701500228803,-0.715692513651849
2019-05-14 21:30:00,804.895833333332,-22.6487663885246,-0.620946459590342,-0.620937474237123
2019-05-14 22:00:00,804.916666666668,-23.1264610555932,-0.697357159873728,-0.697348175745451
2019-05-14 22:30:00,804.9375,-22.6527328350649,-0.622205477509348,-0.622196494607222
2019-05-14 23:00:00,804.958333333332,-22.606525087013,-0.615158075126632,-0.615149093451868
2019-05-14 23:30:00,804.979166666668,-22.0203729295082,-0.522097105631814,-0.522088125185619
2019-05-15,805,-22.4639188512821,-0.593067739125385,-0.593058759908966
2019-05-15 00:30:00,805.020833333332,-22.0704656697588,-0.530703780418116,-0.530694802432683
2019-05-15 01:00:00,805.041666666668,-21.8979084014953,-0.503528661592218,-0.503519684838978
2019-05-15 01:30:00,805.0625,-21.53953747875,-0.446753257826527,-0.446744282306687
2019-05-15 02:00:00,805.083333333332,-22.6963220352542,-0.631343167617796,-0.631334193332566
2019-05-15 02:30:00,805.104166666668,-22.009749508972,-0.522284939759226,-0.522275966709811
2019-05-15 03:00:00,805.125,-22.251028077757,-0.56103401728209,-0.561025045469697
2019-05-15 06:30:00,805.270833333332,-22.8831492260579,-0.663922928957503,-0.663913965838053
2019-05-15 07:00:00,805.291666666668,-23.2676222455556,-0.725482686430552,-0.725473724557776
2019-05-15 07:30:00,805.3125,-23.6913747925788,-0.793299663230359,-0.793290702605458
2019-05-15 08:00:00,805.333333333332,-24.193896090167,-0.873664520766553,-0.873655561390736
2019-05-15 08:30:00,805.354166666668,-24.7288931111359,-0.95920274668707,-0.959193788561542
2019-05-15 09:00:00,805.375,-25.3141556188889,-1.05274826297466,-1.05273930610062
2019-05-15 09:30:00,805.395833333332,-24.7843431736549,-0.968661504767136,-0.968652549145796
2019-05-15 10:00:00,805.416666666668,-24.6498942473098,-0.947556399972221,-0.947547445604783
2019-05-15 10:30:00,805.4375,-25.0337349701559,-1.00901516895141,-1.00900621583908
2019-05-15 11:00:00,805.458333333332,-25.4349669373626,-1.07324433782701,-1.07323538597099
2019-05-15 11:30:00,805.479166666668,-25.0416333066667,-1.01089860135213,-1.01088965075363
2019-05-15 12:00:00,805.5,-25.1978259144444,-1.03609274952591,-1.03608380018611
2019-05-15 12:30:00,805.520833333332,-25.1343095815145,-1.02628706855983,-1.02627812047996
2019-05-15 13:00:00,805.541666666668,-25.596769332967,-1.10026971578644,-1.10026076896769
2019-05-15 13:30:00,805.5625,-25.2169977160998,-1.04008426621227,-1.04007532065584
2019-05-15 14:30:00,805.604166666668,-25.03236183859,-1.01129640571073,-1.01128746268257
2019-05-15 15:00:00,805.625,-24.6786492379085,-0.955262061921277,-0.955253120159045
2019-05-15 15:30:00,805.645833333332,-25.22688751125,-1.04290909879023,-1.04290015829513
2019-05-15 16:00:00,805.666666666668,-25.2475881241187,-1.04651897120235,-1.04651003197559
2019-05-15 16:30:00,805.6875,-24.8036530974026,-0.97611201599553,-0.976103078038309
2019-05-15 17:00:00,805.708333333332,-24.7269760111111,-0.964209474906692,-0.964200538220213
2019-05-15 17:30:00,805.729166666668,-25.03352506125,-1.01335509293068,-1.01334615751614
2019-05-15 18:00:00,805.75,-25.0411669426945,-1.01488454706015,-1.01487561291876
2019-05-15 18:30:00,805.770833333332,-25.0883098573284,-1.02270650564591,-1.02269757277886
2019-05-15 19:00:00,805.791666666668,-24.9392161941048,-0.999267798747259,-0.999258867155755
2019-05-15 19:30:00,805.8125,-25.22967500375,-1.04585007644747,-1.04584114613271
2019-05-15 20:00:00,805.833333333332,-24.5879460447955,-0.943934137978242,-0.943925208941428
2019-05-15 20:30:00,805.854166666668,-24.8055148513011,-0.978904909092968,-0.9788959813353
2019-05-15 21:00:00,805.875,-24.7074660625821,-0.96359753318553,-0.963588606708206
2019-05-15 21:30:00,805.895833333332,-25.158887535,-1.03582112393682,-1.03581219874104
2019-05-15 22:00:00,805.916666666668,-24.2374674314711,-0.889350031951817,-0.889341108038784
2019-05-15 22:30:00,805.9375,-24.0352133467532,-0.857442562009731,-0.857433639380639
2019-05-15 23:00:00,805.958333333332,-22.3749803126915,-0.593277964829025,-0.593269043485077
2019-05-15 23:30:00,805.979166666668,-25.40630003875,-1.07648103621843,-1.07647211616082
2019-05-16,806,-22.0556022386617,-0.543024116226015,-0.543015197455948
2019-05-16 00:30:00,806.020833333332,-21.8649739329609,-0.512968486075772,-0.512959568594445
2019-05-16 01:00:00,806.041666666668,-21.1190849633987,-0.394459396498143,-0.394450480306754
2019-05-16 01:30:00,806.0625,-24.71668736875,-0.967871547938396,-0.96786263303814
2019-05-16 02:00:00,806.083333333332,-22.3170822396262,-0.585924214500419,-0.585915300892496
2019-05-16 02:30:00,806.104166666668,-22.3711179885768,-0.594843587343711,-0.59483467502932
2019-05-16 03:00:00,806.125,-21.8568568471366,-0.513232820397845,-0.51322390937818
2019-05-16 03:30:00,806.145833333332,-24.1939999875,-0.885852754114051,-0.885843844390313
2019-05-16 04:00:00,806.166666666668,-21.8476853949438,-0.512394485002002,-0.512385576575386
2019-05-16 04:30:00,806.1875,-22.1335449674157,-0.558243402205299,-0.558234495077
2019-05-16 08:00:00,806.333333333332,-23.3595981261111,-0.755732427982996,-0.755723529976425
2019-05-16 08:30:00,806.354166666668,-22.2975185166667,-0.58685335555653,-0.586844458857844
2019-05-16 09:00:00,806.375,-24.2789917474227,-0.902814386017762,-0.902805490628154
2019-05-16 09:30:00,806.395833333332,-23.8545917897959,-0.83551805874672,-0.835509164667391
2019-05-16 10:00:00,806.416666666668,-23.3577918434944,-0.756688321945772,-0.756679429177912
2019-05-16 10:30:00,806.4375,-21.664277712963,-0.487221120774276,-0.487212229319078
2019-05-16 11:00:00,806.458333333332,-23.0729669931959,-0.711937100134415,-0.711928209993079
2019-05-16 11:30:00,806.479166666668,-22.5278589974026,-0.625411737500413,-0.625402848674129
2019-05-16 12:00:00,806.5,-22.5155204061111,-0.623756881971587,-0.623747994461546
2019-05-16 12:30:00,806.520833333332,-22.0018516722222,-0.542239736675008,-0.542230850482409
2019-05-16 13:00:00,806.541666666668,-22.3224557479482,-0.593622806296641,-0.593613921422675
2019-05-16 14:00:00,806.583333333332,-21.9882271936685,-0.541001061593123,-0.540992179360002
2019-05-16 14:30:00,806.604166666668,-22.4144543521415,-0.60920984403176,-0.60920096312085
2019-05-16 15:00:00,806.625,-24.2348115362319,-0.899504495819354,-0.899495616231846
2019-05-16 15:30:00,806.645833333332,-22.870289971855,-0.682445646988485,-0.682436768725575
2019-05-16 16:00:00,806.666666666668,-22.8100185541744,-0.673154738485714,-0.673145861548592
2019-05-16 16:30:00,806.6875,-21.9340854946097,-0.533928307435262,-0.533919431825119
2019-05-16 17:00:00,806.708333333332,-22.6966957434783,-0.655722956188013,-0.655714081906043
2019-05-16 17:30:00,806.729166666668,-21.8191940042644,-0.516246553001889,-0.516237680049281
2019-05-16 18:00:00,806.75,-22.6946196504638,-0.656012694742574,-0.65600382312052
2019-05-16 18:30:00,806.770833333332,-22.674155890167,-0.653062973542119,-0.653054103251811
2019-05-16 19:00:00,806.791666666668,-24.1565942681159,-0.889526596644158,-0.889517727686785
2019-05-16 19:30:00,806.8125,-22.8085766580851,-0.675096517830116,-0.675087650206869
2019-05-16 20:00:00,806.833333333332,-23.6141725419295,-0.803738567197142,-0.803729700909212
2019-05-16 20:30:00,806.854166666668,-23.2597254346939,-0.747584898672515,-0.747576033721092
2019-05-16 21:00:00,806.875,-23.9561304536232,-0.858832684326354,-0.858823820712627
2019-05-16 21:30:00,806.895833333332,-23.0585340785106,-0.716154868305184,-0.716146006030345
2019-05-16 22:00:00,806.916666666668,-24.3589107741636,-0.923615692604772,-0.923606831670009
2019-05-16 22:30:00,806.9375,-24.0425390420074,-0.873527296415427,-0.873518436821928
2019-05-16 23:00:00,806.958333333332,-21.3843767463768,-0.450389949361994,-0.450381091110951
2019-05-16 23:30:00,806.979166666668,-23.997985078678,-0.86704938994031,-0.867040533032909
2019-05-17,807,-23.1814711389199,-0.737287860662287,-0.737279005099717
2019-05-17 00:30:00,807.020833333332,-23.5244671664165,-0.792237057018651,-0.792228202802103
2019-05-17 01:00:00,807.041666666668,-21.1221229492308,-0.409851549754217,-0.409842696884877
2019-05-17 01:30:00,807.0625,-23.6551127453191,-0.813668236825931,-0.813659385304987
2019-05-17 02:00:00,807.083333333332,-23.1755831925234,-0.737588397968624,-0.737579547797265
2019-05-17 02:30:00,807.104166666668,-23.5930205940075,-0.804395995003672,-0.804387146183085
2019-05-17 03:00:00,807.125,-21.3064153846154,-0.440447630836224,-0.440438783367596
2019-05-17 03:30:00,807.145833333332,-23.541929663113,-0.796876091664392,-0.796867245548912
2019-05-17 04:00:00,807.166666666668,-23.2053071217228,-0.743561277976805,-0.743552433215659
2019-05-17 04:30:00,807.1875,-23.3637214805607,-0.769106155188233,-0.769097311782605
2019-05-17 05:00:00,807.208333333332,-21.1074305907692,-0.40998671960855,-0.409977877559631
2019-05-17 05:30:00,807.229166666668,-23.3261255631915,-0.763735688613507,-0.763726847922481
2019-05-17 06:00:00,807.25,-22.7538333181648,-0.672878358219342,-0.672869518887393
2019-05-17 09:30:00,807.395833333332,-21.2891595576994,-0.441718257416599,-0.441709427631399
2019-05-17 10:00:00,807.416666666668,-20.0685985554745,-0.247590919828539,-0.247582091411901
2019-05-17 10:30:00,807.4375,-24.2854905675472,-0.919653691546708,-0.919644864499812
2019-05-17 11:00:00,807.458333333332,-20.8400500513915,-0.371101374339302,-0.371092548663336
2019-05-17 11:30:00,807.479166666668,-20.3054174473098,-0.286242796003184,-0.286233971699331
2019-05-17 12:00:00,807.5,-16.7882153233577,0.27374127989007,0.273750102820629
2019-05-17 12:30:00,807.520833333332,-21.4042566181132,-0.46190609123215,-0.461897269676071
2019-05-17 13:30:00,807.5625,-19.8671521239332,-0.217661509991585,-0.217652691188012
2019-05-17 14:00:00,807.583333333332,-20.2810483228625,-0.283904039105479,-0.283895221679935
2019-05-17 14:30:00,807.604166666668,-15.9227993190141,0.410059614675364,0.410068430721697
2019-05-17 15:00:00,807.625,-22.3375372733333,-0.612121210590645,-0.612112395924703
2019-05-17 16:30:00,807.6875,-16.2250519435993,0.360676867000608,0.360685677518281
2019-05-17 17:00:00,807.708333333332,-14.6828082474886,0.606049072793072,0.606057881925625
2019-05-17 17:30:00,807.729166666668,-16.7264968665625,0.280179740321038,0.28018854806729
2019-05-17 18:00:00,807.75,-15.4708664363636,0.479894332267498,0.47990313862627
2019-05-17 18:30:00,807.770833333332,-15.3429888994434,0.499957124583388,0.499965929553497
2019-05-17 19:00:00,807.791666666668,-14.5877031789954,0.619966531103116,0.619975334683381
2019-05-17 19:30:00,807.8125,-16.011828129375,0.392794302580187,0.392803104769432
2019-05-17 20:00:00,807.833333333332,-15.6404471500928,0.451647494036296,0.451656294833337
2019-05-17 20:30:00,807.854166666668,-15.4136777703704,0.487463996674014,0.48747279607767
2019-05-17 21:00:00,807.875,-14.3212511680365,0.661180355855337,0.661189153864433
2019-05-17 21:30:00,807.895833333332,-16.2540436252336,0.352977199406336,0.352985996019689
2019-05-17 22:00:00,807.916666666668,-15.5454277877778,0.465552314329521,0.465561109545952
2019-05-17 22:30:00,807.9375,-15.1978833233333,0.520608543996649,0.520617337814982
2019-05-17 23:00:00,807.958333333332,-14.6169725945205,0.612840228874141,0.612849021293195
2019-05-17 23:30:00,807.979166666668,-16.9093937303125,0.247348136971278,0.247356927989873
2019-05-18,808,-16.0662259085185,0.381357649351333,0.381366438968294
2019-05-18 00:30:00,808.020833333332,-16.0257575996212,0.387496598356417,0.387505386570564
2019-05-18 01:00:00,808.041666666668,-14.1509040968037,0.685854462315005,0.685863249125159
2019-05-18 01:30:00,808.0625,-16.5205140330218,0.308066310016767,0.308075095421753
2019-05-18 02:00:00,808.083333333332,-15.7392555555556,0.432213790434459,0.432222574433096
2019-05-18 02:30:00,808.104166666668,-16.894435558,0.247885280005691,0.247894062596804
2019-05-18 03:00:00,808.125,-17.4825707159817,0.153887461362623,0.153896242545037
2019-05-18 03:30:00,808.145833333332,-17.1606510912773,0.204862062822718,0.204870842595252
2019-05-18 04:00:00,808.166666666668,-17.4944740922222,0.1513764383394,0.15138521670088
2019-05-18 04:30:00,808.1875,-17.5003148061111,0.150138669528047,0.150147446477298
2019-05-18 05:00:00,808.208333333332,-17.919616460274,0.0830363204698781,0.0830450960057194
2019-05-18 05:30:00,808.229166666668,-17.1509875218069,0.205172206769911,0.20518098089117
2019-05-18 06:00:00,808.25,-17.2425166514815,0.190284341217348,0.190293113922851
2019-05-18 06:30:00,808.270833333332,-17.4826771972171,0.151719427993666,0.151728199282232
2019-05-18 07:00:00,808.291666666668,-17.9835479228311,0.071623239969196,0.0716320098396531
2019-05-18 07:30:00,808.3125,-17.64981253,0.124480446232839,0.124489214684014
2019-05-18 08:00:00,808.333333333332,-26.9080105260042,-1.35066414761925,-1.35065538058854
2019-05-18 11:00:00,808.458333333332,-19.1375695923933,-0.114668666212482,-0.114659907729182
2019-05-18 11:30:00,808.479166666668,-21.030239292638,-0.416479035276371,-0.416470278221748
2019-05-18 12:00:00,808.5,-19.534300082,-0.178481539741038,-0.178472784116262
2019-05-18 13:00:00,808.541666666668,-21.1803810115242,-0.441316656776635,-0.441307904015078
2019-05-18 13:30:00,808.5625,-21.7645435721707,-0.534680728975584,-0.534671977647393
2019-05-18 14:00:00,808.583333333332,-23.7012625306613,-0.843507958193401,-0.843499208299752
2019-05-18 14:30:00,808.604166666668,-18.89367504,-0.0779623067466164,-0.0779535582886784
2019-05-18 15:00:00,808.625,-23.5717671998138,-0.823492158414125,-0.82348341139307
2019-05-18 15:30:00,808.645833333332,-22.8320984815985,-0.705968786784071,-0.705960041201071
2019-05-18 16:00:00,808.666666666668,-23.3494408723447,-0.788688139219011,-0.788679395075237
2019-05-18 16:30:00,808.6875,-19.8161751725,-0.226142684300917,-0.226133941597539
2019-05-18 17:00:00,808.708333333332,-23.2030872280148,-0.765986447108991,-0.765977705847183
2019-05-18 17:30:00,808.729166666668,-23.2896003757974,-0.780074261423736,-0.780065521604665
2019-05-18 18:00:00,808.75,-23.7541890623742,-0.854389735220544,-0.854380996845382
2019-05-18 18:30:00,808.770833333332,-20.22207503,-0.292027565731064,-0.292018828800981
2019-05-18 19:00:00,808.791666666668,-23.5524059266294,-0.822857733315766,-0.822848997831931
2019-05-18 19:30:00,808.8125,-22.0653643280669,-0.586276975719781,-0.586268241683364
2019-05-18 20:00:00,808.833333333332,-23.3470566931174,-0.790757472916544,-0.790748740328716
2019-05-18 20:30:00,808.854166666668,-21.5433248475,-0.503727644250512,-0.503718913112441
2019-05-18 21:00:00,808.875,-23.1267303194757,-0.75627116650643,-0.756262436819285
2019-05-18 21:30:00,808.895833333332,-21.7499084063551,-0.537248306601831,-0.537239578366782
2019-05-18 22:00:00,808.916666666668,-23.8628747539394,-0.874151166134223,-0.874142439352437
2019-05-18 22:30:00,808.9375,-26.00082488,-1.21503391505339,-1.21502518972604
2019-05-18 23:00:00,808.958333333332,-23.3835131228464,-0.798400003390555,-0.798391279518801
2019-05-18 23:30:00,808.979166666668,-22.8651909941948,-0.716136595055421,-0.716127872640435
2019-05-19,809,-22.1586194267206,-0.603884872094727,-0.603876151137675
2019-05-19 00:30:00,809.020833333332,-25.2922499725,-1.10338004549612,-1.10337132599817
2019-05-19 01:00:00,809.041666666668,-22.0593651217228,-0.588684722061859,-0.588676004024181
2019-05-19 01:30:00,809.0625,-22.0180711808989,-0.582412066720034,-0.582403350143792
2019-05-19 02:00:00,809.083333333332,-21.4765963442191,-0.496460192580595,-0.496451477466959
2019-05-19 02:30:00,809.104166666668,-24.8284750975,-1.03072228286882,-1.03071356921896
2019-05-19 03:00:00,809.125,-21.8482701923077,-0.556278876646724,-0.556270164461794
2019-05-19 03:30:00,809.145833333332,-22.271527088972,-0.624009322846277,-0.624000612127451
2019-05-19 04:00:00,809.166666666668,-19.7329493989879,-0.219917358020473,-0.219908648768916
2019-05-19 04:30:00,809.1875,-21.702250195,-0.533933612551209,-0.533924904768085
2019-05-19 05:00:00,809.208333333332,-20.3127771985019,-0.312894756826866,-0.312886050513343
2019-05-19 05:30:00,809.229166666668,-19.7789290211215,-0.2281575013018,-0.228148796459043
2019-05-19 06:00:00,809.25,-19.6264067713427,-0.204165693578465,-0.204156990207635
2019-05-19 06:30:00,809.270833333332,-20.581424995,-0.356605829731088,-0.356597127833354
2019-05-19 07:00:00,809.291666666668,-19.5934879105751,-0.199531751802963,-0.19952305137949
2019-05-19 07:30:00,809.3125,-19.6436437834879,-0.207826578730043,-0.20781787978199
2019-05-19 08:00:00,809.333333333332,-19.7445270577154,-0.224202271815257,-0.224193574343793
2019-05-19 08:30:00,809.354166666668,-20.8968748525,-0.408076969253957,-0.408068273260245
2019-05-19 09:00:00,809.375,-19.7394274944238,-0.223999603033985,-0.223990908519186
2019-05-19 12:30:00,809.520833333332,-17.7634897662338,0.0886361826392308,0.0886448667690644
2019-05-19 13:00:00,809.541666666668,-17.3389554679035,0.155960337697745,0.155969020339363
2019-05-19 13:30:00,809.5625,-15.566181830303,0.438060028521716,0.438068709673959
2019-05-19 14:00:00,809.583333333332,-16.7694613672727,0.246072367502713,0.246081047164417
2019-05-19 14:30:00,809.604166666668,-16.6170815942486,0.270042248965753,0.270050927135757
2019-05-19 15:00:00,809.625,-15.9297773564007,0.379226025607146,0.379234702284292
2019-05-19 15:30:00,809.645833333332,-14.4565252505051,0.613611904983819,0.613620580166943
2019-05-19 16:00:00,809.666666666668,-15.5410000227273,0.440550110639438,0.440558784327381
2019-05-19 16:30:00,809.6875,-15.3077235858998,0.477407071363186,0.477415743554789
2019-05-19 17:00:00,809.708333333332,-14.8806988916357,0.545128313775691,0.545136984469793
2019-05-19 17:30:00,809.729166666668,-13.2333131050505,0.807253996143128,0.807262665338568
2019-05-19 18:00:00,809.75,-15.4874568404545,0.447863283478905,0.447871951174527
2019-05-19 18:30:00,809.770833333332,-15.1309573376623,0.504349950198224,0.504358616392865
2019-05-19 19:00:00,809.791666666668,-14.9198814933333,0.537670570182834,0.537679234875336
2019-05-19 19:30:00,809.8125,-14.1162424272727,0.665386980861323,0.66539564405053
2019-05-19 20:00:00,809.833333333332,-15.3216704686364,0.473057611681018,0.473066273365769
2019-05-19 20:30:00,809.854166666668,-15.0907736664193,0.509535862595377,0.509544522774513
2019-05-19 21:00:00,809.875,-14.2620907288889,0.641241918186348,0.641250576858715
2019-05-19 21:30:00,809.895833333332,-13.6078485111111,0.745159488638002,0.745168145802438
2019-05-19 22:00:00,809.916666666668,-14.3939476052392,0.619629705031046,0.619638360686393
2019-05-19 22:30:00,809.9375,-14.2126011356215,0.648214737329931,0.648223391475036
2019-05-19 23:00:00,809.958333333332,-14.4564367996283,0.609067998193546,0.609076650827248
2019-05-19 23:30:00,809.979166666668,-12.8803434141414,0.85983730351553,0.859845954636672
2019-05-20,810,-14.2749342107105,0.637374542117877,0.637383191725305
2019-05-20 00:30:00,810.020833333332,-13.7843685372222,0.715218599964549,0.715227248057103
2019-05-20 01:00:00,810.041666666668,-14.8480926075926,0.545463237346969,0.545471883923495
2019-05-20 01:30:00,810.0625,-12.411808050505,0.933261796718653,0.933270441777998
2019-05-20 02:00:00,810.083333333332,-14.8602766393424,0.542915735764617,0.54292437930562
2019-05-20 02:30:00,810.104166666668,-13.9877709437616,0.681603298091094,0.681611940112602
2019-05-20 03:00:00,810.125,-13.9060723704824,0.694314767317015,0.694323407817875
2019-05-20 03:30:00,810.145833333332,-12.084767710101,0.984146776003617,0.984155414982668
2019-05-20 04:00:00,810.166666666668,-14.5736984126984,0.587355257900671,0.587363895356762
2019-05-20 04:30:00,810.1875,-13.4136289764378,0.771852116257316,0.771860752189295
2019-05-20 05:00:00,810.208333333332,-14.8745185832714,0.538828372837401,0.538837007244108
2019-05-20 05:30:00,810.229166666668,-12.3519999795918,0.940364450741432,0.940373083621716
2019-05-20 06:00:00,810.25,-13.9316349387755,0.688424581467564,0.688433212820273
2019-05-20 06:30:00,810.270833333332,-13.4742463018519,0.760984073610095,0.76099270343407
2019-05-20 07:00:00,810.291666666668,-13.9771852008889,0.680562749925375,0.680571378219467
2019-05-20 07:30:00,810.3125,-12.5047040357143,0.914827301081092,0.914835927844148
2019-05-20 08:00:00,810.333333333332,-14.3614615295928,0.618741801725558,0.618750426956422
2019-05-20 08:30:00,810.354166666668,-15.173827795,0.489028618429862,0.489037242127383
2019-05-20 09:00:00,810.375,-14.4402630541045,0.605583396247932,0.60559201841096
2019-05-20 09:30:00,810.395833333332,-12.6930957734043,0.883605830096901,0.883614450724278
2019-05-20 10:00:00,810.416666666668,-13.8788054140498,0.694418921651463,0.694427540742041
2019-05-20 10:30:00,810.4375,-13.0204728856075,0.830849438624147,0.830858056176776
2019-05-20 14:00:00,810.583333333332,-13.9964044697588,0.673266887001169,0.673275493755906
2019-05-20 14:30:00,810.604166666668,-13.5773172610019,0.739725689530459,0.739734294738039
2019-05-20 15:00:00,810.625,-12.3120222770701,0.940986042889007,0.940994646548281
2019-05-20 15:30:00,810.645833333332,-15.9995422231111,0.353259486132493,0.35326808824231
2019-05-20 16:00:00,810.666666666668,-14.0730743436803,0.659845249409109,0.659853849968321
2019-05-20 16:30:00,810.6875,-13.6473654800742,0.727359076653518,0.727367675660977
2019-05-20 17:00:00,810.708333333332,-12.0359041357827,0.983764169112583,0.983772766567138
2019-05-20 17:30:00,810.729166666668,-14.6309778619469,0.570065266533143,0.570073862433647
2019-05-20 18:00:00,810.75,-13.5354795550186,0.744277173919081,0.744285768264386
2019-05-20 18:30:00,810.770833333332,-13.4516870181111,0.757323676967516,0.757332269756473
2019-05-20 20:00:00,810.833333333332,-14.2955258685185,0.621994708411416,0.622003296524446
2019-05-20 20:30:00,810.854166666668,-15.1479296372222,0.485904662561916,0.485913249114009
2019-05-20 21:00:00,810.875,-14.3759617710191,0.608578226946534,0.608586811936544
2019-05-20 21:30:00,810.895833333332,-17.0555177353982,0.181421626654126,0.181430210080904
2019-05-20 22:00:00,810.916666666668,-15.4330222281481,0.439584948165821,0.439593530028223
2019-05-20 22:30:00,810.9375,-14.5690074081481,0.576921802292348,0.576930382589228
2019-05-20 23:00:00,810.958333333332,-12.6659235700637,0.879783141683191,0.879791720413402
2019-05-20 23:30:00,810.979166666668,-16.4751283017699,0.272672878025243,0.272681455187641
2019-05-21,811,-13.8158796366667,0.695991911144626,0.696000486738064
2019-05-21 00:30:00,811.020833333332,-13.7698268117318,0.703027027771093,0.703035601794426
2019-05-21 01:00:00,811.041666666668,-14.1628279773885,0.640120578249254,0.640129150701337
2019-05-21 01:30:00,811.0625,-16.4304557774336,0.278584814583103,0.278593385462794
2019-05-21 02:00:00,811.083333333332,-15.7908905172542,0.380167031310176,0.380175600616327
2019-05-21 02:30:00,811.104166666668,-16.7817314690741,0.222024421779485,0.222032989510953
2019-05-21 03:00:00,811.125,-17.4865271440895,0.109449077715954,0.109457643871598
2019-05-21 03:30:00,811.145833333332,-16.4211814283186,0.278858570668735,0.278867135247408
2019-05-21 04:00:00,811.166666666668,-17.3828626573284,0.125361271317306,0.125369834317864
2019-05-21 04:30:00,811.1875,-17.3271129511111,0.133941495592608,0.133950057013912
2019-05-21 05:00:00,811.208333333332,-18.4706836613419,-0.0485308309065032,-0.0485222710656001
2019-05-21 05:30:00,811.229166666668,-16.3526991641593,0.288564966536178,0.288573524795538
2019-05-21 06:00:00,811.25,-17.4047796148148,0.120667201112849,0.120675757789526
2019-05-21 06:30:00,811.270833333332,-17.623213794052,0.0855699311908136,0.0855784862836628
2019-05-21 07:00:00,811.291666666668,-19.0498338801917,-0.14199216831636,-0.14198361480848
2019-05-21 07:30:00,811.3125,-16.2538413788546,0.303110983699971,0.303119535621741
2019-05-21 08:00:00,811.333333333332,-17.561887067963,0.0944379680281748,0.094446518362692
2019-05-21 08:30:00,811.354166666668,-17.6679001934827,0.0772496476077685,0.0772581963538914
2019-05-21 09:00:00,811.375,-18.5575079341853,-0.0647658060545716,-0.0647572588979812
2019-05-21 09:30:00,811.395833333332,-16.0185595035242,0.339390237431227,0.339398782997141
2019-05-21 10:00:00,811.416666666668,-17.6851928689139,0.0735941444455663,0.0736026884196636
2019-05-21 11:00:00,811.458333333332,-17.6354553799257,0.0809170953735449,0.0809256361605911
2019-05-21 11:30:00,811.479166666668,-19.4252018874618,-0.204490861903485,-0.204482322711676
2019-05-21 12:00:00,811.5,-14.6140523509524,0.561628686871312,0.561637224466748
2019-05-21 17:00:00,811.708333333332,-24.2895897666667,-0.98268873077218,-0.982680209203122
2019-05-21 17:30:00,811.729166666668,-24.3818700026,-0.997688505570512,-0.99767998561035
2019-05-21 20:30:00,811.854166666668,-24.4728775970315,-1.01398184076242,-1.01397333047949
2019-05-21 21:00:00,811.875,-24.3818820300885,-0.999785301082254,-0.999776792416164
2019-05-21 21:30:00,811.895833333332,-25.496689996,-1.17767407598458,-1.17766556893647
2019-05-21 22:00:00,811.916666666668,-25.044038971243,-1.1058654636264,-1.10585695819741
2019-05-21 23:00:00,811.958333333332,-24.4249183606679,-1.00783699672363,-1.00782849453627
2019-05-21 23:30:00,811.979166666668,-22.8286902318584,-0.75385558448095,-0.753847083916112
2019-05-22,812,-25.9875108431655,-1.25735678448028,-1.25734828553909
2019-05-22 00:30:00,812.020833333332,-24.3709016732839,-1.00012855764225,-1.00012006032585
2019-05-22 01:30:00,812.0625,-25.5482412096475,-1.18827697497961,-1.18826848091617
2019-05-22 02:00:00,812.083333333332,-24.3757963887906,-1.00180429577741,-1.00179580334216
2019-05-22 02:30:00,812.104166666668,-27.1356964542289,-1.44175691679787,-1.44174842599194
2019-05-22 03:00:00,812.125,-24.617621467718,-1.04092429003236,-1.04091580085687
2019-05-22 04:00:00,812.166666666668,-24.3790092701852,-1.00351008144973,-1.00350159553854
2019-05-22 04:30:00,812.1875,-22.5979321368732,-0.720081588223473,-0.720073103946126
2019-05-22 05:00:00,812.208333333332,-26.3045899755,-1.31085314717247,-1.3108446645301
2019-05-22 05:30:00,812.229166666668,-23.5840944125926,-0.877774525838516,-0.877766044832253
2019-05-22 06:30:00,812.270833333332,-23.5822407511111,-0.878075616473228,-0.878067138742569
2019-05-22 07:00:00,812.291666666668,-21.0426272109467,-0.473811478906218,-0.473803002815056
2019-05-22 07:30:00,812.3125,-25.017645015,-1.10733271926013,-1.10732424480959
2019-05-22 08:00:00,812.333333333332,-22.5651388937037,-0.716944754431395,-0.716936281622619
2019-05-22 09:00:00,812.375,-22.1111833488889,-0.645225185296701,-0.645216715774825
2019-05-22 09:30:00,812.395833333332,-22.8413186014749,-0.761834113392574,-0.761825645515846
2019-05-22 10:00:00,812.416666666668,-25.1467512686567,-1.12938899452099,-1.12938052829054
2019-05-22 11:00:00,812.458333333332,-24.3793078371269,-1.00773017429407,-1.00772171135955
2019-05-22 12:00:00,812.5,-25.3552985182836,-1.16380145028161,-1.16379299064754
2019-05-22 12:30:00,812.520833333332,-25.6598347772861,-1.21261184895183,-1.21260339096967
2019-05-22 13:00:00,812.541666666668,-26.5632284091371,-1.35682060399929,-1.35681214767017
2019-05-22 13:30:00,812.5625,-26.1035074700375,-1.28388418268928,-1.28387572801432
2019-05-23,813,-21.2334256561338,-0.514311305473472,-0.514302885795944
2019-05-23 01:00:00,813.041666666668,-21.2008200105751,-0.509709788521407,-0.5097013722028
2019-05-23 02:00:00,813.083333333332,-19.1650948224907,-0.186009688912567,-0.186001275957362
2019-05-23 03:00:00,813.125,-18.4434619536178,-0.0716452264385196,-0.0716368168511978
2019-05-23 04:00:00,813.166666666668,-18.4034248623377,-0.0658592497259802,-0.0658508435110249
2019-05-23 05:00:00,813.208333333332,-18.6547031495362,-0.106479811993379,-0.106471409155265
2019-05-23 06:00:00,813.25,-18.589222632282,-0.0966402610592251,-0.0966318616024281
2019-05-23 07:00:00,813.291666666668,-18.1705138979592,-0.0305309931290176,-0.0305225970580142
2019-05-23 08:00:00,813.333333333332,-17.4901521109462,0.0772600029742063,0.0772683956549472
2019-05-23 09:00:00,813.375,-16.7882277727778,0.188486139087251,0.18849452837326
2019-05-23 10:30:00,813.4375,-16.210961952019,0.279559022805259,0.279567406990792
2019-05-23 11:30:00,813.479166666668,-16.0120783789179,0.310650932393884,0.310659313173517
2019-05-23 12:30:00,813.520833333332,-15.9601458071028,0.318333653726402,0.318342031095675
2019-05-23 13:30:00,813.5625,-16.1927425466418,0.280690863996251,0.280699237950701
2019-05-23 14:30:00,813.604166666668,-15.989160441791,0.312531887742827,0.312540258277998
2019-05-23 18:30:00,813.770833333332,-15.7442783018553,0.349184908188245,0.349193265001756
2019-05-23 19:30:00,813.8125,-15.8730092877323,0.328089282972864,0.328097636344832
2019-05-23 20:30:00,813.854166666668,-13.3486864617811,0.729627239565569,0.72963558949155
2019-05-23 21:30:00,813.895833333332,-14.1717951681564,0.597917174923605,0.597925521399155
2019-05-23 22:30:00,813.9375,-14.1508475739777,0.600666096415054,0.600674439435731
2019-05-23 23:30:00,813.979166666668,-13.2042025834572,0.75087948924214,0.750887828803505
2019-05-24 00:30:00,814.020833333332,-13.2828494271375,0.737763375079917,0.737771711177531
2019-05-24 01:30:00,814.0625,-13.2158113634888,0.747855185949592,0.747863518579019
2019-05-24 02:30:00,814.104166666668,-13.0038163317254,0.781038960915297,0.781047290072106
2019-05-24 03:30:00,814.145833333332,-15.056194806308,0.453506633959314,0.453514959639071
2019-05-24 04:30:00,814.1875,-15.1676648133333,0.435162628971457,0.435170951169732
2019-05-24 05:30:00,814.229166666668,-15.4421722224074,0.39084686571871,0.390855184431078
2019-05-24 06:30:00,814.270833333332,-15.6042092309259,0.364447934337949,0.364456249559983
2019-05-24 07:30:00,814.3125,-16.0097621052045,0.29925696851338,0.299265280240657
2019-05-24 08:30:00,814.354166666668,-16.0800703485185,0.287470929263118,0.287479237491218
2019-05-24 10:00:00,814.416666666668,-16.4760817916357,0.223507602688043,0.223515905659091
2019-05-24 11:00:00,814.458333333332,-16.4303996169145,0.230199464462049,0.230207763922875
2019-05-24 12:00:00,814.5,-16.3214282897579,0.24697355178859,0.246981847734779
2019-05-24 13:00:00,814.541666666668,-16.3381173366853,0.243730070367467,0.243738362794611
2019-05-24 14:00:00,814.583333333332,-18.1481580150558,-0.0451953885514165,-0.0451870996477298
2019-05-24 15:00:00,814.625,-20.570772821229,-0.431704124540393,-0.431695839164572
2019-05-24 16:00:00,814.666666666668,-21.9059163671004,-0.64497769210141,-0.644969410257856
2019-05-24 20:00:00,814.833333333332,-22.0262986756957,-0.666489464858221,-0.666481197187758
2019-05-24 21:00:00,814.875,-21.9543951615955,-0.655618328074627,-0.655610063958431
2019-05-24 22:00:00,814.916666666668,-21.8921598743494,-0.646287125401068,-0.646278864843528
2019-05-24 23:00:00,814.958333333332,-21.2850799018587,-0.550161553379595,-0.550153296385102
2019-05-25,815,-20.5707076424581,-0.436944021446645,-0.43693576801959
2019-05-25 01:00:00,815.041666666668,-20.3205213207792,-0.397671418872757,-0.397663169017524
2019-05-25 02:00:00,815.083333333332,-20.144602954731,-0.370229532172113,-0.370221285893087
2019-05-25 03:00:00,815.125,-19.6856208507435,-0.297695166907124,-0.297686924208689
2019-05-25 04:00:00,815.166666666668,-19.4403969977737,-0.259212420655443,-0.259204181541976
2019-05-25 05:00:00,815.208333333332,-19.2451428836735,-0.2286896660884,-0.228681430564279
2019-05-25 06:00:00,815.25,-19.3393524705009,-0.244278462209242,-0.244270230278846
2019-05-25 07:00:00,815.291666666668,-19.4254461157993,-0.258574159022605,-0.258565930690303
2019-05-25 08:00:00,815.333333333332,-19.3087036951852,-0.240557701266951,-0.240549476537116
2019-05-25 09:30:00,815.395833333332,-19.1093128176909,-0.209665210654537,-0.209656991336596
2019-05-25 10:30:00,815.4375,-19.0245754020484,-0.196746610960092,-0.196738395255539
2019-05-25 11:30:00,815.479166666668,-19.3325587214153,-0.246388479634384,-0.246380267547581
2019-05-25 12:30:00,815.520833333332,-21.2582899405204,-0.553738519140861,-0.553730310676169
2019-05-25 13:30:00,815.5625,-22.4428342836127,-0.743016733681524,-0.743008528843305
2019-05-25 14:30:00,815.604166666668,-22.3519051922414,-0.729110892390321,-0.729102691182931
2019-05-25 15:30:00,815.645833333332,-23.2912085729981,-0.879321593576114,-0.879313396003908
2019-05-25 16:30:00,815.6875,-21.6061691678439,-0.611472386732163,-0.611464192799497
2019-05-25 17:30:00,815.729166666668,-21.7137519287313,-0.629188944825244,-0.629180754536465
2019-05-25 21:30:00,815.895833333332,-18.9639162081937,-0.193450061729763,-0.193441886060006
2019-05-25 22:30:00,815.9375,-18.3985502076208,-0.103964261062153,-0.103956089058008
2019-05-25 23:30:00,815.979166666668,-17.9819012744879,-0.0381689665918111,-0.038160798257614
2019-05-26 00:30:00,816.020833333332,-18.5867012538033,-0.135090984597537,-0.135082819937626
2019-05-26 01:30:00,816.0625,-20.7777509184015,-0.484703481509787,-0.484695320528494
2019-05-26 02:30:00,816.104166666668,-21.6153302294991,-0.618706954094577,-0.618698796796233
2019-05-26 03:30:00,816.145833333332,-16.7718685459259,0.152283693617294,0.152291847228358
2019-05-26 04:30:00,816.1875,-16.4849555616667,0.197413107761835,0.197421257681292
2019-05-26 05:30:00,816.229166666668,-16.4444675109462,0.203287084589844,0.203295230813371
2019-05-26 06:30:00,816.270833333332,-16.3875463142593,0.211779104303325,0.211787246826598
2019-05-26 07:30:00,816.3125,-16.2031444301852,0.240579119901502,0.240587258720199
2019-05-26 09:00:00,816.375,-15.6860390347584,0.322091808760809,0.322099942014549
2019-05-26 10:00:00,816.416666666668,-15.4931042575419,0.352251699836095,0.352259829374471
2019-05-26 11:00:00,816.458333333332,-15.3271022342007,0.378121416289064,0.378129542107761
2019-05-26 12:00:00,816.5,-15.0188491411546,0.426652062411301,0.426660184506006
2019-05-26 13:00:00,816.541666666668,-14.6499367849442,0.484846005408823,0.484854123775233
2019-05-26 14:00:00,816.583333333332,-14.3782100451673,0.527558443458142,0.527566558091947
2019-05-26 15:00:00,816.625,-14.1688193532588,0.560340938029667,0.560349048926562
2019-05-26 16:00:00,816.666666666668,-14.4154730065177,0.520475476308961,0.520483583464648
2019-05-26 17:00:00,816.708333333332,-14.4316635678439,0.517323183906702,0.51733128731688
2019-05-26 18:00:00,816.75,-14.2255985157993,0.549576603916515,0.549584703576884
2019-05-26 19:00:00,816.791666666668,-14.9750985100372,0.429608063864222,0.429616159770492
2019-05-26 23:00:00,816.958333333332,-17.4986029818182,0.0253237292708918,0.0253318101178449
2019-05-27,817,-15.6808791986989,0.314316949268447,0.314325026339854
2019-05-27 01:00:00,817.041666666668,-15.0834489862709,0.408916767846861,0.408924841138442
2019-05-27 02:00:00,817.083333333332,-15.5602300604824,0.332394197540671,0.332402267048147
2019-05-27 03:00:00,817.125,-15.9271372727273,0.273374848977253,0.273382914696344
2019-05-27 04:00:00,817.166666666668,-16.0936103918367,0.246285031989905,0.246293093916338
2019-05-27 05:00:00,817.208333333332,-16.4873740966667,0.182987899872058,0.18299595800156
2019-05-27 06:00:00,817.25,-17.7165055683333,-0.0133836765752527,-0.0133756222469547
2019-05-27 07:00:00,817.291666666668,-18.0982333490741,-0.0747630013090223,-0.0747549507861942
2019-05-27 08:30:00,817.354166666668,-18.049786661039,-0.0678996867621198,-0.0678916419554961
2019-05-27 09:30:00,817.395833333332,-18.2375788397032,-0.0983843347586752,-0.0983762937681826
2019-05-27 10:30:00,817.4375,-18.4759591680891,-0.136927471951068,-0.13691943478097
2019-05-27 11:30:00,817.479166666668,-18.6726159881262,-0.168823784949901,-0.168815751604453
2019-05-27 12:30:00,817.520833333332,-18.9187899475836,-0.208607973854875,-0.208599944338333
2019-05-27 13:30:00,817.5625,-20.8568757081633,-0.517914681659214,-0.517906655975835
2019-05-27 14:30:00,817.604166666668,-20.1676481385185,-0.408688258076615,-0.408680236230648
2019-05-27 15:30:00,817.645833333332,-21.4571166822222,-0.614669298688024,-0.614661280683717
2019-05-27 16:30:00,817.6875,-21.3081777748148,-0.591510763479827,-0.591502749321431
2019-05-27 17:30:00,817.729166666668,-22.2095407425926,-0.735665826302338,-0.735657815994095
2019-05-27 18:30:00,817.770833333332,-22.1976777807407,-0.734343104396558,-0.734335097942712
2019-05-27 19:30:00,817.8125,-20.8802814848148,-0.525047747596221,-0.525039745001012
2019-05-27 20:30:00,817.854166666668,-21.2643277381481,-0.58679316264765,-0.586785163915314
2019-05-28,818,-17.2893334166667,0.0444451806283609,0.0444531658072926
2019-05-28 00:30:00,818.020833333332,-19.0277592005825,-0.232770059162016,-0.232762075923514
2019-05-28 01:00:00,818.041666666668,-18.9570417416667,-0.221787426641359,-0.221779445344344
2019-05-28 01:30:00,818.0625,-19.9597728553398,-0.381805857905394,-0.381797878550923
2019-05-28 02:00:00,818.083333333332,-19.1432081166667,-0.252009098835041,-0.25200112142417
2019-05-28 02:30:00,818.104166666668,-19.9118776699029,-0.374741234293148,-0.374733258826932
2019-05-28 03:00:00,818.125,-19.7556249958333,-0.350132536943721,-0.350124563423217
2019-05-28 03:30:00,818.145833333332,-20.0330892821359,-0.394615200247992,-0.394607228674253
2019-05-28 04:00:00,818.166666666668,-19.1919168666667,-0.260898176459254,-0.260890206833336
2019-05-28 04:30:00,818.1875,-19.7685960968932,-0.353045871898571,-0.353037904221529
2019-05-28 05:00:00,818.208333333332,-19.4190416333333,-0.297643816838102,-0.297635851110991
2019-05-28 05:30:00,818.229166666668,-19.849042684466,-0.366425451130381,-0.366417487354253
2019-05-28 06:00:00,818.25,-18.9078334208333,-0.216772241142772,-0.216764279318685
2019-05-28 06:30:00,818.270833333332,-19.3908544215534,-0.293999868748927,-0.293991908877929
2019-05-28 07:30:00,818.3125,-19.5967058264706,-0.327356034678729,-0.327348078717076
2019-05-28 08:00:00,818.333333333332,-20.1950754063492,-0.422958589287193,-0.422950635281788
2019-05-28 08:30:00,818.354166666668,-19.4638529323529,-0.306756118135958,-0.306748166087856
2019-05-28 09:00:00,818.375,-20.027767856746,-0.396869898598468,-0.396861948508724
2019-05-28 09:30:00,818.395833333332,-19.2395882911765,-0.271593999079729,-0.271586050949389
2019-05-28 10:00:00,818.416666666668,-19.9096528035714,-0.378617361716965,-0.378609415547083
2019-05-28 10:30:00,818.4375,-19.0904116264706,-0.248393202162277,-0.248385257953907
2019-05-28 11:00:00,818.458333333332,-19.6760833392857,-0.341972608324099,-0.341964666078288
2019-05-28 11:30:00,818.479166666668,-18.7839998911765,-0.200144499677512,-0.200136559395312
2019-05-28 12:00:00,818.5,-19.082570600994,-0.247988387557438,-0.247980449239901
2019-05-28 12:30:00,818.520833333332,-18.7096766264706,-0.188867409661612,-0.188859473309785
2019-05-28 13:00:00,818.541666666668,-19.2442004025794,-0.274298666134054,-0.274290731748988
2019-05-28 13:30:00,818.5625,-19.3515882,-0.291686794169372,-0.291678861752119
2019-05-28 14:00:00,818.583333333332,-20.1553140960239,-0.420002017092516,-0.419994086644122
2019-05-28 14:30:00,818.604166666668,-19.4743824647059,-0.311810173088133,-0.311802244609648
2019-05-28 15:00:00,818.625,-20.051589290873,-0.404040622538795,-0.404032696031269
2019-05-28 15:30:00,818.645833333332,-15.9651764735294,0.246646931841265,0.246654856376786
2019-05-28 16:00:00,818.666666666668,-16.7609126861111,0.11960471888594,0.119612641448408
2019-05-28 16:30:00,818.6875,-15.1630294176471,0.373867861782677,0.37387578237104
2019-05-28 17:00:00,818.708333333332,-15.7553789702381,0.279225413165528,0.279233331778744
2019-05-28 17:30:00,818.729166666668,-16.9519410382353,0.0883315411499023,0.0883394577869222
2019-05-28 18:00:00,818.75,-17.2306481363817,0.0436526838614542,0.0436605985212282
2019-05-28 18:30:00,818.770833333332,-17.0550000794118,0.0713529896262187,0.0713609023077043
2019-05-28 19:00:00,818.791666666668,-17.2985873176587,0.0322688754635637,0.0322767861657119
2019-05-28 19:30:00,818.8125,-16.8837940558824,0.098065307668767,0.0980732163905317
2019-05-28 20:00:00,818.833333333332,-17.1712857055556,0.0519873138818746,0.051995220622213
2019-05-28 20:30:00,818.854166666668,-16.8220294588235,0.107343777319358,0.107351682077221
2019-05-28 21:00:00,818.875,-17.0154107174603,0.0762577607112924,0.0762656634856363
2019-05-28 21:30:00,818.895833333332,-16.9347057970588,0.0888339306603978,0.0888418314501795
2019-05-28 22:00:00,818.916666666668,-17.1017619125,0.0619416529535558,0.0619495517577283
2019-05-29 01:30:00,819.0625,-18.2732469,-0.126635826261028,-0.126627941385339
2019-05-29 02:00:00,819.083333333332,-18.7534897833333,-0.20341847935305,-0.203410596471314
2019-05-29 02:30:00,819.104166666668,-18.5733442606557,-0.175000724716174,-0.174992843829437
2019-05-29 03:00:00,819.125,-18.9745510619048,-0.239192747956738,-0.239184869066039
2019-05-29 03:30:00,819.145833333332,-18.8151843987705,-0.214084954926959,-0.214077078033339
2019-05-29 04:00:00,819.166666666668,-19.1897118969492,-0.274026820484536,-0.274018945589037
2019-05-29 04:30:00,819.1875,-19.0245615086066,-0.247997550185775,-0.247989677289439
2019-05-29 05:00:00,819.208333333332,-19.4356101335593,-0.313757131555076,-0.31374926065894
2019-05-29 05:30:00,819.229166666668,-19.455163954918,-0.317151248000326,-0.317143379105434
2019-05-29 06:00:00,819.25,-20.0737593257627,-0.415973048380756,-0.415965181488147
2019-05-29 07:00:00,819.291666666668,-19.5217075256917,-0.328588844540383,-0.328580981655457
2019-05-29 07:30:00,819.3125,-20.1483439712766,-0.428691404717536,-0.428683543838011
2019-05-29 08:00:00,819.333333333332,-19.8684645897638,-0.384385282707284,-0.384377423834196
2019-05-29 08:30:00,819.354166666668,-20.3252861452297,-0.457436083254214,-0.457428226388606
2019-05-29 09:00:00,819.375,-19.7447816507937,-0.365240039570915,-0.365232184713823
2019-05-29 09:30:00,819.395833333332,-20.2590575064748,-0.447443224774202,-0.447435371926662
2019-05-29 10:00:00,819.416666666668,-19.8307637122047,-0.379494327902156,-0.379486477065208
2019-05-29 10:30:00,819.4375,-20.1724604223022,-0.434205405318509,-0.434197556493191
2019-05-29 11:00:00,819.458333333332,-19.5021535637795,-0.327703527725777,-0.327695680913123
2019-05-29 11:30:00,819.479166666668,-19.9511202067138,-0.399502655388422,-0.399494810589471
2019-05-29 12:00:00,819.5,-19.2963858625984,-0.295481363686634,-0.295473520902423
2019-05-29 12:30:00,819.520833333332,-19.5114190306338,-0.330014594772298,-0.33000675400386
2019-05-29 13:00:00,819.541666666668,-18.8871226090909,-0.230841958962534,-0.230834120210907
2019-05-29 13:30:00,819.5625,-19.133466495053,-0.27036288279248,-0.270355046058701
2019-05-29 14:00:00,819.583333333332,-18.4334606637795,-0.159129556841941,-0.159121722127042
2019-05-29 14:30:00,819.604166666668,-18.9026077381625,-0.234143060666228,-0.234135227971247
2019-05-29 15:00:00,819.625,-18.0289960297619,-0.0952540672181125,-0.0952462365440833
2019-05-29 15:30:00,819.645833333332,-18.8239155323944,-0.222163224381893,-0.222155395729849
2019-05-29 16:00:00,819.666666666668,-18.0512008149606,-0.0993470663442395,-0.0993392397152149
2019-05-29 16:30:00,819.6875,-18.6163626919014,-0.18965554212365,-0.18964771751868
2019-05-29 17:00:00,819.708333333332,-18.0432361822835,-0.0986338007239483,-0.0986259781440645
2019-05-29 17:30:00,819.729166666668,-18.7730070450704,-0.215164478013843,-0.215156657460079
2019-05-29 18:00:00,819.75,-17.4215000503937,-0.000146041466372537,-0.000138222939762289
2019-05-29 18:30:00,819.770833333332,-18.0263556580986,-0.09677750164689,-0.0967696851484651
2019-05-29 19:00:00,819.791666666668,-17.325259803937,0.0146301032046062,0.0146379176738137
2019-05-29 19:30:00,819.8125,-17.909664280212,-0.0787433492734362,-0.0787355368344797
2019-05-29 20:00:00,819.833333333332,-17.2662885375494,0.023469528490984,0.0234773388986593
2019-05-29 20:30:00,819.854166666668,-17.8944452717314,-0.076873561944332,-0.0768657535689694
2019-05-29 21:00:00,819.875,-16.791476215873,0.098552987107557,0.0985607934495745
2019-05-29 21:30:00,819.895833333332,-17.7006091602113,-0.0465496862592655,-0.0465418819516226
2019-05-29 22:00:00,819.916666666668,-16.7661495909449,0.102033309365963,0.102041111638201
2019-05-29 22:30:00,819.9375,-17.5983098545775,-0.0308074326813409,-0.03079963244554
2019-05-29 23:00:00,819.958333333332,-17.0103858480315,0.0625723285124842,0.0625801267108199
2019-05-29 23:30:00,819.979166666668,-17.6031654834507,-0.0321347799766517,-0.032126983816811
2019-05-30 03:00:00,820.125,-16.8317249128821,0.0888198328307794,0.0888276146923462
2019-05-30 03:30:00,820.145833333332,-17.13243749625,0.0406397295448437,0.0406475093596892
2019-05-30 04:00:00,820.166666666668,-16.8145424732026,0.0910043245719806,0.0910121023390776
2019-05-30 04:30:00,820.1875,-16.99454982375,0.0620527802603238,0.062060555978643
2019-05-30 05:00:00,820.208333333332,-16.6639433357298,0.114442449940783,0.114450223609302
2019-05-30 05:30:00,820.229166666668,-16.8611391734177,0.0827528966146277,0.0827606682323194
2019-05-30 06:30:00,820.270833333332,-16.5021684245203,0.139385156611022,0.13939292412398
2019-05-30 07:00:00,820.291666666668,-16.6344783623188,0.118032167676091,0.118039933135145
2019-05-30 07:30:00,820.3125,-16.4261986997863,0.150935410257715,0.150943173661837
2019-05-30 08:00:00,820.333333333332,-16.5154492202899,0.136441946892571,0.136449708240742
2019-05-30 08:30:00,820.354166666668,-16.3135607518124,0.16832719738853,0.168334956679723
2019-05-30 09:00:00,820.375,-16.4137247434783,0.152095340033585,0.152103097266774
2019-05-30 09:30:00,820.395833333332,-16.3039552454158,0.169306102549049,0.169313857723214
2019-05-30 10:00:00,820.416666666668,-16.4338695318841,0.148335131878671,0.148342884992787
2019-05-30 10:30:00,820.4375,-16.180961534188,0.188348089651497,0.188355840704538
2019-05-30 11:00:00,820.458333333332,-16.2358695608696,0.179325799813393,0.179333548804341
2019-05-30 11:30:00,820.479166666668,-15.9127569547974,0.230522531987967,0.230530278915797
2019-05-30 12:00:00,820.5,-15.9297536086957,0.227539681115166,0.227547425978855
2019-05-30 12:30:00,820.520833333332,-15.6771492684435,0.267504526418139,0.267512269216668
2019-05-30 13:00:00,820.541666666668,-15.7086811898551,0.26220632737344,0.262214068105786
2019-05-30 13:30:00,820.5625,-15.4680662371795,0.300261385068332,0.300269123733471
2019-05-30 14:00:00,820.583333333332,-15.4098260695652,0.309264074428889,0.309271811025805
2019-05-30 14:30:00,820.604166666668,-15.562584210661,0.284654647718339,0.284662382246009
2019-05-30 15:00:00,820.625,-16.0305507376812,0.209832365201972,0.209840097659372
2019-05-30 15:30:00,820.645833333332,-16.5024136518124,0.134389450793321,0.134397181179436
2019-05-30 16:00:00,820.666666666668,-17.0022463028986,0.0544910026943013,0.0544987310081109
2019-05-30 16:30:00,820.6875,-16.1440319270789,0.190930481887889,0.190938208128371
2019-05-30 17:00:00,820.708333333332,-16.2749130623188,0.169806404814403,0.169814128980541
2019-05-30 17:30:00,820.729166666668,-15.7183867202991,0.258186895597898,0.258194617688671
2019-05-30 18:00:00,820.75,-16.2360434826087,0.175449315772248,0.175457035786637
2019-05-30 18:30:00,820.770833333332,-15.6643582010661,0.266244767559572,0.266252485496562
2019-05-30 19:00:00,820.791666666668,-16.1049275347826,0.195787401371745,0.195795117230315
2019-05-30 19:30:00,820.8125,-15.1419807383298,0.348911223330256,0.348918937109388
2019-05-30 20:00:00,820.833333333332,-15.1670145202899,0.344649098800095,0.344656810498775
2019-05-30 20:30:00,820.854166666668,-14.9709294865385,0.375611425337681,0.375619134954889
2019-05-30 21:00:00,820.875,-15.2527246072464,0.330447167516774,0.330454875051493
2019-05-30 21:30:00,820.895833333332,-15.0189104390192,0.367419903664952,0.367427609116168
2019-05-30 22:00:00,820.916666666668,-15.2804706397059,0.325479214660589,0.325486918027284
2019-05-30 22:30:00,820.9375,-14.5128247794872,0.447491852493031,0.447499553774188
2019-05-30 23:00:00,820.958333333332,-14.699652142029,0.417456289747736,0.417463988942343
2019-05-30 23:30:00,820.979166666668,-14.2469679324786,0.489295443360928,0.489303140467967
2019-05-31,821,-14.570250025,0.437522676495564,0.43753037151402
2019-05-31 00:30:00,821.020833333332,-14.3638123773987,0.470134708767558,0.470142401696418
2019-05-31 01:00:00,821.041666666668,-14.5267857185714,0.443899372568811,0.443907063407059
2019-05-31 04:30:00,821.1875,-14.8094683947955,0.396954706517616,0.396962382693207
2019-05-31 06:00:00,821.25,-14.7649516596654,0.403227342258844,0.403235012135254
2019-05-31 07:00:00,821.291666666668,-15.0804869827138,0.352416730494492,0.352424396166394
2019-05-31 08:00:00,821.333333333332,-15.0018233923792,0.364402553258492,0.364410214721843
2019-05-31 09:00:00,821.375,-15.0464684018587,0.356745494160772,0.356753151411532
2019-05-31 10:00:00,821.416666666668,-15.0463799188082,0.356214778876162,0.356222431910295
2019-05-31 11:00:00,821.458333333332,-14.8252029953445,0.390903876907204,0.390911525720677
2019-05-31 12:00:00,821.5,-14.6326003609665,0.421041337311722,0.421048981900499
2019-05-31 13:00:00,821.541666666668,-14.826029764684,0.389683885507804,0.389691525867859
2019-05-31 14:00:00,821.583333333332,-15.5323996591078,0.276614914583136,0.27662255071044
2019-05-31 15:00:00,821.625,-16.8288420163569,0.0695472465383453,0.0695548784288748
2019-05-31 16:00:00,821.666666666668,-17.1465213878957,0.0183974897129072,0.0184051173626406
2019-05-31 17:00:00,821.708333333332,-16.9788029509294,0.0445722190917218,0.0445798424966382
2019-05-31 18:00:00,821.75,-17.8329944046555,-0.0920437586697643,-0.092036139513682
2019-05-31 19:00:00,821.791666666668,-18.3320149055866,-0.172080480846868,-0.172072865943633
2019-05-31 20:00:00,821.833333333332,-17.6501468327138,-0.0640005400668029,-0.0639929294204298
2019-05-31 21:00:00,821.875,-17.6824692534451,-0.0696913857366578,-0.069683779351156
2019-05-31 22:00:00,821.916666666668,-17.2193104169145,0.00354855678064925,0.0035561589012737
2019-05-31 23:00:00,821.958333333332,-16.4514248532468,0.12533195479839,0.125339552650131
2019-06-01,822,-16.7677132547486,0.0744059357840074,0.0744135293628622
2019-06-01 01:00:00,822.041666666668,-17.2179479570632,0.00214244599130098,0.00215003529327085
2019-06-01 02:00:00,822.083333333332,-17.0228624827138,0.0326791924330042,0.0326867774540903
2019-06-01 06:00:00,822.25,-16.9889126174721,0.0359281090163425,0.0359356768739673
2019-06-01 07:00:00,822.291666666668,-16.8689814410019,0.0544940809433284,0.0545016445001215
2019-06-01 08:00:00,822.333333333332,-16.4090037893939,0.127229971959651,0.127237531211627
2019-06-01 09:00:00,822.375,-15.8535306215213,0.215178639833836,0.215186194777013
2019-06-01 10:00:00,822.416666666668,-15.3126357243494,0.300805251918375,0.30081280254878
2019-06-01 11:00:00,822.458333333332,-15.5789461154275,0.257843758172665,0.257851304486319
2019-06-01 12:00:00,822.5,-16.502037204461,0.110256903601626,0.110264445594556
2019-06-01 13:00:00,822.541666666668,-16.897184010223,0.0467722246094748,0.0467797622777133
2019-06-01 14:00:00,822.583333333332,-18.1164675048237,-0.147997743599044,-0.147990210259467
2019-06-01 15:00:00,822.625,-18.8354044189239,-0.263061869450851,-0.263054340443902
2019-06-01 16:00:00,822.666666666668,-18.8976166375926,-0.27350900721241,-0.273501482542049
2019-06-01 17:00:00,822.708333333332,-16.8101000059259,0.0584974721867759,0.0585049925165884
2019-06-01 18:00:00,822.75,-17.2456809209647,-0.0114270152862423,-0.0114194993009388
2019-06-01 19:00:00,822.791666666668,-17.2305584378479,-0.00955385372547768,-0.00954634208863592
2019-06-01 20:00:00,822.833333333332,-16.3097778035185,0.136591574422061,0.136599081706488
2019-06-01 21:00:00,822.875,-15.7583629890741,0.223897039687176,0.223904542615236
2019-06-01 22:00:00,822.916666666668,-16.0584971810056,0.175550416162288,0.175557914730035
2019-06-01 23:00:00,822.958333333332,-15.3555427589219,0.286996802396877,0.287004296600367
2019-06-02,823,-14.8499351890741,0.367005971045232,0.367013460880518
2019-06-02 01:00:00,823.041666666668,-14.1221759088889,0.482404343178143,0.482411828641288
2019-06-02 02:00:00,823.083333333332,-13.6928092527778,0.55026883461037,0.550276315697437
2019-06-02 03:00:00,823.125,-13.3469648109259,0.604828455448077,0.604835932155127
2019-06-02 04:00:00,823.166666666668,-20.4959844619417,-0.534548851533533,-0.53454137921043
2019-06-02 07:30:00,823.3125,-13.5864934949907,0.56427340377487,0.564280860723221
2019-06-02 08:30:00,823.354166666668,-13.7881910907236,0.531610719657726,0.531618172204464
2019-06-02 09:30:00,823.395833333332,-13.7986642085343,0.529410511123616,0.529417959264822
2019-06-02 10:30:00,823.4375,-13.6323525272727,0.555372527285519,0.555379971017275
2019-06-02 11:30:00,823.479166666668,-13.7669591729128,0.53339831907578,0.533405758394173
2019-06-02 12:30:00,823.520833333332,-14.6312653044527,0.395182741726106,0.395190176627225
2019-06-02 13:30:00,823.5625,-14.5499314714815,0.407608567177241,0.407615997657177
2019-06-02 14:30:00,823.604166666668,-15.0685111077778,0.324468029228861,0.324475455283709
2019-06-02 15:30:00,823.645833333332,-15.6672814766667,0.228553331505501,0.228560753131356
2019-06-02 16:30:00,823.6875,-15.7072229537155,0.221660757102252,0.221668174295212
2019-06-02 17:30:00,823.729166666668,-16.5981250107955,0.0792098359687852,0.0792172487249536
2019-06-02 18:30:00,823.770833333332,-17.3788740572222,-0.0456933498037331,-0.0456859414882536
2019-06-02 19:30:00,823.8125,-15.8719740759259,0.193827871640581,0.193835275511478
2019-06-02 20:30:00,823.854166666668,-18.3999962609259,-0.209416608821455,-0.20940920939903
2019-06-02 21:30:00,823.895833333332,-18.5427184737037,-0.232680816283039,-0.232673421312976
2019-06-02 22:30:00,823.9375,-17.9339666731481,-0.136234393276473,-0.136227002762658
2019-06-02 23:30:00,823.979166666668,-18.13880001,-0.169392380654504,-0.169384994600818
2019-06-03 00:30:00,824.020833333332,-17.9834315016667,-0.145169673016838,-0.145162291427163
2019-06-03 01:30:00,824.0625,-21.6609610387755,-0.731530079110785,-0.731522701989002
2019-06-03 02:30:00,824.104166666668,-21.2520851757407,-0.666922900552533,-0.666915527902513
2019-06-03 03:30:00,824.145833333332,-21.0412406964815,-0.633861978461409,-0.633854610287027
2019-06-03 05:00:00,824.208333333332,-20.4688089458801,-0.543462788716231,-0.543455427262565
2019-06-03 09:00:00,824.375,-21.4431038688312,-0.700771119481352,-0.700763775992098
2019-06-03 10:00:00,824.416666666668,-21.4991992767225,-0.710232056450842,-0.710224717462336
2019-06-03 11:00:00,824.458333333332,-21.911354370872,-0.776413269380253,-0.776405934896355
2019-06-03 12:00:00,824.5,-22.1455166834572,-0.814239818236167,-0.814232488260723
2019-06-03 13:00:00,824.541666666668,-22.7679369166976,-0.913915844263032,-0.91390851879989
2019-06-03 14:00:00,824.583333333332,-24.026532412616,-1.11493475694118,-1.11492743599419
2019-06-03 15:00:00,824.625,-23.4264944587037,-1.01987174527859,-1.01986442885159
2019-06-03 16:00:00,824.666666666668,-23.3376722448148,-1.006245478474,-1.00623816657084
2019-06-03 17:00:00,824.708333333332,-23.8553766664193,-1.08923905001789,-1.0892317426424
2019-06-03 18:00:00,824.75,-24.5644739477695,-1.202721352506,-1.20271404966202
2019-06-03 19:00:00,824.791666666668,-24.1118703833333,-1.1311435914417,-1.13113629313306
2019-06-03 20:00:00,824.833333333332,-24.4377639349442,-1.18358068836661,-1.18357339459715
2019-06-03 21:00:00,824.875,-24.6868184527778,-1.22377698311246,-1.22376969388599
2019-06-03 22:00:00,824.916666666668,-25.5232931732839,-1.35754944646601,-1.35754216178637
2019-06-03 23:00:00,824.958333333332,-25.7606518235185,-1.39588200196653,-1.39587472183754
2019-06-04,825,-25.1254388687037,-1.29521298724213,-1.29520571166761
2019-06-04 01:00:00,825.041666666668,-24.5261703907407,-1.2002696631094,-1.20026239209317
2019-06-04 02:00:00,825.083333333332,-23.7975259218519,-1.08471636064441,-1.08470909419028
2019-06-04 03:00:00,825.125,-23.3733999983333,-1.01767278927888,-1.01766552739066
2019-06-04 04:30:00,825.1875,-23.0956765622677,-0.97421068863814,-0.974203433605931
2019-06-04 05:30:00,825.229166666668,-23.2288696273743,-0.995947702284806,-0.995940451828029
2019-06-04 06:30:00,825.270833333332,-22.876756056797,-0.940374730337805,-0.940367484460266
2019-06-04 10:30:00,825.4375,-22.3979573109462,-0.86617471130171,-0.866167483779095
2019-06-04 11:30:00,825.479166666668,-22.6877007479554,-0.912848556739204,-0.912841333814802
2019-06-04 12:30:00,825.520833333332,-23.1540964480519,-0.987662940607269,-0.98765572228487
2019-06-04 13:30:00,825.5625,-23.4179907320965,-1.0302184106061,-1.03021119688949
2019-06-04 14:30:00,825.604166666668,-24.3153691782931,-1.17368806648413,-1.17368085737708
2019-06-04 15:30:00,825.645833333332,-25.0036159842301,-1.28384260850868,-1.28383540401498
2019-06-04 16:30:00,825.6875,-26.0882504298701,-1.45714169042472,-1.45713449054815
2019-06-04 17:30:00,825.729166666668,-25.2711484157699,-1.32749250065863,-1.32748530540296
2019-06-04 18:30:00,825.770833333332,-25.1607629418519,-1.31042346586621,-1.3104162752352
2019-06-04 19:30:00,825.8125,-23.7417129746296,-1.08488294693283,-1.08487576093027
2019-06-04 20:30:00,825.854166666668,-23.6934555411111,-1.07771036276972,-1.07770318139936
2019-06-04 21:30:00,825.895833333332,-22.0744055722222,-0.820309109516497,-0.820301932782112
2019-06-04 22:30:00,825.9375,-22.3060462868519,-0.857723908712489,-0.857716736617834
2019-06-04 23:30:00,825.979166666668,-21.4162147811111,-0.716487085560317,-0.716479918109154
2019-06-05 00:30:00,826.020833333332,-22.3230537914657,-0.861460863056172,-0.861453700252256
2019-06-05 01:30:00,826.0625,-22.0094499772222,-0.812016929698043,-0.812009771545126
2019-06-05 02:30:00,826.104166666668,-20.6497253987013,-0.595924914004484,-0.595917760506318
2019-06-05 04:00:00,826.166666666668,-19.5349740089219,-0.419113285529695,-0.419106139020681
2019-06-05 05:00:00,826.208333333332,-19.0552453189591,-0.343204500050727,-0.343197358205828
2019-06-05 06:00:00,826.25,-18.2642365068901,-0.217708270740508,-0.217701133563466
2019-06-05 07:00:00,826.291666666668,-17.5781703807116,-0.108929188088318,-0.108922055582871
2019-06-05 08:00:00,826.333333333332,-17.6694963070632,-0.123988916478058,-0.123981788647944
2019-06-05 12:00:00,826.5,-16.4739256509294,0.0644235610174486,0.0644306701089293
2019-06-05 13:00:00,826.541666666668,-16.1903643334573,0.109085134697416,0.109092239094923
2019-06-05 14:00:00,826.583333333332,-15.9382602304833,0.148735851658941,0.148742951358756
2019-06-05 15:00:00,826.625,-15.5480408068646,0.210388738190061,0.210395833188467
2019-06-05 16:00:00,826.666666666668,-15.1694349442379,0.270191876709102,0.270198967002382
2019-06-05 17:00:00,826.708333333332,-14.9259480543599,0.308470767125727,0.308477852710171
2019-06-05 18:00:00,826.75,-14.7466029921348,0.336532119635547,0.336539200507446
2019-06-05 22:00:00,826.916666666668,-15.2983988938776,0.246599877867924,0.246606939852596
2019-06-05 23:00:00,826.958333333332,-14.4781298736549,0.37676238417993,0.376769441433549
2019-06-06,827,-13.874797787384,0.47236698452399,0.472374037042863
2019-06-06 01:00:00,827.041666666668,-13.0504749346939,0.603175874777486,0.603182922557921
2019-06-06 02:00:00,827.083333333332,-11.9490055693878,0.778134705698757,0.778141748737066
2019-06-06 03:30:00,827.145833333332,-12.247333929128,0.72985231464399,0.729859350562202
2019-06-06 04:30:00,827.1875,-12.6298367447124,0.668414075708369,0.668421106875249
2019-06-06 05:30:00,827.229166666668,-12.1193710747681,0.749226658706661,0.749233685118528
2019-06-06 06:30:00,827.270833333332,-11.7598812506494,0.805988985897565,0.805996007550744
2019-06-06 07:30:00,827.3125,-11.9715825686456,0.771760460549789,0.771767477440607
2019-06-06 08:30:00,827.354166666668,-11.958154,0.773395591863671,0.773402603988456
2019-06-06 12:00:00,827.5,-12.7245380332096,0.649548299605909,0.649555295020718
2019-06-06 13:00:00,827.541666666668,-14.0967792220779,0.430446623302128,0.43045361393442
2019-06-06 14:00:00,827.583333333332,-16.1425640146568,0.104049275862986,0.104056261709106
2019-06-06 15:00:00,827.625,-17.4909294630798,-0.111248365151961,-0.111241384095662
2019-06-06 16:00:00,827.666666666668,-18.6164026361781,-0.291038800652982,-0.291031824390159
2019-06-06 17:00:00,827.708333333332,-18.3837495528757,-0.254478445945251,-0.25447147447955
2019-06-06 18:00:00,827.75,-17.7188147931481,-0.149055003981822,-0.149048037316886
2019-06-06 19:00:00,827.791666666668,-17.2315463377778,-0.0719336237207313,-0.0719266618602054
2019-06-06 20:00:00,827.833333333332,-18.3459609570632,-0.249961194033631,-0.249954236981154
2019-06-06 23:30:00,827.979166666668,-15.5603840356215,0.192033789993462,0.192040730189152
2019-06-07 00:30:00,828.020833333332,-15.596016704461,0.185858343575084,0.185865278946382
2019-06-07 01:30:00,828.0625,-16.4110464081633,0.0555247017466057,0.0555316322898887
2019-06-07 03:00:00,828.125,-16.9424832933086,-0.0298812348973926,-0.0298743116029231
2019-06-07 04:00:00,828.166666666668,-17.3002509399628,-0.0873719301288768,-0.0873650116714723
2019-06-07 05:00:00,828.208333333332,-18.2720279392924,-0.242674443915548,-0.242667530298824
2019-06-07 06:00:00,828.25,-17.6342992297398,-0.141581237744998,-0.141574328972565
2019-06-07 07:00:00,828.291666666668,-17.5850964727273,-0.134240325767216,-0.134233421842683
2019-06-07 08:00:00,828.333333333332,-18.1377050580705,-0.22276807981885,-0.222761180745826
2019-06-07 09:00:00,828.375,-18.3616882666048,-0.258945265380864,-0.25893837116295
2019-06-07 10:00:00,828.416666666668,-18.9951001851577,-0.360344425652838,-0.360337536293639
2019-06-07 11:00:00,828.458333333332,-18.4248849758813,-0.270004612701662,-0.269997728204773
2019-06-07 12:00:00,828.5,-18.343907209462,-0.257600362125408,-0.257593482494425
2019-06-07 13:00:00,828.541666666668,-18.3773592016327,-0.26342454172406,-0.263417666962577
2019-06-07 14:00:00,828.583333333332,-19.454202219666,-0.435461344967369,-0.435454475078974
2019-06-07 15:00:00,828.625,-19.3451614176252,-0.418585695576759,-0.418578830565041
2019-06-07 16:00:00,828.666666666668,-19.9175398703154,-0.510260307512822,-0.510253447381367
2019-06-07 17:00:00,828.708333333332,-21.2556994053803,-0.723924079951759,-0.723917224704147
2019-06-07 18:00:00,828.75,-19.6832323245353,-0.473922639097518,-0.473915788737328
2019-06-07 19:00:00,828.791666666668,-18.5355287011881,-0.291586006901594,-0.291579161432404
2019-06-07 20:00:00,828.833333333332,-17.8930834894249,-0.189737086819644,-0.189730246245026
2019-06-07 21:00:00,828.875,-17.3560465761639,-0.104679469847259,-0.104672634170784
2019-06-08 01:00:00,829.041666666668,-16.8829053799629,-0.0312755807840011,-0.0312687647357546
2019-06-08 02:30:00,829.104166666668,-15.6300597108209,0.167566989287213,0.167573797960192
2019-06-08 03:30:00,829.145833333332,-15.5503548774554,0.179773327358634,0.179780131110327
2019-06-08 04:30:00,829.1875,-15.7959851210037,0.140153871247677,0.140160670074535
2019-06-08 05:30:00,829.229166666668,-17.0009777163569,-0.0522923767680681,-0.0522855828695965
2019-06-08 06:30:00,829.270833333332,-17.9603996148699,-0.2056187207282,-0.205611931761656
2019-06-08 07:30:00,829.3125,-18.7419962298677,-0.330617053136121,-0.330610269105047
2019-06-08 08:30:00,829.354166666668,-19.234780635316,-0.409607077111003,-0.40960029801894
2019-06-08 09:30:00,829.395833333332,-17.9036011506494,-0.198038032649731,-0.198031258500213
2019-06-08 10:30:00,829.4375,-17.2585120794063,-0.0957633637711626,-0.0957565945677222
2019-06-08 11:30:00,829.479166666668,-18.3571579550186,-0.271266600206338,-0.271259835952509
2019-06-08 12:30:00,829.520833333332,-19.4043655070501,-0.438575356871586,-0.438568597570895
2019-06-08 13:30:00,829.5625,-20.8399888679035,-0.667758711133831,-0.6677519567898
2019-06-08 14:30:00,829.604166666668,-20.8176029756957,-0.664679830907069,-0.664673081523225
2019-06-08 15:30:00,829.645833333332,-20.6956976025974,-0.645747107441798,-0.645740363021659
2019-06-08 16:30:00,829.6875,-20.511293694052,-0.616858003553266,-0.616851264100346
2019-06-08 17:30:00,829.729166666668,-20.9772443746241,-0.691570531148749,-0.691563796666566
2019-06-08 18:30:00,829.770833333332,-20.4851743797774,-0.613669360973564,-0.613662631465627
2019-06-08 19:30:00,829.8125,-19.2200970492537,-0.412627250012368,-0.412620525482184
2019-06-08 20:30:00,829.854166666668,-18.8167187685289,-0.348854093403779,-0.348847373854857
2019-06-08 21:30:00,829.895833333332,-18.9267802789572,-0.366871942126359,-0.3668652275622
2019-06-08 22:30:00,829.9375,-17.8742671769944,-0.199690503746483,-0.199683794170585
2019-06-09 02:30:00,830.104166666668,-17.5214571123134,-0.145423001375527,-0.145416311787623
2019-06-09 03:30:00,830.145833333332,-16.2535899723562,0.056066095667335,0.056072780249518
2019-06-09 04:30:00,830.1875,-15.9805770011132,0.0990745347456391,0.0990812143186198
2019-06-09 05:30:00,830.229166666668,-17.0082044535316,-0.0651096528248192,-0.0651029782645225
2019-06-09 06:30:00,830.270833333332,-17.6902961018622,-0.174249417338482,-0.174242747794346
2019-06-09 07:30:00,830.3125,-17.5797996244898,-0.157129004245918,-0.157122339721417
2019-06-09 08:30:00,830.354166666668,-17.2775592414815,-0.109463326927479,-0.109456667426088
2019-06-09 09:30:00,830.395833333332,-16.5138422710575,0.0117162238254821,0.0117228783002982
2019-06-09 10:30:00,830.4375,-14.8162393491651,0.281664797542649,0.281671446987423
2019-06-09 11:30:00,830.479166666668,-13.7397592525926,0.452668385099755,0.452675029511022
2019-06-09 12:30:00,830.520833333332,-15.8082193169145,0.122681081635208,0.12268772100951
2019-06-09 13:30:00,830.5625,-16.9673648244444,-0.0624514388572105,-0.0624448045233323
2019-06-09 14:30:00,830.604166666668,-15.9150351759259,0.104705937870034,0.104712567160032
2019-06-09 15:30:00,830.645833333332,-18.0975999972222,-0.243457361379953,-0.243450737137286
2019-06-09 16:30:00,830.6875,-17.6052044598513,-0.165497238929489,-0.165490619737601
2019-06-09 17:30:00,830.729166666668,-18.2321747202602,-0.26585256272721,-0.265845948589551
2019-06-09 18:30:00,830.770833333332,-17.444870154731,-0.140912570598765,-0.140905961518775
2019-06-09 19:30:00,830.8125,-17.3320000046468,-0.123410137068748,-0.123403533049867
2019-06-09 20:30:00,830.854166666668,-16.8702203672222,-0.050325846884292,-0.0503192479299618
2019-06-09 21:30:00,830.895833333332,-16.0249333362963,0.0838517713749579,0.0838583652613052
2019-06-09 22:30:00,830.9375,-15.3843259022222,0.185424110064644,0.185430698879576
2019-06-09 23:30:00,830.979166666668,-15.290506525603,0.199893047180287,0.199899630920373
2019-06-10 00:30:00,831.020833333332,-20.3304781614801,-0.603454265700607,-0.603447687038792
2019-06-10 03:30:00,831.145833333332,-18.3429814462963,-0.28827134343598,-0.288264780029512
2019-06-10 04:00:00,831.166666666668,-19.2583938245361,-0.434334690143856,-0.434328129282936
2019-06-10 04:30:00,831.1875,-17.9678518888889,-0.228987856232017,-0.228981297917497
2019-06-10 05:00:00,831.208333333332,-19.2356886614433,-0.431192496739768,-0.431185940972503
2019-06-10 05:30:00,831.229166666668,-18.1620925296296,-0.260405120288738,-0.26039856706958
2019-06-10 06:00:00,831.25,-19.4239931760274,-0.461663967474846,-0.461657416804646
2019-06-10 06:30:00,831.270833333332,-19.9935185074074,-0.552626850061667,-0.552620301941281
2019-06-10 07:00:00,831.291666666668,-20.8522762841237,-0.689664585712247,-0.689658040142524
2019-06-10 07:30:00,831.3125,-20.1633517314815,-0.580155338105358,-0.580148795087147
2019-06-10 08:00:00,831.333333333332,-21.0019299294845,-0.713978288020344,-0.713971747554501
2019-06-10 08:30:00,831.354166666668,-19.5612222185185,-0.484709281572355,-0.484702743659728
2019-06-10 09:00:00,831.375,-21.3529566973196,-0.770370543608323,-0.77036400824976
2019-06-10 09:30:00,831.395833333332,-18.2572593703704,-0.277460344050197,-0.277453811246551
2019-06-10 10:00:00,831.416666666668,-20.2752201705761,-0.59915945608138,-0.5991529258335
2019-06-10 10:30:00,831.4375,-16.5564074685185,-0.00698636725325463,-0.00697983956198711
2019-06-10 11:00:00,831.458333333332,-18.9730596851852,-0.392197142046489,-0.392190616912687
2019-06-10 11:30:00,831.479166666668,-15.5184444148148,0.157889271965614,0.157895794541105
2019-06-10 12:00:00,831.5,-18.3418271746914,-0.292113804104516,-0.292107284088183
2019-06-10 12:30:00,831.520833333332,-17.0119631037037,-0.0805016095557354,-0.0804950920994122
2019-06-10 13:00:00,831.541666666668,-19.1217201648148,-0.416823436814692,-0.416816921919223
2019-06-10 13:30:00,831.5625,-18.2485742222222,-0.277966601402972,-0.277960089069203
2019-06-10 14:00:00,831.583333333332,-18.7360946475309,-0.355864808155152,-0.355858298383934
2019-06-10 14:30:00,831.604166666668,-17.2541851462963,-0.120031337608253,-0.120024830400429
2019-06-10 15:00:00,831.625,-17.809113187037,-0.208667460395,-0.208660955751416
2019-06-10 15:30:00,831.645833333332,-18.5083703592593,-0.320295234283792,-0.320288732205296
2019-06-10 16:00:00,831.666666666668,-18.8951358286008,-0.382142773880761,-0.382136274368195
2019-06-10 16:30:00,831.6875,-16.1043333092593,0.0621986205914057,0.0622051175371964
2019-06-10 17:00:00,831.708333333332,-17.3084855878601,-0.129859056319574,-0.129852561941406
2019-06-10 17:30:00,831.729166666668,-15.7095186296296,0.124622247143175,0.124628738952879
2019-06-10 18:00:00,831.75,-16.8467448450617,-0.0567738944425727,-0.0567674052021763
2019-06-10 18:30:00,831.770833333332,-15.0883888814815,0.223098357170336,0.223104843840578
2019-06-10 19:00:00,831.791666666668,-15.4979773720165,0.157615590896363,0.15762207499561
2019-06-10 19:30:00,831.8125,-13.4528703833333,0.483167651541076,0.483174133068486
2019-06-10 20:00:00,831.833333333332,-13.7679629880658,0.432738313280725,0.432744792235455
2019-06-10 20:30:00,831.854166666668,-13.4355555796296,0.485456272813394,0.485462749194602
2019-06-10 21:00:00,831.875,-13.9177612993827,0.408405861906888,0.408412335713733
2019-06-10 21:30:00,831.895833333332,-12.8545186037037,0.577546571019146,0.577553042250785
2019-06-10 22:00:00,831.916666666668,-13.239899168107,0.515920642670298,0.515927111325892
2019-06-10 22:30:00,831.9375,-12.5832593018519,0.620289396670094,0.620295862748802
2019-06-10 23:00:00,831.958333333332,-12.9023209927984,0.569228278493493,0.569234741994474
2019-06-10 23:30:00,831.979166666668,-12.2672407574074,0.670162734188155,0.67016919511057
2019-06-11,832,-12.4843056689573,0.635349942215978,0.635356400558988
2019-06-11 01:00:00,832.041666666668,-12.0639117602941,0.701850849097276,0.701857302278957
2019-06-11 01:30:00,832.0625,-12.2660178302895,0.669421261037172,0.669427711636932
2019-06-11 05:00:00,832.208333333332,-15.2382046065637,0.194314491314199,0.194320923817061
2019-06-11 05:30:00,832.229166666668,-16.44124533829,0.00243596371230936,0.00244239362655607
2019-06-11 06:00:00,832.25,-15.412494388764,0.166083529353409,0.166089956678205
2019-06-11 06:30:00,832.270833333332,-16.6698581526119,-0.0344485289480887,-0.0344421042135787
2019-06-11 07:00:00,832.291666666668,-15.6155730475655,0.133266813111383,0.133273235254772
2019-06-11 07:30:00,832.3125,-16.1935481581481,0.040962020031263,0.0409684395826998
2019-06-11 08:00:00,832.333333333332,-15.3899511387218,0.168742738223151,0.1687491551818
2019-06-11 08:30:00,832.354166666668,-15.6408843291045,0.128536124115159,0.128542538480185
2019-06-11 09:00:00,832.375,-15.2084461141264,0.197191146959618,0.197197558730192
2019-06-11 09:30:00,832.395833333332,-14.8755666403704,0.249986474944143,0.24999288411943
2019-06-11 10:00:00,832.416666666668,-14.9928178650558,0.231075744790436,0.231082151369603
2019-06-11 10:30:00,832.4375,-15.135093987594,0.208178614347974,0.208185018330192
2019-06-11 11:00:00,832.458333333332,-14.7099924774436,0.275665230099889,0.275671631484324
2019-06-11 11:30:00,832.479166666668,-14.7806778913858,0.264172718430202,0.264179117216023
2019-06-11 12:00:00,832.5,-15.6186503864662,0.130450910334045,0.130457306520424
2019-06-11 12:30:00,832.520833333332,-17.923675304428,-0.236973313159474,-0.23696691957337
2019-06-11 13:00:00,832.541666666668,-17.550048558209,-0.177686328380512,-0.177679937395513
2019-06-11 13:30:00,832.5625,-18.6139813910448,-0.347403527841866,-0.3473971394588
2019-06-26 19:00:00,847.791666666668,-14.7232003669759,0.127135736577617,0.127140025746202
2019-06-26 20:00:00,847.833333333332,-15.0157187944134,0.0802109992382832,0.0802152821938114
2019-06-26 21:00:00,847.875,-14.1472022009276,0.218240381178277,0.218244657918586
2019-06-26 22:00:00,847.916666666668,-14.0552968298701,0.232555451332962,0.232559721855891
2019-06-26 23:00:00,847.958333333332,-13.6287142840445,0.300185245682985,0.300189509986375
2019-06-27,848,-13.4686697682836,0.325355752629298,0.325360010710998
2019-06-27 01:00:00,848.041666666668,-13.4526029842697,0.327590915443489,0.327595167301348
2019-06-27 02:00:00,848.083333333332,-15.7887309595547,-0.0448798162162395,-0.0448755705843706
2019-06-27 03:00:00,848.125,-16.6799739321561,-0.187178922660207,-0.18717468325647
2019-06-27 04:00:00,848.166666666668,-16.1782894434137,-0.107583277187493,-0.10757904401403
2019-06-27 05:00:00,848.208333333332,-16.1511206437848,-0.103577907998157,-0.103573681057104
2019-06-27 06:00:00,848.25,-16.0364277672222,-0.0856294785550143,-0.0856252578485052
2019-06-27 07:00:00,848.291666666668,-15.9492824957249,-0.0720689898669326,-0.0720647753970971
2019-06-27 08:00:00,848.333333333332,-15.3413784946197,0.0244491491709818,0.0244533574020148
2019-06-27 09:00:00,848.375,-14.9990465538175,0.0786618819689677,0.0786660839590764
2019-06-27 10:00:00,848.416666666668,-14.7760853395176,0.113859185643328,0.113863381390391
2019-06-27 11:00:00,848.458333333332,-14.5966189611524,0.142128143947689,0.14213233344959
2019-06-27 12:00:00,848.5,-14.1103407331481,0.219272862391492,0.219277045646118
2019-06-27 13:00:00,848.541666666668,-13.8692077953618,0.257366174324084,0.257370351329323
2019-06-27 14:00:00,848.583333333332,-13.9676964668529,0.241357934769089,0.241362105522835
2019-06-27 15:00:00,848.625,-15.4044730145251,0.0121598939129821,0.0121640584131331
2019-06-27 16:00:00,848.666666666668,-16.6585549482309,-0.187934350487635,-0.187930192243182
2019-06-27 20:00:00,848.833333333332,-15.9487788538462,-0.0761347539466731,-0.076130620745938
2019-06-27 20:30:00,848.854166666668,-15.2872853955916,0.0290835626844637,0.0290876927523862
2019-06-27 21:00:00,848.875,-16.3975048825243,-0.147933155243307,-0.147929028308716
2019-06-27 21:30:00,848.895833333332,-15.7418041589862,-0.0436374179772638,-0.0436332941765279
2019-06-27 22:00:00,848.916666666668,-15.2118846182692,0.0406213907183095,0.0406255113846729
2019-06-27 22:30:00,848.9375,-14.3305253101382,0.180864909264098,0.180869026795571
2019-06-27 23:00:00,848.958333333332,-14.1326764843137,0.212224823311625,0.212228937707686
2019-06-27 23:30:00,848.979166666668,-13.7327453133178,0.27577670315381,0.275780814413942
2019-06-28,849,-13.3970480519231,0.329096179112737,0.329100287236424
2019-06-28 00:30:00,849.020833333332,-13.2586919597701,0.350979169627729,0.35098327461445
2019-06-28 01:00:00,849.041666666668,-14.3793461855769,0.172301020646282,0.172305122495522
2019-06-28 01:30:00,849.0625,-14.467048282069,0.15817298790397,0.158177086615213
2019-06-28 02:00:00,849.083333333332,-15.0885192403846,0.0590152979344869,0.0590193935072153
2019-06-28 02:30:00,849.104166666668,-14.9520553011521,0.080597282693204,0.0806013751269031
2019-06-28 03:00:00,849.125,-15.3012115336538,0.0248197310038545,0.0248238202980097
2019-06-28 03:30:00,849.145833333332,-15.2253724232184,0.0367443451106835,0.0367484312647776
2019-06-28 04:00:00,849.166666666668,-15.7997307201923,-0.0549078484424149,-0.0549037654288949
2019-06-28 04:30:00,849.1875,-15.8247545970183,-0.0590505723052673,-0.0590464924328354
2019-06-28 05:00:00,849.208333333332,-16.6422212865385,-0.189429898500117,-0.189425821769287
2019-06-28 05:30:00,849.229166666668,-16.4631359456221,-0.161057670058505,-0.16105359646979
2019-06-28 06:00:00,849.25,-16.8217692125,-0.218344296039213,-0.218340225593126
2019-06-28 06:30:00,849.270833333332,-16.7484064383372,-0.206813539892829,-0.206809472589883
2019-06-28 07:00:00,849.291666666668,-16.9637884576923,-0.241279931594845,-0.241275867435551
2019-06-28 07:30:00,849.3125,-16.8244298576023,-0.21923578499763,-0.2192317239825
2019-06-28 08:00:00,849.333333333332,-16.5748461221154,-0.179632591423896,-0.179628533553442
2019-06-28 08:30:00,849.354166666668,-16.2233356708046,-0.123792295021855,-0.123788240296586
2019-06-28 09:00:00,849.375,-16.6966249394231,-0.199343079237107,-0.199339027657534
2019-06-28 09:30:00,849.395833333332,-17.0012413321839,-0.24802404959315,-0.248020001159782
2019-06-28 10:00:00,849.416666666668,-16.9016346413462,-0.232311889649916,-0.232307844363263
2019-06-28 10:30:00,849.4375,-16.6713302252294,-0.195779384432319,-0.19577534229289
2019-06-28 11:00:00,849.458333333332,-15.8411731298077,-0.0636898144802904,-0.0636857754885947
2019-06-28 11:30:00,849.479166666668,-15.6040160774713,-0.0260654708779744,-0.0260614350345193
2019-06-28 12:00:00,849.5,-15.5225192663462,-0.0132378106385302,-0.0132337779438233
2019-06-28 12:30:00,849.520833333332,-15.3479449444954,0.0144172678924822,0.014421297437933
2019-06-28 13:00:00,849.541666666668,-16.5782500041667,-0.181725838658631,-0.181721812262942
2019-06-28 13:30:00,849.5625,-16.141743108945,-0.112344505312661,-0.112340482067241
2019-06-28 14:00:00,849.583333333332,-17.5376634346535,-0.334870033357821,-0.334866013263177
2019-06-28 14:30:00,849.604166666668,-16.9425470926437,-0.240221893018321,-0.240217876074957
2019-06-28 15:00:00,849.625,-17.4145631339806,-0.315568599514203,-0.315564585722626
2019-06-28 15:30:00,849.645833333332,-17.4873333457471,-0.327315055616128,-0.327311044976841
2019-06-28 16:30:00,849.6875,-17.2910701807018,-0.296358098511215,-0.296354094178021
2019-06-28 17:00:00,849.708333333332,-16.7131910419811,-0.204455334687819,-0.204451333508428
2019-06-28 17:30:00,849.729166666668,-15.8662455640351,-0.0696900062314132,-0.0696860082063284
2019-06-28 18:00:00,849.75,-15.1334164628235,0.0468966063982901,0.0469006012685678
2019-06-28 21:30:00,849.895833333332,-14.0833667808777,0.213098091597157,0.21310206436974
2019-06-28 22:00:00,849.916666666668,-13.9677569073394,0.231362077181721,0.23136604679549
2019-06-28 22:30:00,849.9375,-14.2200754691824,0.191014904796579,0.191018871251036
2019-06-28 23:00:00,849.958333333332,-13.8162247550459,0.255196071713865,0.255200035008511
2019-06-28 23:30:00,849.979166666668,-14.2198296971609,0.190749080324323,0.190753040458659
2019-06-29,850,-14.0898113069182,0.211308771884527,0.211312728858058
2019-06-29 00:30:00,850.020833333332,-14.1005862037618,0.209440096990134,0.209444050802361
2019-06-29 01:00:00,850.041666666668,-14.0896000254545,0.211038081728358,0.211042032378784
2019-06-29 01:30:00,850.0625,-14.4090877956113,0.159991435145396,0.159995382633526
2019-06-29 02:00:00,850.083333333332,-14.4099045031818,0.159709421408045,0.159713365733382
2019-06-29 02:30:00,850.104166666668,-14.441200600627,0.154572123951499,0.154576065113548
2019-06-29 03:00:00,850.125,-14.3113409204545,0.175107161921653,0.17511109991992
2019-06-29 03:30:00,850.145833333332,-14.5937080726277,0.12997427582449,0.129978210658479
2019-06-29 04:00:00,850.166666666668,-14.8121991072398,0.095017005828586,0.0950209374978029
2019-06-29 04:30:00,850.1875,-14.641661400627,0.122032397261117,0.12203632576507
2019-06-29 05:00:00,850.208333333332,-14.5234389076923,0.140714042735592,0.140717968073786
2019-06-29 05:30:00,850.229166666668,-14.6321226698113,0.123249464615333,0.123253386787275
2019-06-29 06:00:00,850.25,-14.6386380162896,0.122060493122193,0.122064412127392
2019-06-29 06:30:00,850.270833333332,-14.3261347949843,0.171691512475657,0.171695428313619
2019-06-29 07:00:00,850.291666666668,-14.316194559276,0.173124137051691,0.173128049721926
2019-06-29 07:30:00,850.3125,-13.3374043836991,0.328895354463668,0.328899263965685
2019-06-29 08:00:00,850.333333333332,-13.1895927606335,0.352291199715187,0.352295106048493
2019-06-29 08:30:00,850.354166666668,-14.6199779968553,0.124279262584701,0.124283165748807
2019-06-29 09:00:00,850.375,-14.6266515819005,0.123065714009216,0.123069614003634
2019-06-29 09:30:00,850.395833333332,-14.1806081435737,0.193970415914012,0.193974312738251
2019-06-29 10:00:00,850.416666666668,-14.0330814262443,0.217321295999408,0.217325189652978
2019-06-29 10:30:00,850.4375,-13.4726332304075,0.306450967868312,0.306454858350726
2019-06-29 11:00:00,850.458333333332,-13.4274977357466,0.313491063388827,0.313494950699596
2019-06-29 11:30:00,850.479166666668,-12.9599592322884,0.387820365282064,0.387824249420699
2019-06-29 12:00:00,850.5,-12.9291538723982,0.392577870546232,0.392581751512248
2019-06-29 12:30:00,850.520833333332,-12.5746802347962,0.448896069002588,0.448899946795497
2019-06-29 13:00:00,850.541666666668,-12.4713619823529,0.465205140398959,0.465209015018273
2019-06-29 13:30:00,850.5625,-12.3281536159875,0.487868840742833,0.487872712188069
2019-06-29 14:00:00,850.583333333332,-12.2328642266968,0.5028991191081,0.50290298737877
2019-06-29 14:30:00,850.604166666668,-12.5046258022013,0.459458021814357,0.459461886909977
2019-06-29 15:00:00,850.625,-12.7409637764706,0.421660034862706,0.421663896782792
2019-06-29 16:00:00,850.666666666668,-12.2712705504559,0.496184460024259,0.49618831559182
2019-06-29 16:30:00,850.6875,-12.0706028956938,0.528002098235038,0.528005950625613
2019-06-29 17:00:00,850.708333333332,-12.5102097349544,0.457823657427523,0.457827506640628
2019-06-29 17:30:00,850.729166666668,-12.3244210842105,0.487271270539623,0.487275116574775
2019-06-29 18:00:00,850.75,-11.9643434647416,0.544483346384348,0.544487189241066
2019-06-29 18:30:00,850.770833333332,-11.9186842277512,0.551608454697707,0.551612294375507
2019-06-29 19:00:00,850.791666666668,-12.4613221741641,0.465017506794217,0.465021343292619
2019-06-29 19:30:00,850.8125,-12.4055311076555,0.473756833816617,0.473760667135141
2019-06-29 23:00:00,850.958333333332,-12.7603782838951,0.416194773104269,0.416198584150207
2019-06-29 23:30:00,850.979166666668,-12.74680006,0.418210408997133,0.418214216859361
2019-06-30,851,-12.7553712028409,0.416697740633987,0.416701545312027
2019-06-30 00:30:00,851.020833333332,-12.58040008,0.444423592067608,0.444427393560981
2019-06-30 01:00:00,851.041666666668,-12.7933801470037,0.410348647455221,0.410352445763453
2019-06-30 01:30:00,851.0625,-12.86660004,0.398537704186381,0.398541499308997
2019-06-30 02:00:00,851.083333333332,-12.9372603172285,0.387134615307123,0.387138407243645
2019-06-30 02:30:00,851.104166666668,-12.76200008,0.414906945906122,0.414910734656077
2019-06-30 03:00:00,851.125,-12.9716385799625,0.381364738423513,0.381368523986426
2019-06-30 03:30:00,851.145833333332,-12.85880012,0.399193446928019,0.399197229303415
2019-06-30 04:00:00,851.166666666668,-13.1116498061798,0.358767878270622,0.358771657458028
2019-06-30 04:30:00,851.1875,-13.0918001,0.361783623553078,0.361787399552022
2019-06-30 05:00:00,851.208333333332,-13.3508892926829,0.320364308794899,0.320368081604906
2019-06-30 05:30:00,851.229166666668,-13.3308334333333,0.323413106206056,0.323416875826655
2019-06-30 06:00:00,851.25,-14.5359456996255,0.131291851601109,0.131295618031828
2019-06-30 06:30:00,851.270833333332,-14.60900005,0.1195083379219,0.119512101162266
2019-06-30 07:00:00,851.291666666668,-15.0892434769663,0.042859419315502,0.0428631793650452
2019-06-30 07:30:00,851.3125,-15.0801664833333,0.0441596993599074,0.0441634562181569
2019-06-30 08:00:00,851.333333333332,-16.1874944110487,-0.132384016369585,-0.1323802627031
2019-06-30 08:30:00,851.354166666668,-15.9943334166667,-0.101758811451359,-0.101755060977108
2019-06-30 09:00:00,851.375,-16.2851853964419,-0.148237113167083,-0.148233365885535
2019-06-30 09:30:00,851.395833333332,-16.0189997333333,-0.105978814255942,-0.105975070167567
2019-06-30 10:00:00,851.416666666668,-15.8861011144195,-0.0849531306654812,-0.084949389770747
2019-06-30 10:30:00,851.4375,-15.7818333333333,-0.0684882539141374,-0.068484516213512
2019-06-30 11:00:00,851.458333333332,-16.2767640397004,-0.147476018303379,-0.147472283797331
2019-06-30 11:30:00,851.479166666668,-16.2743336333333,-0.147233695889811,-0.147229964578807
2019-06-30 12:00:00,851.5,-16.4290880183521,-0.172030916927705,-0.172027188812212
2019-06-30 12:30:00,851.520833333332,-16.5398334166667,-0.189817368773234,-0.189813643853719
2019-06-30 13:00:00,851.541666666668,-16.9842416043071,-0.260756435218367,-0.260752713495294
2019-06-30 13:30:00,851.5625,-16.71316655,-0.217718403730034,-0.217714685203871
2019-06-30 14:00:00,851.583333333332,-17.1465037524345,-0.286893641905714,-0.286889926576925
2019-06-30 14:30:00,851.604166666668,-17.1830005666667,-0.292851816418688,-0.292848104287738
2019-06-30 15:30:00,851.645833333332,-17.2788104063197,-0.308402485412523,-0.308398779678643
2019-06-30 16:30:00,851.6875,-21.0874962749071,-0.915416533920593,-0.915412834585636
2019-06-30 17:30:00,851.729166666668,-18.7625623581006,-0.545340142145884,-0.545336449211702
2019-06-30 18:30:00,851.770833333332,-21.8947877184358,-1.04459269751633,-1.04458901098477
2019-06-30 19:30:00,851.8125,-20.5301486782528,-0.827491114765979,-0.827487434638882
2019-06-30 20:30:00,851.854166666668,-19.6629888743494,-0.689637904109267,-0.689634230388475
2019-07-01 00:30:00,852.020833333332,-21.1559201940631,-0.928602532925964,-0.928598884848722
2019-07-01 01:30:00,852.0625,-20.887494419145,-0.886125950002383,-0.886122308340592
2019-07-01 02:30:00,852.104166666668,-20.8947476653061,-0.88756480551357,-0.887561170269053
2019-07-01 03:30:00,852.145833333332,-20.9433172955473,-0.895584963761841,-0.895581334936412
2019-07-01 04:30:00,852.1875,-21.0357792580705,-0.910596774991547,-0.910593152587019
2019-07-01 05:30:00,852.229166666668,-20.9639035413729,-0.899429049421694,-0.899425433439877
2019-07-01 06:30:00,852.270833333332,-21.1840425803704,-0.934779055904797,-0.934775446347495
2019-07-01 07:30:00,852.3125,-21.0746870161111,-0.917639909277229,-0.917636306146245
2019-07-01 08:30:00,852.354166666668,-21.1255870405556,-0.92602916495561,-0.926025568252744
2019-07-01 09:30:00,852.395833333332,-21.0071666288889,-0.907445126523837,-0.907441536250883
2019-07-01 10:30:00,852.4375,-20.8522226443414,-0.883042429049083,-0.883038845207833
2019-07-01 11:30:00,852.479166666668,-20.6771888631481,-0.855438984685806,-0.85543540727805
2019-07-01 12:30:00,852.520833333332,-20.7769018661111,-0.871602471306294,-0.871598900333815
2019-07-01 13:30:00,852.5625,-20.6303037166667,-0.848527987118495,-0.848524422583074
2019-07-01 15:00:00,852.625,-20.022776994052,-0.752165801517658,-0.752162246641159
2019-07-01 16:00:00,852.666666666668,-20.2431184252632,-0.787543983591163,-0.787540435156163
2019-07-01 17:00:00,852.708333333332,-19.6199646624535,-0.688552349773147,-0.688548807781416
2019-07-01 18:00:00,852.75,-19.0985873429368,-0.6057733472484,-0.605769811701702
2019-07-01 19:00:00,852.791666666668,-18.7848048366171,-0.556063917819828,-0.556060388719927
2019-07-02 18:00:00,853.75,-17.7234274652416,-0.393223023577111,-0.393219643232102
2019-07-02 19:30:00,853.8125,-17.6187959371058,-0.376953999456108,-0.376950628843826
2019-07-02 20:30:00,853.854166666668,-16.8378385988868,-0.252812298804854,-0.252808934683152
2019-07-02 21:30:00,853.895833333332,-15.3943475918216,-0.0231280785761929,-0.0231247209467406
2019-07-02 22:30:00,853.9375,-15.0708701155844,0.0281376186273837,0.0281409697629186
2019-07-02 23:30:00,853.979166666668,-15.0623631139665,0.0292287270892058,0.0292320717291575
2019-07-03 00:30:00,854.020833333332,-14.9113076615385,0.053028338714215,0.0530316768569244
2019-07-03 04:00:00,854.166666666668,-15.5787625361781,-0.0542169919406236,-0.0542136765512932
2019-07-03 05:00:00,854.208333333332,-15.7382226365492,-0.0798807792354649,-0.0798774703508074
2019-07-03 06:00:00,854.25,-15.8453339400742,-0.097204931960869,-0.0972016295825263
2019-07-03 07:00:00,854.291666666668,-15.9781280504638,-0.118619940216348,-0.118616644345959
2019-07-03 08:00:00,854.333333333332,-15.9068664179963,-0.10752828872352,-0.10752499936272
2019-07-03 09:00:00,854.375,-15.8353191102041,-0.0963906947234643,-0.0963874118738823
2019-07-03 10:00:00,854.416666666668,-15.8679406512059,-0.101846838419497,-0.101843562082763
2019-07-03 11:00:00,854.458333333332,-15.649377775,-0.0672886904646801,-0.0672854206424179
2019-07-03 12:00:00,854.5,-15.3569537038889,-0.0209639667563948,-0.0209607034502242
2019-07-03 13:00:00,854.541666666668,-16.0633888905556,-0.133757801853662,-0.133754545065202
2019-07-03 14:00:00,854.583333333332,-16.7969462812963,-0.250871788553832,-0.250868538284696
2019-07-03 15:00:00,854.625,-17.6633795964815,-0.38915256995274,-0.389149326204537
2019-07-03 16:00:00,854.666666666668,-16.7363204033333,-0.241728277970347,-0.241725040744686
2019-07-03 17:00:00,854.708333333332,-16.5219129181481,-0.207829477052439,-0.207826246350924
2019-07-03 18:00:00,854.75,-18.1539129474074,-0.468064277235937,-0.468061053060165
2019-07-03 19:30:00,854.8125,-16.3587694678439,-0.1824798653322,-0.182476650948037
2019-07-03 20:30:00,854.854166666668,-15.2094804409683,0.000347757781549829,0.000350965635982026
2019-07-03 21:30:00,854.895833333332,-14.5572248905204,0.10399802878769,0.104001230110804
2019-07-03 22:30:00,854.9375,-14.7825074412639,0.0678562891784991,0.0678594839687126
2019-07-03 23:30:00,854.979166666668,-14.5088661449814,0.111193911071915,0.111197099327645
2019-07-04 00:30:00,855.020833333332,-14.0900853254174,0.177652799006848,0.177655980726518
2019-07-04 01:30:00,855.0625,-15.0915176356215,0.0178711568619888,0.0178743320440246
2019-07-04 05:00:00,855.208333333332,-15.5004778646018,-0.048157719617905,-0.0481545673299343
2019-07-04 05:30:00,855.229166666668,-15.4217670623529,-0.0357444842619272,-0.0357413352460985
2019-07-04 06:00:00,855.25,-15.0580087385965,0.0220771342286052,0.0220802799719025
2019-07-04 06:30:00,855.270833333332,-14.9570164623529,0.038040042850487,0.0380431853208637
2019-07-04 07:00:00,855.291666666668,-15.6592455964912,-0.0739506839013536,-0.0739475447042852
2019-07-04 07:30:00,855.3125,-15.7366423527059,-0.0864050570289689,-0.0864019211055966
2019-07-04 08:00:00,855.333333333332,-16.0870263789474,-0.14234638802782,-0.142343255378532
2019-07-04 08:30:00,855.354166666668,-15.9896988129412,-0.126966833101323,-0.126963703726505
2019-07-04 09:00:00,855.375,-15.915877095614,-0.115331667310844,-0.115328541210884
2019-07-04 09:30:00,855.395833333332,-15.9041529385882,-0.113588577879984,-0.113585455055267
2019-07-04 10:00:00,855.416666666668,-15.7034473850877,-0.0817405075542564,-0.0817373880051683
2019-07-04 10:30:00,855.4375,-15.6364905705189,-0.0711985975148314,-0.0711954812417573
2019-07-04 11:00:00,855.458333333332,-15.1830964789474,0.000903156323884491,0.000906269320559261
2019-07-04 11:30:00,855.479166666668,-15.0143270428235,0.0276641085893472,0.0276672183092384
2019-07-04 12:00:00,855.5,-14.6471754447368,0.0860275904735986,0.0860306969163233
2019-07-04 12:30:00,855.520833333332,-14.5449460117371,0.10218889161051,0.102191994775684
2019-07-04 13:00:00,855.541666666668,-14.5716579017544,0.0978098573312737,0.097812957218513
2019-07-04 13:30:00,855.5625,-15.2428447112941,-0.00923438267816079,-0.00923128606923684
2019-07-04 14:00:00,855.583333333332,-15.8898420403509,-0.112425111645309,-0.112422018315084
2019-07-04 14:30:00,855.604166666668,-16.0990564694118,-0.145876602266991,-0.145873512215847
2019-07-04 15:00:00,855.625,-17.6282019413462,-0.389593941710438,-0.389590854938754
2019-07-04 15:30:00,855.645833333332,-17.5947371539906,-0.384386240625741,-0.3843831571339
2019-07-04 16:00:00,855.666666666668,-18.204499927193,-0.481645040017752,-0.481641959806134
2019-07-04 16:30:00,855.6875,-17.9691196838028,-0.444271843322632,-0.444268766391616
2019-07-04 17:00:00,855.708333333332,-17.8242018368421,-0.421309261414189,-0.421306187764157
2019-07-04 17:30:00,855.729166666668,-17.5471501751174,-0.377297558763577,-0.377294488394906
2019-07-04 18:30:00,855.770833333332,-13.4731935370968,0.271441323819817,0.27144438762463
2019-07-04 19:00:00,855.791666666668,-13.2436666603865,0.307882623227741,0.307885683750057
2019-07-04 19:30:00,855.8125,-13.7272337774194,0.23072764953537,0.230730706774814
2019-07-04 20:00:00,855.833333333332,-13.6230435690073,0.247202947509405,0.247206001465598
2019-07-04 20:30:00,855.854166666668,-13.7350322153226,0.229240909161347,0.229243959833912
2019-07-04 21:00:00,855.875,-13.6050217364734,0.249829614123294,0.249832661511856
2019-07-04 21:30:00,855.895833333332,-13.0848468072581,0.332571904596248,0.332574948700431
2019-07-04 22:00:00,855.916666666668,-13.0271138108959,0.341646974465987,0.341650015285416
2019-07-04 22:30:00,855.9375,-13.4834354483871,0.268832883595749,0.268835921130051
2019-07-04 23:00:00,855.958333333332,-13.450478268599,0.27396136776098,0.273964402009778
2019-07-04 23:30:00,855.979166666668,-13.4416854185484,0.275240566744679,0.2752435977076
2019-07-05,856,-13.4116129858757,0.279909728276122,0.279912755952793
2019-07-05 00:30:00,856.020833333332,-14.2525645145161,0.145824260170883,0.145827284560931
2019-07-05 01:00:00,856.041666666668,-14.1661855592771,0.159463310689856,0.159466331792907
2019-07-05 01:30:00,856.0625,-14.8339918806452,0.0529602175712668,0.052963235386951
2019-07-05 02:00:00,856.083333333332,-14.8781421773494,0.0458060847454246,0.0458090992733688
2019-07-05 02:30:00,856.104166666668,-15.2521048217742,-0.0138872808532696,-0.0138842696134368
2019-07-05 03:00:00,856.125,-15.2212144763855,-0.00908716593921699,-0.00908415798786522
2019-07-05 06:30:00,856.270833333332,-14.9916336234234,0.0266431328602612,0.026646117781894
2019-07-05 07:00:00,856.291666666668,-14.9458487834146,0.0338168313470047,0.0338198129772044
2019-07-05 07:30:00,856.3125,-15.0106347353293,0.0233766337263714,0.0233796120647723
2019-07-05 08:00:00,856.333333333332,-15.0224926912195,0.0213680137720498,0.0213709888182845
2019-07-05 08:30:00,856.354166666668,-15.0993102810241,0.00901138780613286,0.00901435955983509
2019-07-05 09:00:00,856.375,-15.1421317034146,0.0020704857106435,0.00207345417144889
2019-07-05 09:30:00,856.395833333332,-14.9978951922156,0.0249281562324294,0.0249311213999711
2019-07-05 10:00:00,856.416666666668,-14.942000024878,0.0337130976851184,0.033716059559033
2019-07-05 10:30:00,856.4375,-14.7477245601796,0.0645422295487985,0.0645451881287221
2019-07-05 11:00:00,856.458333333332,-14.6481617769608,0.0802836737383271,0.0802866290238943
2019-07-05 11:30:00,856.479166666668,-14.4144341338323,0.117397786170951,0.1174007381618
2019-07-05 12:00:00,856.5,-14.4238390590244,0.115780816923477,0.115783765619244
2019-07-05 12:30:00,856.520833333332,-15.8101287434132,-0.10517476818872,-0.105171822788398
2019-07-05 13:00:00,856.541666666668,-15.963626234466,-0.129745565704746,-0.129742623600231
2019-07-05 13:30:00,856.5625,-16.3600928437126,-0.193021407133253,-0.193018468324904
2019-07-05 14:00:00,856.583333333332,-16.3445784705882,-0.19066827340371,-0.190665337891891
2019-07-05 14:30:00,856.604166666668,-15.994006001497,-0.134940035275206,-0.134937103060278
2019-07-05 15:00:00,856.625,-15.4476844815534,-0.0480287231712337,-0.0480257942535552
2019-07-05 15:30:00,856.645833333332,-15.9367455152695,-0.126054481457241,-0.126051555837174
2019-07-05 16:00:00,856.666666666668,-15.638121361165,-0.0786013161136858,-0.0785983937915882
2019-07-05 16:30:00,856.6875,-15.2785838251497,-0.0214444951669238,-0.0214415761431542
2019-07-05 17:00:00,856.708333333332,-15.3579757475728,-0.0342093402633502,-0.0342064245382688
2019-07-05 18:00:00,856.75,-15.3410115947674,-0.0317419177270338,-0.0317390086004001
2019-07-05 18:30:00,856.770833333332,-15.2528402304124,-0.0178134803551981,-0.017810574528326
2019-07-05 19:00:00,856.791666666668,-15.7092877953488,-0.0906431172002237,-0.0906402146734687
2019-07-05 19:30:00,856.8125,-15.4174020458763,-0.0442626118660131,-0.0442597126397309
2019-07-05 20:00:00,856.833333333332,-14.8172558450581,0.0512241140949737,0.0512270100204253
2019-07-05 20:30:00,856.854166666668,-14.4112628865979,0.115782200259703,0.11578509288397
2019-07-05 21:00:00,856.875,-14.5493982688953,0.0936603633716296,0.0936632526943567
2019-07-05 21:30:00,856.895833333332,-14.3422319505155,0.126545444643911,0.126548330664742
2019-07-05 22:00:00,856.916666666668,-15.0666297268222,0.0110318104260347,0.011034693144617
2019-07-05 22:30:00,856.9375,-14.8195128220513,0.0502812696757015,0.050284149091681
2019-07-05 23:00:00,856.958333333332,-14.3852412686047,0.119344708732865,0.119347584845888
2019-07-05 23:30:00,856.979166666668,-14.3838461497436,0.119450732967065,0.119453605776779
2019-07-06,857,-14.3628895180233,0.122673030738899,0.122675900244952
2019-07-06 00:30:00,857.020833333332,-14.3902563876923,0.118197470781977,0.118200336984015
2019-07-06 01:00:00,857.041666666668,-14.5599215244186,0.0910538057847055,0.0910566686823794
2019-07-06 01:30:00,857.0625,-14.5520256528205,0.0921958469056551,0.0921987064986131
2019-07-06 02:00:00,857.083333333332,-14.111299431686,0.162288182633327,0.162291038921218
2019-07-06 02:30:00,857.104166666668,-14.0540974492308,0.171284943702733,0.171287796685207
2019-07-06 03:00:00,857.125,-13.3357006104651,0.285610628529713,0.285613478206419
2019-07-06 03:30:00,857.145833333332,-13.2794922882051,0.294449320133385,0.294452166503975
2019-07-06 04:00:00,857.166666666668,-12.8436889438953,0.363757880691733,0.363760723755857
2019-07-06 04:30:00,857.1875,-12.7500871738462,0.378553596622573,0.378556436379884
2019-07-06 08:00:00,857.333333333332,-12.4315565877551,0.428493056783835,0.428495873383728
2019-07-06 09:00:00,857.375,-12.2535231946197,0.456625560665449,0.456628370645825
2019-07-06 10:00:00,857.416666666668,-12.2304452612245,0.460073992439531,0.460076795799013
2019-07-06 11:00:00,857.458333333332,-11.7674590918216,0.533600564052483,0.533603360789699
2019-07-06 12:00:00,857.5,-11.6406011181818,0.553582117474596,0.553584907588178
2019-07-06 13:00:00,857.541666666668,-11.7917254432282,0.529281335778391,0.529284119266969
2019-07-06 14:00:00,857.583333333332,-11.8525962892593,0.519358441613693,0.519361218475908
2019-07-06 15:00:00,857.625,-11.8601505581784,0.517929360227623,0.517932130462116
2019-07-06 16:00:00,857.666666666668,-11.915577772963,0.508874528414298,0.508877292019711
2019-07-06 17:30:00,857.729166666668,-12.2435921886406,0.456284575124453,0.456287328783715
2019-07-06 18:30:00,857.770833333332,-12.171827136803,0.467492672931158,0.467495419957969
2019-07-06 19:30:00,857.8125,-14.6478791946097,0.0728321289328993,0.0728348693259159
2019-07-06 20:30:00,857.854166666668,-13.7127379211896,0.221577564857286,0.221580298615168
2019-07-06 21:30:00,857.895833333332,-14.0914628143123,0.161023626238441,0.161026353359853
2019-07-06 22:30:00,857.9375,-13.718059486803,0.220284695452482,0.220287415936091
2019-07-06 23:30:00,857.979166666668,-13.5940630679035,0.23981551081587,0.239818224660347
2019-07-07 00:30:00,858.020833333332,-13.7038330298701,0.222107619688862,0.222110326892881
2019-07-07 01:30:00,858.0625,-13.7049276330241,0.22171223602884,0.22171493659108
2019-07-07 02:30:00,858.104166666668,-13.6754378541744,0.226189411538692,0.226192105457834
2019-07-07 03:30:00,858.145833333332,-13.7129647441558,0.21999122918661,0.219993916461339
2019-07-07 04:30:00,858.1875,-13.8126877314126,0.203885609579059,0.203888290208064
2019-07-07 05:30:00,858.229166666668,-13.8579294840445,0.196459335179446,0.196462009161418
2019-07-07 09:30:00,858.395833333332,-15.0314359886827,0.00864644512483326,0.0086490925056657
2019-07-07 10:30:00,858.4375,-15.2193209786642,-0.0215007692418453,-0.0214981285145313
2019-07-07 11:30:00,858.479166666668,-15.4551784237918,-0.059289583724898,-0.0592869496523909
2019-07-07 12:30:00,858.520833333332,-15.4761317274583,-0.0628435685189191,-0.0628409411025017
2019-07-07 13:30:00,858.5625,-15.7836567842301,-0.112048191878433,-0.112045571119384
2019-07-07 14:30:00,858.604166666668,-16.5170827786207,-0.229098692352215,-0.229096078251812
2019-07-07 15:30:00,858.645833333332,-16.2968703712963,-0.194233467238267,-0.194230859797782
2019-07-07 17:00:00,858.708333333332,-16.211046396846,-0.180882962059234,-0.180880364611006
2019-07-07 18:00:00,858.75,-16.4339513125468,-0.216605525897187,-0.216602935112043
2019-07-07 19:00:00,858.791666666668,-16.8300485373134,-0.27991730123756,-0.279914717116761
2019-07-07 20:00:00,858.833333333332,-15.838332706729,-0.12214901790581,-0.122146440450614
2019-07-07 21:00:00,858.875,-16.1109826138996,-0.165794652814284,-0.165792082025943
2019-07-07 22:00:00,858.916666666668,-15.537106338806,-0.0745876145257356,-0.0745850504055
2019-07-07 23:00:00,858.958333333332,-15.3199999863806,-0.0402138323374709,-0.0402112748865866
2019-07-08,859,-15.1067574664179,-0.00645511378037988,-0.00645256300008989
2019-07-08 01:00:00,859.041666666668,-16.4054533287313,-0.213548812220193,-0.213546268111737
2019-07-08 02:00:00,859.083333333332,-17.0022332076493,-0.308826345049944,-0.308823807614557
2019-07-08 03:00:00,859.125,-16.4706287291045,-0.224350995413498,-0.224348464652414
2019-07-08 04:00:00,859.166666666668,-15.7666074635514,-0.112409080322966,-0.11240655623741
2019-07-08 05:00:00,859.208333333332,-16.6318353299603,-0.250449225178955,-0.250446707770155
2019-07-08 06:00:00,859.25,-16.3898246406716,-0.212105028579305,-0.212102517848482
2019-07-08 07:00:00,859.291666666668,-18.2470466748134,-0.508169656566153,-0.508167152514525
2019-07-08 11:00:00,859.458333333332,-16.7660409091078,-0.273071216699253,-0.273068739376515
2019-07-08 12:00:00,859.5,-16.8433247178108,-0.285588169846914,-0.285585699209409
2019-07-08 13:00:00,859.541666666668,-17.0802690155844,-0.323538703969576,-0.3235362400185
2019-07-08 14:00:00,859.583333333332,-16.2654925836431,-0.19394892514161,-0.193946467878156
2019-07-08 15:00:00,859.625,-17.6191929059369,-0.409798593644088,-0.409796143069448
2019-07-08 16:30:00,859.6875,-17.3845632193309,-0.372727434030933,-0.372724993491734
2019-07-08 17:30:00,859.729166666668,-17.36078626171,-0.369142863924775,-0.369140430077348
2019-07-08 18:30:00,859.770833333332,-16.512150548513,-0.234157254996289,-0.234154827841811
2019-07-08 19:30:00,859.8125,-14.8279423684015,0.0339360947307386,0.0339385151910928
2019-07-08 20:30:00,859.854166666668,-15.4741338433086,-0.0692044361065767,-0.0692020223415156
2019-07-08 21:30:00,859.895833333332,-15.5308181662338,-0.0784356064482853,-0.0784331993796841
2019-07-08 22:30:00,859.9375,-13.9679703285714,0.170326303748208,0.170328704119184
2019-07-08 23:30:00,859.979166666668,-13.6800946220779,0.215984692460708,0.215987086132901
2019-07-09 00:30:00,860.020833333332,-13.7725250554731,0.201060491542231,0.201062878514485
2019-07-09 01:30:00,860.0625,-15.0215021836957,0.00189802598246802,0.00190040625362931
2019-07-09 02:30:00,860.104166666668,-15.5294489762523,-0.0792173271268025,-0.0792149535578827
2019-07-09 03:30:00,860.145833333332,-14.9804100246753,0.00804635467099524,0.00804872153652814
2019-07-09 04:30:00,860.1875,-15.1912207766234,-0.0257341136673475,-0.0257317535063446
2019-07-09 05:30:00,860.229166666668,-15.0422616141002,-0.0022025267994521,-0.00220017334411693
2019-07-09 06:30:00,860.270833333332,-14.8274155756957,0.0318253373162323,0.0318276840647643
2019-07-09 07:30:00,860.3125,-14.8753265575139,0.0239962712784563,0.0239986113190537
2019-07-09 08:30:00,860.354166666668,-14.4544044487941,0.0908531026355983,0.0908554359671336
2019-07-09 12:30:00,860.520833333332,-14.9963599356215,0.00373827325678344,0.00374057974086006
2019-07-09 13:30:00,860.5625,-14.9238422987013,0.0150962799790213,0.0150985797484486
2019-07-09 14:30:00,860.604166666668,-15.6820408072356,-0.105878937270804,-0.105876644217132
2019-07-09 16:00:00,860.666666666668,-17.0269590048417,-0.32041499973816,-0.320412716760189
2019-07-09 17:00:00,860.708333333332,-17.7618829386617,-0.437681431072838,-0.437679154813375
2019-07-09 18:00:00,860.75,-17.438184390689,-0.386308092568056,-0.386305823028195
2019-07-09 19:00:00,860.791666666668,-15.3426300925651,-0.0526764147905614,-0.0526741519713918
2019-07-09 20:00:00,860.833333333332,-16.068142855102,-0.168442283563592,-0.168440027466202
2019-07-09 21:00:00,860.875,-14.662740293692,0.0552486338263447,0.055250883200871
2019-07-09 22:00:00,860.916666666668,-14.7370483243494,0.0432210488582614,0.0432232915088451
2019-07-09 23:00:00,860.958333333332,-14.2189554478664,0.125563804209877,0.12556604013544
2019-07-10,861,-13.2802727341373,0.274907273765994,0.274909502965464
2019-07-10 01:00:00,861.041666666668,-14.3341205879406,0.106839652696961,0.106841875169269
2019-07-10 02:00:00,861.083333333332,-14.6238404456401,0.0604986202289957,0.0605008359730751
2019-07-10 03:00:00,861.125,-14.7405074115242,0.0417254899559897,0.0417276989707775
2019-07-10 04:00:00,861.166666666668,-15.1602263332096,-0.0253235804813887,-0.0253213781969499
2019-07-10 05:00:00,861.208333333332,-15.7610630864564,-0.12122439785994,-0.121222202306906
2019-07-10 06:00:00,861.25,-15.9607881133829,-0.153227377444828,-0.153225188624252
2019-07-10 07:00:00,861.291666666668,-15.8647634839851,-0.138116772183756,-0.138114590096685
2019-07-10 08:00:00,861.333333333332,-15.7873710571429,-0.125973836761973,-0.125971661409451
2019-07-10 09:00:00,861.375,-15.3206419371058,-0.0518088344516524,-0.0518066658347227
2019-07-10 10:00:00,861.416666666668,-14.6892541465677,0.0485868652693818,0.0485890271496832
2019-07-10 14:00:00,861.583333333332,-14.2064989210753,0.124755348855916,0.124757483779398
2019-07-10 15:30:00,861.645833333332,-15.6517509163569,-0.10574799264941,-0.105745867838954
2019-07-10 16:30:00,861.6875,-15.9999758254647,-0.161402345763015,-0.161400227695847
2019-07-10 17:30:00,861.729166666668,-14.0378435711359,0.150985302506203,0.150987413829074
2019-07-10 18:30:00,861.770833333332,-14.0026542700744,0.156410015633553,0.156412120211118
2019-07-10 19:30:00,861.8125,-14.7397825169145,0.0388044458960415,0.038806543727298
2019-07-10 20:30:00,861.854166666668,-13.8067959207792,0.187249818645156,0.187251909729104
2019-07-11 00:30:00,862.020833333332,-13.0755613475836,0.30302032075165,0.303022384836428
2019-07-11 01:30:00,862.0625,-13.1844211562152,0.285501090665207,0.285503147997727
2019-07-11 02:30:00,862.104166666668,-13.4184266920223,0.248046511875389,0.248048562454673
2019-07-11 03:30:00,862.145833333332,-13.4726951771375,0.239224628860376,0.239226672685447
2019-07-11 04:30:00,862.1875,-13.2271024212291,0.278171311072871,0.278173348142758
2019-07-11 05:30:00,862.229166666668,-13.2074535360595,0.281125428552777,0.281127458866511
2019-07-11 06:30:00,862.270833333332,-13.2115536951852,0.280296761733672,0.280298785290288
2019-07-11 07:30:00,862.3125,-13.3080964717647,0.264742375412076,0.264744392210613
2019-07-11 08:30:00,862.354166666668,-13.2526549183673,0.273399657073953,0.273401667113454
2019-07-11 09:30:00,862.395833333332,-13.2340743579256,0.276185411914469,0.27618741519398
2019-07-11 10:30:00,862.4375,-13.1312666761111,0.292389063166451,0.29239105968502
2019-07-11 11:30:00,862.479166666668,-12.7798237265306,0.348200946127467,0.348202935884149
2019-07-11 12:30:00,862.520833333332,-12.8319833275926,0.339719110316697,0.339721093310547
2019-07-11 13:30:00,862.5625,-12.6992615756957,0.360689462204217,0.360691438434295
2019-07-11 15:00:00,862.625,-12.6249048399254,0.372276921590705,0.372278887673371
2019-07-11 16:00:00,862.666666666668,-11.716828672067,0.516762926538307,0.516764885854867
2019-07-11 17:00:00,862.708333333332,-11.8276816385768,0.49893324860339,0.498935201152916
2019-07-11 18:00:00,862.75,-12.6589776173507,0.366336940426479,0.366338886208047
2019-07-11 19:00:00,862.791666666668,-13.0792825446097,0.299212256991564,0.299214196004254
2019-07-11 20:00:00,862.833333333332,-12.9805185752788,0.314776076339912,0.314778008582808
2019-07-11 21:00:00,862.875,-13.2252245057514,0.275625351912009,0.275627277384197
2019-07-11 22:00:00,862.916666666668,-13.2738063400372,0.267717792956208,0.267719711656779
2019-07-12 02:00:00,863.083333333332,-12.5135277875926,0.388161527209438,0.388163418814512
2019-07-12 03:00:00,863.125,-12.3015417285714,0.421764905137245,0.421766789966205
2019-07-12 04:00:00,863.166666666668,-12.3475735564246,0.414266306614621,0.41426818466658
2019-07-12 05:00:00,863.208333333332,-12.542068658256,0.383117859849959,0.383119731124032
2019-07-12 06:00:00,863.25,-13.1287291115028,0.289497649839689,0.289499514334994
2019-07-12 07:00:00,863.291666666668,-13.0572337688312,0.300722586010981,0.300724443726641
2019-07-12 08:00:00,863.333333333332,-12.9466598314126,0.318173227901299,0.31817507883644
2019-07-12 09:00:00,863.375,-13.008823416171,0.308107116802222,0.308108960955973
2019-07-12 10:00:00,863.416666666668,-13.0122830445065,0.307393045729421,0.307394883100915
2019-07-12 11:00:00,863.458333333332,-12.9687211769517,0.314169990455172,0.314171821043546
2019-07-12 12:00:00,863.5,-12.7745186237918,0.344944562031858,0.344946385836251
2019-07-12 13:00:00,863.541666666668,-12.5402174570632,0.382107329472433,0.38210914649199
2019-07-12 14:30:00,863.604166666668,-12.459208564432,0.394770599235423,0.394772406076127
2019-07-12 15:30:00,863.645833333332,-12.4544293546468,0.395371500446159,0.395373300499901
2019-07-12 16:30:00,863.6875,-12.723236045539,0.352390430527427,0.352392223793363
2019-07-12 17:30:00,863.729166666668,-13.1903661763941,0.277816753336546,0.277818539813836
2019-07-12 18:30:00,863.770833333332,-13.7639665453532,0.186282749650852,0.186284529338659
2019-07-12 19:30:00,863.8125,-13.576695719666,0.215956529601833,0.215958302499323
2019-07-12 20:30:00,863.854166666668,-15.2064582588126,-0.0438239452566848,-0.0438221791503396
2019-07-12 21:30:00,863.895833333332,-14.8501914596654,0.0127719314799928,0.0127736907943664
2019-07-12 22:30:00,863.9375,-15.1392393402597,-0.033430822571156,-0.0334290700495773
2019-07-12 23:30:00,863.979166666668,-15.5110018728625,-0.0928096208707565,-0.0928078751427907
2019-07-13 03:30:00,864.145833333332,-15.6357940599258,-0.113311559349742,-0.113309840804348
2019-07-13 04:30:00,864.1875,-15.6633122479554,-0.117849691729837,-0.117847979982098
2019-07-13 05:30:00,864.229166666668,-16.2963005730983,-0.218839190224447,-0.21883748527516
2019-07-13 06:30:00,864.270833333332,-16.9628264869403,-0.325170791082194,-0.325169092932153
2019-07-13 07:30:00,864.3125,-16.794695183829,-0.298540441261278,-0.298538749911273
2019-07-13 08:30:00,864.354166666668,-16.7440892072491,-0.29063150030168,-0.290629815752499
2019-07-13 09:30:00,864.395833333332,-16.7970185565863,-0.29921535102986,-0.299213673282286
2019-07-13 10:30:00,864.4375,-16.5899276519481,-0.266377329689676,-0.266375658744488
2019-07-13 11:30:00,864.479166666668,-16.5545351833333,-0.26089053203164,-0.260888867889615
2019-07-13 12:30:00,864.520833333332,-16.8429925644981,-0.306992786918839,-0.306991129580749
2019-07-13 14:00:00,864.583333333332,-17.4314041074488,-0.400952485517189,-0.400950838386443
2019-07-13 15:00:00,864.625,-17.4838736087361,-0.409460552283089,-0.409458911958196
2019-07-13 16:00:00,864.666666666668,-17.9270726519553,-0.480211654077638,-0.480210020559356
2019-07-13 17:00:00,864.708333333332,-18.1448342746741,-0.515049953388394,-0.51504832667748
2019-07-13 18:00:00,864.75,-17.5822537832707,-0.425578735903475,-0.425577116000683
2019-07-13 19:00:00,864.791666666668,-16.8309423784387,-0.306042088589998,-0.306040475496076
2019-07-13 20:00:00,864.833333333332,-16.3463308635688,-0.228990463808778,-0.228988857524473
2019-07-13 21:00:00,864.875,-15.8607862509294,-0.151789735284845,-0.151788135810898
2019-07-13 22:00:00,864.916666666668,-14.5785661054004,0.0523224356190723,0.0523240282819215
2019-07-13 23:00:00,864.958333333332,-14.9891899536313,-0.0132361906584991,-0.0132346048074827
2019-07-14,865,-15.3476067077922,-0.0704777287164892,-0.0704761496780377
2019-07-14 01:00:00,865.041666666668,-15.3127267977695,-0.0650663662144033,-0.0650647939892438
2019-07-14 05:00:00,865.208333333332,-15.1149554026022,-0.0341367595015728,-0.0341352145367928
2019-07-14 06:00:00,865.25,-15.0185807148423,-0.0189269293455653,-0.018925391197665
2019-07-14 07:00:00,865.291666666668,-14.7642300654917,0.0214490457269395,0.0214505770572542
2019-07-14 08:00:00,865.333333333332,-14.9639183788497,-0.0105032490053865,-0.0105017244933607
2019-07-14 09:00:00,865.375,-15.2247695031599,-0.0521983617409507,-0.052196844047914
2019-07-14 10:00:00,865.416666666668,-15.0757977907236,-0.0286079421567462,-0.0286064312833938
2019-07-14 11:00:00,865.458333333332,-14.3699499141002,0.0836937099668641,0.0836952140198397
2019-07-14 12:00:00,865.5,-14.3103166937037,0.0930533672663901,0.0930548644982996
2019-07-14 13:30:00,865.5625,-15.7939237895911,-0.143495373443469,-0.143493886444442
2019-07-14 14:30:00,865.604166666668,-16.525662964432,-0.260200749651803,-0.260199269475548
2019-07-14 15:30:00,865.645833333332,-16.3057765519187,-0.225311027795361,-0.225309554442554
2019-07-14 16:30:00,865.6875,-17.1165817472119,-0.354610753580599,-0.354609287051914
2019-07-14 17:30:00,865.729166666668,-17.6325724741636,-0.436945861783504,-0.436944402079609
2019-07-14 18:30:00,865.770833333332,-17.7760927432282,-0.45994569770508,-0.459944244826641
2019-07-15 12:00:00,866.5,-21.2796154102564,-1.02038117966678,-1.02037984633782
2019-07-15 12:30:00,866.520833333332,-21.886681361523,-1.11715147344174,-1.11715014353127
2019-07-15 13:30:00,866.5625,-22.4575265078947,-1.2082156734303,-1.20821435035725
2019-07-15 14:00:00,866.583333333332,-21.8660986040241,-1.11406469200281,-1.1140633723487
2019-07-15 15:00:00,866.625,-22.33580882334,-1.18901733052405,-1.18901601770825
2019-07-15 15:30:00,866.645833333332,-21.6242050230769,-1.07572189522772,-1.0757205858313
2019-07-15 16:00:00,866.666666666668,-21.4672601790816,-1.05078391211655,-1.05078260613966
2019-07-15 20:00:00,866.833333333332,-18.9168406478261,-0.64500362587042,-0.645002347254959
2019-07-15 20:30:00,866.854166666668,-18.1223248128205,-0.518499084681312,-0.518497809486677
2019-07-15 21:00:00,866.875,-19.1863382294118,-0.688059465404378,-0.688058193630712
2019-07-15 21:30:00,866.895833333332,-18.9719914349036,-0.653976034964319,-0.653974766611763
2019-07-15 22:00:00,866.916666666668,-18.9857245971014,-0.656225788605266,-0.656224523673961
2019-07-15 22:30:00,866.9375,-18.6792787044681,-0.607470673988753,-0.607469412478841
2019-07-15 23:00:00,866.958333333332,-18.4328405927536,-0.568274725728001,-0.568273467639623
2019-07-15 23:30:00,866.979166666668,-18.3470404857143,-0.554668410371088,-0.554667155704383
2019-07-16,867,-17.7120434855072,-0.453574521426947,-0.453573270182055
2019-07-16 00:30:00,867.020833333332,-17.4381468087234,-0.410004056000245,-0.410002808177305
2019-07-16 01:00:00,867.041666666668,-17.6187245985507,-0.438831581819244,-0.438830337418395
2019-07-16 01:30:00,867.0625,-18.1702090008529,-0.526744679993544,-0.526743439014924
2019-07-16 02:00:00,867.083333333332,-18.6834927811594,-0.608572275711081,-0.608571038154829
2019-07-16 02:30:00,867.104166666668,-18.6947091399151,-0.610420056309984,-0.610418822176236
2019-07-16 03:00:00,867.125,-19.3326811681159,-0.712110346848924,-0.712109116137818
2019-07-16 03:30:00,867.145833333332,-19.1183439876858,-0.67802705528465,-0.678025827996321
2019-07-16 04:00:00,867.166666666668,-19.2053477231884,-0.691947470864932,-0.691946246999517
2019-07-16 04:30:00,867.1875,-18.8826008447983,-0.640594204726035,-0.64059298428367
2019-07-16 05:00:00,867.208333333332,-19.1415652724638,-0.681907849218859,-0.681906632199679
2019-07-16 05:30:00,867.229166666668,-18.9713184660297,-0.654847721271265,-0.654846507675405
2019-07-16 06:00:00,867.25,-19.2461594304348,-0.698690277147077,-0.698689066974671
2019-07-16 06:30:00,867.270833333332,-19.1793673121019,-0.688110322663344,-0.688109115914525
2019-07-16 07:00:00,867.291666666668,-19.0802463072464,-0.672380237302074,-0.672379033976976
2019-07-16 07:30:00,867.3125,-18.9963909965812,-0.659081871774799,-0.659080671873555
2019-07-16 08:00:00,867.333333333332,-19.046521842029,-0.667127480497248,-0.667126284019991
2019-07-16 08:30:00,867.354166666668,-18.9331252808917,-0.649122940317119,-0.64912174726398
2019-07-16 09:00:00,867.375,-19.1340287811594,-0.681186508338959,-0.68118531871007
2019-07-16 09:30:00,867.395833333332,-18.768142852452,-0.622959999100217,-0.622958812895709
2019-07-16 10:00:00,867.416666666668,-18.2176666521739,-0.535328011492032,-0.535326828712037
2019-07-16 10:30:00,867.4375,-18.0197006535032,-0.503851034702666,-0.503849855347313
2019-07-16 11:00:00,867.458333333332,-17.3673912202899,-0.39999670789832,-0.399995531967739
2019-07-16 11:30:00,867.479166666668,-17.1238810993631,-0.361264287453739,-0.361263114948059
2019-07-16 12:00:00,867.5,-16.7383766695652,-0.299911955907048,-0.299910786826399
2019-07-16 12:30:00,867.520833333332,-16.6629830205945,-0.287960377119522,-0.28795921146403
2019-07-16 13:30:00,867.5625,-17.8025315164557,-0.469608284850229,-0.46960712604544
2019-07-16 14:00:00,867.583333333332,-17.4470769032967,-0.413042445580668,-0.413041290201419
2019-07-16 18:30:00,867.770833333332,-15.4085189759494,-0.0888184897024845,-0.0888173651587574
2019-07-16 21:30:00,867.895833333332,-14.9270716899642,-0.0124648775328454,-0.0124637735516726
2019-07-16 22:00:00,867.916666666668,-14.8092922707692,0.00624099462891259,0.00624209518257024
2019-07-16 22:30:00,867.9375,-14.8388411407942,0.00147748141849757,0.0014785785445206
2019-07-16 23:00:00,867.958333333332,-14.8266077011538,0.00337003638632549,0.00337113008459489
2019-07-16 23:30:00,867.979166666668,-14.726745509319,0.019222030596896,0.0192231208672933
2019-07-17,868,-14.8366633145729,0.00165603776467393,0.00165712460708045
2019-07-17 00:30:00,868.020833333332,-14.7391935311828,0.0171271524171334,0.0171282358314316
2019-07-17 01:00:00,868.041666666668,-14.7045961634615,0.0225827627432754,0.0225838427293484
2019-07-17 01:30:00,868.0625,-14.738670253405,0.0170990772162388,0.0171001537739692
2019-07-17 02:00:00,868.083333333332,-14.718565375,0.0202462564974892,0.0202473296267609
2019-07-17 02:30:00,868.104166666668,-14.6026953433692,0.0386490095630899,0.0386500792637868
2019-07-17 03:00:00,868.125,-14.5421384926923,0.048240449822901,0.0482415160949073
2019-07-17 03:30:00,868.145833333332,-14.6074515910394,0.0377808337096992,0.0377818965529002
2019-07-17 04:00:00,868.166666666668,-14.5757471279693,0.0427763009219881,0.0427773603362692
2019-07-17 04:30:00,868.1875,-14.5494050043011,0.0469176601044273,0.046918716089674
2019-07-17 05:00:00,868.208333333332,-14.464455943295,0.0603952627619312,0.06039631531803
2019-07-17 05:30:00,868.229166666668,-14.4214337010753,0.0671940097082604,0.067195058835098
2019-07-17 06:00:00,868.25,-14.3355939072797,0.0808137397085311,0.0808147854059944
2019-07-17 06:30:00,868.270833333332,-14.2373297763441,0.0964127919907284,0.0964138342587052
2019-07-17 07:00:00,868.291666666668,-14.2419961532567,0.0956150573212152,0.0956160961595937
2019-07-17 07:30:00,868.3125,-14.1248279874552,0.114225768881424,0.114226804290093
2019-07-17 08:00:00,868.333333333332,-14.0303524590038,0.129221643613172,0.129222675592019
2019-07-17 08:30:00,868.354166666668,-14.3865376415771,0.0724270615557739,0.0724280901046896
2019-07-17 09:00:00,868.375,-14.2972299049808,0.0865999364085331,0.0866009615274069
2019-07-17 09:30:00,868.395833333332,-14.3166989422939,0.0834447099829231,0.0834457316716453
2019-07-17 10:00:00,868.416666666668,-14.2481915490421,0.094304308360846,0.0943053266193075
2019-07-17 10:30:00,868.4375,-14.1502437358423,0.109853903227373,0.109854918055465
2019-07-17 11:00:00,868.458333333332,-14.0952567130268,0.11855993004463,0.118560941442243
2019-07-17 11:30:00,868.479166666668,-13.5563333573477,0.204357477080011,0.204358485047039
2019-07-17 12:00:00,868.5,-13.4510804628352,0.221071126318258,0.221072130854591
2019-07-17 13:00:00,868.541666666668,-13.1673321937716,0.266166353950953,0.26616735162558
2019-07-17 13:30:00,868.5625,-13.0009236795181,0.292622486876179,0.292623481119792
2019-07-17 14:00:00,868.583333333332,-13.5994429211073,0.197225198269009,0.197226189081503
2019-07-17 14:30:00,868.604166666668,-13.4264337293173,0.224733057049734,0.224734044431004
2019-07-17 15:00:00,868.625,-14.3910588228374,0.0710150778267503,0.071016061776691
2019-07-17 15:30:00,868.645833333332,-14.5654096228916,0.0431884749129781,0.0431894554314854
2019-07-17 16:00:00,868.666666666668,-13.3930692197232,0.229890859661734,0.229891836748704
2019-07-17 16:30:00,868.6875,-13.6599759024096,0.187320271763938,0.187321245419267
2019-07-17 17:00:00,868.708333333332,-13.5262733228374,0.208567142264706,0.208568112488292
2019-07-17 17:30:00,868.729166666668,-13.7887148297189,0.166708093351088,0.166709060142827
2019-07-17 18:00:00,868.75,-13.4638823422145,0.218402328070162,0.218403291429952
2019-07-17 18:30:00,868.770833333332,-13.2345564447581,0.254882411404834,0.254883371332574
2019-07-17 19:00:00,868.791666666668,-13.579802767128,0.199832846191846,0.199833802687435
2019-07-17 19:30:00,868.8125,-13.3830883550201,0.231118129946652,0.231119083009988
2019-07-17 23:00:00,868.958333333332,-15.1308886593117,-0.047664678791538,-0.0476637497567524
2019-07-17 23:30:00,868.979166666668,-15.1066667422222,-0.0438566391329416,-0.0438557135311984
2019-07-18,869,-15.1203755403433,-0.0460908727806559,-0.0460899506120525
2019-07-18 00:30:00,869.020833333332,-14.9624722472222,-0.0209870609184332,-0.0209861421830649
2019-07-18 01:00:00,869.041666666668,-15.1767255023965,-0.0551679364019327,-0.0551670210998965
2019-07-18 02:00:00,869.083333333332,-15.2953805678138,-0.0741697805058262,-0.0741688720707387
2019-07-18 02:30:00,869.104166666668,-15.2491555288889,-0.0668559273236355,-0.0668550223221648
2019-07-18 03:00:00,869.125,-15.2768458387424,-0.0713167252516288,-0.0713158236838687
2019-07-18 03:30:00,869.145833333332,-15.2294221577778,-0.0638116939875232,-0.0638107958535672
2019-07-18 04:00:00,869.166666666668,-15.3414918933198,-0.0817139611651344,-0.081713066465076
2019-07-18 04:30:00,869.1875,-15.3533110577778,-0.0836461239386732,-0.0836452326726052
2019-07-18 05:00:00,869.208333333332,-15.1963421105263,-0.0586901031024112,-0.0586892152704255
2019-07-18 05:30:00,869.229166666668,-15.1389999869565,-0.0496045896704775,-0.0496037052726662
2019-07-18 06:00:00,869.25,-15.3456917371359,-0.0825797441996118,-0.0825788632360668
2019-07-18 06:30:00,869.270833333332,-15.257804373913,-0.0686281186385974,-0.0686272411094088
2019-07-18 07:00:00,869.291666666668,-15.4154340643002,-0.0937874183456148,-0.0937865442508737
2019-07-18 07:30:00,869.3125,-15.3818260478261,-0.0884822978609781,-0.0884814272007747
2019-07-18 08:00:00,869.333333333332,-15.553544534413,-0.115885719208745,-0.115884851983168
2019-07-18 08:30:00,869.354166666668,-15.5841303934783,-0.120806495296937,-0.120805631506077
2019-07-18 09:00:00,869.375,-15.8727914973684,-0.166838725462969,-0.166837865106914
2019-07-18 09:30:00,869.395833333332,-15.8240000065217,-0.159114399286977,-0.159113542365815
2019-07-18 10:00:00,869.416666666668,-15.9727064785425,-0.182851522871405,-0.182850669385224
2019-07-18 10:30:00,869.4375,-16.0421086630435,-0.193955299917086,-0.193954449865974
2019-07-18 11:00:00,869.458333333332,-16.4770546487854,-0.263290348851378,-0.263289502235421
2019-07-18 11:30:00,869.479166666668,-16.5028261543478,-0.267443493814674,-0.267442650633959
2019-07-18 12:30:00,869.520833333332,-16.9910019873016,-0.345305353625464,-0.345304517315491
2019-07-18 13:00:00,869.541666666668,-16.9780294735294,-0.343286197953288,-0.343285365078814
2019-07-18 13:30:00,869.5625,-18.3539226063492,-0.562514215382015,-0.562513385943125
2019-07-18 14:00:00,869.583333333332,-18.7572058029412,-0.626804658022905,-0.626803832019682
2019-07-18 14:30:00,869.604166666668,-18.8726170992063,-0.645236784311159,-0.645235961743689
2019-07-18 15:00:00,869.625,-19.4597648235294,-0.738816743777907,-0.738815924646272
2019-07-18 16:30:00,869.6875,-19.2460198359127,-0.704907035124254,-0.70490622630062
2019-07-18 17:00:00,869.708333333332,-19.2671175588235,-0.70831435712059,-0.70831355173312
2019-07-18 17:30:00,869.729166666668,-20.1038035577381,-0.841645357364054,-0.841644555412829
2019-07-18 18:00:00,869.75,-19.7265882411765,-0.781600893627702,-0.781600095112803
2019-07-18 18:30:00,869.770833333332,-19.1873095519841,-0.695739501857225,-0.695738706778732
2019-07-18 19:00:00,869.791666666668,-19.1762647617647,-0.694026030708131,-0.694025239066125
2019-07-18 19:30:00,869.8125,-18.0938293251984,-0.521639146993676,-0.521638358788236
2019-07-18 20:00:00,869.833333333332,-17.9065293764706,-0.491847869187491,-0.491847084418695
2019-07-18 20:30:00,869.854166666668,-18.3583472656746,-0.563868402700222,-0.563867621368149
2019-07-18 21:00:00,869.875,-18.1964999941176,-0.538131520580104,-0.538130742684832
2019-07-19 00:30:00,870.020833333332,-18.533680842115,-0.592159921664081,-0.592159167828563
2019-07-19 01:30:00,870.0625,-19.6946623252319,-0.777194120054866,-0.77719337309424
2019-07-19 02:30:00,870.104166666668,-19.2143469371058,-0.70076808577139,-0.70076734568595
2019-07-19 03:30:00,870.145833333332,-19.5386382328386,-0.752516002968747,-0.752515269758785
2019-07-19 04:30:00,870.1875,-19.2275992265306,-0.703054880751299,-0.703054154417101
2019-07-19 05:30:00,870.229166666668,-19.044835202963,-0.674027586621497,-0.674026867163347
2019-07-19 06:30:00,870.270833333332,-18.7385073840741,-0.625316023222343,-0.625315310640522
2019-07-19 07:30:00,870.3125,-19.3190018553704,-0.71787541596493,-0.717874710259713
2019-07-19 08:30:00,870.354166666668,-19.5143803560297,-0.749085090913356,-0.749084392085015
2019-07-19 09:30:00,870.395833333332,-19.3791870318519,-0.727633969427498,-0.727633277476305
2019-07-19 10:30:00,870.4375,-19.259561042037,-0.708662266879523,-0.708661581805742
2019-07-19 12:00:00,870.5,-17.886818145269,-0.490109668491356,-0.490108993734184
2019-07-19 13:00:00,870.541666666668,-17.5727030994434,-0.440154548770078,-0.440153880890967
2019-07-19 14:00:00,870.583333333332,-17.1256994168831,-0.369029705551253,-0.369029044550456
2019-07-19 15:00:00,870.625,-15.9110723831169,-0.175621445187769,-0.175620791065536
2019-07-19 16:00:00,870.666666666668,-15.7313284011132,-0.147070325723339,-0.147069678479916
2019-07-19 17:00:00,870.708333333332,-15.6215825612245,-0.129669491490333,-0.129668851125963
2019-07-19 18:00:00,870.75,-15.1626241167053,-0.0566383709171432,-0.0566377374320641
2019-07-19 19:00:00,870.791666666668,-14.6719351853704,0.0214479077933865,0.0214485343989389
2019-07-19 20:00:00,870.833333333332,-13.6440333953618,0.185113047743592,0.185113667469385
2019-07-19 21:00:00,870.875,-13.6597773695733,0.182525140646649,0.182525753492456
2019-07-19 22:00:00,870.916666666668,-13.1973333257407,0.256113395579342,0.256114001544937
2019-07-20 02:00:00,871.083333333332,-13.1453413636364,0.264082796596766,0.264083375039339
2019-07-20 03:00:00,871.125,-13.1130797755102,0.269145024708427,0.269145596269718
2019-07-20 04:00:00,871.166666666668,-13.0946363538033,0.272006478311677,0.272007042991482
2019-07-20 05:00:00,871.208333333332,-13.1002560233766,0.271035133594297,0.271035691392418
2019-07-20 06:00:00,871.25,-13.136129887013,0.265244743497745,0.265245294413986
2019-07-20 07:00:00,871.291666666668,-12.9652652623377,0.292388411721004,0.292388955755171
2019-07-20 08:00:00,871.333333333332,-13.0332833268519,0.281478366280307,0.281478903432212
2019-07-20 09:00:00,871.375,-12.9330648088889,0.29736899812289,0.297369528392347
2019-07-20 10:00:00,871.416666666668,-13.0662393337662,0.276080420964274,0.276080944351101
2019-07-20 11:30:00,871.479166666668,-12.6857676644981,0.336580039913825,0.336580552976373
2019-07-20 12:30:00,871.520833333332,-12.381014867658,0.385054771989989,0.385055278169469
2019-07-20 13:30:00,871.5625,-11.9824182200743,0.448479366191695,0.448479865487937
2019-07-20 14:30:00,871.604166666668,-11.6704095056561,0.498110910440437,0.498111402853274
2019-07-20 15:30:00,871.645833333332,-11.3165334581784,0.554412420478314,0.554412906007586
2019-07-20 16:30:00,871.6875,-11.5638526104478,0.514943575325326,0.514944053970872
2019-07-20 17:30:00,871.729166666668,-12.152633833829,0.421080048017827,0.421080519779492
2019-07-20 18:30:00,871.770833333332,-10.7634089334572,0.642314779554303,0.642315244431937
2019-07-20 19:30:00,871.8125,-10.9711133667286,0.609157996914453,0.609158454907907
2019-07-20 20:30:00,871.854166666668,-11.0053547238532,0.603634476157556,0.603634927266686
2019-07-20 21:30:00,871.895833333332,-10.8769385651769,0.624022883834024,0.624023328058689
2019-07-20 22:30:00,871.9375,-10.7992918239777,0.636324156990201,0.636324594330263
2019-07-20 23:30:00,871.979166666668,-10.6992918427695,0.652186787252789,0.652187217708115
2019-07-21 03:30:00,872.145833333332,-12.9691388774074,0.290333480432575,0.290333883347688
2019-07-21 04:30:00,872.1875,-13.0458163283859,0.278053620001087,0.278054016030848
2019-07-21 05:30:00,872.229166666668,-12.9309573254174,0.29628612376055,0.296286512904847
2019-07-21 06:30:00,872.270833333332,-12.8673153990724,0.306360180849554,0.306360563108279
2019-07-21 07:30:00,872.3125,-12.8081203738889,0.315726313674612,0.315726689047658
2019-07-21 08:30:00,872.354166666668,-12.7774018527778,0.320556589352815,0.320556957840081
2019-07-21 09:30:00,872.395833333332,-12.7624018655556,0.322883361683804,0.322883723285192
2019-07-21 11:00:00,872.458333333332,-12.48970818829,0.366230436759863,0.366230788032258
2019-07-21 12:00:00,872.5,-12.3519590391061,0.38811241428443,0.388112758670718
2019-07-21 13:00:00,872.541666666668,-12.5906648104869,0.350025324389172,0.350025661889266
2019-07-21 14:00:00,872.583333333332,-12.9259553888476,0.296552676198093,0.296553006811911
2019-07-21 15:00:00,872.625,-13.2013680141264,0.252619099230315,0.252619422957779
2019-07-21 16:00:00,872.666666666668,-13.0002305139405,0.284600768336317,0.284601085177352
2019-07-21 17:00:00,872.708333333332,-13.5539795717472,0.196328939872149,0.196329249826683
2019-07-21 18:00:00,872.75,-13.6529349526022,0.180506539747154,0.18050684281512
2019-07-21 19:00:00,872.791666666668,-14.0046003697026,0.124427720888294,0.124428017069627
2019-07-21 20:00:00,872.833333333332,-13.7919312429368,0.158248268807327,0.158248558101966
2019-07-21 21:00:00,872.875,-13.1260000031599,0.264274265924928,0.264274548332816
2019-07-21 22:00:00,872.916666666668,-13.0541171057621,0.275668408305897,0.275668683826981
2019-07-22 01:00:00,873.041666666668,-13.474209368972,0.208579671546665,0.20857992640705
2019-07-22 05:00:00,873.208333333332,-14.9957180077922,-0.034014802140808,-0.0340145748285566
2019-07-22 06:00:00,873.25,-14.5770574957328,0.0326250288451426,0.0326252492702888
2019-07-22 07:00:00,873.291666666668,-14.9153506443414,-0.0213179282694868,-0.0213177147314677
2019-07-22 08:00:00,873.333333333332,-15.1012690450835,-0.0509870081609076,-0.0509868015100333
2019-07-22 09:00:00,873.375,-15.2484498066915,-0.0744846834299443,-0.0744844836662294
2019-07-22 10:30:00,873.4375,-15.4201059239777,-0.10190625450125,-0.101906065068294
2019-07-22 11:30:00,873.479166666668,-14.7352992624535,0.00713343896331653,0.00713362150909269
2019-07-22 12:30:00,873.520833333332,-14.5513749869048,0.0363826815228684,0.0363828571814624
2019-07-22 13:30:00,873.5625,-14.3591097787589,0.0669611117489188,0.0669612805203323
2019-07-22 14:30:00,873.604166666668,-14.2981399197761,0.0766245701966555,0.0766247320808934
2019-07-22 15:30:00,873.645833333332,-14.2570986973929,0.0831138537866323,0.0831140087837032
2019-07-22 16:30:00,873.6875,-13.2522811925512,0.243133859117351,0.243134007227267
2019-07-22 17:30:00,873.729166666668,-14.1443165914339,0.100984312613755,0.100984453836532
2019-07-22 18:30:00,873.770833333332,-15.1463668446927,-0.0586902075420801,-0.0586900732064227
2019-07-22 19:30:00,873.8125,-16.0070985011152,-0.195852102941857,-0.195851975493296
2019-07-22 20:30:00,873.854166666668,-16.6937490758364,-0.30528228631015,-0.30528216574866
2019-07-22 21:30:00,873.895833333332,-16.7063624687732,-0.307337393605224,-0.307337279930775
2019-07-22 22:30:00,873.9375,-16.8781564396648,-0.334749609357733,-0.33474950257029
2019-07-22 23:30:00,873.979166666668,-16.7457602217472,-0.313703639268488,-0.313703539368015
2019-07-23 00:30:00,874.020833333332,-16.8065214497207,-0.323427316932993,-0.32342722391945
2019-07-23 01:30:00,874.0625,-16.7819516734201,-0.319557233205923,-0.319557147079264
2019-07-23 02:30:00,874.104166666668,-17.6161284579143,-0.452485618829684,-0.452485539589864
2019-07-23 06:30:00,874.270833333332,-18.655246780334,-0.618186906133287,-0.618186854440268
2019-07-23 07:30:00,874.3125,-19.2717899663569,-0.716443746394652,-0.716443701588178
2019-07-23 08:30:00,874.354166666668,-19.5495491476809,-0.760731581023683,-0.760731543103687
2019-07-23 10:00:00,874.416666666668,-20.0152793778398,-0.83498275306898,-0.834982725478561
2019-07-23 11:00:00,874.458333333332,-20.1453568799257,-0.855743611608255,-0.855743590904124
2019-07-23 12:00:00,874.5,-20.4977273088795,-0.911915420594483,-0.911915406776559
2019-07-23 13:00:00,874.541666666668,-20.605091266108,-0.9290570518739,-0.929057044942099
2019-07-23 14:00:00,874.583333333332,-20.6723072500931,-0.939802610629349,-0.93980261058358
2019-07-23 15:00:00,874.625,-20.0935642871508,-0.847645975813519,-0.847645982653692
2019-07-23 16:00:00,874.666666666668,-20.3786412271375,-0.893095997095827,-0.893096010821846
2019-07-23 17:00:00,874.708333333332,-20.097826508209,-0.848398600966024,-0.848398621577789
2019-07-23 18:00:00,874.75,-19.6636022187732,-0.779262478853511,-0.77926250635092
2019-07-23 19:00:00,874.791666666668,-19.3966635568773,-0.736774604961423,-0.736774639344369
2019-07-23 20:00:00,874.833333333332,-19.0203698894052,-0.676865928725289,-0.676865969993662
2019-07-23 21:00:00,874.875,-18.952966507635,-0.666163223910915,-0.666163272064603
2019-07-23 22:00:00,874.916666666668,-18.7071306287313,-0.627035622947975,-0.62703567798686
2019-07-23 23:00:00,874.958333333332,-18.2765846849162,-0.558483104785874,-0.558483166709835
2019-07-24,875,-17.8521598280669,-0.490905208271635,-0.490905277080549
2019-07-24 01:00:00,875.041666666668,-17.7356412972119,-0.472376537624878,-0.472376613318617
2019-07-24 02:00:00,875.083333333332,-18.1013687435754,-0.530669523854052,-0.530669606432486
2019-07-24 03:00:00,875.125,-18.4112811571695,-0.580070663546495,-0.580070753009488
2019-07-24 04:00:00,875.166666666668,-18.4434684035316,-0.585229513686261,-0.585229610033675
2019-07-24 08:00:00,875.333333333332,-18.9588552818182,-0.667451887084374,-0.667452010968019
2019-07-24 09:30:00,875.395833333332,-18.9077802577281,-0.659358980467436,-0.659359114676537
2019-07-24 10:30:00,875.4375,-19.1703866128253,-0.701220691253322,-0.70122083234586
2019-07-24 11:30:00,875.479166666668,-19.2583420061338,-0.715259906956924,-0.715260054932733
2019-07-24 12:30:00,875.520833333332,-18.9572025494424,-0.667315562927672,-0.667315717786584
2019-07-24 13:30:00,875.5625,-18.4740595910615,-0.590377458927405,-0.590377620669248
2019-07-24 14:30:00,875.604166666668,-19.0299366925512,-0.678955520857302,-0.678955689481902
2019-07-24 15:30:00,875.645833333332,-18.5573030165428,-0.603690608828006,-0.603690784335182
2019-07-24 16:30:00,875.6875,-18.9702737577281,-0.669502641190873,-0.669502823580444
2019-07-24 17:30:00,875.729166666668,-18.8432825122677,-0.649297871073926,-0.649298060345705
2019-07-24 18:30:00,875.770833333332,-19.1961821009294,-0.705539581612016,-0.705539777765813
2019-07-24 19:30:00,875.8125,-18.8145390046468,-0.644767645356151,-0.644767848391774
2019-07-24 20:30:00,875.854166666668,-17.7522657394052,-0.475570364616989,-0.475570574534241
2019-07-24 21:30:00,875.895833333332,-17.9206871379888,-0.502423151101184,-0.502423367899865
2019-07-24 22:30:00,875.9375,-17.9306238713222,-0.504028744950533,-0.504028968630438
2019-07-24 23:30:00,875.979166666668,-17.5341301037175,-0.440889197343187,-0.44088942790411
2019-07-25 00:30:00,876.020833333332,-17.1822416403346,-0.384854834345474,-0.384855071787204
2019-07-25 01:30:00,876.0625,-18.4665092486989,-0.589460830554816,-0.589461074877138
2019-07-25 02:30:00,876.104166666668,-19.2987267644981,-0.722054451727556,-0.722054702930253
2019-07-25 03:30:00,876.145833333332,-19.5881914459108,-0.768186686263601,-0.768186944346451
2019-07-25 04:30:00,876.1875,-19.8217616955307,-0.805414425600723,-0.805414690563501
2019-07-25 05:30:00,876.229166666668,-19.6732137680297,-0.781769993974488,-0.781770265816966
2019-07-25 09:00:00,876.375,-19.3441958551546,-0.729421243800132,-0.729421539719708
2019-07-25 09:30:00,876.395833333332,-19.3153110773256,-0.72482855408772,-0.72482885344664
2019-07-25 10:00:00,876.416666666668,-19.0372834953608,-0.680547119553748,-0.680547422351951
2019-07-25 10:30:00,876.4375,-18.922231846087,-0.662227749478744,-0.662228055716169
2019-07-25 11:00:00,876.458333333332,-18.5554691190722,-0.603810506759373,-0.603810816435956
2019-07-25 11:30:00,876.479166666668,-18.3987912904348,-0.578859820395314,-0.578860133510993
2019-07-25 12:00:00,876.5,-18.2253968469072,-0.551246047246835,-0.551246363801546
2019-07-25 12:30:00,876.520833333332,-18.0793768481159,-0.527992924619415,-0.527993244613094
2019-07-25 13:00:00,876.541666666668,-17.8893678699482,-0.4977322080537,-0.497732531486284
2019-07-25 13:30:00,876.5625,-17.7961304165217,-0.482887146443804,-0.482887473315227
2019-07-25 14:00:00,876.583333333332,-19.6374742654639,-0.77622215068627,-0.776222480996468
2019-07-25 14:30:00,876.604166666668,-19.4129912938953,-0.740469348064569,-0.740469681813476
2019-07-25 15:00:00,876.625,-19.832814471134,-0.807354857284466,-0.807355194472016
2019-07-25 15:30:00,876.645833333332,-19.0072629653179,-0.675851171440218,-0.675851512066346
2019-07-25 16:00:00,876.666666666668,-19.2358659896907,-0.71227493747248,-0.712275281537117
2019-07-25 16:30:00,876.6875,-18.9632023020231,-0.668846439970052,-0.668846787473132
2019-07-25 17:00:00,876.708333333332,-21.2895463938144,-1.03944162092216,-1.03944197186362
2019-07-25 17:30:00,876.729166666668,-20.3122428208092,-0.883763249947855,-0.883763604327617
2019-07-25 18:00:00,876.75,-20.1491906958763,-0.857795598427617,-0.857795956245617
2019-07-25 18:30:00,876.770833333332,-18.5591419768116,-0.604506251614062,-0.604506612870231
2019-07-25 19:00:00,876.791666666668,-17.4035876159794,-0.420432048462316,-0.420432413156585
2019-07-25 19:30:00,876.8125,-17.2810028953757,-0.400910529071313,-0.400910897203611
2019-07-25 20:00:00,876.833333333332,-17.5655464128866,-0.446244710849538,-0.446245082419795
2019-07-25 20:30:00,876.854166666668,-16.7329566213873,-0.313618640083164,-0.31361901509131
2019-07-25 21:00:00,876.875,-16.7852010706186,-0.321947178075759,-0.321947556521722
2019-07-25 21:30:00,876.895833333332,-16.4882427514451,-0.274647347413262,-0.27464772929697
2019-07-25 22:00:00,876.916666666668,-17.0259123824742,-0.360304227549079,-0.36030461287046
2019-07-25 22:30:00,876.9375,-16.9682658537572,-0.351126699911996,-0.351127088670978
2019-07-25 23:00:00,876.958333333332,-16.2562009742268,-0.237699743229122,-0.237700135425632
2019-07-25 23:30:00,876.979166666668,-16.2450895910405,-0.235935061317339,-0.235935456951303
2019-07-26,877,-16.0344897072165,-0.202391600589829,-0.202391999661173
2019-07-26 00:30:00,877.020833333332,-16.0652774751445,-0.207301247177119,-0.207301649685769
2019-07-26 01:00:00,877.041666666668,-17.0733556350515,-0.367893833481864,-0.367894239427746
2019-07-26 01:30:00,877.0625,-17.1075086959538,-0.373339337427128,-0.373339746810165
2019-07-26 02:00:00,877.083333333332,-17.0745514675258,-0.368094006214431,-0.368094419034548
2019-07-26 02:30:00,877.104166666668,-17.0523323026012,-0.36455913808096,-0.364559554338082
2019-07-26 03:00:00,877.125,-17.2907320092784,-0.402540924324091,-0.40254134401814
2019-07-26 03:30:00,877.145833333332,-17.1419219861272,-0.378839805789125,-0.378840228920025
2019-07-26 04:00:00,877.166666666668,-17.6817576912371,-0.464840325768696,-0.464840752336369
2019-07-26 04:30:00,877.1875,-17.7164086669565,-0.470364439232423,-0.470364869236791
2019-07-26 05:00:00,877.208333333332,-18.0276495350515,-0.519949402092868,-0.519949835533853
2019-07-26 05:30:00,877.229166666668,-17.9965449223188,-0.514998367099395,-0.514998803976919
2019-07-26 06:00:00,877.25,-18.1583731259067,-0.540781549503676,-0.540781989817658
2019-07-26 06:30:00,877.270833333332,-18.1642600988439,-0.541723064313006,-0.541723508063367
2019-07-26 07:00:00,877.291666666668,-18.1414588154639,-0.538094401274776,-0.538094848461437
2019-07-26 07:30:00,877.3125,-17.982519800304,-0.512778782162601,-0.512779232785481
2019-07-26 10:30:00,877.4375,-17.8146625753056,-0.486057403309132,-0.486057874547608
2019-07-26 11:00:00,877.458333333332,-17.7555845553846,-0.476648885278802,-0.47664935995292
2019-07-26 11:30:00,877.479166666668,-17.3381857968215,-0.410159499403525,-0.410159977513202
2019-07-26 12:00:00,877.5,-17.2219615323077,-0.39164730753412,-0.391647789079271
2019-07-26 12:30:00,877.520833333332,-16.8617579652812,-0.334268920304344,-0.334269405284884
2019-07-26 13:00:00,877.541666666668,-16.78152303,-0.32148961806084,-0.321490106476684
2019-07-26 13:30:00,877.5625,-16.402369207335,-0.261092205325921,-0.261092697176983
2019-07-26 14:00:00,877.583333333332,-16.2298230861538,-0.233607428961449,-0.233607924247643
2019-07-26 14:30:00,877.604166666668,-18.4618774115196,-0.589177103968396,-0.589177602689634
2019-07-26 15:00:00,877.625,-17.8772692446154,-0.496050313014259,-0.496050815170456
2019-07-26 15:30:00,877.645833333332,-18.9286699268949,-0.663540782726105,-0.663541288317172
2019-07-26 16:00:00,877.666666666668,-18.3542307676923,-0.572033685723471,-0.57203419474932
2019-07-26 16:30:00,877.6875,-18.0078651610294,-0.516858750503157,-0.5168592629637
2019-07-26 17:00:00,877.708333333332,-17.8559999207692,-0.492667744521553,-0.492668260416701
2019-07-26 17:30:00,877.729166666668,-16.2195476364303,-0.231980843392298,-0.231981362721961
2019-07-26 18:00:00,877.75,-15.822351148855,-0.168708158153024,-0.168708680917113
2019-07-26 18:30:00,877.770833333332,-17.7193422613692,-0.470901078940661,-0.470901605139086
2019-07-26 19:00:00,877.791666666668,-18.1741297519084,-0.543349814009097,-0.543350343641767
2019-07-26 19:30:00,877.8125,-17.5555808877451,-0.44481518263183,-0.444815715698653
2019-07-26 20:00:00,877.833333333332,-17.0903053572519,-0.370696984716901,-0.370697521217787
2019-07-26 20:30:00,877.854166666668,-17.6712078315403,-0.463235572452968,-0.463236112387824
2019-07-26 21:00:00,877.875,-17.4918015145038,-0.434656308282527,-0.434656851651261
2019-07-26 21:30:00,877.895833333332,-17.5999951200489,-0.451891799179304,-0.451892345981823
2019-07-26 22:00:00,877.916666666668,-17.6167252053435,-0.454556967816723,-0.454557518052934
2019-07-26 22:30:00,877.9375,-17.1602151853301,-0.381834531372875,-0.381835085042684
2019-07-26 23:00:00,877.958333333332,-16.9773892274809,-0.352710043487287,-0.352710600590599
2019-07-26 23:30:00,877.979166666668,-16.6082689459658,-0.293908618591034,-0.293909179127756
2019-07-27,878,-16.66855708,-0.303512143029887,-0.303512706999923
2019-07-27 00:30:00,878.020833333332,-16.9794743171149,-0.353040944569756,-0.353041511973011
2019-07-27 01:00:00,878.041666666668,-17.0316335694656,-0.361349296102739,-0.361349866939117
2019-07-27 01:30:00,878.0625,-17.6268997515892,-0.456174851537211,-0.456175425806615
2019-07-27 02:00:00,878.083333333332,-17.6275953954198,-0.45628477721206,-0.456285354914393
2019-07-27 02:30:00,878.104166666668,-17.5474474195599,-0.443516138376355,-0.44351671951152
2019-07-27 03:00:00,878.125,-17.4648549473282,-0.43035797139987,-0.43035855596777
2019-07-27 03:30:00,878.145833333332,-16.3557352862745,-0.253673171553346,-0.253673759553882
2019-07-27 04:00:00,878.166666666668,-16.2470381755725,-0.236356280770527,-0.236356872203601
2019-07-27 04:30:00,878.1875,-15.8440855929095,-0.172164164904336,-0.172164759769849
2019-07-27 05:00:00,878.208333333332,-15.8351374244275,-0.170737115656364,-0.170737713954216
2019-07-27 05:30:00,878.229166666668,-15.8906307872861,-0.179575530280649,-0.17957613201074
2019-07-27 06:00:00,878.25,-15.8418167755725,-0.17179758747546,-0.17179819263769
2019-07-27 06:30:00,878.270833333332,-15.7129804339853,-0.15127191221591,-0.151272520810179
2019-07-27 07:00:00,878.291666666668,-15.7693052793893,-0.160242428242216,-0.160243040268421
2019-07-27 08:00:00,878.333333333332,-15.6902618004717,-0.147646247011405,-0.14764686590118
2019-07-27 08:30:00,878.354166666668,-15.615508795614,-0.135735613461918,-0.135736235783323
2019-07-27 12:00:00,878.5,-15.7343784562152,-0.154651342830815,-0.154651989170728
2019-07-27 13:00:00,878.541666666668,-15.4103091238361,-0.103020005683829,-0.103020658885225
2019-07-27 14:00:00,878.583333333332,-15.807079790538,-0.166218523048905,-0.166219183111356
2019-07-27 15:00:00,878.625,-16.4868868139147,-0.274504461834625,-0.2745051287577
2019-07-27 16:00:00,878.666666666668,-16.0654879276438,-0.207367039823284,-0.207367713606548
2019-07-27 17:00:00,878.708333333332,-16.8587124120594,-0.333719516296437,-0.333720196939452
2019-07-27 18:00:00,878.75,-16.2175851881481,-0.231578268181559,-0.231578955683884
2019-07-27 19:00:00,878.791666666668,-15.6620944459259,-0.143078500355185,-0.143079194716374
2019-07-27 20:00:00,878.833333333332,-15.5886444403704,-0.131367693915574,-0.131368395135177
2019-07-27 21:00:00,878.875,-14.8729944391466,-0.0173534968107154,-0.0173542048882813
2019-07-27 22:00:00,878.916666666668,-14.6100555485185,0.0245439692891358,0.0245432543540629
2019-07-27 23:00:00,878.958333333332,-14.5464712506494,0.0346845787213527,0.034683856929232
2019-07-28,879,-15.0939796312963,-0.0525218398141929,-0.0525225684628983
2019-07-28 01:00:00,879.041666666668,-15.1367148244444,-0.0593170564560525,-0.0593177919608762
2019-07-28 02:00:00,879.083333333332,-15.3800976730233,-0.0980751155917462,-0.0980758579522186
2019-07-28 03:00:00,879.125,-15.6437063423792,-0.140054690035925,-0.140055439251573
2019-07-28 04:00:00,879.166666666668,-15.8415221964815,-0.171552949605848,-0.171553705676194
2019-07-28 05:00:00,879.208333333332,-16.2505055518519,-0.236689870649822,-0.236690633574386
2019-07-28 06:00:00,879.25,-16.4102708766234,-0.262125708951659,-0.262126478729957
2019-07-28 07:30:00,879.3125,-16.3812490788104,-0.257479291980448,-0.257480072038432
2019-07-28 08:30:00,879.354166666668,-16.3761042821229,-0.256643649187342,-0.256644436097836
2019-07-28 09:30:00,879.395833333332,-16.3228085453532,-0.248137054884208,-0.248137848646714
2019-07-28 13:30:00,879.5625,-15.2393302487941,-0.0754672832921357,-0.0754681044576626
2019-07-28 14:30:00,879.604166666668,-14.9188868148423,-0.0244015083245178,-0.0244023363395244
2019-07-28 15:30:00,879.645833333332,-14.5050723602968,0.0415388092389152,0.0415379743749461
2019-07-28 16:30:00,879.6875,-14.3028200320965,0.0737776011718879,0.0737767594594769
2019-07-28 17:30:00,879.729166666668,-13.6911654247212,0.171234941012392,0.171234092452063
2019-07-28 18:30:00,879.770833333332,-13.6185354602612,0.182825742303478,0.18282488689576
2019-07-28 19:30:00,879.8125,-14.1181744165121,0.103254167824881,0.103253305570303
2019-07-28 20:30:00,879.854166666668,-13.9226296340741,0.134426331945343,0.134425462844441
2019-07-28 21:30:00,879.895833333332,-12.831207819666,0.308312819691309,0.308311943744622
2019-07-28 22:30:00,879.9375,-12.7649962888889,0.318883048843517,0.318882166051585
2019-07-28 23:30:00,879.979166666668,-13.8700650518587,0.142867962395445,0.142867072758813
2019-07-29 00:30:00,880.020833333332,-13.312074065,0.231779954731041,0.231779058250259
2019-07-29 01:30:00,880.0625,-12.9944749378479,0.28239782420932,0.28239692088494
2019-07-29 02:30:00,880.104166666668,-12.9280389690167,0.293005695251365,0.293004785083942
2019-07-29 03:30:00,880.145833333332,-12.9773358207792,0.285177717424705,0.285176800414799
2019-07-29 04:30:00,880.1875,-12.9880222116667,0.283500885750077,0.28349996189825
2019-07-29 05:30:00,880.229166666668,-12.9267166487037,0.293292895900219,0.293291965207037
2019-07-29 07:00:00,880.291666666668,-12.9815940599628,0.284590755525844,0.284589814571698
2019-07-29 08:00:00,880.333333333332,-12.9861359243948,0.283894403702885,0.283893455908815
2019-07-29 09:00:00,880.375,-12.976942279702,0.285386600381433,0.285385645748017
2019-07-29 10:00:00,880.416666666668,-13.0202973901487,0.278508214882461,0.278507253410281
2019-07-29 11:00:00,880.458333333332,-12.9005984998141,0.297604920282119,0.297603951971761
2019-07-29 15:00:00,880.625,-12.1437100360595,0.418296860205326,0.418295864548176
2019-07-29 16:00:00,880.666666666668,-12.2993376569573,0.393536215658186,0.393535213165837
2019-07-29 19:30:00,880.8125,-11.451789573743,0.528663260942232,0.528662234531481
2019-07-29 20:30:00,880.854166666668,-11.8625873799257,0.463255947233029,0.463254913989835
2019-07-29 21:30:00,880.895833333332,-12.1035176341373,0.424909127830101,0.424908087755085
2019-07-29 22:30:00,880.9375,-12.4444331040892,0.370635063979726,0.370634017073513
2019-07-29 23:30:00,880.979166666668,-12.1543265079777,0.416883738042588,0.416882684305808
2019-07-30 00:30:00,881.020833333332,-12.2731394394052,0.397991710985091,0.397990650418375
2019-07-30 01:30:00,881.0625,-12.6156215393321,0.343469497366512,0.343468429970497
2019-07-30 02:30:00,881.104166666668,-12.6975610901852,0.330452369801746,0.330451295577072
2019-07-30 03:30:00,881.145833333332,-12.42475555,0.373946860525627,0.373945779472936
2019-07-30 04:30:00,881.1875,-12.3013023864564,0.393649882683855,0.393648794803793
2019-07-30 06:00:00,881.25,-12.4317402717996,0.372927186326152,0.372926088206254
2019-07-30 07:00:00,881.291666666668,-12.1406809083488,0.419331175225879,0.419330070280241
2019-07-30 08:00:00,881.333333333332,-11.9258627137291,0.453590363143163,0.453589251372444
2019-07-30 09:00:00,881.375,-12.2084962782528,0.408605602019258,0.408604483424121
2019-07-30 10:00:00,881.416666666668,-11.9919628563197,0.443138970204312,0.443137844785421
2019-07-30 11:00:00,881.458333333332,-11.9455353237918,0.450574820282657,0.450573688040682
2019-07-30 12:00:00,881.5,-11.564994422119,0.511235640442156,0.511234501377769
2019-07-30 13:00:00,881.541666666668,-11.4021914737918,0.537211120629625,0.537209974743501
2019-07-30 14:00:00,881.583333333332,-11.162159869145,0.57548965253055,0.57548849982337
2019-07-30 15:00:00,881.625,-11.1791579929368,0.57282363656662,0.572822477039066
2019-07-30 16:00:00,881.666666666668,-10.9895503647388,0.603070536068265,0.603069369721024
2019-07-30 17:00:00,881.708333333332,-10.7939610367347,0.634270796132536,0.634269622966297
2019-07-30 21:00:00,881.875,-10.4381282533271,0.691130888829959,0.691129688394697
2019-07-31 13:00:00,882.541666666668,-11.7765799096654,0.478692695701191,0.478691386305209
2019-07-31 14:30:00,882.604166666668,-11.9305298345149,0.454247494169069,0.454246174567808
2019-07-31 15:30:00,882.645833333332,-12.324294788806,0.391573798604359,0.391572472200539
2019-07-31 16:30:00,882.6875,-12.8486803717757,0.308092614478207,0.3080912812726
2019-07-31 17:30:00,882.729166666668,-12.6276990480374,0.343349382141576,0.343348042134955
2019-07-31 18:30:00,882.770833333332,-12.3098616706542,0.394035859239847,0.394034512432991
2019-07-31 22:30:00,882.9375,-12.1769313534323,0.415435484951932,0.415434110951988
2019-07-31 23:30:00,882.979166666668,-12.2497013204082,0.403900286908863,0.403898906112627
2019-08-01 00:30:00,883.020833333332,-12.6337625170686,0.342776644227217,0.342775256635488
2019-08-01 01:30:00,883.0625,-12.7298014686456,0.327535621684796,0.327534227298376
2019-08-01 02:30:00,883.104166666668,-13.004437844898,0.283844372407102,0.283842971226797
2019-08-01 03:30:00,883.145833333332,-13.2232499907658,0.249046433535788,0.249045025562407
2019-08-01 04:30:00,883.1875,-13.5405491467532,0.198559914155592,0.198558499389949
2019-08-01 05:30:00,883.229166666668,-13.6655462911111,0.17870771320207,0.178706291644981
2019-08-01 06:30:00,883.270833333332,-14.0222092507407,0.12195145284651,0.121950024498794
2019-08-01 07:30:00,883.3125,-14.3690797836735,0.0667556035525669,0.0667541684150472
2019-08-01 08:30:00,883.354166666668,-14.385598127963,0.0641855644430576,0.0641841225165606
2019-08-01 09:30:00,883.395833333332,-14.5146518377778,0.0436890316145768,0.0436875828999327
2019-08-01 10:30:00,883.4375,-15.5496074290741,-0.121117847905846,-0.121119303407804
2019-08-01 11:30:00,883.479166666668,-15.6790018507407,-0.141667715614355,-0.141669177902789
2019-08-01 12:30:00,883.520833333332,-15.6363191003711,-0.134805096516455,-0.134806565590526
2019-08-01 15:00:00,883.625,-17.1336233979592,-0.373166617466534,-0.373168103500996
2019-08-01 16:00:00,883.666666666668,-17.7589814296846,-0.472721726439307,-0.472723219256437
2019-08-01 17:00:00,883.708333333332,-18.079745806308,-0.523754378303134,-0.523755877902076
2019-08-01 18:00:00,883.75,-17.8945361742115,-0.494184538851289,-0.494186045231183
2019-08-01 19:00:00,883.791666666668,-18.4082096239332,-0.575946803645931,-0.575948316805916
2019-08-01 20:00:00,883.833333333332,-17.0193191237477,-0.354628801541144,-0.354630321480352
2019-08-02,884,-17.4010055666048,-0.415160012869886,-0.415161559917259
2019-08-02 01:00:00,884.041666666668,-16.6900871998145,-0.301841106202187,-0.301842660024401
2019-08-02 02:00:00,884.083333333332,-17.3187161489796,-0.401912574348488,-0.401914134944656
2019-08-02 03:00:00,884.125,-17.4662690538033,-0.425347815009315,-0.425349382378547
2019-08-02 04:00:00,884.166666666668,-16.7946530434137,-0.318288392285363,-0.318289966426766
2019-08-02 05:00:00,884.208333333332,-17.6062040552876,-0.447498066330418,-0.447499647243094
2019-08-02 06:00:00,884.25,-17.7217792404453,-0.465837824096106,-0.465839411779154
2019-08-02 07:00:00,884.291666666668,-17.3927222246296,-0.413346884813135,-0.413348479265652
2019-08-02 08:00:00,884.333333333332,-17.9591111383333,-0.503500652342199,-0.503502253563277
2019-08-02 09:00:00,884.375,-17.7723056135185,-0.473669537953273,-0.473671145942001
2019-08-02 10:00:00,884.416666666668,-17.405827825,-0.415216033977709,-0.415217648733174
2019-08-02 11:00:00,884.458333333332,-16.6344629640741,-0.292263260485337,-0.292264882006619
2019-08-02 12:00:00,884.5,-15.9147610612963,-0.177539963637731,-0.177541591923911
2019-08-02 13:30:00,884.5625,-17.7582615660482,-0.471098627049286,-0.471100265481077
2019-08-02 14:30:00,884.604166666668,-18.2944675244898,-0.556441176380221,-0.556442821574591
2019-08-02 15:30:00,884.645833333332,-18.7833729330241,-0.634248244936478,-0.634249896892494
2019-08-02 16:30:00,884.6875,-18.2169128235622,-0.543934362964772,-0.543936021681496
2019-08-02 17:30:00,884.729166666668,-17.0519647513915,-0.358280451551867,-0.358282117028361
2019-08-02 18:30:00,884.770833333332,-17.0983488194805,-0.365592146459756,-0.365593818695076
2019-08-02 19:30:00,884.8125,-16.4366679198516,-0.260108116802447,-0.260109795795646
2019-08-02 20:30:00,884.854166666668,-15.5457888831481,-0.118112190945429,-0.118113876695557
2019-08-02 21:30:00,884.895833333332,-14.7708166742593,0.00542016354805408,0.00541847104195159
2019-08-03 01:30:00,885.0625,-15.0604675330241,-0.0404018234426986,-0.0404035429630946
2019-08-03 02:30:00,885.104166666668,-15.04025046141,-0.0371001566055553,-0.0371018828771064
2019-08-03 03:30:00,885.145833333332,-15.1895800156,-0.0608069195290727,-0.0608086525508044
2019-08-03 04:30:00,885.1875,-15.2609498996289,-0.0720941824367366,-0.072095922207671
2019-08-03 05:30:00,885.229166666668,-15.0814304489796,-0.0434141262353557,-0.0434158727545122
2019-08-03 06:30:00,885.270833333332,-14.6259330656134,0.0292298806289666,0.0292281273625726
2019-08-03 07:30:00,885.3125,-14.5278825780303,0.0449328102805,0.0449310502678569
2019-08-03 08:30:00,885.354166666668,-14.5293259124074,0.0447867716729028,0.0447850049150014
2019-08-03 09:30:00,885.395833333332,-14.5018866150558,0.0492422255751999,0.0492404520730353
2019-08-03 10:30:00,885.4375,-14.2787444512963,0.0848737545403518,0.0848719742949222
2019-08-03 11:30:00,885.479166666668,-13.9851762552876,0.131724669319022,0.131722882331329
2019-08-03 13:00:00,885.541666666668,-12.9646901441558,0.2944176515583,0.294415854459097
2019-08-03 14:00:00,885.583333333332,-13.0961150296846,0.273568035923221,0.273566232084273
2019-08-03 15:00:00,885.625,-12.9397341990706,0.298566544934032,0.298564734356354
2019-08-03 16:00:00,885.666666666668,-12.8667439716141,0.310281339620171,0.310279522304778
2019-08-03 17:00:00,885.708333333332,-13.2922434858736,0.242586830529507,0.24258500647742
2019-08-03 18:00:00,885.75,-12.4138348851577,0.382606284203629,0.382604453415873
2019-08-03 19:00:00,885.791666666668,-11.5139740254174,0.526043566285525,0.526041728763125
2019-08-03 20:00:00,885.833333333332,-13.7134248632653,0.175758748304965,0.175756904048953
2019-08-03 21:00:00,885.875,-13.3106270972171,0.240014460647772,0.240012609659182
2019-08-03 22:00:00,885.916666666668,-12.8735732816327,0.309727654239338,0.309725796519207
2019-08-03 23:00:00,885.958333333332,-12.8108333434457,0.319812847703794,0.319810983253162
2019-08-04 03:00:00,886.125,-13.4491929643785,0.218489089198496,0.21848719783634
2019-08-05 12:30:00,887.520833333332,-17.50357772,-0.424006919390783,-0.424009035451559
2019-08-09 19:30:00,891.8125,-16.4796708994937,-0.247269028308629,-0.24727182645484
2019-08-09 20:00:00,891.833333333332,-16.5196375927536,-0.253557647742989,-0.253560449164041
2019-08-09 21:00:00,891.875,-17.0130656674242,-0.332004541650654,-0.332007349620247
2019-08-09 21:30:00,891.895833333332,-17.7717298781022,-0.452781844948009,-0.452784656191305
2019-08-09 22:00:00,891.916666666668,-17.1786423141058,-0.358224009830765,-0.358226824347383
2019-08-09 22:30:00,891.9375,-17.1708248328467,-0.356900002414344,-0.356902820203903
2019-08-09 23:00:00,891.958333333332,-17.6416296982368,-0.431820762138197,-0.431823583200317
2019-08-09 23:30:00,891.979166666668,-17.5475256284672,-0.416751010099961,-0.41675383443426
2019-08-10,892,-18.0180601824561,-0.491628479634026,-0.491631307240121
2019-08-10 00:30:00,892.020833333332,-17.8777956715328,-0.46920510696303,-0.469207937840541
2019-08-10 01:00:00,892.041666666668,-18.0907067741855,-0.503042747248435,-0.503045581396978
2019-08-10 01:30:00,892.0625,-18.1757006554745,-0.516502968099673,-0.516505805518865
2019-08-10 02:00:00,892.083333333332,-18.1610350807018,-0.514087251732857,-0.514090092422315
2019-08-10 02:30:00,892.104166666668,-17.8207445459854,-0.459799131912027,-0.459801975871368
2019-08-10 03:00:00,892.125,-18.7454246653266,-0.60702162661701,-0.607024473845848
2019-08-10 03:30:00,892.145833333332,-18.8855000529412,-0.629255912250802,-0.629258762748755
2019-08-10 04:00:00,892.166666666668,-18.6332806987469,-0.588997250567056,-0.589000104333736
2019-08-10 04:30:00,892.1875,-18.528598519708,-0.572241251718982,-0.572244108754005
2019-08-10 05:00:00,892.208333333332,-18.7662782112782,-0.610023628926724,-0.610026489229705
2019-08-10 05:30:00,892.229166666668,-18.6629270021898,-0.59347942537672,-0.593482288947271
2019-08-10 06:00:00,892.25,-18.6002331162907,-0.583411847897354,-0.583414714735089
2019-08-10 06:30:00,892.270833333332,-18.0537080386861,-0.496269501270231,-0.496272371374763
2019-08-10 07:00:00,892.291666666668,-20.284359395,-0.851533230623718,-0.851536103994659
2019-08-10 07:30:00,892.3125,-20.0751751824818,-0.818129295789058,-0.81813217242602
2019-08-10 08:00:00,892.333333333332,-20.1838972380952,-0.835367942121138,-0.835370822023734
2019-08-10 08:30:00,892.354166666668,-20.2547809883212,-0.846578804849284,-0.846581688017125
2019-08-10 09:00:00,892.375,-20.2227543867168,-0.841395860484246,-0.841398746916941
2019-08-10 09:30:00,892.395833333332,-20.014153250365,-0.808084352056388,-0.80808724175355
2019-08-10 13:00:00,892.541666666668,-19.3553138330544,-0.702559168707231,-0.702562081244711
2019-08-10 13:30:00,892.5625,-19.3772491990033,-0.705971374254175,-0.70597429005299
2019-08-10 14:00:00,892.583333333332,-20.5464700974359,-0.892146870589088,-0.892149789648844
2019-08-10 14:30:00,892.604166666668,-20.2224918386885,-0.840454559736227,-0.840457482056531
2019-08-10 15:00:00,892.625,-19.7356367264957,-0.762815735355777,-0.762818660936235
2019-08-10 15:30:00,892.645833333332,-19.6981212452459,-0.756756920918796,-0.756759849759013
2019-08-10 16:00:00,892.666666666668,-21.1964102423077,-0.995352743022809,-0.995355675122391
2019-08-10 16:30:00,892.6875,-20.3654557570492,-0.86289829953897,-0.862901234897522
2019-08-10 17:00:00,892.708333333332,-20.684098242735,-0.913575360705104,-0.913578299322229
2019-08-10 17:30:00,892.729166666668,-21.33371806,-1.0169772329853,-1.0169801748606
2019-08-10 18:00:00,892.75,-21.6866538611111,-1.07311701516182,-1.0731199602949
2019-08-10 18:30:00,892.770833333332,-20.8445704816393,-0.938889273590414,-0.938892221980882
2019-08-10 19:00:00,892.791666666668,-20.8137991987179,-0.933904014478076,-0.933906966125532
2019-08-10 19:30:00,892.8125,-20.7569213108197,-0.924759840252537,-0.924762795156581
2019-08-10 20:30:00,892.854166666668,-21.1375685330645,-0.985229899885741,-0.985232861301769
2019-08-10 21:00:00,892.875,-21.5179241434483,-1.04573699160028,-1.0457399562717
2019-08-10 21:30:00,892.895833333332,-21.8931646927711,-1.10542913619108,-1.1054321041175
2019-08-10 22:00:00,892.916666666668,-21.0210276813149,-0.966413029727754,-0.966416000908766
2019-08-10 22:30:00,892.9375,-20.2591451653226,-0.844960428961166,-0.844963403396371
2019-08-10 23:00:00,892.958333333332,-20.8237586389655,-0.934819473064705,-0.934822450753704
2019-08-10 23:30:00,892.979166666668,-21.4471967754098,-1.03404921379101,-1.0340521947334
2019-08-11,893,-21.4906637759825,-1.04088902393099,-1.04089200812637
2019-08-11 00:30:00,893.020833333332,-22.4755410229508,-1.19769604488846,-1.19769903233644
2019-08-11 01:00:00,893.041666666668,-22.8025138131034,-1.24969830156275,-1.24970129226291
2019-08-11 01:30:00,893.0625,-22.6391105581967,-1.2235831896754,-1.22358618362734
2019-08-11 02:00:00,893.083333333332,-22.7311447882759,-1.23815933754099,-1.23816233474432
2019-08-11 02:30:00,893.104166666668,-22.9228312958848,-1.26861005029659,-1.2686130507509
2019-08-11 03:00:00,893.125,-22.7400103555172,-1.23940134483965,-1.23940434854453
2019-08-11 03:30:00,893.145833333332,-23.3749466721311,-1.34046184068788,-1.34046484764293
2019-08-11 04:00:00,893.166666666668,-24.1611448724138,-1.46561834859771,-1.46562135880253
2019-08-11 04:30:00,893.1875,-24.0518360881148,-1.44811983983389,-1.44812285328807
2019-08-11 05:00:00,893.208333333332,-23.966420732069,-1.43442745718683,-1.43443047388996
2019-08-11 05:30:00,893.229166666668,-23.1376065536885,-1.30231099683234,-1.30231401678403
2019-08-11 06:00:00,893.25,-23.2979517737931,-1.32776822146546,-1.3277712446653
2019-08-11 06:30:00,893.270833333332,-22.4822459467213,-1.19773970273976,-1.19774272918733
2019-08-11 07:00:00,893.291666666668,-23.1948380262069,-1.31117001863459,-1.31117304832949
2019-08-11 07:30:00,893.3125,-23.1567294647541,-1.30501307194454,-1.30501610488636
2019-08-11 08:00:00,893.333333333332,-23.077655167931,-1.29233014032295,-1.29233317651129
2019-08-11 08:30:00,893.354166666668,-23.9969426069672,-1.43868683266393,-1.43868987209838
2019-08-11 09:00:00,893.375,-23.9426448196552,-1.42995058872138,-1.42995363140153
2019-08-11 09:30:00,893.395833333332,-24.0266913165217,-1.4432525741318,-1.44325562005723
2019-08-11 10:00:00,893.416666666668,-23.6567279852941,-1.38423035551771,-1.38423340468803
2019-08-11 10:30:00,893.4375,-22.8472212729508,-1.25518844823183,-1.25519150064662
2019-08-11 11:00:00,893.458333333332,-22.9827620813793,-1.27669317240165,-1.2766962280605
2019-08-11 14:30:00,893.604166666668,-23.9130890478842,-1.42428256914057,-1.4242856474963
2019-08-11 15:00:00,893.625,-24.4032888422222,-1.50228381204553,-1.50228689364202
2019-08-11 15:30:00,893.645833333332,-23.0804276659243,-1.29146303284758,-1.29146611768443
2019-08-11 16:00:00,893.666666666668,-22.4000221022222,-1.18298577800917,-1.18298886608595
2019-08-11 16:30:00,893.6875,-22.5533541224944,-1.20732340227467,-1.20732649359097
2019-08-11 17:00:00,893.708333333332,-22.9695777688889,-1.273539736636,-1.2735428311914
2019-08-11 17:30:00,893.729166666668,-22.4473897650334,-1.19026631071227,-1.19026940850637
2019-08-11 18:00:00,893.75,-21.9580554933333,-1.11222639401024,-1.11222949504261
2019-08-11 18:30:00,893.770833333332,-22.0260826145089,-1.1229744317136,-1.12297753598383
2019-08-11 19:00:00,893.791666666668,-21.8402777355556,-1.0932867366393,-1.09328984414697
2019-08-11 20:00:00,893.833333333332,-19.1605577477124,-0.666227396206538,-0.666230510187833
2019-08-11 20:30:00,893.854166666668,-18.78290002375,-0.605977064593357,-0.60598018181084
2019-08-11 21:00:00,893.875,-19.256061003268,-0.681262646730127,-0.681265767183379
2019-08-11 21:30:00,893.895833333332,-18.63529999125,-0.582285560176542,-0.582288683865144
2019-08-11 22:00:00,893.916666666668,-17.477780035512,-0.3978022766167,-0.397805403540234
2019-08-11 22:30:00,893.9375,-17.43249994,-0.390499483925532,-0.390502614083578
2019-08-11 23:00:00,893.958333333332,-17.0297356696035,-0.326249093038537,-0.326252226430674
2019-08-11 23:30:00,893.979166666668,-16.915687445,-0.307991260903752,-0.307994397529561
2019-08-12,894,-18.4237410316964,-0.548135292831843,-0.548138432690903
2019-08-12 00:30:00,894.020833333332,-18.01698752,-0.48324907200167,-0.483252215093559
2019-08-12 01:00:00,894.041666666668,-17.7239536452539,-0.436478356975074,-0.43648150329937
2019-08-12 01:30:00,894.0625,-17.44349989625,-0.391711551352658,-0.39171470090894
2019-08-12 02:00:00,894.083333333332,-17.7857488988987,-0.446141625454643,-0.446144778242488
2019-08-12 02:30:00,894.104166666668,-17.824237515,-0.452182339315388,-0.452185495334374
2019-08-12 03:00:00,894.125,-17.6786975860927,-0.428907060865506,-0.428910220115211
2019-08-12 03:30:00,894.145833333332,-17.79836248875,-0.447878988032411,-0.447882150512409
2019-08-12 04:00:00,894.166666666668,-18.095740065859,-0.495160557676661,-0.495163723386529
2019-08-12 04:30:00,894.1875,-18.143074965,-0.502610036490242,-0.502613205429557
2019-08-12 05:00:00,894.208333333332,-18.2911762110132,-0.526111552834292,-0.526114725002626
2019-08-12 05:30:00,894.229166666668,-18.3152374975,-0.529853301461819,-0.529856476858749
2019-08-12 06:00:00,894.25,-18.4711563682819,-0.554599943982847,-0.554603122607948
2019-08-12 06:30:00,894.270833333332,-18.55627500875,-0.568067945720103,-0.568071127572947
2019-08-12 07:00:00,894.291666666668,-18.6829383052863,-0.588153927368979,-0.588157112449141
2019-08-12 07:30:00,894.3125,-18.5958125875,-0.574183052783409,-0.574186241090462
2019-08-12 08:00:00,894.333333333332,-18.4233678625551,-0.546620685922599,-0.546623877456115
2019-08-12 08:30:00,894.354166666668,-18.40145008625,-0.543037256095404,-0.543040450854956
2019-08-12 09:00:00,894.375,-18.4096850530837,-0.544257066356437,-0.544260264341597
2019-08-12 09:30:00,894.395833333332,-18.33451252375,-0.532189889444456,-0.532193090654796
2019-08-12 10:00:00,894.416666666668,-18.349900888326,-0.534549014230485,-0.534552218665576
2019-08-12 10:30:00,894.4375,-18.21062502875,-0.512269904178265,-0.512273111837678
2019-08-12 11:00:00,894.458333333332,-17.9612863088106,-0.472457588423826,-0.47246079930713
2019-08-12 11:30:00,894.479166666668,-17.90722501,-0.46375299202063,-0.463756206127395
2019-08-12 12:00:00,894.5,-17.4290309566372,-0.387483631356462,-0.387486848686259
2019-08-12 12:30:00,894.520833333332,-17.40672497875,-0.383837453540326,-0.383840674092724
2019-08-12 16:00:00,894.666666666668,-17.9293877695733,-0.466445099393873,-0.466448342492379
2019-08-12 17:00:00,894.708333333332,-17.4124850855019,-0.383914567111842,-0.383917816648193
2019-08-12 19:00:00,894.791666666668,-17.6900445626394,-0.427753500748583,-0.427756763155401
2019-08-12 20:30:00,894.854166666668,-15.9628389131481,-0.152324850894751,-0.15232812294984
2019-08-12 21:30:00,894.895833333332,-15.6733810137546,-0.106024397808069,-0.106027676293152
2019-08-12 22:30:00,894.9375,-15.4173925898148,-0.0650552035590147,-0.0650584884723361
2019-08-12 23:30:00,894.979166666668,-15.2418367489796,-0.0368985248542349,-0.0369018161940377
2019-08-13 00:30:00,895.020833333332,-15.4275631825279,-0.0662939183107777,-0.0662972160753021
2019-08-13 01:30:00,895.0625,-15.6000240627778,-0.0935756474202897,-0.0935789516077735
2019-08-13 02:30:00,895.104166666668,-15.4663550189591,-0.0720902087327379,-0.0720935193414132
2019-08-13 03:30:00,895.145833333332,-15.7038500042593,-0.109731013091851,-0.109734330119949
2019-08-13 04:30:00,895.1875,-15.2185036968519,-0.0322222310395623,-0.0322255544853101
2019-08-13 05:30:00,895.229166666668,-15.127628925603,-0.0175525947585681,-0.0175559246201885
2019-08-13 06:30:00,895.270833333332,-15.0759851729128,-0.00913203603504231,-0.00913537231075678
2019-08-13 07:30:00,895.3125,-14.990496305,0.00468052536423158,0.00467718267620465
2019-08-13 08:30:00,895.354166666668,-15.0297574096296,-0.00137922147524216,-0.00138257057379432
2019-08-13 12:30:00,895.520833333332,-14.5309461927644,0.078864575918798,0.0788612011960628
2019-08-13 13:30:00,895.5625,-13.9801858615242,0.166797921624772,0.166794540500487
2019-08-13 17:30:00,895.729166666668,-13.6789368213755,0.215578942753281,0.215575536040876
2019-08-13 18:30:00,895.770833333332,-13.5058398353818,0.243352501330882,0.243349088225983
2019-08-13 20:00:00,895.833333333332,-13.3158345786245,0.2739199465451,0.273916523854874
2019-08-13 21:00:00,895.875,-13.1579347001866,0.299273720900206,0.299270291822044
2019-08-13 22:00:00,895.916666666668,-13.2109126429368,0.291034957813222,0.291031522348952
2019-08-13 23:00:00,895.958333333332,-13.2897142766234,0.278682912372321,0.278679470523774
2019-08-14,896,-13.3050130256506,0.276447371800722,0.276443923569734
2019-08-14 01:00:00,896.041666666668,-13.4872806765799,0.247614015697861,0.247610561086271
2019-08-14 02:00:00,896.083333333332,-13.4970463948052,0.246260790502951,0.246257329512598
2019-08-14 03:00:00,896.125,-13.461515770872,0.252123754635662,0.252120287268391
2019-08-14 04:00:00,896.166666666668,-13.5055324773655,0.24531522173431,0.24531174799197
2019-08-14 05:00:00,896.208333333332,-13.7011539953618,0.214356383466048,0.214352903350488
2019-08-14 06:00:00,896.25,-13.8533228168831,0.190320040137789,0.190316553650864
2019-08-14 07:00:00,896.291666666668,-13.9014786855288,0.182853483766526,0.182849990910094
2019-08-14 08:00:00,896.333333333332,-14.5567198525046,0.0786782546706792,0.0786747554465989
2019-08-14 09:00:00,896.375,-15.2814768367347,-0.0365704447657482,-0.0365739503556133
2019-08-14 10:00:00,896.416666666668,-15.8358719981447,-0.12467993516481,-0.124683447118592
2019-08-14 11:00:00,896.458333333332,-17.1482416401487,-0.33353485316656,-0.33353837148239
2019-08-14 12:00:00,896.5,-18.4454341558442,-0.539971595393604,-0.539975120069611
2019-08-14 13:00:00,896.541666666668,-17.8844563686456,-0.450400031896374,-0.450403562930679
2019-08-14 14:00:00,896.583333333332,-18.0122360468401,-0.470547576335267,-0.470551113725992
2019-08-14 15:00:00,896.625,-17.4033364327068,-0.373341134677217,-0.37334467842248
2019-08-14 19:00:00,896.791666666668,-17.1953208022514,-0.339366422346126,-0.339369991490652
2019-08-14 20:30:00,896.854166666668,-15.0148584541899,0.00829876330379875,0.00829518464236756
2019-08-14 21:30:00,896.895833333332,-15.2075839365672,-0.0221913338478303,-0.0221949188514874
2019-08-14 22:30:00,896.9375,-15.036269044898,0.00531090831647396,0.00530731697249698
2019-08-14 23:30:00,896.979166666668,-14.4708868315399,0.0955888039052509,0.0955852062228641
2019-08-15 00:30:00,897.020833333332,-14.3502713689591,0.115015485624741,0.115011881605856
2019-08-15 01:30:00,897.0625,-15.6842244805195,-0.0972711987126526,-0.0972748090661211
2019-08-15 02:30:00,897.104166666668,-16.1378237742115,-0.169316443604748,-0.169320060290881
2019-08-15 03:30:00,897.145833333332,-16.4075046324675,-0.212062903263754,-0.212066526280629
2019-08-15 04:30:00,897.1875,-16.20518926141,-0.17961957937066,-0.179623208716353
2019-08-15 05:30:00,897.229166666668,-16.4841697901119,-0.223846589430957,-0.22385022510354
2019-08-15 06:30:00,897.270833333332,-17.0170908987013,-0.308526068628267,-0.308529710625809
2019-08-15 07:30:00,897.3125,-17.7697124222634,-0.428203534333517,-0.428207182654084
2019-08-15 08:30:00,897.354166666668,-17.5221393860595,-0.388548845429463,-0.388552500071116
2019-08-15 09:30:00,897.395833333332,-17.0723024252319,-0.316672922416129,-0.316676583376929
2019-08-15 10:30:00,897.4375,-16.7641298723562,-0.267363794559209,-0.267367461837213
2019-08-15 11:30:00,897.479166666668,-16.2927546622677,-0.192055920627484,-0.192059594220744
2019-08-15 12:30:00,897.520833333332,-15.6912152044527,-0.0960123429732702,-0.0960160228798367
2019-08-15 13:30:00,897.5625,-16.0224452437848,-0.148559166852132,-0.148562853070052
2019-08-15 14:30:00,897.604166666668,-15.5654118693878,-0.0755346198021587,-0.0755383123294769
2019-08-15 15:30:00,897.645833333332,-15.1227495400742,-0.00479894479682252,-0.00480264363157901
2019-08-15 16:30:00,897.6875,-15.4852578925788,-0.0623270891954791,-0.0623307943357121
2019-08-15 20:30:00,897.854166666668,-14.8691840124535,0.0366971546845798,0.0366934243421286
2019-08-15 21:30:00,897.895833333332,-14.3088066624535,0.126187588478964,0.126183851840895
2019-08-15 22:30:00,897.9375,-14.2944081410019,0.128703649637765,0.12869990670606
2019-08-15 23:30:00,897.979166666668,-14.0040613643123,0.175178909853349,0.175175160629992
2019-08-16 00:30:00,898.020833333332,-13.9932527884758,0.177123979598712,0.177120224085689
2019-08-16 01:30:00,898.0625,-14.5185092815985,0.0936739453528881,0.0936701835521901
2019-08-16 02:30:00,898.104166666668,-14.5822713687732,0.0837407442221698,0.0837369761357913
2019-08-16 03:30:00,898.145833333332,-14.4312671699443,0.108020410269544,0.10801663589948
2019-08-16 04:30:00,898.1875,-14.5184573981481,0.0943559781019386,0.0943521974501899
2019-08-16 05:30:00,898.229166666668,-14.2479610552876,0.137671716424718,0.137667929493287
2019-08-16 06:30:00,898.270833333332,-13.94198703,0.186639518907936,0.186635725698829
2019-08-16 07:30:00,898.3125,-13.9336561187732,0.188193004503077,0.188189205018303
2019-08-16 08:30:00,898.354166666668,-13.8394712341373,0.203423533179771,0.203419727421342
2019-08-16 09:30:00,898.395833333332,-14.1401765600372,0.155748212773599,0.15574440074353
2019-08-16 10:30:00,898.4375,-14.1539851812963,0.153776185969054,0.153772367669363
2019-08-16 11:30:00,898.479166666668,-13.9074731027829,0.19327387608233,0.19327005151504
2019-08-16 12:30:00,898.520833333332,-15.1415277618519,-0.00308332983375237,-0.00308716066661852
2019-08-16 13:30:00,898.5625,-15.9148688779026,-0.126048095933874,-0.126051933030289
2019-08-16 14:30:00,898.604166666668,-15.5533784912801,-0.0682329496294514,-0.0682367929873824
2019-08-16 15:30:00,898.645833333332,-15.7428014723562,-0.0981782535423812,-0.098182103159796
2019-08-16 16:30:00,898.6875,-15.5445167578067,-0.0663610016527811,-0.0663648575276429
2019-08-16 17:30:00,898.729166666668,-15.3559148014815,-0.0360857773571546,-0.0360896394874223
2019-08-16 18:30:00,898.770833333332,-15.5631425882466,-0.0688660714083728,-0.0688699397920043
2019-08-16 22:00:00,898.916666666668,-13.6185594877323,0.241720231465175,0.241716341210905
2019-08-16 23:00:00,898.958333333332,-13.6707026130112,0.233647025009088,0.233643128510687
2019-08-17,899,-13.3684823602968,0.282024599837269,0.282020697096795
2019-08-17 01:00:00,899.041666666668,-13.6849146790353,0.231850819753963,0.231846910773482
2019-08-17 02:00:00,899.083333333332,-13.5276252181818,0.257141699384737,0.257137784166314
2019-08-17 03:00:00,899.125,-13.230812625603,0.304659155181763,0.304655233727467
2019-08-17 04:00:00,899.166666666668,-13.1888055537037,0.311586350904363,0.311582423216267
2019-08-17 05:00:00,899.208333333332,-13.2114148164815,0.308220559673539,0.308216625753717
2019-08-17 06:00:00,899.25,-13.0651648148148,0.331754611153018,0.331750671003549
2019-08-17 07:00:00,899.291666666668,-13.2304351864815,0.305663685638417,0.305659739261383
2019-08-17 08:00:00,899.333333333332,-13.2164185257407,0.308133753479879,0.308129800877365
2019-08-17 09:00:00,899.375,-13.2984629551852,0.29530166185966,0.295297703033753
2019-08-17 10:00:00,899.416666666668,-13.2953648305556,0.296033280676789,0.296029315629581
2019-08-17 11:00:00,899.458333333332,-13.2334296151852,0.306138130701998,0.306134159435582
2019-08-17 12:00:00,899.5,-13.0983555512963,0.32789449204725,0.327890514563723
2019-08-17 13:00:00,899.541666666668,-13.108207412963,0.32656449024825,0.326560506549712
2019-08-17 14:00:00,899.583333333332,-13.1837087230056,0.314776924648923,0.314772934737478
2019-08-17 15:00:00,899.625,-12.9754971898305,0.348185457835811,0.348181461713562
2019-08-17 16:00:00,899.666666666668,-12.7819703735185,0.379255145126273,0.379251142795332
2019-08-17 17:00:00,899.708333333332,-12.6849351818519,0.394954087526945,0.394950078989424
2019-08-17 18:00:00,899.75,-12.3735648161111,0.444797216070925,0.444793201328939
2019-08-17 19:30:00,899.8125,-12.1627001964618,0.478751335080163,0.478747311035451
2019-08-17 23:30:00,899.979166666668,-11.7987565040892,0.537701283115608,0.537697234287012
2019-08-18 00:30:00,900.020833333332,-11.8088940312268,0.536330829895172,0.536326774875935
2019-08-18 01:30:00,900.0625,-15.6468404480519,-0.0748118760394586,-0.0748159372472
2019-08-18 02:30:00,900.104166666668,-15.6903246693878,-0.0814936039765302,-0.0814976713706325
2019-08-18 03:30:00,900.145833333332,-15.5857825302974,-0.0645941883552492,-0.0645982619335694
2019-08-18 04:30:00,900.1875,-15.6042230386617,-0.0672855579233795,-0.0672896376837702
2019-08-18 05:30:00,900.229166666668,-15.6402546386617,-0.0727787626510927,-0.0727828485914025
2019-08-18 06:30:00,900.270833333332,-15.6700211199616,-0.0772734913104168,-0.077277583428493
2019-08-18 07:30:00,900.3125,-15.7346333403704,-0.087318733055274,-0.0873228313489607
2019-08-18 08:30:00,900.354166666668,-15.6052666842593,-0.0664625632220258,-0.066466667689162
2019-08-18 09:30:00,900.395833333332,-15.6355462731481,-0.071037716500774,-0.0710418271391982
2019-08-18 10:30:00,900.4375,-15.7087623653465,-0.0824522477653336,-0.0824563645728804
2019-08-18 11:30:00,900.479166666668,-15.359137296475,-0.0265074423571904,-0.0265115653316901
2019-08-18 12:30:00,900.520833333332,-15.1268000103704,0.0107537728598573,0.0107496437205754
2019-08-18 13:30:00,900.5625,-14.5794703859259,0.0981939299628453,0.0981897946609557
2019-08-18 14:30:00,900.604166666668,-14.3033240759259,0.142434828446626,0.142430686984307
2019-08-18 15:30:00,900.645833333332,-14.1869907431481,0.161217842488843,0.161213694868275
2019-08-18 16:30:00,900.6875,-13.7283877410019,0.234525096357171,0.234520942580538
2019-08-18 17:30:00,900.729166666668,-13.3940278326531,0.288040773374608,0.288036613444098
2019-08-18 19:00:00,900.791666666668,-13.0215921908752,0.347748712950294,0.347744543793073
2019-08-18 20:00:00,900.833333333332,-12.8886797108007,0.369174762063051,0.369170586757432
2019-08-18 21:00:00,900.875,-12.3444152659218,0.456129909450077,0.456125727998257
2019-08-19 00:30:00,901.020833333332,-12.1044418550388,0.495248292792486,0.495244089846313
2019-08-19 01:00:00,901.041666666668,-12.1564609514634,0.487089256212381,0.487085050197794
2019-08-19 01:30:00,901.0625,-12.1872109476563,0.482318511416308,0.482314302333859
2019-08-19 02:00:00,901.083333333332,-12.1424439280488,0.489577790104234,0.48957357795448
2019-08-19 02:30:00,901.104166666668,-13.0002790922481,0.353052004786362,0.353047789569853
2019-08-19 03:00:00,901.125,-12.935273165122,0.363535573659022,0.363531355376314
2019-08-19 03:30:00,901.145833333332,-12.9121782844961,0.367342791726459,0.367338570378107
2019-08-19 04:00:00,901.166666666668,-12.9395481674419,0.363111045730188,0.363106821316746
2019-08-19 04:30:00,901.1875,-13.3131472573643,0.303724848462412,0.303720620984435
2019-08-19 05:00:00,901.208333333332,-13.3952317217073,0.290777248172454,0.290773017630499
2019-08-19 05:30:00,901.229166666668,-13.3675426457364,0.295316760086658,0.295312526481281
2019-08-19 06:00:00,901.25,-13.3687536529268,0.295252576871019,0.295248340202776
2019-08-19 06:30:00,901.270833333332,-13.6524186162791,0.25019338534735,0.250189145616798
2019-08-19 07:00:00,901.291666666668,-13.5948121853659,0.259499079544053,0.25949483675175
2019-08-19 07:30:00,901.3125,-13.7226562796875,0.239262481266199,0.239258235412701
2019-08-19 08:00:00,901.333333333332,-13.6278588673966,0.254492942798129,0.254488693883996
2019-08-19 08:30:00,901.354166666668,-13.6799690186047,0.24632103317024,0.246316781196029
2019-08-19 09:00:00,901.375,-13.596542586618,0.259740306772305,0.259736051738575
2019-08-19 09:30:00,901.395833333332,-13.9801628209302,0.198758821330013,0.198754563237323
2019-08-19 10:00:00,901.416666666668,-13.9028564450122,0.211203382918997,0.211199121767908
2019-08-19 10:30:00,901.4375,-14.0556666457364,0.186990318025869,0.186986053816939
2019-08-19 11:00:00,901.458333333332,-14.0433844245742,0.189076702520843,0.189072435254633
2019-08-19 11:30:00,901.479166666668,-13.9936899178295,0.197122999432299,0.19711872910937
2019-08-19 12:00:00,901.5,-13.924612182439,0.208257167089739,0.208252893710652
2019-08-19 12:30:00,901.520833333332,-14.0208749539063,0.193052582404943,0.193048305970258
2019-08-19 13:00:00,901.541666666668,-13.9697858829684,0.20132136005265,0.20131708056293
2019-08-19 13:30:00,901.5625,-14.1987054387597,0.164984671885965,0.164980389341772
2019-08-19 14:00:00,901.583333333332,-13.9554233515815,0.203870151389915,0.203865865791812
2019-08-19 14:30:00,901.604166666668,-13.8627519589147,0.218763348117741,0.21875905946629
2019-08-19 15:00:00,901.625,-13.7103576744526,0.243170552658288,0.243166260954052
2019-08-19 15:30:00,901.645833333332,-13.5510465031008,0.268679730677545,0.268675435921089
2019-08-19 16:00:00,901.666666666668,-13.5764501182482,0.264763819645572,0.26475952183746
2019-08-19 16:30:00,901.6875,-13.0953023767442,0.341542010136728,0.341537709277522
2019-08-19 17:00:00,901.708333333332,-12.4943016978102,0.437412967612826,0.437408663703094
2019-08-19 18:00:00,901.75,-12.4864275217391,0.438929894311485,0.438925584302393
2019-08-19 18:30:00,901.770833333332,-12.2647593864662,0.474373231617675,0.474368918559752
2019-08-19 19:00:00,901.791666666668,-11.1786330330935,0.647525489156324,0.647521173050136
2019-08-19 19:30:00,901.8125,-11.249055427204,0.63643881305672,0.636434493902834
2019-08-19 20:00:00,901.833333333332,-12.4280576158273,0.4487546917894,0.448750369588383
2019-08-19 20:30:00,901.854166666668,-12.29587750275,0.469942956456051,0.469938631208471
2019-08-19 21:00:00,901.875,-12.0391222906475,0.510976231689434,0.510971903395857
2019-08-19 21:30:00,901.895833333332,-11.94416252325,0.526235485212521,0.526231153873516
2019-08-19 22:00:00,901.916666666668,-12.0226043446043,0.513871849967859,0.513867515583996
2019-08-19 22:30:00,901.9375,-11.9628621661654,0.523521132856572,0.523516795428418
2019-08-20 02:00:00,902.083333333332,-12.5773873786787,0.426556034240116,0.426551675517889
2019-08-20 02:30:00,902.104166666668,-12.5406487658537,0.432541697823164,0.432537336061212
2019-08-20 03:00:00,902.125,-12.8395045223565,0.385067046617654,0.385062681816548
2019-08-20 03:30:00,902.145833333332,-12.7856617637255,0.393777628963819,0.393773261124132
2019-08-20 04:00:00,902.166666666668,-13.0910961171171,0.345255218652035,0.34525084777434
2019-08-20 04:30:00,902.1875,-13.1334243956098,0.338645902104421,0.33864152818929
2019-08-20 05:00:00,902.208333333332,-13.7407395116766,0.242033886581546,0.242029509629555
2019-08-20 05:30:00,902.229166666668,-13.8328725632353,0.227490850069977,0.227486470081699
2019-08-20 06:00:00,902.25,-14.2934324117117,0.154257269489626,0.154252886465635
2019-08-20 06:30:00,902.270833333332,-14.366093129902,0.142816405506726,0.142812019447597
2019-08-20 07:00:00,902.291666666668,-14.5467754293413,0.114167734365541,0.114163345271851
2019-08-20 07:30:00,902.3125,-14.4781853804878,0.12522843435148,0.125224042223802
2019-08-20 08:00:00,902.333333333332,-14.9246065888889,0.0542475809171906,0.0542431857561023
2019-08-20 08:30:00,902.354166666668,-14.9436019475728,0.0513560786632354,0.0513516804693132
2019-08-20 09:00:00,902.375,-15.5615285414414,-0.0469454894999353,-0.0469498907261163
2019-08-20 09:30:00,902.395833333332,-15.5677863912621,-0.0478076817881591,-0.0478120860460205
2019-08-20 10:00:00,902.416666666668,-15.9267056888889,-0.10484898690323,-0.104853394192194
2019-08-20 10:30:00,902.4375,-16.0169223378641,-0.119085660262332,-0.119090070581823
2019-08-20 11:00:00,902.458333333332,-15.5456646526946,-0.0438789631654353,-0.0438833765148728
2019-08-20 11:30:00,902.479166666668,-15.5001650398058,-0.0364957234618026,-0.0365001398406085
2019-08-20 12:00:00,902.5,-14.9472222204204,0.0517236894175386,0.051719270009942
2019-08-20 12:30:00,902.520833333332,-14.8402292814634,0.0689030754017003,0.0688986529658937
2019-08-20 13:00:00,902.541666666668,-14.9864400982036,0.0457470298817954,0.0457426044183583
2019-08-20 13:30:00,902.5625,-14.9623121712195,0.0497261756669439,0.0497217471764554
2019-08-20 14:00:00,902.583333333332,-15.8305149712575,-0.0884434933467807,-0.0884479248637393
2019-08-20 14:30:00,902.604166666668,-15.7933154917476,-0.0823818245480186,-0.0823862590908663
2019-08-20 15:00:00,902.625,-15.7852642351351,-0.0809633808350362,-0.0809678184031933
2019-08-20 15:30:00,902.645833333332,-15.929019482439,-0.103727714044668,-0.103732154637552
2019-08-20 20:00:00,902.833333333332,-14.3721078267658,0.145518089681608,0.145513621892412
2019-08-20 21:00:00,902.875,-14.1774814100372,0.17679643598062,0.176791962154226
2019-08-20 22:00:00,902.916666666668,-13.6406219621974,0.262593178395695,0.262588698534449
2019-08-20 23:00:00,902.958333333332,-13.5630408178108,0.275226988420051,0.275222502526298
2019-08-21,903,-13.8567365313544,0.228716559071451,0.228712067147541
2019-08-21 01:00:00,903.041666666668,-14.6168645432282,0.10790356055367,0.107899062601956
2019-08-21 02:00:00,903.083333333332,-14.8025203857407,0.078604818271623,0.0786003142944618
2019-08-21 03:00:00,903.125,-14.9086444253704,0.0619759780131872,0.0619714680129352
2019-08-21 04:00:00,903.166666666668,-14.9746407524074,0.0517399398945831,0.0517354238736039
2019-08-21 05:00:00,903.208333333332,-14.8809388881481,0.066944366477694,0.0669398444383511
2019-08-21 06:00:00,903.25,-14.4599759277778,0.13428214809973,0.134277620044391
2019-08-21 07:00:00,903.291666666668,-14.1041537198148,0.19124338973396,0.191238855664996
2019-08-21 08:00:00,903.333333333332,-14.0328870387037,0.202875160872069,0.202870620791852
2019-08-21 09:00:00,903.375,-14.0591240601852,0.198974950645155,0.198970404556061
2019-08-21 10:00:00,903.416666666668,-14.3757074131481,0.14882279032028,0.148818238224689
2019-08-21 11:00:00,903.458333333332,-14.4990944512963,0.129447368854483,0.129442810754778
2019-08-21 12:00:00,903.5,-14.415415587384,0.143058121263797,0.143053557162361
2019-08-21 13:00:00,903.541666666668,-14.0062481527778,0.208519863143922,0.208515293043145
2019-08-21 14:00:00,903.583333333332,-13.7151502632653,0.255173469533699,0.255168893435971
2019-08-21 15:00:00,903.625,-13.2377222022222,0.331510032674902,0.331505450582616
2019-08-21 16:00:00,903.666666666668,-12.6257680829314,0.429277120157155,0.429272532072709
2019-08-21 17:00:00,903.708333333332,-12.32291665,0.477804355797221,0.477799761723016
2019-08-21 21:30:00,903.895833333332,-12.0400259434137,0.524146864329474,0.524142243331121
2019-08-21 22:30:00,903.9375,-12.2511892491651,0.490793530588142,0.49078890361328
2019-08-21 23:30:00,903.979166666668,-12.3056734612245,0.48239971447405,0.482395081525097
2019-08-22 00:30:00,904.020833333332,-13.261484235807,0.330424358741868,0.330419719821246
2019-08-22 01:30:00,904.0625,-14.1915732909091,0.182546917048305,0.182542272158438
2019-08-22 02:30:00,904.104166666668,-14.4784786510204,0.137129523191243,0.137124872334559
2019-08-22 03:30:00,904.145833333332,-14.6307611159259,0.113158078194064,0.113153421372993
2019-08-22 04:30:00,904.1875,-14.6742148216667,0.106523557605408,0.106518894822383
2019-08-22 05:30:00,904.229166666668,-14.955325905,0.0620304720890948,0.0620258033465531
2019-08-22 06:30:00,904.270833333332,-14.7436111203704,0.0960453245266946,0.0960406498270742
2019-08-22 07:30:00,904.3125,-14.906009262037,0.0704641453197457,0.0704594646654885
2019-08-22 08:30:00,904.354166666668,-15.0933981559259,0.0409023461370632,0.0408976595306157
2019-08-22 09:30:00,904.395833333332,-15.1775611175926,0.0277849362875064,0.027780243731315
2019-08-22 10:30:00,904.4375,-14.9228259325926,0.0686546677978324,0.0686499692943477
2019-08-22 11:30:00,904.479166666668,-14.4355777681481,0.146564307356586,0.146559602908264
2019-08-22 12:30:00,904.520833333332,-14.0631129548148,0.206189301174992,0.206184590784287
2019-08-22 13:30:00,904.5625,-13.5947035819887,0.281098755851857,0.281094039521229
2019-08-22 14:30:00,904.604166666668,-13.0650166646296,0.36577019098115,0.365765468713061
2019-08-22 15:30:00,904.645833333332,-12.7227315009259,0.420588816502496,0.420584088299411
2019-08-22 16:30:00,904.6875,-12.9987792059369,0.376906997688454,0.376902263552842
2019-08-22 18:00:00,904.75,-12.61313941171,0.438779653053636,0.438774910023867
2019-08-22 19:00:00,904.791666666668,-12.5143209497217,0.454815340667238,0.454810591711125
2019-08-22 23:00:00,904.958333333332,-13.0803803204082,0.365821250830832,0.365816478194152
2019-08-23,905,-13.7000371888476,0.267405418329681,0.267400639779077
2019-08-23 01:00:00,905.041666666668,-14.1385454584416,0.19784710931209,0.197842324850054
2019-08-23 02:00:00,905.083333333332,-15.3345028024119,0.00762704354844235,0.00762225317747001
2019-08-23 03:00:00,905.125,-16.1051261439703,-0.11483658974966,-0.11484138602707
2019-08-23 04:00:00,905.166666666668,-16.5215947814126,-0.180882703818724,-0.180887506000071
2019-08-23 05:00:00,905.208333333332,-17.668471241744,-0.363282884405007,-0.363287692487786
2019-08-23 06:00:00,905.25,-17.7477625345084,-0.375615563413685,-0.375620377395388
2019-08-23 07:00:00,905.291666666668,-18.3894953745826,-0.477545161514807,-0.477549981392927
2019-08-23 08:00:00,905.333333333332,-18.3745370827778,-0.474862971859642,-0.474867797631665
2019-08-23 09:00:00,905.375,-18.4476382090909,-0.486208289423991,-0.486213121087399
2019-08-23 10:00:00,905.416666666668,-18.9936809037106,-0.572893115928111,-0.572897953480389
2019-08-23 11:00:00,905.458333333332,-19.008727782963,-0.574989508880649,-0.574994352319274
2019-08-23 12:00:00,905.5,-18.2779462459259,-0.458274481586717,-0.458279330909163
2019-08-23 13:00:00,905.541666666668,-17.9013339504638,-0.397978447170313,-0.397983302374056
2019-08-23 14:00:00,905.583333333332,-18.4300036885185,-0.481894067374294,-0.481898928456803
2019-08-23 15:00:00,905.625,-18.2342411319109,-0.450406685260508,-0.450411552219248
2019-08-23 16:00:00,905.666666666668,-19.2265629637037,-0.608181575303763,-0.608186448136202
2019-08-23 17:30:00,905.729166666668,-18.0812275934701,-0.425274014986358,-0.425278896624582
2019-08-23 18:30:00,905.770833333332,-18.8373988738404,-0.545428904274122,-0.545433791779691
2019-08-23 19:30:00,905.8125,-18.3833580367347,-0.472795719024631,-0.472800612394999
2019-08-23 20:30:00,905.854166666668,-18.6117606779221,-0.508875848314814,-0.508880747547434
2019-09-03 22:30:00,916.9375,-15.0265658586826,0.157613049009863,0.157606689627005
2019-09-03 23:00:00,916.958333333332,-15.0824146482927,0.148921381044355,0.148915019118631
2019-09-03 23:30:00,916.979166666668,-15.2185598748503,0.127438525814076,0.127432161346298
2019-09-04,917,-15.2734236513889,0.118903956151968,0.11889758914295
2019-09-04 00:30:00,917.020833333332,-15.2009071775449,0.130661243872448,0.130654874323004
2019-09-04 01:00:00,917.041666666668,-15.2003512243902,0.130955261666117,0.130948889577061
2019-09-04 01:30:00,917.0625,-15.3946197550898,0.100213692374288,0.100207317746434
2019-09-04 02:00:00,917.083333333332,-15.4300292741463,0.0947785695499642,0.0947721923841277
2019-09-04 02:30:00,917.104166666668,-15.3285856126126,0.111144348554466,0.111137968851461
2019-09-04 03:00:00,917.125,-15.3838970745098,0.102539016714688,0.10253263447533
2019-09-04 03:30:00,917.145833333332,-15.3177634706587,0.113280062945811,0.113273678170916
2019-09-04 04:00:00,917.166666666668,-15.2743170746341,0.120407113042321,0.120400725732705
2019-09-04 04:30:00,917.1875,-15.3075538847305,0.115318565863228,0.115312176019706
2019-09-04 05:00:00,917.208333333332,-15.2718931771845,0.121205534711437,0.121199142334826
2019-09-04 05:30:00,917.229166666668,-15.2557747636637,0.123979494361735,0.123973099452852
2019-09-04 06:00:00,917.25,-15.26301455,0.123032568261699,0.12302617082136
2019-09-04 06:30:00,917.270833333332,-15.5502604811377,0.0774805553515083,0.0774741553805323
2019-09-04 07:00:00,917.291666666668,-15.5196456373786,0.0825640831557186,0.0825576806549231
2019-09-04 07:30:00,917.3125,-15.5877185673653,0.0719266701783038,0.0719202651485046
2019-09-04 08:00:00,917.333333333332,-15.5680145601942,0.0752722780897317,0.075265870531749
2019-09-04 08:30:00,917.354166666668,-15.6672125613772,0.059676803148183,0.0596703930628357
2019-09-04 09:00:00,917.375,-15.6178883640777,0.0677411125807766,0.0677346999688813
2019-09-04 09:30:00,917.395833333332,-15.5427844107784,0.0799122475602722,0.0799058324226498
2019-09-04 10:00:00,917.416666666668,-15.4952718597087,0.0876881444145483,0.0876817267520185
2019-09-04 10:30:00,917.4375,-15.3435119676647,0.112070809122958,0.112064388936339
2019-09-04 11:00:00,917.458333333332,-15.2779515072816,0.122721934682587,0.1227155119727
2019-09-04 11:30:00,917.479166666668,-15.1722425083832,0.13976884300579,0.139762417773455
2019-09-04 12:00:00,917.5,-15.1193932053398,0.148395255865897,0.148388828111934
2019-09-04 12:30:00,917.520833333332,-15.0595598805389,0.158134320217082,0.158127889942312
2019-09-04 13:00:00,917.541666666668,-15.0815268063415,0.15484263799934,0.154836205204586
2019-09-04 13:30:00,917.5625,-14.7987035883234,0.200104335280012,0.200097899966092
2019-09-04 14:00:00,917.583333333332,-14.7232233072816,0.212336246284944,0.212329808452683
2019-09-04 14:30:00,917.604166666668,-14.6933472886228,0.217303457430697,0.217297017080917
2019-09-04 15:00:00,917.625,-14.8081164966019,0.199228672308853,0.199222229442374
2019-09-04 15:30:00,917.645833333332,-14.4519580883234,0.256173084661963,0.256166639279609
2019-09-04 16:00:00,917.666666666668,-14.4432960956311,0.257761161334796,0.257754713437391
2019-09-04 16:30:00,917.6875,-14.377919144012,0.268384063114937,0.268377612703302
2019-09-04 17:00:00,917.708333333332,-14.3014077747573,0.280780777175619,0.28077432425058
2019-09-09 17:30:00,922.729166666668,-20.4416359948529,-0.644531724798871,-0.644538758756993
2019-09-09 18:00:00,922.75,-20.507796205283,-0.654841342001594,-0.654848378265407
2019-09-09 18:30:00,922.770833333332,-21.0644233156934,-0.743282602097176,-0.743289640665788
2019-09-09 19:00:00,922.791666666668,-20.6780641513208,-0.681505390011967,-0.681512430884485
2019-09-09 19:30:00,922.8125,-19.5119671127737,-0.49551529265176,-0.495522335827294
2019-09-09 20:00:00,922.833333333332,-19.7600037849057,-0.534797621280795,-0.534804666758449
2019-09-09 20:30:00,922.854166666668,-18.1581131390511,-0.27938512152391,-0.279392169302793
2019-09-09 21:00:00,922.875,-18.2642566007547,-0.296063591062968,-0.296070641142187
2019-09-09 21:30:00,922.895833333332,-17.2826788171533,-0.139467204335171,-0.139474256713832
2019-09-09 22:00:00,922.916666666668,-17.1812424416667,-0.123077888318628,-0.123084942995837
2019-09-09 22:30:00,922.9375,-16.3754781361314,0.00551145480777615,0.00550439783291212
2019-09-09 23:00:00,922.958333333332,-16.2861287943182,0.0199754667564981,0.0199684074848748
2019-09-09 23:30:00,922.979166666668,-17.7773932191011,-0.217353339366893,-0.217360400934382
2019-09-10,923,-17.4190829521951,-0.160043490932377,-0.160050554794837
2019-09-10 00:30:00,923.020833333332,-18.9615401620438,-0.405527175443199,-0.405534241599734
2019-09-10 01:00:00,923.041666666668,-18.4020301898113,-0.316165901372921,-0.316172969822637
2019-09-10 01:30:00,923.0625,-19.2728138156934,-0.454651335233412,-0.454658405975413
2019-09-10 02:00:00,923.083333333332,-18.7886541469925,-0.377293249682971,-0.37730032271636
2019-09-10 02:30:00,923.104166666668,-18.1306850029304,-0.272247106205961,-0.272254181529842
2019-09-10 03:00:00,923.125,-18.0617142582707,-0.261028744393821,-0.2610358220073
2019-09-10 19:00:00,923.791666666668,-15.9753433262626,0.078776683146267,0.0787695327405713
2019-09-10 19:30:00,923.8125,-15.7107977302273,0.121153022611262,0.121145869945696
2019-09-10 20:30:00,923.854166666668,-15.4754134519231,0.159118230016836,0.159111072834252
2019-09-10 21:00:00,923.875,-15.5160691320276,0.152876037757264,0.152868878317527
2019-09-10 21:30:00,923.895833333332,-15.8127951963855,0.105841733456737,0.105834571760755
2019-09-10 22:00:00,923.916666666668,-15.7110719621103,0.122280770296897,0.122273606345576
2019-09-11 13:00:00,924.541666666668,-13.688200393692,0.451597751328109,0.451590520139336
2019-09-11 14:00:00,924.583333333332,-13.5172801662338,0.479299577972449,0.479292342330362
2019-09-11 15:00:00,924.625,-13.4173857,0.495687278635802,0.495680038544058
2019-09-12 14:00:00,925.583333333332,-14.7464616205128,0.294966788224386,0.294959446805174
2019-09-12 14:30:00,925.604166666668,-14.7045931793587,0.301877546687129,0.30187020308684
2019-09-12 15:30:00,925.645833333332,-15.509128225641,0.174196952485396,0.174189604525735
2019-09-12 16:00:00,925.666666666668,-15.4481505427957,0.1841520686108,0.184144718472845
2019-09-12 16:30:00,925.6875,-15.7972307461538,0.128784750971561,0.128777398656238
2019-09-12 17:00:00,925.708333333332,-15.6833098549296,0.147173919074629,0.147166564582868
2019-09-12 17:30:00,925.729166666668,-15.6862051461538,0.146954266313553,0.146946909646282
2019-09-12 18:00:00,925.75,-15.5563340056338,0.167884481452975,0.167877122611122
2019-09-12 18:30:00,925.770833333332,-16.5075640641026,0.0165945834414608,0.0165872224259557
2019-09-12 19:00:00,925.791666666668,-16.5413279583501,0.0114577814082637,0.0114504182200358
2019-09-12 22:30:00,925.9375,-17.2568059356343,-0.100823450341411,-0.100830828712667
2019-09-12 23:30:00,925.979166666668,-17.5148255916512,-0.141441180995518,-0.141448563696404
2019-09-13 00:30:00,926.020833333332,-17.5211039178108,-0.141956017606537,-0.141963404633327
2019-09-13 01:30:00,926.0625,-17.4398887248609,-0.128532754048791,-0.12854014539776
2019-09-13 02:30:00,926.104166666668,-17.8145427094796,-0.187729456445762,-0.187736852113175
2019-09-13 03:30:00,926.145833333332,-17.7793866228625,-0.181642802087015,-0.181650202069142
2019-09-13 04:30:00,926.1875,-18.1867722431481,-0.246053038580268,-0.246060442873376
2019-09-13 05:30:00,926.229166666668,-18.4368407233333,-0.2854022231809,-0.285409631781249
2019-09-13 06:30:00,926.270833333332,-18.9684388918519,-0.369598969513393,-0.369606382417245
2019-09-13 07:30:00,926.3125,-19.5691409821892,-0.46480370141957,-0.464811118623189
2019-09-13 08:30:00,926.354166666668,-19.9299222172222,-0.521788551320802,-0.521795972820442
2019-09-13 09:30:00,926.395833333332,-19.7546092716667,-0.493372897100345,-0.493380322892262
2019-09-13 10:30:00,926.4375,-20.3311926390741,-0.584734545044954,-0.584741975125404
2019-09-13 11:30:00,926.479166666668,-20.1071555764815,-0.548556468803539,-0.548563903168773
2019-09-13 12:30:00,926.520833333332,-19.916257896846,-0.517657202645803,-0.51766464129207
2019-09-13 13:30:00,926.5625,-19.5161654258364,-0.453432739676461,-0.45344018260001
2019-09-13 15:00:00,926.625,-19.9012448974026,-0.5140414111152,-0.514048860447633
2019-09-13 16:00:00,926.666666666668,-19.8718775890538,-0.5088729399493,-0.508880393549627
2019-09-13 17:00:00,926.708333333332,-19.810866464193,-0.498663270026396,-0.498670727890857
2019-09-13 18:00:00,926.75,-19.1421561254647,-0.39164636514287,-0.391653827267705
2019-09-13 19:00:00,926.791666666668,-17.9835733096475,-0.206592108919667,-0.206599575301114
2019-09-13 20:00:00,926.833333333332,-18.6544508439703,-0.312971878409954,-0.312979349044247
2019-09-14,927,-17.462767220298,-0.121166671842695,-0.121174159450694
2019-09-14 01:00:00,927.041666666668,-18.137005631215,-0.228080258065092,-0.228087749907084
2019-09-14 02:00:00,927.083333333332,-18.8767914296089,-0.345435276049011,-0.345442772121224
2019-09-14 03:00:00,927.125,-18.7538456697026,-0.325356226625447,-0.325363726924101
2019-09-14 04:00:00,927.166666666668,-18.7674646804833,-0.32703172936464,-0.327039233885955
2019-09-14 05:00:00,927.208333333332,-18.7690426439703,-0.326788771520006,-0.326796280260201
2019-09-14 06:00:00,927.25,-18.8350148267161,-0.336803545928259,-0.336811058883551
2019-09-14 07:00:00,927.291666666668,-18.3047974159851,-0.251844579412915,-0.251852096579515
2019-09-14 08:00:00,927.333333333332,-17.8996382554731,-0.186807169141061,-0.186814690515185
2019-09-14 09:00:00,927.375,-17.6035279022305,-0.139140999664086,-0.139148525241941
2019-09-14 10:00:00,927.416666666668,-17.2822764506494,-0.0874695233789811,-0.0874770531567783
2019-09-14 11:00:00,927.458333333332,-16.8979610968519,-0.0257516107821476,-0.0257591447560941
2019-09-14 12:00:00,927.5,-16.2898624516729,0.071615451418186,0.0716079132518878
2019-09-14 13:00:00,927.541666666668,-15.8050092696296,0.149349734381846,0.149342192026991
2019-09-14 14:30:00,927.604166666668,-15.2093903312268,0.244978076559947,0.244970527929381
2019-09-14 15:30:00,927.645833333332,-14.5332211830855,0.353189906309031,0.353182353499409
2019-09-14 16:30:00,927.6875,-13.4842825143123,0.52078449730197,0.520776940317098
2019-09-14 17:30:00,927.729166666668,-13.2892750843866,0.552347541682962,0.552339980526643
2019-09-14 18:30:00,927.770833333332,-13.2731933098513,0.555407911008566,0.555400345684607
2019-09-14 19:30:00,927.8125,-13.1987309781076,0.567768654272235,0.567761084784449
2019-09-14 20:30:00,927.854166666668,-13.1207328333952,0.580692964268096,0.580685390620292
2019-09-14 21:30:00,927.895833333332,-12.9762862550186,0.604202866175151,0.604195288371142
2019-09-15 01:30:00,928.0625,-12.8149888599258,0.631898575785634,0.631890981394974
2019-09-15 02:30:00,928.104166666668,-12.816423019295,0.632171112796262,0.632163514268489
2019-09-15 03:30:00,928.145833333332,-12.7753884641264,0.639209253786454,0.639201651125395
2019-09-15 04:30:00,928.1875,-12.7743024183673,0.639883875828148,0.639876269037628
2019-09-15 05:30:00,928.229166666668,-12.8744962957249,0.624424840632422,0.624417229716269
2019-09-15 06:30:00,928.270833333332,-12.9669498916512,0.610199144433606,0.610191529395651
2019-09-15 07:30:00,928.3125,-13.1289203662963,0.584899666153503,0.584892046997578
2019-09-15 08:30:00,928.354166666668,-13.6182578742115,0.507450691651548,0.507443068381484
2019-09-15 09:30:00,928.395833333332,-14.4627848048237,0.373420094151994,0.373412466771628
2019-09-15 10:30:00,928.4375,-14.9271375420074,0.299951822945679,0.299944191458851
2019-09-15 11:30:00,928.479166666668,-14.6762981362963,0.340414476532411,0.340406840942955
2019-09-15 12:30:00,928.520833333332,-14.4675231962894,0.374176535759193,0.374168896070953
2019-09-15 14:00:00,928.583333333332,-15.6130624799107,0.19244797386973,0.19244032804052
2019-09-15 15:00:00,928.625,-15.8457068816327,0.155892378101023,0.155884728182641
2019-09-15 16:00:00,928.666666666668,-16.541879383859,0.0454967288605896,0.0454890748568787
2019-09-15 17:00:00,928.708333333332,-16.0300445090909,0.127537821954796,0.127530163869609
2019-09-15 18:00:00,928.75,-15.2164304383459,0.257652860286738,0.257645198123926
2019-09-15 19:00:00,928.791666666668,-16.7173277370577,0.0190648868901143,0.0190572206535279
2019-09-15 20:00:00,928.833333333332,-15.9701038805195,0.138604523204584,0.13859685289808
2019-09-15 21:00:00,928.875,-14.739042667718,0.335220099013186,0.335212424640622
2019-09-15 22:00:00,928.916666666668,-15.0291057369202,0.289519792309976,0.289512113875209
2019-09-15 23:00:00,928.958333333332,-14.6093951949907,0.356887231438578,0.356879548945467
2019-09-16 03:00:00,929.125,-14.6047974052045,0.35965168056625,0.35964398187841
2019-09-16 04:00:00,929.166666666668,-14.6467884730983,0.353471231236959,0.353463528510104
2019-09-16 05:00:00,929.208333333332,-15.0829628427509,0.284497401052329,0.28448969429033
2019-09-16 06:00:00,929.25,-15.7836400823748,0.173388375206471,0.173380664413205
2019-09-16 07:00:00,929.291666666668,-15.773888687013,0.17545143887593,0.175443724055267
2019-09-16 08:00:00,929.333333333332,-15.9150651635009,0.153471884724557,0.153464165880375
2019-09-16 09:00:00,929.375,-16.7324759259259,0.0237680253364733,0.0237603024726538
2019-09-16 10:00:00,929.416666666668,-16.6705000390741,0.0341513870954953,0.0341436602159153
2019-09-16 11:00:00,929.458333333332,-17.2268407364815,-0.0539632256395901,-0.0539709565310486
2019-09-16 12:00:00,929.5,-17.1400185261111,-0.0396212285803186,-0.0396289634797691
2019-09-16 13:30:00,929.5625,-19.1155139664804,-0.353551768588455,-0.35355950949261
2019-09-16 14:30:00,929.604166666668,-18.7856270862709,-0.300488649640577,-0.300496394543009
2019-09-16 15:30:00,929.645833333332,-19.3439981730983,-0.388925361546392,-0.388933110443211
2019-09-16 16:30:00,929.6875,-19.5137012790352,-0.415446688556557,-0.415454441443869
2019-09-16 17:30:00,929.729166666668,-19.2726196875696,-0.376529422188595,-0.376537179062509
2019-09-16 18:30:00,929.770833333332,-18.6722244840445,-0.280372943382438,-0.280380704239058
2019-09-16 19:30:00,929.8125,-17.7460890133581,-0.132325510235233,-0.132333275070659
2019-09-16 20:30:00,929.854166666668,-17.8497792018553,-0.148329743781024,-0.148337512591361
2019-09-16 21:30:00,929.895833333332,-17.7056159435993,-0.124850449662256,-0.1248582224436
2019-09-16 22:30:00,929.9375,-18.634806666171,-0.272356915507036,-0.272364692255486
2019-09-16 23:30:00,929.979166666668,-17.5899313695733,-0.105392957855688,-0.105400738567339
2019-09-17 00:30:00,930.020833333332,-17.3847829233766,-0.0721977918656036,-0.07220557653655
2019-09-17 04:30:00,930.1875,-17.5673197085502,-0.0992135929623287,-0.0992213934313597
2019-09-17 05:30:00,930.229166666668,-18.3564675072356,-0.224409054846353,-0.224416859255123
2019-09-17 06:30:00,930.270833333332,-18.0670577256983,-0.177789229349533,-0.177797037694125
2019-09-17 07:30:00,930.3125,-18.0737699502783,-0.178341557203527,-0.17834936948002
2019-09-17 08:30:00,930.354166666668,-17.960916512987,-0.159846696107265,-0.159854512311743
2019-09-17 09:30:00,930.395833333332,-19.0147169521226,-0.327200337925148,-0.327208158053687
2019-09-17 10:30:00,930.4375,-19.0465407442593,-0.331752076518359,-0.331759900567034
2019-09-17 11:30:00,930.479166666668,-18.8008682202226,-0.292098160867691,-0.29210598883258
2019-09-17 13:00:00,930.541666666668,-18.9727918237918,-0.318708004886068,-0.318715838717911
2019-09-17 14:00:00,930.583333333332,-18.8695380534323,-0.301740767694792,-0.301748605433025
2019-09-17 15:00:00,930.625,-19.1195770027829,-0.341053021375681,-0.341060863016372
2019-09-17 16:00:00,930.666666666668,-19.6549758881262,-0.425823025203113,-0.425830870742332
2019-09-17 17:00:00,930.708333333332,-20.2615528367347,-0.521931454060916,-0.521939303494726
2019-09-17 18:00:00,930.75,-20.2302453416357,-0.516424144149877,-0.51643199747434
2019-09-17 19:00:00,930.791666666668,-19.5832992416357,-0.412844873755632,-0.412852730966813
2019-09-17 20:00:00,930.833333333332,-18.1125352804833,-0.178030538856643,-0.178038399950599
2019-09-17 21:00:00,930.875,-18.4653803269017,-0.233718131791095,-0.233725996763883
2019-09-17 22:00:00,930.916666666668,-17.965675316141,-0.153593601395201,-0.15360147024288
2019-09-17 23:00:00,930.958333333332,-17.9932671602968,-0.157467547088578,-0.157475419807203
2019-09-18,931,-18.6887519381679,-0.267737024962785,-0.267744901548407
2019-09-18 01:00:00,931.041666666668,-18.8671951410781,-0.29564112128443,-0.295649001733101
2019-09-18 02:00:00,931.083333333332,-18.7256215404453,-0.272566023204368,-0.272573907512139
2019-09-18 05:30:00,931.229166666668,-17.0386855289308,-0.00200551161865048,-0.00201340940213135
2019-09-18 06:00:00,931.25,-16.8322262913158,0.0311453660784523,0.0311374663738285
2019-09-18 06:30:00,931.270833333332,-18.0769181679245,-0.166873093838425,-0.166880995463204
2019-09-18 07:00:00,931.291666666668,-17.9625236707895,-0.148388051339315,-0.14839595488326
2019-09-18 07:30:00,931.3125,-18.6969874264151,-0.265126663284398,-0.265134568746516
2019-09-18 08:00:00,931.333333333332,-18.9616947184211,-0.307032663089541,-0.307040570468846
2019-09-18 08:30:00,931.354166666668,-21.3850189949686,-0.692807819348345,-0.692815728643845
2019-09-18 09:00:00,931.375,-21.3011163526455,-0.679179864011503,-0.679187775222204
2019-09-18 09:30:00,931.395833333332,-21.6869496893082,-0.740381114115398,-0.740389027240311
2019-09-18 10:00:00,931.416666666668,-21.7978368518421,-0.757783170543418,-0.757791085581553
2019-09-18 10:30:00,931.4375,-21.8302515647799,-0.762684438049877,-0.762692355000239
2019-09-18 11:00:00,931.458333333332,-21.8165343936508,-0.760236791868122,-0.760244710729725
2019-09-18 12:00:00,931.5,-22.3677396911243,-0.847518992981578,-0.847526915662679
2019-09-18 12:30:00,931.520833333332,-22.3331707287263,-0.841749426981794,-0.841757351571156
2019-09-18 13:00:00,931.541666666668,-22.0944378313609,-0.803456328788271,-0.803464255284904
2019-09-18 13:30:00,931.5625,-21.9309756489189,-0.777153837849823,-0.777161766252729
2019-09-18 14:00:00,931.583333333332,-22.7154523031746,-0.901858609618104,-0.901866539926297
2019-09-18 14:30:00,931.604166666668,-22.2403777165761,-0.825915897273188,-0.825923829485671
2019-09-18 15:00:00,931.625,-22.3756331289941,-0.847199118600408,-0.847207052716186
2019-09-18 15:30:00,931.645833333332,-21.5049973008108,-0.708243075190733,-0.708251011208815
2019-09-18 16:00:00,931.666666666668,-21.426059112426,-0.695404960304657,-0.695412898224049
2019-09-18 16:30:00,931.6875,-21.0840406455285,-0.640657897831755,-0.64066583765146
2019-09-18 17:00:00,931.708333333332,-21.6798047100592,-0.735300191580638,-0.735308133299667
2019-09-18 17:30:00,931.729166666668,-20.9562176672176,-0.619768839948632,-0.619776783565989
2019-09-18 18:00:00,931.75,-21.0097336621302,-0.628030486440159,-0.628038431954846
2019-09-18 18:30:00,931.770833333332,-21.2030867441734,-0.658568209756511,-0.658576157167535
2019-09-18 19:00:00,931.791666666668,-20.4594497147929,-0.539842667687761,-0.539850616994128
2019-09-18 19:30:00,931.8125,-19.9287513435135,-0.455038335006331,-0.455046286207043
2019-09-18 20:00:00,931.833333333332,-19.8508580106509,-0.442366097541724,-0.44237405063579
2019-09-18 20:30:00,931.854166666668,-18.8119973173442,-0.276611001890015,-0.276618956876435
2019-09-18 21:00:00,931.875,-18.2692248550296,-0.189883045030742,-0.189891001908524
2019-09-18 21:30:00,931.895833333332,-17.9958486408108,-0.146070032125421,-0.146077990893567
2019-09-18 22:00:00,931.916666666668,-18.0355917899408,-0.152137086712719,-0.152145047370232
2019-09-18 22:30:00,931.9375,-17.7404027264865,-0.104849129674798,-0.104857092220681
2019-09-18 23:00:00,931.958333333332,-16.4793905781065,0.096295205760904,0.0962872413276434
2019-09-18 23:30:00,931.979166666668,-16.2905594424324,0.12664041042506,0.126632444105424
2019-09-19,932,-16.6129763088757,0.0755435137200867,0.0755355455150698
2019-09-19 00:30:00,932.020833333332,-16.4124239089674,0.10775606554365,0.10774809545425
2019-09-19 01:00:00,932.041666666668,-16.8696449786982,0.035184904245306,0.0351769322725194
2019-09-19 01:30:00,932.0625,-16.7268590563686,0.0581953561651853,0.0581873823100132
2019-09-19 02:00:00,932.083333333332,-17.293804787574,-0.0318548809292596,-0.0318628566658248
2019-09-19 02:30:00,932.104166666668,-17.1250894585366,-0.00471371487168415,-0.00472169248863885
2019-09-19 03:00:00,932.125,-17.524721847929,-0.0681106759993612,-0.0681186554957096
2019-09-19 03:30:00,932.145833333332,-17.4449972972973,-0.055145663551829,-0.0551536449265728
2019-09-19 07:00:00,932.291666666668,-17.9761524147059,-0.137903240958662,-0.137911235454192
2019-09-19 07:30:00,932.3125,-17.8763025648148,-0.121731691379926,-0.121739687745853
2019-09-19 08:00:00,932.333333333332,-17.9227219398396,-0.128860863686867,-0.128868861922192
2019-09-19 08:30:00,932.354166666668,-17.8376767713415,-0.115047570129188,-0.115055570232911
2019-09-19 09:00:00,932.375,-17.9206497491979,-0.127999617252504,-0.128007619223625
2019-09-19 09:30:00,932.395833333332,-17.8264268292683,-0.112724161165021,-0.112732165002535
2019-09-19 10:00:00,932.416666666668,-18.2446854997312,-0.179087318619588,-0.1790953243225
2019-09-19 10:30:00,932.4375,-18.2317636327273,-0.176763038329812,-0.176771045897115
2019-09-19 11:30:00,932.479166666668,-17.8770702643229,-0.119728286130066,-0.119736297423149
2019-09-19 12:00:00,932.5,-17.7823483380645,-0.104372988153107,-0.104381001307578
2019-09-19 12:30:00,932.520833333332,-17.3625182330729,-0.0372276551149489,-0.0372356701298034
2019-09-19 13:00:00,932.541666666668,-17.1294515406452,0.000166202666992632,0.000158185792752397
2019-09-19 13:30:00,932.5625,-18.7887161424479,-0.263889597210755,-0.263897615943373
2019-09-19 14:00:00,932.583333333332,-19.6419477254902,-0.399543691438499,-0.399551712028494
2019-09-19 14:30:00,932.604166666668,-19.4874542749347,-0.374666397955124,-0.374674420401494
2019-09-19 15:00:00,932.625,-19.1825097406452,-0.325822069626683,-0.325830093928424
2019-09-19 15:30:00,932.645833333332,-19.330929119685,-0.349198867013079,-0.349206893169185
2019-09-19 16:00:00,932.666666666668,-19.5781031825806,-0.388307286485173,-0.388315314494645
2019-09-19 16:30:00,932.6875,-18.7446079376316,-0.255264243368465,-0.255272273230294
2019-09-19 17:00:00,932.708333333332,-18.3952709432258,-0.199347885993274,-0.199355917706456
2019-09-19 17:30:00,932.729166666668,-17.8377677367742,-0.11027043275973,-0.110278466323266
2019-09-19 18:00:00,932.75,-17.4906064316129,-0.0547005252276104,-0.0547085606404936
2019-09-19 18:30:00,932.770833333332,-17.8284607458115,-0.10825402592723,-0.108262063188453
2019-09-19 19:00:00,932.791666666668,-17.0722257870968,0.0124817458166113,0.0124737067080487
2019-09-19 19:30:00,932.8125,-16.7047963488251,0.0712805896930783,0.0712725487381862
2019-09-19 20:00:00,932.833333333332,-16.325922616129,0.131902587199811,0.131894544399595
2019-09-19 20:30:00,932.854166666668,-15.6992976315927,0.231991605486819,0.231983560842279
2019-09-19 21:00:00,932.875,-15.4453636246753,0.272710753991273,0.272702707503417
2019-09-19 21:30:00,932.895833333332,-14.5255706884817,0.419501775007898,0.419493726677735
2019-09-19 22:00:00,932.916666666668,-14.8025064779221,0.375653124047238,0.375645073875769
2019-09-19 22:30:00,932.9375,-13.198815129972,0.631389789171074,0.631381737159312
2019-09-19 23:00:00,932.958333333332,-12.9820519363636,0.666187877337036,0.666179823485985
2019-09-19 23:30:00,932.979166666668,-13.6373237592689,0.562070233315853,0.562062177626516
2019-09-20,933,-13.7450638351064,0.545174856951531,0.545166799424917
2019-09-20 00:30:00,933.020833333332,-14.7313697869792,0.388323377742585,0.388315318379705
2019-09-20 01:00:00,933.041666666668,-14.7197612864516,0.390440452930482,0.390432391732337
2019-09-20 01:30:00,933.0625,-14.9349843622396,0.356423164887761,0.356415101855363
2019-09-20 02:00:00,933.083333333332,-14.915838683871,0.359741055803788,0.359732990938146
2019-09-20 02:30:00,933.104166666668,-15.1375077963542,0.324697047352428,0.324688980654545
2019-09-20 03:00:00,933.125,-15.1410193754839,0.324405758732401,0.324397690203287
2019-09-20 03:30:00,933.145833333332,-15.0900548370757,0.332792623401219,0.332784553041886
2019-09-20 04:00:00,933.166666666668,-15.1144774329032,0.329170332515154,0.329162260326604
2019-09-20 04:30:00,933.1875,-15.5604166684896,0.258400208461478,0.258392134444725
2019-09-20 05:00:00,933.208333333332,-15.6017999677419,0.252076202899093,0.252068127055147
2019-09-20 08:30:00,933.354166666668,-15.2885027634508,0.303865278122602,0.303857189516551
2019-09-20 09:30:00,933.395833333332,-15.1488979779221,0.326642353050424,0.326634260807151
2019-09-20 11:00:00,933.458333333332,-15.0790074363636,0.33858337833591,0.338575280644388
2019-09-20 12:00:00,933.5,-15.5701539654917,0.260882001461665,0.260873900143032
2019-09-20 13:00:00,933.541666666668,-15.6115780711896,0.254822000880101,0.254813895938401
2019-09-20 14:00:00,933.583333333332,-15.6282838699443,0.252699916845368,0.25269180828466
2019-09-20 15:00:00,933.625,-15.382493503525,0.292393931816327,0.292385819640656
2019-09-20 16:00:00,933.666666666668,-15.4631245483271,0.280089054748868,0.280080938962284
2019-09-20 17:00:00,933.708333333332,-15.6327959320965,0.253600259811784,0.253592140418349
2019-09-20 18:00:00,933.75,-14.872287570872,0.375290034450596,0.37528191145436
2019-09-20 19:00:00,933.791666666668,-14.7305955467532,0.398402195578184,0.398394068983208
2019-09-20 20:00:00,933.833333333332,-14.3547728026071,0.458811818645166,0.458803688455505
2019-09-20 21:00:00,933.875,-13.3320501685874,0.622273327100851,0.622265193320566
2019-09-20 22:00:00,933.916666666668,-13.0166178113173,0.6730632594038,0.673055122036955
2019-09-20 23:00:00,933.958333333332,-12.4063896018553,0.770814651719921,0.770806510770578
2019-09-21,934,-12.9900556682746,0.678378102533332,0.678369958005556
2019-09-21 01:00:00,934.041666666668,-13.3646567688312,0.619246021347951,0.619237873245811
2019-09-21 02:00:00,934.083333333332,-13.6087755020408,0.580900143786177,0.580891992113739
2019-09-21 03:00:00,934.125,-13.8378899436567,0.544944729580495,0.544936574341827
2019-09-21 04:00:00,934.166666666668,-14.0748664053803,0.507737158658079,0.507728999857257
2019-09-21 05:00:00,934.208333333332,-14.3424107819703,0.465660365479584,0.465652203120676
2019-09-21 06:00:00,934.25,-14.0927884983302,0.505968858997371,0.505960693084454
2019-09-21 10:00:00,934.416666666668,-14.2653395218924,0.480657974944895,0.480649794856717
2019-09-21 11:30:00,934.479166666668,-13.9798942500928,0.526946943533372,0.526938758146303
2019-09-21 12:30:00,934.520833333332,-13.7162504541744,0.569490810141345,0.569482621226787
2019-09-21 13:30:00,934.5625,-13.7449721736549,0.565460907273368,0.565452714835407
2019-09-21 14:30:00,934.604166666668,-13.9412708781076,0.534736136722149,0.534727940764875
2019-09-21 15:30:00,934.645833333332,-13.4502597302412,0.613500582301029,0.613492382828532
2019-09-21 16:30:00,934.6875,-14.2898234087361,0.4803037724112,0.480295569427564
2019-09-21 17:30:00,934.729166666668,-14.5187161595547,0.444387542628852,0.444379336138175
2019-09-21 18:30:00,934.770833333332,-14.719293145269,0.412982299117885,0.41297408912426
2019-09-21 19:30:00,934.8125,-14.0554100413729,0.519286430010921,0.519278216518438
2019-09-21 20:30:00,934.854166666668,-13.4332300591837,0.618947487909239,0.618939270922
2019-09-21 21:30:00,934.895833333332,-12.9309647565863,0.699506315470207,0.69949809499231
2019-09-21 22:30:00,934.9375,-12.6634823727273,0.742664319830892,0.742656095866432
2019-09-21 23:30:00,934.979166666668,-13.1263903355019,0.66947088327952,0.669462655832602
2019-09-22 00:30:00,935.020833333332,-13.3011576981447,0.642178713209529,0.642170482284258
2019-09-22 01:30:00,935.0625,-13.365469393321,0.632482472590472,0.632474238190945
2019-09-22 02:30:00,935.104166666668,-13.5695027719852,0.600528730354191,0.600520492484519
2019-09-22 03:30:00,935.145833333332,-13.5068587405204,0.611057152250213,0.611048910914503
2019-09-22 04:30:00,935.1875,-13.6077866682746,0.595528705998479,0.595520461200838
2019-09-22 05:30:00,935.229166666668,-13.645274596475,0.590106558575322,0.59009831031986
2019-09-22 06:30:00,935.270833333332,-13.724224503525,0.578079749574998,0.578071497865829
2019-09-22 07:30:00,935.3125,-13.4679944382189,0.619447610695713,0.619439355536947
2019-09-22 11:30:00,935.479166666668,-13.4865305966605,0.618698306224991,0.618690037309003
2019-09-22 12:30:00,935.520833333332,-13.2330779350649,0.659625025720856,0.659616753375861
2019-09-22 13:30:00,935.5625,-12.8881484250464,0.715124331847573,0.715116056077692
2019-09-22 14:30:00,935.604166666668,-13.2588364295539,0.656625515544909,0.656617236354265
2019-09-22 15:30:00,935.645833333332,-12.9487532220779,0.706574298539349,0.706566015932069
2019-09-22 16:30:00,935.6875,-12.7023903083643,0.746372651659751,0.74636436563996
2019-09-22 17:30:00,935.729166666668,-12.2074211753247,0.825774411350154,0.825766121921981
2019-09-22 18:30:00,935.770833333332,-12.43377222,0.790269609157171,0.790261316324745
2019-09-22 19:30:00,935.8125,-11.3210796314815,0.968075672236453,0.968067376003902
2019-09-22 20:30:00,935.854166666668,-11.1410686463822,0.997305146709042,0.997296847080503
2019-09-22 21:30:00,935.895833333332,-11.3409573974074,0.966016578775873,0.966008275755476
2019-09-22 22:30:00,935.9375,-11.4650185222222,0.94680766264145,0.946799356233331
2019-09-22 23:30:00,935.979166666668,-11.8384740633333,0.88787029424268,0.887861984450978
2019-09-23 00:30:00,936.020833333332,-11.9211499687037,0.87525458579985,0.875246272628701
2019-09-23 01:30:00,936.0625,-12.0160888740741,0.860685628597254,0.860677312050797
2019-09-23 02:30:00,936.104166666668,-12.1056092646296,0.846980100295835,0.846971780378214
2019-09-23 03:30:00,936.145833333332,-12.1372000172222,0.842503060053542,0.842494736768897
2019-09-23 04:30:00,936.1875,-12.1104963001852,0.847312625530983,0.847304298883457
2019-09-23 05:30:00,936.229166666668,-12.0393407301852,0.859203657716172,0.859195327709914
2019-09-23 06:30:00,936.270833333332,-11.8308518761111,0.892972234674308,0.892963901313461
2019-09-23 07:30:00,936.3125,-11.7801129603704,0.901611387920773,0.901603051209486
2019-09-23 08:30:00,936.354166666668,-11.7310764854478,0.909979595037931,0.909971254980356
2019-09-23 09:30:00,936.395833333332,-11.6198546848948,0.928254222590608,0.928245879190894
2019-09-23 13:00:00,936.541666666668,-11.2759743096838,0.984985808625415,0.984977453560926
2019-09-23 14:00:00,936.583333333332,-11.2991781194805,0.981847478161476,0.981839119773549
2019-09-23 15:00:00,936.625,-11.3676549128015,0.971497381121978,0.971489019414765
2019-09-23 16:00:00,936.666666666668,-11.2565640150278,0.989752797361385,0.989744432339052
2019-09-23 17:00:00,936.708333333332,-11.4443441032258,0.960398103438478,0.960389735105187
2019-10-03 21:30:00,946.895833333332,-17.3189710535645,0.168017315500896,0.168008265683841
2019-10-03 22:00:00,946.916666666668,-17.10455007,0.202480501176417,0.202471450232734
2019-10-03 23:00:00,946.958333333332,-17.1015086734104,0.203576670443506,0.203567617249898
2019-10-03 23:30:00,946.979166666668,-17.0174118470588,0.217279257750782,0.217270203433877
2019-10-04,947,-17.0710462312139,0.209041209057141,0.209032153618052
2019-10-04 00:30:00,947.020833333332,-17.0612939941176,0.210900738643773,0.210891682083608
2019-10-04 01:00:00,947.041666666668,-17.382841965896,0.159983952384362,0.159974894704231
2019-10-04 01:30:00,947.0625,-17.3686469470588,0.162551308595659,0.162542249796675
2019-10-04 02:00:00,947.083333333332,-17.4290944252408,0.153228105791755,0.153219045875024
2019-10-04 02:30:00,947.104166666668,-17.3934706529412,0.159209165904489,0.159200104871124
2019-10-04 03:00:00,947.125,-17.6941926720617,0.111610145109038,0.111601082960154
2019-10-04 03:30:00,947.145833333332,-17.5997498,0.126961217851296,0.126952154587999
2019-10-04 07:00:00,947.291666666668,-17.7249999949814,0.10915379063279,0.109144719599732
2019-10-04 08:00:00,947.333333333332,-17.6205649696907,0.126403620783138,0.126394547540153
2019-10-04 09:00:00,947.375,-17.4562040892393,0.153199856844177,0.153190781395716
2019-10-04 10:00:00,947.416666666668,-17.3044744114519,0.177984107339755,0.177975029690265
2019-10-04 11:00:00,947.458333333332,-17.2303803009276,0.190401130221709,0.190392050375638
2019-10-04 12:00:00,947.5,-17.2370871792208,0.189946671259839,0.189937589221642
2019-10-04 13:00:00,947.541666666668,-17.254700015,0.187755058578326,0.187745974352452
2019-10-04 14:00:00,947.583333333332,-17.2202203896296,0.193861984970391,0.193852898561291
2019-10-04 15:00:00,947.625,-17.4551426011111,0.157053178705814,0.157044090117946
2019-10-04 16:00:00,947.666666666668,-17.9511852081481,0.07864787898609,0.078638788223903
2019-10-04 17:00:00,947.708333333332,-18.1670555790741,0.0448743885349236,0.0448652956028732
2019-10-04 18:00:00,947.75,-18.612801852037,-0.0255183258563832,-0.0255274209538383
2019-10-04 19:00:00,947.791666666668,-19.6639888738404,-0.19235801298221,-0.192367110240617
2019-10-04 20:00:00,947.833333333332,-19.2040983100186,-0.118481789987541,-0.118490889402441
2019-10-04 21:00:00,947.875,-19.2274333412963,-0.12158357903073,-0.121592680597663
2019-10-04 22:30:00,947.9375,-20.525322903154,-0.327414747402245,-0.32742385218887
2019-10-04 23:30:00,947.979166666668,-20.064386225261,-0.253371282037632,-0.253380388965144
2019-10-05 00:30:00,948.020833333332,-20.9454868404135,-0.393115147015891,-0.39312425607983
2019-10-05 01:30:00,948.0625,-21.0945261840824,-0.416240959146911,-0.416250070342813
2019-10-05 02:30:00,948.104166666668,-21.7454783915254,-0.5193216803063,-0.519330793629705
2019-10-05 03:30:00,948.145833333332,-21.5920525213884,-0.494264230360834,-0.494273345807279
2019-10-05 04:30:00,948.1875,-22.0162499795113,-0.561222421171992,-0.56123153873701
2019-10-05 08:30:00,948.354166666668,-21.9048661684015,-0.541010155053952,-0.541019281048619
2019-10-05 09:30:00,948.395833333332,-22.1107918195167,-0.573196654714109,-0.573205782805021
2019-10-05 10:30:00,948.4375,-21.7865232051948,-0.520922662693199,-0.520931792875886
2019-10-05 11:30:00,948.479166666668,-22.0637761533582,-0.564471319434047,-0.564480451704042
2019-10-05 12:30:00,948.520833333332,-21.2050724771375,-0.427061108461903,-0.427070242814736
2019-10-05 13:30:00,948.5625,-22.1802448654917,-0.581788499723655,-0.581797636154852
2019-10-05 14:30:00,948.604166666668,-22.8202756638734,-0.683127431160195,-0.683136569665288
2019-10-05 15:30:00,948.645833333332,-23.3279234791045,-0.763377494049132,-0.763386634623648
2019-10-05 16:30:00,948.6875,-23.4110484273743,-0.776000596449668,-0.776009739089132
2019-10-05 17:30:00,948.729166666668,-23.6236505795539,-0.809249345864078,-0.809258490564019
2019-10-05 18:30:00,948.770833333332,-22.2083135413729,-0.583166055131053,-0.583175201886996
2019-10-05 19:30:00,948.8125,-22.1175694937378,-0.568091210902067,-0.568100359709534
2019-10-05 20:30:00,948.854166666668,-20.9925009482375,-0.388247571879272,-0.388256722733791
2019-10-05 22:00:00,948.916666666668,-19.3204656573284,-0.120961726377074,-0.120970880293775
2019-10-05 23:00:00,948.958333333332,-17.1640130018553,0.223182544871901,0.223173388919344
2019-10-06,949,-17.9563995959064,0.0975747784260729,0.097565620442139
2019-10-06 01:00:00,949.041666666668,-18.3211573024345,0.0400887610648543,0.0400796010540166
2019-10-06 02:00:00,949.083333333332,-18.7318838835206,-0.0247199694680078,-0.0247291315012632
2019-10-06 03:00:00,949.125,-18.4274250951311,0.0244010015143449,0.0243918374631524
2019-10-06 04:00:00,949.166666666668,-18.2901517202247,0.0468893774154581,0.0468802113508038
2019-10-06 05:00:00,949.208333333332,-18.1866716756098,0.0639946120931664,0.0639854440195385
2019-10-06 06:00:00,949.25,-18.9658251847744,-0.0595041489639585,-0.0595133190420772
2019-10-11 01:30:00,954.0625,-21.0349832983271,-0.31641000093799,-0.316419372205763
2019-10-11 02:30:00,954.104166666668,-20.6867124476809,-0.260292800502653,-0.260302173248431
2019-10-11 03:30:00,954.145833333332,-20.8906673234201,-0.292145430704417,-0.292154804923647
2019-10-11 04:30:00,954.1875,-20.325666035436,-0.201502672642842,-0.201512048330976
2019-10-11 05:30:00,954.229166666668,-19.6369591920223,-0.0911534096500617,-0.0911627868025493
2019-10-11 06:30:00,954.270833333332,-19.893654244052,-0.13140722297448,-0.131416601586767
2019-10-11 07:30:00,954.3125,-19.5381020328386,-0.0741294888489797,-0.0741388689165162
2019-10-11 08:30:00,954.354166666668,-19.592525054731,-0.0821609817618226,-0.0821703632800572
2019-10-11 09:30:00,954.395833333332,-19.3737536903704,-0.0466722934749255,-0.0466816764393022
2019-10-11 10:30:00,954.4375,-19.4107814268519,-0.0519324648348655,-0.0519418492408344
2019-10-11 11:30:00,954.479166666668,-19.5653321074211,-0.0759140055841226,-0.0759233914271303
2019-10-11 12:30:00,954.520833333332,-19.6363648107407,-0.0865909536147204,-0.0866003408902098
2019-10-11 13:30:00,954.5625,-20.0596493348794,-0.153381749492719,-0.153391138196136
2019-10-11 14:30:00,954.604166666668,-19.668339509462,-0.0904069647622065,-0.0904163548890023
2019-10-12 08:00:00,955.333333333332,-18.7252351688119,0.0710289583773348,0.0710195440791915
2019-10-12 08:30:00,955.354166666668,-18.6614963259259,0.081503080034193,0.0814936650659579
2019-10-12 09:00:00,955.375,-18.7643019844059,0.0654465717017686,0.0654371560645822
2019-10-12 09:30:00,955.395833333332,-18.7552296511111,0.0672123354605148,0.0672029191555206
2019-10-12 10:00:00,955.416666666668,-18.6192425717822,0.0891957369683696,0.089186319996702
2019-10-12 10:30:00,955.4375,-18.5335407562963,0.1031686879814,0.103159270344206
2019-10-15 12:30:00,958.520833333332,-19.591765048932,-0.0176741188006665,-0.0176836223380521
2019-10-15 14:00:00,958.583333333332,-21.9953459303983,-0.399593314352363,-0.399602819371793
2019-10-15 15:00:00,958.625,-21.7992465626223,-0.367705798764486,-0.367715304766218
2019-10-15 16:00:00,958.666666666668,-23.7096698625,-0.671388763066266,-0.671398270045713
2019-10-15 17:00:00,958.708333333332,-23.4949178790607,-0.636529699977326,-0.636539207929908
2019-10-15 18:00:00,958.75,-22.9438919550098,-0.548101872094079,-0.548111381015214
2019-10-15 19:00:00,958.791666666668,-22.6472421882813,-0.500196262435996,-0.500205772321097
2019-10-15 20:00:00,958.833333333332,-20.3610781095703,-0.135359516063871,-0.135369026908357
2019-10-15 21:00:00,958.875,-20.4349707173828,-0.146481401629316,-0.146490913428604
2019-10-15 22:00:00,958.916666666668,-19.263115215625,0.0408453613049784,0.0408358485554768
2019-10-15 23:00:00,958.958333333332,-19.2404062515625,0.0451123436755073,0.0451028299803723
2019-10-16,959,-19.5744070144814,-0.0074447046187153,-0.00745421925489981
2019-10-16 01:00:00,959.041666666668,-19.2686328162109,0.0419149390151153,0.0419054234424689
2019-10-16 02:00:00,959.083333333332,-19.2460566164062,0.0461610222030429,0.0461515056985161
2019-10-16 03:00:00,959.125,-19.0484882671875,0.0782835625977048,0.0782740451658821
2019-10-16 04:00:00,959.166666666668,-18.8769999821918,0.106251612544903,0.106242094190373
2019-10-16 05:00:00,959.208333333332,-19.0967343988281,0.0718976886367846,0.071888169364128
2019-10-16 06:00:00,959.25,-19.1611523304687,0.06228587353371,0.0622763533475122
2019-10-16 07:00:00,959.291666666668,-19.4958281628906,0.00962186312743846,0.00961234203228808
2019-10-16 08:00:00,959.333333333332,-19.3911074607422,0.0269541157639633,0.0269445937644424
2019-10-16 09:00:00,959.375,-19.2006340477495,0.0579469172723247,0.0579373943730187
2019-10-16 10:00:00,959.416666666668,-19.1730995822266,0.0629835084315692,0.0629739846370672
2019-10-16 11:00:00,959.458333333332,-18.7249257484375,0.135028331637256,0.13501880695214
2019-10-16 12:00:00,959.5,-18.4865703332031,0.17364901058262,0.173639485011476
2019-10-16 13:30:00,959.5625,-18.4810779787524,0.175499831831388,0.175490304939805
2019-10-16 14:30:00,959.604166666668,-18.9480155442495,0.101767032861719,0.101757505095576
2019-10-16 15:30:00,959.645833333332,-18.1928011356725,0.22272399531375,0.222714466677631
2019-10-16 16:30:00,959.6875,-18.115707579922,0.235655899570393,0.235646370068884
2019-10-16 17:30:00,959.729166666668,-17.9539415155945,0.262076272871038,0.262066742508729
2019-10-16 18:30:00,959.770833333332,-17.7481637461988,0.295507819826292,0.295498288607767
2019-10-16 19:30:00,959.8125,-17.6555185660819,0.310917341715824,0.310907809645668
2019-10-16 20:30:00,959.854166666668,-17.970075994152,0.26145927404768,0.261449741130485
2019-10-16 21:30:00,959.895833333332,-17.4261111306043,0.348764497529497,0.348754963769846
2019-10-16 22:30:00,959.9375,-17.1803742292398,0.388561869769089,0.388552335171569
2019-10-16 23:30:00,959.979166666668,-17.7791656846004,0.29382534718901,0.29381581175821
2019-10-17 00:30:00,960.020833333332,-19.1317070548828,0.0790160001059458,0.0790064638464513
2019-10-17 01:30:00,960.0625,-20.1098303651072,-0.0761482071969524,-0.0761577442805543
2019-10-17 02:30:00,960.104166666668,-25.1416705623782,-0.877072336527203,-0.877081874430322
2019-10-17 03:30:00,960.145833333332,-22.63438401423,-0.477008113178438,-0.477017651896489
2019-10-17 04:30:00,960.1875,-23.5845068508772,-0.627711601287777,-0.627721140816173
2019-10-17 05:30:00,960.229166666668,-23.7604932052632,-0.65509452065255,-0.6551040609867
2019-10-17 06:30:00,960.270833333332,-24.0614402908023,-0.702383700209783,-0.702393241345103
2019-10-21 18:00:00,964.75,-22.3866197122449,-0.365145891498161,-0.365155492000491
2019-10-21 19:30:00,964.8125,-22.6629271242991,-0.408174999891282,-0.408184600847045
2019-10-21 20:30:00,964.854166666668,-22.1585569936449,-0.327170525257557,-0.327180126509879
2019-10-21 21:30:00,964.895833333332,-21.8761981285981,-0.281532567594062,-0.281542169138363
2019-10-21 22:30:00,964.9375,-21.2327663842991,-0.178375406282749,-0.178385008114448
2019-10-21 23:30:00,964.979166666668,-21.3251029664794,-0.192426629550248,-0.192436231664759
2019-10-22 00:30:00,965.020833333332,-21.3277214684112,-0.192185663239473,-0.192195265632219
2019-10-22 01:30:00,965.0625,-21.1464018278505,-0.162643184441382,-0.162652787107781
2019-10-22 02:30:00,965.104166666668,-20.5401366677903,-0.0654065461093636,-0.0654161490448316
2019-10-22 03:30:00,965.145833333332,-20.1167308293458,0.00270050588466993,0.00269090268471069
2019-10-22 04:30:00,965.1875,-20.2270616981308,-0.014217047066152,-0.0142266505260218
2019-10-22 05:30:00,965.229166666668,-20.1077102738318,0.00545398699922771,0.00544438328403098
2019-10-22 06:30:00,965.270833333332,-19.7254514759328,0.0670063868125604,0.0669967828466137
2019-10-22 07:30:00,965.3125,-19.8534048268657,0.0472816596323762,0.0472720554202595
2019-10-22 08:30:00,965.354166666668,-20.7850223843284,-0.100467317374593,-0.100476921828297
2019-10-22 09:30:00,965.395833333332,-20.5111790923507,-0.0561854873843657,-0.0561950920750796
2019-10-22 10:30:00,965.4375,-20.0209158497196,0.0225722273080994,0.0225626223849545
2019-10-22 11:30:00,965.479166666668,-19.5356063100746,0.100540845144102,0.100531239993109
2019-10-22 12:30:00,965.520833333332,-19.047616808972,0.178936413987036,0.178926808612773
2019-10-22 13:30:00,965.5625,-18.406440275,0.281734817529557,0.281725211936597
2019-10-28 12:30:00,971.520833333332,-19.6881436057836,0.171877322895266,0.171867733019614
2019-10-28 14:00:00,971.583333333332,-19.5688956880819,0.191862759412886,0.191853170194658
2019-10-28 15:00:00,971.625,-19.3318987933852,0.230275949967648,0.230266361193354
2019-10-28 16:00:00,971.666666666668,-19.3835791702048,0.222702626238517,0.222693037912677
2019-10-30 01:00:00,973.041666666668,-17.1031493545455,0.607724165772008,0.607714594777714
2019-10-30 01:30:00,973.0625,-16.9871900820313,0.626525845761437,0.62651627506749
2019-10-30 02:00:00,973.083333333332,-16.9966818662338,0.625343075193483,0.625333504801009
2019-10-30 02:30:00,973.104166666668,-16.9421116472727,0.634365419893292,0.634355849803416
2019-10-30 03:00:00,973.125,-16.9610129792208,0.631683686371587,0.631674116585437
2019-10-30 03:30:00,973.145833333332,-16.932614540625,0.636536832398384,0.636527262917077
2019-10-30 04:00:00,973.166666666668,-16.9747058803922,0.630160898616807,0.630151329441476
2019-10-30 04:30:00,973.1875,-16.8724765526042,0.646775342525503,0.646765773657269
2019-10-30 05:00:00,973.208333333332,-16.7833052311688,0.661309628864093,0.66130006030408
2019-10-30 05:30:00,973.229166666668,-16.8073532516883,0.657807985252465,0.657798417001798
2019-10-30 06:00:00,973.25,-16.7459803236842,0.667913951872334,0.667904383932141
2019-10-30 06:30:00,973.270833333332,-16.7422994708333,0.668829521739529,0.668819954110931
2019-10-30 07:00:00,973.291666666668,-16.5658052246753,0.69727438065968,0.6972648133438
2019-10-30 07:30:00,973.3125,-16.5098701127273,0.706514075309394,0.706504508307358
2019-10-30 08:00:00,973.333333333332,-16.4685032823529,0.71343302421389,0.713423457526821
2019-10-30 08:30:00,973.354166666668,-16.4822155851948,0.711577819714797,0.711568253343819
2019-10-30 09:00:00,973.375,-16.4935359359477,0.710103646728495,0.710094080674735
2019-10-30 09:30:00,973.395833333332,-16.5092401226974,0.707931117328732,0.70792155159331
2019-10-30 10:00:00,973.416666666668,-16.2834934688312,0.74422187113426,0.744212305718302
2019-10-30 10:30:00,973.4375,-16.2632182488312,0.747780870401631,0.747771305306259
2019-10-30 11:00:00,973.458333333332,-16.304480512987,0.741536896134564,0.741527331360901
2019-10-30 11:30:00,973.479166666668,-16.3388909823377,0.736384409301219,0.73637484485039
2019-10-30 12:00:00,973.5,-16.4371558857143,0.721059857078983,0.721050292952115
2019-10-30 12:30:00,973.520833333332,-16.4377357484456,0.721296593178959,0.721287029377171
2019-10-30 13:00:00,973.541666666668,-15.4407647111111,0.880443892019918,0.880434328544333
2019-10-30 13:30:00,973.5625,-15.4079766852332,0.885996139574868,0.88598657642661
2019-10-30 14:00:00,973.583333333332,-14.903655825974,0.966663895864576,0.966654333044767
2019-10-30 14:30:00,973.604166666668,-14.8107135398437,0.981798742850493,0.981789180360257
2019-10-30 15:00:00,973.625,-14.8942333066667,0.96882305002854,0.968813487869003
2019-10-30 15:30:00,973.645833333332,-14.9814611313471,0.955256652227514,0.955247090399796
2019-10-31 13:00:00,974.541666666668,-14.4953036808511,1.04684249238339,1.04683294588488
2019-10-31 14:30:00,974.604166666668,-13.7117290460039,1.17265235555456,1.17264281020283
2019-10-31 15:30:00,974.645833333332,-13.0108990440777,1.28495226487874,1.28494272029712
2019-10-31 16:30:00,974.6875,-13.0866532,1.27354171979102,1.27353217598398
2019-10-31 17:30:00,974.729166666668,-12.3419211384615,1.39283517202736,1.39282562899938
2019-10-31 18:30:00,974.770833333332,-13.460142040499,1.21535884209307,1.21534929984861
2019-10-31 19:30:00,974.8125,-11.9938504992233,1.44959714718234,1.44958760572589
2019-10-31 20:30:00,974.854166666668,-11.618243194358,1.51008862953762,1.51007908887364
2019-10-31 21:30:00,974.895833333332,-11.3791096273077,1.54883970313886,1.54883016327182
2019-10-31 22:30:00,974.9375,-11.3856595535019,1.54845317556685,1.54844363650123
2019-10-31 23:30:00,974.979166666668,-11.2476161001919,1.57110043121035,1.57109089295061
2019-11-01 00:30:00,975.020833333332,-11.17713077,1.58298558375876,1.58297604630937
2019-11-01 01:30:00,975.0625,-11.1109416285992,1.59418630422156,1.59417676758699
2019-11-01 02:30:00,975.104166666668,-10.9828698858252,1.61524492082739,1.6152353850121
2019-11-01 03:30:00,975.145833333332,-11.048723194152,1.60541109139714,1.6054015564056
2019-11-01 04:30:00,975.1875,-11.1944213786408,1.58285786898514,1.58284833482182
2019-11-01 05:30:00,975.229166666668,-11.3295242467961,1.56199244054897,1.56198290721833
2019-11-01 06:30:00,975.270833333332,-11.4101848175097,1.54979966117613,1.54979012868262
2019-11-01 07:30:00,975.3125,-15.5405427826848,0.892487144741286,0.892477613089393
2019-11-01 08:30:00,975.354166666668,-18.1370349933852,0.479520490616323,0.479510959810498
2019-11-01 09:30:00,975.395833333332,-17.6833112579767,0.552455367594507,0.552445837639211
2019-11-01 10:30:00,975.4375,-19.0320575846449,0.338255426446407,0.338245897346104
2019-11-01 11:30:00,975.479166666668,-22.8778349650485,-0.273723395477533,-0.273732923718386
2019-11-01 12:30:00,975.520833333332,-23.3688485514563,-0.351285997505636,-0.351295524882581
2019-11-01 14:00:00,975.583333333332,-24.7461984618677,-0.569714596940471,-0.56972412301319
2019-11-01 15:00:00,975.625,-25.5835774002092,-0.702453573127931,-0.702463098325597
2019-11-01 16:00:00,975.666666666668,-25.6221766702913,-0.70794642836426,-0.707955952682416
2019-11-01 17:00:00,975.708333333332,-25.8743689462136,-0.747464853423854,-0.747474376858042
2019-11-01 18:00:00,975.75,-25.1190619939922,-0.62648798316171,-0.626497505707474
2019-11-01 19:00:00,975.791666666668,-24.2556504947573,-0.488290033336672,-0.488299554989566
2019-11-01 20:00:00,975.833333333332,-24.4863076721154,-0.524378057893312,-0.524387578648876
2019-11-01 21:00:00,975.875,-23.6383166804223,-0.38863671100641,-0.388646230860191
2019-11-01 22:00:00,975.916666666668,-23.6410981065385,-0.388424071286748,-0.3884335902343
2019-11-01 23:00:00,975.958333333332,-23.8887587392996,-0.427220917553299,-0.427230435590166
2019-11-02,976,-23.4878003953935,-0.362692351035654,-0.362701868157386
2019-11-02 01:00:00,976.041666666668,-22.4696409279923,-0.199843258531853,-0.199852774734006
2019-11-02 02:00:00,976.083333333332,-21.2297702777992,-0.00167547055401156,-0.00168498583213221
2019-11-02 03:00:00,976.125,-20.7700407532039,0.0722152238994898,0.0722057095498499
2019-11-02 04:00:00,976.166666666668,-20.6659785717349,0.0894478013744923,0.0894382879577734
2019-11-02 05:00:00,976.208333333332,-20.4881808955253,0.118426440463705,0.11841692798436
2019-11-02 06:00:00,976.25,-20.2539225464692,0.156399249358766,0.156389737821239
2019-11-02 07:00:00,976.291666666668,-20.6400408564202,0.0955455570831434,0.0955360464918767
2019-11-02 08:00:00,976.333333333332,-21.06818127154,0.0279976570266049,0.0279881473860418
2019-11-02 09:00:00,976.375,-21.5329461536538,-0.045384603528132,-0.0453941122135458
2019-11-02 10:00:00,976.416666666668,-22.0160779565302,-0.121692784755221,-0.121702292481047
2019-11-02 11:00:00,976.458333333332,-22.7790306494253,-0.242576691131246,-0.242586197893043
2019-11-02 12:00:00,976.5,-22.3353442265385,-0.171242181825226,-0.17125168761855
2019-11-02 13:30:00,976.5625,-24.8453018744231,-0.57009792016453,-0.570107424496826
2019-11-02 14:30:00,976.604166666668,-25.9322092005758,-0.742588234683482,-0.742597738036212
2019-11-02 15:30:00,976.645833333332,-26.3714155735922,-0.811899383429003,-0.811908885797729
2019-11-02 16:30:00,976.6875,-26.0590330933852,-0.761481950013173,-0.761491451393455
2019-11-02 17:30:00,976.729166666668,-25.3731417275728,-0.651564343793793,-0.651573844181199
2019-11-02 18:30:00,976.770833333332,-25.1393029106796,-0.613659091582626,-0.613668590972721
2019-11-02 19:30:00,976.8125,-25.2177421196833,-0.62550001231306,-0.625509510701407
2019-11-02 20:30:00,976.854166666668,-22.4012543429126,-0.176177056053274,-0.176186553435443
2019-11-02 21:30:00,976.895833333332,-21.0184626986616,0.0447570208296129,0.0447475244580542
2019-11-02 22:30:00,976.9375,-20.2892586557471,0.161574064492896,0.161564569136382
2019-11-02 23:30:00,976.979166666668,-20.4550639713178,0.135815416164358,0.135805921827316
2019-11-03 00:30:00,977.020833333332,-20.7950698776699,0.0823064273025707,0.0822969339894312
2019-11-03 01:30:00,977.0625,-19.7795086259117,0.244740193161589,0.244730700876783
2019-11-03 02:30:00,977.104166666668,-19.8816481996176,0.229123356194908,0.229113864942861
2019-11-03 03:30:00,977.145833333332,-19.8486007813953,0.235041840706811,0.235032350491954
2019-11-03 04:30:00,977.1875,-19.7819089674419,0.246319838224362,0.246310349051118
2019-11-03 05:30:00,977.229166666668,-20.363926053891,0.15425798072014,0.154248492592933
2019-11-03 06:30:00,977.270833333332,-20.3523171215953,0.156761108266863,0.156751621190122
2019-11-03 07:30:00,977.3125,-20.5404926303609,0.127438367301495,0.12742888127964
2019-11-03 08:30:00,977.354166666668,-20.6566781714559,0.109583615013181,0.109574130050635
2019-11-03 09:30:00,977.395833333332,-20.9228103643678,0.0678421889837631,0.0678327050849508
2019-11-03 10:30:00,977.4375,-21.0885730528846,0.0420896314418648,0.0420801486112044
2019-11-03 11:30:00,977.479166666668,-21.2608371643678,0.0153013269524366,0.0152918451943482
2019-11-03 13:00:00,977.541666666668,-20.870172150677,0.0785146563893198,0.0785051762483785
2019-11-03 14:00:00,977.583333333332,-22.6410898646272,-0.202940474913702,-0.202949953971024
2019-11-03 15:00:00,977.625,-24.4238374932302,-0.486280186869995,-0.486289664839278
2019-11-03 16:00:00,977.666666666668,-25.6270812686654,-0.677304588026285,-0.677314064903117
2019-11-03 17:00:00,977.708333333332,-26.614154634542,-0.833892955926972,-0.833902431706937
2019-11-03 18:00:00,977.75,-27.7943779153101,-1.02125031109699,-1.02125978577567
2019-11-03 19:00:00,977.791666666668,-27.7095806064078,-1.00708905046788,-1.00709852404087
2019-11-03 20:00:00,977.833333333332,-27.2160805777351,-0.927821222984802,-0.927830695447676
2019-11-03 21:00:00,977.875,-27.4121412017408,-0.958400969045941,-0.958410440394295
2019-11-03 22:00:00,977.916666666668,-24.7610406856589,-0.535425980013512,-0.535435450242936
2019-11-03 23:00:00,977.958333333332,-23.1134825571705,-0.272316079941914,-0.272325549047995
2019-11-04,978,-23.6029090870406,-0.349629432870277,-0.349638900848609
2019-11-04 01:00:00,978.041666666668,-26.2974554294574,-0.778220017885625,-0.7782294847318
2019-11-04 02:00:00,978.083333333332,-23.8843288862333,-0.39315473268965,-0.393164198399257
2019-11-04 03:00:00,978.125,-23.7819264802708,-0.37618952464285,-0.376198989211487
2019-11-04 04:00:00,978.166666666668,-23.5153295003831,-0.33306807478033,-0.333077538203591
2019-11-04 05:00:00,978.208333333332,-22.7981547255319,-0.218169331672197,-0.218178793945674
2019-11-04 06:00:00,978.25,-22.6985328994186,-0.201647286423708,-0.201656747543002
2019-11-04 07:00:00,978.291666666668,-23.1502359816248,-0.272951765203249,-0.272961225163956
2019-11-04 08:00:00,978.333333333332,-23.2585656333977,-0.289556683619429,-0.289566142417144
2019-11-04 09:00:00,978.375,-23.6937200764479,-0.358225097656786,-0.358234555287113
2019-11-04 10:00:00,978.416666666668,-23.7565515658397,-0.367582272261781,-0.367591728720319
2019-11-04 11:00:00,978.458333333332,-24.0192671251908,-0.408781195537148,-0.408790650819495
2019-11-04 12:30:00,978.520833333332,-23.6576982359768,-0.350205372017715,-0.350214825527533
2019-11-04 13:30:00,978.5625,-25.2250852573643,-0.599239576706999,-0.599249029029636
2019-11-04 14:30:00,978.604166666668,-26.2742146940039,-0.765715052448264,-0.765724503579325
2019-11-04 15:30:00,978.645833333332,-26.4079323117988,-0.786364846272675,-0.786374296207763
2019-11-04 16:30:00,978.6875,-26.6081375676357,-0.817606243673578,-0.817615692408301
2019-11-04 17:30:00,978.729166666668,-26.8218820303675,-0.851004522065647,-0.851013969595613
2019-11-04 18:30:00,978.770833333332,-26.6533180045977,-0.823500861028559,-0.823510307349372
2019-11-04 19:30:00,978.8125,-26.3614118701149,-0.776348790256945,-0.776358235364219
2019-11-04 20:30:00,978.854166666668,-25.9218957779923,-0.705682424408555,-0.7056918682979
2019-11-04 21:30:00,978.895833333332,-23.5292422686047,-0.323879949246818,-0.32388939191384
2019-11-04 22:30:00,978.9375,-24.8890232069632,-0.539843040473463,-0.53985248191378
2019-11-04 23:30:00,978.979166666668,-24.5806839011494,-0.49007346240461,-0.490082902613832
2019-11-05 00:30:00,979.020833333332,-24.2219108554264,-0.432269831521776,-0.432279270495516
2019-11-05 01:30:00,979.0625,-23.3765456217476,-0.296951795700457,-0.296961233434332
2019-11-05 02:30:00,979.104166666668,-22.5930096210832,-0.171483279543554,-0.17149271603318
2019-11-05 03:30:00,979.145833333332,-21.7473945597679,-0.0361256036574049,-0.036135038898396
2019-11-05 04:30:00,979.1875,-20.9600872186047,0.0899435314128074,0.0899340974248305
2019-11-05 05:30:00,979.229166666668,-21.2066492277132,0.0513164605071538,0.0513070277765754
2019-11-05 06:30:00,979.270833333332,-20.4210191325671,0.177118249431121,0.177108817962318
2019-11-05 07:30:00,979.3125,-20.4445009644914,0.174027849842851,0.174018419640203
2019-11-05 08:30:00,979.354166666668,-19.5999558316699,0.309214685379336,0.309205256447225
2019-11-05 09:30:00,979.395833333332,-19.2974876131931,0.358048200090525,0.358038772433324
2019-11-05 10:30:00,979.4375,-18.9501318007752,0.41403225926525,0.414022832887335
2019-11-05 12:00:00,979.5,-18.3815802651838,0.5055778170066,0.50556839255582
2019-11-05 13:00:00,979.541666666668,-17.744193732681,0.607763772371191,0.607754349210637
2019-11-05 14:00:00,979.583333333332,-17.1496900586745,0.703118375237984,0.703108953372029
2019-11-05 17:30:00,979.729166666668,-16.6852011521073,0.779385235182623,0.779375817882179
2019-11-05 18:30:00,979.770833333332,-15.3660401625239,0.990177890922652,0.990168474936469
2019-11-05 19:30:00,979.8125,-14.8127571749522,1.07896554931038,1.07895613464282
2019-11-05 20:30:00,979.854166666668,-14.5501202454198,1.12145299829429,1.12144358494974
2019-11-05 21:30:00,979.895833333332,-14.794910148566,1.08310690522731,1.08309749321011
2019-11-05 22:30:00,979.9375,-15.0538511568702,1.0425064456717,1.04249703498623
2019-11-05 23:30:00,979.979166666668,-15.3015135156371,1.00370259739009,1.00369318804071
2019-11-06 00:30:00,980.020833333332,-15.5145725290135,0.970411000767287,0.970401592758359
2019-11-06 01:30:00,980.0625,-16.3961079132948,0.830630554235505,0.830621147571389
2019-11-06 02:30:00,980.104166666668,-19.8232319254753,0.285335933515409,0.285326528200469
2019-11-06 03:30:00,980.145833333332,-24.8169789562142,-0.50952294057673,-0.509532344538139
2019-11-06 04:30:00,980.1875,-24.8491175381503,-0.513994130468145,-0.514003533071665
2019-11-06 05:30:00,980.229166666668,-23.4981448301158,-0.298134791131396,-0.298144192372666
2019-11-06 06:30:00,980.270833333332,-23.8244613758687,-0.349468916519455,-0.349478316394122
2019-11-06 07:30:00,980.3125,-23.6063695099048,-0.314078481197265,-0.314087879700974
2019-11-06 08:30:00,980.354166666668,-23.9191442226923,-0.363255559883515,-0.363264957011909
2019-11-06 09:30:00,980.395833333332,-23.8107090626204,-0.345333693803375,-0.345343089552104
2019-11-06 10:30:00,980.4375,-23.0414117890756,-0.222136110100781,-0.222145504465493
2019-11-06 12:00:00,980.5,-23.7946589242248,-0.341157117783752,-0.341166510064276
2019-11-06 13:00:00,980.541666666668,-24.4753556130019,-0.448944833200791,-0.44895422408642
2019-11-06 14:00:00,980.583333333332,-25.1113877918367,-0.549617550742701,-0.549626940229089
2019-11-06 15:00:00,980.625,-26.538406483871,-0.776295075894367,-0.776304463977166
2019-11-08 01:00:00,982.041666666668,-30.2802854406716,-1.35041800948012,-1.35042734726182
2019-11-08 02:30:00,982.104166666668,-32.0321575699812,-1.62852625234278,-1.62853558779026
2019-11-08 03:30:00,982.145833333332,-31.4450636747191,-1.53435774433407,-1.53436707822002
2019-11-08 04:30:00,982.1875,-31.6743352196629,-1.57023693755862,-1.57024626987874
2019-11-08 05:30:00,982.229166666668,-31.7698445698502,-1.58480782112418,-1.58481715187415
2019-11-08 06:30:00,982.270833333332,-31.2951254470037,-1.50854100532709,-1.50855033450261
2019-11-08 07:30:00,982.3125,-30.9658988786517,-1.45545136164554,-1.45546068924231
2019-11-08 08:30:00,982.354166666668,-30.8604700106742,-1.43801295610604,-1.43802228211975
2019-11-08 09:30:00,982.395833333332,-31.2901273382022,-1.50581426876346,-1.50582359318982
2019-11-08 10:30:00,982.4375,-31.4500112514071,-1.53064058893926,-1.53064991177396
2019-11-08 11:30:00,982.479166666668,-31.7219381945693,-1.57331554938785,-1.57332487062661
2019-11-08 12:30:00,982.520833333332,-31.6800205488764,-1.56599494841768,-1.56600426805619
2019-11-08 13:30:00,982.5625,-32.5737110322702,-1.7077174972007,-1.70772681523466
2019-11-08 14:30:00,982.604166666668,-32.5251256998124,-1.69933494167895,-1.69934425810406
2019-11-08 15:30:00,982.645833333332,-33.0083633013109,-1.77567226643553,-1.77568158124751
2019-11-08 16:30:00,982.6875,-33.7562026617261,-1.89416094765648,-1.89417026085104
2019-11-08 17:30:00,982.729166666668,-34.3297141859023,-1.98487918749853,-1.98488849907136
2019-11-08 18:30:00,982.770833333332,-34.1636258603383,-1.95777875059004,-1.95778806053686
2019-11-08 19:30:00,982.8125,-33.7962602610487,-1.89861480831129,-1.89862411662782
2019-11-08 20:30:00,982.854166666668,-33.4692883713483,-1.84588572133474,-1.84589502801668
2019-11-08 21:30:00,982.895833333332,-33.88349714803,-1.91122735299775,-1.91123665804082
2019-11-08 22:30:00,982.9375,-33.4327148031895,-1.8387753900261,-1.83878469342601
2019-11-08 23:30:00,982.979166666668,-33.4502209559925,-1.84092222886009,-1.84093153061255
2019-11-09 00:30:00,983.020833333332,-33.1489606979401,-1.79228946046582,-1.79229876056655
2019-11-09 02:00:00,983.083333333332,-33.3832205738318,-1.82864474172042,-1.82865403933553
2019-11-09 03:00:00,983.125,-32.9351309007477,-1.75662221856309,-1.75663151451577
2019-11-09 04:00:00,983.166666666668,-32.9384860026168,-1.75651528163041,-1.75652457591637
2019-11-09 05:00:00,983.208333333332,-32.76465986,-1.7281833571307,-1.72819264974567
2019-11-09 06:00:00,983.25,-32.4926598628037,-1.68421237906434,-1.68422167000405
2019-11-09 07:00:00,983.291666666668,-32.4263662708411,-1.67301069030489,-1.67301997956506
2019-11-09 08:00:00,983.333333333332,-32.5509643714822,-1.6922182968723,-1.69222758444865
2019-11-09 09:00:00,983.375,-32.5220955140449,-1.68697861995845,-1.68698790584671
2019-11-09 10:00:00,983.416666666668,-32.3944055573832,-1.66599678425795,-1.66600606845385
2019-11-09 11:00:00,983.458333333332,-32.3737327874766,-1.66206297615043,-1.66207225864969
2019-11-09 12:00:00,983.5,-32.6341831684112,-1.70291240046135,-1.7029216812597
2019-11-09 13:00:00,983.541666666668,-32.5453121940187,-1.6881147971631,-1.68812407625628
2019-11-09 14:00:00,983.583333333332,-32.2027570018692,-1.63290523094241,-1.63291450832615
2019-11-09 15:00:00,983.625,-31.313446753271,-1.49059730809178,-1.49060658376182
2019-11-09 16:00:00,983.666666666668,-31.3514336661682,-1.49600860063378,-1.49601787458585
2019-11-09 17:00:00,983.708333333332,-32.7433420084112,-1.71710065963609,-1.71710993186591
2019-11-09 18:00:00,983.75,-34.1723327360748,-1.94410008469997,-1.9441093552033
2019-11-09 19:00:00,983.791666666668,-33.7381879486842,-1.87430080668876,-1.87431007546133
2019-11-09 20:00:00,983.833333333332,-32.256853902809,-1.63768364768721,-1.63769291472476
2019-11-09 21:00:00,983.875,-30.9644831473783,-1.4311685924373,-1.43117785773557
2019-11-09 22:00:00,983.916666666668,-29.7634411093458,-1.23920238400976,-1.23921164756449
2019-11-09 23:00:00,983.958333333332,-29.420325171215,-1.18390453358511,-1.18391379539205
2019-11-10,984,-30.4491428157895,-1.34715680081761,-1.34716606087251
2019-11-10 01:30:00,984.0625,-28.1905243224719,-0.986398803753171,-0.986408061172017
2019-11-10 02:30:00,984.104166666668,-27.1610932701493,-0.821770877982502,-0.821780133638664
2019-11-10 03:30:00,984.145833333332,-26.4630037509328,-0.709926013894511,-0.709935267783742
2019-11-10 04:30:00,984.1875,-24.774194030597,-0.440258832792823,-0.440268084910871
2019-11-10 05:30:00,984.229166666668,-24.6070820777985,-0.412999312816633,-0.413008563159248
2019-11-10 06:30:00,984.270833333332,-24.6349683115672,-0.416803262968913,-0.41681251153185
2019-11-10 07:30:00,984.3125,-24.9460336240672,-0.465717962713677,-0.465727209492691
2019-11-10 08:30:00,984.354166666668,-25.1365485098881,-0.495429013656211,-0.495438258647053
2019-11-10 09:30:00,984.395833333332,-25.2696672624299,-0.515996940193131,-0.516006183391561
2019-11-10 10:30:00,984.4375,-25.5601383024299,-0.561631319536692,-0.561640560938467
2019-11-10 11:30:00,984.479166666668,-25.9873861800373,-0.629054468149239,-0.629063707750115
2019-11-10 12:30:00,984.520833333332,-26.4065074684701,-0.695183166921604,-0.695192404717344
2019-11-10 13:30:00,984.5625,-26.6513190554104,-0.733544327631801,-0.733553563618167
2019-11-10 14:30:00,984.604166666668,-26.1023824972015,-0.645460963873848,-0.645470198046598
2019-11-10 15:30:00,984.645833333332,-25.6072509185393,-0.565948894410477,-0.565958126765379
2019-11-10 16:30:00,984.6875,-25.1445279979478,-0.491599670267052,-0.491608900799871
2019-11-10 17:30:00,984.729166666668,-24.8275261214552,-0.440464035838962,-0.440473264545461
2019-11-10 18:30:00,984.770833333332,-24.2719999938318,-0.351331441336299,-0.351340668212249
2019-11-10 19:30:00,984.8125,-23.7207705216418,-0.262883431023923,-0.262892656065093
2019-11-10 20:30:00,984.854166666668,-23.2648265514925,-0.189614593514607,-0.189623816716764
2019-11-10 21:30:00,984.895833333332,-23.1919981255597,-0.177376460540253,-0.177385681899168
2019-11-10 22:30:00,984.9375,-23.2886924630952,-0.192143549817828,-0.19215276932928
2019-11-10 23:30:00,984.979166666668,-23.2201753729478,-0.180592465818067,-0.180601683477823
2019-11-11 01:00:00,985.041666666668,-23.2860279908582,-0.190128676537087,-0.19013789141138
2019-11-11 02:00:00,985.083333333332,-23.2223059708955,-0.179341765107913,-0.179350978119955
2019-11-11 03:00:00,985.125,-23.2663358171642,-0.185719929326116,-0.185729140471685
2019-11-11 04:00:00,985.166666666668,-23.2290541076493,-0.179145231283661,-0.179154440558533
2019-11-11 05:00:00,985.208333333332,-23.0976846817164,-0.15758241978741,-0.15759162718737
2019-11-11 06:00:00,985.25,-22.9492854317164,-0.13330687248108,-0.133316078001909
2019-11-11 07:00:00,985.291666666668,-22.9861196553271,-0.13853927755039,-0.138548481187868
2019-11-11 08:00:00,985.333333333332,-22.8390541074627,-0.114476445591742,-0.114485647341659
2019-11-11 09:00:00,985.375,-22.8082649339552,-0.108936651471246,-0.108945851329386
2019-11-11 10:00:00,985.416666666668,-22.6416167504673,-0.0817545486105284,-0.081763746572677
2019-11-11 11:00:00,985.458333333332,-20.5618433078358,0.250189646212897,0.250180450150948
2019-11-11 12:00:00,985.5,-20.1723862186567,0.312865108723483,0.312855914565944
2019-11-11 13:00:00,985.541666666668,-19.6849887802239,0.391142409247138,0.391133216998221
2019-11-11 14:00:00,985.583333333332,-19.5742575257463,0.409416387558683,0.409407197222592
2019-11-11 15:00:00,985.625,-19.7256063257463,0.385940695643453,0.385931507224395
2019-11-11 16:00:00,985.666666666668,-21.1378992701493,0.161595569850556,0.161586383352737
2019-11-11 17:00:00,985.708333333332,-21.5688489065299,0.0935790033924194,0.0935698188200412
2019-11-11 18:00:00,985.75,-21.1015485382463,0.16865417333968,0.168644990696945
2019-11-11 19:00:00,985.791666666668,-21.1958488572761,0.154265820908037,0.154256640199148
2019-11-11 20:00:00,985.833333333332,-21.6377928692164,0.0844974478772401,0.0844882691063942
2019-11-11 21:00:00,985.875,-21.9811623240672,0.0304319400206376,0.030422763192033
2019-11-11 22:00:00,985.916666666668,-22.0826224403738,0.0149026301279546,0.0148934552457912
2019-11-11 23:00:00,985.958333333332,-21.2722443679104,0.14462966245483,0.144620489523301
2019-11-12 00:30:00,986.020833333332,-20.4048486162617,0.283756015133419,0.283746845135707
2019-11-12 01:30:00,986.0625,-19.8280391929104,0.376275061170161,0.376265893133566
2019-11-12 02:30:00,986.104166666668,-19.7775279983209,0.384954289267888,0.384945123196605
2019-11-12 03:30:00,986.145833333332,-20.1962164117537,0.31888955018936,0.318880386087574
2019-11-12 04:30:00,986.1875,-20.8056119244403,0.22244489927138,0.22243573714328
2019-11-12 05:30:00,986.229166666668,-20.9128974164179,0.205986598495367,0.205977438345143
2019-11-12 06:30:00,986.270833333332,-20.4690841203738,0.277318593177994,0.277309435009829
2019-11-12 07:30:00,986.3125,-20.4630858294776,0.278906209053403,0.278897052871481
2019-11-12 08:30:00,986.354166666668,-20.3166082126866,0.302872145988853,0.30286299179736
2019-11-12 09:30:00,986.395833333332,-20.1267022543071,0.333756112506519,0.333746960309633
2019-11-12 10:30:00,986.4375,-19.848273435206,0.378741697405629,0.37873254720753
2019-11-12 11:30:00,986.479166666668,-19.3738280517757,0.45495272416332,0.454943575968191
2019-11-12 12:30:00,986.520833333332,-18.8137953469767,0.544797735138096,0.544788588950111
2019-11-12 13:30:00,986.5625,-19.6620914210821,0.410294827662068,0.410285683485404
2019-11-12 14:30:00,986.604166666668,-22.6242467534579,-0.0609475081321904,-0.0609566502933561
2019-11-12 15:30:00,986.645833333332,-25.4773258750936,-0.51481406381786,-0.514823203959357
2019-11-12 16:30:00,986.6875,-25.3791179700375,-0.498538625658378,-0.498547763776034
2019-11-12 17:30:00,986.729166666668,-25.879842676779,-0.577673719419178,-0.577682855508819
2019-11-12 18:30:00,986.770833333332,-26.7027289179439,-0.708129515013905,-0.708138649071365
2019-11-12 19:30:00,986.8125,-27.7121995809702,-0.868308481849496,-0.868317613870607
2019-11-12 20:30:00,986.854166666668,-28.670253256797,-1.02029682570705,-1.02030595568765
2019-11-12 21:30:00,986.895833333332,-28.9037233439252,-1.05685862623779,-1.0568677541737
2019-11-12 22:30:00,986.9375,-29.5184315133208,-1.15415206618329,-1.15416119207035
2019-11-13,987,-31.3478685007407,-1.44463793363343,-1.44464705643942
2019-11-13 01:00:00,987.041666666668,-33.0477221855556,-1.71479618223684,-1.71480530298357
2019-11-13 02:00:00,987.083333333332,-33.5666963142593,-1.79683961528296,-1.79684873396629
2019-11-13 03:00:00,987.125,-33.580543687384,-1.79841613712045,-1.79842525373622
2019-11-13 04:00:00,987.166666666668,-33.6822894621521,-1.8139950794006,-1.81400419394464
2019-11-13 05:00:00,987.208333333332,-33.8300760586271,-1.8369085000502,-1.83691761251835
2019-11-13 06:00:00,987.25,-33.4626166592593,-1.77774300825349,-1.77775211864161
2019-11-13 07:00:00,987.291666666668,-34.7261518138889,-1.97839625765238,-1.97840536595633
2019-11-13 08:00:00,987.333333333332,-35.0111647855805,-2.02317036758271,-2.02317947379832
2019-11-13 09:00:00,987.375,-35.2559701147388,-2.06153951518422,-2.06154861930734
2019-11-13 10:00:00,987.416666666668,-35.1510673777154,-2.04420006211916,-2.04420916414565
2019-11-13 11:00:00,987.458333333332,-35.4080374265421,-2.08450734694279,-2.08451644686849
2019-11-13 12:00:00,987.5,-35.6610951115672,-2.12419153424297,-2.12420063206375
2019-11-13 13:00:00,987.541666666668,-36.0561416982524,-2.18649480019262,-2.18650389590433
2019-11-13 16:30:00,987.6875,-35.2980148077922,-2.06352801081221,-2.06353709910957
2019-11-13 17:30:00,987.729166666668,-35.6613927637218,-2.1207870984001,-2.12079618456976
2019-11-13 21:30:00,987.895833333332,-29.841213007037,-1.19112065451368,-1.1911297321312
2019-11-13 23:00:00,987.958333333332,-29.0941372699443,-1.07117119740526,-1.07118027179868
2019-11-14,988,-28.7093999433645,-1.00925594658539,-1.00926501882425
2019-11-14 01:00:00,988.041666666668,-27.9951192080074,-0.894844344257349,-0.894853414337516
2019-11-14 02:00:00,988.083333333332,-27.547608535436,-0.822929552895101,-0.822938620812458
2019-11-14 03:00:00,988.125,-27.1384879282004,-0.757130476022532,-0.757139541772954
2019-11-14 04:00:00,988.166666666668,-27.0408141325279,-0.740945248764257,-0.740954312343618
2019-11-14 05:00:00,988.208333333332,-26.7369999975926,-0.69192186844038,-0.691930929844562
2019-11-14 06:00:00,988.25,-26.9943896384045,-0.732298801246112,-0.732307860470996
2019-11-14 07:00:00,988.291666666668,-26.6951925637037,-0.684011223457586,-0.68402028049905
2019-11-14 08:00:00,988.333333333332,-26.8480873587361,-0.707742354839177,-0.707751409693107
2019-11-14 09:00:00,988.375,-26.007903742963,-0.573275537284957,-0.573284589947237
2019-11-14 10:00:00,988.416666666668,-26.0728592512963,-0.582998180916425,-0.583007231382939
2019-11-14 11:00:00,988.458333333332,-26.4666201264432,-0.645099906661993,-0.645108954928631
2019-11-14 12:00:00,988.5,-26.2748164066406,-0.61392092651289,-0.61392997257554
2019-11-14 13:00:00,988.541666666668,-27.5625407157407,-0.81843197150956,-0.81844101536411
2019-11-14 14:00:00,988.583333333332,-28.4497190101266,-0.959135903299909,-0.959144944942253
2019-11-14 15:00:00,988.625,-27.8730834640074,-0.866653397731055,-0.866662437157087
2019-11-14 16:00:00,988.666666666668,-23.5056184894444,-0.170289209050366,-0.170298246255978
2019-11-14 17:00:00,988.708333333332,-21.6840925916667,0.120504911206568,0.120495876225478
2019-11-14 18:00:00,988.75,-21.0001037005556,0.23008841895146,0.230079386198994
2019-11-14 19:00:00,988.791666666668,-20.2912722185185,0.34362921441184,0.343620183892102
2019-11-14 20:00:00,988.833333333332,-19.0295129377778,0.545251648243226,0.545242619960312
2019-11-14 21:00:00,988.875,-19.359472257037,0.493312016222053,0.493302990180062
2019-11-14 22:30:00,988.9375,-19.7102578666048,0.438366010842624,0.438356988169697
2019-11-14 23:30:00,988.979166666668,-19.4126883756957,0.486391776796378,0.486382756374616
2019-11-15 00:30:00,989.020833333332,-19.3819777150278,0.491906583863457,0.491897565696952
2019-11-15 01:30:00,989.0625,-19.1884192946197,0.52336299858247,0.523353982675308
2019-11-15 02:30:00,989.104166666668,-18.9644007545455,0.559671574964646,0.559662561320923
2019-11-15 03:30:00,989.145833333332,-19.028866435807,0.550024251247814,0.550015239871618
2019-11-15 04:30:00,989.1875,-18.9983320990724,0.55551034048128,0.555501331376693
2019-11-15 05:30:00,989.229166666668,-19.0694925990741,0.544796211426726,0.544787204597839
2019-11-15 06:30:00,989.270833333332,-19.4751426048148,0.480797506635292,0.480788502086188
2019-11-15 07:30:00,989.3125,-19.6028148207407,0.461080703646802,0.461071701381562
2019-11-15 08:30:00,989.354166666668,-19.690535187963,0.447728099627335,0.44771909965004
2019-11-15 09:30:00,989.395833333332,-19.9240092524074,0.411156668084908,0.41114767039964
2019-11-15 10:30:00,989.4375,-20.1572222566667,0.374626663900117,0.374617668510952
2019-11-15 11:30:00,989.479166666668,-20.2140500135185,0.366194795639603,0.366185802550616
2019-11-15 12:30:00,989.520833333332,-20.1080369968519,0.383703418615477,0.383694427830748
2019-11-15 13:30:00,989.5625,-19.596857148423,0.46575524675711,0.465746258280709
2019-11-15 14:30:00,989.604166666668,-20.474007415,0.326644934471197,0.326635948307195
2019-11-15 15:30:00,989.645833333332,-21.3688682506493,0.184713154568488,0.18470417072096
2019-11-15 16:30:00,989.6875,-21.3160296572222,0.193750409330111,0.193741427803122
2019-11-15 17:30:00,989.729166666668,-21.8261412685874,0.113109132234069,0.113100153031688
2019-11-15 18:30:00,989.770833333332,-22.1946623730983,0.0550231618013142,0.0550141849276098
2019-11-15 19:30:00,989.8125,-22.2211520875696,0.0514228736432152,0.0514138991022489
2019-11-15 20:30:00,989.854166666668,-21.8037407209259,0.118536182027764,0.118527209823602
2019-11-15 22:00:00,989.916666666668,-21.5611691522305,0.158106769227111,0.158097800535766
2019-11-15 23:00:00,989.958333333332,-23.1007435040892,-0.0865295544611708,-0.0865385208055637
2019-11-16,990,-23.3011780862709,-0.117840119881169,-0.117849083874548
2019-11-16 01:00:00,990.041666666668,-23.48869141002,-0.147092483923441,-0.147101445561754
2019-11-16 02:00:00,990.083333333332,-23.0126066669759,-0.0706333663516856,-0.0706423256308777
2019-11-16 03:00:00,990.125,-22.6668126356215,-0.0149298172178571,-0.014938774133872
2019-11-16 04:00:00,990.166666666668,-22.67252219,-0.0152212057554905,-0.0152301603042792
2019-11-16 05:00:00,990.208333333332,-22.7760074294444,-0.0310884963881929,-0.0310974485657053
2019-11-16 06:00:00,990.25,-24.6501389155556,-0.329021165349554,-0.329030115151739
2019-11-16 07:00:00,990.291666666668,-26.4752777637037,-0.619149438298462,-0.619158385721274
2019-11-16 08:00:00,990.333333333332,-28.7327246154297,-0.978144851692437,-0.978153796731832
2019-11-16 09:00:00,990.375,-29.9944540497186,-1.17852193579569,-1.17853087844762
2019-11-16 10:00:00,990.416666666668,-29.8573073694444,-1.1560572223704,-1.15606616263082
2019-11-16 11:00:00,990.458333333332,-29.3649240683297,-1.07700322888061,-1.07701216674549
2019-11-16 12:00:00,990.5,-29.3933314492593,-1.08091173101193,-1.08092066647722
2019-11-16 13:00:00,990.541666666668,-31.589972252963,-1.43022153496171,-1.43023046802338
2019-11-16 14:00:00,990.583333333332,-31.5014925777778,-1.41551018208973,-1.41551911274374
2019-11-16 15:00:00,990.625,-30.6889758628942,-1.28545938014437,-1.28546830838669
2019-11-16 16:00:00,990.666666666668,-29.7489796477778,-1.13510117178586,-1.13511009761245
2019-11-16 17:00:00,990.708333333332,-29.1375425757407,-1.03708283910054,-1.03709176250737
2019-11-16 18:00:00,990.75,-28.5627458665083,-0.944901512097567,-0.944910433080605
2019-11-16 19:00:00,990.791666666668,-28.13717412,-0.876491998314173,-0.876500916869394
2019-11-16 20:00:00,990.833333333332,-26.8084148338889,-0.66420423437841,-0.664213150501783
2019-11-16 21:30:00,990.895833333332,-28.7214609366171,-0.968030975532118,-0.968039888000178
2019-11-16 22:30:00,990.9375,-29.0099720837989,-1.0133759745594,-1.01338488458556
2019-11-16 23:30:00,990.979166666668,-28.1377644064935,-0.873817806821026,-0.873826714401252
2019-11-17 00:30:00,991.020833333332,-27.608560322449,-0.788900528358049,-0.788909433488328
2019-11-17 01:30:00,991.0625,-27.0822820254174,-0.704449501926381,-0.704458404602691
2019-11-17 02:30:00,991.104166666668,-27.1651688141002,-0.717039081350299,-0.717047981568627
2019-11-17 03:30:00,991.145833333332,-27.3438536964815,-0.744889538258292,-0.744898436014623
2019-11-17 04:30:00,991.1875,-26.6286648205556,-0.630345439708908,-0.630354334999226
2019-11-17 05:30:00,991.229166666668,-27.8641999792593,-0.826553247216354,-0.826562140036649
2019-11-17 06:30:00,991.270833333332,-27.01899257,-0.691297450366729,-0.691306340712991
2019-11-17 07:30:00,991.3125,-27.0040462959259,-0.688303019625062,-0.688311907493278
2019-11-17 08:30:00,991.354166666668,-27.1547254311688,-0.711693009218219,-0.711701894604385
2019-11-17 09:30:00,991.395833333332,-27.2587111342593,-0.727644876288924,-0.727653759189035
2019-11-17 10:30:00,991.4375,-27.9100111439703,-0.830784478423137,-0.830793358833185
2019-11-17 11:30:00,991.479166666668,-27.2227629214815,-0.720692565840485,-0.72070144375647
2019-11-17 12:30:00,991.520833333332,-27.1155603020408,-0.703002507860897,-0.703011383278818
2019-11-17 13:30:00,991.5625,-23.9118880914286,-0.192042807076142,-0.192051679991998
2019-11-17 14:30:00,991.604166666668,-21.3094925925926,0.223132907685222,0.223124037275427
2019-11-17 15:30:00,991.645833333332,-18.3735592418519,0.691441264133634,0.691432396233896
2019-11-17 16:30:00,991.6875,-17.5554870364815,0.822372649889649,0.822363784503966
2019-11-17 17:30:00,991.729166666668,-17.127766665,0.891120532457933,0.891111669590295
2019-11-17 18:30:00,991.770833333332,-17.1054925837037,0.895280353850156,0.895271493504554
2019-11-17 19:30:00,991.8125,-17.0753500285185,0.900693451029749,0.900684593210176
2019-11-17 21:00:00,991.875,-17.1007402925788,0.897565479796282,0.897556625773228
2019-11-17 22:00:00,991.916666666668,-17.0628200102041,0.904217128789054,0.904208277301994
2019-11-17 23:00:00,991.958333333332,-16.8356752962894,0.941012186125595,0.941003337178513
2019-11-18,992,-16.4134063294991,1.00889049724777,1.00888165084465
2019-11-18 01:00:00,992.041666666668,-15.4653420068773,1.16052820484506,1.16051936098988
2019-11-18 02:00:00,992.083333333332,-15.4747717996289,1.15963623586466,1.1596273945614
2019-11-18 03:00:00,992.125,-15.5267351962963,1.1519684533111,1.15195961456375
2019-11-18 04:00:00,992.166666666668,-15.5722907222222,1.1453212687587,1.14531243257123
2019-11-18 05:00:00,992.208333333332,-15.740137037963,1.11919289329851,1.11918405967488
2019-11-18 06:00:00,992.25,-15.5715555666667,1.14665752371656,1.14664869266076
2019-11-18 07:00:00,992.291666666668,-15.489924072037,1.16027077939141,1.1602619509074
2019-11-18 08:00:00,992.333333333332,-15.5832857135436,1.14600732179041,1.14599849588216
2019-11-18 09:00:00,992.375,-15.9613314922222,1.08639329574988,1.08638447242137
2019-11-18 10:00:00,992.416666666668,-16.1672777516667,1.05419466384634,1.05418584310152
2019-11-18 11:00:00,992.458333333332,-15.9607068456401,1.08771012861862,1.08770131046147
2019-11-18 12:00:00,992.5,-15.4209185264815,1.17430718253866,1.17429836697313
2019-11-18 13:00:00,992.541666666668,-14.5512781320594,1.31344972456717,1.31344091159723
2019-11-18 14:00:00,992.583333333332,-14.2395027881262,1.36372378188637,1.36371497151598
2019-11-19 08:30:00,993.354166666668,-17.6602857520677,0.830005538365433,0.82999677679889
2019-11-19 09:00:00,993.375,-17.7821995,0.810886805725363,0.810878045496548
2019-11-19 09:30:00,993.395833333332,-20.9576547643527,0.305336679989987,0.30532792109988
2019-11-19 10:00:00,993.416666666668,-21.59939956,0.203408395070163,0.203399637519744
2019-11-19 10:30:00,993.4375,-26.5380525564728,-0.583020484373326,-0.583029240583072
2019-11-19 11:00:00,993.458333333332,-27.35840036,-0.713400451136399,-0.713409206004497
2019-11-19 11:30:00,993.479166666668,-29.741769249531,-1.09277084143999,-1.09277959496546
2019-11-19 12:00:00,993.5,-30.34160002,-1.18802238246356,-1.18803113464541
2019-11-19 12:30:00,993.520833333332,-30.7524746617261,-1.25317312481148,-1.25318187564874
2019-11-19 13:00:00,993.541666666668,-30.80980032,-1.26200330914712,-1.2620120586388
2019-11-19 13:30:00,993.5625,-29.0187846582397,-0.976391448094758,-0.976400196239888
2019-11-19 14:00:00,993.583333333332,-29.48320006,-1.05007141499952,-1.05008016179712
2019-11-19 14:30:00,993.604166666668,-28.7470599187266,-0.932502073785394,-0.932510819234483
2019-11-19 15:00:00,993.625,-28.7646668833333,-0.935005233031823,-0.935013977131417
2019-11-19 15:30:00,993.645833333332,-28.4165131841509,-0.879242505055083,-0.879251247804206
2019-11-19 16:00:00,993.666666666668,-28.2889996,-0.858627953009108,-0.858636694406781
2019-11-19 16:30:00,993.6875,-27.9584981501873,-0.80567733687844,-0.805686076923682
2019-11-19 17:00:00,993.708333333332,-27.8420000166667,-0.786817649973945,-0.786826388665784
2019-11-19 17:30:00,993.729166666668,-27.8034296333959,-0.780371957422399,-0.780380694759849
2019-11-19 18:00:00,993.75,-27.9341662666667,-0.800897041683562,-0.800905777665649
2019-11-19 18:30:00,993.770833333332,-28.0330319,-0.816345101006593,-0.81635383563234
2019-11-20 02:30:00,994.104166666668,-28.0043747571429,-0.806965666996009,-0.806974379787476
2019-11-20 03:30:00,994.145833333332,-27.8025825541744,-0.774219108381209,-0.774227818425839
2019-11-20 04:30:00,994.1875,-28.0637217523191,-0.81521804821992,-0.815226755513813
2019-11-20 05:30:00,994.229166666668,-28.8057137836431,-0.932817383755138,-0.932826088294405
2019-11-20 06:30:00,994.270833333332,-28.8626252168831,-0.941283086504154,-0.941291788284902
2019-11-20 07:30:00,994.3125,-28.7577739982,-0.92398007956748,-0.923988778585817
2019-11-20 08:30:00,994.354166666668,-29.228514863197,-0.998369499557162,-0.998378195809202
2019-11-20 09:30:00,994.395833333332,-29.6550814707407,-1.0657221257456,-1.06573081922746
2019-11-20 10:30:00,994.4375,-29.9151833168519,-1.10655699376595,-1.10656568447373
2019-11-20 11:30:00,994.479166666668,-30.1040925814815,-1.13605103027445,-1.13605971820428
2019-11-20 12:30:00,994.520833333332,-30.3934092405556,-1.18154023437087,-1.18154891951887
2019-11-20 13:30:00,994.5625,-30.4855166927778,-1.19561406909526,-1.19562275145754
2019-11-20 14:30:00,994.604166666668,-29.6773283862709,-1.06627034460636,-1.06627902417905
2019-11-20 15:30:00,994.645833333332,-28.8347944568519,-0.931455536665429,-0.931464213444655
2019-11-20 16:30:00,994.6875,-28.5095269152134,-0.879041833071259,-0.879050507053141
2019-11-20 17:30:00,994.729166666668,-29.3217185496296,-1.0078263885001,-1.00783505968077
2019-11-20 18:30:00,994.770833333332,-28.8215013002545,-0.927543470619329,-0.927552138994911
2019-11-20 21:30:00,994.895833333332,-30.1463220237288,-1.13679570233575,-1.13680436227286
2019-11-20 22:00:00,994.916666666668,-31.4714698656965,-1.34759410010684,-1.34760275863416
2019-11-20 22:30:00,994.9375,-30.4970185277778,-1.19206475548032,-1.19207341259688
2019-11-20 23:00:00,994.958333333332,-30.7422341392683,-1.23082927780205,-1.23083793350688
2019-11-20 23:30:00,994.979166666668,-29.8149813611111,-1.08281879814912,-1.08282745244127
2019-11-21,995,-30.2456132483491,-1.15112036644965,-1.15112901932814
2019-11-21 00:30:00,995.020833333332,-29.7791850148148,-1.07651966689405,-1.07652831835792
2019-11-21 01:00:00,995.041666666668,-29.8454927548454,-1.08678423909831,-1.0867928891466
2019-11-21 01:30:00,995.0625,-29.274540142,-0.99553283220496,-0.995541480836694
2019-11-21 02:00:00,995.083333333332,-29.5957187320833,-1.04639861401387,-1.04640726122809
2019-11-21 02:30:00,995.104166666668,-28.8908148518519,-0.933808775636444,-0.933817421432186
2019-11-21 03:00:00,995.125,-29.3167897313402,-1.00136878244651,-1.00137742682281
2019-11-21 03:30:00,995.145833333332,-29.0614814740741,-0.960399949380703,-0.960408592336599
2019-11-21 04:00:00,995.166666666668,-29.4285773016495,-1.01858058250833,-1.01858922404286
2019-11-21 04:30:00,995.1875,-28.9922406944444,-0.948773905371578,-0.948782545483772
2019-11-21 05:00:00,995.208333333332,-29.2058847613169,-0.982509664876559,-0.982518303565458
2019-11-21 05:30:00,995.229166666668,-28.9387222222222,-0.939652639275766,-0.939661276540408
2019-11-21 06:00:00,995.25,-29.2711913773663,-0.992317421924787,-0.992326057764207
2019-11-21 06:30:00,995.270833333332,-29.3039814296296,-0.997243160222022,-0.997251794635263
2019-11-21 07:00:00,995.291666666668,-29.5315535183128,-1.03319786704419,-1.03320650003029
2019-11-21 07:30:00,995.3125,-29.2149259407407,-0.982461229107982,-0.98246986066597
2019-11-21 08:00:00,995.333333333332,-29.5205082648148,-1.03084312414881,-1.03085175427773
2019-11-21 08:30:00,995.354166666668,-29.0223334296296,-0.951185980388919,-0.951194609087812
2019-11-21 09:00:00,995.375,-29.41831338,-1.01396838402432,-1.01397701129222
2019-11-21 09:30:00,995.395833333332,-28.8989811660377,-0.930940956908534,-0.930949582744486
2019-11-21 10:00:00,995.416666666668,-29.3747691109278,-1.00643693338146,-1.0064455577845
2019-11-21 10:30:00,995.4375,-28.255611212963,-0.827856948516308,-0.827865571485473
2019-11-21 11:00:00,995.458333333332,-28.5775649389691,-0.878847126420495,-0.878855747954828
2019-11-21 11:30:00,995.479166666668,-27.0390370722222,-0.63346130834883,-0.63346992844737
2019-11-21 12:00:00,995.5,-27.9768556542268,-0.782559300501837,-0.782567919163622
2019-11-21 12:30:00,995.520833333332,-25.7129444648148,-0.421619503421659,-0.421628120645735
2019-11-21 13:00:00,995.541666666668,-26.5381748925926,-0.5527822248854,-0.552790840670802
2019-11-21 13:30:00,995.5625,-25.9518702907407,-0.459086458853999,-0.45909507319977
2019-11-21 14:00:00,995.583333333332,-26.1982812982418,-0.49804293592452,-0.498051548829701
2019-11-21 14:30:00,995.604166666668,-25.182055512963,-0.335860521110605,-0.335869132574238
2019-11-21 15:00:00,995.625,-25.3300678909465,-0.359142129222625,-0.359150739243749
2019-11-21 15:30:00,995.645833333332,-24.7730555388889,-0.270112845597086,-0.270121454174747
2019-11-21 16:00:00,995.666666666668,-24.8056502366255,-0.275008437959534,-0.275017045092769
2019-11-21 16:30:00,995.6875,-23.8881110481481,-0.128547074924189,-0.128555680612043
2019-11-21 17:00:00,995.708333333332,-23.6875226518519,-0.0962965371165908,-0.0963051413581065
2019-11-21 17:30:00,995.729166666668,-23.3801481111111,-0.0470349419176768,-0.0470435447118965
2019-11-21 18:00:00,995.75,-23.6137366209877,-0.0839491990284806,-0.0839578003744442
2019-11-21 18:30:00,995.770833333332,-23.5585369888889,-0.074859350556511,-0.0748679504532675
2019-11-21 19:00:00,995.791666666668,-23.8084483293388,-0.114373949891022,-0.114382548337609
2019-11-21 23:00:00,995.958333333332,-25.5218416756757,-0.38494895898639,-0.384957545797223
2019-11-21 23:30:00,995.979166666668,-25.9419785375,-0.451581073821197,-0.451589659173263
2019-11-22,996,-25.2411239674419,-0.339638504706023,-0.339647088598364
2019-11-22 00:30:00,996.020833333332,-25.5415786375,-0.38720526535028,-0.387213847781948
2019-11-22 01:00:00,996.041666666668,-25.1452934316602,-0.32378091816401,-0.323789499134045
2019-11-22 01:30:00,996.0625,-25.5194321357143,-0.38308570271515,-0.383094282222602
2019-11-22 02:00:00,996.083333333332,-24.8468450213178,-0.275646368758725,-0.275654946802638
2019-11-22 02:30:00,996.104166666668,-25.1743285935714,-0.327519062261086,-0.327527638840508
2019-11-22 03:00:00,996.125,-24.5889150702703,-0.233966648524697,-0.233975223638673
2019-11-22 03:30:00,996.145833333332,-24.6119643553571,-0.237342847467946,-0.237351421115527
2019-11-22 04:00:00,996.166666666668,-24.5130116042636,-0.221284087389787,-0.221292659570016
2019-11-22 04:30:00,996.1875,-24.665483909319,-0.24527757099183,-0.245286141703757
2019-11-22 05:00:00,996.208333333332,-22.7767403639535,0.0558960364540752,0.0558874672114027
2019-11-22 05:30:00,996.229166666668,-22.7612428589286,0.0586601583891942,0.0586515906167281
2019-11-22 06:00:00,996.25,-22.2971196926641,0.132890616075375,0.13288204977407
2019-11-22 06:30:00,996.270833333332,-22.3093309704626,0.131240603712256,0.131232038883058
2019-11-22 07:00:00,996.291666666668,-21.4301124329457,0.271595945202188,0.271587381846054
2019-11-22 07:30:00,996.3125,-21.2443964628571,0.301475779323988,0.301467217441866
2019-11-22 08:00:00,996.333333333332,-20.9412007428571,0.350070168730042,0.350061608322883
2019-11-22 08:30:00,996.354166666668,-20.8408754900356,0.366347094873949,0.366338535942704
2019-11-22 09:00:00,996.375,-20.9677721239382,0.34642735918236,0.346418801727981
2019-11-22 09:30:00,996.395833333332,-20.85716479319,0.364342121840354,0.364333565863787
2019-11-22 10:00:00,996.416666666668,-20.3176163135659,0.450587463060608,0.450578908562808
2019-11-22 10:30:00,996.4375,-20.2017570892857,0.469338750112837,0.469330197094751
2019-11-22 11:00:00,996.458333333332,-20.6264496356589,0.401979700759119,0.401971149221697
2019-11-22 11:30:00,996.479166666668,-20.5953344647687,0.407231093397614,0.407222543341805
2019-11-22 12:00:00,996.5,-20.5630309185328,0.412671741946387,0.412663193373143
2019-11-22 12:30:00,996.520833333332,-20.5890928417857,0.408814676327682,0.408806129237949
2019-11-22 13:00:00,996.541666666668,-20.689814646332,0.39306418505913,0.393055639453855
2019-11-22 13:30:00,996.5625,-20.466238458363,0.428974542500806,0.42896599838094
2019-11-22 14:00:00,996.583333333332,-19.9900697193798,0.505123020542309,0.505114477908798
2019-11-22 14:30:00,996.604166666668,-20.0154214171429,0.501378881297283,0.501370340151076
2019-11-22 15:00:00,996.625,-19.6936061706564,0.552938631002983,0.552930091345031
2019-11-22 15:30:00,996.645833333332,-19.5997571882143,0.568183138543244,0.568174600374491
2019-11-22 16:00:00,996.666666666668,-18.7985852492248,0.696104645089851,0.696096108411244
2019-11-22 16:30:00,996.6875,-18.4808321667857,0.747017128859766,0.747008593672253
2019-11-22 17:00:00,996.708333333332,-17.890320396139,0.841380213069067,0.841371679373593
2019-11-22 17:30:00,996.729166666668,-17.7500248850534,0.864023471853761,0.864014939651273
2019-11-22 18:00:00,996.75,-19.8625289598456,0.527794093145588,0.527785562437036
2019-11-22 18:30:00,996.770833333332,-20.4047615882562,0.441710024359429,0.441701495145756
2019-11-22 19:30:00,996.8125,-22.0157509342007,0.185666062112927,0.18565753589185
2019-11-22 20:00:00,996.833333333332,-22.1817295866667,0.159519359478833,0.159510834755472
2019-11-22 20:30:00,996.854166666668,-22.8975093204461,0.0457888979244224,0.0457803746997226
2019-11-22 21:00:00,996.875,-23.0627259437037,0.0197634795050775,0.0197549577799866
2019-11-23 00:30:00,997.020833333332,-26.7972995506608,-0.573102320581208,-0.573110831782614
2019-11-23 01:00:00,997.041666666668,-26.8650352517647,-0.583599390276236,-0.583607899970484
2019-11-23 01:30:00,997.0625,-28.0937312806167,-0.779038323966811,-0.779046832152956
2019-11-23 02:00:00,997.083333333332,-27.9782587894118,-0.760350306039232,-0.760358812716337
2019-11-23 02:30:00,997.104166666668,-28.7590198085903,-0.884432980999012,-0.884441486166132
2019-11-23 03:00:00,997.125,-28.6817647823529,-0.871833141036679,-0.871841644692868
2019-11-23 03:30:00,997.145833333332,-29.6039735484581,-1.0184486517226,-1.01845715386692
2019-11-23 04:00:00,997.166666666668,-29.6701293894118,-1.02869437402241,-1.02870287465392
2019-11-23 04:30:00,997.1875,-29.6912290493392,-1.03176266886114,-1.03177116797889
2019-11-23 05:00:00,997.208333333332,-29.5446705941176,-1.00812296055767,-1.00813145816073
2019-11-23 05:30:00,997.229166666668,-29.1847690680952,-0.950497603067125,-0.950506099154552
2019-11-23 06:00:00,997.25,-29.2568824294118,-0.961692580339538,-0.961701074910386
2019-11-23 06:30:00,997.270833333332,-29.034852426652,-0.926030364040275,-0.926038857093607
2019-11-23 07:00:00,997.291666666668,-29.0366351635294,-0.926021731666178,-0.926030223201053
2019-11-23 07:30:00,997.3125,-28.8402268801762,-0.894441182738832,-0.894449672754307
2019-11-23 08:00:00,997.333333333332,-28.8306047046512,-0.892615848904834,-0.892624337399975
2019-11-23 08:30:00,997.354166666668,-28.4705837209251,-0.834971789199211,-0.834980276173075
2019-11-23 09:00:00,997.375,-28.1653023813953,-0.78604784864337,-0.786056334095016
2019-11-23 09:30:00,997.395833333332,-28.6347726183223,-0.860542442613213,-0.860550926541704
2019-11-23 10:00:00,997.416666666668,-28.3786511569767,-0.819449815318006,-0.819458297722403
2019-11-23 10:30:00,997.4375,-28.3960993403974,-0.821937082754393,-0.821945563633754
2019-11-23 11:00:00,997.458333333332,-28.3087441883721,-0.807729158821968,-0.807737638175361
2019-11-23 11:30:00,997.479166666668,-28.2705859006608,-0.801358385430335,-0.801366863256815
2019-11-23 12:00:00,997.5,-28.3948953046512,-0.820868886364619,-0.820877362663252
2019-11-23 12:30:00,997.520833333332,-27.780550646696,-0.722711322353495,-0.722719797123342
2019-11-23 13:00:00,997.541666666668,-27.5811629593023,-0.690656755297354,-0.690665228537479
2019-11-23 13:30:00,997.5625,-27.8426070459161,-0.732013074205362,-0.732021545914824
2019-11-23 14:00:00,997.583333333332,-27.9174185697674,-0.743638747581435,-0.743647217759303
2019-11-23 14:30:00,997.604166666668,-28.1908631280353,-0.786906860409095,-0.786915329054425
2019-11-23 15:00:00,997.625,-28.1342441848837,-0.7775956767541,-0.77760414386596
2019-11-23 15:30:00,997.645833333332,-27.6079955903084,-0.69347220922243,-0.693480674799883
2019-11-23 16:00:00,997.666666666668,-27.5222325209302,-0.679518455866612,-0.679526919908722
2019-11-23 16:30:00,997.6875,-26.4539229418502,-0.509044396648534,-0.509052859154362
2019-11-23 17:00:00,997.708333333332,-26.0627675906977,-0.446441545152416,-0.446450006121032
2019-11-23 17:30:00,997.729166666668,-25.4116129662192,-0.342420678964472,-0.342429138394935
2019-11-23 18:00:00,997.75,-25.383802372093,-0.337699017646101,-0.337707475537478
2019-11-23 19:00:00,997.791666666668,-24.4487069030172,-0.188154979895639,-0.188163434706041
2019-11-23 19:30:00,997.8125,-24.0388400453333,-0.122571649149734,-0.122580102418243
2019-11-23 20:00:00,997.833333333332,-23.003064668319,0.0427193004730003,0.042710848747312
2019-11-23 20:30:00,997.854166666668,-22.6316133893333,0.102182890973906,0.102174440791979
2019-11-23 21:00:00,997.875,-22.7358922068966,0.0858622815228645,0.0858538328856289
2019-11-23 21:30:00,997.895833333332,-22.5896666933333,0.109447135387405,0.109438688295794
2019-11-23 22:00:00,997.916666666668,-22.7406857622857,0.0856806591589455,0.0856722136138939
2019-11-24 02:00:00,998.083333333332,-22.4791465571429,0.129669787357858,0.129661354218851
2019-11-24 03:00:00,998.125,-22.4595213673469,0.133376971151678,0.133368541123501
2019-11-24 04:00:00,998.166666666668,-22.302311687384,0.15900123817484,0.158992811261213
2019-11-24 05:00:00,998.208333333332,-22.2723271180297,0.164358229489896,0.164349805694541
2019-11-24 06:00:00,998.25,-22.0790760742115,0.195723461890313,0.195715041216951
2019-11-24 07:00:00,998.291666666668,-21.1142843869888,0.349995444871055,0.349987027323402
2019-11-24 08:00:00,998.333333333332,-20.7298185533333,0.411820879106738,0.411812464688508
2019-11-24 09:00:00,998.375,-21.4381500264815,0.299562695581286,0.299554284296195
2019-11-24 10:00:00,998.416666666668,-21.7426444162963,0.251635821859756,0.251627413711513
2019-11-24 11:00:00,998.458333333332,-21.941228261039,0.220580347198134,0.220571942190452
2019-11-24 12:00:00,998.5,-22.3528203825926,0.155592275070396,0.15558387320698
2019-11-24 13:00:00,998.541666666668,-23.7189185353704,-0.0614495169816909,-0.0614579156971351
2019-11-24 14:00:00,998.583333333332,-23.1420890868597,0.0310182189461871,0.0310098233824214
2019-11-24 15:00:00,998.625,-21.5646129794444,0.282889455070323,0.282881062661935
2019-11-24 16:00:00,998.666666666668,-20.9631407483333,0.379282348296742,0.379273959047432
2019-11-24 17:00:00,998.708333333332,-22.5049741198148,0.134244899163206,0.134236513076675
2019-11-24 18:30:00,998.770833333332,-25.6474397027829,-0.365485979300489,-0.365494360635926
2019-11-24 19:30:00,998.8125,-25.1187792172542,-0.280692849293156,-0.280701227456576
2019-11-24 20:30:00,998.854166666668,-25.8033766176252,-0.389172796789016,-0.389181171776731
2019-11-24 21:30:00,998.895833333332,-27.4886845766234,-0.657066880960417,-0.657075252768738
2019-11-24 22:30:00,998.9375,-29.8417476907236,-1.03133506838729,-1.03134343701253
2019-11-24 23:30:00,998.979166666668,-31.8137866628942,-1.34490606787747,-1.34491443331594
2019-11-25 03:30:00,999.145833333332,-28.5371725675325,-0.820636536376315,-0.820644889030889
2019-11-25 04:30:00,999.1875,-27.2939591454545,-0.622016687018343,-0.622025036467746
2019-11-25 05:30:00,999.229166666668,-27.2926993135198,-0.621241164013273,-0.621249510253835
2019-11-25 06:30:00,999.270833333332,-25.7597490198842,-0.376466488116898,-0.376474831144945
2019-11-25 07:30:00,999.3125,-25.0446325953618,-0.261973564521346,-0.261981904333206
2019-11-25 08:30:00,999.354166666668,-24.4194100042672,-0.16180102564151,-0.161809362233517
2019-11-25 09:30:00,999.395833333332,-24.1661703759259,-0.120885871657677,-0.120894205026165
2019-11-25 10:30:00,999.4375,-23.6100388724074,-0.0317200589077531,-0.0317283890490545
2019-11-25 11:30:00,999.479166666668,-25.2312462757407,-0.289406123666506,-0.289414450576961
2019-11-25 12:30:00,999.520833333332,-25.3390777851852,-0.306010561039779,-0.306018884715727
2019-11-25 13:30:00,999.5625,-24.3483907575926,-0.147620444729954,-0.147628765167734
2019-11-25 14:30:00,999.604166666668,-24.2892782760668,-0.137631053898734,-0.137639371094692
2019-11-25 15:30:00,999.645833333332,-23.469448955102,-0.00645916179645739,-0.00646747574693812
2019-11-25 16:30:00,999.6875,-23.1605351914815,0.0433232817517665,0.0433149710504183
2019-11-25 18:00:00,999.75,-23.2443376881262,0.0308314329532206,0.0308231271324144
2019-11-25 19:00:00,999.791666666668,-22.731183706679,0.113148899964111,0.113140597401558
2019-11-25 20:00:00,999.833333333332,-22.8448404684601,0.0956147314631837,0.0956064321625295
2019-11-25 21:00:00,999.875,-23.1611187474954,0.045802573986116,0.0457942779510075
2019-11-25 22:00:00,999.916666666668,-23.4549443489796,-0.000433092686676295,-0.000441385452599974
2019-11-25 23:00:00,999.958333333332,-23.1212727159555,0.0532917614476257,0.0532834719545268
2019-11-26,1000,-23.6182118780669,-0.0253005150076386,-0.0253088012242717
2019-11-26 01:00:00,1000.04166666667,-23.8283104001859,-0.058199110184546,-0.05820739312108
2019-11-26 05:00:00,1000.20833333333,-22.7506122669759,0.115757588347048,0.115749318567235
2019-11-26 06:00:00,1000.25,-22.8050055506494,0.107661756279509,0.107653489797948
2019-11-26 07:00:00,1000.29166666667,-22.7856070957169,0.111320761499985,0.111312498320298
2019-11-26 08:00:00,1000.33333333333,-23.2168829310409,0.0431867905291591,0.0431785306549682
2019-11-26 09:00:00,1000.375,-23.3496970373606,0.0225977462857195,0.0225894897206478
2019-11-26 10:00:00,1000.41666666667,-23.4170167174397,0.0124417706667178,0.0124335174143809
2019-11-26 11:00:00,1000.45833333333,-23.2033394981447,0.047048561351763,0.0470403114157772
2019-11-26 12:00:00,1000.5,-23.2509702894249,0.0400285583571717,0.0400203117411541
2019-11-26 13:00:00,1000.54166666667,-22.5588814831481,0.150846174714023,0.150837931421584
2019-11-26 14:00:00,1000.58333333333,-19.8316389048148,0.585864999862376,0.585856759897126
2019-11-26 15:00:00,1000.625,-19.3592240896296,0.661687909279941,0.661679672645488
2019-11-26 16:00:00,1000.66666666667,-19.5733203748148,0.628148867794927,0.628140634494877
2019-11-26 17:30:00,1000.72916666667,-19.5024497106262,0.640288135425484,0.640279907133795
2019-11-26 18:30:00,1000.77083333333,-19.3026957278293,0.672675131041132,0.672666906092858
2019-11-26 19:30:00,1000.8125,-19.0388719684601,0.715268244809415,0.715260023208148
2019-11-26 20:30:00,1000.85416666667,-19.2547490507435,0.681444428371836,0.681436210121175
2019-11-26 21:30:00,1000.89583333333,-19.2961542739777,0.675413860140076,0.675405645243623
2019-11-26 22:30:00,1000.9375,-19.2496840241636,0.683381673651661,0.683373462113003
2019-11-26 23:30:00,1000.97916666667,-19.1165362309833,0.705157037562453,0.705148829385178
2019-11-27 00:30:00,1001.02083333333,-19.3815027636364,0.663512260381124,0.663504055568831
2019-11-27 01:30:00,1001.0625,-19.3547996571429,0.668330420367782,0.668322218924051
2019-11-27 02:30:00,1001.10416666667,-19.3463494540892,0.670240634724603,0.670232436653017
2019-11-27 06:30:00,1001.27083333333,-19.1020482415584,0.711411899885536,0.711403715338364
2019-11-27 07:30:00,1001.3125,-19.6352114781076,0.62704147659434,0.627033295437212
2019-11-27 08:30:00,1001.35416666667,-19.8186567619666,0.598381126278193,0.598372948514682
2019-11-27 09:30:00,1001.39583333333,-20.021256009833,0.566669288718294,0.566661114351975
2019-11-27 10:30:00,1001.4375,-20.2448432272388,0.531613805234613,0.531605634269051
2019-11-27 11:30:00,1001.47916666667,-20.3386697906716,0.517229038991285,0.517220871430048
2019-11-27 12:30:00,1001.52083333333,-19.4087476703154,0.665927921704755,0.66591975755141
2019-11-27 13:30:00,1001.5625,-18.5260260230483,0.807107487083105,0.807099326341213
2019-11-27 14:30:00,1001.60416666667,-18.961881242115,0.738236566853414,0.738228409526535
2019-11-27 15:30:00,1001.64583333333,-19.4436055607407,0.66205841746783,0.662050263559527
2019-11-27 17:00:00,1001.70833333333,-18.0800927434137,0.880107834715852,0.880099685942076
2019-11-27 18:00:00,1001.75,-17.1946802791822,1.02171492851093,1.02170678316462
2019-11-27 19:00:00,1001.79166666667,-16.3144497979554,1.16249627888702,1.16248813697172
2019-11-27 20:00:00,1001.83333333333,-15.9096883053803,1.22753482948454,1.2275266910038
2019-11-27 21:00:00,1001.875,-15.8508420109665,1.2374685914225,1.23746045637987
2019-11-27 22:00:00,1001.91666666667,-13.9138867760377,1.54658619902017,1.5465780674192
2019-11-27 23:00:00,1001.95833333333,-13.6233048347584,1.59343511345006,1.59342698529429
2019-11-28,1002,-12.725677177551,1.73698659297235,1.73697846826533
2019-11-28 01:00:00,1002.04166666667,-12.8847328365492,1.71220741356044,1.71219929230569
2019-11-28 02:00:00,1002.08333333333,-12.0919293711896,1.83905982103885,1.83905170323992
2019-11-28 03:00:00,1002.125,-11.853575132282,1.87758781841104,1.87757970407146
2019-11-28 04:00:00,1002.16666666667,-13.22210756141,1.66013736886189,1.66012925798521
2019-11-28 08:00:00,1002.33333333333,-18.6268587336431,0.801385092608437,0.801376995618598
2019-11-28 09:00:00,1002.375,-20.5661466085343,0.493011626382815,0.493003532873495
2019-11-28 10:00:00,1002.41666666667,-20.9632282116883,0.43031246720867,0.430304377183396
2019-12-01 15:00:00,1005.625,-27.3637495493507,-0.54725136913611,-0.547259180482631
2019-12-01 16:30:00,1005.6875,-26.5825974495362,-0.422010082542907,-0.422017888259908
2019-12-01 17:30:00,1005.72916666667,-25.0383259025926,-0.175471401044498,-0.175479203004295
2019-12-01 18:30:00,1005.77083333333,-23.7058942738404,0.0373207534627212,0.0373129552634744
2019-12-01 19:30:00,1005.8125,-23.2563204016667,0.109472759532002,0.109464965096652
2019-12-01 20:30:00,1005.85416666667,-22.3228629555556,0.258707487530608,0.258699696862503
2019-12-01 21:30:00,1005.89583333333,-21.7998208936567,0.342562474074338,0.342554687176817
2019-12-01 22:30:00,1005.9375,-21.9046604682836,0.326395189491921,0.326387406368325
2019-12-01 23:30:00,1005.97916666667,-22.9534944227612,0.159848647599987,0.159840868253657
2019-12-02 00:30:00,1006.02083333333,-23.3666262024299,0.0945696381528922,0.0945618625871609
2019-12-02 01:30:00,1006.0625,-22.955863830597,0.160537277248855,0.160529505467057
2019-12-02 02:30:00,1006.10416666667,-23.6516093523365,0.050237139345313,0.0502293713507813
2019-12-02 03:30:00,1006.14583333333,-24.0008729196262,-0.00486845471645936,-0.0048762189203978
2019-12-02 04:30:00,1006.1875,-23.8700897085981,0.0164974666799758,0.0164897062699578
2019-12-02 05:30:00,1006.22916666667,-24.5258861753731,-0.0874395963450864,-0.0874473529578561
2019-12-02 06:30:00,1006.27083333333,-24.8518171462687,-0.13882913007122,-0.138836882883421
2019-12-02 07:30:00,1006.3125,-24.4629242648544,-0.0763469934954388,-0.0763547425037521
2019-12-02 08:30:00,1006.35416666667,-23.495389521161,0.0783129247806542,0.0783051795795503
2019-12-02 09:30:00,1006.39583333333,-22.6255981278505,0.217401976754593,0.217394235364012
2019-12-02 10:30:00,1006.4375,-22.5737472391386,0.226192240826131,0.226184503249386
2019-12-02 11:30:00,1006.47916666667,-22.6203023837209,0.219306072190305,0.219298338430711
2019-12-02 14:30:00,1006.60416666667,-21.4000000050847,0.415289720239826,0.415281997951525
2019-12-02 15:00:00,1006.625,-21.1306465902287,0.458462432684166,0.458454712310639
2019-12-02 16:30:00,1006.6875,-19.9155798799087,0.652816566973068,0.652808852348812
2019-12-02 17:00:00,1006.70833333333,-19.7239624291536,0.683605602078595,0.683597889372415
2019-12-02 17:30:00,1006.72916666667,-19.3072843591743,0.750246883896373,0.75023917310909
2019-12-02 18:00:00,1006.75,-19.192181280625,0.768846983274956,0.768839274407394
2019-12-02 18:30:00,1006.77083333333,-19.2092922260274,0.766385223327264,0.766377516380247
2019-12-02 19:00:00,1006.79166666667,-19.1884656340625,0.769966869330025,0.769959164304376
2019-12-02 19:30:00,1006.8125,-19.2264794219178,0.764175129882661,0.764167426779204
2019-12-02 20:00:00,1006.83333333333,-19.2135548642633,0.766497834345692,0.766490133165252
2019-12-02 20:30:00,1006.85416666667,-19.5543196611872,0.712477500909376,0.712469801652773
2019-12-02 21:00:00,1006.875,-19.5988244617555,0.705651525605409,0.705643828273466
2019-12-02 21:30:00,1006.89583333333,-19.7357545625,0.684102062903231,0.684094367496769
2019-12-02 22:00:00,1006.91666666667,-19.7422156121875,0.683336342203603,0.683328648723444
2019-12-02 22:30:00,1006.9375,-19.7699452392694,0.679182450826777,0.679174759273742
2019-12-02 23:00:00,1006.95833333333,-19.7577241598746,0.681392664407751,0.681384974782665
2019-12-02 23:30:00,1006.97916666667,-20.1482192283105,0.619449836686471,0.619442148990152
2019-12-03,1007,-20.2870095571429,0.597603682654585,0.597595996887853
2019-12-03 16:00:00,1007.66666666667,-23.9361598381148,0.0246774647784094,0.0246698411900892
2019-12-03 16:30:00,1007.6875,-24.2579694925424,-0.0263261671032751,-0.0263337887350881
2019-12-03 17:00:00,1007.70833333333,-24.7682418438525,-0.107352113618707,-0.107359733293197
2019-12-03 17:30:00,1007.72916666667,-24.7806915155932,-0.109074623904502,-0.10908224162086
2019-12-03 18:00:00,1007.75,-25.0746393668033,-0.155640067751317,-0.155647683508733
2019-12-03 18:30:00,1007.77083333333,-25.4027517020408,-0.207648010760904,-0.207655624558569
2019-12-03 19:00:00,1007.79166666667,-25.4913361180328,-0.221499057541281,-0.221506669378381
2019-12-03 19:30:00,1007.8125,-25.5064948725424,-0.223653416486302,-0.223661026362033
2019-12-03 20:00:00,1007.83333333333,-25.9860041263374,-0.299779214341073,-0.29978682225462
2019-12-03 20:30:00,1007.85416666667,-26.4935660481356,-0.380373894831862,-0.38038150078242
2019-12-03 21:00:00,1007.875,-26.7864549118852,-0.426771076377276,-0.426778680364035
2019-12-03 21:30:00,1007.89583333333,-26.5965544207483,-0.396259641325144,-0.396267243347296
2019-12-03 22:00:00,1007.91666666667,-27.328213104918,-0.51255331413325,-0.512560914189984
2019-12-03 22:30:00,1007.9375,-27.3078237386441,-0.509045267792699,-0.509052865883213
2019-12-03 23:00:00,1007.95833333333,-27.6621645707819,-0.565232082589018,-0.565239678712498
2019-12-03 23:30:00,1007.97916666667,-27.4887118630508,-0.537341082092805,-0.537348676248447
2019-12-04,1008,-27.4473688389344,-0.530495321413352,-0.530502913600349
2019-12-04 00:30:00,1008.02083333333,-27.1097635533784,-0.4764548436169,-0.476462433834445
2019-12-04 01:00:00,1008.04166666667,-27.3592253897541,-0.515934650745774,-0.515942238993058
2019-12-04 01:30:00,1008.0625,-27.0169054554054,-0.461143271813304,-0.461150858089526
2019-12-04 02:00:00,1008.08333333333,-27.3947868733607,-0.521080555910416,-0.521088140214765
2019-12-04 02:30:00,1008.10416666667,-27.1572702793919,-0.482984569913047,-0.482992152244721
2019-12-04 03:00:00,1008.125,-26.3624016147541,-0.356102073776816,-0.356109654135008
2019-12-04 03:30:00,1008.14583333333,-26.1116452614865,-0.315897130713758,-0.315904709097661
2019-12-04 04:00:00,1008.16666666667,-26.4427344452282,-0.368380670565989,-0.368388246974801
2019-12-04 04:30:00,1008.1875,-25.9409425408784,-0.288185731007212,-0.288193305440131
2019-12-04 05:00:00,1008.20833333333,-26.6839057893443,-0.406281249951526,-0.406288822407743
2019-12-04 05:30:00,1008.22916666667,-26.4820067371622,-0.37385960236775,-0.373867172846462
2019-12-04 06:00:00,1008.25,-26.2281064831967,-0.333154199387817,-0.333161767888223
2019-12-04 06:30:00,1008.27083333333,-25.9855864172881,-0.29426174173955,-0.294269308260843
2019-12-04 07:00:00,1008.29166666667,-26.2264959459016,-0.33238003723829,-0.332387601779669
2019-12-04 07:30:00,1008.3125,-25.9507263506757,-0.28819105239231,-0.288198614952975
2019-12-04 08:00:00,1008.33333333333,-26.1593319704918,-0.321163458784273,-0.321171019363417
2019-12-04 08:30:00,1008.35416666667,-25.884310825,-0.277093849231414,-0.277101407828237
2019-12-04 09:00:00,1008.375,-25.5336762360656,-0.220979037511437,-0.220986594125137
2019-12-04 09:30:00,1008.39583333333,-25.6227364736486,-0.234907999307683,-0.234915553937455
2019-12-04 10:00:00,1008.41666666667,-25.2506926663934,-0.175382830724316,-0.175390383369363
2019-12-04 10:30:00,1008.4375,-25.1761762637288,-0.163254063815907,-0.163261614475429
2019-12-04 11:00:00,1008.45833333333,-24.7131189254098,-0.0892305217416067,-0.0892380704147993
2019-12-04 11:30:00,1008.47916666667,-24.7872871570946,-0.100787470449938,-0.100795017136003
2019-12-04 12:00:00,1008.5,-24.2277992336066,-0.0114026144269532,-0.0114101591250896
2019-12-04 12:30:00,1008.52083333333,-24.3141081756757,-0.024893734220818,-0.0249012769302237
2019-12-04 13:00:00,1008.54166666667,-24.4735287143443,-0.0500316572716607,-0.0500391979915387
2019-12-04 13:30:00,1008.5625,-24.7761857935811,-0.0979873372989805,-0.0979948760285315
2019-12-04 14:00:00,1008.58333333333,-23.926049195082,0.037697765599201,0.0376902288607759
2019-12-04 14:30:00,1008.60416666667,-23.8662737689781,0.0474776951616611,0.0474701604151606
2019-12-04 19:00:00,1008.79166666667,-23.5940853319109,0.0931531357478674,0.093145618964589
2019-12-04 20:00:00,1008.83333333333,-23.8168942604824,0.0581732839488001,0.0581657711661092
2019-12-04 21:00:00,1008.875,-23.8021744142857,0.0610316390432455,0.0610241302643235
2019-12-04 22:00:00,1008.91666666667,-23.7602838411874,0.0682180134183376,0.0682105086463654
2019-12-04 23:00:00,1008.95833333333,-23.4504508510204,0.118087509112997,0.118080008351149
2019-12-05,1009,-23.7072894604824,0.0776855165790115,0.077678019830461
2019-12-05 01:00:00,1009.04166666667,-23.7012796209259,0.0791551720883452,0.0791476793562669
2019-12-05 02:00:00,1009.08333333333,-23.8132078037106,0.0618369183760498,0.0618294296636106
2019-12-05 03:00:00,1009.125,-23.979751867963,0.0358180174716861,0.0358105327820534
2019-12-05 04:00:00,1009.16666666667,-24.2262610996296,-0.002939690253289,-0.00294717091694807
2019-12-05 05:00:00,1009.20833333333,-24.5596536966667,-0.0555382789393362,-0.0555457555738617
2019-12-05 06:00:00,1009.25,-24.7079515590317,-0.0786514431526837,-0.0786589157549153
2019-12-05 07:00:00,1009.29166666667,-25.0153610985185,-0.12711151052813,-0.127118979094908
2019-12-05 08:00:00,1009.33333333333,-25.2095500168519,-0.157535751600159,-0.157543216128329
2019-12-05 09:00:00,1009.375,-25.4352750572491,-0.192984019269669,-0.19299147975608
2019-12-05 10:00:00,1009.41666666667,-25.3424759088889,-0.177691456126874,-0.17769891256837
2019-12-05 11:00:00,1009.45833333333,-25.1889796253704,-0.152730096317764,-0.152737548711201
2019-12-05 12:00:00,1009.5,-25.2362750927509,-0.159755306515431,-0.159762754857662
2019-12-05 13:00:00,1009.54166666667,-24.731037032963,-0.0787618318492006,-0.0787692761370793
2019-12-05 14:00:00,1009.58333333333,-24.0872277909259,0.0243058300519059,0.0242983898215182
2019-12-05 15:30:00,1009.64583333333,-25.8657966427239,-0.258259439844654,-0.258266873982917
2019-12-05 19:00:00,1009.79166666667,-26.842582881378,-0.412086782961455,-0.412094202857341
2019-12-05 20:00:00,1009.83333333333,-27.3911576836735,-0.49896856361463,-0.498975979434225
2019-12-05 21:00:00,1009.875,-27.5274452398887,-0.520172994284734,-0.520180406024912
2019-12-05 22:00:00,1009.91666666667,-28.030585349531,-0.599817602075758,-0.599825009733394
2019-12-05 23:00:00,1009.95833333333,-27.7962708108317,-0.561985460853854,-0.561992864425829
2019-12-06,1010,-27.4887676871747,-0.512494629467909,-0.512502028951109
2019-12-06 01:00:00,1010.04166666667,-27.6741632979592,-0.541523222690287,-0.541530618081591
2019-12-06 02:00:00,1010.08333333333,-27.7870241024119,-0.558997273668987,-0.559004664965282
2019-12-06 03:00:00,1010.125,-28.3747365695733,-0.65211583834993,-0.65212322554811
2019-12-06 04:00:00,1010.16666666667,-27.6176474992579,-0.531006861855648,-0.531014244952599
2019-12-06 05:00:00,1010.20833333333,-27.8123339508349,-0.56151671116435,-0.561524090156967
2019-12-06 06:00:00,1010.25,-27.3169276450835,-0.482094596355091,-0.482101971240274
2019-12-06 07:00:00,1010.29166666667,-27.0325621447124,-0.43629173818667,-0.436299108961312
2019-12-06 08:00:00,1010.33333333333,-27.0775592418519,-0.44295688295766,-0.442964249618662
2019-12-06 09:00:00,1010.375,-27.1195528925788,-0.449143882615959,-0.44915124516023
2019-12-06 10:00:00,1010.41666666667,-26.6818222296296,-0.3789107625936,-0.37891812101804
2019-12-06 11:00:00,1010.45833333333,-26.5079704018519,-0.350714036147502,-0.350721390449019
2019-12-06 12:00:00,1010.5,-26.2190314551852,-0.30418415623935,-0.304191506414857
2019-12-06 13:00:00,1010.54166666667,-25.9665714504638,-0.263465704928252,-0.263473050974661
2019-12-06 14:30:00,1010.60416666667,-25.2170853315399,-0.143320518701089,-0.143327858548065
2019-12-06 15:30:00,1010.64583333333,-25.041120772119,-0.114788615307301,-0.114795951017472
2019-12-06 16:30:00,1010.6875,-25.2153475600372,-0.142042751771402,-0.142050083341689
2019-12-06 20:30:00,1010.85416666667,-23.8599722098148,0.0758676866255084,0.0758603716455086
2019-12-06 21:30:00,1010.89583333333,-24.1786604502783,0.0255991938141346,0.025591882989379
2019-12-06 22:30:00,1010.9375,-24.3654452690167,-0.00365729916883117,-0.00366460583527761
2019-12-06 23:30:00,1010.97916666667,-24.3787309756957,-0.00527556938391571,-0.00528287188898824
2019-12-07 00:30:00,1011.02083333333,-24.1077773532468,0.0383853786288078,0.0383780802881667
2019-12-07 01:30:00,1011.0625,-23.1966066896104,0.184033048531363,0.184025754358211
2019-12-07 02:30:00,1011.10416666667,-23.9967773640074,0.057062509806225,0.0570552198036196
2019-12-07 03:30:00,1011.14583333333,-24.4220777562963,-0.0101912358805124,-0.0101985217095206
2019-12-07 04:30:00,1011.1875,-24.7971780929499,-0.0694483878739466,-0.0694556695263073
2019-12-07 05:30:00,1011.22916666667,-25.2991555848148,-0.148917472658112,-0.148924750130775
2019-12-07 06:30:00,1011.27083333333,-25.7459315148148,-0.21959322074153,-0.219600494031451
2019-12-07 07:30:00,1011.3125,-25.9231629583333,-0.24733065131485,-0.247337920418988
2019-12-07 08:30:00,1011.35416666667,-26.5038611314815,-0.33934093230082,-0.339348197216129
2019-12-07 09:30:00,1011.39583333333,-26.4926444416667,-0.337059064941463,-0.337066325664908
2019-12-07 10:30:00,1011.4375,-26.9167129798148,-0.40411875802478,-0.404126014553326
2019-12-07 11:30:00,1011.47916666667,-26.9619888807407,-0.410836826130388,-0.410844078460998
2019-12-07 12:30:00,1011.52083333333,-27.0024490152134,-0.41678805227375,-0.416795300403396
2019-12-07 14:00:00,1011.58333333333,-27.1749368994434,-0.443524929776204,-0.443532171598722
2019-12-07 15:00:00,1011.625,-27.5587384044527,-0.504171465397549,-0.504178703011533
2019-12-07 16:00:00,1011.66666666667,-27.2957383920223,-0.461782371039358,-0.461789604441786
2019-12-07 17:00:00,1011.70833333333,-27.4164545437848,-0.480519850059084,-0.480527079246936
2019-12-07 18:00:00,1011.75,-27.3794563779221,-0.474133640042703,-0.474140865012961
2019-12-08 23:30:00,1012.97916666667,-24.1422931194805,0.0559312077959139,0.0559241085909762
2019-12-09 00:30:00,1013.02083333333,-22.4583177557009,0.324672350687893,0.324665255791432
2019-12-09 01:30:00,1013.0625,-21.183905038175,0.528169549014304,0.528162458429265
2019-12-09 02:30:00,1013.10416666667,-18.3814609695167,0.975082910939956,0.975075824669275
2019-12-09 03:30:00,1013.14583333333,-17.4961373118738,1.11659729855974,1.11659021660635
2019-12-09 04:30:00,1013.1875,-17.1988030141264,1.1644442378836,1.16443716025044
2019-12-09 05:30:00,1013.22916666667,-16.0535852238889,1.34735930014216,1.34735222683217
2019-12-09 06:30:00,1013.27083333333,-15.6174526998145,1.41731624920631,1.4173091802224
2019-12-09 07:30:00,1013.3125,-15.5354240622222,1.43086387228692,1.43085680763203
2019-12-09 08:30:00,1013.35416666667,-15.3203376797774,1.465607365141,1.46560030481805
2019-12-09 09:30:00,1013.39583333333,-14.8095176241187,1.54746111916058,1.54745406317249
2019-12-09 10:30:00,1013.4375,-15.6829074292593,1.4088089286232,1.40880187697289
2019-12-09 11:30:00,1013.47916666667,-16.6637925711111,1.25303232932618,1.25302528201657
2019-12-09 12:30:00,1013.52083333333,-16.6391407612963,1.25743815994903,1.25743111698303
2019-12-09 13:30:00,1013.5625,-16.311072232963,1.31017816536215,1.31017112674268
2019-12-09 14:30:00,1013.60416666667,-16.3181481807407,1.30952909069207,1.30952205642203
2019-12-09 15:30:00,1013.64583333333,-16.6450760938776,1.25792704358461,1.25792001366691
2019-12-09 16:30:00,1013.6875,-15.5153907601852,1.43836420158045,1.43835717601799
2019-12-09 17:30:00,1013.72916666667,-13.3334481459259,1.78642637005142,1.78641934884711
2019-12-09 18:30:00,1013.77083333333,-13.4148703651852,1.77393257659473,1.77392555975146
2019-12-09 19:30:00,1013.8125,-13.1851611055556,1.81100192329926,1.81099491081994
2019-12-09 20:30:00,1013.85416666667,-13.4321685140741,1.77212963709174,1.77212262897926
2019-12-10 01:00:00,1014.04166666667,-15.7648589998145,1.40266908965127,1.4026621012253
2019-12-10 02:00:00,1014.08333333333,-15.9229999864564,1.37795148504838,1.37794450100513
2019-12-10 03:00:00,1014.125,-14.9358181760668,1.5356842918823,1.53567731222464
2019-12-10 04:00:00,1014.16666666667,-14.322661717658,1.63383426402746,1.63382728875827
2019-12-10 05:00:00,1014.20833333333,-13.7405046430427,1.72704568310379,1.72703871222593
2019-12-10 06:00:00,1014.25,-13.3121410122449,1.79575736735673,1.79575040087308
2019-12-10 07:00:00,1014.29166666667,-13.0041131504638,1.84529914804878,1.84529218596221
2019-12-10 08:00:00,1014.33333333333,-12.4772300697588,1.92970439170656,1.92969743401993
2019-12-10 09:00:00,1014.375,-12.1731888874074,1.97861043166347,1.97860347837966
2019-12-10 10:00:00,1014.41666666667,-12.0794518524074,1.99401454037179,1.99400759149364
2019-12-10 11:00:00,1014.45833333333,-11.9046771912801,2.02232767030121,2.02232072583159
2019-12-10 12:00:00,1014.5,-11.9424452747681,2.01678225835471,2.01677531829648
2019-12-10 13:00:00,1014.54166666667,-12.0529036946296,1.99965689286396,1.99964995721996
2019-12-10 14:00:00,1014.58333333333,-11.9295944403704,2.01977055365797,2.01976362243106
2019-12-10 15:00:00,1014.625,-11.9188756862709,2.02194813582101,2.02194120901404
2019-12-10 16:00:00,1014.66666666667,-11.7303277885185,2.05245369590886,2.05244677352467
2019-12-11 17:30:00,1015.72916666667,-21.083633711236,0.57433105343078,0.574324244781284
2019-12-12 13:30:00,1016.5625,-22.3671025487179,0.379026344915663,0.379019626736398
2019-12-12 14:00:00,1016.58333333333,-22.6696462967846,0.331057980683607,0.331051264780161
2019-12-18 13:30:00,1022.5625,-22.9117699363636,0.354002899306279,0.353996863452046
2019-12-18 15:00:00,1022.625,-23.1139476502804,0.322399243606519,0.322393215129864
2019-12-18 16:00:00,1022.66666666667,-22.6873413929104,0.390759722651742,0.390753699096399
2019-12-18 17:00:00,1022.70833333333,-22.5887108494403,0.406873061177542,0.40686704254585
2019-12-18 18:00:00,1022.75,-21.967041043097,0.506306552923933,0.506300539218232
2019-12-18 19:00:00,1022.79166666667,-22.3187798345149,0.450674984106188,0.450668975328811
2019-12-18 20:00:00,1022.83333333333,-22.6399962875,0.399905270075972,0.399899266229251
2019-12-18 21:00:00,1022.875,-22.8509999748134,0.366692152635069,0.366686153721335
2019-12-18 22:00:00,1022.91666666667,-23.2965783904851,0.296110737390074,0.29610474341165
2019-12-18 23:00:00,1022.95833333333,-23.7098149257944,0.230681030647228,0.230675041606439
2019-12-20 00:30:00,1024.02083333333,-31.7179704824803,-1.03497279430858,-1.03497865666306
2019-12-20 01:30:00,1024.0625,-31.7092571918367,-1.03319563422068,-1.03320149157696
2019-12-20 02:30:00,1024.10416666667,-31.2556196261759,-0.960542100882197,-0.960547953238016
2019-12-20 03:30:00,1024.14583333333,-31.7250961960251,-1.03494169090651,-1.03494753825962
2019-12-20 04:30:00,1024.1875,-32.2940984308534,-1.1251961725906,-1.12520201493876
2019-12-20 05:30:00,1024.22916666667,-31.6979915114407,-1.02984831570804,-1.02985415304902
2019-12-20 13:30:00,1024.5625,-31.5710148680297,-1.00653384338733,-1.00653964059051
2019-12-20 15:00:00,1024.625,-30.5580610775926,-0.844593501340965,-0.844599291002487
2019-12-20 16:00:00,1024.66666666667,-29.4139537190741,-0.661952809064972,-0.661958593695957
2019-12-20 17:00:00,1024.70833333333,-28.9403425888889,-0.586123029685755,-0.586128809283994
2019-12-20 18:00:00,1024.75,-27.5169722359259,-0.358996312183204,-0.359002086746493
2019-12-20 19:00:00,1024.79166666667,-27.0092463046296,-0.277732790353989,-0.277738559880124
2019-12-20 20:00:00,1024.83333333333,-26.6501642240672,-0.220148725336543,-0.220154489823326
2019-12-20 21:00:00,1024.875,-26.4675689744403,-0.190679523969689,-0.190685283414923
2019-12-20 22:00:00,1024.91666666667,-26.6472388059702,-0.218919794468783,-0.218925548870273
2019-12-20 23:00:00,1024.95833333333,-26.9440839018657,-0.265826554070266,-0.265832303425821
2019-12-21,1025,-26.7141958757463,-0.228824736874051,-0.228830481181485
2019-12-21 01:00:00,1025.04166666667,-26.936322733209,-0.263829599792192,-0.263835339049315
2019-12-21 02:00:00,1025.08333333333,-26.575402980597,-0.205955107412366,-0.205960841616998
2019-12-21 03:00:00,1025.125,-26.5608470227612,-0.203257001590018,-0.203262730739979
2019-12-21 04:00:00,1025.16666666667,-26.5513507304104,-0.201365290823422,-0.201371014916532
2019-12-21 05:00:00,1025.20833333333,-26.2411399190299,-0.151569929203681,-0.151575648237768
2019-12-21 06:00:00,1025.25,-26.2427033604478,-0.151440815969013,-0.151446529941906
2019-12-21 07:00:00,1025.29166666667,-25.9182257257463,-0.0993735136260333,-0.0993792225355598
2019-12-21 08:00:00,1025.33333333333,-25.8224253988806,-0.083735057341075,-0.0837407611850713
2019-12-21 09:00:00,1025.375,-33.8082061961374,-1.35549863702367,-1.35550433579997
2019-12-21 12:30:00,1025.52083333333,-25.9427291432282,-0.101206049434057,-0.101211730456432
2019-12-21 13:30:00,1025.5625,-25.3553499851852,-0.00726086877979049,-0.00726654472477128
2019-12-21 15:00:00,1025.625,-24.6291205884972,0.10899015564804,0.108984487323178
2019-12-21 16:00:00,1025.66666666667,-23.1151095020408,0.350547492425655,0.350541829183554
2019-12-21 17:00:00,1025.70833333333,-22.1898704780952,0.49831262966337,0.49830697150617
2019-12-21 18:00:00,1025.75,-21.7320241326531,0.571621389781142,0.57161573671098
2019-12-21 19:00:00,1025.79166666667,-20.8868199977737,0.706636132945632,0.706630484964646
2019-12-21 20:00:00,1025.83333333333,-21.1962727589981,0.65771281761618,0.657707174726503
2019-12-21 21:00:00,1025.875,-21.5811050739212,0.596781095511775,0.596775457715532
2019-12-21 22:00:00,1025.91666666667,-22.1865231634508,0.500709511684746,0.500703878984068
2019-12-21 23:00:00,1025.95833333333,-22.2515269165121,0.490725927458646,0.490720299855658
2019-12-22,1026,-20.4301176398482,0.781248896346113,0.781243273842935
2019-12-22 01:00:00,1026.04166666667,-19.8701163741088,0.87082827690971,0.87082265950846
2019-12-22 02:00:00,1026.08333333333,-20.167740612406,0.823786910854524,0.823781298557321
2019-12-22 03:00:00,1026.125,-20.7957342501969,0.72411707222813,0.724111465037084
2019-12-22 04:00:00,1026.16666666667,-20.8783692628032,0.711322860978094,0.711317258895315
2019-12-22 05:00:00,1026.20833333333,-21.2406310836893,0.653983507819299,0.653977910846896
2019-12-22 06:00:00,1026.25,-21.365574512311,0.63444875242463,0.634443160564706
2019-12-31 23:30:00,1035.97916666667,-16.7674619037106,1.44194632029917,1.44194197368758
2020-01-01 00:30:00,1036.02083333333,-16.6651725593692,1.45851327365057,1.45850893256576
2020-01-01 04:30:00,1036.1875,-19.7858494414498,0.962471660695221,0.962467341731727
2020-01-01 06:00:00,1036.25,-21.2329367628253,0.73235450533773,0.732350194675556
2020-01-01 07:00:00,1036.29166666667,-22.5990797925788,0.51499633141718,0.514992026290976
2020-01-01 08:00:00,1036.33333333333,-22.5947347358071,0.515957457648517,0.515953158059688
2020-01-01 09:00:00,1036.375,-22.1726033253259,0.583471817043999,0.583467522993945
2020-01-01 10:00:00,1036.41666666667,-22.5102472605948,0.529952989241961,0.529948700732078
2020-01-01 11:00:00,1036.45833333333,-22.4997346951763,0.531895308984165,0.531891026015847
2020-01-01 12:00:00,1036.5,-22.5069124899441,0.531019109757602,0.531014832332241
2020-01-01 13:00:00,1036.54166666667,-22.6776797445065,0.504082560596366,0.50407828871535
2020-01-01 14:00:00,1036.58333333333,-21.9555110975926,0.619390906420139,0.619386640084853
2020-01-01 15:00:00,1036.625,-21.7445055579926,0.65327017160572,0.653265910817546
2020-01-01 16:00:00,1036.66666666667,-21.3578089278293,0.715136720573059,0.715132465333377
2020-01-01 17:00:00,1036.70833333333,-21.313246764564,0.722500571837932,0.722496322148117
2020-01-01 18:00:00,1036.75,-21.1484527495362,0.74901701023978,0.749012766101207
2020-01-01 19:00:00,1036.79166666667,-20.8323981937037,0.799628927980829,0.799624689394867
2020-01-01 20:00:00,1036.83333333333,-20.622580712616,0.833316770757617,0.833312537725633
2020-01-01 21:00:00,1036.875,-21.0895073951852,0.759198351479896,0.759194124003256
2020-01-01 22:00:00,1036.91666666667,-21.6478975795158,0.670509297701365,0.670505075781429
2020-01-01 23:00:00,1036.95833333333,-22.2234758565056,0.579081735035329,0.579077518673455
2020-01-02,1037,-22.2180865874227,0.580202284046655,0.5801980732442
2020-01-02 01:00:00,1037.04166666667,-22.2365147966667,0.577528258027321,0.577524052785636
2020-01-02 02:00:00,1037.08333333333,-22.6729481611111,0.508265278225888,0.508261078546323
2020-01-02 05:30:00,1037.22916666667,-21.4913551349727,0.697404557817709,0.697400377616146
2020-01-02 06:00:00,1037.25,-21.2204450304225,0.740690391917536,0.740686214499883
2020-01-02 06:30:00,1037.27083333333,-20.9653314896739,0.781459713486794,0.781455538853386
2020-01-02 07:00:00,1037.29166666667,-20.825824870339,0.803812661215585,0.803808489366755
2020-01-02 07:30:00,1037.3125,-21.3176339595628,0.725596456763234,0.725592287699315
2020-01-02 08:00:00,1037.33333333333,-21.2658986225352,0.733967159157942,0.733962992879266
2020-01-02 08:30:00,1037.35416666667,-21.4742065625,0.700912673002774,0.700908509509673
2020-01-02 09:00:00,1037.375,-21.4669605616901,0.702195974939058,0.702191814231864
2020-01-02 09:30:00,1037.39583333333,-21.598809736413,0.681321207285881,0.681317049364924
2020-01-02 10:00:00,1037.41666666667,-21.5050339200565,0.696388553201583,0.696384398067195
2020-01-02 10:30:00,1037.4375,-21.2303169655738,0.740279842962539,0.740275690615052
2020-01-02 11:00:00,1037.45833333333,-21.0861774467606,0.763369945131621,0.763365795571364
2020-01-02 11:30:00,1037.47916666667,-20.9942011336957,0.778150302554594,0.778146155781896
2020-01-02 12:00:00,1037.5,-20.9381582096045,0.787206336625168,0.787202192640361
2020-01-02 12:30:00,1037.52083333333,-20.9024401538043,0.793024495825714,0.793020354629125
2020-01-02 13:00:00,1037.54166666667,-20.8312106676966,0.804499542407863,0.804495403999821
2020-01-02 13:30:00,1037.5625,-20.3537431076503,0.880688495611403,0.880684359992237
2020-01-02 14:00:00,1037.58333333333,-20.1992363370909,0.90542945538179,0.905425322551828
2020-01-02 17:00:00,1037.70833333333,-19.1552961587699,1.07249510933189,1.07249099324402
2020-01-02 17:30:00,1037.72916666667,-18.898020024,1.11360653967006,1.11360242637368
2020-01-02 18:00:00,1037.75,-18.4671891036446,1.18236526236947,1.18236115186491
2020-01-02 18:30:00,1037.77083333333,-18.640920014,1.15481674438615,1.15481263667372
2020-01-02 19:00:00,1037.79166666667,-19.1568519220957,1.07275525388233,1.07275114896237
2020-01-02 19:30:00,1037.8125,-18.887419874,1.11580269377482,1.11579859164764
2020-01-02 20:00:00,1037.83333333333,-18.5056605867882,1.17674383405699,1.17673973472292
2020-01-02 20:30:00,1037.85416666667,-18.510490054,1.17610100041024,1.17609690386961
2020-01-02 21:00:00,1037.875,-18.8287494209567,1.12552845064887,1.125524356902
2020-01-02 21:30:00,1037.89583333333,-18.851219862,1.12207517903933,1.12207108808653
2020-01-02 22:00:00,1037.91666666667,-19.1191435451025,1.07952092142911,1.07951683327071
2020-01-02 22:30:00,1037.9375,-19.181619947,1.06969445337704,1.06969036801337
2020-01-02 23:00:00,1037.95833333333,-18.974175442369,1.10286646945467,1.10286238688604
2020-01-02 23:30:00,1037.97916666667,-18.887249986,1.11683960583455,1.11683552606129
2020-01-03,1038,-18.7386172940775,1.14064263973347,1.1406385627559
2020-01-03 00:30:00,1038.02083333333,-18.7209999732673,1.14357472217153,1.14357064798996
2020-01-03 01:00:00,1038.04166666667,-18.7187106820046,1.14406492931552,1.14406085793027
2020-01-03 01:30:00,1038.0625,-18.6814257188119,1.15012986275661,1.15012579416801
2020-01-03 02:00:00,1038.08333333333,-18.1583926064972,1.2335747142087,1.23357064841706
2020-01-03 02:30:00,1038.10416666667,-17.950604090099,1.26680076697185,1.26679670397749
2020-01-03 03:00:00,1038.125,-17.8959407710706,1.27563375707097,1.27562969687422
2020-01-03 03:30:00,1038.14583333333,-17.839270092,1.28478641174544,1.28478235434661
2020-01-03 04:30:00,1038.1875,-17.9330736654018,1.27009305746562,1.27008900566357
2020-01-03 05:00:00,1038.20833333333,-17.9179662853933,1.27262432086019,1.27262027185702
2020-01-03 05:30:00,1038.22916666667,-18.0070334140312,1.25856040120518,1.25855635500119
2020-01-03 06:00:00,1038.25,-17.8099887516854,1.29007418491904,1.29007014151456
2020-01-03 06:30:00,1038.27083333333,-18.1783928350446,1.23151146995571,1.23150742935105
2020-01-03 07:00:00,1038.29166666667,-18.0610008,1.25033631438432,1.25033227657979
2020-01-03 13:00:00,1038.54166666667,-17.5566743820809,1.33215784444694,1.33215384026847
2020-01-03 13:30:00,1038.5625,-17.42644987,1.35302548766022,1.35302148628595
2020-01-03 14:00:00,1038.58333333333,-17.0926994400771,1.40631484538058,1.40631084681082
2020-01-03 14:30:00,1038.60416666667,-16.89974985,1.43717441903252,1.43717042326758
2020-01-03 15:00:00,1038.625,-16.6846467388031,1.4715629547513,1.47155896179149
2020-01-03 15:30:00,1038.64583333333,-16.121799945,1.56134719791678,1.5613432077624
2020-01-03 18:30:00,1038.77083333333,-16.38882341171,1.51954194456471,1.51953797124942
2020-01-03 19:30:00,1038.8125,-16.3353933111317,1.52829644474203,1.52829247704222
2020-01-03 20:30:00,1038.85416666667,-16.3799424927644,1.52144233590595,1.52143837382284
2020-01-03 21:30:00,1038.89583333333,-16.533896093692,1.49715958543005,1.49715562896487
2020-01-03 22:30:00,1038.9375,-16.5802467367347,1.49001762345113,1.49001367260509
2020-01-03 23:30:00,1038.97916666667,-16.4341561736059,1.51353124342376,1.51352729819807
2020-01-04 00:30:00,1039.02083333333,-16.4805036733333,1.50638890262866,1.50638496302453
2020-01-04 01:30:00,1039.0625,-16.519894447963,1.50035433315341,1.50035039917206
2020-01-04 02:30:00,1039.10416666667,-16.7207773658627,1.46859350976816,1.46858958141078
2020-01-04 04:00:00,1039.16666666667,-16.8434003782123,1.44941870433299,1.44941478441383
2020-01-04 05:00:00,1039.20833333333,-16.8230724806691,1.452895821183,1.4528919068908
2020-01-04 06:00:00,1039.25,-16.7586144932961,1.46340245236642,1.4633985437024
2020-01-04 07:00:00,1039.29166666667,-16.6572644327747,1.47978557653131,1.47978167349664
2020-01-04 08:00:00,1039.33333333333,-16.6281768959032,1.48465678828245,1.48465289087833
2020-01-04 09:00:00,1039.375,-16.5636108404097,1.4951793125251,1.4951754207527
2020-01-04 10:00:00,1039.41666666667,-16.5121560942379,1.50361275482337,1.50360886868388
2020-01-04 11:00:00,1039.45833333333,-16.3651783817635,1.52726263279426,1.52725875228886
2020-01-04 12:00:00,1039.5,-16.3192695171004,1.53481172984144,1.5348078549713
2020-01-04 13:00:00,1039.54166666667,-16.1857286148699,1.55632023173282,1.55631636249913
2020-01-04 14:00:00,1039.58333333333,-16.0794972268156,1.57347786701635,1.57347400342026
2020-01-04 15:00:00,1039.625,-15.9052332333955,1.60147270334733,1.60146884539002
2020-01-04 16:00:00,1039.66666666667,-16.3484721139405,1.53109844885606,1.53109459653868
2020-01-06 13:00:00,1041.54166666667,-24.0035454353535,0.321711425376196,0.321707828011382
2020-01-06 13:30:00,1041.5625,-24.4130205187215,0.256588593163332,0.256584998643491
2020-01-06 14:30:00,1041.60416666667,-24.5933637181818,0.228073139670704,0.228069550841575
2020-01-06 15:00:00,1041.625,-24.9551601553776,0.170545214527143,0.170541628543753
2020-01-06 15:30:00,1041.64583333333,-24.7387373,0.205127924086602,0.205124340949204
2020-01-06 16:00:00,1041.66666666667,-24.8487208791762,0.187713743547427,0.187710163256277
2020-01-06 16:30:00,1041.6875,-24.6198384252525,0.224281052405083,0.224277474960436
2020-01-06 17:00:00,1041.70833333333,-24.7135400562929,0.209460374158,0.209456799560107
2020-01-06 17:30:00,1041.72916666667,-24.4137979363636,0.257315454739153,0.257311882988269
2020-01-06 18:00:00,1041.75,-24.5205644231959,0.240413311892539,0.240409742988917
2020-01-06 18:30:00,1041.77083333333,-24.2103469591837,0.289936898509176,0.289933332453066
2020-01-06 19:00:00,1041.79166666667,-24.3581487750572,0.26649757463214,0.266494011423795
2020-01-06 19:30:00,1041.8125,-23.8452727020202,0.34830459867185,0.348301038311523
2020-01-06 20:00:00,1041.83333333333,-23.834004579405,0.350205005825414,0.350201448313356
2020-01-06 23:30:00,1041.97916666667,-24.8545473298701,0.188366391426825,0.188362853859649
2020-01-07 00:30:00,1042.02083333333,-25.2459128131725,0.12623046071971,0.126226928853311
2020-01-07 01:30:00,1042.0625,-25.7919237836431,0.0394589451425305,0.0394554189778998
2020-01-07 02:30:00,1042.10416666667,-25.3406933211896,0.111548254111692,0.111544733649816
2020-01-07 03:30:00,1042.14583333333,-24.361762519666,0.26770015572978,0.267696640971642
2020-01-07 04:30:00,1042.1875,-24.1541689557282,0.300977035620931,0.300973526567513
2020-01-07 05:30:00,1042.22916666667,-24.1248775307978,0.30584980867269,0.305846305324968
2020-01-07 06:30:00,1042.27083333333,-24.2343444131481,0.288617835431685,0.288614337790635
2020-01-07 07:30:00,1042.3125,-23.8613030341991,0.348249324131786,0.34824583219838
2020-01-07 08:30:00,1042.35416666667,-25.0438917909091,0.160067371553288,0.160063885328493
2020-01-07 09:30:00,1042.39583333333,-25.9357851918519,0.0181929477820371,0.0181894672668196
2020-01-07 10:30:00,1042.4375,-26.0317955788104,0.00310280768036553,0.00309933287568942
2020-01-07 11:30:00,1042.47916666667,-26.0662166681481,-0.00217656260854282,-0.00218003170171932
2020-01-07 12:30:00,1042.52083333333,-25.5267718105751,0.0839608731218273,0.0839574097411072
2020-01-07 14:00:00,1042.58333333333,-25.167018544898,0.141574209184206,0.141570754373959
2020-01-07 15:00:00,1042.625,-24.7213197076208,0.212776712895446,0.212773263800033
2020-01-07 16:00:00,1042.66666666667,-24.7089187250564,0.214954108931634,0.214950665552003
2020-01-07 17:00:00,1042.70833333333,-24.816484203525,0.198020312112908,0.19801687445
2020-01-07 18:00:00,1042.75,-24.6376122222634,0.226715757334847,0.226712325389603
2020-01-07 20:00:00,1042.83333333333,-24.1849424100719,0.299227053095786,0.299223632588677
2020-01-07 20:30:00,1042.85416666667,-24.3577499823077,0.271798569745033,0.271795152098039
2020-01-07 21:00:00,1042.875,-23.6404301433692,0.386167906503881,0.386164491717238
2020-01-07 21:30:00,1042.89583333333,-23.4632192084615,0.414497396282932,0.414493984356869
2020-01-08 13:00:00,1043.54166666667,-22.5562641937107,0.562009557487953,0.562006234352866
2020-01-08 13:30:00,1043.5625,-22.5878736902632,0.557070193469504,0.55706687320222
2020-01-08 14:30:00,1043.60416666667,-22.7465786113208,0.53198014982281,0.531976835291788
2020-01-08 15:00:00,1043.625,-22.8545862344828,0.514870170564305,0.514866858901743
2020-01-08 15:30:00,1043.64583333333,-23.4378930937107,0.422044570295896,0.422041261502011
2020-01-08 16:00:00,1043.66666666667,-23.5968143350133,0.396823789172008,0.396820483247019
2020-01-08 16:30:00,1043.6875,-23.5428421496241,0.405516969981953,0.405513666926079
2020-01-08 17:00:00,1043.70833333333,-23.6072918005305,0.395345354557672,0.395342054371127
2020-01-08 17:30:00,1043.72916666667,-23.3757735666667,0.432321521580745,0.432318224263746
2020-01-08 18:00:00,1043.75,-23.3107579444149,0.442773590478155,0.442770296030922
2020-01-08 18:30:00,1043.77083333333,-23.5371886433962,0.406797939008789,0.406794647431535
2020-01-08 19:00:00,1043.79166666667,-23.7519231026525,0.372685393750524,0.372682105043464
2020-01-08 19:30:00,1043.8125,-24.5348164151899,0.248064624003724,0.248061338167076
2020-01-08 20:00:00,1043.83333333333,-24.8286047809019,0.201358508646953,0.201355225680929
2020-01-08 20:30:00,1043.85416666667,-25.8981265848101,0.0310773890650954,0.0310741089699123
2020-01-08 21:00:00,1043.875,-26.0629202117021,0.00492000142788784,0.00491672420375855
2020-01-08 21:30:00,1043.89583333333,-25.6478301484277,0.0711383868302162,0.0711351124773544
2020-01-08 22:00:00,1043.91666666667,-25.6774228425532,0.0665183779949213,0.0665151065135403
2020-01-08 22:30:00,1043.9375,-26.1199685962264,-0.00388546154780611,-0.00388873015749247
2020-01-08 23:00:00,1043.95833333333,-26.2475251665782,-0.024111412324468,-0.0241146780622489
2020-01-09 02:00:00,1044.08333333333,-28.7165942036885,-0.416874840708639,-0.416878089210538
2020-01-09 02:30:00,1044.10416666667,-28.6458644244068,-0.405514427252205,-0.405517672880719
2020-01-09 03:00:00,1044.125,-28.4217213233607,-0.36971527533572,-0.369718518090641
2020-01-09 03:30:00,1044.14583333333,-28.4326360857143,-0.371361122374011,-0.371364362255129
2020-01-09 04:00:00,1044.16666666667,-28.900688492623,-0.445829436217966,-0.445832673225073
2020-01-09 04:30:00,1044.1875,-28.7851830579661,-0.427336682246683,-0.427339916379569
2020-01-09 05:00:00,1044.20833333333,-29.4169056987705,-0.527878008050389,-0.527881239308849
2020-01-09 05:30:00,1044.22916666667,-29.7041220789831,-0.573539353740887,-0.57354258212471
2020-01-09 06:00:00,1044.25,-30.1299094460905,-0.641275270067612,-0.641278495576592
2020-01-09 06:30:00,1044.27083333333,-30.0489186776271,-0.628281180659186,-0.628284403293117
2020-01-09 07:00:00,1044.29166666667,-30.986204870082,-0.777499452221255,-0.77750267197993
2020-01-09 07:30:00,1044.3125,-31.2260204187075,-0.815610265235003,-0.815613482118215
2020-01-09 08:00:00,1044.33333333333,-31.4054918,-0.844108322716492,-0.844111536724037
2020-01-09 08:30:00,1044.35416666667,-31.5047736179054,-0.859832238904298,-0.859835450035969
2020-01-09 09:00:00,1044.375,-31.6377172520492,-0.88091861994415,-0.880921828199743
2020-01-09 09:30:00,1044.39583333333,-31.4120169381757,-0.844872877255317,-0.844876082634626
2020-01-09 10:00:00,1044.41666666667,-31.2930123143443,-0.825823947729803,-0.825827150232626
2020-01-09 10:30:00,1044.4375,-30.4137567243243,-0.685666609511064,-0.685669809137195
2020-01-09 11:00:00,1044.45833333333,-31.1388770790984,-0.801087619321798,-0.801090816071036
2020-01-09 11:30:00,1044.47916666667,-30.8855709222973,-0.760644700171646,-0.760647894043785
2020-01-09 12:00:00,1044.5,-30.8898155635246,-0.761229920736749,-0.761233111731589
2020-01-09 12:30:00,1044.52083333333,-30.6703446209459,-0.726177202483653,-0.72618039060099
2020-01-09 13:00:00,1044.54166666667,-30.5340778331967,-0.70437907911724,-0.704382264356872
2020-01-09 13:30:00,1044.5625,-29.9894560939189,-0.617529833732139,-0.617533016093864
2020-01-09 14:30:00,1044.60416666667,-32.34475205,-0.99254927718205,-0.992552453787361
2020-01-09 15:00:00,1044.625,-32.5465070580986,-1.02459872181945,-1.02460189554626
2020-01-09 15:30:00,1044.64583333333,-33.1624953781818,-1.12263594269386,-1.12263911354195
2020-01-09 16:00:00,1044.66666666667,-32.5813099865,-1.02996264940222,-1.0299658173714
2020-01-09 17:00:00,1044.70833333333,-32.3795272884532,-0.997638772203707,-0.99764193441448
2020-01-09 17:30:00,1044.72916666667,-31.66847491125,-0.884277916282716,-0.884281075613984
2020-01-09 18:00:00,1044.75,-31.8242309481481,-0.909000373839296,-0.90900353029086
2020-01-09 18:30:00,1044.77083333333,-31.776800155,-0.901355137860453,-0.901358291432117
2020-01-09 19:00:00,1044.79166666667,-31.219406121179,-0.812472506918609,-0.812475657610175
2020-01-09 19:30:00,1044.8125,-31.0488625525,-0.785215545235668,-0.785218693046938
2020-01-09 20:00:00,1044.83333333333,-30.6465120041394,-0.721031679762431,-0.72103482469321
2020-01-09 20:30:00,1044.85416666667,-30.25342502875,-0.65832362181988,-0.658326763869972
2020-01-09 21:00:00,1044.875,-28.5466209527233,-0.386339604695359,-0.386342743864567
2020-01-09 21:30:00,1044.89583333333,-27.44654996625,-0.211008716074953,-0.211011852363081
2020-01-09 22:00:00,1044.91666666667,-27.6146753283224,-0.237702525817279,-0.237705659224133
2020-01-09 22:30:00,1044.9375,-27.1195679493827,-0.158742999744193,-0.158746130269577
2020-01-09 23:00:00,1044.95833333333,-26.7552679712418,-0.100621299888357,-0.100624427532078
2020-01-09 23:30:00,1044.97916666667,-26.5161850802469,-0.0624468853012938,-0.0624500100631582
2020-01-10,1045,-26.8377296740659,-0.113580943492479,-0.113584065372293
2020-01-10 00:30:00,1045.02083333333,-26.75859994625,-0.100887409747814,-0.100890528745384
2020-01-10 03:30:00,1045.14583333333,-25.7803852880734,0.0554691626765813,0.0554660609765113
2020-01-10 04:00:00,1045.16666666667,-25.5278485080808,0.0957857666447434,0.0957826678282589
2020-01-10 04:30:00,1045.1875,-25.538350089016,0.0942000578293272,0.0941969618966193
2020-01-10 05:00:00,1045.20833333333,-25.19496008,0.148989418259929,0.148986325211186
2020-01-10 05:30:00,1045.22916666667,-26.0154474242009,0.0183721706623681,0.0183690804977805
2020-01-10 06:00:00,1045.25,-25.4556262666667,0.107638939825828,0.107635852545584
2020-01-10 06:30:00,1045.27083333333,-26.5495356018391,-0.0665348542369543,-0.0665379386326658
2020-01-10 07:00:00,1045.29166666667,-26.448535459596,-0.0503588286234696,-0.0503619101344602
2020-01-10 07:30:00,1045.3125,-24.7041255410959,0.22761343476443,0.227610356138348
2020-01-10 08:00:00,1045.33333333333,-24.444759995,0.26901695440213,0.269013878661144
2020-01-10 08:30:00,1045.35416666667,-22.5653333041096,0.568497258114918,0.568494185259216
2020-01-10 09:00:00,1045.375,-22.182599944,0.629553130661477,0.629550060691246
2020-01-10 09:30:00,1045.39583333333,-20.7217631207289,0.862351541287246,0.86234847420267
2020-01-10 10:00:00,1045.41666666667,-20.4805842089109,0.900857460996564,0.90085439679783
2020-01-10 10:30:00,1045.4375,-18.7399248168565,1.17823157870426,1.17822851739156
2020-01-10 11:00:00,1045.45833333333,-18.4541087930693,1.22384799413658,1.22384493571008
2020-01-10 11:30:00,1045.47916666667,-17.4713006997722,1.38049563024849,1.3804925747084
2020-01-10 12:00:00,1045.5,-17.1117228534653,1.43786212856344,1.43785907590993
2020-01-10 12:30:00,1045.52083333333,-16.1927540216401,1.58433989652477,1.58433684675802
2020-01-10 13:00:00,1045.54166666667,-16.1295643079208,1.59449132531625,1.59448827843645
2020-01-10 14:00:00,1045.58333333333,-15.9981024743875,1.61560347146238,1.61560043035703
2020-01-10 14:30:00,1045.60416666667,-15.8558222444444,1.63835373362592,1.63835069540807
2020-01-10 15:00:00,1045.625,-15.631625818931,1.67415319013319,1.67415015480303
2020-01-10 15:30:00,1045.64583333333,-15.4654000333333,1.70071776811556,1.70071473567326
2020-01-10 16:00:00,1045.66666666667,-15.1933417686076,1.74414142148157,1.74413839192731
2020-01-10 16:30:00,1045.6875,-15.0589555933333,1.7656336984343,1.76563067176826
2020-01-10 17:00:00,1045.70833333333,-14.42864144098,1.86612754233963,1.866124518562
2020-01-10 17:30:00,1045.72916666667,-14.4659555488889,1.86026761308671,1.86026459219766
2020-01-10 18:00:00,1045.75,-14.0799287371938,1.9218460806374,1.92184306263712
2020-01-10 18:30:00,1045.77083333333,-14.1171222255556,1.91600513772589,1.91600212261455
2020-01-10 19:00:00,1045.79166666667,-14.052017865625,1.9264602009152,1.92645718869299
2020-01-10 19:30:00,1045.8125,-13.8831666855556,1.95344209244515,1.95343908311224
2020-01-10 20:00:00,1045.83333333333,-13.6972071300668,1.9831492461483,1.98314623970488
2020-01-10 20:30:00,1045.85416666667,-13.7453111333333,1.97556979340938,1.97556678985561
2020-01-10 21:00:00,1045.875,-13.3797616832962,2.03388551710516,2.03388251644123
2020-01-10 21:30:00,1045.89583333333,-13.4188000277778,2.02775000172162,2.0277470039477
2020-01-10 22:00:00,1045.91666666667,-13.4976347608018,2.01527477890454,2.01527178402082
2020-01-10 22:30:00,1045.9375,-13.7002444133333,1.9830820086484,1.98307901665505
2020-01-10 23:00:00,1045.95833333333,-13.5925278494432,2.00032431211009,2.00032132300728
2020-01-10 23:30:00,1045.97916666667,-13.4997222722222,2.01519117040812,2.01518818419603
2020-01-11,1046,-13.0350022160356,2.0893041566377,2.0893011733165
2020-01-11 00:30:00,1046.02083333333,-12.9207000166667,2.10759521351038,2.10759223308025
2020-01-11 01:00:00,1046.04166666667,-13.0139486928571,2.09282315322455,2.09282017568567
2020-01-11 01:30:00,1046.0625,-12.9633000688889,2.10097392131066,2.10097094666319
2020-01-11 05:00:00,1046.20833333333,-12.2329497422719,2.2178928895551,2.2178899351524
2020-01-11 06:00:00,1046.25,-12.1494107698885,2.23136357452942,2.23136062591248
2020-01-11 07:00:00,1046.29166666667,-12.2232174845725,2.21976852119657,2.21976557836608
2020-01-11 08:00:00,1046.33333333333,-11.9419926100186,2.26472979573983,2.26472685869647
2020-01-11 09:00:00,1046.375,-11.7131929430427,2.3013392391698,2.30133630791424
2020-01-11 10:00:00,1046.41666666667,-11.1840630862709,2.38579103828868,2.38578811282159
2020-01-11 11:00:00,1046.45833333333,-10.7971133767658,2.44759298009651,2.44759006041856
2020-01-11 12:00:00,1046.5,-10.3510888812222,2.51880511920576,2.51880220531762
2020-01-11 13:30:00,1046.5625,-10.2775334454833,2.53076187048604,2.53075896528385
2020-01-11 14:30:00,1046.60416666667,-9.97517656070632,2.57908651034972,2.57908361093899
2020-01-11 15:30:00,1046.64583333333,-9.80966913408922,2.60561047511787,2.60560758149925
2020-01-11 16:30:00,1046.6875,-9.82472914111317,2.6033694599737,2.60336657214785
2020-01-11 17:30:00,1046.72916666667,-9.68568810424951,2.62567639246471,2.62567351043228
2020-01-11 18:30:00,1046.77083333333,-9.74818922922078,2.61587705569147,2.61587417945311
2020-01-11 19:30:00,1046.8125,-9.47707422504638,2.65922254775738,2.65921967731372
2020-01-11 20:30:00,1046.85416666667,-9.35973468543599,2.67807103940812,2.67806817475981
2020-01-11 21:30:00,1046.89583333333,-9.31252876244898,2.68574673671203,2.6857438778597
2020-01-11 22:30:00,1046.9375,-9.13341003972171,2.71443577810087,2.71443292504516
2020-01-11 23:30:00,1046.97916666667,-8.9184322764564,2.74883673101291,2.74883388375445
2020-01-12 00:30:00,1047.02083333333,-8.7505732890167,2.77573116992506,2.77572832846448
2020-01-12 01:30:00,1047.0625,-8.58946096152416,2.80155040166806,2.80154756600597
2020-01-12 02:30:00,1047.10416666667,-8.68286803390335,2.78682405163155,2.78682122176858
2020-01-12 06:30:00,1047.27083333333,-7.93438588781076,2.90666704920963,2.90666424254932
2020-01-12 07:30:00,1047.3125,-8.03314842476809,2.89108527117717,2.89108247031905
2020-01-12 08:30:00,1047.35416666667,-8.04984199334572,2.88857667848937,2.88857388343404
2020-01-12 09:30:00,1047.39583333333,-8.02605018754647,2.89251697482815,2.89251418557621
2020-01-12 10:30:00,1047.4375,-7.99802424300373,2.89713131237454,2.89712852892659
2020-01-12 11:30:00,1047.47916666667,-8.26346486816216,2.85499575545593,2.85499297781256
2020-01-12 13:00:00,1047.54166666667,-9.27995545528757,2.69329120202821,2.69328843309282
2020-01-12 14:00:00,1047.58333333333,-11.0655828761639,2.40898765138119,2.40898488825185
2020-01-12 15:00:00,1047.625,-12.3058107721707,2.21156617433143,2.21156341700874
2020-01-12 16:00:00,1047.66666666667,-13.4522393393321,2.02908653685751,2.02908378534204
2020-01-12 17:00:00,1047.70833333333,-15.575315419295,1.69102579205509,1.69102304634741
2020-01-12 18:00:00,1047.75,-17.2827309476809,1.41917960946491,1.41917686956561
2020-01-12 19:00:00,1047.79166666667,-17.9539703005566,1.3123965713326,1.31239383724224
2020-01-12 20:00:00,1047.83333333333,-18.897172561039,1.16228918683057,1.16228645854972
2020-01-12 21:00:00,1047.875,-20.4351298473098,0.917436440786744,0.917433718315973
2020-01-12 22:00:00,1047.91666666667,-19.8996598394052,1.00288168341294,1.00287896675281
2020-01-12 23:00:00,1047.95833333333,-20.1343587429368,0.965638007012319,0.965635296163387
2020-01-13,1048,-20.0596517662942,0.977682447292045,0.977679742254867
2020-01-13 01:00:00,1048.04166666667,-18.8643475724907,1.16823836384779,1.16823566462292
2020-01-13 02:00:00,1048.08333333333,-18.4956524098513,1.22711440975048,1.22711171633847
2020-01-13 03:00:00,1048.125,-18.922575409311,1.15924745251553,1.15924476491692
2020-01-13 04:00:00,1048.16666666667,-18.6281898977654,1.20628499511002,1.20628231332537
2020-01-13 08:00:00,1048.33333333333,-19.7529199575419,1.02767695803098,1.02767429950751
2020-01-13 09:00:00,1048.375,-20.2165084026168,0.953966399445144,0.953963746738293
2020-01-13 10:00:00,1048.41666666667,-20.50506146946,0.908138639832068,0.908135992942367
2020-01-13 11:00:00,1048.45833333333,-20.672100541527,0.881667684489014,0.881665043416985
2020-01-13 12:30:00,1048.52083333333,-19.4914497791822,1.0699530606662,1.06995042832165
2020-01-13 13:30:00,1048.5625,-17.9373283949907,1.31766304082447,1.31766041429889
2020-01-13 14:30:00,1048.60416666667,-16.9886061418994,1.46893204459216,1.46892942388605
2020-01-13 18:30:00,1048.77083333333,-15.3111814792593,1.7366898523794,1.73668725495627
2020-01-13 19:30:00,1048.8125,-14.9855743475836,1.78869386006889,1.78869126846775
2020-01-13 20:30:00,1048.85416666667,-14.9168680282528,1.79977292216927,1.79977033639062
2020-01-13 21:30:00,1048.89583333333,-14.8192263500928,1.81546094494189,1.81545836498621
2020-01-13 22:30:00,1048.9375,-14.7903643167286,1.82019185841244,1.82018928428023
2020-01-13 23:30:00,1048.97916666667,-14.7481298634508,1.82705254512773,1.82704997681947
2020-01-14 00:30:00,1049.02083333333,-14.7118126172542,1.83297015365484,1.83296759117101
2020-01-14 01:30:00,1049.0625,-14.6806883105751,1.83806006026648,1.83805750360756
2020-01-14 02:30:00,1049.10416666667,-14.6656148003704,1.84059260052268,1.84059004968914
2020-01-14 03:30:00,1049.14583333333,-14.8661375592937,1.80878003796475,1.80877749295707
2020-01-14 04:30:00,1049.1875,-15.3135574212963,1.73763612730922,1.73763358812786
2020-01-14 05:30:00,1049.22916666667,-15.4857699222635,1.71033248272499,1.71032994937042
2020-01-14 06:30:00,1049.27083333333,-15.5627463018519,1.69819955705848,1.69819702953116
2020-01-14 07:30:00,1049.3125,-15.7334333440741,1.67113799252643,1.67113547082684
2020-01-14 08:30:00,1049.35416666667,-15.9744137133581,1.63287818735366,1.63287567148223
2020-01-14 09:30:00,1049.39583333333,-16.2895788382189,1.58280023413094,1.58279772408814
2020-01-14 13:00:00,1049.54166666667,-16.2529443395176,1.58908075251596,1.58907826287688
2020-01-14 14:30:00,1049.60416666667,-14.8729314805556,1.80910659811503,1.80910411722206
2020-01-14 15:30:00,1049.64583333333,-16.5305295875926,1.54517532930283,1.54517285424115
2020-01-14 20:00:00,1049.83333333333,-18.1951005878957,1.28056606120788,1.2805636123923
2020-01-14 21:00:00,1049.875,-18.1429145091078,1.28900208263902,1.28899963965706
2020-01-14 22:00:00,1049.91666666667,-17.6313817353818,1.37061189655177,1.37060945940386
2020-01-14 23:00:00,1049.95833333333,-17.362782925603,1.41352169206464,1.41351926075118
2020-01-15,1050,-16.669361787384,1.52410552367935,1.52410309820076
2020-01-15 01:00:00,1050.04166666667,-15.9112578946197,1.64499289985208,1.64499048020875
2020-01-15 02:00:00,1050.08333333333,-16.1256851905556,1.61095489815598,1.61095248434834
2020-01-15 03:00:00,1050.125,-15.8980890675325,1.64733107838759,1.64732867041602
2020-01-15 04:00:00,1050.16666666667,-15.6411988966543,1.68837335672706,1.68837095459197
2020-01-15 05:00:00,1050.20833333333,-15.4539610393321,1.71831950703206,1.71831711073383
2020-01-15 06:00:00,1050.25,-15.4752203557407,1.71505144379549,1.71504905333453
2020-01-15 07:00:00,1050.29166666667,-15.2510592661111,1.75087856178886,1.75087617716555
2020-01-15 08:00:00,1050.33333333333,-14.8510814775926,1.81471294066308,1.81471056187779
2020-01-15 09:00:00,1050.375,-14.7105944633333,1.83720978880928,1.83720741586241
2020-01-15 10:00:00,1050.41666666667,-14.7594277959259,1.82954730539804,1.82954493828996
2020-01-15 11:00:00,1050.45833333333,-14.9893259394444,1.79304060314203,1.79303824187313
2020-01-15 12:00:00,1050.5,-15.9923759564815,1.63336978979798,1.63336743436862
2020-01-15 13:00:00,1050.54166666667,-16.2762092646296,1.588270246949,1.58826789735956
2020-01-15 14:30:00,1050.60416666667,-15.7334981141264,1.67489660764257,1.67489426681369
2020-01-15 15:30:00,1050.64583333333,-16.3641326946903,1.57455021103109,1.57454787604303
2020-01-15 16:30:00,1050.6875,-17.4907230630112,1.39519723761593,1.39519490846906
2020-01-15 17:30:00,1050.72916666667,-18.0457765351955,1.30689003472647,1.30688771142114
2020-01-15 21:30:00,1050.89583333333,-17.6842174990706,1.36493483934707,1.36493253941141
2020-01-15 22:30:00,1050.9375,-17.6626159703154,1.36848686204546,1.36848456795307
2020-01-15 23:30:00,1050.97916666667,-17.4255640009276,1.40635982809935,1.40635753985058
2020-01-16 00:30:00,1051.02083333333,-17.7956989122677,1.34750702429268,1.34750474188785
2020-01-16 01:30:00,1051.0625,-18.057892172119,1.30584893679084,1.3058466602303
2020-01-16 02:30:00,1051.10416666667,-18.2698435795158,1.27219394631857,1.27219167560264
2020-01-16 03:30:00,1051.14583333333,-18.4286275707635,1.24700809720715,1.24700583233616
2020-01-16 04:30:00,1051.1875,-18.3885287467532,1.25350395660902,1.25350169758329
2020-01-16 05:30:00,1051.22916666667,-18.3719405526022,1.25625408973649,1.25625183655634
2020-01-16 06:30:00,1051.27083333333,-17.9574739747212,1.32238606752892,1.32238382019467
2020-01-16 07:30:00,1051.3125,-19.1210223264432,1.1371386731198,1.13713643163175
2020-01-16 08:30:00,1051.35416666667,-19.348143988785,1.10106425320934,1.10106201756781
2020-01-16 09:30:00,1051.39583333333,-19.0898901811918,1.14231002615872,1.14230779636402
2020-01-16 10:30:00,1051.4375,-18.4315055742593,1.24729645497096,1.24729423102339
2020-01-16 11:30:00,1051.47916666667,-18.166387774397,1.28963473391935,1.28963251581922
2020-01-16 12:30:00,1051.52083333333,-17.7595258857407,1.35455248098668,1.35455026873428
2020-01-16 14:00:00,1051.58333333333,-16.5777262653631,1.54296966638699,1.54296746290673
2020-01-16 15:00:00,1051.625,-16.4476149416822,1.56379968415586,1.56379748652407
2020-01-16 16:00:00,1051.66666666667,-16.7606231289179,1.51403998047287,1.51403778868983
2020-01-16 17:00:00,1051.70833333333,-17.1852639466543,1.4464966522202,1.4464944662862
2020-01-16 18:00:00,1051.75,-19.1957788124535,1.12632198801677,1.12631980793208
2020-01-16 19:00:00,1051.79166666667,-19.9188803652336,1.01123271771721,1.01123054348212
2020-01-16 23:00:00,1051.95833333333,-25.9475393438202,0.0512636598070065,0.0512615089730255
2020-01-17,1052,-26.7095103365702,-0.0700198751379435,-0.0700220201209818
2020-01-17 01:00:00,1052.04166666667,-27.0393321174397,-0.1224621989807,-0.122464338112535
2020-01-17 02:00:00,1052.08333333333,-28.0208645571429,-0.278722963716143,-0.278725096996518
2020-01-17 03:00:00,1052.125,-30.2468515502783,-0.63322669538614,-0.633228822814801
2020-01-17 04:00:00,1052.16666666667,-29.4680853289425,-0.509071560077578,-0.509073681654273
2020-01-17 05:00:00,1052.20833333333,-30.2893889012963,-0.639809153703428,-0.63981126942791
2020-01-17 06:00:00,1052.25,-30.8117777533333,-0.722929886194308,-0.722931996066332
2020-01-17 07:00:00,1052.29166666667,-30.9180463492593,-0.739762831991002,-0.739764936010325
2020-01-17 08:00:00,1052.33333333333,-30.9880333155556,-0.75081655577841,-0.750818653944794
2020-01-17 09:00:00,1052.375,-32.3947036957407,-0.974805370175548,-0.974807462488757
2020-01-17 10:00:00,1052.41666666667,-32.9750537659259,-1.06716123630648,-1.06716332276628
2020-01-17 11:00:00,1052.45833333333,-33.116509247037,-1.08960134842222,-1.08960342902838
2020-01-17 12:00:00,1052.5,-33.1372037062963,-1.09280461117153,-1.09280668592383
2020-01-17 13:00:00,1052.54166666667,-32.940500275,-1.0613767023599,-1.06137877125811
2020-01-17 13:30:00,1052.5625,-32.2866291516854,-0.957168284756617,-0.957170350727703
2020-01-17 14:00:00,1052.58333333333,-31.8364997,-0.885416177997955,-0.885418241041859
2020-01-17 14:30:00,1052.60416666667,-31.5620187011257,-0.841645112256336,-0.841647172373005
2020-01-17 15:00:00,1052.625,-31.68399955,-0.861030819147188,-0.861032876336568
2020-01-17 15:30:00,1052.64583333333,-31.3215936696629,-0.803253490901436,-0.803255545163471
2020-01-17 16:00:00,1052.66666666667,-32.284749975,-0.956639283077974,-0.956641334412613
2020-01-17 16:30:00,1052.6875,-31.451756602809,-0.823897265060854,-0.823899313468043
2020-01-17 17:00:00,1052.70833333333,-31.5055003,-0.832413212862557,-0.832415258342245
2020-01-17 17:30:00,1052.72916666667,-31.111414619137,-0.769589737714748,-0.769591780266882
2020-01-17 18:00:00,1052.75,-31.07525015,-0.76378348437449,-0.763785523999018
2020-01-17 18:30:00,1052.77083333333,-30.6841670185741,-0.701438551512857,-0.701440588209727
2020-01-17 19:00:00,1052.79166666667,-29.638249875,-0.534778209579836,-0.534780243348998
2020-01-17 19:30:00,1052.8125,-29.8315965971857,-0.565533604077596,-0.565535634918999
2020-01-17 20:00:00,1052.83333333333,-30.118500225,-0.611192797526693,-0.611194825440287
2020-01-17 20:30:00,1052.85416666667,-29.594020564794,-0.527598170403194,-0.52760019538893
2020-01-18,1053,-29.4986402132275,-0.512094792484565,-0.512096796973928
2020-01-18 00:30:00,1053.02083333333,-29.1197971114286,-0.451701109661884,-0.451703111223004
2020-01-18 01:00:00,1053.04166666667,-29.8287512555556,-0.564594422552956,-0.564596421185787
2020-01-18 01:30:00,1053.0625,-29.4473685671429,-0.50379641594241,-0.503798411646905
2020-01-18 02:00:00,1053.08333333333,-29.9031057502646,-0.576352320179082,-0.576354312955195
2020-01-18 02:30:00,1053.10416666667,-29.8558789956772,-0.568785826815657,-0.568787816663344
2020-01-18 03:00:00,1053.125,-29.5340635386243,-0.517477274031749,-0.517479260950965
2020-01-18 03:30:00,1053.14583333333,-28.7280286830946,-0.389032342153605,-0.389034326144304
2020-01-18 04:00:00,1053.16666666667,-30.1313491719577,-0.612539412587496,-0.612541393649635
2020-01-18 04:30:00,1053.1875,-29.8886570911429,-0.573835621534137,-0.573837599667673
2020-01-18 05:00:00,1053.20833333333,-29.5399523354497,-0.518244052743432,-0.518246027948321
2020-01-18 05:30:00,1053.22916666667,-29.3392171228571,-0.48622425504371,-0.486226227319908
2020-01-18 06:00:00,1053.25,-29.8427089671958,-0.566388447902128,-0.566390417249594
2020-01-18 06:30:00,1053.27083333333,-29.5761424863248,-0.523881916406587,-0.523883882825279
2020-01-18 07:00:00,1053.29166666667,-29.3321852206349,-0.484977166196729,-0.484979129686604
2020-01-18 07:30:00,1053.3125,-29.204230805698,-0.464551870164818,-0.464553830725835
2020-01-18 08:00:00,1053.33333333333,-29.2902538772487,-0.47821345780264,-0.478215415434758
2020-01-18 08:30:00,1053.35416666667,-29.1934587173789,-0.462752087697704,-0.462754042400882
2020-01-18 09:00:00,1053.375,-29.660978821164,-0.537186659531682,-0.53718861130588
2020-01-18 09:30:00,1053.39583333333,-29.6815171517143,-0.54041683264808,-0.540418781493258
2020-01-18 10:00:00,1053.41666666667,-30.0359840931217,-0.59684218928623,-0.596844135202348
2020-01-18 10:30:00,1053.4375,-29.8681338660969,-0.570062164926908,-0.570064107913928
2020-01-18 11:00:00,1053.45833333333,-30.0101969031915,-0.592651662202984,-0.592653602260866
2020-01-18 11:30:00,1053.47916666667,-29.9927863854701,-0.589837025433732,-0.589838962562439
2020-01-18 12:30:00,1053.52083333333,-29.9690803954774,-0.585978738195356,-0.585980669465598
2020-01-18 13:00:00,1053.54166666667,-29.9676223884956,-0.585705699414244,-0.585707627755197
2020-01-18 13:30:00,1053.5625,-30.0285858868687,-0.595376568262976,-0.595378493674604
2020-01-18 14:00:00,1053.58333333333,-29.9674955985163,-0.585604298890036,-0.585606221372301
2020-01-18 14:30:00,1053.60416666667,-29.9486482050251,-0.582561470085802,-0.58256338963867
2020-01-18 15:00:00,1053.625,-29.8977463297935,-0.574412456669014,-0.574414373292449
2020-01-18 15:30:00,1053.64583333333,-29.1831508955975,-0.460536702265998,-0.460538615959963
2020-01-18 16:00:00,1053.66666666667,-29.0698878861357,-0.442453750088209,-0.44245566085267
2020-01-18 16:30:00,1053.6875,-28.8251558035176,-0.403427797857876,-0.403429705692799
2020-01-18 17:00:00,1053.70833333333,-28.7398879011799,-0.389804720757064,-0.389806625662413
2020-01-18 17:30:00,1053.72916666667,-28.534407081407,-0.357031757264078,-0.357033659239821
2020-01-18 18:00:00,1053.75,-28.4096991174041,-0.337126084682519,-0.337127983728622
2020-01-18 18:30:00,1053.77083333333,-27.8759246201005,-0.252055938293241,-0.252057834409672
2020-01-18 19:00:00,1053.79166666667,-27.6805634486726,-0.2208953938264,-0.220897287013124
2020-01-18 19:30:00,1053.8125,-27.3294622894472,-0.164925475290876,-0.164927365547863
2020-01-18 20:00:00,1053.83333333333,-27.062271399705,-0.122322639933532,-0.122324527260748
2020-01-18 20:30:00,1053.85416666667,-25.7359798592965,0.0889955686301019,0.0889936842326872
2020-01-18 21:00:00,1053.875,-25.6638141460177,0.100530519422015,0.100528637954433
2020-01-18 21:30:00,1053.89583333333,-24.8274070527638,0.233809550879056,0.233807672341337
2020-01-18 22:00:00,1053.91666666667,-24.6654307176991,0.259651163293881,0.259649287686057
2020-01-19 01:30:00,1054.0625,-20.587329845288,0.909562926964116,0.909561071866367
2020-01-19 02:00:00,1054.08333333333,-20.2021947727273,0.970952947107561,0.970951094939936
2020-01-19 02:30:00,1054.10416666667,-19.6618328449086,1.05707059887041,1.05706874963293
2020-01-19 03:00:00,1054.125,-19.5247290225806,1.07894882890034,1.07894698259304
2020-01-19 03:30:00,1054.14583333333,-19.5392114284595,1.07667914709167,1.07667730371457
2020-01-19 04:00:00,1054.16666666667,-19.4512902890323,1.09072230586447,1.0907204654176
2020-01-19 04:30:00,1054.1875,-19.7539947289817,1.04253841332731,1.0425365758107
2020-01-19 05:00:00,1054.20833333333,-19.8210903929032,1.03188704980615,1.03188521521982
2020-01-19 05:30:00,1054.22916666667,-19.7984057531414,1.03553763544094,1.03553580378491
2020-01-19 06:00:00,1054.25,-19.8271429487013,1.03099656857865,1.03099473985295
2020-01-19 06:30:00,1054.27083333333,-19.6644141088542,1.05695606059231,1.05695423479696
2020-01-19 07:00:00,1054.29166666667,-19.6932532311688,1.05239852194374,1.05239669907877
2020-01-19 07:30:00,1054.3125,-19.2497734494792,1.12308160483018,1.12307978489561
2020-01-19 08:00:00,1054.33333333333,-19.0006345980769,1.16280592124102,1.16280410423687
2020-01-19 08:30:00,1054.35416666667,-18.6236015489583,1.22290375733577,1.22290194326206
2020-01-19 09:00:00,1054.375,-18.6649038115385,1.21636036191762,1.21635855077438
2020-01-19 09:30:00,1054.39583333333,-18.7721331326371,1.19931462154887,1.19931281333611
2020-01-19 10:00:00,1054.41666666667,-18.7133975288462,1.20870709489465,1.20870528961241
2020-01-19 10:30:00,1054.4375,-19.2706458539062,1.11997277075925,1.11997096840753
2020-01-19 11:00:00,1054.45833333333,-19.3789294551282,1.10275873053683,1.10275693111567
2020-01-19 12:00:00,1054.5,-20.1554999461929,0.97912137372089,0.979119580160888
2020-01-19 12:30:00,1054.52083333333,-20.3028819708333,0.955678574390027,0.955676783760634
2020-01-19 13:00:00,1054.54166666667,-19.8165190941476,1.03319167327403,1.03318988557527
2020-01-19 13:30:00,1054.5625,-19.8647082958333,1.02555012662319,1.02554834185507
2020-01-19 14:00:00,1054.58333333333,-18.1160433002545,1.30414862019341,1.30414683835596
2020-01-19 14:30:00,1054.60416666667,-17.9865068993056,1.32481865412814,1.32481687522137
2020-01-19 15:00:00,1054.625,-17.8915533362944,1.33997949979984,1.33997772382378
2020-01-19 15:30:00,1054.64583333333,-18.0608263444444,1.31304874639536,1.31304697335001
2020-01-19 16:00:00,1054.66666666667,-18.8785862880711,1.18281344327762,1.18281167316301
2020-01-19 16:30:00,1054.6875,-19.456014006993,1.09086311782021,1.09086135063635
2020-01-19 17:00:00,1054.70833333333,-21.0121246661578,0.843007783119349,0.843006018866252
2020-01-19 17:30:00,1054.72916666667,-20.9158391076923,0.858380229221378,0.858378467899064
2020-01-19 18:00:00,1054.75,-21.654413686802,0.7407587413137,0.740756982922183
2020-01-19 18:30:00,1054.77083333333,-21.6597153340278,0.739948037963979,0.739946282503276
2020-01-19 19:00:00,1054.79166666667,-22.140989851269,0.663314398783404,0.663312646253527
2020-01-19 19:30:00,1054.8125,-22.3075314531469,0.636817820426544,0.636816070827508
2020-01-19 20:00:00,1054.83333333333,-23.4238908576142,0.459014469855735,0.459012723187554
2020-01-19 20:30:00,1054.85416666667,-23.5321179611111,0.441807197738993,0.441805454001679
2020-01-19 21:00:00,1054.875,-23.8799898025445,0.386424230097339,0.386422489290906
2020-01-19 21:30:00,1054.89583333333,-23.808500006338,0.397845753489897,0.397844015614358
2020-01-19 22:00:00,1054.91666666667,-24.6563817389313,0.262810617823394,0.26280888287876
2020-01-19 22:30:00,1054.9375,-24.720531451049,0.252624435551902,0.252622703538185
2020-01-19 23:00:00,1054.95833333333,-25.7880102046036,0.0826071024527294,0.0826053733699414
2020-01-19 23:30:00,1054.97916666667,-25.9709721534722,0.0534938108869218,0.0534920847350735
2020-01-20 03:00:00,1055.125,-24.9622523358071,0.21440905067351,0.214407345038515
2020-01-20 04:00:00,1055.16666666667,-26.048656796475,0.0414074004915441,0.0414057007185854
2020-01-20 05:00:00,1055.20833333333,-26.0581817862709,0.0399529492471712,0.0399512553362769
2020-01-20 06:00:00,1055.25,-27.2115009471243,-0.143709201171904,-0.143710889220708
2020-01-20 07:00:00,1055.29166666667,-28.3636883172542,-0.327191526907795,-0.327193209094486
2020-01-20 08:00:00,1055.33333333333,-28.8720092209647,-0.4081059348478,-0.408107611172358
2020-01-20 09:00:00,1055.375,-29.2490814453704,-0.468112804833755,-0.468114475296164
2020-01-20 10:00:00,1055.41666666667,-29.3641781293135,-0.486387254495476,-0.486388919095722
2020-01-20 11:30:00,1055.47916666667,-29.6876548842301,-0.537827413426601,-0.537829069233583
2020-01-20 12:30:00,1055.52083333333,-29.6136710306691,-0.525982374685889,-0.525984024630687
2020-01-20 13:30:00,1055.5625,-29.9922356116883,-0.586229095560433,-0.586230739643045
2020-01-20 14:30:00,1055.60416666667,-30.7451409786642,-0.706109041766555,-0.706110679986979
2020-01-20 15:30:00,1055.64583333333,-31.2002727211503,-0.778553907448854,-0.778555539807094
2020-01-20 16:30:00,1055.6875,-31.3278979996289,-0.798827230054401,-0.798828856550463
2020-01-20 17:30:00,1055.72916666667,-31.2610241477695,-0.788117172914894,-0.788118793548787
2020-01-20 18:30:00,1055.77083333333,-30.706396327963,-0.699708030864915,-0.699709645636652
2020-01-20 19:30:00,1055.8125,-29.8453060907236,-0.562479677483521,-0.562481286393117
2020-01-20 20:30:00,1055.85416666667,-29.1686444268519,-0.45463139843073,-0.454633001478203
2020-01-20 21:30:00,1055.89583333333,-29.0487499438889,-0.435476999994077,-0.435478597179448
2020-01-20 22:30:00,1055.9375,-28.562154003525,-0.357907268197041,-0.357908859520334
2020-01-20 23:30:00,1055.97916666667,-29.1538611231481,-0.452112455305538,-0.452114040766781
2020-01-21 00:30:00,1056.02083333333,-28.2439999994444,-0.307117219121691,-0.307118798720913
2020-01-21 04:30:00,1056.1875,-28.5385343029685,-0.353826617865817,-0.353828174017324
2020-01-21 05:30:00,1056.22916666667,-27.0019220692022,-0.10899183691684,-0.108993387206524
2020-01-21 06:30:00,1056.27083333333,-28.0949777040816,-0.283065497706452,-0.283067042134362
2020-01-21 07:30:00,1056.3125,-29.3576921382463,-0.484166397558879,-0.484167936125066
2020-01-21 08:30:00,1056.35416666667,-29.2718923526902,-0.470448489667184,-0.470450022371703
2020-01-21 09:30:00,1056.39583333333,-28.9317254465677,-0.416210188843241,-0.41621171568615
2020-01-21 11:00:00,1056.45833333333,-27.8508903381041,-0.243959062757789,-0.243960580808396
2020-01-21 12:00:00,1056.5,-27.7185000137546,-0.222820897870025,-0.222822410059179
2020-01-21 13:00:00,1056.54166666667,-27.6065799210037,-0.204944126739749,-0.204945633067518
2020-01-21 14:00:00,1056.58333333333,-28.7917415990706,-0.393693879871406,-0.393695380337861
2020-01-21 15:00:00,1056.625,-29.5217212050186,-0.509933274920147,-0.509934769525364
2020-01-21 16:00:00,1056.66666666667,-29.4791375394052,-0.50310326003431,-0.503104748778365
2020-01-21 17:00:00,1056.70833333333,-30.0796152479554,-0.598713852924464,-0.598715335807436
2020-01-21 18:00:00,1056.75,-29.8178271431227,-0.556965356912667,-0.556966833934641
2020-01-21 19:00:00,1056.79166666667,-30.4817044568773,-0.662676494952733,-0.662677966113794
2020-01-21 20:00:00,1056.83333333333,-29.3096431250929,-0.475921766176177,-0.475923231476416
2020-01-21 21:00:00,1056.875,-28.0906672894052,-0.281693994827038,-0.281695454266548
2020-01-21 22:00:00,1056.91666666667,-26.2976691613383,0.00397546645401781,0.00397401287514298
2020-01-21 23:00:00,1056.95833333333,-25.8475966473978,0.0757154462637528,0.0757139985454142
2020-01-22,1057,-25.4507996256554,0.138968130603096,0.138966688745192
2020-01-22 01:00:00,1057.04166666667,-25.9752045195122,0.0554722199714938,0.0554707839739196
2020-01-22 02:00:00,1057.08333333333,-25.7801125439024,0.086592203271843,0.0865907731344914
2020-01-22 06:00:00,1057.25,-26.2146871495345,0.0175262109469364,0.0175248042493379
2020-01-22 07:00:00,1057.29166666667,-26.3896542605948,-0.0103068407007219,-0.0103082415386812
2020-01-22 08:00:00,1057.33333333333,-25.9690429179104,0.0567357092808393,0.0567343143023933
2020-01-22 09:00:00,1057.375,-25.9685541233209,0.0568519654462277,0.0568505763271663
2020-01-22 10:30:00,1057.4375,-25.9123078037313,0.0658687461653036,0.065867365835071
2020-01-22 11:30:00,1057.47916666667,-25.7501046801869,0.0917450312108875,0.0917436567397046
2020-01-22 12:30:00,1057.52083333333,-25.7318096942164,0.0946961753546807,0.0946948067424078
2020-01-22 13:30:00,1057.5625,-25.3576096481413,0.154342778140698,0.154341415387193
2020-01-22 14:30:00,1057.60416666667,-24.8450501964684,0.236029661326611,0.236028304431728
2020-01-22 15:30:00,1057.64583333333,-24.9388048302974,0.221129805609047,0.221128454572638
2020-01-22 16:30:00,1057.6875,-25.1333754446097,0.190169420334532,0.190168075156446
2020-01-22 17:30:00,1057.72916666667,-24.773715614684,0.24749786904753,0.247496529727612
2020-01-22 18:30:00,1057.77083333333,-24.8294702429368,0.238650025855293,0.238648692393386
2020-01-22 19:30:00,1057.8125,-24.6431505468402,0.268364323646709,0.268362996042652
2020-01-22 20:30:00,1057.85416666667,-23.8760947788104,0.390589820806583,0.390588499060213
2020-01-22 21:30:00,1057.89583333333,-23.6048717737918,0.433828332582041,0.433827016693191
2020-01-22 22:30:00,1057.9375,-23.5177378977695,0.447740842630839,0.44773953259934
2020-01-22 23:30:00,1057.97916666667,-23.1768383050186,0.502077940756995,0.502076636582674
2020-01-23 00:30:00,1058.02083333333,-23.0111896230483,0.528496971601558,0.52849567328424
2020-01-23 01:30:00,1058.0625,-23.0286226754647,0.525750479352149,0.525749186891654
2020-01-23 02:30:00,1058.10416666667,-23.0231354211503,0.526654736354684,0.526653449750832
2020-01-23 03:30:00,1058.14583333333,-23.0205269869646,0.527099923248623,0.527098642501228
2020-01-23 07:30:00,1058.3125,-24.4686790024119,0.296522197828194,0.296520940504723
2020-01-23 08:30:00,1058.35416666667,-24.6884916562152,0.261533186213146,0.261531934745164
2020-01-23 10:00:00,1058.41666666667,-24.96954273829,0.216801614643376,0.216800371958247
2020-01-23 11:00:00,1058.45833333333,-25.256818155102,0.171064556414473,0.17106331958432
2020-01-23 12:00:00,1058.5,-24.7063172189239,0.258785397775798,0.258784166800412
2020-01-23 13:00:00,1058.54166666667,-24.45403897718,0.298998678660618,0.298997453539786
2020-01-23 14:00:00,1058.58333333333,-24.3184461120818,0.320623423508533,0.320622204242037
2020-01-23 15:00:00,1058.625,-25.7447996658627,0.093428515477785,0.0934273020654067
2020-01-23 16:00:00,1058.66666666667,-25.4253610942593,0.144339068407757,0.144337860849274
2020-01-23 17:00:00,1058.70833333333,-24.9961017987037,0.212743668952849,0.212742467248036
2020-01-23 18:00:00,1058.75,-24.6962314501852,0.260536045570357,0.260534849718986
2020-01-23 19:00:00,1058.79166666667,-24.4779092707407,0.295337268365714,0.295336078367553
2020-01-23 20:00:00,1058.83333333333,-23.5913277959259,0.436592202235078,0.436591018089892
2020-01-23 21:00:00,1058.875,-23.0294500068519,0.526121134692681,0.526119956400234
2020-01-23 22:00:00,1058.91666666667,-23.0244463014815,0.526939155420258,0.526937982980308
2020-01-23 23:00:00,1058.95833333333,-22.6880481890538,0.580548069752878,0.580546903165184
2020-01-24,1059,-22.5798907657407,0.597797606937753,0.597796446202067
2020-01-24 01:00:00,1059.04166666667,-22.3440388959259,0.63538848842394,0.635387333540012
2020-01-24 02:00:00,1059.08333333333,-22.3860518259259,0.628714836445591,0.62871368741317
2020-01-24 03:00:00,1059.125,-22.3773666455556,0.630116957380535,0.630115814199365
2020-01-24 04:00:00,1059.16666666667,-22.3889889048148,0.628283616362844,0.628282479032666
2020-01-24 05:00:00,1059.20833333333,-22.0986981616667,0.674544760062396,0.674543628582949
2020-01-24 09:00:00,1059.375,-22.0753116977737,0.678336000608839,0.678334892529642
2020-01-24 10:30:00,1059.4375,-22.2767435321561,0.646270477041435,0.646269377736201
2020-01-24 11:30:00,1059.47916666667,-22.6594739663569,0.585315795970344,0.585314702514067
2020-01-24 12:30:00,1059.52083333333,-23.1590167053903,0.505752358885079,0.505751271277477
2020-01-24 13:30:00,1059.5625,-24.6529423648699,0.267782539588424,0.267781457829209
2020-01-24 14:30:00,1059.60416666667,-24.4994514860075,0.292246879720751,0.292245803809632
2020-01-24 15:30:00,1059.64583333333,-24.7068717092937,0.259217350969539,0.259216280906224
2020-01-24 16:30:00,1059.6875,-24.2624767078212,0.330021980911322,0.330020916695515
2020-01-24 17:30:00,1059.72916666667,-21.1325353250929,0.828635596099139,0.828634537730541
2020-01-24 18:30:00,1059.77083333333,-19.7457286040892,1.04956614159026,1.04956508906857
2020-01-24 19:30:00,1059.8125,-19.6420390996276,1.06609472513061,1.06609367845553
2020-01-24 20:30:00,1059.85416666667,-18.9549720795539,1.17555529136694,1.17555425053815
2020-01-24 21:30:00,1059.89583333333,-19.507520460223,1.08754376598547,1.08754273100265
2020-01-24 22:30:00,1059.9375,-17.9845836263941,1.33015804600068,1.33015701686354
2020-01-24 23:30:00,1059.97916666667,-15.5380464678439,1.71990204531526,1.71990102202347
2020-01-25 00:30:00,1060.02083333333,-14.6546654492565,1.86063368203371,1.86063266458695
2020-01-25 01:30:00,1060.0625,-14.724176552974,1.8495684502668,1.84956743866475
2020-01-25 02:30:00,1060.10416666667,-14.5055194723562,1.88440814373521,1.88440713797754
2020-01-25 03:30:00,1060.14583333333,-14.3246846163265,1.91322225733685,1.91322125742323
2020-01-25 04:30:00,1060.1875,-14.3631150137291,1.90710678691184,1.90710579284194
2020-01-25 05:30:00,1060.22916666667,-14.2661858789963,1.922553714217,1.92255272599049
2020-01-25 06:30:00,1060.27083333333,-14.0391150489796,1.95873183411006,1.9587308517266
2020-01-25 10:30:00,1060.4375,-14.0554563985158,1.95614621829608,1.95614525928137
2020-01-25 11:30:00,1060.47916666667,-14.0003191124304,1.96493283937864,1.96493188620525
2020-01-25 12:30:00,1060.52083333333,-13.9536326528757,1.97237276527061,1.97237181793817
2020-01-25 13:30:00,1060.5625,-13.9000557689591,1.98090986820081,1.98090892670897
2020-01-25 14:30:00,1060.60416666667,-13.9115083526902,1.97908725797611,1.97908632232451
2020-01-25 15:30:00,1060.64583333333,-13.542701293321,2.03783980814683,2.0378388783351
2020-01-25 16:30:00,1060.6875,-13.2985629583333,2.07673206894442,2.07673114497219
2020-01-25 17:30:00,1060.72916666667,-13.0767500044444,2.11206740808919,2.11206648995609
2020-01-25 18:30:00,1060.77083333333,-12.8712796444444,2.14479888785884,2.1447979755645
2020-01-25 19:30:00,1060.8125,-12.7236055514815,2.16832290849763,2.16832200204167
2020-01-25 20:30:00,1060.85416666667,-12.6277759135185,2.18358759791661,2.18358669729865
2020-01-25 21:30:00,1060.89583333333,-12.3440537098148,2.2287832348393,2.22878234005896
2020-01-25 22:30:00,1060.9375,-12.2172657791822,2.24897865742627,2.24897776848316
2020-01-25 23:30:00,1060.97916666667,-12.6787684994444,2.17545848643864,2.17545760333237
2020-01-26 00:30:00,1061.02083333333,-15.4717611151852,1.73052983650385,1.73052895923404
2020-01-26 01:30:00,1061.0625,-17.4037055537037,1.42276630403164,1.42276543259788
2020-01-26 02:30:00,1061.10416666667,-16.4323092027778,1.57750656159815,1.57750569600005
2020-01-26 03:30:00,1061.14583333333,-15.8809777622222,1.66532970627829,1.66532884651545
2020-01-26 04:30:00,1061.1875,-15.9126092377778,1.66028596935085,1.66028511542286
2020-01-26 05:30:00,1061.22916666667,-16.2470222477778,1.60700844513889,1.60700759704534
2020-01-26 06:30:00,1061.27083333333,-16.3597036911111,1.58905244547562,1.58905160321611
2020-01-26 07:30:00,1061.3125,-16.6142981724074,1.54848912498158,1.5484882885557
2020-01-26 08:30:00,1061.35416666667,-16.8880420374761,1.50487482150096,1.50487399090828
2020-01-26 12:00:00,1061.5,-19.1717918282528,1.14104464166615,1.14104383148638
2020-01-26 13:00:00,1061.54166666667,-20.4659573289425,0.934874316368641,0.934873512020172
2020-01-26 14:00:00,1061.58333333333,-21.3498960994434,0.794052929897934,0.794052131380333
2020-01-26 15:00:00,1061.625,-22.0379369359926,0.684437751856233,0.684436959169063
2020-01-26 16:00:00,1061.66666666667,-22.6321484085343,0.589769186116987,0.589768399259811
2020-01-26 17:00:00,1061.70833333333,-22.9174304491651,0.544312827215618,0.544312046187994
2020-01-26 18:00:00,1061.75,-23.2238018664815,0.495496443112701,0.495495667914185
2020-01-26 19:00:00,1061.79166666667,-25.3525759385185,0.156369541382378,0.156368772012523
2020-01-26 20:00:00,1061.83333333333,-26.7910259040741,-0.0727887092844404,-0.0727894728260848
2020-01-26 21:00:00,1061.875,-25.8756853064706,0.0730130864008187,0.0730123286869316
2020-01-26 22:00:00,1061.91666666667,-25.1713111375926,0.185207306830513,0.185206554943927
2020-01-26 23:00:00,1061.95833333333,-24.5416759387037,0.285495083537879,0.285494337478136
2020-01-27,1062,-23.9946520124,0.372622353100664,0.3726216128673
2020-01-27 01:00:00,1062.04166666667,-25.1126185094444,0.194514986021926,0.194514251614478
2020-01-27 02:00:00,1062.08333333333,-24.6384962864815,0.270028017394437,0.270027288812436
2020-01-27 03:00:00,1062.125,-25.3319499016698,0.159544911020986,0.15954418826396
2020-01-27 04:00:00,1062.16666666667,-24.8466833507407,0.236832297081466,0.236831580148943
2020-01-27 05:00:00,1062.20833333333,-25.0806333551852,0.199547499561599,0.1995467884531
2020-01-27 06:00:00,1062.25,-25.0696777662963,0.201275865732357,0.201275160447403
2020-01-27 07:00:00,1062.29166666667,-24.5226809198516,0.288395514962144,0.288394815500252
2020-01-27 08:00:00,1062.33333333333,-24.498462975,0.292235639261521,0.292234945622204
2020-01-27 09:30:00,1062.39583333333,-25.0838756456401,0.198951379468112,0.198950694561742
2020-01-27 13:00:00,1062.54166666667,-24.7029184717391,0.259569589907018,0.259568925373189
2020-01-27 13:30:00,1062.5625,-24.7645859225352,0.249735657281176,0.249734995657208
2020-01-27 14:00:00,1062.58333333333,-24.7970217027174,0.244558232608755,0.244557573894523
2020-01-27 14:30:00,1062.60416666667,-24.7324055628169,0.254841130096649,0.254840474292027
2020-01-27 20:00:00,1062.83333333333,-26.0725130297398,0.0412377636617275,0.0412371398543374
2020-01-27 21:00:00,1062.875,-25.639250464193,0.110232849074015,0.110232231082613
2020-01-27 22:00:00,1062.91666666667,-25.0615491660482,0.202236655634322,0.202236043458381
2020-01-27 23:00:00,1062.95833333333,-24.5914701740672,0.277095679754498,0.277095073393486
2020-01-28,1063,-25.2899740204082,0.165798150499052,0.165797549952438
2020-01-28 01:00:00,1063.04166666667,-24.926164795,0.223727380580991,0.223726785848237
2020-01-28 02:00:00,1063.08333333333,-24.7301648351852,0.254924002614334,0.254923413694901
2020-01-28 03:00:00,1063.125,-24.7277403016698,0.255283448799283,0.255282865692628
2020-01-28 04:00:00,1063.16666666667,-24.9847611268519,0.21431259184709,0.214312014552667
2020-01-28 05:00:00,1063.20833333333,-25.9553389057407,0.0596711301730312,0.0596705586902937
2020-01-28 06:00:00,1063.25,-26.2926036975926,0.00591640784159841,0.0059158421699943
2020-01-28 07:00:00,1063.29166666667,-26.0728444403704,0.0408955425327628,0.040894982671738
2020-01-28 08:30:00,1063.35416666667,-25.8172745773655,0.0815641112386351,0.0815635600924332
2020-01-28 09:30:00,1063.39583333333,-25.354608525974,0.155237291762127,0.155236746425106
2020-01-28 10:30:00,1063.4375,-25.8288719814471,0.0796564603020946,0.0796559207736891
2020-01-28 11:30:00,1063.47916666667,-25.832970345269,0.0789727919447585,0.0789722582244015
2020-01-28 12:30:00,1063.52083333333,-25.9143877556586,0.0659716722487389,0.0659711443358596
2020-01-28 13:30:00,1063.5625,-26.3195899717996,0.00139092966463161,0.0013904075586566
2020-01-28 14:30:00,1063.60416666667,-25.8663506684601,0.0735600626516267,0.0735595463519796
2020-01-28 18:00:00,1063.75,-26.0763840397032,0.0399851385337631,0.0399846425516809
2020-01-28 19:00:00,1063.79166666667,-26.597509285316,-0.0430648209199448,-0.0430653110983297
2020-01-28 20:00:00,1063.83333333333,-26.4688144495362,-0.0225984488795818,-0.0225989332548624
2020-01-28 21:00:00,1063.875,-26.5225695716141,-0.0311969573302912,-0.0311974359030632
2020-01-28 22:00:00,1063.91666666667,-27.034113203525,-0.112721974343966,-0.112722447114828
2020-01-28 23:00:00,1063.95833333333,-26.8490463604824,-0.0832769166780741,-0.0832773836476276
2020-01-29,1064,-26.738155542963,-0.0656486246535033,-0.0656490858223531
2020-01-29 01:00:00,1064.04166666667,-27.269683372963,-0.150358554008603,-0.150359009377357
2020-01-29 02:00:00,1064.08333333333,-27.5269555396296,-0.191379831938728,-0.191380281507996
2020-01-29 03:00:00,1064.125,-27.7734463153704,-0.230684098301078,-0.230684542071473
2020-01-29 04:00:00,1064.16666666667,-28.2401111246296,-0.305062717233661,-0.3050631552058
2020-01-29 05:00:00,1064.20833333333,-28.5962277411111,-0.361831401729557,-0.361831833904059
2020-01-29 06:00:00,1064.25,-28.506244467963,-0.347536526670874,-0.347536953048362
2020-01-29 07:00:00,1064.29166666667,-28.6687944453704,-0.37347085052067,-0.373471271101769
2020-01-29 08:30:00,1064.35416666667,-29.2643698371747,-0.468407314737842,-0.468407726625537
2020-01-29 09:30:00,1064.39583333333,-28.8945751439703,-0.409539931127947,-0.409540337220828
2020-01-29 10:30:00,1064.4375,-28.5477216903525,-0.354327574937094,-0.354327975235798
2020-01-29 11:30:00,1064.47916666667,-28.1440649512059,-0.290066886306629,-0.290067280811794
2020-01-29 12:30:00,1064.52083333333,-27.6531910953618,-0.211912920175687,-0.211913308887953
2020-01-29 13:30:00,1064.5625,-26.8542968903525,-0.0846915638016287,-0.0846919467216425
2020-01-29 14:30:00,1064.60416666667,-26.9322875634508,-0.0971590666147856,-0.0971594437431934
2020-01-29 15:30:00,1064.64583333333,-26.8820743752788,-0.0892040741611619,-0.0892044454986143
2020-01-29 19:00:00,1064.79166666667,-26.8610951761905,-0.0860198001604339,-0.0860201512347056
2020-01-29 19:30:00,1064.8125,-25.8585726740088,0.0736597469958949,0.0736593988157024
2020-01-29 20:00:00,1064.83333333333,-26.5140000096386,-0.0307734176361069,-0.030773762922386
2020-01-29 20:30:00,1064.85416666667,-25.5639384786813,0.120548823650655,0.120548481258123
2020-01-29 21:00:00,1064.875,-25.7926746301205,0.0840876339206659,0.0840872944217127
2020-01-29 21:30:00,1064.89583333333,-25.1282229688742,0.189911783209797,0.189911446604256
2020-01-29 22:00:00,1064.91666666667,-25.5773809571429,0.118337001710363,0.118336667998067
2020-01-29 22:30:00,1064.9375,-25.116013321286,0.191809484988307,0.191809154169087
2020-01-29 23:00:00,1064.95833333333,-25.791357172619,0.0842028982332828,0.0842025703069708
2020-01-29 23:30:00,1064.97916666667,-24.7580307942731,0.248788582290315,0.248788257256742
2020-01-30,1065,-26.5142619261905,-0.0310043562991852,-0.0310046784401884
2020-01-30 00:30:00,1065.02083333333,-25.9954109518681,0.0516247926305725,0.05162447338197
2020-01-30 01:00:00,1065.04166666667,-25.9614524452381,0.0570101071435049,0.0570097907871326
2020-01-30 01:30:00,1065.0625,-25.261991222807,0.168410362059797,0.168410048595484
2020-01-30 02:00:00,1065.08333333333,-25.9341904083333,0.0613040159860189,0.0613037054135961
2020-01-30 02:30:00,1065.10416666667,-25.4448486526316,0.139231854107389,0.139231546426685
2020-01-30 03:00:00,1065.125,-26.1596786142857,0.0253341593473106,0.0253338545581531
2020-01-30 03:30:00,1065.14583333333,-25.3945987065789,0.147187046550641,0.147186744652859
2020-01-30 04:00:00,1065.16666666667,-27.5157142857143,-0.19073318759518,-0.190733486601759
2020-01-30 04:30:00,1065.1875,-26.7253004528509,-0.0648448235760405,-0.0648451196915891
2020-01-30 05:00:00,1065.20833333333,-27.4519167107143,-0.180620554876008,-0.180620848100699
2020-01-30 05:30:00,1065.22916666667,-27.0614144804825,-0.11843863049053,-0.118438920824537
2020-01-30 06:00:00,1065.25,-27.4601785345238,-0.181987506980627,-0.181987794424123
2020-01-30 06:30:00,1065.27083333333,-27.2801145070485,-0.153328774215677,-0.153329058768835
2020-01-30 07:30:00,1065.3125,-27.6308387021505,-0.209250933394426,-0.209251212167435
2020-01-30 08:00:00,1065.33333333333,-27.3439505653933,-0.163575396967947,-0.163575672851143
2020-01-30 08:30:00,1065.35416666667,-27.5539466968085,-0.197053997295947,-0.197054270289505
2020-01-30 09:00:00,1065.375,-27.2292725168919,-0.145359352698467,-0.145359622802565
2020-01-30 09:30:00,1065.39583333333,-27.5403828734043,-0.194945756841884,-0.194946024056696
2020-01-30 10:00:00,1065.41666666667,-27.398995472973,-0.172449062688645,-0.172449327014348
2020-01-30 10:30:00,1065.4375,-27.5802659191489,-0.201352111816745,-0.201352373253516
2020-01-30 11:00:00,1065.45833333333,-27.4521196494357,-0.180964974728868,-0.180965233276885
2020-01-30 11:30:00,1065.47916666667,-27.517191562766,-0.191357750010648,-0.191358005670088
2020-01-30 12:00:00,1065.5,-27.3997364547297,-0.17267395808397,-0.172674210855011
2020-01-30 12:30:00,1065.52083333333,-27.7869148648936,-0.234378763951758,-0.234379013834578
2020-01-30 13:00:00,1065.54166666667,-27.7556921339326,-0.229432086768147,-0.229432333762925
2020-01-30 13:30:00,1065.5625,-27.9315743776596,-0.257477497773008,-0.257477741879924
2020-01-30 14:00:00,1065.58333333333,-27.6223303323595,-0.208242061976065,-0.208242303195298
2020-01-30 14:30:00,1065.60416666667,-27.7545639202128,-0.229334446339729,-0.229334684671458
2020-01-30 15:00:00,1065.625,-27.5444449808989,-0.195889946186724,-0.19589018163113
2020-01-30 15:30:00,1065.64583333333,-27.8527233638298,-0.245026627627279,-0.245026860184543
2020-01-30 16:00:00,1065.66666666667,-27.5732426761798,-0.200532986807749,-0.200533216478052
2020-01-30 16:30:00,1065.6875,-27.7543722542553,-0.229415008175791,-0.229415234959313
2020-01-30 17:00:00,1065.70833333333,-27.4593460294382,-0.182445187572407,-0.18244541146933
2020-01-30 20:30:00,1065.85416666667,-25.5304817635036,0.124624498317222,0.124624294621371
2020-01-30 21:00:00,1065.875,-24.1347320683019,0.346939412904887,0.346939212094167
2020-01-30 21:30:00,1065.89583333333,-24.3389525945255,0.314377810197857,0.314377612272085
2020-01-30 22:00:00,1065.91666666667,-23.5386000471698,0.44184529833277,0.441845103291759
2020-01-30 22:30:00,1065.9375,-24.0693357437956,0.357269360333641,0.357269168177206
2020-01-30 23:00:00,1065.95833333333,-23.6694529075472,0.420941502000822,0.420941312728777
2020-01-30 23:30:00,1065.97916666667,-24.2113431018248,0.334588409254394,0.334588222866552
2020-01-31,1066,-23.9357843411765,0.378455401542316,0.378455218038491
2020-01-31 00:30:00,1066.02083333333,-23.95426645,0.375481355557538,0.375481174937543
2020-01-31 01:00:00,1066.04166666667,-23.563045229434,0.437773225086745,0.437773047350391
2020-01-31 01:30:00,1066.0625,-23.9950802788321,0.36891966486866,0.36891949001576
2020-01-31 02:00:00,1066.08333333333,-23.6590951193916,0.422412155126147,0.422411983156513
2020-01-31 02:30:00,1066.10416666667,-24.1718102445255,0.340705965934028,0.340705796847471
2020-01-31 03:00:00,1066.125,-23.9683871605263,0.373080987596637,0.373080821392968
2020-01-31 03:30:00,1066.14583333333,-24.3630218744526,0.310184857052801,0.310184693731831
2020-01-31 04:00:00,1066.16666666667,-24.2772075890566,0.323824477822226,0.323824317383765
2020-01-31 04:30:00,1066.1875,-24.3424087777372,0.313407108044128,0.313406950487986
2020-01-31 05:00:00,1066.20833333333,-24.2517669285714,0.327815527956645,0.327815373282631
2020-01-31 05:30:00,1066.22916666667,-23.9869818171533,0.369964976389156,0.36996482459708
2020-01-31 06:00:00,1066.25,-23.7045375774436,0.41492741898022,0.41492727006989
2020-01-31 07:00:00,1066.29166666667,-23.1780176876325,0.49873980764184,0.498739664494428
2020-01-31 07:30:00,1066.3125,-23.0539137956863,0.518478166913009,0.518478026646768
2020-01-31 08:00:00,1066.33333333333,-22.702880303169,0.57436645614015,0.574366318754886
2020-01-31 08:30:00,1066.35416666667,-22.6300788208661,0.585932069734475,0.585931935229997
2020-01-31 09:00:00,1066.375,-22.4079120059859,0.6212915699731,0.621291438349214
2020-01-31 09:30:00,1066.39583333333,-22.3986901337255,0.622728671109821,0.622728542366332
2020-01-31 10:00:00,1066.41666666667,-22.0714049130282,0.674833373379115,0.67483324751583
2020-01-31 10:30:00,1066.4375,-22.0587607286275,0.676815416158721,0.676815293175446
2020-01-31 11:00:00,1066.45833333333,-21.7724471475352,0.722393071841651,0.72239295173819
2020-01-31 11:30:00,1066.47916666667,-21.7826235392157,0.720739545433461,0.720739428209619
2020-01-31 12:00:00,1066.5,-21.4935211126761,0.766761231087191,0.766761116742773
2020-01-31 12:30:00,1066.52083333333,-21.5921019603922,0.751024576564051,0.75102446509886
2020-01-31 13:00:00,1066.54166666667,-20.5934013975352,0.910085517335477,0.910085408749317
2020-01-31 13:30:00,1066.5625,-20.6540510286274,0.900391097649806,0.900390991942481
2020-01-31 14:00:00,1066.58333333333,-18.2476936971831,1.28369253251762,1.28369242968893
2020-01-31 14:30:00,1066.60416666667,-17.996392147451,1.32369192380143,1.32369182385118
2020-01-31 15:00:00,1066.625,-17.8178767570423,1.35209631036752,1.35209621329552
2020-01-31 15:30:00,1066.64583333333,-17.7554392356863,1.36200929192348,1.36200919772952
2020-01-31 16:00:00,1066.66666666667,-18.1590422116197,1.29768157170787,1.29768148039175
2020-01-31 16:30:00,1066.6875,-18.2114588705882,1.28929796523603,1.28929787679756
2020-01-31 17:00:00,1066.70833333333,-18.2127849240143,1.28905301123058,1.28905292566956
2020-01-31 17:30:00,1066.72916666667,-18.1319528984314,1.30189578042026,1.30189569773649
2020-01-31 18:00:00,1066.75,-17.7268459103943,1.36639566536193,1.36639558555521
2020-01-31 18:30:00,1066.77083333333,-17.7036902192157,1.37005031827347,1.37005024134359
2020-01-31 22:00:00,1066.91666666667,-17.4588251586354,1.40881575127454,1.40881569447696
2020-01-31 22:30:00,1066.9375,-17.6141144028571,1.38404305866839,1.38404300474604
2020-01-31 23:00:00,1066.95833333333,-18.0472153569296,1.31501464470169,1.31501459365437
2020-01-31 23:30:00,1066.97916666667,-18.2223285671429,1.28708374524381,1.28708369707132
2020-02-01,1067,-17.7938269132479,1.35530900754437,1.35530896224649
2020-02-01 00:30:00,1067.02083333333,-17.3770286242857,1.42166979800765,1.4216697555842
2020-02-01 01:00:00,1067.04166666667,-17.7449487147436,1.36302427242434,1.3630242328751
2020-02-01 01:30:00,1067.0625,-17.6864143328571,1.37231313160412,1.37231309492888
2020-02-01 02:00:00,1067.08333333333,-17.6564050652452,1.37705780226913,1.37705776846769
2020-02-01 02:30:00,1067.10416666667,-17.6705999742857,1.37476059858273,1.37476056765488
2020-02-01 03:00:00,1067.125,-17.7639872127932,1.35984788280321,1.35984785474875
2020-02-01 03:30:00,1067.14583333333,-18.0819570871429,1.30915887523191,1.30915885005063
2020-02-01 04:00:00,1067.16666666667,-18.4080406477516,1.25717723423344,1.25717721192513
2020-02-01 04:30:00,1067.1875,-18.4355210774648,1.25276316796878,1.25276314853324
2020-02-01 05:00:00,1067.20833333333,-16.6950000377399,1.52999288182257,1.52999286525958
2020-02-01 05:30:00,1067.22916666667,-16.7628590732394,1.51914624000849,1.51914622631785
2020-02-01 06:30:00,1067.27083333333,-16.3027510369198,1.59236812889777,1.59236812095121
2020-02-01 07:00:00,1067.29166666667,-16.6667692030769,1.53434277377733,1.53434276870249
2020-02-01 07:30:00,1067.3125,-16.9942245569915,1.48214178340027,1.48214178119694
2020-02-01 08:00:00,1067.33333333333,-16.1001076953846,1.62453800253598,1.62453800320395
2020-02-01 08:30:00,1067.35416666667,-15.9983615276956,1.64070888652717,1.64070889006623
2020-02-01 09:00:00,1067.375,-16.3277076584615,1.58820634194986,1.58820634835981
2020-02-01 09:30:00,1067.39583333333,-16.2853143390295,1.5949220400827,1.59492204936331
2020-02-01 10:00:00,1067.41666666667,-16.2681077923077,1.59762534997287,1.59762536212394
2020-02-01 10:30:00,1067.4375,-15.8407737906977,1.66566213916253,1.66566215418385
2020-02-01 11:00:00,1067.45833333333,-16.0257845261538,1.63615185680702,1.63615187469836
2020-02-01 11:30:00,1067.47916666667,-16.1103671086498,1.62263973364862,1.62263975440979
2020-02-01 12:00:00,1067.5,-15.9237538430769,1.65232918555576,1.65232920918654
2020-02-01 12:30:00,1067.52083333333,-15.8888223980973,1.65785549772185,1.65785552422203
2020-02-01 13:00:00,1067.54166666667,-15.8976514863636,1.65641060834812,1.65641063771747
2020-02-01 13:30:00,1067.5625,-15.9008562427061,1.65586156175206,1.65586159399038
2020-02-01 14:00:00,1067.58333333333,-15.8539848424242,1.66328956537923,1.66328960048631
2020-02-01 14:30:00,1067.60416666667,-15.9136194663848,1.65375096592693,1.65375100390254
2020-02-01 15:00:00,1067.625,-15.8523182030303,1.66347742244406,1.66347746328799
2020-02-01 15:30:00,1067.64583333333,-16.1036096976793,1.62340751193142,1.62340755564345
2020-02-01 16:00:00,1067.66666666667,-16.0550302590909,1.63110713808278,1.6311071846627
2020-02-01 16:30:00,1067.6875,-16.4031561029536,1.57561121196205,1.57561126140965
2020-02-01 17:00:00,1067.70833333333,-16.3347726742424,1.58646539332286,1.58646544563791
2020-02-01 17:30:00,1067.72916666667,-16.4191606892178,1.57298285725494,1.57298291243724
2020-02-01 18:00:00,1067.75,-16.3910454878788,1.57742204667006,1.57742210471938
2020-02-01 18:30:00,1067.77083333333,-16.5122600374207,1.55807278279002,1.55807284370615
2020-02-01 19:00:00,1067.79166666667,-16.6300454515152,1.53926966537538,1.53926972915809
2020-02-01 19:30:00,1067.8125,-16.6174385927966,1.54123801294302,1.5412380795921
2020-02-01 20:00:00,1067.83333333333,-16.7217727742424,1.52457745199332,1.52457752150855
2020-02-01 23:30:00,1067.97916666667,-18.1789127992579,1.29217036309666,1.29217045266879
2020-02-02 00:30:00,1068.02083333333,-18.283239335807,1.27546897583832,1.27546907113899
2020-02-02 01:30:00,1068.0625,-18.2453024330241,1.28142978733019,1.28142988835852
2020-02-02 02:30:00,1068.10416666667,-18.2612263751391,1.27881005898396,1.27881016573906
2020-02-02 03:30:00,1068.14583333333,-17.487410029128,1.40199605418066,1.40199616666163
2020-02-02 04:30:00,1068.1875,-17.227288102974,1.4433496925309,1.44334981073684
2020-02-02 06:00:00,1068.25,-17.0354731144712,1.47377912305044,1.47377924984215
2020-02-02 07:00:00,1068.29166666667,-17.4190816157699,1.41258487280143,1.41258500531586
2020-02-02 08:00:00,1068.33333333333,-17.710502819666,1.36607565638768,1.36607579462391
2020-02-02 09:00:00,1068.375,-18.0007569653061,1.31975188471281,1.31975202866994
2020-02-02 10:00:00,1068.41666666667,-18.658022313197,1.21496249781752,1.21496264749463
2020-02-02 11:00:00,1068.45833333333,-20.1338663675325,0.979772469632415,0.97977262502858
2020-02-02 12:00:00,1068.5,-21.331105913197,0.788963870430619,0.788964031544926
2020-02-02 13:00:00,1068.54166666667,-21.8856957519481,0.700529360488179,0.700529527319705
2020-02-02 14:00:00,1068.58333333333,-22.2872360860595,0.636475277753663,0.636475450301481
2020-02-02 15:00:00,1068.625,-22.8401799461967,0.548302036921488,0.54830221518467
2020-02-02 16:00:00,1068.66666666667,-23.3188427076779,0.471961360026047,0.471961544003661
2020-02-02 17:00:00,1068.70833333333,-23.7306086140449,0.406276931840076,0.406277121531187
2020-02-02 18:00:00,1068.75,-25.3126603881801,0.154164660548448,0.154164855952119
2020-02-02 19:00:00,1068.79166666667,-26.0070000596623,0.0434650935562169,0.0434652946715079
2020-02-02 20:00:00,1068.83333333333,-26.7811835561798,-0.0799541197981938,-0.0799539129722272
2020-02-02 21:00:00,1068.875,-25.3705655531835,0.144666639076041,0.144666851611738
2020-02-03 01:00:00,1069.04166666667,-23.4549758684601,0.449449978208769,0.449450213573866
2020-02-03 02:00:00,1069.08333333333,-23.6718195680451,0.414812585917959,0.414812826988013
2020-02-03 03:00:00,1069.125,-23.7791505130112,0.397620186052809,0.397620432826856
2020-02-03 04:00:00,1069.16666666667,-23.7355695621521,0.404467691440273,0.404467943917346
2020-02-03 05:30:00,1069.22916666667,-23.5775913742009,0.429490396196616,0.429490657226411
2020-02-03 06:30:00,1069.27083333333,-23.690694572067,0.411376835947671,0.411377102678063
2020-02-03 07:30:00,1069.3125,-23.6864665040892,0.411953762769624,0.411954035199638
2020-02-03 08:30:00,1069.35416666667,-23.6276735461538,0.421222448179695,0.421222726308351
2020-02-03 09:30:00,1069.39583333333,-23.4999684294991,0.441468422394132,0.441468706220448
2020-02-03 10:30:00,1069.4375,-23.4258478979592,0.453177866632465,0.453178156155456
2020-02-03 11:30:00,1069.47916666667,-23.3317532272727,0.468068738285757,0.468069033504436
2020-02-03 12:30:00,1069.52083333333,-23.3556238057728,0.464167194269837,0.464167495183212
2020-02-03 13:30:00,1069.5625,-23.5541521471243,0.432442076695438,0.432442383302516
2020-02-03 14:30:00,1069.60416666667,-23.8450093790262,0.386008433804302,0.386008746104087
2020-02-03 15:30:00,1069.64583333333,-23.7760411925094,0.396894770181449,0.396895088172941
2020-02-03 16:30:00,1069.6875,-23.4659400561798,0.446193290810282,0.446193614492479
2020-02-03 17:30:00,1069.72916666667,-23.0871074204545,0.506440321490848,0.506440650862745
2020-02-03 18:30:00,1069.77083333333,-22.9755591003752,0.524108302817897,0.524108637878486
2020-02-03 19:30:00,1069.8125,-22.7150468155431,0.565505883367238,0.565506224115508
2020-02-03 20:30:00,1069.85416666667,-22.8764812818352,0.539686578172252,0.53968692460719
2020-02-03 21:30:00,1069.89583333333,-23.1630748765918,0.493928867663361,0.493929219783949
2020-02-03 22:30:00,1069.9375,-22.8783708088015,0.539178816398126,0.539179174203346
2020-02-04 02:30:00,1070.10416666667,-22.9215398829314,0.531882835673021,0.531883216206517
2020-02-04 03:30:00,1070.14583333333,-23.0686437799629,0.508343134555945,0.508343520768932
2020-02-04 05:00:00,1070.20833333333,-23.0301873220779,0.514309483622488,0.514309878352769
2020-02-04 06:00:00,1070.25,-23.0672114881262,0.508304396582421,0.508304796989597
2020-02-04 07:00:00,1070.29166666667,-22.9847416284387,0.521334327036675,0.521334733119701
2020-02-04 08:00:00,1070.33333333333,-22.80375882282,0.550056974034193,0.550057385792025
2020-02-04 09:00:00,1070.375,-22.8001503226345,0.550523301335572,0.55052371876716
2020-02-04 10:00:00,1070.41666666667,-22.9285751510204,0.529956159011751,0.529956582116041
2020-02-04 11:00:00,1070.45833333333,-23.4698885020446,0.443615114001169,0.443615542777108
2020-02-04 12:00:00,1070.5,-23.6053061012987,0.421933086386481,0.42193352083301
2020-02-04 13:00:00,1070.54166666667,-22.9932745591837,0.519319775265414,0.519320215381472
2020-02-04 14:00:00,1070.58333333333,-22.4547898401501,0.604989936863778,0.604990382648302
2020-02-04 15:00:00,1070.625,-23.1927864520599,0.487315244504159,0.487315695956082
2020-02-04 16:00:00,1070.66666666667,-23.2639550835206,0.475866260261189,0.475866717379442
2020-02-04 17:00:00,1070.70833333333,-22.8329569475655,0.54441233528704,0.544412798070551
2020-02-04 18:00:00,1070.75,-21.9663445846442,0.682351602386343,0.682352070834036
2020-02-04 19:00:00,1070.79166666667,-21.1324719494382,0.815074941944622,0.81507541605542
2020-02-04 20:00:00,1070.83333333333,-20.5640336322097,0.905513939504715,0.905514419277538
2020-02-04 21:00:00,1070.875,-20.4809849745318,0.918629552029466,0.918630037463229
2020-02-04 22:00:00,1070.91666666667,-20.4858483159176,0.917740254935363,0.91774074602898
2020-02-04 23:00:00,1070.95833333333,-20.3813445659176,0.934272748367814,0.934273245120195
2020-02-05,1071,-20.4453483086142,0.923961412568844,0.923961914978898
2020-02-05 04:00:00,1071.16666666667,-20.9648961012987,0.84073045143534,0.840730976465107
2020-02-05 05:30:00,1071.22916666667,-21.1809535792208,0.806135437835646,0.806135971343251
2020-02-05 06:30:00,1071.27083333333,-19.8458051899814,1.01870701398165,1.01870755313976
2020-02-05 07:30:00,1071.3125,-19.7130278513915,1.03973955775257,1.03974010256007
2020-02-05 08:30:00,1071.35416666667,-18.6500816398887,1.20894820297216,1.20894875342794
2020-02-05 09:30:00,1071.39583333333,-19.4664174419295,1.07878541582099,1.07878597192392
2020-02-05 10:30:00,1071.4375,-19.932506516141,1.00441671810986,1.00441727985883
2020-02-05 11:30:00,1071.47916666667,-19.9019092655556,1.00917004234497,1.00917060973885
2020-02-05 12:30:00,1071.52083333333,-20.8165592240741,0.863344346214445,0.863344919252102
2020-02-05 13:30:00,1071.5625,-21.616529652037,0.735786716844884,0.735787295525193
2020-02-05 14:30:00,1071.60416666667,-23.038194422037,0.509192270172878,0.509192854494705
2020-02-05 15:30:00,1071.64583333333,-23.8426920163265,0.38091253134397,0.380913121306179
2020-02-05 16:30:00,1071.6875,-24.1725296131481,0.328246005089606,0.328246600691059
2020-02-05 17:30:00,1071.72916666667,-24.3432838486085,0.300921107826192,0.300921709065746
2020-02-05 18:30:00,1071.77083333333,-24.2531191791434,0.315160314479837,0.315160921356347
2020-02-05 19:30:00,1071.8125,-24.8450672661682,0.220738007548631,0.220738620060952
2020-02-05 20:30:00,1071.85416666667,-24.5921907525926,0.26089639924914,0.260897017396119
2020-02-05 21:30:00,1071.89583333333,-23.5444693560297,0.427673684913571,0.427674308694057
2020-02-05 22:30:00,1071.9375,-23.277500017963,0.470076145886954,0.470076775299791
2020-02-05 23:30:00,1071.97916666667,-23.9581000759259,0.361529661155071,0.361530296199099
2020-02-06 00:30:00,1072.02083333333,-24.0323647675926,0.349572369860689,0.349573010534747
2020-02-06 01:30:00,1072.0625,-23.473276457885,0.4385082006439,0.438508846946825
2020-02-06 05:30:00,1072.22916666667,-26.2285297682156,-0.000919601690600347,-0.000918932883911761
2020-02-06 06:30:00,1072.27083333333,-26.5893861589552,-0.0585339363243501,-0.058533261894659
2020-02-06 07:30:00,1072.3125,-23.8535409007435,0.377158051412974,0.377158731464486
2020-02-06 08:30:00,1072.35416666667,-22.5819925858736,0.5795860264901,0.579586712162248
2020-02-06 09:30:00,1072.39583333333,-21.9088070500928,0.686693920146637,0.686694611438235
2020-02-06 10:30:00,1072.4375,-21.8514304397032,0.695702548876583,0.695703245786443
2020-02-06 11:30:00,1072.47916666667,-21.1880538141002,0.801246950105376,0.801247652632303
2020-02-06 12:30:00,1072.52083333333,-21.1092314933333,0.81367096993203,0.81367167807483
2020-02-06 13:30:00,1072.5625,-20.9175333266667,0.844075729828789,0.844076443586263
2020-02-06 14:30:00,1072.60416666667,-20.6528073746296,0.886113405345573,0.88611412471652
2020-02-06 15:30:00,1072.64583333333,-19.7015555461111,1.03751468087801,1.03751540586122
2020-02-06 16:30:00,1072.6875,-19.4077648011111,1.08418147333707,1.08418220393135
2020-02-06 17:30:00,1072.72916666667,-18.9004648298148,1.1648599755512,1.16486071175533
2020-02-06 18:30:00,1072.77083333333,-18.6577759592593,1.20338527782181,1.20338601963459
2020-02-06 19:30:00,1072.8125,-18.3172407866667,1.25749710349723,1.25749785091744
2020-02-06 20:30:00,1072.85416666667,-17.9932221896296,1.3089773645214,1.30897811754781
2020-02-06 21:30:00,1072.89583333333,-17.8362703535185,1.33384330884958,1.33384406748098
2020-02-06 22:30:00,1072.9375,-17.5950333266667,1.37213548207147,1.37213624630663
2020-02-06 23:30:00,1072.97916666667,-17.5392629381481,1.38088222511789,1.38088299495559
2020-02-07 00:30:00,1073.02083333333,-17.5742930844156,1.37516391600397,1.37516469144298
2020-02-07 01:30:00,1073.0625,-17.6537536985185,1.36236733960228,1.36236812064137
2020-02-07 02:30:00,1073.10416666667,-17.2954656879406,1.41930396999275,1.41930475663069
2020-02-07 03:30:00,1073.14583333333,-17.2349274826336,1.42880838175907,1.42880917399461
2020-02-07 07:00:00,1073.29166666667,-17.2541672776952,1.4252520458717,1.42525285768907
2020-02-07 08:00:00,1073.33333333333,-17.3381601083799,1.41173048279864,1.41173130020802
2020-02-07 09:00:00,1073.375,-17.1192067189944,1.44646800759887,1.446468830599
2020-02-07 10:00:00,1073.41666666667,-17.6052100527881,1.36890496122569,1.36890578981532
2020-02-07 11:00:00,1073.45833333333,-17.6384400750936,1.36346856560273,1.36346939978059
2020-02-07 12:00:00,1073.5,-18.0031152171004,1.30523226430255,1.30523310406739
2020-02-07 13:00:00,1073.54166666667,-17.6278092337037,1.3648750238982,1.36487586924875
2020-02-07 14:00:00,1073.58333333333,-18.1172281604824,1.28676602625298,1.28676687718797
2020-02-07 15:00:00,1073.625,-19.2011610614815,1.11395006663449,1.11395092315266
2020-02-07 16:00:00,1073.66666666667,-19.4452226046382,1.07492575354391,1.07492661564398
2020-02-07 17:00:00,1073.70833333333,-18.4566089519553,1.23226701915106,1.23226788683176
2020-02-07 18:00:00,1073.75,-17.8610629674074,1.32699186352356,1.32699273678361
2020-02-07 19:00:00,1073.79166666667,-16.736872237037,1.50592973294673,1.50593061178485
2020-02-07 20:00:00,1073.83333333333,-17.4080259596296,1.39886748737792,1.39886837179283
2020-02-07 21:00:00,1073.875,-20.4805389035185,0.909266541231333,0.909267431221741
2020-02-07 22:00:00,1073.91666666667,-22.9129074407407,0.521640596012976,0.521641491577594
2020-02-07 23:00:00,1073.95833333333,-24.1257198688312,0.328290350056083,0.32829125119362
2020-02-08,1074,-24.5802851790741,0.255728951468044,0.255729858177206
2020-02-08 01:00:00,1074.04166666667,-24.7946092853704,0.221437688067335,0.221438600346823
2020-02-08 02:00:00,1074.08333333333,-24.5407421454545,0.261729164559308,0.261730082407823
2020-02-08 03:00:00,1074.125,-24.7739499796296,0.224428789481407,0.224429712897647
2020-02-08 04:30:00,1074.1875,-25.0535584419295,0.179660798394089,0.179661730159466
2020-02-08 08:00:00,1074.33333333333,-24.5076553068966,0.266091819734344,0.266092770969562
2020-02-08 08:30:00,1074.35416666667,-23.7194223856582,0.391581465031489,0.391582419046796
2020-02-08 09:00:00,1074.375,-23.399448337931,0.442477022249083,0.442477979044149
2020-02-08 09:30:00,1074.39583333333,-22.7947209836935,0.538733869786113,0.538734829360607
2020-02-08 10:00:00,1074.41666666667,-22.8367585862069,0.531960482640471,0.531961444994063
2020-02-08 10:30:00,1074.4375,-22.3182235301961,0.614486605713655,0.614487570846013
2020-02-08 11:00:00,1074.45833333333,-22.5966896793103,0.570049752397208,0.570050720308001
2020-02-08 11:30:00,1074.47916666667,-22.2459764125737,0.62584151478864,0.625842485477536
2020-02-08 12:00:00,1074.5,-22.9939654862069,0.506609094366365,0.50661006783303
2020-02-08 12:30:00,1074.52083333333,-22.6219176568627,0.565799238143828,0.565800214387931
2020-02-08 13:00:00,1074.54166666667,-22.8035861172414,0.536781866449152,0.536782845470359
2020-02-08 13:30:00,1074.5625,-22.5698257896282,0.57394248273525,0.573943464533229
2020-02-08 14:00:00,1074.58333333333,-22.5797586827586,0.572282480003791,0.572283464578208
2020-02-08 14:30:00,1074.60416666667,-22.1167632129159,0.645960188657387,0.645961176007907
2020-02-08 15:00:00,1074.625,-22.8259654172414,0.532905855362122,0.532906845488411
2020-02-08 15:30:00,1074.64583333333,-22.272468692549,0.621000249022578,0.621001241924301
2020-02-08 16:00:00,1074.66666666667,-22.1472413275862,0.640870912864527,0.640871908541349
2020-02-08 16:30:00,1074.6875,-22.0832759452055,0.650982384345592,0.650983382797178
2020-02-08 17:00:00,1074.70833333333,-21.7852412931034,0.698381143015084,0.698382144241098
2020-02-08 17:30:00,1074.72916666667,-21.5964882496078,0.728371148602636,0.728372152602743
2020-02-08 18:00:00,1074.75,-21.812379437931,0.693900924170852,0.693901930944714
2020-02-08 18:30:00,1074.77083333333,-21.515647758317,0.741091774211276,0.741092783758556
2020-02-08 19:00:00,1074.79166666667,-21.8236898275862,0.691941619169125,0.691942631489487
2020-02-08 19:30:00,1074.8125,-21.8149393383562,0.693256630383165,0.693257645476271
2020-02-08 20:00:00,1074.83333333333,-22.7167239482759,0.54952263493659,0.549523652802102
2020-02-08 20:30:00,1074.85416666667,-22.4915019494118,0.585321482965692,0.585322503603271
2020-02-08 21:00:00,1074.875,-23.154,0.479705778075181,0.479706801484491
2020-02-08 21:30:00,1074.89583333333,-23.1065244393346,0.487189262157201,0.4871902883379
2020-02-08 22:00:00,1074.91666666667,-23.9223793827586,0.357143465345299,0.35714449429705
2020-02-08 22:30:00,1074.9375,-23.1349490800391,0.48250203933575,0.482503071058213
2020-02-08 23:00:00,1074.95833333333,-23.9937586896552,0.345613304242379,0.345614338735214
2020-02-08 23:30:00,1074.97916666667,-23.6327553956947,0.403041521766799,0.403042559029665
2020-02-09,1075,-24.4206896137931,0.277443057970357,0.277444098002915
2020-02-09 00:30:00,1075.02083333333,-23.7074912168297,0.390975977886326,0.390977020688233
2020-02-09 01:00:00,1075.04166666667,-23.8762962222222,0.364005010932004,0.364006056502919
2020-02-09 01:30:00,1075.0625,-23.3663992033268,0.445151646881351,0.445152695220934
2020-02-09 02:00:00,1075.08333333333,-23.3248619137931,0.45168812868383,0.451689179791738
2020-02-09 02:30:00,1075.10416666667,-23.1903874524462,0.473029453816563,0.473030507692454
2020-02-09 03:30:00,1075.14583333333,-22.8718460769231,0.523611873637595,0.523612933048422
2020-02-09 04:00:00,1075.16666666667,-22.5684440018,0.57186314476377,0.571864206941551
2020-02-09 04:30:00,1075.1875,-22.9465127025641,0.511555519791492,0.511556584735883
2020-02-09 05:00:00,1075.20833333333,-23.0665239704,0.492356513793838,0.492357581504495
2020-02-09 05:30:00,1075.22916666667,-23.151410374359,0.47875280922096,0.478753879697538
2020-02-09 06:00:00,1075.25,-22.9840461781125,0.505332691041168,0.505333764283323
2020-02-09 09:30:00,1075.39583333333,-23.3721278753425,0.44293831505616,0.442939407647671
2020-02-09 10:00:00,1075.41666666667,-23.2446500203125,0.463163358745492,0.463164454099809
2020-02-09 10:30:00,1075.4375,-23.2142831456621,0.467918439476981,0.467919537593757
2020-02-09 11:00:00,1075.45833333333,-23.2552452792453,0.461310643848147,0.461311744727033
2020-02-09 11:30:00,1075.47916666667,-23.2934678288991,0.455139151531439,0.455140255172086
2020-02-09 12:00:00,1075.5,-23.4006406209375,0.43798372197522,0.437984828377282
2020-02-09 12:30:00,1075.52083333333,-22.9992890417431,0.501836473809795,0.50183758297292
2020-02-09 13:00:00,1075.54166666667,-22.7750062415625,0.537481928278182,0.537483040202021
2020-02-09 13:30:00,1075.5625,-23.8895296657534,0.359854480153692,0.359855594837896
2020-02-09 14:00:00,1075.58333333333,-24.0952194661442,0.327004763451776,0.327005880895994
2020-02-09 15:00:00,1075.625,-22.7738969860606,0.537325666845224,0.537326789808418
2020-02-09 15:30:00,1075.64583333333,-23.362894459633,0.443414421015715,0.443415546737869
2020-02-09 16:00:00,1075.66666666667,-23.3815888015576,0.440352757333579,0.440353885814344
2020-02-09 16:30:00,1075.6875,-22.4141415045662,0.594384047180702,0.594385178419725
2020-02-09 17:00:00,1075.70833333333,-22.0958193233645,0.645009127961449,0.645010261958377
2020-02-09 17:30:00,1075.72916666667,-21.6098950187215,0.722333232539382,0.722334369293862
2020-02-09 18:00:00,1075.75,-21.3678722713396,0.760803530523809,0.760804670035489
2020-02-09 18:30:00,1075.77083333333,-21.0965570694064,0.80394002323501,0.803941165503537
2020-02-09 19:00:00,1075.79166666667,-20.9624984109034,0.825211336287348,0.825212481312368
2020-02-09 19:30:00,1075.8125,-20.2236389148148,0.942827740770808,0.942828888551967
2020-02-09 20:00:00,1075.83333333333,-20.0330444526984,0.973105019361985,0.973106169898927
2020-02-09 20:30:00,1075.85416666667,-20.2358949502283,0.940706120548145,0.940707273840517
2020-02-09 21:00:00,1075.875,-20.2887726339564,0.932197883983477,0.932199040030924
2020-02-09 21:30:00,1075.89583333333,-20.291264860274,0.931715972639347,0.931717131441513
2020-02-09 22:00:00,1075.91666666667,-20.2078909299065,0.944912487276009,0.944913648832539
2020-02-09 22:30:00,1075.9375,-20.4694292420091,0.903164121079421,0.903165285389959
2020-02-09 23:00:00,1075.95833333333,-20.5442990672897,0.891152064110837,0.891153231175026
2020-02-09 23:30:00,1075.97916666667,-20.3878630273973,0.9159870826509,0.915988252468383
2020-02-10,1076,-20.5391614988462,0.891799659526968,0.891800832097389
2020-02-10 00:30:00,1076.02083333333,-20.1501780561644,0.953679417330638,0.953680592653638
2020-02-10 01:00:00,1076.04166666667,-20.350794405919,0.921635392789357,0.92163657086458
2020-02-10 01:30:00,1076.0625,-19.7076667200913,1.02400028200265,1.02400146282973
2020-02-10 02:00:00,1076.08333333333,-19.9449812679128,0.986109980168197,0.986111163746788
2020-02-10 03:00:00,1076.125,-19.7102456377193,1.02333134213214,1.02333253121266
2020-02-10 03:30:00,1076.14583333333,-19.5145371666667,1.05442157455632,1.05442276638727
2020-02-10 04:00:00,1076.16666666667,-18.8789869078603,1.15557880407758,1.1555799986586
2020-02-10 04:30:00,1076.1875,-19.1052459449838,1.11944908290033,1.11945028023106
2020-02-10 05:00:00,1076.20833333333,-17.9883668056769,1.29728211906522,1.2972833191453
2020-02-10 05:30:00,1076.22916666667,-18.4182064970968,1.22872162621583,1.2287228290449
2020-02-10 06:00:00,1076.25,-17.8268296371179,1.32284154581413,1.32284275139182
2020-02-10 06:30:00,1076.27083333333,-17.463387063871,1.38065125669843,1.38065246502439
2020-02-10 07:00:00,1076.29166666667,-18.801340620524,1.16742723430927,1.16742844538313
2020-02-10 07:30:00,1076.3125,-18.9766064496774,1.13942008385112,1.13942129767252
2020-02-10 11:00:00,1076.45833333333,-21.7128888333333,0.702914905247832,0.702916138291836
2020-02-10 11:30:00,1076.47916666667,-21.7532640528,0.696395014265573,0.696396250054208
2020-02-10 12:00:00,1076.5,-21.7882058198547,0.690740562305813,0.690741800838713
2020-02-10 12:30:00,1076.52083333333,-21.742056048,0.698003936625076,0.698005177901875
2020-02-10 13:00:00,1076.54166666667,-21.5800434603865,0.723724226484754,0.723725470505086
2020-02-10 13:30:00,1076.5625,-21.5924559936,0.721658356154765,0.721659602918264
2020-02-10 14:00:00,1076.58333333333,-21.9843768147343,0.659136430573445,0.659137680079743
2020-02-10 14:30:00,1076.60416666667,-21.9644080128,0.662228702515433,0.662229954764165
2020-02-10 15:00:00,1076.625,-21.9649806775362,0.662048590376123,0.66204984536692
2020-02-10 15:30:00,1076.64583333333,-21.9314080336,0.667307736558857,0.667308994291353
2020-02-10 16:00:00,1076.66666666667,-21.2298357671642,0.778979586227787,0.778980846701613
2020-02-10 16:30:00,1076.6875,-21.2760639616,0.771526174365179,0.771527437579967
2020-02-10 17:00:00,1076.70833333333,-20.3333134248756,0.921617667396892,0.921618933352272
2020-02-10 17:30:00,1076.72916666667,-19.9973492063492,0.975047552618265,0.97504882131387
2020-02-10 18:00:00,1076.75,-19.0993019599034,1.11801755216571,1.11801882360117
2020-02-10 18:30:00,1076.77083333333,-19.119587352381,1.11469639239938,1.11469766657433
2020-02-10 19:00:00,1076.79166666667,-19.1417995227053,1.11106818187518,1.11106945878924
2020-02-10 19:30:00,1076.8125,-19.0953412730159,1.11837910467344,1.11838038432624
2020-02-10 20:00:00,1076.83333333333,-18.6971646341404,1.18171890456438,1.18172018695555
2020-02-10 20:30:00,1076.85416666667,-18.652635,1.18872237024509,1.18872365537427
2020-02-10 21:00:00,1076.875,-19.1201404104116,1.11415817379828,1.11415946166509
2020-02-10 21:30:00,1076.89583333333,-18.8947936793651,1.14996570499411,1.14996699559819
2020-02-10 22:00:00,1076.91666666667,-19.5995531164251,1.03760654534455,1.03760783868551
2020-02-10 22:30:00,1076.9375,-19.7704285388889,1.01029537715114,1.01029667322861
2020-02-10 23:00:00,1076.95833333333,-19.6171331544794,1.03462473657159,1.0346260353852
2020-02-10 23:30:00,1076.97916666667,-19.940222115873,0.983065615709586,0.983066917258971
2020-02-11,1077,-19.5574382891041,1.04395242087302,1.0439537251578
2020-02-11 00:30:00,1077.02083333333,-19.8725556134921,0.993662960385823,0.993664267405627
2020-02-11 01:00:00,1077.04166666667,-20.0729758618357,0.961644712545502,0.961646022299953
2020-02-11 01:30:00,1077.0625,-20.3139524047619,0.923165704476922,0.923167016965648
2020-02-11 02:30:00,1077.10416666667,-20.6491181938534,0.86959066909885,0.869591987054998
2020-02-11 03:00:00,1077.125,-20.9097565513043,0.827979179438433,0.827980500127729
2020-02-11 03:30:00,1077.14583333333,-21.2729621524823,0.770028541084113,0.770029864506181
2020-02-11 04:00:00,1077.16666666667,-21.5447739121739,0.726636893529114,0.726638219683578
2020-02-11 04:30:00,1077.1875,-21.3089573218009,0.764110691448047,0.764112020334531
2020-02-11 05:00:00,1077.20833333333,-21.6237738721739,0.713868123119873,0.713869454738
2020-02-11 05:30:00,1077.22916666667,-21.2326241335697,0.77608637569269,0.776087710042083
2020-02-11 06:00:00,1077.25,-21.3749652730435,0.753319036735113,0.753320373815394
2020-02-11 06:30:00,1077.27083333333,-21.6581509650943,0.708114946501157,0.708116286311949
2020-02-11 07:00:00,1077.29166666667,-21.7944348043478,0.686312313005895,0.686313655546818
2020-02-11 07:30:00,1077.3125,-21.6358538087264,0.711481745042346,0.711483090313024
2020-02-11 08:00:00,1077.33333333333,-21.8618173678261,0.675392841345416,0.675394189345467
2020-02-11 08:30:00,1077.35416666667,-21.3531084891509,0.756337668637815,0.756339019366862
2020-02-11 09:00:00,1077.375,-21.6308347147826,0.712002708475688,0.712004061933351
2020-02-11 12:30:00,1077.52083333333,-19.7990000092764,1.00316129586705,1.00316266841437
2020-02-11 13:30:00,1077.5625,-19.3085360865979,1.08110467548619,1.08110605348427
2020-02-11 14:30:00,1077.60416666667,-18.5104360465677,1.20805425555024,1.20805563899754
2020-02-11 15:30:00,1077.64583333333,-19.1412174665428,1.10738154514596,1.10738293404094
2020-02-11 16:30:00,1077.6875,-18.9574962488848,1.13645923427375,1.13646062861488
2020-02-11 17:30:00,1077.72916666667,-18.8540612410019,1.15274682021139,1.15274821999714
2020-02-11 18:30:00,1077.77083333333,-19.0015758824074,1.12905749518348,1.12905890041229
2020-02-11 19:30:00,1077.8125,-19.8197365686456,0.998533323557045,0.998534734227378
2020-02-11 20:30:00,1077.85416666667,-19.5066407512963,1.04821866905486,1.04822008516516
2020-02-11 21:30:00,1077.89583333333,-19.7057981925926,1.01630125217884,1.01630267372757
2020-02-11 22:30:00,1077.9375,-20.0478979194805,0.961612574948805,0.961614001934408
2020-02-11 23:30:00,1077.97916666667,-20.1376207975836,0.947127258069231,0.947128690490149
2020-02-12 00:30:00,1078.02083333333,-20.1850462811111,0.93937949445788,0.939380932312554
2020-02-12 02:00:00,1078.08333333333,-19.7958422979592,1.00108984468974,1.00109129069212
2020-02-12 03:00:00,1078.125,-19.9151613777365,0.98188825046794,0.98188970190017
2020-02-12 04:00:00,1078.16666666667,-20.4359647278293,0.898729473512378,0.898730930372889
2020-02-12 05:00:00,1078.20833333333,-20.8478126148423,0.832926928219129,0.83292839050635
2020-02-12 06:00:00,1078.25,-21.1887031168831,0.778427493691626,0.778428961403984
2020-02-12 07:00:00,1078.29166666667,-21.7625483579926,0.686817751490963,0.686819224626882
2020-02-12 08:00:00,1078.33333333333,-21.9674860756957,0.653974790227981,0.653976268785882
2020-02-12 09:00:00,1078.375,-23.1547490797398,0.464646257802894,0.464647741781196
2020-02-12 10:00:00,1078.41666666667,-24.2418561024299,0.291272193814791,0.291273683211909
2020-02-12 14:00:00,1078.58333333333,-24.8962369438433,0.186235796865571,0.186237307922062
2020-02-12 15:00:00,1078.625,-24.6198587342007,0.230063651444857,0.230065167912204
2020-02-12 16:30:00,1078.6875,-25.0458512308534,0.161902810343817,0.161904334924448
2020-02-12 17:00:00,1078.70833333333,-25.25832488875,0.127955402364988,0.127956929649245
2020-02-12 17:30:00,1078.72916666667,-24.9935404625821,0.170035435694492,0.170036965681973
2020-02-12 18:00:00,1078.75,-24.7857875125,0.203030201603386,0.203031734293691
2020-02-13 15:30:00,1079.64583333333,-17.0601340528864,1.42930767233203,1.42930932085901
2020-02-13 16:30:00,1079.6875,-16.837053929368,1.46463365220196,1.46463530609816
2020-02-13 17:30:00,1079.72916666667,-16.8992714157993,1.45451107125845,1.4545127305222
2020-02-13 18:30:00,1079.77083333333,-16.8218528895717,1.46663215935416,1.4666338239838
2020-02-13 19:30:00,1079.8125,-16.5450613414498,1.51051306485761,1.51051473485146
2020-02-13 20:30:00,1079.85416666667,-16.4473929242086,1.52585908026252,1.5258607556189
2020-02-13 21:30:00,1079.89583333333,-16.6320185066667,1.49623501254793,1.49623669326517
2020-02-13 22:30:00,1079.9375,-16.8682620747126,1.45838771571492,1.45838940179134
2020-02-13 23:30:00,1079.97916666667,-17.110214767037,1.41963050428658,1.41963219572049
2020-02-14 00:30:00,1080.02083333333,-17.39962965,1.3733120850642,1.37331378185391
2020-02-14 01:30:00,1080.0625,-17.6274703674074,1.33680202761811,1.33680372976194
2020-02-14 02:30:00,1080.10416666667,-18.7445444551852,1.15863601212671,1.15863771962296
2020-02-14 03:30:00,1080.14583333333,-20.2178055535185,0.923728704740389,0.923730417587371
2020-02-14 04:30:00,1080.1875,-21.1176129494444,0.780172535477398,0.780174253673414
2020-02-14 05:30:00,1080.22916666667,-21.6549870185185,0.694351807824827,0.694353531368176
2020-02-14 06:30:00,1080.27083333333,-22.0190629425926,0.636137152266437,0.636138881155418
2020-02-14 07:30:00,1080.3125,-23.0161758809259,0.477078801826469,0.477080536059377
2020-02-14 08:30:00,1080.35416666667,-23.7495092444444,0.360040280132117,0.360042019707244
2020-02-14 09:30:00,1080.39583333333,-24.6586258762963,0.214998912264626,0.215000657180263
2020-02-14 10:30:00,1080.4375,-26.0921833057407,-0.0135866952299984,-0.0135849449755644
2020-02-14 11:30:00,1080.47916666667,-26.3232277924074,-0.0506115772961715,-0.0506098217046568
2020-02-14 12:30:00,1080.52083333333,-25.655109272963,0.0556004044899738,0.0556021654168526
2020-02-14 17:00:00,1080.70833333333,-25.5012726725417,0.0791121827849131,0.0791139676995976
2020-02-14 18:00:00,1080.75,-25.0548066959108,0.150012307467407,0.15001409770796
2020-02-14 19:00:00,1080.79166666667,-25.0720871473098,0.147036849928085,0.147038645492771
2020-02-14 20:00:00,1080.83333333333,-24.6812133558442,0.209080210225552,0.209082011112633
2020-02-14 21:00:00,1080.875,-25.6498119121043,0.0545582094254018,0.0545600156331386
2020-02-14 22:00:00,1080.91666666667,-27.6111098806331,-0.258101961638989,-0.25810015011234
2020-02-14 23:00:00,1080.95833333333,-27.3001444933333,-0.208789400712319,-0.208787583868503
2020-02-15,1081,-26.8231092401852,-0.133022235745205,-0.13302041358597
2020-02-15 01:00:00,1081.04166666667,-26.5297444681481,-0.0865143538217128,-0.0865125263488096
2020-02-15 02:00:00,1081.08333333333,-25.9286070595903,0.00902148500371824,0.00902331778853704
2020-02-15 03:00:00,1081.125,-24.8553970215213,0.179758387140973,0.17976022523595
2020-02-15 04:00:00,1081.16666666667,-25.3350314803704,0.103125607435164,0.103127450838543
2020-02-15 05:00:00,1081.20833333333,-25.515659245,0.07412436410637,0.0741262128163891
2020-02-15 06:00:00,1081.25,-26.2086790601113,-0.0365017425954512,-0.0364998885805567
2020-02-15 07:00:00,1081.29166666667,-26.9156011205937,-0.149342930372565,-0.14934107105456
2020-02-15 08:00:00,1081.33333333333,-27.0236747226766,-0.166787574118224,-0.166785709498878
2020-02-15 09:00:00,1081.375,-27.5200261728972,-0.246085599759341,-0.246083729840426
2020-02-15 10:00:00,1081.41666666667,-26.9910373044776,-0.162046623021915,-0.162044747805204
2020-02-15 11:00:00,1081.45833333333,-26.9792486410019,-0.160398451513741,-0.160396571001012
2020-02-15 12:00:00,1081.5,-27.740105757885,-0.281833747825219,-0.281831862018251
2020-02-15 13:30:00,1081.5625,-29.3203215981413,-0.533909411347021,-0.533907517602034
2020-02-15 14:30:00,1081.60416666667,-28.4716344575139,-0.398944263885884,-0.398942364851118
2020-02-15 18:30:00,1081.77083333333,-27.3290797833024,-0.217864193225963,-0.217862273049987
2020-02-15 19:30:00,1081.8125,-26.6302653306122,-0.106776083125008,-0.10677415766822
2020-02-15 20:30:00,1081.85416666667,-24.5197272493506,0.229200167986493,0.229202098722293
2020-02-15 21:30:00,1081.89583333333,-23.5344619434137,0.385919220119019,0.385921156132025
2020-02-15 22:30:00,1081.9375,-23.1759219306691,0.442800043564551,0.442801984852958
2020-02-15 23:30:00,1081.97916666667,-22.1132968335807,0.611841682598469,0.611843629160468
2020-02-16 00:30:00,1082.02083333333,-22.9273203199255,0.481931419840517,0.481933371674294
2020-02-16 01:30:00,1082.0625,-21.8535650687732,0.652745217741762,0.652747174845504
2020-02-16 02:30:00,1082.10416666667,-20.5346901363636,0.862606314899931,0.862608277271823
2020-02-16 03:30:00,1082.14583333333,-19.428718507037,1.03855132272208,1.0385532903603
2020-02-16 04:30:00,1082.1875,-18.6578351853704,1.16111608278566,1.16111805568839
2020-02-16 05:30:00,1082.22916666667,-18.032375917963,1.2605142463156,1.26051622448102
2020-02-16 06:30:00,1082.27083333333,-17.9733147961111,1.26968433985715,1.26968632328342
2020-02-16 07:30:00,1082.3125,-18.0441296601852,1.25816465550554,1.25816664419083
2020-02-16 08:30:00,1082.35416666667,-18.5131333474074,1.18321276667408,1.18321476061657
2020-02-16 09:30:00,1082.39583333333,-18.490868527963,1.1865198617421,1.18652186093994
2020-02-16 10:30:00,1082.4375,-18.3590166801852,1.20728380857965,1.20728581303102
2020-02-16 11:30:00,1082.47916666667,-18.0764629768519,1.25205422866752,1.25205623837057
2020-02-16 13:00:00,1082.54166666667,-17.914771816141,1.27745004116888,1.277452058746
2020-02-16 14:00:00,1082.58333333333,-17.6517588274583,1.31910651190627,1.31910853473046
2020-02-16 15:00:00,1082.625,-17.5775733022263,1.33068219317709,1.33068422124649
2020-02-16 16:00:00,1082.66666666667,-17.4194378415584,1.35563071967819,1.35563275299096
2020-02-16 20:00:00,1082.83333333333,-17.5862244688312,1.32808683693772,1.32808889120541
2020-02-16 21:00:00,1082.875,-17.2373654573284,1.38341556586835,1.38341762537011
2020-02-16 22:00:00,1082.91666666667,-17.1917699426716,1.39043376430874,1.3904358290427
2020-02-16 23:00:00,1082.95833333333,-17.1642875615955,1.39456608902471,1.39456815898901
2020-02-17,1083,-17.2646271304267,1.37833584730204,1.37833792249481
2020-02-17 01:00:00,1083.04166666667,-17.0979313751391,1.40464408518914,1.40464616560849
2020-02-17 02:00:00,1083.08333333333,-17.2027955845725,1.38769218841338,1.38769427405745
2020-02-17 03:00:00,1083.125,-17.0692851562963,1.40871310367406,1.40871519454096
2020-02-17 04:00:00,1083.16666666667,-17.3339278096296,1.36630751053995,1.3663096066278
2020-02-17 05:00:00,1083.20833333333,-17.4963685287037,1.34018232072584,1.34018442203276
2020-02-17 06:00:00,1083.25,-17.6209591896104,1.3200862345109,1.320088341035
2020-02-17 07:00:00,1083.29166666667,-17.6858481233333,1.30950023851242,1.30950235025181
2020-02-17 08:00:00,1083.33333333333,-17.7673228239332,1.29627168053828,1.29627379749107
2020-02-17 09:00:00,1083.375,-17.8602137678439,1.28122406951468,1.28122619167897
2020-02-17 10:00:00,1083.41666666667,-18.1155018805556,1.24030603624638,1.24030816362027
2020-02-17 11:00:00,1083.45833333333,-18.533527847037,1.17346330950283,1.17346544208442
2020-02-17 12:30:00,1083.52083333333,-20.0534554100372,0.930960605988335,0.930962746377918
2020-02-17 13:30:00,1083.5625,-21.0966270890538,0.764530628376044,0.76453277396857
2020-02-17 14:30:00,1083.60416666667,-21.6312360211896,0.679114623142899,0.679116773936459
2020-02-17 15:30:00,1083.64583333333,-22.2249388107607,0.584284487696374,0.584286643689056
2020-02-17 16:30:00,1083.6875,-22.6058327265799,0.523354521549203,0.523356682739092
2020-02-17 17:30:00,1083.72916666667,-22.442731408,0.549082948752198,0.549085115137379
2020-02-17 21:30:00,1083.89583333333,-21.9405520494424,0.628061202081823,0.628063389228954
2020-02-17 22:30:00,1083.9375,-21.702834874026,0.665673809379306,0.665676001712108
2020-02-17 23:30:00,1083.97916666667,-21.051778836803,0.769131157288084,0.769133354804625
2020-02-18 00:30:00,1084.02083333333,-20.4756734886827,0.860648371542018,0.860650574240364
2020-02-18 01:30:00,1084.0625,-20.738345116141,0.818547378997427,0.818549586875639
2020-02-18 02:30:00,1084.10416666667,-21.0547833005556,0.767880900450819,0.767883113506961
2020-02-18 03:30:00,1084.14583333333,-21.3826036822222,0.715400794823577,0.715403013055705
2020-02-18 04:30:00,1084.1875,-21.5546462992593,0.687735763630245,0.687737987036414
2020-02-18 05:30:00,1084.22916666667,-21.3496407603704,0.720134338459443,0.720136567037709
2020-02-18 06:30:00,1084.27083333333,-23.415218515,0.390826937517435,0.390829171265847
2020-02-18 07:30:00,1084.3125,-24.6315277622222,0.196808182309112,0.196810421225717
2020-02-18 08:30:00,1084.35416666667,-24.8729256388476,0.158093070859694,0.158095314942539
2020-02-18 09:30:00,1084.39583333333,-24.2308500364815,0.260115481827256,0.260117731074383
2020-02-18 10:30:00,1084.4375,-23.2398831487941,0.417716089874714,0.417718344284164
2020-02-18 12:00:00,1084.5,-21.6566275739292,0.66953733294177,0.669539595091023
2020-02-18 13:00:00,1084.54166666667,-20.6706326716141,0.826344815768083,0.82634708307475
2020-02-18 14:00:00,1084.58333333333,-19.0529498762523,1.08378019784441,1.08378247030653
2020-02-18 15:00:00,1084.625,-18.1325157894249,1.23014292899904,1.23014520661463
2020-02-18 16:00:00,1084.66666666667,-17.7509109307978,1.29066934579258,1.29067162855967
2020-02-18 17:00:00,1084.70833333333,-17.4801317508349,1.33354071965784,1.33354300757445
2020-02-18 18:00:00,1084.75,-17.3443190862709,1.3549113981869,1.35491369125106
2020-02-18 19:00:00,1084.79166666667,-17.1799814981447,1.38082568457481,1.38082798278454
2020-02-20,1086,-21.827024607377,0.632681268028227,0.632683714586487
2020-02-20 00:30:00,1086.02083333333,-21.3305219861017,0.711635678887142,0.711638127988151
2020-02-20 01:00:00,1086.04166666667,-23.144631157377,0.422507872848848,0.422510324492092
2020-02-20 01:30:00,1086.0625,-22.7386474725424,0.487042338160085,0.487044792345048
2020-02-20 02:00:00,1086.08333333333,-22.9254303516393,0.457148559122109,0.457151015848278
2020-02-20 02:30:00,1086.10416666667,-22.5764644667797,0.51259983393622,0.512602293203079
2020-02-20 03:00:00,1086.125,-24.8786352954918,0.145723028662508,0.145725490469541
2020-02-20 03:30:00,1086.14583333333,-24.8692202728814,0.147083394329039,0.147085858675731
2020-02-20 04:00:00,1086.16666666667,-24.5858975885246,0.19207733920429,0.192079806090126
2020-02-20 04:30:00,1086.1875,-24.7154948922034,0.171292727880438,0.171295197304899
2020-02-20 05:00:00,1086.20833333333,-25.3693155627049,0.0669988525958071,0.0670013245583793
2020-02-20 05:30:00,1086.22916666667,-24.2504983044068,0.245087359126254,0.245089833626419
2020-02-20 06:00:00,1086.25,-23.3772376692623,0.384058413136959,0.384060890174199
2020-02-20 06:30:00,1086.27083333333,-22.6540881654237,0.499116549703696,0.499119029277494
2020-02-20 07:00:00,1086.29166666667,-23.2805123168033,0.399186531634496,0.399189013744335
2020-02-20 07:30:00,1086.3125,-22.4366689185811,0.533471077968411,0.533473562613771
2020-02-20 08:00:00,1086.33333333333,-23.6460368504098,0.340677485273373,0.340679972453739
2020-02-20 08:30:00,1086.35416666667,-22.8060169233108,0.474352736139491,0.47435522585434
2020-02-20 09:00:00,1086.375,-23.0342581684426,0.437853112010927,0.437855604259743
2020-02-20 09:30:00,1086.39583333333,-22.5685762677966,0.511895834043037,0.5118983288253
2020-02-20 10:00:00,1086.41666666667,-24.2891434360656,0.237667410246781,0.237669907561971
2020-02-20 10:30:00,1086.4375,-24.2410709986486,0.24518443271629,0.245186932563886
2020-02-20 11:00:00,1086.45833333333,-23.5746188635246,0.351209676138668,0.351212178518152
2020-02-20 11:30:00,1086.47916666667,-23.2135642287162,0.408584772744421,0.40858727765527
2020-02-20 12:00:00,1086.5,-22.6657049303279,0.495717878993963,0.495720386435658
2020-02-20 12:30:00,1086.52083333333,-22.4368986503378,0.532025504674141,0.532028014646159
2020-02-20 13:00:00,1086.54166666667,-24.8312623004098,0.150460179224703,0.150462691726524
2020-02-20 13:30:00,1086.5625,-24.947928985473,0.131733501268392,0.131736016299492
2020-02-20 14:00:00,1086.58333333333,-26.4435655491803,-0.106664170469685,-0.106661652909825
2020-02-20 14:30:00,1086.60416666667,-25.9597127945946,-0.0297278859030595,-0.0297253658149644
2020-02-20 15:00:00,1086.625,-26.8738806625514,-0.175497392198751,-0.175494869582942
2020-02-20 15:30:00,1086.64583333333,-26.5957499993243,-0.131332997076055,-0.131330471933056
2020-02-20 16:00:00,1086.66666666667,-26.1550573135246,-0.0612724622009492,-0.0612699345312832
2020-02-20 16:30:00,1086.6875,-25.8450539621622,-0.012030938287873,-0.0120284080920652
2020-02-20 17:00:00,1086.70833333333,-26.1210327635246,-0.0561368966296726,-0.056134363908244
2020-02-20 17:30:00,1086.72916666667,-25.1112027097973,0.104587307941598,0.10458984318812
2020-02-20 18:00:00,1086.75,-25.4816721331967,0.0454287128883644,0.0454312506594572
2020-02-20 18:30:00,1086.77083333333,-25.0560235851351,0.113092173083567,0.113094713378705
2020-02-20 19:00:00,1086.79166666667,-24.6649631442623,0.175245616583772,0.175248159402431
2020-02-20 19:30:00,1086.8125,-24.2445067733108,0.242081746267818,0.24208429160947
2020-02-20 20:00:00,1086.83333333333,-24.1224794938525,0.26137780194979,0.261380349813913
2020-02-20 20:30:00,1086.85416666667,-23.5893918753378,0.346155956944416,0.346158507330481
2020-02-20 21:00:00,1086.875,-25.3787909897541,0.0609602092761282,0.0609627621836095
2020-02-20 21:30:00,1086.89583333333,-24.3474966266892,0.225102841861755,0.225105397290126
2020-02-21 01:30:00,1087.0625,-24.6631224975501,0.173673215080647,0.173675790657136
2020-02-21 02:00:00,1087.08333333333,-24.4296999855556,0.210713334749912,0.210715912842538
2020-02-21 02:30:00,1087.10416666667,-24.814926511804,0.149202114306012,0.149204694914242
2020-02-21 03:00:00,1087.125,-24.3925333055556,0.216345188175536,0.216347771298843
2020-02-21 03:30:00,1087.14583333333,-24.0665879672606,0.268123941567429,0.268126527205281
2020-02-21 04:00:00,1087.16666666667,-23.2549444633333,0.397274653659113,0.39727724181098
2020-02-21 04:30:00,1087.1875,-25.4658240374165,0.0449351733388298,0.0449377640041788
2020-02-21 05:00:00,1087.20833333333,-24.9035888922222,0.134354743367142,0.134357336545445
2020-02-21 05:30:00,1087.22916666667,-26.7117795445434,-0.153836316199848,-0.153833720509126
2020-02-21 06:00:00,1087.25,-26.2272222088889,-0.0767910889534156,-0.076788490750804
2020-02-21 06:30:00,1087.27083333333,-26.7541870728285,-0.16088217702698,-0.160879576313011
2020-02-21 07:00:00,1087.29166666667,-26.6436888744444,-0.143425049793298,-0.143422446568505
2020-02-21 07:30:00,1087.3125,-26.987087241387,-0.198274075817419,-0.198271470082336
2020-02-21 08:00:00,1087.33333333333,-26.3050439681319,-0.0897696217874189,-0.0897670135425775
2020-02-21 08:30:00,1087.35416666667,-26.1691247523385,-0.0682632263819909,-0.0682606156279244
2020-02-21 09:00:00,1087.375,-25.8130658703297,-0.0116885308191765,-0.0116859175564188
2020-02-21 09:30:00,1087.39583333333,-26.4649532280624,-0.115680497504553,-0.115677881733638
2020-02-21 10:00:00,1087.41666666667,-26.3027911956044,-0.0899939205507677,-0.0899913022722295
2020-02-21 10:30:00,1087.4375,-26.5398258589286,-0.127899768435122,-0.127897147649497
2020-02-21 11:00:00,1087.45833333333,-26.1718241714286,-0.0694229991772396,-0.0694203758850609
2020-02-21 11:30:00,1087.47916666667,-27.3744888555804,-0.261154611232765,-0.261151985434568
2020-02-21 12:00:00,1087.5,-27.0326813505494,-0.206850805725618,-0.206848177421939
2020-02-21 12:30:00,1087.52083333333,-28.3694209334076,-0.419940856683857,-0.41993822587523
2020-02-21 13:00:00,1087.54166666667,-27.8926264153846,-0.344133735233436,-0.344131101920399
2020-02-21 13:30:00,1087.5625,-29.6311848376392,-0.621234026104352,-0.621231390287441
2020-02-21 14:00:00,1087.58333333333,-29.4614395494505,-0.594340278002228,-0.59433763968198
2020-02-21 14:30:00,1087.60416666667,-30.0563051518931,-0.689249696957109,-0.689247056134061
2020-02-21 15:00:00,1087.625,-29.5871977582418,-0.614667563066258,-0.614664919740946
2020-02-21 15:30:00,1087.64583333333,-30.1125968267261,-0.69851112502156,-0.698508479194523
2020-02-21 16:00:00,1087.66666666667,-29.7042856934066,-0.633614090311293,-0.633611441983069
2020-02-21 16:30:00,1087.6875,-30.5915381233184,-0.775101362753084,-0.775098711924212
2020-02-21 17:00:00,1087.70833333333,-29.6445714505494,-0.624396327067091,-0.624393673738108
2020-02-21 17:30:00,1087.72916666667,-28.8887946301339,-0.504148077153561,-0.504145421325006
2020-02-21 18:00:00,1087.75,-27.8547363505495,-0.339569497578041,-0.339566839250453
2020-02-21 18:30:00,1087.77083333333,-28.7771029248322,-0.48665090093689,-0.486648240110809
2020-02-21 19:00:00,1087.79166666667,-27.2683846835165,-0.246458861496968,-0.246456198172933
2020-02-21 19:30:00,1087.8125,-26.3208437488839,-0.0956628736260333,-0.0956602078045862
2020-02-21 20:00:00,1087.83333333333,-25.9713406362637,-0.0401348437380887,-0.0401321754197683
2020-02-21 20:30:00,1087.85416666667,-25.4362271841871,0.0449609403124142,0.044963611127067
2020-02-21 21:00:00,1087.875,-23.2975713285714,0.385502069624583,0.385504742935026
2020-02-21 22:00:00,1087.91666666667,-23.1657843126362,0.406198965321503,0.406201643621907
2020-02-21 22:30:00,1087.9375,-21.487278535443,0.673437541826341,0.67344022262091
2020-02-21 23:00:00,1087.95833333333,-21.7008605788671,0.639265070940439,0.639267754228632
2020-02-21 23:30:00,1087.97916666667,-20.9159113,0.764159247820149,0.764161933601425
2020-02-22 03:00:00,1088.125,-22.5381691589219,0.504687831697383,0.504690534915017
2020-02-22 04:00:00,1088.16666666667,-21.4308051855288,0.680792304737877,0.680795012932432
2020-02-22 05:00:00,1088.20833333333,-20.6243191671614,0.808966283544512,0.808968996713801
2020-02-22 06:00:00,1088.25,-21.4382486092764,0.679006500693946,0.679009218835786
2020-02-22 07:00:00,1088.29166666667,-21.8628738851577,0.611062729046356,0.611065452158561
2020-02-22 08:00:00,1088.33333333333,-21.1588014769944,0.722920884522876,0.722923612603258
2020-02-22 09:00:00,1088.375,-20.6536085580705,0.803096974870679,0.803099707917045
2020-02-22 10:00:00,1088.41666666667,-20.5208296562963,0.823946825938328,0.823949563948485
2020-02-22 11:00:00,1088.45833333333,-20.4404129446296,0.83645492264142,0.836457665613172
2020-02-22 12:00:00,1088.5,-20.3951240605556,0.843366711399389,0.843369459330535
2020-02-22 13:00:00,1088.54166666667,-20.6290851531481,0.805793359567314,0.805796112455656
2020-02-22 14:00:00,1088.58333333333,-19.8065407477778,0.936521668956386,0.93652442679972
2020-02-22 15:00:00,1088.625,-18.9727203342593,1.06904583506087,1.06904859785699
2020-02-22 16:00:00,1088.66666666667,-19.0475518372222,1.05682068225133,1.05682344999803
2020-02-22 17:00:00,1088.70833333333,-18.8906203759259,1.08151511614035,1.08151788883542
2020-02-22 18:00:00,1088.75,-18.5875036433333,1.12949654924029,1.1294993268815
2020-02-22 19:00:00,1088.79166666667,-18.6362555453704,1.1214246385782,1.12142742116336
2020-02-22 20:00:00,1088.83333333333,-18.253494467037,1.1820926353945,1.18209542292138
2020-02-22 21:30:00,1088.89583333333,-17.8682430204082,1.24300350677331,1.24300630170861
2020-02-22 22:30:00,1088.9375,-17.9015899654917,1.23738415214251,1.23738695201397
2020-02-22 23:30:00,1088.97916666667,-18.0071855313544,1.22025512248285,1.22025792728825
2020-02-23 00:30:00,1089.02083333333,-17.9171133821561,1.23429568170769,1.23429849144481
2020-02-23 04:30:00,1089.1875,-18.663896070872,1.11409649534661,1.11409932478824
2020-02-23 05:30:00,1089.22916666667,-18.7668864472998,1.09737996889044,1.09738280325261
2020-02-23 06:30:00,1089.27083333333,-18.8166493439703,1.0891422009959,1.08914504027635
2020-02-23 07:30:00,1089.3125,-18.5987137009294,1.12354858493644,1.12355142913294
2020-02-23 08:30:00,1089.35416666667,-18.8199048619403,1.08800133850391,1.08800418761421
2020-02-23 09:30:00,1089.39583333333,-18.9885810027933,1.06081935578784,1.0608222098097
2020-02-23 10:30:00,1089.4375,-18.8910668269017,1.07604126438926,1.07604412332041
2020-02-23 11:30:00,1089.47916666667,-18.7369740651852,1.10027576594157,1.10027862977977
2020-02-23 12:30:00,1089.52083333333,-19.0394396925788,1.05177977380391,1.05178264254689
2020-02-23 13:30:00,1089.5625,-19.2797777953704,1.01318032485036,1.01318319849587
2020-02-23 14:30:00,1089.60416666667,-19.0458249625698,1.05013534514937,1.05013822369515
2020-02-23 15:30:00,1089.64583333333,-18.7100018482375,1.10331795853365,1.10332084197743
2020-02-23 16:30:00,1089.6875,-18.852356209462,1.08032614295078,1.0803290312903
2020-02-23 17:30:00,1089.72916666667,-18.7779162057728,1.09186940938446,1.09187230261744
2020-02-23 18:30:00,1089.77083333333,-18.5351094738404,1.13023320086764,1.13023609899182
2020-02-23 19:30:00,1089.8125,-18.95486082282,1.06305060167448,1.06305350468759
2020-02-23 21:00:00,1089.875,-18.4984824122449,1.13527736698982,1.13528027733204
2020-02-23 22:00:00,1089.91666666667,-18.553359567603,1.12621845100595,1.1262213662314
2020-02-23 23:00:00,1089.95833333333,-18.5538442664165,1.12582387787204,1.12582679797845
2020-02-24,1090,-18.6084232144195,1.11681163800136,1.11681456298643
2020-02-24 01:00:00,1090.04166666667,-18.622823976779,1.11419939779396,1.11420232765541
2020-02-24 02:00:00,1090.08333333333,-18.579430237907,1.12079344907499,1.12079638381053
2020-02-24 06:00:00,1090.25,-17.1334506249534,1.34986049009462,1.34986344430359
2020-02-24 07:00:00,1090.29166666667,-16.7480835191095,1.41092907627455,1.41093203534613
2020-02-24 08:00:00,1090.33333333333,-16.3471391541744,1.47447871808412,1.47448168201601
2020-02-24 09:00:00,1090.375,-16.4328348604824,1.46050583607494,1.46050880486484
2020-02-24 10:00:00,1090.41666666667,-15.9384434059369,1.53894084078124,1.53894381442684
2020-02-24 11:00:00,1090.45833333333,-16.1456920296846,1.50560366723394,1.50560664573293
2020-02-24 12:00:00,1090.5,-15.7745566024119,1.56440307411886,1.56440605746893
2020-02-24 13:00:00,1090.54166666667,-15.297492615,1.64007656428158,1.64007955248042
2020-02-24 14:00:00,1090.58333333333,-15.6046129509259,1.5908285194643,1.59083151250958
2020-02-24 15:00:00,1090.625,-16.7966593007407,1.40061071653677,1.40061371442618
2020-02-24 16:00:00,1090.66666666667,-17.6692081609665,1.26128868046498,1.2612916831962
2020-02-24 17:00:00,1090.70833333333,-18.1804277831481,1.17952623883764,1.17952924640834
2020-02-24 18:00:00,1090.75,-17.9851818122449,1.21030385981783,1.2103068722257
2020-02-24 19:00:00,1090.79166666667,-17.9242111201852,1.21969092187036,1.21969393911305
2020-02-24 20:30:00,1090.85416666667,-17.900560520298,1.22296928982948,1.22297231432005
2020-02-24 21:30:00,1090.89583333333,-17.9919201089219,1.20808900240993,1.2080920317295
2020-02-24 22:30:00,1090.9375,-18.0957899747212,1.19121540842831,1.19121844257455
2020-02-24 23:30:00,1090.97916666667,-18.0384628555762,1.20002019904132,1.20002323801188
2020-02-25 00:30:00,1091.02083333333,-17.4163451268657,1.29879612723198,1.29879917102453
2020-02-25 01:30:00,1091.0625,-17.0088141414498,1.36338782390504,1.36339087251724
2020-02-25 02:30:00,1091.10416666667,-16.5378954958955,1.43807681033964,1.43807986376913
2020-02-25 03:30:00,1091.14583333333,-16.5764889018587,1.43159975323633,1.43160281148077
2020-02-25 07:30:00,1091.3125,-16.8108775686456,1.39294097840488,1.3929440558856
2020-02-25 08:30:00,1091.35416666667,-16.7669292242086,1.3996108355223,1.3996139178062
2020-02-25 09:30:00,1091.39583333333,-16.8131601528864,1.39191466137711,1.39191774846183
2020-02-25 10:30:00,1091.4375,-16.8527959289425,1.38526869131522,1.38527178319839
2020-02-25 11:30:00,1091.47916666667,-16.8388959275093,1.3871506005926,1.38715369727186
2020-02-25 12:30:00,1091.52083333333,-16.6964786703154,1.40950499245098,1.40950809392396
2020-02-25 13:30:00,1091.5625,-16.3190575172542,1.46929526492654,1.46929837119086
2020-02-25 14:30:00,1091.60416666667,-15.738447983829,1.56145318383467,1.56145629488796
2020-02-25 15:30:00,1091.64583333333,-15.5087421198516,1.59771148985039,1.59771460569029
2020-02-25 16:30:00,1091.6875,-15.9526086164794,1.52666883006048,1.52667195068461
2020-02-25 17:30:00,1091.72916666667,-16.3072370412963,1.469841451634,1.46984457703997
2020-02-25 19:30:00,1091.8125,-16.55636200681,1.42948481168405,1.42948794664655
2020-02-25 20:00:00,1091.83333333333,-16.2717691907692,1.47465268266318,1.47465582001333
2020-02-25 22:00:00,1091.91666666667,-16.405154618705,1.45273140031815,1.45273454721291
2020-02-25 22:30:00,1091.9375,-16.5360702726563,1.4317079670093,1.43171111628871
2020-02-25 23:00:00,1091.95833333333,-16.4034121329749,1.45267192582578,1.45267507748924
2020-02-25 23:30:00,1091.97916666667,-16.6293073953307,1.41651796993919,1.41652112398612
2020-02-26,1092,-16.570455181362,1.42572438900497,1.42572754543476
2020-02-26 00:30:00,1092.02083333333,-16.861140136965,1.37924918568583,1.37925234449788
2020-02-26 01:00:00,1092.04166666667,-16.4901900193548,1.43817282087515,1.43817598206886
2020-02-26 01:30:00,1092.0625,-16.672583670428,1.40894829684169,1.40895146041646
2020-02-26 02:00:00,1092.08333333333,-15.0713633136691,1.66385465742477,1.66385782338001
2020-02-26 02:30:00,1092.10416666667,-15.5259844525292,1.59126389722417,1.59126706555927
2020-02-26 03:00:00,1092.125,-17.2636129458781,1.31428904722046,1.31429221793482
2020-02-26 03:30:00,1092.14583333333,-17.470801559144,1.28111426242661,1.28111743551963
2020-02-26 04:00:00,1092.16666666667,-17.696906737276,1.24492595399475,1.24492912946582
2020-02-26 04:30:00,1092.1875,-17.6573657622568,1.25105516627883,1.25105834412737
2020-02-26 05:00:00,1092.20833333333,-16.9857230086331,1.357878542309,1.35788172253439
2020-02-26 05:30:00,1092.22916666667,-17.0195937746094,1.35231300922666,1.3523161918283
2020-02-26 09:00:00,1092.375,-16.2158343076923,1.47916036190495,1.47916356112349
2020-02-26 09:30:00,1092.39583333333,-16.2876540840541,1.46754871496182,1.46755191655179
2020-02-26 10:00:00,1092.41666666667,-15.6302070869822,1.57210968509452,1.57211288905532
2020-02-26 10:30:00,1092.4375,-15.5829135227027,1.57947267630703,1.57947588263804
2020-02-26 11:00:00,1092.45833333333,-15.6642797452381,1.56633997050671,1.56634317920734
2020-02-26 11:30:00,1092.47916666667,-15.8209729132791,1.54120752744833,1.54121073851797
2020-02-26 12:00:00,1092.5,-15.5116627443787,1.59030964798897,1.590312861427
2020-02-26 12:30:00,1092.52083333333,-15.5581027054054,1.58274041764324,1.58274363344907
2020-02-26 13:00:00,1092.54166666667,-15.5412958852071,1.58524634379995,1.58524956197297
2020-02-26 13:30:00,1092.5625,-15.4711756913514,1.59624502755708,1.59624824809668
2020-02-26 14:00:00,1092.58333333333,-16.0410651295858,1.50528961866384,1.50529284156942
2020-02-26 14:30:00,1092.60416666667,-15.8116486318919,1.54166411568014,1.54166734095109
2020-02-26 15:00:00,1092.625,-16.2025088982249,1.47922798007394,1.47923120770965
2020-02-26 15:30:00,1092.64583333333,-16.4369919768194,1.4417027413899,1.44170597138976
2020-02-26 16:00:00,1092.66666666667,-16.4989940372781,1.43165375134032,1.43165698370373
2020-02-26 16:30:00,1092.6875,-16.7477924056604,1.39184787516204,1.39185110988839
2020-02-26 17:00:00,1092.70833333333,-17.3147395786982,1.3013605662816,1.30136380337028
2020-02-26 17:30:00,1092.72916666667,-17.196911067655,1.31995841247892,1.31996165192933
2020-02-26 18:00:00,1092.75,-17.905541689881,1.20690062742529,1.20690386923681
2020-02-26 18:30:00,1092.77083333333,-17.9032405364865,1.20709468156736,1.20709792573937
2020-02-26 19:00:00,1092.79166666667,-17.0958154797619,1.33554544818218,1.33554869471409
2020-02-26 19:30:00,1092.8125,-16.9064946427027,1.36553167024244,1.36553491913363
2020-02-26 20:30:00,1092.85416666667,-16.4417011413793,1.43922786011936,1.43923111372729
2020-02-26 21:00:00,1092.875,-16.3605780536986,1.45197780154601,1.45198105751139
2020-02-26 21:30:00,1092.89583333333,-16.2020746798851,1.47705437728213,1.47705763560435
2020-02-26 22:00:00,1092.91666666667,-16.2823095586301,1.46409967823414,1.46410293891259
2020-02-26 22:30:00,1092.9375,-15.3688439046243,1.60944208364001,1.60944534667408
2020-02-26 23:00:00,1092.95833333333,-15.2064794463014,1.63513343132565,1.63513669671472
2020-02-26 23:30:00,1092.97916666667,-13.8713792988506,1.8476423118611,1.84764557960457
2020-02-27,1093,-13.8076250197368,1.85762478659378,1.85762805669103
2020-02-27 00:30:00,1093.02083333333,-14.1209655477012,1.80753568864724,1.80753896109766
2020-02-27 01:00:00,1093.04166666667,-14.1581040873973,1.80144566439633,1.8014489391993
2020-02-27 01:30:00,1093.0625,-13.9529252833333,1.83395686577885,1.83396014293377
2020-02-27 02:00:00,1093.08333333333,-13.8354959019178,1.85248942105841,1.85249270056465
2020-02-27 02:30:00,1093.10416666667,-13.9588448362069,1.83266571823711,1.83266900009406
2020-02-27 03:00:00,1093.125,-13.9106528942149,1.840168499269,1.84017178347606
2020-02-27 03:30:00,1093.14583333333,-14.1817643045977,1.79680592778819,1.79680921434474
2020-02-27 04:00:00,1093.16666666667,-14.2070383668493,1.79260532126409,1.79260861016951
2020-02-27 04:30:00,1093.1875,-14.3700346231214,1.76646537055797,1.76646866181165
2020-02-27 05:00:00,1093.20833333333,-14.4630301345205,1.75147648829929,1.7514797819006
2020-02-27 05:30:00,1093.22916666667,-14.6792299195402,1.71686097699767,1.71686427294601
2020-02-27 06:00:00,1093.25,-14.7439424635616,1.70637739125229,1.70638068954704
2020-02-27 06:30:00,1093.27083333333,-15.396235612069,1.6022916951529,1.60229499579345
2020-02-27 07:00:00,1093.29166666667,-15.4494077289256,1.59364630739009,1.59364961037581
2020-02-27 11:00:00,1093.45833333333,-18.7706902135436,1.06315977924795,1.06316310097288
2020-02-27 12:00:00,1093.5,-18.5323591380282,1.10077412629038,1.10077745269392
2020-02-28 00:30:00,1094.02083333333,-24.0652226727273,0.214951809639734,0.214955194316243
2020-02-28 01:30:00,1094.0625,-24.7567699506493,0.104430491336165,0.10443388065766
2020-03-01 17:00:00,1096.70833333333,-29.8122100262082,-0.7244013114037,-0.724397632353249
2020-03-01 18:30:00,1096.77083333333,-29.403170337963,-0.659815001575148,-0.659811315807454
2020-03-01 19:30:00,1096.8125,-28.8031166674074,-0.564609173958731,-0.564605483716183
2020-03-01 20:30:00,1096.85416666667,-29.4863246697588,-0.67382823246826,-0.67382453775351
2020-03-01 21:30:00,1096.89583333333,-28.2620964478664,-0.479191721779009,-0.479188022594706
2020-03-01 22:30:00,1096.9375,-26.7574240575926,-0.239880638861652,-0.23987693521045
2020-03-01 23:30:00,1096.97916666667,-24.7409906710821,0.0809539524600521,0.0809576605754965
2020-03-02 00:30:00,1097.02083333333,-23.8417906835514,0.223812081125915,0.223815793702944
2020-03-02 01:30:00,1097.0625,-23.4243276747646,0.289928781210407,0.289932498246364
2020-03-02 05:30:00,1097.22916666667,-22.476854271215,0.439316317146479,0.439320051991502
2020-03-02 06:30:00,1097.27083333333,-21.8492068026104,0.538913636786923,0.538917376077541
2020-03-02 07:30:00,1097.3125,-21.9175937142857,0.527631799830269,0.527635543563815
2020-03-02 08:30:00,1097.35416666667,-21.5004424011152,0.593696166838169,0.593699915011963
2020-03-02 09:30:00,1097.39583333333,-21.7896022436803,0.547244279972778,0.547248032584145
2020-03-02 10:30:00,1097.4375,-21.5185334739777,0.590036829561015,0.590040586607278
2020-03-02 12:00:00,1097.5,-22.3261709752788,0.460795534265212,0.460799297958793
2020-03-02 13:00:00,1097.54166666667,-21.5032003875696,0.591505484163264,0.591509252285034
2020-03-02 14:00:00,1097.58333333333,-19.9294341437848,0.841817337473782,0.841821110021057
2020-03-02 15:00:00,1097.625,-19.3243265157699,0.937820800148583,0.937824577118676
2020-03-02 18:00:00,1097.75,-15.3047458243043,1.57696874851923,1.57697253874163
2020-03-02 19:30:00,1097.8125,-14.1806849922201,1.75544409496299,1.75544789180244
2020-03-02 20:30:00,1097.85416666667,-14.2870522526119,1.73810700796545,1.7381108092129
2020-03-02 21:30:00,1097.89583333333,-14.669824643097,1.67673800659845,1.6767418122512
2020-03-02 22:30:00,1097.9375,-14.9366604311567,1.63383740942588,1.63384121948122
2020-03-02 23:30:00,1097.97916666667,-14.4657593341418,1.70845844602163,1.70846226047685
2020-03-03 00:30:00,1098.02083333333,-13.7197869097196,1.82689816262472,1.82690198147713
2020-03-03 01:30:00,1098.0625,-12.3122835893657,2.05071984487188,2.05072366811876
2020-03-03 02:30:00,1098.10416666667,-12.0009308357009,2.09992357990913,2.09992740754777
2020-03-03 03:30:00,1098.14583333333,-11.8048171360075,2.13076927288636,2.13077310491405
2020-03-03 07:00:00,1098.29166666667,-12.5307476829314,2.01374128259006,2.013745129958
2020-03-03 08:00:00,1098.33333333333,-12.6010260137546,2.00214883439956,2.00215268614432
2020-03-03 09:00:00,1098.375,-12.606792219666,2.00083283651456,2.00083669263341
2020-03-03 10:00:00,1098.41666666667,-13.1507383883117,1.91378400888563,1.91378786937583
2020-03-03 11:00:00,1098.45833333333,-13.3117736541744,1.88773278481649,1.88773664967533
2020-03-03 12:00:00,1098.5,-13.388836745269,1.87505801151315,1.87506188073788
2020-03-03 13:00:00,1098.54166666667,-12.2599888883333,2.05448533751186,2.05448921109975
2020-03-03 14:00:00,1098.58333333333,-12.9775222201852,1.93978244441657,1.9397863223649
2020-03-03 15:00:00,1098.625,-14.489951837963,1.69845162886183,1.69845551116785
2020-03-03 16:00:00,1098.66666666667,-15.8763692057514,1.47719427891645,1.47719816557743
2020-03-03 17:00:00,1098.70833333333,-15.6768092468519,1.50858387481262,1.50858776582582
2020-03-03 18:00:00,1098.75,-16.0326567801484,1.45149628484742,1.45150018021009
2020-03-03 19:30:00,1098.8125,-15.6629740085343,1.50978507559259,1.50978897747431
2020-03-03 20:30:00,1098.85416666667,-15.8362133439703,1.48178616430627,1.4817900705306
2020-03-03 21:30:00,1098.89583333333,-15.5989090938776,1.51918676484072,1.5191906754049
2020-03-03 22:30:00,1098.9375,-15.0453450925789,1.606967395218,1.60697131011929
2020-03-03 23:30:00,1098.97916666667,-15.9870575107607,1.45654904910812,1.45655296834375
2020-03-04 00:30:00,1099.02083333333,-15.9797105923933,1.45731615940556,1.45732008297278
2020-03-04 01:30:00,1099.0625,-15.3208923983302,1.56186273556292,1.56186666345898
2020-03-04 02:30:00,1099.10416666667,-14.2811280115028,1.72709393875562,1.72709787097775
2020-03-04 03:30:00,1099.14583333333,-13.0232727330241,1.92706680334511,1.92707073989055
2020-03-04 04:30:00,1099.1875,-13.0021279972171,1.93003042143196,1.93003436229795
2020-03-04 08:30:00,1099.35416666667,-18.8791131241187,0.992199748488948,0.992203706609447
2020-03-04 09:30:00,1099.39583333333,-18.6712820131725,1.02490077622783,1.02490473865502
2020-03-04 10:30:00,1099.4375,-19.0059016638219,0.971188637963859,0.971192604694975
2020-03-04 11:30:00,1099.47916666667,-20.5489072782931,0.724979380305594,0.724983351337851
2020-03-04 12:30:00,1099.52083333333,-20.9564100521336,0.659656164982944,0.659660140313563
2020-03-04 13:30:00,1099.5625,-21.6881095029685,0.542687815927944,0.542691795554143
2020-03-04 14:30:00,1099.60416666667,-22.1435351612963,0.46972970824501,0.469733692164003
2020-03-04 15:30:00,1099.64583333333,-22.563855522037,0.402363528560842,0.402367516769844
2020-03-04 16:30:00,1099.6875,-22.8449573751852,0.357174585839395,0.357178578335617
2020-03-04 17:30:00,1099.72916666667,-23.8592962827778,0.195180085790528,0.19518408257118
2020-03-04 19:00:00,1099.79166666667,-24.493306119295,0.0935667905793782,0.0935707937814403
2020-03-04 20:00:00,1099.83333333333,-24.7754378280148,0.0482124950387453,0.0482165025182519
2020-03-04 21:00:00,1099.875,-25.0537476825603,0.00346665376068744,0.00347066551484365
2020-03-04 22:00:00,1099.91666666667,-24.7137087070501,0.0572238533623151,0.0572278693883197
2020-03-04 23:00:00,1099.95833333333,-23.5448348677298,0.243014669647465,0.243018689942519
2020-03-05,1100,-23.203777361039,0.296933383370925,0.296937407932225
2020-03-05 01:00:00,1100.04166666667,-22.8274712467532,0.356466856478516,0.356470885303254
2020-03-05 02:00:00,1100.08333333333,-22.2929703200371,0.441200507470791,0.441204540556164
2020-03-05 03:00:00,1100.125,-22.766910993692,0.365288322307278,0.365292359650476
2020-03-05 10:00:00,1100.41666666667,-25.0892337775096,-0.00756133908095091,-0.00755727201180312
2020-03-05 11:00:00,1100.45833333333,-24.6478775716141,0.0623309818147192,0.0623350531191488
2020-03-05 12:00:00,1100.5,-24.5237730050657,0.0816845231912308,0.0816885987281154
2020-03-05 13:00:00,1100.54166666667,-24.946200348423,0.0139747743155972,0.0139788540821062
2020-03-05 14:00:00,1100.58333333333,-25.407421177551,-0.0599151707976702,-0.0599110868043656
2020-03-05 15:00:00,1100.625,-26.2948219302412,-0.201696248306107,-0.201692160088839
2020-03-05 16:00:00,1100.66666666667,-27.0876741001852,-0.328416034821727,-0.328411942383333
2020-03-05 17:30:00,1100.72916666667,-27.8035345490566,-0.44308060519635,-0.443076506431581
2020-03-05 18:00:00,1100.75,-27.5817973072,-0.407967049884599,-0.407962949012459
2020-03-05 19:00:00,1100.79166666667,-27.6746918050314,-0.423184175161006,-0.423180070076255
2020-03-05 19:30:00,1100.8125,-27.1843341798408,-0.345279474614973,-0.345275367424979
2020-03-05 20:00:00,1100.83333333333,-27.5098050245283,-0.397336923531283,-0.397332814236762
2020-03-05 20:30:00,1100.85416666667,-26.6023846681698,-0.252994014264616,-0.252989902866275
2020-03-05 21:00:00,1100.875,-27.1599685515723,-0.342027418457831,-0.342023304956382
2020-03-05 21:30:00,1100.89583333333,-26.9450503395225,-0.308000777935034,-0.307996662331192
2020-03-05 22:00:00,1100.91666666667,-26.657949745283,-0.26247552344917,-0.262471405743643
2020-03-05 22:30:00,1100.9375,-23.2045384923077,0.287445190582677,0.287449310389177
2020-03-05 23:00:00,1100.95833333333,-25.1081132220126,-0.0160058816427794,-0.0160017597360207
2020-03-05 23:30:00,1100.97916666667,-22.7735809106101,0.355676435362229,0.355680559368535
2020-03-06,1101,-24.191169818239,0.129643069869225,0.129647195974365
2020-03-06 00:30:00,1101.02083333333,-23.5244032180371,0.235648935312352,0.235653063515612
2020-03-06 01:00:00,1101.04166666667,-22.7737043283019,0.355025183516722,0.35502931381739
2020-03-06 01:30:00,1101.0625,-21.6454801013263,0.534541396814345,0.534545529211711
2020-03-06 02:00:00,1101.08333333333,-23.483440254717,0.241542227761352,0.241546362254697
2020-03-06 02:30:00,1101.10416666667,-22.2092758270557,0.444306637573003,0.444310774161615
2020-03-06 03:00:00,1101.125,-22.8989685704402,0.334227105808224,0.334231244491388
2020-03-06 03:30:00,1101.14583333333,-22.0762970724138,0.46506818764895,0.465072328425951
2020-03-06 04:00:00,1101.16666666667,-23.270672981761,0.274592085309848,0.274596228179973
2020-03-06 04:30:00,1101.1875,-22.7558620700265,0.356390574223794,0.35639471918633
2020-03-06 05:00:00,1101.20833333333,-24.0875345880503,0.14404284253332,0.144046989587547
2020-03-06 05:30:00,1101.22916666667,-22.8837241519894,0.335599266618739,0.335603415763944
2020-03-06 06:00:00,1101.25,-23.7646288735849,0.195058985656465,0.195063136891933
2020-03-06 06:30:00,1101.27083333333,-23.7157612668435,0.202632010382142,0.202636163707154
2020-03-06 07:00:00,1101.29166666667,-24.079308190566,0.144507015072645,0.144511170486488
2020-03-06 07:30:00,1101.3125,-23.001153869496,0.316045967727462,0.316050125229419
2020-03-06 11:30:00,1101.47916666667,-23.6666604781076,0.20833262223432,0.208336796415368
2020-03-06 12:30:00,1101.52083333333,-23.6695899597403,0.207440632942964,0.207444811286602
2020-03-06 13:30:00,1101.5625,-24.9408292925789,0.00450561684710393,0.00450979935045848
2020-03-06 14:30:00,1101.60416666667,-24.3980055423006,0.0905517853042324,0.0905559719644253
2020-03-06 15:30:00,1101.64583333333,-26.0480667625232,-0.172730549822897,-0.172726359008747
2020-03-06 16:30:00,1101.6875,-23.6054322795918,0.215956104750718,0.215960299715943
2020-03-06 17:30:00,1101.72916666667,-23.6000740883333,0.216382544069654,0.216386743183073
2020-03-06 19:00:00,1101.79166666667,-24.1827551263451,0.122919676704321,0.122923882034615
2020-03-06 20:00:00,1101.83333333333,-25.3111039333952,-0.0572551187188195,-0.0572509092475508
2020-03-06 21:00:00,1101.875,-24.378306109833,0.0909118575188582,0.0909160711282112
2020-03-06 22:00:00,1101.91666666667,-18.5645417230056,1.01661993598661,1.01662415373116
2020-03-06 23:00:00,1101.95833333333,-17.2670337136704,1.22288478707051,1.22288900894735
2020-03-07,1102,-16.9222322460674,1.27738244638355,1.27738667238979
2020-03-07 01:00:00,1102.04166666667,-16.8631891724719,1.28635823068783,1.28636246082058
2020-03-07 02:00:00,1102.08333333333,-18.4478014818352,1.03349817949389,1.03350241375024
2020-03-07 03:00:00,1102.125,-19.9565637048689,0.792720743059577,0.792724981436626
2020-03-07 04:00:00,1102.16666666667,-21.8595037350187,0.489150142292015,0.48915438478686
2020-03-07 05:00:00,1102.20833333333,-22.1789793979401,0.437826189032633,0.43783043564237
2020-03-07 06:00:00,1102.25,-23.4791236162921,0.230280676561924,0.230284927283645
2020-03-07 07:00:00,1102.29166666667,-26.0921235780899,-0.186404051334689,-0.186399796503895
2020-03-07 08:00:00,1102.33333333333,-26.1988538962547,-0.203838591080104,-0.203834332143146
2020-03-07 09:00:00,1102.375,-25.5158539419476,-0.0954688909388844,-0.0954646278986757
2020-03-07 13:00:00,1102.54166666667,-27.7124805628942,-0.447127368284172,-0.447123088860134
2020-03-07 14:00:00,1102.58333333333,-28.5895613330855,-0.587281423423006,-0.587277139910312
2020-03-07 15:00:00,1102.625,-28.5667495187384,-0.584082302306105,-0.584078014707679
2020-03-07 16:00:00,1102.66666666667,-28.7834934858998,-0.619044943685617,-0.619040652004387
2020-03-07 17:00:00,1102.70833333333,-28.7020834638219,-0.606511796604285,-0.60650750084318
2020-03-07 18:30:00,1102.77083333333,-29.3423283851577,-0.709157226822846,-0.70915292494742
2020-03-07 19:30:00,1102.8125,-29.6296586198516,-0.755365552898252,-0.755361246950277
2020-03-07 20:30:00,1102.85416666667,-29.3548085557621,-0.712018509943806,-0.71201419992622
2020-03-07 21:30:00,1102.89583333333,-28.6926845944341,-0.606978812491943,-0.606974498407679
2020-03-07 22:30:00,1102.9375,-28.4503989384045,-0.568820010955094,-0.568815692807092
2020-03-07 23:30:00,1102.97916666667,-30.2958839262172,-0.863244918563962,-0.863240596355163
2020-03-08 00:30:00,1103.02083333333,-31.2182041303371,-1.01060936983624,-1.01060504356958
2020-03-08 01:30:00,1103.0625,-30.2332045033771,-0.854136762209299,-0.854132431887732
2020-03-08 02:30:00,1103.10416666667,-31.1807917461538,-1.00552697694295,-1.00552264256942
2020-03-08 03:30:00,1103.14583333333,-27.1685955256554,-0.366820494390765,-0.366816155968215
2020-03-08 04:30:00,1103.1875,-28.011838971161,-0.501589372900995,-0.501585030432376
2020-03-08 05:30:00,1103.22916666667,-25.8850823863296,-0.163235476465665,-0.163231129953931
2020-03-08 06:30:00,1103.27083333333,-24.9999026039326,-0.0226660039643028,-0.0226616534124051
2020-03-08 07:30:00,1103.3125,-25.4127939973783,-0.0888805492267919,-0.0888761946376853
2020-03-08 08:30:00,1103.35416666667,-25.0689138810861,-0.0345412037983523,-0.034536845174996
2020-03-08 09:30:00,1103.39583333333,-24.530608614794,0.0507698555812315,0.0507742182358808
2020-03-08 10:30:00,1103.4375,-24.5075168604869,0.0540066831674234,0.0540110498504051
2020-03-08 14:00:00,1103.58333333333,-23.7332390383648,0.175800962637363,0.17580534339616
2020-03-08 14:30:00,1103.60416666667,-23.9003342236842,0.148960982573004,0.148965365339667
2020-03-08 15:00:00,1103.625,-23.6632578761006,0.186505729020508,0.186510113794292
2020-03-08 15:30:00,1103.64583333333,-23.5097815705263,0.210732841557152,0.210737228337315
2020-03-08 16:00:00,1103.66666666667,-22.977528254088,0.295299315154362,0.295303703940162
2020-03-08 16:30:00,1103.6875,-22.95836053,0.298130799812626,0.298135190603316
2020-03-08 17:30:00,1103.72916666667,-22.4683431715976,0.375746758058491,0.375751152856738
2020-03-08 18:00:00,1103.75,-22.3068406,0.401252023549054,0.401256420349961
2020-03-08 18:30:00,1103.77083333333,-22.2032248183432,0.41753579472897,0.417540193531797
2020-03-08 19:00:00,1103.79166666667,-22.0125675778378,0.447685245226352,0.447689646030351
2020-03-08 19:30:00,1103.8125,-21.9443432142012,0.45833096369706,0.458335366501488
2020-03-08 20:00:00,1103.83333333333,-21.7447324094595,0.489906548905211,0.489910953709324
2020-03-08 20:30:00,1103.85416666667,-20.8142307349112,0.637913484784681,0.637917891587733
2020-03-08 21:00:00,1103.875,-20.2179892543243,0.732672445735785,0.73267685453703
2020-03-08 21:30:00,1103.89583333333,-20.0616951060976,0.75734739511477,0.757351805913466
2020-03-08 22:00:00,1103.91666666667,-19.951899997027,0.774614927220558,0.774619340015956
2020-03-08 22:30:00,1103.9375,-19.6109634268293,0.828703372182225,0.82870778697358
2020-03-08 23:00:00,1103.95833333333,-19.5183486156757,0.84323389642472,0.843238313211286
2020-03-08 23:30:00,1103.97916666667,-19.5117621310976,0.844059959745727,0.844064378526758
2020-03-09,1104,-19.4470064799353,0.854152325879569,0.854156746654316
2020-03-09 00:30:00,1104.02083333333,-19.6889206817073,0.815391878327065,0.815396301094786
2020-03-09 01:00:00,1104.04166666667,-19.6204215997297,0.82608040176575,0.826084826525693
2020-03-09 01:30:00,1104.0625,-19.5360792829268,0.839292676927312,0.839297103678732
2020-03-09 02:00:00,1104.08333333333,-19.484219504336,0.847330373661305,0.847334802403456
2020-03-09 02:30:00,1104.10416666667,-19.6030853176829,0.828171274747676,0.828175705479809
2020-03-09 03:00:00,1104.125,-19.5774216278378,0.8320357421545,0.832040174875864
2020-03-09 03:30:00,1104.14583333333,-19.771225602439,0.800938766988778,0.800943201698631
2020-03-09 04:00:00,1104.16666666667,-19.6427459240541,0.821181721288301,0.821186157985889
2020-03-09 04:30:00,1104.1875,-19.1389816798781,0.901207688366789,0.901212127051365
2020-03-09 05:00:00,1104.20833333333,-19.0170894476965,0.920401084338276,0.920405525009093
2020-03-09 05:30:00,1104.22916666667,-18.0647926926829,1.07187842753702,1.07188287019333
2020-03-09 06:00:00,1104.25,-17.8603675802703,1.10421919698279,1.10422364162384
2020-03-09 06:30:00,1104.27083333333,-17.4037377835366,1.17673626624984,1.17674071287488
2020-03-09 07:00:00,1104.29166666667,-17.3057621775676,1.19211938003843,1.19212382864671
2020-03-09 07:30:00,1104.3125,-17.4678354121951,1.16607644112382,1.16608089171459
2020-03-09 08:00:00,1104.33333333333,-17.417981057027,1.17379363217636,1.17379808474888
2020-03-09 08:30:00,1104.35416666667,-17.5158415085366,1.15797966246173,1.15798411701524
2020-03-09 09:00:00,1104.375,-17.5071405240541,1.15914091917503,1.15914537570878
2020-03-09 09:30:00,1104.39583333333,-17.960378020122,1.08671495938279,1.08671941789603
2020-03-09 10:00:00,1104.41666666667,-17.9954351432432,1.08090534541963,1.08090980591161
2020-03-09 10:30:00,1104.4375,-17.7236219310976,1.12398030876854,1.12398477123851
2020-03-09 11:00:00,1104.45833333333,-17.5528378610811,1.15096117121917,1.15096563566638
2020-03-09 11:30:00,1104.47916666667,-17.6204784723926,1.13996072522142,1.13996519164511
2020-03-09 12:00:00,1104.5,-17.5292621505405,1.15426621589506,1.15427068429448
2020-03-09 16:00:00,1104.66666666667,-18.2241448241379,1.04176512933531,1.04176961351348
2020-03-09 18:30:00,1104.77083333333,-17.1399721988868,1.21334319342966,1.21334768744506
2020-03-09 20:00:00,1104.83333333333,-17.5252018612963,1.15129595599413,1.15130045590281
2020-03-09 21:00:00,1104.875,-17.0016957589981,1.2342371718117,1.23424167564545
2020-03-09 22:00:00,1104.91666666667,-16.5408018501852,1.30720387745504,1.30720838521084
2020-03-09 23:00:00,1104.95833333333,-16.0417592422222,1.38624735535873,1.38625186703354
2020-03-10,1105,-16.0390286507157,1.38622763182727,1.38623214741807
2020-03-10 01:00:00,1105.04166666667,-15.2392481548148,1.51317818533768,1.51318270484144
2020-03-10 02:00:00,1105.08333333333,-15.0075647944444,1.54963011711237,1.54963464052607
2020-03-10 03:00:00,1105.125,-14.8703629668519,1.57103073135474,1.57103525867533
2020-03-10 04:00:00,1105.16666666667,-14.5903981587037,1.61517324881034,1.61517778003479
2020-03-10 05:00:00,1105.20833333333,-14.4137999933333,1.64284904482872,1.64285357995399
2020-03-10 06:00:00,1105.25,-14.4117532441558,1.64271833436923,1.64272287339229
2020-03-10 07:00:00,1105.29166666667,-14.3151150183673,1.65765577282255,1.65766031574035
2020-03-10 08:00:00,1105.33333333333,-14.1260740812963,1.68731268854209,1.68731723535159
2020-03-10 09:00:00,1105.375,-14.0462907403704,1.69956445068012,1.69956900137827
2020-03-10 10:00:00,1105.41666666667,-14.102655517037,1.69012738018846,1.69013193477223
2020-03-10 11:00:00,1105.45833333333,-14.2589925814471,1.66476431284866,1.66476887131499
2020-03-10 12:00:00,1105.5,-14.2714926159259,1.66231424743038,1.66231880977622
2020-03-10 13:00:00,1105.54166666667,-14.316362962037,1.65470722873785,1.65471179496014
2020-03-10 17:00:00,1105.70833333333,-17.0522959544218,1.217031195671,1.21703577736858
2020-03-10 17:30:00,1105.72916666667,-17.4985877832653,1.14570621345928,1.14571079708783
2020-03-10 18:00:00,1105.75,-19.3996666259259,0.842632535787261,0.842637121346017
2020-03-10 19:30:00,1105.8125,-19.0497143198516,0.897688302711376,0.897692894056153
2020-03-10 21:00:00,1105.875,-17.2004272203358,1.19158841378244,1.19159301090635
2020-03-10 22:00:00,1105.91666666667,-15.972509345709,1.38673442332491,1.38673902429773
2020-03-10 23:00:00,1105.95833333333,-13.7948563363806,1.73317358138027,1.73317818619894
2020-03-11 00:30:00,1106.02083333333,-12.9745242604478,1.86315865191917,1.86316326250085
2020-03-11 01:30:00,1106.0625,-12.2393376873134,1.97981103407844,1.97981564849829
2020-03-11 02:30:00,1106.10416666667,-11.8361585876866,2.04357405214443,2.04357867039937
2020-03-11 05:30:00,1106.22916666667,-18.3882313276119,0.998431065155179,0.998435694896935
2020-03-11 07:30:00,1106.3125,-18.9210503994403,0.91262218419697,0.912626821581192
2020-03-11 11:30:00,1106.47916666667,-19.0500298731343,0.890210801127465,0.890215453759585
2020-03-11 18:30:00,1106.77083333333,-20.47505141491,0.659927498123384,0.659932177320207
2020-03-11 19:00:00,1106.79166666667,-20.4178145423841,0.668810723669476,0.668815404757965
2020-03-11 19:30:00,1106.8125,-20.4113547107969,0.669605047277608,0.669609730256983
2020-03-11 20:00:00,1106.83333333333,-20.5274933973333,0.650869256337752,0.65087394120724
2020-03-11 20:30:00,1106.85416666667,-20.7413942935567,0.616559792562246,0.61656447932107
2020-03-11 21:00:00,1106.875,-20.5570939885906,0.645683981755455,0.645688670402839
2020-03-11 21:30:00,1106.89583333333,-20.4578174514139,0.661263741070605,0.661268431605771
2020-03-11 22:00:00,1106.91666666667,-19.631596018543,0.792646258873515,0.792650951295686
2020-03-11 22:30:00,1106.9375,-18.5761542730077,0.960543653437646,0.960548347746042
2020-03-11 23:00:00,1106.95833333333,-18.4482867111888,0.980677734860063,0.980682431053908
2020-03-12,1107,-20.2965438100251,0.685778184787347,0.685782884749757
2020-03-12 00:30:00,1107.02083333333,-19.71651426,0.777941745773209,0.777946447618734
2020-03-12 01:00:00,1107.04166666667,-20.5101958926209,0.651272050993539,0.6512767547214
2020-03-12 01:30:00,1107.0625,-20.0417929035714,0.725653255678322,0.725657961287739
2020-03-12 02:00:00,1107.08333333333,-19.211577637659,0.857671331984199,0.857676039474394
2020-03-12 02:30:00,1107.10416666667,-18.7885643,0.924821767519315,0.924826476889511
2020-03-12 03:00:00,1107.125,-18.8966115378446,0.907373791296116,0.907378502545529
2020-03-12 03:30:00,1107.14583333333,-18.3274572142857,0.997804425193083,0.997809138320938
2020-03-12 04:00:00,1107.16666666667,-19.2948678624352,0.843459078530911,0.843463793536427
2020-03-12 04:30:00,1107.1875,-19.0843897272059,0.876752174307378,0.876756891189772
2020-03-12 05:00:00,1107.20833333333,-19.1839598779449,0.860654274107588,0.860658992866082
2020-03-12 05:30:00,1107.22916666667,-19.0478857042857,0.882094600751823,0.882099321385637
2020-03-12 06:00:00,1107.25,-19.6968597184416,0.778476107675456,0.778480830183807
2020-03-12 06:30:00,1107.27083333333,-19.6522353367647,0.785348252342896,0.785352976725006
2020-03-12 07:00:00,1107.29166666667,-19.4462270596939,0.817928884537474,0.817933610792562
2020-03-12 07:30:00,1107.3125,-19.4320977481203,0.819942978103662,0.819947706230943
2020-03-12 08:00:00,1107.33333333333,-19.8232239627604,0.757399494468098,0.757404224466793
2020-03-12 08:30:00,1107.35416666667,-19.6537902862903,0.784153519824368,0.784158251693694
2020-03-12 09:00:00,1107.375,-20.6961883858726,0.617861795051021,0.617866528790195
2020-03-12 09:30:00,1107.39583333333,-20.6339778779412,0.627534928637252,0.627539664245497
2020-03-12 10:00:00,1107.41666666667,-20.9999347402174,0.569000612021832,0.569005349498363
2020-03-12 12:30:00,1107.52083333333,-19.8609072371058,0.749261641298956,0.74926638810517
2020-03-12 13:30:00,1107.5625,-19.3904869442379,0.823724609735617,0.823729360268219
2020-03-12 14:30:00,1107.60416666667,-18.9621354756957,0.891485656752462,0.891490411008318
2020-03-12 15:30:00,1107.64583333333,-18.5548089024119,0.955897095532038,0.95590185350801
2020-03-12 22:00:00,1107.91666666667,-17.3530166753247,1.1442416523999,1.14424643448002
2020-03-12 23:30:00,1107.97916666667,-15.4412944546296,1.44806261160532,1.44806739922905
2020-03-13 00:30:00,1108.02083333333,-14.934825922963,1.52826449962137,1.5282692909369
2020-03-13 01:30:00,1108.0625,-14.8735611066667,1.53754479268034,1.53754958768452
2020-03-13 02:30:00,1108.10416666667,-14.3985435840445,1.61273586282499,1.61274066151466
2020-03-13 03:30:00,1108.14583333333,-13.8256647918519,1.70351597868614,1.70352078105814
2020-03-13 04:30:00,1108.1875,-13.2837851872222,1.7893575776031,1.78936238365427
2020-03-13 05:30:00,1108.22916666667,-13.8948055511111,1.69154106369174,1.69154587341892
2020-03-13 06:30:00,1108.27083333333,-13.579429627963,1.74129981659912,1.74130462999915
2020-03-13 07:30:00,1108.3125,-14.176498157963,1.64570519260197,1.64571000967168
2020-03-13 08:30:00,1108.35416666667,-14.6314240803704,1.57275366434387,1.5727584850801
2020-03-13 09:30:00,1108.39583333333,-14.0758277642593,1.66077872783295,1.66078355223253
2020-03-13 10:30:00,1108.4375,-13.0841261560297,1.81827535326921,1.81828018132897
2020-03-13 17:00:00,1108.70833333333,-11.0243209706865,2.14326197037375,2.14326682214733
2020-03-13 18:00:00,1108.75,-11.3981020404453,2.08323381680441,2.08323867221434
2020-03-13 22:00:00,1108.91666666667,-15.5918542157009,1.41322464639966,1.41322951632319
2020-03-13 23:30:00,1108.97916666667,-17.305273247026,1.13954640644877,1.13955128180175
2020-03-14 00:30:00,1109.02083333333,-16.9429257810761,1.19678197503423,1.19678685400285
2020-03-14 01:30:00,1109.0625,-19.1224340938776,0.849097782614425,0.849102665195492
2020-03-14 02:30:00,1109.10416666667,-19.2356840291822,0.830569707544429,0.830574593734753
2020-03-14 03:30:00,1109.14583333333,-18.9503747762523,0.875532077466226,0.875536967262605
2020-03-14 04:30:00,1109.1875,-19.6846586534323,0.758072214888337,0.758077108287573
2020-03-14 05:30:00,1109.22916666667,-19.9041521254174,0.722618513724322,0.722623410723219
2020-03-14 06:30:00,1109.27083333333,-20.6152248972119,0.608855561053155,0.608860461648507
2020-03-14 07:30:00,1109.3125,-21.6204805341373,0.4482287502314,0.448233654420005
2020-03-14 08:30:00,1109.35416666667,-21.3117273068646,0.496924173225406,0.496929081004064
2020-03-14 09:30:00,1109.39583333333,-22.5656845749536,0.296678380569076,0.296683291934575
2020-03-14 10:30:00,1109.4375,-23.937634506308,0.077635955579331,0.0776408705284634
2020-03-14 11:30:00,1109.47916666667,-24.0611168710575,0.0574749896149324,0.0574799081444936
2020-03-14 12:30:00,1109.52083333333,-23.7661204468182,0.10397767753275,0.103982599639524
2020-03-14 13:30:00,1109.5625,-23.7283414595149,0.109505127933464,0.109510053614239
2020-03-14 14:30:00,1109.60416666667,-23.4317698890538,0.156258106016745,0.156263035268308
2020-03-14 15:30:00,1109.64583333333,-23.2301502821892,0.18788485294622,0.187889785765356
2020-03-14 16:30:00,1109.6875,-23.5608793755102,0.134707756265976,0.134712692649465
2020-03-14 17:30:00,1109.72916666667,-23.5369281186408,0.138031177834887,0.138036117779513
2020-03-14 18:30:00,1109.77083333333,-24.7011428469388,-0.0479214058542375,-0.0479164623516961
2020-03-14 19:30:00,1109.8125,-24.5076270730983,-0.0175868647923187,-0.017581917735086
2020-03-14 23:30:00,1109.97916666667,-23.7518404888683,0.100836698319931,0.100841659563685
2020-03-15 00:30:00,1110.02083333333,-23.378673487013,0.159788239724639,0.159793204506952
2020-03-15 01:30:00,1110.0625,-23.0764749692022,0.20743413793329,0.20743910625093
2020-03-15 02:30:00,1110.10416666667,-22.8209350714286,0.247646971907931,0.247651943757666
2020-03-15 03:30:00,1110.14583333333,-22.4695677217069,0.303124874991842,0.303129850370438
2020-03-15 04:30:00,1110.1875,-22.8759090434137,0.23789893303747,0.237903911941688
2020-03-15 05:30:00,1110.22916666667,-21.8836592611111,0.395469241444449,0.395474223871054
2020-03-15 06:30:00,1110.27083333333,-21.9744203611111,0.380514830664177,0.38051981660993
2020-03-15 07:30:00,1110.3125,-21.344094427963,0.480429788112743,0.4804347775744
2020-03-15 08:30:00,1110.35416666667,-22.3329500001852,0.322407663473998,0.322412656448319
2020-03-15 09:30:00,1110.39583333333,-23.3365389055556,0.162038197396001,0.162043193879743
2020-03-15 10:30:00,1110.4375,-22.8074527813305,0.245824648115583,0.245829648105497
2020-03-15 11:30:00,1110.47916666667,-23.9219018425926,0.0677944588661753,0.0677994623590176
2020-03-15 12:30:00,1110.52083333333,-24.7574500211111,-0.0658069306314348,-0.0658019236389131
2020-03-15 13:30:00,1110.5625,-25.0525999866667,-0.113322808548919,-0.11331779805997
2020-03-15 14:30:00,1110.60416666667,-26.0422426061111,-0.271472172188484,-0.271467158206358
2020-03-15 15:30:00,1110.64583333333,-26.133192625,-0.286459471751739,-0.286454454279688
2020-03-15 16:30:00,1110.6875,-25.660037037037,-0.211584654179986,-0.211579633221267
2020-03-15 17:30:00,1110.72916666667,-25.3752240733333,-0.166713260142053,-0.166708235699921
2020-03-15 18:30:00,1110.77083333333,-25.5531888837037,-0.19556300486206,-0.195557976939773
2020-03-15 19:30:00,1110.8125,-26.4412370164815,-0.337529838660952,-0.337524807261771
2020-03-15 20:30:00,1110.85416666667,-26.7005573842593,-0.379340198327438,-0.379335163454621
2020-03-15 21:30:00,1110.89583333333,-28.4746271325048,-0.662451524633069,-0.662446486289878
2020-03-16 01:00:00,1111.04166666667,-23.3929349479554,0.145310634286388,0.14531568475017
2020-03-16 02:00:00,1111.08333333333,-23.4975844660482,0.128137761386557,0.128142815306011
2020-03-16 03:00:00,1111.125,-24.05763636141,0.0384186578932303,0.0384237152650841
2020-03-16 04:00:00,1111.16666666667,-23.6728772977695,0.0992083091417011,0.0992133699626883
2020-03-16 05:00:00,1111.20833333333,-24.0185530729981,0.0436388626375694,0.0436439269044113
2020-03-16 06:00:00,1111.25,-23.5930129159555,0.110924359579386,0.110929427288807
2020-03-16 07:00:00,1111.29166666667,-24.1998277925926,0.0137546564952497,0.0137597276439788
2020-03-16 08:00:00,1111.33333333333,-24.3431573512963,-0.00958180939872055,-0.00957673481396726
2020-03-16 09:00:00,1111.375,-24.2975899519481,-0.00282715979760939,-0.00282208178011145
2020-03-16 10:00:00,1111.41666666667,-24.0396703716667,0.0377550393235094,0.0377601207704757
2020-03-16 11:00:00,1111.45833333333,-25.260516687037,-0.157231529870412,-0.157226444997265
2020-03-16 12:00:00,1111.5,-25.0677721903704,-0.127032376672172,-0.127027288376129
2020-03-16 13:00:00,1111.54166666667,-25.2719203735185,-0.160058814868493,-0.160053723152837
2020-03-16 14:00:00,1111.58333333333,-25.9879925445269,-0.274635413774651,-0.274630318642669
2020-03-16 15:00:00,1111.625,-25.6010964666048,-0.213508685788822,-0.213503587243806
2020-03-16 16:00:00,1111.66666666667,-24.4944888948148,-0.0377317056129913,-0.0377266036582284
2020-03-16 17:00:00,1111.70833333333,-23.4155018422222,0.133645003278531,0.133650108639749
2020-03-16 18:00:00,1111.75,-22.1550870498148,0.333922978194505,0.333928086958882
2020-03-16 19:00:00,1111.79166666667,-21.1351111494444,0.4958985634698,0.495903675634044
2020-03-16 20:00:00,1111.83333333333,-20.9865555614815,0.519055968192417,0.519061083753231
2020-03-16 21:00:00,1111.875,-20.5521222353704,0.587753599095425,0.58775871804951
2020-03-16 22:30:00,1111.9375,-19.7301632307978,0.717929828006788,0.717934952044596
2020-03-17 02:00:00,1112.08333333333,-16.9737015822581,1.15525450647373,1.15525964234466
2020-03-17 02:30:00,1112.10416666667,-16.5596482346988,1.22095868128308,1.22096381884115
2020-03-17 03:00:00,1112.125,-16.354629008871,1.25336349609649,1.25336863534088
2020-03-17 03:30:00,1112.14583333333,-16.1362584120773,1.2878951188527,1.28790025978257
2020-03-17 04:00:00,1112.16666666667,-16.0605483120968,1.29970074755912,1.29970589017365
2020-03-17 04:30:00,1112.1875,-15.9352125603865,1.31941170312147,1.31941684741984
2020-03-17 05:00:00,1112.20833333333,-15.8400242580645,1.33432007355746,1.33432521953883
2020-03-17 05:30:00,1112.22916666667,-15.7144492789855,1.35406898845313,1.35407413611667
2020-03-17 06:00:00,1112.25,-15.4944274185484,1.38886328421243,1.38886843355733
2020-03-17 06:30:00,1112.27083333333,-15.3912409686747,1.40504554078004,1.40505069180546
2020-03-17 07:00:00,1112.29166666667,-15.1778064427419,1.43879031988425,1.43879547258936
2020-03-17 07:30:00,1112.3125,-15.0926546559278,1.45209949224303,1.452104646627
2020-03-17 08:00:00,1112.33333333333,-14.6429112782258,1.52348829087318,1.52349344693519
2020-03-17 08:30:00,1112.35416666667,-14.3385205096386,1.5717222403346,1.57172739807382
2020-03-17 09:00:00,1112.375,-14.0061048322581,1.62442050316063,1.62442566257622
2020-03-17 09:30:00,1112.39583333333,-13.9508245427885,1.6329708260477,1.63297598713885
2020-03-17 10:00:00,1112.41666666667,-14.1785725927419,1.59643445764153,1.59643962040739
2020-03-17 10:30:00,1112.4375,-14.2190985341346,1.58972263038555,1.5897277948253
2020-03-17 11:00:00,1112.45833333333,-14.0332257991935,1.61907619955484,1.61908136566766
2020-03-17 11:30:00,1112.47916666667,-14.0929204987952,1.60931062644676,1.6093157942318
2020-03-17 12:00:00,1112.5,-14.2670322080645,1.58131826749853,1.58132343695498
2020-03-17 12:30:00,1112.52083333333,-14.3446514466346,1.5686971536839,1.56870232481092
2020-03-17 13:00:00,1112.54166666667,-14.6358790346774,1.52204800278043,1.52205317557718
2020-03-17 13:30:00,1112.5625,-14.6202428072115,1.52428240263841,1.52428757710407
2020-03-17 14:00:00,1112.58333333333,-14.7709435201613,1.50001913471683,1.50002431085057
2020-03-17 14:30:00,1112.60416666667,-14.7287475860577,1.50648436624509,1.50648954404607
2020-03-17 15:00:00,1112.625,-14.5055122138211,1.54178923540183,1.54179441486923
2020-03-17 15:30:00,1112.64583333333,-14.3977132522892,1.55870492763477,1.55871010876776
2020-03-17 16:00:00,1112.66666666667,-14.4904354709677,1.5436773783919,1.54368256118964
2020-03-17 16:30:00,1112.6875,-14.3873966384615,1.55983463035561,1.55983981481727
2020-03-17 17:00:00,1112.70833333333,-14.3571370806452,1.56439801774475,1.56440320386949
2020-03-17 17:30:00,1112.72916666667,-14.2619158540865,1.57930977131233,1.57931495909933
2020-03-17 18:00:00,1112.75,-14.5582419056452,1.53184768962971,1.53185287907814
2020-03-17 18:30:00,1112.77083333333,-14.4463942314904,1.54940790013054,1.54941309123956
2020-03-17 19:00:00,1112.79166666667,-14.4552984008065,1.54773218169994,1.54773737446871
2020-03-17 19:30:00,1112.8125,-14.3480889620192,1.56455337007371,1.56455856450142
2020-03-17 20:00:00,1112.83333333333,-14.0679193564516,1.60892716270528,1.60893235879108
2020-03-17 20:30:00,1112.85416666667,-13.9416634697115,1.62878231606218,1.62878751380524
2020-03-17 21:30:00,1112.89583333333,-13.605888019403,1.68175636449773,1.68176156555281
2020-03-17 22:00:00,1112.91666666667,-13.4471653997531,1.706783270176,1.70678847288584
2020-03-17 22:30:00,1112.9375,-13.2163358089552,1.74329679414199,1.74330199850576
2020-03-17 23:00:00,1112.95833333333,-13.0112345516049,1.77571170249232,1.77571690850918
2020-03-17 23:30:00,1112.97916666667,-14.3647089641791,1.55984431916765,1.55984952683677
2020-03-18,1113,-14.4724680575581,1.54242020274874,1.54242541206928
2020-03-18 03:30:00,1113.14583333333,-17.6921018305556,1.02772207175929,1.0277272926164
2020-03-18 04:00:00,1113.16666666667,-18.2160139865116,0.944003887110301,0.944009109612162
2020-03-18 04:30:00,1113.1875,-19.2624660716049,0.777044644988694,0.777049869134458
2020-03-18 05:00:00,1113.20833333333,-19.2365162506977,0.780919719530071,0.780924945318906
2020-03-18 05:30:00,1113.22916666667,-19.3234536608025,0.766811704219263,0.766816931650332
2020-03-18 06:00:00,1113.25,-19.3711675348837,0.758951952978527,0.75895718205099
2020-03-18 06:30:00,1113.27083333333,-19.2677839496914,0.775162061761185,0.775167292474207
2020-03-18 07:00:00,1113.29166666667,-19.2545767046512,0.777006941934661,0.777012174287405
2020-03-18 07:30:00,1113.3125,-18.8844136027778,0.835715072038168,0.835720306029796
2020-03-18 08:00:00,1113.33333333333,-18.571004635814,0.885382154777991,0.88538739040767
2020-03-18 08:30:00,1113.35416666667,-18.3577375540123,0.91909649056666,0.91910172783355
2020-03-18 09:00:00,1113.375,-18.2817907172093,0.930935540147409,0.930940779050669
2020-03-18 09:30:00,1113.39583333333,-19.3637777138889,0.758314829564915,0.75832007010371
2020-03-18 10:00:00,1113.41666666667,-19.0168789976744,0.813316561163257,0.81332180333675
2020-03-18 10:30:00,1113.4375,-19.2176234376543,0.781078273678139,0.781083517485488
2020-03-18 11:00:00,1113.45833333333,-18.6194119564815,0.876114162460433,0.876119407900806
2020-03-18 11:30:00,1113.47916666667,-18.8288518947531,0.842490530084887,0.842495777157439
2020-03-18 12:00:00,1113.5,-18.6575741138889,0.869515429583902,0.869520678287797
2020-03-18 12:30:00,1113.52083333333,-19.7997468953704,0.687306643077225,0.687311893411625
2020-03-18 13:00:00,1113.54166666667,-20.4142638833333,0.589153728764547,0.589158980728613
2020-03-18 13:30:00,1113.5625,-21.3980062263158,0.432182878794833,0.432188132387723
2020-03-18 14:00:00,1113.58333333333,-21.6690508949074,0.388745204941952,0.388750460162831
2020-03-18 14:30:00,1113.60416666667,-21.5826180295031,0.402253885029585,0.40225914187761
2020-03-18 15:00:00,1113.625,-21.4054166638889,0.430221979415496,0.430227237889828
2020-03-18 15:30:00,1113.64583333333,-21.8190062176471,0.364076585542778,0.364081845642578
2020-03-18 16:00:00,1113.66666666667,-21.5012268416667,0.414438712239821,0.414443973964249
2020-03-18 16:30:00,1113.6875,-21.2375170250774,0.456187446937714,0.456192710285927
2020-03-18 17:00:00,1113.70833333333,-20.7787638944444,0.529006648427071,0.529011913398234
2020-03-18 17:30:00,1113.72916666667,-21.3709145341772,0.434416055825691,0.434421322418957
2020-03-18 18:00:00,1113.75,-21.1137333190476,0.475124562197661,0.475129830412192
2020-03-18 18:30:00,1113.77083333333,-21.4712869638889,0.417905293663309,0.417910563498264
2020-03-18 19:00:00,1113.79166666667,-21.0207464600939,0.489415928098242,0.489421199552781
2020-03-18 19:30:00,1113.8125,-20.8592848272446,0.514876019463227,0.514881292536506
2020-03-18 20:00:00,1113.83333333333,-20.6673009916667,0.545198247218819,0.545203521910001
2020-03-18 21:00:00,1113.875,-20.6312132003003,0.55042497246725,0.550430250391705
2020-03-18 21:30:00,1113.89583333333,-20.2449705936274,0.611692544531872,0.611697824071702
2020-03-18 22:00:00,1113.91666666667,-18.6374431511976,0.86751159149591,0.867516872650273
2020-03-18 22:30:00,1113.9375,-18.1675853414634,0.942098980830571,0.942104263598621
2020-03-18 23:00:00,1113.95833333333,-16.874715547006,1.14779269535131,1.14779797973221
2020-03-18 23:30:00,1113.97916666667,-16.6491171229268,1.18346924580418,1.18347453179709
2020-03-19,1114,-16.3466656945783,1.2313884627095,1.23139375031356
2020-03-19 00:30:00,1114.02083333333,-15.9933268834146,1.28741400404772,1.2874192932621
2020-03-19 01:00:00,1114.04166666667,-16.2687844886228,1.24327175493142,1.24327704575528
2020-03-19 01:30:00,1114.0625,-15.9711951053659,1.29041622863685,1.29042152106934
2020-03-19 05:00:00,1114.20833333333,-16.9758034456107,1.12854729646718,1.12855260013647
2020-03-19 05:30:00,1114.22916666667,-16.8328666666667,1.15105492541922,1.15106023069039
2020-03-19 06:00:00,1114.25,-16.7110973353053,1.17019049319985,1.17019580007205
2020-03-19 06:30:00,1114.27083333333,-16.83479972,1.15022216958423,1.15022747805661
2020-03-19 07:00:00,1114.29166666667,-16.3684004218391,1.2242573941636,1.22426270423534
2020-03-19 07:30:00,1114.3125,-16.2244667,1.24692355045297,1.2469288621232
2020-03-19 08:00:00,1114.33333333333,-16.8109866059387,1.15322785033571,1.15323316360359
2020-03-19 08:30:00,1114.35416666667,-16.9749998733333,1.1268376881901,1.12684300305479
2020-03-19 09:00:00,1114.375,-17.2169465377863,1.08803260875784,1.08803792521848
2020-03-19 09:30:00,1114.39583333333,-16.96833344,1.12737397860087,1.12737929665663
2020-03-19 10:00:00,1114.41666666667,-19.2856507333969,0.75796073210717,0.757966051757201
2020-03-19 10:30:00,1114.4375,-18.95543743125,0.810300930099504,0.810306251342954
2020-03-19 11:00:00,1114.45833333333,-19.9602175568702,0.649975649737447,0.64998097257347
2020-03-19 11:30:00,1114.47916666667,-19.72874988125,0.686585456276171,0.686590780703924
2020-03-19 12:00:00,1114.5,-21.0558489338432,0.474914397998669,0.474919724017303
2020-03-19 12:30:00,1114.52083333333,-21.2383749375,0.445574573135524,0.44557990074419
2020-03-19 13:00:00,1114.54166666667,-21.6644560980916,0.377436166551658,0.377441495749514
2020-03-19 13:30:00,1114.5625,-21.6490626375,0.379624911465827,0.379630242252019
2020-03-19 14:00:00,1114.58333333333,-21.1697862784351,0.455710462497285,0.455715794870966
2020-03-19 14:30:00,1114.60416666667,-21.1107502125,0.464851363452075,0.464856697412402
2020-03-19 15:00:00,1114.625,-20.3144236959924,0.59144308902156,0.591448424567682
2020-03-19 15:30:00,1114.64583333333,-20.23774993125,0.603393545957549,0.603398883088616
2020-03-19 16:00:00,1114.66666666667,-19.4691278627863,0.725571791180269,0.725577129895438
2020-03-19 16:30:00,1114.6875,-19.3519374125,0.743976443169349,0.743981783467766
2020-03-19 17:00:00,1114.70833333333,-18.7073434835878,0.846396775289382,0.846402117170197
2020-03-19 17:30:00,1114.72916666667,-18.60562490625,0.862336605088817,0.862341948551189
2020-03-19 18:00:00,1114.75,-17.9965668013359,0.959095913346769,0.959101258389844
2020-03-19 18:30:00,1114.77083333333,-18.07493735,0.94634727504308,0.946352621666007
2020-03-19 19:00:00,1114.79166666667,-17.3578110400763,1.06032178401641,1.06032713221834
2020-03-19 19:30:00,1114.8125,-17.39862513125,1.05355577472749,1.05356112450758
2020-03-19 20:30:00,1114.85416666667,-16.8639513279026,1.13820089082143,1.13820624375528
2020-03-19 21:00:00,1114.875,-16.80219996,1.14777342045933,1.14777877496878
2020-03-19 21:30:00,1114.89583333333,-16.4273539385768,1.20722208154595,1.20722743763016
2020-03-19 22:00:00,1114.91666666667,-16.49660032,1.19592643494069,1.19593179259881
2020-03-19 22:30:00,1114.9375,-16.1242434835206,1.25497842599188,1.25498378522305
2020-03-19 23:00:00,1114.95833333333,-15.88839988,1.29228369098204,1.29228905178541
2020-03-19 23:30:00,1114.97916666667,-16.3126254524345,1.22443939408622,1.22444475646095
2020-03-20 00:30:00,1115.02083333333,-16.0525711816479,1.26533629390785,1.26534165942273
2020-03-20 01:00:00,1115.04166666667,-16.23360024,1.23623316431212,1.23623853139579
2020-03-20 01:30:00,1115.0625,-16.6116791861163,1.17573977645443,1.17574514510605
2020-03-20 02:00:00,1115.08333333333,-17.02379988,1.10982344355783,1.10982881377654
2020-03-20 02:30:00,1115.10416666667,-16.338581584803,1.21871392553474,1.2187192973197
2020-03-20 03:00:00,1115.125,-16.2269999166667,1.23622361266822,1.23622898601857
2020-03-20 06:30:00,1115.27083333333,-18.1460203674074,0.928662853701399,0.928668237985621
2020-03-20 07:30:00,1115.3125,-17.1665745753731,1.08415737255251,1.08416275995302
2020-03-20 08:30:00,1115.35416666667,-15.7727068632653,1.30566931988452,1.3056747103979
2020-03-20 09:30:00,1115.39583333333,-15.2206115507435,1.39308604315662,1.39309143677945
2020-03-20 10:30:00,1115.4375,-14.8326345076067,1.45435832984265,1.45436372657151
2020-03-20 11:30:00,1115.47916666667,-14.9644944124535,1.43281994051405,1.43282534034554
2020-03-20 12:30:00,1115.52083333333,-14.5583933283859,1.49697884270739,1.49698424563807
2020-03-20 13:30:00,1115.5625,-14.1824537055556,1.55633272439948,1.55633813042593
2020-03-20 14:30:00,1115.60416666667,-13.6875870459259,1.63463149014162,1.63463689926042
2020-03-20 15:30:00,1115.64583333333,-13.1552407603704,1.71890050945203,1.71890592165976
2020-03-20 16:30:00,1115.6875,-12.3185055696296,1.85165862152712,1.85166403682035
2020-03-20 17:30:00,1115.72916666667,-11.7863722037037,1.93589316815959,1.9358985865349
2020-03-20 18:30:00,1115.77083333333,-11.2308627311688,2.02385126847646,2.02385668993042
2020-03-20 20:00:00,1115.83333333333,-10.9711539953618,2.06442010382749,2.06442552989299
2020-03-20 21:00:00,1115.875,-10.3309443258998,2.16587031523442,2.16587574436998
2020-03-20 22:00:00,1115.91666666667,-10.1404749601855,2.19567629902151,2.19568173122372
2020-03-20 23:00:00,1115.95833333333,-10.2654033731599,2.17523891570827,2.17524435097368
2020-03-21,1116,-10.6680575230056,2.11055934875188,2.11056478707706
2020-03-21 01:00:00,1116.04166666667,-11.205429865977,2.02441880234103,2.02442424372253
2020-03-21 02:00:00,1116.08333333333,-15.4932931194805,1.34082209899241,1.34082754342681
2020-03-21 03:00:00,1116.125,-18.0503766172542,0.932939573100188,0.932945020584049
2020-03-21 04:00:00,1116.16666666667,-21.1497959155844,0.438662292427102,0.438667742956977
2020-03-21 08:00:00,1116.33333333333,-23.7344916137291,0.0247653979834363,0.0247708606629414
2020-03-21 09:00:00,1116.375,-22.973519438961,0.145449870832642,0.145455336540942
2020-03-21 10:00:00,1116.41666666667,-23.3367420846011,0.0870490328905429,0.0870545016241859
2020-03-21 11:00:00,1116.45833333333,-23.5709317651765,0.0492029662314201,0.04920843798696
2020-03-21 12:00:00,1116.5,-24.5707713799256,-0.110611954068347,-0.110606479294361
2020-03-21 13:00:00,1116.54166666667,-25.4717977569573,-0.254686126693747,-0.254680648904769
2020-03-21 14:00:00,1116.58333333333,-25.8466703903704,-0.314943903395059,-0.314938422594541
2020-03-21 15:00:00,1116.625,-25.6503537075926,-0.284211085001666,-0.284205601193062
2020-03-21 16:00:00,1116.66666666667,-25.8608680693309,-0.318287013602409,-0.318281526789176
2020-03-21 17:00:00,1116.70833333333,-25.2567500077778,-0.222591685625443,-0.222586195811037
2020-03-21 18:00:00,1116.75,-25.4339756483146,-0.251365238070884,-0.251359745258763
2020-03-21 19:30:00,1116.8125,-25.4497798496269,-0.254695436770147,-0.254689939467943
2020-03-21 20:30:00,1116.85416666667,-25.5322881091078,-0.268381117316734,-0.268375617025466
2020-03-21 21:30:00,1116.89583333333,-23.1335724851301,0.11319367053512,0.113199173811986
2020-03-21 22:30:00,1116.9375,-22.8889386141264,0.151621426733194,0.151626932992198
2020-03-21 23:30:00,1116.97916666667,-22.5829090962894,0.199829284552394,0.199834793790069
2020-03-22 00:30:00,1117.02083333333,-22.8316605298701,0.159659871842287,0.159665384055165
2020-03-22 01:30:00,1117.0625,-23.2400185786642,0.0940647430349918,0.0940702582196077
2020-03-22 02:30:00,1117.10416666667,-23.9003432146568,-0.0116691111296785,-0.011663592976794
2020-03-22 03:30:00,1117.14583333333,-24.4950148341373,-0.106944660527006,-0.106939139409326
2020-03-22 04:30:00,1117.1875,-25.2614619938775,-0.229584443641365,-0.229578919562357
2020-03-22 05:30:00,1117.22916666667,-25.7131465311688,-0.302082583188093,-0.302077056151232
2020-03-22 09:30:00,1117.39583333333,-24.5190538059369,-0.114043304285788,-0.114037765452267
2020-03-22 10:30:00,1117.4375,-24.4735380450835,-0.10733841245185,-0.107332870677857
2020-03-22 11:30:00,1117.47916666667,-24.7216771564007,-0.147413217049081,-0.147407672338098
2020-03-22 12:30:00,1117.52083333333,-25.3711280113173,-0.251417534349042,-0.251411986704548
2020-03-22 13:30:00,1117.5625,-25.9851243037106,-0.349774179387841,-0.349768628813319
2020-03-22 14:30:00,1117.60416666667,-26.6872987072356,-0.462177925147897,-0.462172371646833
2020-03-22 15:30:00,1117.64583333333,-27.1724148140741,-0.5400043934577,-0.539998837033576
2020-03-22 16:30:00,1117.6875,-27.6041092305556,-0.609321012361893,-0.609315453018196
2020-03-22 17:30:00,1117.72916666667,-27.3215333305556,-0.564854123187627,-0.564848560927847
2020-03-22 19:00:00,1117.79166666667,-27.2812671955473,-0.559261673490246,-0.559256106862879
2020-03-22 20:00:00,1117.83333333333,-27.1045528506494,-0.531659263873626,-0.531653694338898
2020-03-22 21:00:00,1117.875,-27.5958485818692,-0.610471599531034,-0.610466027092436
2020-03-22 22:00:00,1117.91666666667,-25.0487384359926,-0.205263970183767,-0.205258394844794
2020-03-22 23:00:00,1117.95833333333,-21.8346938716141,0.306186526412791,0.306192104648646
2020-03-23,1118,-21.9452835559701,0.288020149425202,0.288025730554445
2020-03-23 01:00:00,1118.04166666667,-21.1608979406308,0.412423715584888,0.412429299604019
2020-03-23 02:00:00,1118.08333333333,-21.1927013419295,0.406807526762683,0.406813113668208
2020-03-23 03:00:00,1118.125,-20.8698422398887,0.457689067077691,0.45769465686611
2020-03-23 04:00:00,1118.16666666667,-20.096851571243,0.580276626813528,0.580282219481339
2020-03-23 05:00:00,1118.20833333333,-20.2694861105751,0.552225154636408,0.552230750180109
2020-03-23 06:00:00,1118.25,-20.4284925946097,0.52634438116246,0.526349979578555
2020-03-23 07:00:00,1118.29166666667,-20.4248643100372,0.526371182586405,0.526376783871384
2020-03-23 11:00:00,1118.45833333333,-19.255748145,0.710404881569435,0.710410494294895
2020-03-23 12:00:00,1118.5,-17.767701341744,0.946899318234225,0.946904933811037
2020-03-23 13:00:00,1118.54166666667,-17.0407179795918,1.06215554660118,1.06216116502583
2020-03-23 14:00:00,1118.58333333333,-16.7039202384045,1.11525466873566,1.11526029000464
2020-03-23 15:00:00,1118.625,-16.1641744016698,1.20068330982213,1.20068893393192
2020-03-23 16:00:00,1118.66666666667,-15.5084749706865,1.30458318392,1.30458881086709
2020-03-23 17:00:00,1118.70833333333,-14.8388738519481,1.41069734968111,1.41070297946198
2020-03-23 18:30:00,1118.77083333333,-13.7452003788497,1.58408917756079,1.58409481158574
2020-03-23 19:30:00,1118.8125,-14.5993636450835,1.44746594631097,1.44747158316091
2020-03-23 20:30:00,1118.85416666667,-15.7020853519481,1.27124692170938,1.2712525613808
2020-03-23 21:30:00,1118.89583333333,-16.5200408363636,1.14039110398941,1.14039674647877
2020-03-23 22:30:00,1118.9375,-17.3893710602968,1.00135099798363,1.00135664328742
2020-03-23 23:30:00,1118.97916666667,-18.000437883859,0.90345218093221,0.903457829046902
2020-03-24 00:30:00,1119.02083333333,-18.6947143252319,0.792297757302748,0.792303408224821
2020-03-24 01:30:00,1119.0625,-19.4932949703154,0.664527344771709,0.664532998497638
2020-03-24 02:30:00,1119.10416666667,-22.828810774397,0.132621094058839,0.132626750585093
2020-03-24 03:30:00,1119.14583333333,-23.3380890289425,0.0509362505079864,0.0509419098310419
2020-03-24 04:30:00,1119.1875,-22.804873870872,0.135321098707437,0.135326760823764
2020-03-24 05:30:00,1119.22916666667,-21.988061366171,0.264882953314674,0.264888618220741
2020-03-24 06:30:00,1119.27083333333,-21.5447068814471,0.334952425174817,0.334958092867095
2020-03-24 07:30:00,1119.3125,-22.0904022409683,0.247465297058032,0.247470967532989
2020-03-24 08:30:00,1119.35416666667,-21.6768182044527,0.312791809527091,0.31279748278119
2020-03-24 12:30:00,1119.52083333333,-20.3918088801484,0.515261311335094,0.515266995670415
2020-03-24 13:30:00,1119.5625,-20.4470074513011,0.505909160117519,0.5059148472143
2020-03-24 14:30:00,1119.60416666667,-20.8953877538033,0.433922627125149,0.433928316979848
2020-03-24 15:30:00,1119.64583333333,-20.3695297394052,0.517132703506084,0.517138396115162
2020-03-24 16:30:00,1119.6875,-19.9265436306122,0.587140975677955,0.58714667103787
2020-03-24 18:00:00,1119.75,-20.3898810741636,0.512490923611476,0.512496623090998
2020-03-24 19:00:00,1119.79166666667,-20.3580873531599,0.516995329758898,0.517001031980392
2020-03-24 20:00:00,1119.83333333333,-20.3127105918367,0.523663274515862,0.523668979475786
2020-03-24 21:00:00,1119.875,-20.5126951611524,0.491244734831149,0.491250442525954
2020-03-24 22:00:00,1119.91666666667,-21.1759795223464,0.38502195837538,0.385027668801514
2020-03-24 23:00:00,1119.95833333333,-21.4648696242086,0.338440206420477,0.338445919574394
2020-03-25,1120,-21.3497142749536,0.356222935294629,0.356228651172778
2020-03-25 01:00:00,1120.04166666667,-20.7134267135436,0.457022149990742,0.457027868589568
2020-03-25 02:00:00,1120.08333333333,-20.4447921946197,0.499253724595678,0.499259445911631
2020-03-25 03:00:00,1120.125,-21.215816364564,0.375866679705317,0.375872403734842
2020-03-25 04:00:00,1120.16666666667,-21.1850593883117,0.380203697249362,0.380209423988902
2020-03-25 05:00:00,1120.20833333333,-21.4938033486085,0.330457726160655,0.330463455606655
2020-03-25 06:00:00,1120.25,-20.9417625007421,0.417835143599249,0.417840875748152
2020-03-25 07:00:00,1120.29166666667,-21.142925770872,0.385226360540304,0.385232095388549
2020-03-25 08:00:00,1120.33333333333,-20.9553264962894,0.414547482705579,0.414553220249608
2020-03-25 09:00:00,1120.375,-20.978628912987,0.410271569062803,0.410277309299056
2020-03-25 10:00:00,1120.41666666667,-21.0210593411874,0.402948304133433,0.402954047058345
2020-03-25 14:00:00,1120.58333333333,-18.745059590689,0.763257973196495,0.76326372684041
2020-03-25 15:00:00,1120.625,-18.3903673794063,0.819195405939915,0.819201162254666
2020-03-25 16:00:00,1120.66666666667,-18.5057921918367,0.800242617206166,0.800248376188181
2020-03-25 17:30:00,1120.72916666667,-18.3225018949814,0.828592135826051,0.828597898802274
2020-03-25 18:30:00,1120.77083333333,-18.4296728929368,0.810953577784448,0.810959343419009
2020-03-25 19:30:00,1120.8125,-18.343215620632,0.824159898931343,0.824165667220674
2020-03-25 20:30:00,1120.85416666667,-18.4015009261596,0.814308381652016,0.814314152592542
2020-03-25 21:30:00,1120.89583333333,-18.4840632018587,0.800589283623565,0.80059505721171
2020-03-25 22:30:00,1120.9375,-18.366012993692,0.818827655873396,0.818833432105587
2020-03-25 23:30:00,1120.97916666667,-18.3969666050093,0.813329371728546,0.813335150601206
2020-03-26 00:30:00,1121.02083333333,-17.7902337714286,0.909414752774492,0.909420534284041
2020-03-26 01:30:00,1121.0625,-18.3045751345083,0.826911972269859,0.826917756412721
2020-03-26 02:30:00,1121.10416666667,-18.4845306159555,0.797676861067521,0.797682647840116
2020-03-26 03:30:00,1121.14583333333,-18.4441115849442,0.803547326875389,0.803553116274134
2020-03-26 04:30:00,1121.1875,-18.1493172244898,0.849939724427747,0.849945516449063
2020-03-26 05:30:00,1121.22916666667,-17.3265148812268,0.98044393123849,0.980449725878792
2020-03-26 06:30:00,1121.27083333333,-17.6733723827586,0.92462024948771,0.924626046743416
2020-03-26 07:30:00,1121.3125,-17.5252263576994,0.94765074411769,0.947656543985215
2020-03-26 08:30:00,1121.35416666667,-18.0743006092764,0.859613311588422,0.859619114064177
2020-03-26 09:30:00,1121.39583333333,-17.5701613792208,0.939353300765612,0.939359105846013
2020-03-26 10:30:00,1121.4375,-18.3692263304267,0.811491694317155,0.811497501998614
2020-03-26 11:30:00,1121.47916666667,-18.2117365137291,0.836009707988822,0.836015518267747
2020-03-26 15:00:00,1121.625,-19.9624825035088,0.555116957545193,0.555122776886978
2020-03-26 15:30:00,1121.64583333333,-20.4454611256471,0.477892500494631,0.477898321127514
2020-03-26 16:30:00,1121.6875,-20.7829350073171,0.42356125783279,0.423567081045181
2020-03-26 17:00:00,1121.70833333333,-21.2201903460241,0.35362037523465,0.353626199735446
2020-03-26 17:30:00,1121.72916666667,-21.0210242056452,0.385061830031834,0.385067655820134
2020-03-26 18:00:00,1121.75,-21.2629951807229,0.346229768113831,0.346235595188741
2020-03-26 18:30:00,1121.77083333333,-21.0487904064516,0.380066770111578,0.380072598472193
2020-03-26 19:00:00,1121.79166666667,-21.0598024380723,0.378026515080279,0.378032344725702
2020-03-26 19:30:00,1121.8125,-21.1841129508065,0.357937672172115,0.357943503101448
2020-03-26 20:00:00,1121.83333333333,-21.1008650848193,0.370912968483665,0.370918800696008
2020-03-26 20:30:00,1121.85416666667,-20.9896451887097,0.388344170385112,0.388350003879562
2020-03-26 21:00:00,1121.875,-20.7280505913253,0.429730110898267,0.429735945673929
2020-03-26 21:30:00,1121.89583333333,-20.4129999314516,0.479631581641989,0.479637417697958
2020-03-26 22:00:00,1121.91666666667,-20.2986361612048,0.497563428767129,0.497569266102508
2020-03-26 22:30:00,1121.9375,-20.1232983524194,0.525208425153369,0.525214263767259
2020-03-26 23:00:00,1121.95833333333,-20.2826915339759,0.499530476961031,0.499536316852529
2020-03-26 23:30:00,1121.97916666667,-19.8537419395161,0.567575894847504,0.567581736015708
2020-03-27,1122,-20.1054520138418,0.527191682547932,0.527197524991947
2020-03-27 00:30:00,1122.02083333333,-19.8218790919355,0.572078375563872,0.572084219282791
2020-03-27 01:00:00,1122.04166666667,-20.1010867561446,0.527313660574326,0.527319505567252
2020-03-27 01:30:00,1122.0625,-19.4977258032258,0.623142698557119,0.62314854482315
2020-03-27 02:00:00,1122.08333333333,-19.7784721501211,0.578132753491758,0.578138601029991
2020-03-27 02:30:00,1122.10416666667,-18.7560402854839,0.740719970433594,0.74072581924313
2020-03-27 03:00:00,1122.125,-18.6893205438554,0.751061504896266,0.751067354976206
2020-03-27 03:30:00,1122.14583333333,-18.3349113903226,0.807232109978176,0.807237961327613
2020-03-27 04:00:00,1122.16666666667,-18.4242722857831,0.79270977088514,0.792715623503176
2020-03-27 04:30:00,1122.1875,-17.9626371193548,0.865961439989666,0.865967293875399
2020-03-27 05:00:00,1122.20833333333,-18.1352922879227,0.83817014728449,0.838176002437014
2020-03-27 05:30:00,1122.22916666667,-17.668725858871,0.912207253739352,0.912213110157769
2020-03-27 06:00:00,1122.25,-17.9424048303614,0.868322680799922,0.868328538483333
2020-03-27 06:30:00,1122.27083333333,-17.8315967725806,0.885687108319866,0.885692967267361
2020-03-27 07:00:00,1122.29166666667,-18.0360290195652,0.852833471990167,0.852839332200848
2020-03-27 07:30:00,1122.3125,-17.7572904241935,0.896949238138674,0.896955099611638
2020-03-27 08:00:00,1122.33333333333,-17.9487903407229,0.866155615350931,0.866161478085273
2020-03-27 08:30:00,1122.35416666667,-17.666354791129,0.910860193081361,0.910866057076181
2020-03-27 09:00:00,1122.375,-17.8499421578313,0.881326929341673,0.881332794596071
2020-03-27 09:30:00,1122.39583333333,-17.6528065,0.912443057637941,0.912448924151008
2020-03-27 10:00:00,1122.41666666667,-17.6292626298795,0.915905832296267,0.915911700067103
2020-03-27 10:30:00,1122.4375,-17.4242902419355,0.948270241727124,0.948276110754825
2020-03-27 11:00:00,1122.45833333333,-17.7260506151807,0.899911702452116,0.899917572735777
2020-03-27 11:30:00,1122.47916666667,-17.9992097435484,0.856109304230778,0.856115175769496
2020-03-27 12:00:00,1122.5,-18.3048192503614,0.807137479876547,0.807143352669424
2020-03-27 12:30:00,1122.52083333333,-20.3949354540323,0.473892405862168,0.473898279908293
2020-03-27 13:00:00,1122.54166666667,-20.901778353012,0.392863843128288,0.39286971842676
2020-03-27 16:30:00,1122.6875,-25.2060938352751,-0.29483518545519,-0.29482930141561
2020-03-27 17:00:00,1122.70833333333,-25.2246239424779,-0.298075630841378,-0.298069745556689
2020-03-27 17:30:00,1122.72916666667,-24.4760841491909,-0.179121350172747,-0.179115463643852
2020-03-27 18:00:00,1122.75,-24.3348564730435,-0.156912380970865,-0.156906493198668
2020-03-27 18:30:00,1122.77083333333,-24.3349545373377,-0.157216760391189,-0.157210871376596
2020-03-27 19:00:00,1122.79166666667,-24.2262149530702,-0.140183281758707,-0.140177391502624
2020-03-27 19:30:00,1122.8125,-24.0273550638436,-0.108793631247844,-0.108787739751176
2020-03-27 20:00:00,1122.83333333333,-24.0132838633188,-0.106841007965155,-0.10683511522881
2020-03-27 20:30:00,1122.85416666667,-23.0104724728155,0.0526185771182785,0.0526244710933974
2020-03-27 21:00:00,1122.875,-23.3732999534783,-0.00546914286897948,-0.00546324765599265
2020-03-27 21:30:00,1122.89583333333,-23.7586375252427,-0.067142793409311,-0.0671368969593621
2020-03-27 22:00:00,1122.91666666667,-21.9851696078261,0.215082756268243,0.215088653954248
2020-03-27 22:30:00,1122.9375,-21.1243311597403,0.351925722424711,0.351931621345865
2020-03-27 23:00:00,1122.95833333333,-20.8486233502164,0.395556902873288,0.395562803028683
2020-03-27 23:30:00,1122.97916666667,-20.6790647158576,0.42227838705615,0.422284288444881
2020-03-28,1123,-20.1865529688235,0.500446476105223,0.500452378726384
2020-03-28 00:30:00,1123.02083333333,-20.8455048656958,0.395185527097733,0.395191430950418
2020-03-28 01:00:00,1123.04166666667,-20.6177618813853,0.431175649610583,0.431181554693885
2020-03-28 01:30:00,1123.0625,-21.3239384799353,0.318391658525385,0.318397564838396
2020-03-28 02:00:00,1123.08333333333,-20.870969691342,0.39026029933078,0.390266206872591
2020-03-28 02:30:00,1123.10416666667,-21.5737572825243,0.278016066336372,0.278021975106079
2020-03-28 03:00:00,1123.125,-20.8556017190476,0.392129036755998,0.392134946752693
2020-03-28 03:30:00,1123.14583333333,-21.4410096559871,0.298583353507294,0.29858926473007
2020-03-28 04:00:00,1123.16666666667,-21.132834793913,0.347385992234282,0.347391904682227
2020-03-28 04:30:00,1123.1875,-21.5530777220065,0.280151100016069,0.280157013688283
2020-03-28 05:00:00,1123.20833333333,-21.3989783277056,0.304409293789289,0.304415208684857
2020-03-28 05:30:00,1123.22916666667,-21.9157217139159,0.221801696873593,0.221807612991612
2020-03-28 06:00:00,1123.25,-21.5714069238095,0.2763612264442,0.27636714378376
2020-03-28 06:30:00,1123.27083333333,-21.506181292233,0.286461597333865,0.286467515894058
2020-03-28 07:00:00,1123.29166666667,-21.3667143549784,0.308388605022342,0.308394524802257
2020-03-28 07:30:00,1123.3125,-21.3422880644013,0.311989499273463,0.311995420272198
2020-03-28 08:00:00,1123.33333333333,-21.1920519645022,0.335631929879795,0.335637852096435
2020-03-28 08:30:00,1123.35416666667,-22.2897216627832,0.160482018929332,0.160487942362971
2020-03-28 09:00:00,1123.375,-22.3470952393939,0.151051967468789,0.15105789211852
2020-03-28 09:30:00,1123.39583333333,-21.830540397411,0.233049067163123,0.233054993028035
2020-03-28 10:00:00,1123.41666666667,-21.6651514506494,0.259105132775012,0.259111059854195
2020-03-28 10:30:00,1123.4375,-21.764673202589,0.242960678786466,0.242966607079016
2020-03-28 11:00:00,1123.45833333333,-21.6290043441558,0.264282201148713,0.264288130653714
2020-03-28 11:30:00,1123.47916666667,-21.9543570818182,0.212162597886719,0.212168528603265
2020-03-28 12:00:00,1123.5,-21.9262565278261,0.216348300690202,0.216354232617384
2020-03-28 12:30:00,1123.52083333333,-23.0134854236246,0.0428611692739587,0.0428671024108668
2020-03-28 13:00:00,1123.54166666667,-23.507856523913,-0.0361833474567806,-0.0361774131110589
2020-03-28 13:30:00,1123.5625,-25.1412647176471,-0.296677342908691,-0.29667140735506
2020-03-28 14:00:00,1123.58333333333,-25.1938138835498,-0.305339421253872,-0.305333484493247
2020-03-28 14:30:00,1123.60416666667,-25.9755667830619,-0.430164231151871,-0.43015829318516
2020-03-28 15:00:00,1123.625,-26.01157812891,-0.436191934288597,-0.436185995116709
2020-03-28 18:00:00,1123.75,-23.558736209252,-0.0472000503448337,-0.0471941039610103
2020-03-28 18:30:00,1123.77083333333,-23.60066675,-0.0541710739889267,-0.0541651264063015
2020-03-28 19:00:00,1123.79166666667,-23.3259013873767,-0.0106922692661529,-0.0106863204856398
2020-03-28 19:30:00,1123.8125,-23.0989666066667,0.0251670342600023,0.0251729842374978
2020-03-28 20:00:00,1123.83333333333,-21.7019528689587,0.247420696508566,0.247426647682127
2020-03-28 20:30:00,1123.85416666667,-21.6949667,0.2482419184817,0.248247870850417
2020-03-28 21:00:00,1123.875,-18.4857032990177,0.759188136697504,0.759194090260467
2020-03-28 21:30:00,1123.89583333333,-18.4991334366667,0.756756916064856,0.756762870821152
2020-03-28 22:00:00,1123.91666666667,-13.7176346056974,1.51816125151762,1.51816720746633
2020-03-28 22:30:00,1123.9375,-13.67683334,1.52436902196857,1.5243749791088
2020-03-28 23:00:00,1123.95833333333,-12.3479135477407,1.73577493915034,1.73578089748116
2020-03-28 23:30:00,1123.97916666667,-12.2010666833333,1.75887573918297,1.75888169870347
2020-03-29,1124,-12.1768369428291,1.76244348877316,1.76244944948244
2020-03-29 00:30:00,1124.02083333333,-12.0914193774194,1.7757584476528,1.77576440954993
2020-03-29 01:00:00,1124.04166666667,-13.2346110143418,1.5933550277155,1.59336099079958
2020-03-29 01:30:00,1124.0625,-13.2154193451613,1.59612004422516,1.59612600849528
2020-03-29 02:00:00,1124.08333333333,-13.9192795362205,1.48370232786564,1.48370829332089
2020-03-29 02:30:00,1124.10416666667,-13.9138064483871,1.48428185493817,1.48428782157762
2020-03-29 03:00:00,1124.125,-14.5372239779961,1.38467860248289,1.38468457030564
2020-03-29 03:30:00,1124.14583333333,-14.5270000258065,1.38601483616728,1.38602080517241
2020-03-29 04:00:00,1124.16666666667,-14.6724184711198,1.36255707002407,1.36256304021067
2020-03-29 04:30:00,1124.1875,-14.6434193516129,1.36688409195382,1.36689006332099
2020-03-29 05:00:00,1124.20833333333,-14.8228782056974,1.33800355511746,1.33800952766426
2020-03-29 05:30:00,1124.22916666667,-14.7620967806452,1.34739341185729,1.34739938558283
2020-03-29 06:00:00,1124.25,-14.9226561943026,1.32152346028647,1.32152943518983
2020-03-29 06:30:00,1124.27083333333,-14.8943871548387,1.32573396174315,1.32573993782341
2020-03-29 07:00:00,1124.29166666667,-14.8432062632613,1.33359428315821,1.33360026041445
2020-03-29 07:30:00,1124.3125,-14.8421289419355,1.3334730156088,1.33347899404012
2020-03-29 08:00:00,1124.33333333333,-14.7348976600394,1.35026209545589,1.35026807506137
2020-03-29 08:30:00,1124.35416666667,-14.6989032645161,1.35570303405325,1.35570901483197
2020-03-29 09:00:00,1124.375,-14.5990825070727,1.37131150340945,1.37131748536051
2020-03-29 09:30:00,1124.39583333333,-14.5654838322581,1.37637069341114,1.37637667653361
2020-03-29 10:00:00,1124.41666666667,-14.6226974605108,1.3669633644075,1.36696934870048
2020-03-29 10:30:00,1124.4375,-14.5772902677419,1.37390355133326,1.37390953679583
2020-03-29 11:00:00,1124.45833333333,-14.4328723033399,1.39661617077857,1.39662215740981
2020-03-29 11:30:00,1124.47916666667,-14.4029032451613,1.40109694355751,1.40110293135651
2020-03-29 12:00:00,1124.5,-13.9647598360236,1.47060012804995,1.4706061170158
2020-03-29 12:30:00,1124.52083333333,-13.8621612709677,1.48665072505255,1.48665671518432
2020-03-29 13:00:00,1124.54166666667,-13.6304744049213,1.52326512664542,1.52327111794221
2020-03-29 13:30:00,1124.5625,-13.5869677129032,1.52990223807185,1.52990823053273
2020-03-29 14:00:00,1124.58333333333,-13.2660432222004,1.5807321491446,1.58073814276867
2020-03-29 14:30:00,1124.60416666667,-13.1979354806452,1.59128811751945,1.59129411230579
2020-03-29 15:30:00,1124.64583333333,-12.9546309667304,1.62945925187602,1.62946524898414
2020-03-29 16:00:00,1124.66666666667,-12.8743333733333,1.64195691090807,1.64196290917571
2020-03-29 19:30:00,1124.8125,-12.2844360040816,1.733869845864,1.73387585222262
2020-03-29 20:30:00,1124.85416666667,-12.1467546395911,1.75521406445594,1.75522007311803
2020-03-29 21:30:00,1124.89583333333,-12.1682490747212,1.7512012508077,1.75120726176957
2020-03-29 22:30:00,1124.9375,-12.2485862756957,1.73781452920073,1.73782054245873
2020-03-29 23:30:00,1124.97916666667,-12.2823766215213,1.73184254187395,1.73184855742441
2020-03-30 00:30:00,1125.02083333333,-12.2464193051948,1.73698119426463,1.73698721210386
2020-03-30 01:30:00,1125.0625,-12.0335486992874,1.77030204770607,1.77030806783042
2020-03-30 02:30:00,1125.10416666667,-12.0291166638889,1.77041827581108,1.77042429821687
2020-03-30 03:30:00,1125.14583333333,-11.8580612274583,1.79707751897244,1.79708354365599
2020-03-30 04:30:00,1125.1875,-12.0410499872222,1.76733705717884,1.76734308413648
2020-03-30 05:30:00,1125.22916666667,-11.9149074003704,1.78684122861595,1.78684725784401
2020-03-30 06:30:00,1125.27083333333,-11.9852036868519,1.77505233626193,1.77505836775673
2020-03-30 07:30:00,1125.3125,-12.2854860636364,1.72662628478292,1.72663231854079
2020-03-30 08:30:00,1125.35416666667,-12.3641592712963,1.71350252202422,1.71350855804147
2020-03-30 09:30:00,1125.39583333333,-12.4143302461967,1.7049189753293,1.70492501360226
2020-03-30 10:30:00,1125.4375,-12.4122814766667,1.70465386155919,1.70465990208418
2020-03-30 11:30:00,1125.47916666667,-12.4189777868519,1.70299544096453,1.70300148373786
2020-03-30 12:30:00,1125.52083333333,-12.4363296061111,1.69963938108661,1.69964542610461
2020-03-30 13:30:00,1125.5625,-12.2753499974074,1.72469143635113,1.72469748361012
2020-03-30 15:00:00,1125.625,-12.4119091007421,1.70204891566373,1.70205496627729
2020-03-30 16:00:00,1125.66666666667,-12.2008896274775,1.73507183651552,1.73507788936086
2020-03-30 17:00:00,1125.70833333333,-12.1188181808905,1.74755303686277,1.74755909193621
2020-04-04 18:30:00,1130.77083333333,-16.5892578714286,0.961927091677463,0.961933389803038
2020-04-05 13:30:00,1131.5625,-13.4270092901487,1.45394376277977,1.45395009390767
2020-04-05 15:00:00,1131.625,-13.5033593774674,1.44085239992113,1.44085873359636
2020-04-05 16:00:00,1131.66666666667,-13.5940817968401,1.4257808899703,1.42578722533901
2020-04-05 17:00:00,1131.70833333333,-13.8266115286245,1.38811921088842,1.38812554794683
2020-04-05 18:00:00,1131.75,-13.9973666696296,1.36029810565343,1.36030444439775
2020-04-05 19:00:00,1131.79166666667,-14.119007458209,1.34030078956616,1.3403071299926
2020-04-05 20:00:00,1131.83333333333,-14.4292141394786,1.29026463004822,1.29027097215301
2020-04-05 21:00:00,1131.875,-14.3203692038961,1.30698353089839,1.30698987467773
2020-04-05 22:00:00,1131.91666666667,-14.1725629651852,1.32990883384124,1.32991517929134
2020-04-05 23:00:00,1131.95833333333,-14.0521000018519,1.34847817245674,1.34848451957382
2020-04-06,1132,-13.7850240792593,1.3904028995518,1.39040924833206
2020-04-06 01:00:00,1132.04166666667,-13.6579851447124,1.41001947399538,1.41002582443504
2020-04-06 02:00:00,1132.08333333333,-13.6800537174074,1.40588295591591,1.40588930801118
2020-04-06 03:00:00,1132.125,-13.7400390366171,1.39570611327375,1.39571246702083
2020-04-06 04:00:00,1132.16666666667,-13.8472518561111,1.37800573665829,1.3780120920534
2020-04-06 05:00:00,1132.20833333333,-14.053290735,1.3445621390488,1.34456849608814
2020-04-06 06:00:00,1132.25,-14.3115204490706,1.302804345307,1.30281070398679
2020-04-06 07:00:00,1132.29166666667,-14.5014141639925,1.27193236659041,1.27193872690684
2020-04-06 08:00:00,1132.33333333333,-14.6850574944341,1.242055920434,1.24206228238328
2020-04-06 09:00:00,1132.375,-14.9810947973978,1.19427487630127,1.19428123987962
2020-04-06 10:00:00,1132.41666666667,-15.1870464081633,1.16084438979559,1.16085075499921
2020-08-19 16:30:00,1267.6875,-17.1376592137803,-0.300201284029239,-0.300204478932316
2020-08-19 17:00:00,1267.70833333333,-17.1289054018553,-0.298673865288498,-0.29867706229129
2020-08-19 17:30:00,1267.72916666667,-17.6758069590734,-0.385662635826314,-0.385665834928396
2020-08-19 18:00:00,1267.75,-17.60800009,-0.374727806690686,-0.374731007891634
2020-08-19 18:30:00,1267.77083333333,-18.0327606662338,-0.442259215517284,-0.442262418816675
2020-08-19 19:00:00,1267.79166666667,-16.6154944124535,-0.216354325934696,-0.216357531332108
2020-08-19 19:30:00,1267.8125,-16.6934816415861,-0.228644276670891,-0.228647484165898
2020-08-19 20:00:00,1267.83333333333,-16.8151904571429,-0.247898999349753,-0.247902208941933
2020-08-19 20:30:00,1267.85416666667,-16.341063333892,-0.172236523183263,-0.17223973487219
2020-08-19 21:00:00,1267.875,-15.291137544052,-0.00484879997190468,-0.00485201375715327
2020-08-19 21:30:00,1267.89583333333,-14.9770058108108,0.0453265121830754,0.0453232963019293
2020-08-19 22:00:00,1267.91666666667,-14.957047652381,0.0486398716006986,0.0486366536240804
2020-08-19 22:30:00,1267.9375,-14.660320365,0.0960428589758053,0.0960396389041416
2020-08-19 23:00:00,1267.95833333333,-14.5101481359259,0.120099628748346,0.12009640658206
2020-08-19 23:30:00,1267.97916666667,-14.3011117262042,0.153533612461707,0.153530388201227
2020-08-20 00:30:00,1268.02083333333,-14.5802926103704,0.109328890264123,0.109325661816533
2020-08-20 01:00:00,1268.04166666667,-14.7177977658627,0.0875588785883791,0.0875556480478734
2020-08-20 01:30:00,1268.0625,-15.045269773025,0.0355271195185519,0.0355238868855593
2020-08-20 02:00:00,1268.08333333333,-15.0448572047619,0.0357277154366924,0.0357244807116374
2020-08-20 02:30:00,1268.10416666667,-15.2593518544444,0.00169354575584491,0.00169030893915745
2020-08-20 03:00:00,1268.125,-15.4230222649351,-0.0242441785243809,-0.0242474174322738
2020-08-20 03:30:00,1268.14583333333,-15.7584652525097,-0.0775452893244141,-0.0775485303230847
2020-08-20 04:00:00,1268.16666666667,-16.0350478047619,-0.121469782972048,-0.121473026061068
2020-08-20 04:30:00,1268.1875,-16.0890314735185,-0.129934007681171,-0.129937252860111
2020-08-20 05:00:00,1268.20833333333,-16.5052944198148,-0.196109472483162,-0.196112719751595
2020-08-20 05:30:00,1268.22916666667,-16.5520115537572,-0.203415917604107,-0.203419166961601
2020-08-20 06:00:00,1268.25,-16.5921903333333,-0.209680690528452,-0.209683941974581
2020-08-20 06:30:00,1268.27083333333,-16.4041351714815,-0.179587525828263,-0.179590779362595
2020-08-20 07:00:00,1268.29166666667,-17.6855836211896,-0.38358722893602,-0.383590484558127
2020-08-20 07:30:00,1268.3125,-16.9855664583815,-0.271937936368817,-0.271941194078267
2020-08-20 08:00:00,1268.33333333333,-16.7562382095238,-0.23526961654998,-0.235272876346346
2020-08-20 08:30:00,1268.35416666667,-17.3413648111111,-0.328344428839895,-0.328347690722743
2020-08-20 09:00:00,1268.375,-17.40979444,-0.339108936571863,-0.339112200540764
2020-08-20 09:30:00,1268.39583333333,-17.8238800680851,-0.404936584434189,-0.404939850488712
2020-08-20 10:00:00,1268.41666666667,-17.6981819363636,-0.384776186089053,-0.384779454228766
2020-08-20 11:00:00,1268.45833333333,-17.5667649125,-0.363567845470103,-0.363571117778902
2020-08-20 11:30:00,1268.47916666667,-17.4083775751402,-0.338199710809367,-0.33820298520206
2020-08-20 12:00:00,1268.5,-17.0995347237452,-0.28886379778146,-0.288867074257616
2020-08-20 12:30:00,1268.52083333333,-16.5597646411765,-0.202740904357674,-0.20274418291686
2020-08-20 13:00:00,1268.54166666667,-16.9354560861682,-0.262451579045413,-0.262454859687196
2020-08-20 13:30:00,1268.5625,-17.2467257641791,-0.311899712805243,-0.31190299552919
2020-08-20 14:00:00,1268.58333333333,-18.0277494069212,-0.436179881445013,-0.436183166250692
2020-08-20 14:30:00,1268.60416666667,-17.9603530647059,-0.425306032813602,-0.425309319700578
2020-08-20 16:30:00,1268.6875,-18.7345511722533,-0.548085018572379,-0.548088313780204
2020-08-20 17:00:00,1268.70833333333,-19.1588888656566,-0.615544216598517,-0.615547513885469
2020-08-20 17:30:00,1268.72916666667,-19.4793370733485,-0.666453638040001,-0.666456937405643
2020-08-20 18:00:00,1268.75,-19.0581989217472,-0.599227715246979,-0.599231016690878
2020-08-20 18:30:00,1268.77083333333,-17.9520111213358,-0.42287278661894,-0.422876090140658
2020-08-20 19:00:00,1268.79166666667,-18.5764040262626,-0.522200493828587,-0.52220379942769
2020-08-20 19:30:00,1268.8125,-18.3770090845103,-0.49029810117418,-0.49030140885023
2020-08-20 20:00:00,1268.83333333333,-18.4920445324675,-0.508484587114916,-0.508487896867481
2020-08-20 20:30:00,1268.85416666667,-17.90503343859,-0.414834450086646,-0.414837761915284
2020-08-20 21:00:00,1268.875,-16.7976869313131,-0.238294402719962,-0.238297716624239
2020-08-20 21:30:00,1268.89583333333,-15.7800272709091,-0.0760414270234345,-0.0760447430029143
2020-08-20 22:00:00,1268.91666666667,-15.3996685174074,-0.0153108341092903,-0.015314152163535
2020-08-20 22:30:00,1268.9375,-15.3956611098148,-0.0145331724514305,-0.014536492580001
2020-08-20 23:00:00,1268.95833333333,-16.6252322414141,-0.210265346542725,-0.210268668745185
2020-08-20 23:30:00,1268.97916666667,-16.6668591070455,-0.216757043089077,-0.216760367364988
2020-08-21,1269,-15.4344044380334,-0.0202865336536374,-0.0202898600025622
2020-08-21 00:30:00,1269.02083333333,-15.3267629414815,-0.00299945937555379,-0.00300278779705332
2020-08-21 01:00:00,1269.04166666667,-16.0368080424242,-0.115970337404261,-0.115973667897897
2020-08-21 01:30:00,1269.0625,-15.6975102340136,-0.0617800331146044,-0.0617833656799357
2020-08-21 02:00:00,1269.08333333333,-15.8156722353704,-0.080463296460174,-0.080466631096763
2020-08-21 02:30:00,1269.10416666667,-15.8672870353704,-0.0885454361249527,-0.0885487728323598
2020-08-21 03:00:00,1269.125,-15.8649596040404,-0.0880344328598844,-0.0880377716376702
2020-08-21 03:30:00,1269.14583333333,-15.2464512303855,0.0106347417612708,0.0106314009135468
2020-08-21 04:00:00,1269.16666666667,-15.3818055575926,-0.010786843689164,-0.0107901866063865
2020-08-21 04:30:00,1269.1875,-15.4076925898148,-0.0147701039445931,-0.014773448930872
2020-08-21 05:00:00,1269.20833333333,-15.8619091383838,-0.0869864553843591,-0.0869898024392551
2020-08-21 05:30:00,1269.22916666667,-15.6061836902494,-0.0461084325747477,-0.0461117816978198
2020-08-21 06:00:00,1269.25,-15.3704833327778,-0.00842031419474354,-0.00842366538555039
2020-08-21 06:30:00,1269.27083333333,-15.4799351964815,-0.0257150844928632,-0.0257184377509634
2020-08-21 07:00:00,1269.29166666667,-15.4441717343434,-0.0198768428246481,-0.0198801981496001
2020-08-21 07:30:00,1269.3125,-15.1986598634921,0.0193745770093185,0.0193712196179583
2020-08-21 08:00:00,1269.33333333333,-15.0175203774074,0.0483715366995445,0.0483681772422168
2020-08-21 08:30:00,1269.35416666667,-14.8715907209259,0.0717596521053927,0.07175629058254
2020-08-21 09:00:00,1269.375,-14.7460605787879,0.091898217013194,0.0918948534252604
2020-08-21 09:30:00,1269.39583333333,-14.6196439897959,0.112178100234809,0.112174734582235
2020-08-21 10:30:00,1269.4375,-14.3056224330841,0.162485539152265,0.162482169371743
2020-08-21 11:00:00,1269.45833333333,-13.8397027970093,0.236848820367777,0.236845448523946
2020-08-21 11:30:00,1269.47916666667,-13.9163131545455,0.224786792526293,0.224783418619597
2020-08-21 12:00:00,1269.5,-13.5399976942792,0.284876277732696,0.284872901763581
2020-08-21 12:30:00,1269.52083333333,-13.939097026306,0.221441738993255,0.221438360962162
2020-08-21 13:00:00,1269.54166666667,-14.0762518606343,0.19973525249513,0.199731872402505
2020-08-21 13:30:00,1269.5625,-13.9818484747475,0.214916262502513,0.214912880348803
2020-08-21 14:00:00,1269.58333333333,-14.1068741526316,0.195142172377139,0.195138788162787
2020-08-21 14:30:00,1269.60416666667,-14.1968525992537,0.180951237751388,0.18094785147684
2020-08-21 15:00:00,1269.625,-14.1957864983146,0.181263871109758,0.18126048277546
2020-08-21 15:30:00,1269.64583333333,-13.9248788,0.224562570239963,0.224559179846359
2020-08-21 16:00:00,1269.66666666667,-14.1279382208238,0.192358075048188,0.192354682595726
2020-08-21 16:30:00,1269.6875,-13.742440293097,0.253911292511968,0.253907898001096
2020-08-21 17:00:00,1269.70833333333,-14.0589085843284,0.20364089608482,0.203637499515982
2020-08-21 17:30:00,1269.72916666667,-14.166949489899,0.186573237542686,0.18656983891633
2020-08-21 18:00:00,1269.75,-14.1270976653488,0.193065102980816,0.193061702297389
2020-08-21 18:30:00,1269.77083333333,-13.9931623587687,0.214544640707221,0.214541237967169
2020-08-21 19:00:00,1269.79166666667,-14.7745205514925,0.0902173762638485,0.0902139714676198
2020-08-21 19:30:00,1269.8125,-15.1815858555556,0.0255153427892933,0.0255119359373376
2020-08-21 20:00:00,1269.83333333333,-14.866678884633,0.075824114962697,0.0758207060554609
2020-08-21 20:30:00,1269.85416666667,-14.048238795709,0.206346178958738,0.20634276799667
2020-08-21 21:00:00,1269.875,-13.4142705447761,0.307481853612505,0.307478440596055
2020-08-21 21:30:00,1269.89583333333,-13.2090100474747,0.340324183010056,0.34032076793967
2020-08-21 22:00:00,1269.91666666667,-12.5375779887615,0.447428081511099,0.447424664387228
2020-08-21 22:30:00,1269.9375,-12.3556790925373,0.476549103621343,0.476545684444436
2020-08-21 23:00:00,1269.95833333333,-11.8908224300935,0.550745606297108,0.550742185067615
2020-08-21 23:30:00,1269.97916666667,-12.1258485090909,0.513450394299618,0.513446971017988
2020-08-22,1270,-12.0654760675532,0.523212483883346,0.523209058550031
2020-08-22 00:30:00,1270.02083333333,-11.6204066960821,0.594257175460664,0.594253748076111
2020-08-22 01:00:00,1270.04166666667,-10.9817214818692,0.696145115274517,0.69614168583918
2020-08-22 01:30:00,1270.0625,-11.0171616181818,0.690644511120271,0.690641079634599
2020-08-22 02:00:00,1270.08333333333,-10.7701144004577,0.73014445042333,0.730141016887773
2020-08-22 02:30:00,1270.10416666667,-10.7578283369403,0.732246876169795,0.732243440584806
2020-08-22 03:00:00,1270.125,-11.3870335768657,0.632159384913323,0.632155947279355
2020-08-22 03:30:00,1270.14583333333,-11.7522524787879,0.574125211983123,0.574121772300624
2020-08-22 04:00:00,1270.16666666667,-11.5527208421053,0.606056309446207,0.606052867715632
2020-08-22 04:30:00,1270.1875,-11.5024197848881,0.614214974955598,0.614211531177398
2020-08-22 05:00:00,1270.20833333333,-11.5918750132463,0.600110470279778,0.600107024454405
2020-08-22 05:30:00,1270.22916666667,-11.9632625989899,0.541094045559986,0.541090597687894
2020-08-22 06:00:00,1270.25,-11.6228348697248,0.595470415134164,0.595466965215807
2020-08-22 06:30:00,1270.27083333333,-12.024001868785,0.531710320455832,0.53170686849166
2020-08-22 07:00:00,1270.29166666667,-12.1927481197761,0.504975122939356,0.504971668929825
2020-08-22 07:30:00,1270.3125,-12.3740707050505,0.476236612269283,0.476233156214847
2020-08-22 08:00:00,1270.33333333333,-12.0831762240275,0.522722723578724,0.522719265479835
2020-08-22 08:30:00,1270.35416666667,-12.2549029718284,0.49551304838917,0.495509588246284
2020-08-22 09:30:00,1270.39583333333,-12.1719534370577,0.509020322928423,0.509016858698904
2020-08-22 10:00:00,1270.41666666667,-12.1646868363636,0.510324733494598,0.510321267222446
2020-08-22 10:30:00,1270.4375,-11.9708032020595,0.541357476645905,0.541354008331574
2020-08-22 11:00:00,1270.45833333333,-11.6568824869403,0.591512318304458,0.591508847948405
2020-08-22 11:30:00,1270.47916666667,-11.3421545472998,0.641795857140713,0.641792384743392
2020-08-22 12:00:00,1270.5,-10.8592448918367,0.718870969207927,0.718867494769796
2020-08-22 12:30:00,1270.52083333333,-10.6840984020595,0.746919294746884,0.746915818268396
2020-08-22 13:00:00,1270.54166666667,-11.2539795005587,0.656284298745522,0.656280820227136
2020-08-22 13:30:00,1270.5625,-11.957649244403,0.544336781592711,0.544333301034883
2020-08-22 14:00:00,1270.58333333333,-12.4081616383838,0.472717516822665,0.472714034225851
2020-08-22 14:30:00,1270.60416666667,-12.1985275364679,0.50626016621902,0.506256681583678
2020-08-22 15:00:00,1270.625,-13.4531825052142,0.306540625862164,0.306537139188753
2020-08-22 15:30:00,1270.64583333333,-14.2470354587687,0.180227281403483,0.180223792692457
2020-08-22 16:00:00,1270.66666666667,-13.8219898929293,0.248085447688515,0.248081956940336
2020-08-22 16:30:00,1270.6875,-13.6390045621005,0.277383351102496,0.277379858317618
2020-08-22 17:00:00,1270.70833333333,-12.8637486126629,0.401030492831118,0.401026998010002
2020-08-22 17:30:00,1270.72916666667,-12.2090372361266,0.505474903461337,0.50547140660444
2020-08-22 18:00:00,1270.75,-11.1193939171717,0.67920438881489,0.679200889922673
2020-08-22 18:30:00,1270.77083333333,-10.7525479360731,0.737791847197393,0.737788346270313
2020-08-22 19:00:00,1270.79166666667,-10.2671902910634,0.815258403781132,0.81525490081965
2020-08-22 19:30:00,1270.8125,-10.4112458104469,0.792459098921836,0.79245559392641
2020-08-22 20:00:00,1270.83333333333,-11.018323240404,0.695900178239155,0.695896671210246
2020-08-22 20:30:00,1270.85416666667,-10.4066301189269,0.793492382741448,0.793488873679515
2020-08-22 21:00:00,1270.875,-11.0365084956685,0.693301465709163,0.693297954614667
2020-08-22 21:30:00,1270.89583333333,-11.0696138270522,0.688177026618586,0.688173513491988
2020-08-22 22:00:00,1270.91666666667,-11.3361111080808,0.64587318850055,0.645869673342309
2020-08-22 22:30:00,1270.9375,-10.9390547805936,0.709274019719188,0.709270502529766
2020-08-22 23:00:00,1270.95833333333,-10.9421582908752,0.708929208119522,0.708925688899381
2020-08-22 23:30:00,1270.97916666667,-11.070031652514,0.688708575314847,0.688705054064447
2020-08-23,1271,-11.5036767929293,0.619778384901829,0.619774861621634
2020-08-23 00:30:00,1271.02083333333,-11.31215298379,0.650438160146138,0.650434634836609
2020-08-23 01:00:00,1271.04166666667,-11.601260710987,0.60453309340754,0.604529566069138
2020-08-23 03:00:00,1271.125,-11.5837532237477,0.607923103672834,0.60791956822357
2020-08-23 03:30:00,1271.14583333333,-11.6565050343434,0.596484214874009,0.596480677398188
2020-08-23 04:00:00,1271.16666666667,-11.4881090970455,0.623460439746911,0.623456900244995
2020-08-23 04:30:00,1271.1875,-11.6209313539889,0.602452496108718,0.602448954581173
2020-08-23 05:00:00,1271.20833333333,-11.6572137537175,0.596823525779895,0.596819982227183
2020-08-23 05:30:00,1271.22916666667,-11.8578787929293,0.565008388558717,0.565004842981303
2020-08-23 06:00:00,1271.25,-11.8623409034091,0.56444862312135,0.564445075519701
2020-08-23 06:30:00,1271.27083333333,-11.8929369070501,0.55972581483625,0.559722265210829
2020-08-23 07:00:00,1271.29166666667,-11.9841185248148,0.545351779915119,0.545348228266391
2020-08-23 07:30:00,1271.3125,-12.1157272939394,0.524537775862279,0.524534222190711
2020-08-23 08:00:00,1271.33333333333,-12.0145986471655,0.540799113429382,0.540795557735436
2020-08-23 09:00:00,1271.375,-12.1762796237037,0.515346476837355,0.515342917100056
2020-08-23 09:30:00,1271.39583333333,-12.1729999951493,0.516020710612323,0.516017148854046
2020-08-23 10:00:00,1271.41666666667,-12.2465757666667,0.504451929106626,0.504448365327837
2020-08-23 10:30:00,1271.4375,-12.0633753100687,0.533787889088231,0.533784323289399
2020-08-23 11:00:00,1271.45833333333,-11.9362630615672,0.554189062272357,0.554185494453946
2020-08-23 11:30:00,1271.47916666667,-11.5754962759328,0.611811675008308,0.611808105170786
2020-08-23 12:00:00,1271.5,-11.366303020202,0.645288620908896,0.645285049052733
2020-08-23 12:30:00,1271.52083333333,-11.0975515016018,0.688253345420745,0.688249771546407
2020-08-23 13:00:00,1271.54166666667,-11.2336175406716,0.666730448463746,0.666726872571701
2020-08-23 13:30:00,1271.5625,-11.5014346899254,0.624219610239463,0.62421603233018
2020-08-23 14:00:00,1271.58333333333,-12.3008990050505,0.497017103286736,0.497013523360681
2020-08-23 14:30:00,1271.60416666667,-11.9576247157895,0.551853777324686,0.55185019538233
2020-08-23 15:00:00,1271.625,-11.6180746335821,0.606097287194903,0.606093703236716
2020-08-23 15:30:00,1271.64583333333,-11.8665093291045,0.566674506449307,0.566670920475756
2020-08-23 16:00:00,1271.66666666667,-11.3640707070707,0.646866486411831,0.646862898423386
2020-08-23 16:30:00,1271.6875,-11.4327454004587,0.636079811721491,0.636076221718623
2020-08-23 17:00:00,1271.70833333333,-11.3042817098881,0.656697527072088,0.656693935055263
2020-08-23 17:30:00,1271.72916666667,-11.2147089615672,0.671119992109548,0.671116398079239
2020-08-23 18:00:00,1271.75,-11.3887777646465,0.643544274166929,0.643540678123607
2020-08-23 18:30:00,1271.77083333333,-11.3044370830664,0.657133476332963,0.657129878277098
2020-08-23 19:00:00,1271.79166666667,-10.8109178902052,0.73590521227022,0.735901612202282
2020-08-23 19:30:00,1271.8125,-12.7895260960821,0.420865391476236,0.420861789396697
2020-08-23 20:00:00,1271.83333333333,-11.8375050828283,0.572677004034151,0.572673399943481
2020-08-23 20:30:00,1271.85416666667,-11.796043493135,0.579435954182899,0.579432348081571
2020-08-23 21:00:00,1271.875,-11.1148600352612,0.688103159527098,0.688099551415583
2020-08-23 21:30:00,1271.89583333333,-10.8345559679104,0.73291009590909,0.73290648578786
2020-08-23 22:00:00,1271.91666666667,-10.7474545818182,0.746939811503274,0.746936199372802
2020-08-23 22:30:00,1271.9375,-10.6980869665904,0.754958614815602,0.754955000676361
2020-08-23 23:00:00,1271.95833333333,-10.7978302360075,0.739224052009612,0.739220435862072
2020-08-23 23:30:00,1271.97916666667,-11.511800375,0.625642814288481,0.625639196133118
2020-08-24,1272,-11.7815252171717,0.582830274136473,0.582826653973759
2020-08-24 00:30:00,1272.02083333333,-11.6282013800915,0.607409795207685,0.607406173038093
2020-08-24 01:00:00,1272.04166666667,-11.8723488927239,0.568671950514537,0.568668326338541
2020-08-24 01:30:00,1272.0625,-11.9295167882463,0.559720196707798,0.559716570525874
2020-08-24 02:00:00,1272.08333333333,-12.0473636616162,0.541102342611008,0.541098714423626
2020-08-24 02:30:00,1272.10416666667,-11.9848210747706,0.551220762658203,0.551217132465841
2020-08-24 03:00:00,1272.125,-12.1482705074627,0.525338596699533,0.525334964502664
2020-08-24 03:30:00,1272.14583333333,-12.0720037626866,0.537643493298951,0.53763985909805
2020-08-24 04:00:00,1272.16666666667,-12.0057373414141,0.548355435381256,0.548351799176798
2020-08-24 04:30:00,1272.1875,-11.918897020595,0.562344918507059,0.562341280299521
2020-08-24 05:00:00,1272.20833333333,-11.8553880731343,0.572617801307413,0.572614161097268
2020-08-24 05:30:00,1272.22916666667,-11.6647164233209,0.603147897568064,0.60314425535579
2020-08-24 06:00:00,1272.25,-11.9186262666667,0.562855948348489,0.562852304134561
2020-08-24 06:30:00,1272.27083333333,-11.7883798709382,0.58376046659969,0.583756820384585
2020-08-24 07:00:00,1272.29166666667,-11.7305000003731,0.593137049721828,0.593133401506022
2020-08-24 08:00:00,1272.33333333333,-11.5759515774674,0.618069592741981,0.618065940526203
2020-08-24 08:30:00,1272.35416666667,-11.4681110939394,0.635405249221704,0.635401595006658
2020-08-24 09:00:00,1272.375,-11.4166407421053,0.64376120740303,0.64375755118919
2020-08-24 09:30:00,1272.39583333333,-11.2841136117318,0.66502967227303,0.665026014060876
2020-08-24 10:00:00,1272.41666666667,-11.268445916791,0.667682449492518,0.667678789282527
2020-08-24 10:30:00,1272.4375,-11.194040389899,0.679692309219554,0.679688647012206
2020-08-24 11:00:00,1272.45833333333,-11.1867070887872,0.68101761933202,0.68101395512779
2020-08-24 11:30:00,1272.47916666667,-11.1387970130354,0.688806942504043,0.688803276303413
2020-08-24 12:00:00,1272.5,-11.0199795,0.707891974949211,0.707888306752658
2020-08-24 12:30:00,1272.52083333333,-10.8091616030303,0.741632838122127,0.741629167930131
2020-08-24 13:00:00,1272.54166666667,-10.7313661299771,0.754183237907944,0.754179565720983
2020-08-24 13:30:00,1272.5625,-10.1193563468284,0.851834462830107,0.851830788648663
2020-08-24 14:00:00,1272.58333333333,-9.8973289771028,0.887361314369585,0.887357638194135
2020-08-24 14:30:00,1272.60416666667,-9.89351510373737,0.888126703742496,0.888123025573523
2020-08-24 15:00:00,1272.625,-9.93665296248859,0.881412752358311,0.881409072196293
2020-08-24 15:30:00,1272.64583333333,-9.9343656563806,0.881935165898741,0.88193148374416
2020-08-24 16:00:00,1272.66666666667,-10.1970912612477,0.840240937020285,0.840237252873621
2020-08-24 16:30:00,1272.6875,-10.157666700101,0.846679549168662,0.846675863030397
2020-08-24 17:00:00,1272.70833333333,-10.0473356248402,0.86441372332644,0.864410035197053
2020-08-24 17:30:00,1272.72916666667,-10.1623145066667,0.846255963931033,0.846252273811008
2020-08-24 18:00:00,1272.75,-9.98310987744879,0.874961951671882,0.8749582595617
2020-08-24 18:30:00,1272.77083333333,-9.72122219333333,0.916839512723675,0.916835818623817
2020-08-24 19:00:00,1272.79166666667,-9.38618948892694,0.97036923133727,0.970365535248219
2020-08-24 19:30:00,1272.8125,-9.00858954186567,1.03068004566359,1.03067634758583
2020-08-24 20:00:00,1272.83333333333,-9.37835195024209,0.971935606212739,0.971931906146751
2020-08-24 20:30:00,1272.85416666667,-9.04886736234694,1.0245818164565,1.02457811440277
2020-08-24 21:00:00,1272.875,-8.71437987798627,1.07802509515996,1.07802139111896
2020-08-24 21:30:00,1272.89583333333,-8.99064366139925,1.03417536391393,1.03417165788616
2020-08-24 22:00:00,1272.91666666667,-9.79228494286778,0.906632725223277,0.906629017209207
2020-08-24 22:30:00,1272.9375,-9.84520206050505,0.8983624842948,0.89835877429492
2020-08-24 23:00:00,1272.95833333333,-9.77289499004566,0.910040649412817,0.91003693742761
2020-08-24 23:30:00,1272.97916666667,-9.55286405869646,0.94525143451139,0.945247720541341
2020-08-25,1273,-9.41470020096834,0.967420839633908,0.9674171236795
2020-08-25 00:30:00,1273.02083333333,-9.63084851919192,0.933148165266032,0.93314444732775
2020-08-25 01:00:00,1273.04166666667,-9.48509590593607,0.956526671215768,0.956522951294097
2020-08-25 01:30:00,1273.0625,-9.73618995182495,0.916687324065765,0.916683602161193
2020-08-25 02:00:00,1273.08333333333,-10.2422904909311,0.836225363588505,0.836221639701515
2020-08-25 02:30:00,1273.10416666667,-10.2846364005051,0.829639950253003,0.829636224384081
2020-08-25 03:00:00,1273.125,-10.0274429202511,0.870771479003554,0.870767751153186
2020-08-25 03:30:00,1273.14583333333,-10.3785586445065,0.814999019981911,0.814995290150583
2020-08-25 04:00:00,1273.16666666667,-10.1696703991061,0.848435696703007,0.848431964891205
2020-08-25 04:30:00,1273.1875,-10.1541111170707,0.851075034575007,0.851071300783219
2020-08-25 05:00:00,1273.20833333333,-9.97070709398169,0.880452262790398,0.88044852701911
2020-08-25 05:30:00,1273.22916666667,-9.95182122752328,0.883621734216884,0.883617996466584
2020-08-25 06:00:00,1273.25,-10.1221080072626,0.856655971027339,0.856652231298514
2020-08-25 07:00:00,1273.29166666667,-10.1814343223232,0.847527640909431,0.847523897225016
2020-08-25 07:30:00,1273.3125,-10.0198109375854,0.873435713309478,0.873431967648003
2020-08-25 08:00:00,1273.33333333333,-9.99123121109023,0.878149938902602,0.878146191264553
2020-08-25 08:30:00,1273.35416666667,-10.0238252899442,0.873119236593151,0.873115486979016
2020-08-25 09:00:00,1273.375,-10.176636389495,0.84893797996247,0.84893422837274
2020-08-25 09:30:00,1273.39583333333,-10.0505968189749,0.86917793730785,0.869174183743011
2020-08-25 10:00:00,1273.41666666667,-10.0322420991434,0.872263723928561,0.872259968389104
2020-08-25 10:30:00,1273.4375,-9.96564310921933,0.883034960173109,0.883031202659524
2020-08-25 11:00:00,1273.45833333333,-10.0043636423232,0.877028824038096,0.877025064550872
2020-08-25 11:30:00,1273.47916666667,-9.84714577740319,0.902235917608947,0.902232156148573
2020-08-25 12:00:00,1273.5,-9.78623975553903,0.912100568615203,0.912096805182171
2020-08-25 12:30:00,1273.52083333333,-9.68774625787314,0.927953034216211,0.927949268811009
2020-08-25 13:00:00,1273.54166666667,-9.87965652939394,0.897544074677954,0.897540307301073
2020-08-25 13:30:00,1273.5625,-9.70999317781321,0.924734154482128,0.924730385134061
2020-08-25 14:00:00,1273.58333333333,-9.93693122304833,0.888745451133894,0.888741679815132
2020-08-25 14:30:00,1273.60416666667,-10.0330092972862,0.873602937435437,0.873599164146469
2020-08-25 15:00:00,1273.625,-11.5881313080808,0.626033784727599,0.626030009468919
2020-08-25 15:30:00,1273.64583333333,-11.5346514785877,0.634716157418256,0.634712380190355
2020-08-25 16:00:00,1273.66666666667,-12.5789925424581,0.468514979972938,0.468511200776305
2020-08-25 16:30:00,1273.6875,-12.7579981429104,0.44016246290167,0.440158681736801
2020-08-25 17:00:00,1273.70833333333,-12.9374646545455,0.411736625000905,0.411732841868292
2020-08-25 17:30:00,1273.72916666667,-13.0230569503417,0.398265119397344,0.398261334297477
2020-08-25 18:00:00,1273.75,-12.2565390355019,0.520535481885929,0.520531694819304
2020-08-25 18:30:00,1273.77083333333,-11.4973910625698,0.641631909950437,0.641628120917545
2020-08-25 19:00:00,1273.79166666667,-12.0624242232323,0.551785439724731,0.551781648726067
2020-08-25 19:30:00,1273.8125,-11.8631571870159,0.583692639586646,0.583688846622702
2020-08-25 20:00:00,1273.83333333333,-12.1666468241636,0.535510444631082,0.535506649702355
2020-08-25 20:30:00,1273.85416666667,-12.1045309336887,0.545569573996555,0.545565777103534
2020-08-25 21:00:00,1273.875,-12.1672222070707,0.535746935454356,0.53574313659754
2020-08-25 21:30:00,1273.89583333333,-12.055316623918,0.55373780338966,0.553734002569541
2020-08-25 22:00:00,1273.91666666667,-12.2574591013011,0.521700693300451,0.521696890517524
2020-08-25 22:30:00,1273.9375,-11.6444107754647,0.619524163129809,0.619520358384569
2020-08-25 23:00:00,1273.95833333333,-12.1324242414141,0.541947805094672,0.541943998387616
2020-08-25 23:30:00,1273.97916666667,-11.7712847726651,0.59964221875035,0.59963841008197
2020-08-26,1274,-12.1296561273234,0.542718146423026,0.542714335793821
2020-08-26 00:30:00,1274.02083333333,-12.7988884836431,0.436273796721931,0.436269984132395
2020-08-26 01:00:00,1274.04166666667,-12.7603535606061,0.442577382716451,0.442573568167081
2020-08-26 01:30:00,1274.0625,-12.6930525203196,0.453463534039126,0.453459717530418
2020-08-26 02:00:00,1274.08333333333,-13.0039738876866,0.404098687812782,0.404094869345235
2020-08-26 02:30:00,1274.10416666667,-14.3207992503717,0.194492718552331,0.194488898126437
2020-08-26 03:00:00,1274.125,-15.0100201383838,0.0848646928313589,0.0848608704476195
2020-08-26 03:30:00,1274.14583333333,-14.7705717601367,0.123174447072991,0.123170622731901
2020-08-26 04:00:00,1274.16666666667,-15.6573773321561,-0.017928755609896,-0.0179325819078386
2020-08-26 04:30:00,1274.1875,-15.5353698903346,0.00167277788884046,0.001668949634543
2020-08-26 05:00:00,1274.20833333333,-16.4994545181818,-0.151740829300018,-0.151744659510171
2020-08-26 05:30:00,1274.22916666667,-16.5344009120729,-0.157141949721892,-0.157145781887405
2020-08-26 06:30:00,1274.27083333333,-17.4128589849722,-0.296748912008182,-0.296752748082915
2020-08-26 07:00:00,1274.29166666667,-17.9064878966605,-0.3752181790505,-0.375222017079096
2020-08-26 07:30:00,1274.3125,-18.5625455070707,-0.479562351833763,-0.479566191815722
2020-08-26 08:00:00,1274.33333333333,-17.9442340993182,-0.38089852732621,-0.380902369261032
2020-08-26 08:30:00,1274.35416666667,-18.5344322935065,-0.474751044027221,-0.47475488791441
2020-08-26 09:00:00,1274.375,-18.4672281985158,-0.463878804299223,-0.463882650138274
2020-08-26 09:30:00,1274.39583333333,-18.7029697515152,-0.501265920831016,-0.501269768621433
2020-08-26 10:00:00,1274.41666666667,-18.3036067786364,-0.43748033060452,-0.437484180345801
2020-08-26 10:30:00,1274.4375,-18.233738432282,-0.426183367933324,-0.426187219624969
2020-08-26 11:00:00,1274.45833333333,-18.2643599265306,-0.430894406791869,-0.430898260433376
2020-08-26 11:30:00,1274.47916666667,-17.7246262686869,-0.34474736047108,-0.34475121606195
2020-08-26 12:00:00,1274.5,-17.7107954672727,-0.342376913149412,-0.342380770689141
2020-08-26 12:30:00,1274.52083333333,-18.0028256152134,-0.388730231806624,-0.388734091294713
2020-08-26 13:00:00,1274.54166666667,-17.9876029478664,-0.38613785561792,-0.386141717053866
2020-08-26 13:30:00,1274.5625,-18.2408282767677,-0.426309335285382,-0.426313198668684
2020-08-26 14:00:00,1274.58333333333,-17.9246476993182,-0.375773945405702,-0.375777810735857
2020-08-26 14:30:00,1274.60416666667,-17.7474646901487,-0.347380865742852,-0.34738473301936
2020-08-26 15:00:00,1274.625,-17.437469406308,-0.297830594097603,-0.297834463319959
2020-08-26 15:30:00,1274.64583333333,-18.0721818575758,-0.398772838058386,-0.398776709226088
2020-08-26 16:00:00,1274.66666666667,-18.0390500284091,-0.393326909221185,-0.39333078233373
2020-08-26 16:30:00,1274.6875,-18.1416901682746,-0.409509450421694,-0.409513325478579
2020-08-26 17:00:00,1274.70833333333,-18.0057121798131,-0.387679851628337,-0.387683728629057
2020-08-26 17:30:00,1274.72916666667,-17.9543472705263,-0.379329075202656,-0.379332954146711
2020-08-26 18:00:00,1274.75,-17.6785886447727,-0.335232117800538,-0.33523599868742
2020-08-26 18:30:00,1274.77083333333,-17.0968130618692,-0.242386338873744,-0.242390221702949
2020-08-26 19:00:00,1274.79166666667,-16.2539756902804,-0.107953128905765,-0.107957013676792
2020-08-26 19:30:00,1274.8125,-16.33241048,-0.120279131062655,-0.120283017774997
2020-08-26 20:00:00,1274.83333333333,-16.2295840825,-0.1037299950616,-0.103733883714751
2020-08-26 20:30:00,1274.85416666667,-16.1499981143925,-0.0908829745898819,-0.0908868651833408
2020-08-26 21:00:00,1274.875,-15.9912056220561,-0.0654181967474713,-0.0654220892807289
2020-08-26 21:30:00,1274.89583333333,-15.5063684378947,0.0119858349356526,0.0119819404631019
2020-08-26 22:00:00,1274.91666666667,-14.900524985,0.108666353116361,0.108662456705019
2020-08-26 22:30:00,1274.9375,-16.1581289656075,-0.0915015351082374,-0.0915054334578624
2020-08-26 23:00:00,1274.95833333333,-15.1386411295327,0.071073031674857,0.0710691313874569
2020-08-26 23:30:00,1274.97916666667,-15.7031894926316,-0.0186903986914689,-0.0186943009161415
2020-08-27,1275,-15.3601345762533,0.0361281232763007,0.036124219114866
2020-08-27 00:30:00,1275.02083333333,-15.5575028033645,0.00485695360037119,0.00485304750268123
2020-08-27 01:00:00,1275.04166666667,-14.9528186828037,0.101353397350546,0.101349489317107
2020-08-27 01:30:00,1275.0625,-14.8780736536842,0.113430266396788,0.113426356428104
2020-08-27 02:00:00,1275.08333333333,-14.7675863688636,0.131201003559977,0.131197091656559
2020-08-27 02:30:00,1275.10416666667,-15.1379700848598,0.0723687478768658,0.0723648340392211
2020-08-27 03:00:00,1275.125,-14.8413981198131,0.119783109996907,0.119779194225543
2020-08-27 03:30:00,1275.14583333333,-15.6975263536842,-0.0164283921279028,-0.0164323098324759
2020-08-27 04:00:00,1275.16666666667,-15.4992590895455,0.0153261632189378,0.0153222435816622
2020-08-27 04:30:00,1275.1875,-15.7607532740187,-0.0261595076164884,-0.0261634291859577
2020-08-27 05:30:00,1275.22916666667,-15.5674081562152,0.00498189036370156,0.0049779649313717
2020-08-27 06:00:00,1275.25,-15.2173333636364,0.0609198978746572,0.060915970511661
2020-08-27 06:30:00,1275.27083333333,-15.0124568072727,0.0937278236414228,0.0937238943482716
2020-08-27 07:00:00,1275.29166666667,-14.8336177975881,0.122388050638903,0.122384119416104
2020-08-27 07:30:00,1275.3125,-14.8122318966605,0.12596598589493,0.125962052742995
2020-08-27 08:00:00,1275.33333333333,-15.1322727939394,0.075154489188431,0.0751505541078695
2020-08-27 08:30:00,1275.35416666667,-14.9892068204545,0.0981163488941169,0.0981124118854394
2020-08-27 09:00:00,1275.375,-14.3257068868275,0.203983811294575,0.203979872358292
2020-08-27 09:30:00,1275.39583333333,-13.885846022449,0.274225511062198,0.274221570198822
2020-08-27 10:00:00,1275.41666666667,-14.0677676727273,0.245416912803288,0.245412970013329
2020-08-27 10:30:00,1275.4375,-13.6296522572727,0.315380763071413,0.315376818355382
2020-08-27 11:00:00,1275.45833333333,-13.5820371309833,0.323137739066898,0.323133792425307
2020-08-27 11:30:00,1275.47916666667,-13.1535547463822,0.391567242309559,0.39156329374292
2020-08-27 12:00:00,1275.5,-13.4261111838384,0.348320861031125,0.348316910539949
2020-08-27 12:30:00,1275.52083333333,-12.8467499904545,0.440785667917912,0.440781715502714
2020-08-27 13:00:00,1275.54166666667,-11.6874304402597,0.625638356249595,0.625634401910886
2020-08-27 13:30:00,1275.5625,-12.4559777454545,0.503380577577756,0.503376621316049
2020-08-27 14:00:00,1275.58333333333,-12.9254242030303,0.428769878388118,0.428765920203924
2020-08-27 14:30:00,1275.60416666667,-12.8167750202273,0.446250328518355,0.44624636841219
2020-08-27 15:00:00,1275.625,-12.7940037137291,0.450050472254957,0.450046510227332
2020-08-27 15:30:00,1275.64583333333,-13.288877542115,0.371389476737946,0.371385512789377
2020-08-27 16:00:00,1275.66666666667,-13.4860302989899,0.340155761294673,0.340151795425673
2020-08-27 16:30:00,1275.6875,-13.3745954797727,0.358080367848033,0.358076400059116
2020-08-27 17:00:00,1275.70833333333,-13.6727124191095,0.310763187175562,0.310759217467241
2020-08-27 17:30:00,1275.72916666667,-13.5906085155844,0.324015559041881,0.324011587414674
2020-08-27 18:00:00,1275.75,-13.4075656676768,0.353347677418691,0.353343703873108
2020-08-27 18:30:00,1275.77083333333,-13.3454295293182,0.363419371078893,0.363415395615453
2020-08-27 19:00:00,1275.79166666667,-12.8729461910946,0.43885976741053,0.438855790029746
2020-08-27 19:30:00,1275.8125,-12.6481985089054,0.474835797172434,0.474831817874823
2020-08-27 20:00:00,1275.83333333333,-12.6287474818182,0.478108023518354,0.478104042304429
2020-08-27 20:30:00,1275.85416666667,-12.5767318170455,0.486567920345718,0.486563937215999
2020-08-27 21:00:00,1275.875,-12.5525250617811,0.490597938420547,0.490593953375545
2020-08-27 21:30:00,1275.89583333333,-12.5023357877551,0.498767090683996,0.498763103724233
2020-08-27 22:00:00,1275.91666666667,-12.4828181565657,0.502050328685452,0.50204633981144
2020-08-27 22:30:00,1275.9375,-12.4572795347727,0.506292815130575,0.506288824342833
2020-08-27 23:00:00,1275.95833333333,-12.5086641619137,0.49828147336576,0.498277480664804
2020-08-27 23:30:00,1275.97916666667,-12.5929870427778,0.485023144538021,0.48501914992437
2020-08-28,1276,-12.6320807808081,0.478969950755848,0.478965954230017
2020-08-28 00:30:00,1276.02083333333,-12.6399569195011,0.477889843105097,0.477885844667605
2020-08-28 01:00:00,1276.04166666667,-12.6935056404135,0.469534160694776,0.469530160346141
2020-08-28 01:30:00,1276.0625,-12.8197555553704,0.449597226323723,0.449593224064463
2020-08-28 02:00:00,1276.08333333333,-12.9738384191919,0.425226583490126,0.425222579320759
2020-08-28 02:30:00,1276.10416666667,-12.9545283326531,0.428477661716638,0.428473655637683
2020-08-28 03:00:00,1276.125,-13.1364833277778,0.399667168744143,0.399663160756117
2020-08-28 03:30:00,1276.14583333333,-13.1755351668519,0.393621350764947,0.393617340868372
2020-08-28 04:30:00,1276.1875,-13.3140509622449,0.371906321610698,0.37190230789858
2020-08-28 05:00:00,1276.20833333333,-13.1775565595023,0.393825445607919,0.393821429988809
2020-08-28 05:30:00,1276.22916666667,-13.1772761223881,0.394045687564606,0.394041670039024
2020-08-28 06:00:00,1276.25,-13.0894074779439,0.408218893542255,0.40821487411072
2020-08-28 06:30:00,1276.27083333333,-13.137297893617,0.400765684207322,0.400761662870356
2020-08-28 07:00:00,1276.29166666667,-13.0463235371041,0.415433832272798,0.415429809030921
2020-08-28 07:30:00,1276.3125,-13.0523880822761,0.414643713888784,0.414639688742516
2020-08-28 08:00:00,1276.33333333333,-13.1323544697761,0.402081079122335,0.402077052072197
2020-08-28 08:30:00,1276.35416666667,-13.3192765914894,0.372480419352875,0.372476390399391
2020-08-28 09:00:00,1276.375,-13.2481199199095,0.383991995647714,0.383987964791401
2020-08-28 09:30:00,1276.39583333333,-13.2853731427239,0.378233898138349,0.378229865379732
2020-08-28 10:00:00,1276.41666666667,-13.2254216259328,0.387960684933123,0.387956650272723
2020-08-28 10:30:00,1276.4375,-13.3683084691489,0.365375275826567,0.365371239264906
2020-08-28 11:00:00,1276.45833333333,-13.2040271393665,0.391722075960831,0.391718037498431
2020-08-28 11:30:00,1276.47916666667,-13.1727201595149,0.396886066879409,0.396882026516794
2020-08-28 12:00:00,1276.5,-13.0636784945794,0.414433348412695,0.414429306150386
2020-08-28 12:30:00,1276.52083333333,-12.9742553202128,0.428855490086784,0.428851445925305
2020-08-28 13:00:00,1276.54166666667,-12.8976063373303,0.441242793614257,0.44123874755413
2020-08-28 13:30:00,1276.5625,-12.8532500149254,0.448485952913558,0.448481904955308
2020-08-28 14:00:00,1276.58333333333,-12.606822109375,0.487919359450743,0.487915309594894
2020-08-28 14:30:00,1276.60416666667,-12.8321914744681,0.452195223239566,0.452191171486641
2020-08-28 15:00:00,1276.625,-12.66625339819,0.478806741666422,0.478802688016943
2020-08-28 15:30:00,1276.64583333333,-12.6250186423507,0.485553031604624,0.485548976059119
2020-08-28 16:00:00,1276.66666666667,-13.1949738250467,0.394936427119357,0.394932369678348
2020-08-28 16:30:00,1276.6875,-13.2135638170213,0.392152791054578,0.39214873171859
2020-08-28 17:00:00,1276.70833333333,-12.9116086108597,0.440432333621903,0.440428272391464
2020-08-28 17:30:00,1276.72916666667,-12.8955970270522,0.443160952290099,0.443156889165731
2020-08-28 18:00:00,1276.75,-12.6962990699065,0.475087320667604,0.475083255649831
2020-08-28 18:30:00,1276.77083333333,-12.7219574489362,0.471178083370849,0.471174016460201
2020-08-28 19:00:00,1276.79166666667,-12.6543642427602,0.482123989648341,0.482119920845341
2020-08-28 19:30:00,1276.8125,-12.8653731427239,0.448688480714626,0.448684410019801
2020-08-28 20:00:00,1276.83333333333,-12.6810242412313,0.478233851446958,0.478229778860836
2020-08-28 20:30:00,1276.85416666667,-12.4598298,0.513648842333616,0.51364476785672
2020-08-28 21:00:00,1276.875,-12.1139818573696,0.568921324392802,0.568917248025659
2020-08-28 21:30:00,1276.89583333333,-12.0328990725234,0.582016626910388,0.582012548653528
2020-08-28 22:00:00,1276.91666666667,-11.8252611798507,0.615272347817557,0.615268267671504
2020-08-28 22:30:00,1276.9375,-11.5838829606383,0.653903026105753,0.653898944071036
2020-08-28 23:00:00,1276.95833333333,-11.5623665106335,0.657509666672349,0.657505582749498
2020-08-28 23:30:00,1276.97916666667,-11.2194897119626,0.712309339635695,0.712305253825234
2020-08-29,1277,-11.3522294764925,0.691343053382867,0.691338965685323
2020-08-29 00:30:00,1277.02083333333,-11.6493404617021,0.644192413374282,0.644188323790188
2020-08-29 01:00:00,1277.04166666667,-11.8419117570136,0.613695119809077,0.613691028338959
2020-08-29 01:30:00,1277.0625,-12.0528302462687,0.58027520425173,0.580271110896116
2020-08-29 02:00:00,1277.08333333333,-12.2405597149254,0.550549415338089,0.550545320097511
2020-08-29 02:30:00,1277.10416666667,-12.2534148914894,0.548681325190367,0.548677228065352
2020-08-29 03:00:00,1277.125,-12.2079818843891,0.556098683398956,0.556094584390033
2020-08-29 04:00:00,1277.16666666667,-12.3104785944134,0.540130876711038,0.540126773935889
2020-08-29 04:30:00,1277.1875,-12.4438659270019,0.519062324017136,0.519058219359668
2020-08-29 05:00:00,1277.20833333333,-12.6485957148936,0.486628966164129,0.486624859624875
2020-08-29 05:30:00,1277.22916666667,-12.4861851004515,0.51268143569577,0.512677327275258
2020-08-29 06:00:00,1277.25,-12.5258919782123,0.506536543190494,0.506532432889254
2020-08-29 06:30:00,1277.27083333333,-12.460324038175,0.517162103274689,0.517157991093254
2020-08-29 07:00:00,1277.29166666667,-12.8935532691489,0.448329016430658,0.448324902369558
2020-08-29 07:30:00,1277.3125,-12.3983295916479,0.527399240227786,0.527395124287551
2020-08-29 08:00:00,1277.33333333333,-12.5325661,0.506196105412627,0.506191987593792
2020-08-29 08:30:00,1277.35416666667,-12.3871973789572,0.529534382240375,0.52953026254347
2020-08-29 09:00:00,1277.375,-12.5124149351064,0.509768170514868,0.509764048940424
2020-08-29 09:30:00,1277.39583333333,-12.3715756216704,0.532385106986334,0.532380983534884
2020-08-29 10:00:00,1277.41666666667,-12.2202141458101,0.556678330172618,0.556674204844694
2020-08-29 10:30:00,1277.4375,-11.7111489689013,0.637954107253464,0.637949980049599
2020-08-29 11:00:00,1277.45833333333,-11.45501065,0.678938553783933,0.678934424704661
2020-08-29 11:30:00,1277.47916666667,-11.4156275467269,0.68539383822053,0.685389707266384
2020-08-29 12:00:00,1277.5,-11.2268249307263,0.715651856439957,0.715647723611469
2020-08-29 12:30:00,1277.52083333333,-12.3780130486034,0.532448491783875,0.532444357081578
2020-08-29 13:00:00,1277.54166666667,-12.1698829308511,0.565785592030901,0.56578145545533
2020-08-29 13:30:00,1277.5625,-12.0846523704289,0.579544803528156,0.579540665079844
2020-08-29 14:00:00,1277.58333333333,-11.9656256927374,0.598687859192694,0.598683718872178
2020-08-29 14:30:00,1277.60416666667,-11.8367132055866,0.61940582988049,0.619401687688302
2020-08-29 15:00:00,1277.625,-11.7819361191489,0.628314076745087,0.628309932681761
2020-08-29 15:30:00,1277.64583333333,-11.6965688591422,0.642095458584484,0.642091312650555
2020-08-29 16:00:00,1277.66666666667,-12.1947336973929,0.562919858614075,0.56291571081008
2020-08-29 16:30:00,1277.6875,-11.8439124653631,0.61898844475361,0.61898429508008
2020-08-29 17:00:00,1277.70833333333,-11.6067340361702,0.656953749585692,0.656949598043167
2020-08-29 17:30:00,1277.72916666667,-11.5801647810384,0.661368960857576,0.66136480744659
2020-08-29 18:00:00,1277.75,-11.4008936522388,0.690109788075541,0.690105632796629
2020-08-29 18:30:00,1277.77083333333,-11.2914711493482,0.707723777596278,0.707719620449977
2020-08-29 19:00:00,1277.79166666667,-11.2458404170213,0.715175790781192,0.71517163176804
2020-08-29 19:30:00,1277.8125,-11.1609255230248,0.728885897270858,0.728881736391388
2020-08-29 20:00:00,1277.83333333333,-11.0526740843575,0.746313630257568,0.74630946751232
2020-08-29 20:30:00,1277.85416666667,-11.0693619414179,0.743838542382658,0.743834377772167
2020-08-29 21:00:00,1277.875,-11.1039255340426,0.738515935265539,0.738511768790343
2020-08-29 21:30:00,1277.89583333333,-10.9565056693002,0.762183521138547,0.762179352799182
2020-08-29 22:00:00,1277.91666666667,-10.9685914095149,0.760441848317669,0.760437678114676
2020-08-29 22:30:00,1277.9375,-10.914653626257,0.769217868104055,0.769213696037967
2020-08-29 23:00:00,1277.95833333333,-11.0546276819149,0.747103691492711,0.747099517564071
2020-08-29 23:30:00,1277.97916666667,-10.9739277934537,0.76014312996568,0.760138954175023
2020-08-30,1278,-11.0808731552239,0.743290644049376,0.743286466397241
2020-08-30 00:30:00,1278.02083333333,-10.9457123871681,0.765005935669016,0.765001756155941
2020-08-30 01:00:00,1278.04166666667,-13.3957127106383,0.374903316039737,0.374899134666264
2020-08-30 01:30:00,1278.0625,-14.2847178004515,0.233468450633831,0.233464267400495
2020-08-30 02:00:00,1278.08333333333,-14.7695158366853,0.156424155686286,0.15641997059363
2020-08-30 03:00:00,1278.125,-14.1248550271375,0.259488134485076,0.259483945675395
2020-08-30 03:30:00,1278.14583333333,-14.2491914946809,0.239865918793853,0.23986172812647
2020-08-30 04:00:00,1278.16666666667,-14.2321914436937,0.242758809382643,0.2427546168581
2020-08-30 04:30:00,1278.1875,-14.4152197366853,0.213787139686423,0.213782945305257
2020-08-30 05:00:00,1278.20833333333,-14.5981378040968,0.184833126833749,0.184828930596503
2020-08-30 05:30:00,1278.22916666667,-14.8282446212766,0.148362010227519,0.148357812134732
2020-08-30 06:00:00,1278.25,-14.6730990939189,0.173261965194592,0.173257765246806
2020-08-30 06:30:00,1278.27083333333,-14.9689944141264,0.126310888583905,0.126306686781661
2020-08-30 07:00:00,1278.29166666667,-15.0063740712406,0.120541639577461,0.120537435921302
2020-08-30 07:30:00,1278.3125,-15.5506064223404,0.0340304919271287,0.0340262864175932
2020-08-30 08:00:00,1278.33333333333,-15.4380743475225,0.0521424843448731,0.0521382769825065
2020-08-30 08:30:00,1278.35416666667,-15.4031617052045,0.0578897433612875,0.0578855341466301
2020-08-30 09:00:00,1278.375,-15.0420427433086,0.115601999837358,0.115597788770952
2020-08-30 09:30:00,1278.39583333333,-15.4311596,0.0538012519008003,0.0537970389831884
2020-08-30 10:00:00,1278.41666666667,-15.1718310632883,0.0952984161127013,0.0952942013444281
2020-08-30 10:30:00,1278.4375,-15.1586579931227,0.0975829361664804,0.0975787195480853
2020-08-30 11:00:00,1278.45833333333,-15.0554349531599,0.114212578304353,0.114208359836382
2020-08-30 11:30:00,1278.47916666667,-15.3643085202128,0.065195033976083,0.0651908136590792
2020-08-30 12:00:00,1278.5,-14.9795562990991,0.126672670873104,0.12666844870761
2020-08-30 12:30:00,1278.52083333333,-15.1060855169145,0.106702906653695,0.106698682640257
2020-08-30 13:00:00,1278.54166666667,-15.4170409133829,0.0573540178307717,0.0573497919699316
2020-08-30 13:30:00,1278.5625,-16.0838935968085,-0.0486894657078589,-0.0486936934155586
2020-08-30 14:00:00,1278.58333333333,-15.9290225146396,-0.0238316687721086,-0.0238358983261199
2020-08-30 14:30:00,1278.60416666667,-17.6030576263941,-0.290319838109847,-0.290324069509626
2020-08-30 15:00:00,1278.625,-18.2142955423792,-0.387503557320206,-0.387507790565209
2020-08-30 15:30:00,1278.64583333333,-18.5199787276596,-0.436012092246698,-0.436016327336378
2020-08-30 16:00:00,1278.66666666667,-18.7777319603604,-0.476885254170418,-0.476889491104232
2020-08-30 16:30:00,1278.6875,-19.2383197187732,-0.550070003706646,-0.550074242484049
2020-08-30 17:00:00,1278.70833333333,-20.0844869921933,-0.684677748265899,-0.684681988886342
2020-08-30 17:30:00,1278.72916666667,-19.6297741967742,-0.612054271000639,-0.612058513463579
2020-08-30 18:00:00,1278.75,-17.9360676004504,-0.342058098641602,-0.342062342946491
2020-08-30 18:30:00,1278.77083333333,-18.9637583605948,-0.505582372726525,-0.505586618872815
2020-08-30 19:00:00,1278.79166666667,-19.3151040494424,-0.561364296467918,-0.561368544455066
2020-08-30 19:30:00,1278.8125,-19.3391702361702,-0.565010264506348,-0.565014514333807
2020-08-30 20:00:00,1278.83333333333,-18.2141464295045,-0.385605278330063,-0.385609529997284
2020-08-30 20:30:00,1278.85416666667,-19.1334646747212,-0.53186534484138,-0.531869598347817
2020-08-30 21:00:00,1278.875,-18.162667289777,-0.377028543703104,-0.377032799048209
2020-08-30 21:30:00,1278.89583333333,-18.7472553680851,-0.469965661317492,-0.469969918500716
2020-08-30 22:00:00,1278.91666666667,-17.9215022572072,-0.338234322630462,-0.338238581651259
2020-08-30 22:30:00,1278.9375,-16.9653345570632,-0.185727749684738,-0.185732010542561
2020-08-30 23:00:00,1278.95833333333,-16.708568760223,-0.144636302767889,-0.144640565462187
2020-08-30 23:30:00,1278.97916666667,-17.6126000666667,-0.288460566979551,-0.288464831509776
2020-08-31,1279,-16.6988720684073,-0.142714378038578,-0.142718644404183
2020-08-31 00:30:00,1279.02083333333,-16.4951508480447,-0.11007267930002,-0.110076947500453
2020-08-31 01:00:00,1279.04166666667,-16.2289292402235,-0.067474527303793,-0.0674787973385073
2020-08-31 02:00:00,1279.08333333333,-16.5771382914894,-0.122566468235866,-0.122570741937494
2020-08-31 02:30:00,1279.10416666667,-16.341564018427,-0.0848501680971496,-0.0848544436314101
2020-08-31 03:00:00,1279.125,-16.627315377551,-0.130181316936423,-0.130185594302766
2020-08-31 03:30:00,1279.14583333333,-16.5093154003711,-0.111194492626025,-0.111198771823899
2020-08-31 04:00:00,1279.16666666667,-16.8046382510638,-0.15805019343475,-0.158054474463605
2020-08-31 04:30:00,1279.1875,-16.3969348096629,-0.0929132068195129,-0.0929174896787994
2020-08-31 05:00:00,1279.20833333333,-16.8306345233766,-0.161812247413121,-0.161816532102288
2020-08-31 05:30:00,1279.22916666667,-16.7140482187384,-0.143050235388427,-0.143054521906923
2020-08-31 06:00:00,1279.25,-16.9312340542553,-0.177458267178809,-0.177462555526084
2020-08-31 06:30:00,1279.27083333333,-16.8434776262687,-0.163288681872584,-0.163292972048083
2020-08-31 07:00:00,1279.29166666667,-16.8502319081633,-0.164174623608243,-0.164178915611418
2020-08-31 07:30:00,1279.3125,-16.7618218974026,-0.149900728962054,-0.149905022792351
2020-08-31 08:00:00,1279.33333333333,-16.5830637787234,-0.121234219628626,-0.121238515285494
2020-08-31 08:30:00,1279.35416666667,-16.5036494182022,-0.108393145454429,-0.108397442937316
2020-08-31 09:00:00,1279.375,-16.505192932282,-0.108448622074508,-0.108452921382861
2020-08-31 09:30:00,1279.39583333333,-16.6303066851301,-0.128188829576408,-0.128193130709673
2020-08-31 10:00:00,1279.41666666667,-16.3809147882979,-0.0882699230234866,-0.0882742259811121
2020-08-31 10:30:00,1279.4375,-16.4027842366292,-0.0915630461918924,-0.0915673509733252
2020-08-31 11:00:00,1279.45833333333,-15.9989814489796,-0.0270461815924224,-0.0270504881971094
2020-08-31 11:30:00,1279.47916666667,-15.7013840191095,0.0205521899782065,0.020547881550819
2020-08-31 12:00:00,1279.5,-16.4003403914894,-0.0906010749626363,-0.0906053852121704
2020-08-31 12:30:00,1279.52083333333,-15.6933505892135,0.0222139867377322,0.0222096746666069
2020-08-31 13:00:00,1279.54166666667,-16.1191887500935,-0.0454311593377706,-0.0454354732299345
2020-08-31 17:00:00,1279.70833333333,-17.8851502896104,-0.325217213054042,-0.325221541494538
2020-08-31 18:00:00,1279.75,-15.8738181586271,-0.00442638573070941,-0.00443071780273152
2020-08-31 19:00:00,1279.79166666667,-17.1935502115242,-0.214276079249216,-0.214280414950537
2020-08-31 20:00:00,1279.83333333333,-14.8263494345725,0.163205645627318,0.163201306298923
2020-08-31 21:00:00,1279.875,-14.8260241220779,0.163642801292824,0.163638458339585
2020-08-31 22:00:00,1279.91666666667,-13.8525241412639,0.319107760541937,0.319103413966087
2020-08-31 23:00:00,1279.95833333333,-14.2195296298148,0.261029623859504,0.261025273663274
2020-09-01,1280,-14.3306314735185,0.243717503755243,0.243713149940866
2020-09-01 01:00:00,1280.04166666667,-14.1467296240741,0.273400065666704,0.273395708236419
2020-09-01 02:30:00,1280.10416666667,-14.0306616990706,0.292470785351538,0.292466422501584
2020-09-01 03:30:00,1280.14583333333,-13.8106679137291,0.327903774784955,0.327899408324687
2020-09-01 04:30:00,1280.1875,-13.5627884940631,0.367779347882708,0.367774977814369
2020-09-01 05:30:00,1280.22916666667,-13.6922174765799,0.347549804873502,0.347545431199336
2020-09-01 06:30:00,1280.27083333333,-13.7171020319109,0.343974645614482,0.343970268336733
2020-09-01 07:30:00,1280.3125,-13.4777235714286,0.382497155211549,0.382492774332462
2020-09-01 08:30:00,1280.35416666667,-13.5028923857143,0.378877476281134,0.378873091802961
2020-09-01 09:30:00,1280.39583333333,-13.524322812616,0.375853706324469,0.375849318249457
2020-09-01 10:30:00,1280.4375,-13.5327940766234,0.374894721269707,0.374890329600108
2020-09-01 11:30:00,1280.47916666667,-13.1575464758364,0.435062806378765,0.435058411116833
2020-09-01 12:30:00,1280.52083333333,-12.6724304307978,0.51273339376189,0.51272899490988
2020-09-01 13:30:00,1280.5625,-13.9414712580705,0.310965918234694,0.310961515794861
2020-09-01 14:30:00,1280.60416666667,-14.7517022567416,0.182287556465027,0.182283150439631
2020-09-01 18:30:00,1280.77083333333,-14.2379628699443,0.265698467064362,0.265694046719324
2020-09-01 19:30:00,1280.8125,-13.8221428519481,0.33233280633341,0.332328382414123
2020-09-01 20:30:00,1280.85416666667,-12.2581929391466,0.581865437294166,0.5818610098029
2020-09-01 21:30:00,1280.89583333333,-12.0880317020522,0.609366914975572,0.609362483914593
2020-09-01 22:30:00,1280.9375,-11.8225157760668,0.652058841316018,0.652054406687599
2020-09-01 23:30:00,1280.97916666667,-11.5211020473098,0.700469691665512,0.700465253471927
2020-09-02 00:30:00,1281.02083333333,-11.4756148237037,0.708111645028019,0.708107203271541
2020-09-02 02:00:00,1281.08333333333,-12.1028379675978,0.608788967817093,0.608784520720545
2020-09-02 03:00:00,1281.125,-12.2752337667904,0.581722944487335,0.581718493833587
2020-09-02 04:00:00,1281.16666666667,-12.4347031372913,0.556716487946361,0.556712033737693
2020-09-02 05:00:00,1281.20833333333,-12.7380484242086,0.508790872361954,0.50878641460065
2020-09-02 06:00:00,1281.25,-13.0687532480519,0.456507240047271,0.456502778735613
2020-09-02 07:00:00,1281.29166666667,-13.3584359860853,0.410758832166486,0.410754367306758
2020-09-02 08:00:00,1281.33333333333,-13.3511716576493,0.412314680821606,0.412310212416096
2020-09-02 09:00:00,1281.375,-13.0702569875233,0.457463600902863,0.457459128953859
2020-09-02 10:00:00,1281.41666666667,-12.421582544898,0.561197291785353,0.561192816295144
2020-09-02 11:00:00,1281.45833333333,-12.1649573250464,0.602477637348465,0.602473158319345
2020-09-02 12:00:00,1281.5,-11.8712625471136,0.649663565831082,0.64965908326534
2020-09-02 13:00:00,1281.54166666667,-11.5606728496283,0.699541242693375,0.69953675659331
2020-09-02 14:00:00,1281.58333333333,-11.1243101460526,0.769455024721105,0.769450535089011
2020-09-02 15:00:00,1281.625,-10.7295996426692,0.832733956703888,0.832729463542061
2020-09-02 16:00:00,1281.66666666667,-10.3238026240789,0.897779353486811,0.897774856797555
2020-09-02 20:00:00,1281.83333333333,-10.8804916268156,0.810708710400275,0.810704199624319
2020-09-02 21:00:00,1281.875,-10.7755578492537,0.82782824982019,0.827823735528324
2020-09-02 22:00:00,1281.91666666667,-10.6236666698324,0.85242851067953,0.852423992874065
2020-09-02 23:00:00,1281.95833333333,-10.5169106497207,0.86983908196652,0.869834560649764
2020-09-03,1282,-10.4641057382189,0.878655576450472,0.878651051624737
2020-09-03 01:30:00,1282.0625,-10.202734679128,0.92089982404496,0.920895293960097
2020-09-03 02:30:00,1282.10416666667,-10.105912809295,0.936729183919738,0.936724650331686
2020-09-03 03:30:00,1282.14583333333,-9.95933396029685,0.960485238758216,0.960480701669291
2020-09-03 04:30:00,1282.1875,-9.93058626387755,0.96547107920501,0.965466538617531
2020-09-03 05:30:00,1282.22916666667,-9.87460295558442,0.974795944295601,0.974791400211891
2020-09-03 06:30:00,1282.27083333333,-9.76700926799629,0.992342751690179,0.99233820411256
2020-09-03 07:30:00,1282.3125,-10.1069721329368,0.938593852229812,0.938589301160608
2020-09-03 08:30:00,1282.35416666667,-10.9916029623377,0.798079328387866,0.798074773829404
2020-09-03 09:30:00,1282.39583333333,-11.2784471270872,0.752793018784897,0.752788460739504
2020-09-03 10:30:00,1282.4375,-11.1725918486085,0.770064382281169,0.770059820751171
2020-09-03 11:30:00,1282.47916666667,-11.031025987384,0.793024838083737,0.793020273071468
2020-09-03 12:30:00,1282.52083333333,-10.8726122461967,0.818669543950097,0.818664975457889
2020-09-03 13:30:00,1282.5625,-10.7505168664794,0.838529079417014,0.838524507447197
2020-09-03 14:30:00,1282.60416666667,-10.7191310900749,0.843938880580242,0.843934305135154
2020-09-03 15:30:00,1282.64583333333,-10.6818858857834,0.850282462909102,0.850277883991082
2020-09-03 16:30:00,1282.6875,-11.2611527078212,0.758415608782335,0.758411026393716
2020-09-03 17:30:00,1282.72916666667,-11.7956963266667,0.67367356257895,0.673668976722076
2020-09-03 21:30:00,1282.89583333333,-10.7843773383648,0.83642562992994,0.836421030223474
2020-09-03 22:00:00,1282.91666666667,-10.7648047403694,0.839750002500985,0.839745401065959
2020-09-03 22:30:00,1282.9375,-11.0282337671614,0.797992106140319,0.79798750297732
2020-09-03 23:30:00,1282.97916666667,-11.4092063288104,0.737716252830142,0.737711646212959
2020-09-04 00:30:00,1283.02083333333,-11.160817070122,0.77769855546519,0.777693945396176
2020-09-04 01:00:00,1283.04166666667,-11.197367000266,0.772083121600902,0.772078509806853
2020-09-04 01:30:00,1283.0625,-11.5821518681481,0.710993705276337,0.710989091757843
2020-09-04 02:30:00,1283.10416666667,-11.5155092581481,0.722024372692159,0.722019755726538
2020-09-04 03:00:00,1283.125,-11.3333048664634,0.751257026358022,0.751252407669721
2020-09-04 03:30:00,1283.14583333333,-11.124454544385,0.784734487645288,0.784729867234898
2020-09-04 04:00:00,1283.16666666667,-11.1288701205937,0.784238630774612,0.784234008642721
2020-09-04 05:00:00,1283.20833333333,-11.1508185001852,0.78115760878899,0.781152983215863
2020-09-04 05:30:00,1283.22916666667,-11.0731219615854,0.793742545850769,0.79373791855791
2020-09-04 06:00:00,1283.25,-10.9415199672,0.814914752275787,0.814910123263786
2020-09-04 06:30:00,1283.27083333333,-10.774820387037,0.841678120904822,0.84167349017427
2020-09-04 07:30:00,1283.3125,-10.5791075836735,0.873271598125238,0.873266963959354
2020-09-04 08:00:00,1283.33333333333,-10.4798109878049,0.889297898154622,0.889293262271956
2020-09-04 08:30:00,1283.35416666667,-10.4659946830319,0.891707218329025,0.891702580730171
2020-09-04 09:00:00,1283.375,-10.4711892500186,0.891088184621746,0.891083545307294
2020-09-04 10:00:00,1283.41666666667,-10.4587444403333,0.893487855367818,0.893483212623946
2020-09-04 10:30:00,1283.4375,-10.4612515349693,0.893297212491387,0.893292568033692
2020-09-04 11:00:00,1283.45833333333,-10.4472254801592,0.895740403604651,0.895735757433724
2020-09-04 11:30:00,1283.47916666667,-10.2369388853519,0.929448130431078,0.929443482547515
2020-09-04 12:30:00,1283.52083333333,-10.0835851676481,0.954295605467169,0.954290954160105
2020-09-04 13:00:00,1283.54166666667,-10.7091656613497,0.854849381936661,0.854844728918736
2020-09-04 13:30:00,1283.5625,-10.6124627422872,0.870463513546258,0.870458858818064
2020-09-04 14:00:00,1283.58333333333,-11.3944740874074,0.746097926238913,0.746093269801044
2020-09-04 15:00:00,1283.625,-12.5692835942164,0.559368963696225,0.559364303840785
2020-09-04 15:30:00,1283.64583333333,-12.5264088144654,0.566408599315743,0.566403937752411
2020-09-04 16:00:00,1283.66666666667,-12.6490957529255,0.547074226111813,0.54706956284118
2020-09-04 16:30:00,1283.6875,-13.271050361194,0.448206247497653,0.448201582520314
2020-09-04 17:30:00,1283.72916666667,-15.6063712695896,0.0766079012317996,0.0766032328428325
2020-09-04 18:00:00,1283.75,-15.5226037779874,0.0901622308026439,0.0901575607087516
2020-09-04 18:30:00,1283.77083333333,-14.8490955098143,0.197662778582708,0.19765810678449
2020-09-04 19:00:00,1283.79166666667,-15.0119496065298,0.171930294999749,0.171925621497797
2020-09-04 22:30:00,1283.9375,-13.5835584456401,0.400948607298162,0.400943921886759
2020-09-05,1284,-14.4825027970093,0.258379455303047,0.258374764796538
2020-09-05 00:30:00,1284.02083333333,-13.3118284766423,0.445080001159613,0.445075308955932
2020-09-05 01:00:00,1284.04166666667,-13.2046729882129,0.462361327799274,0.462356633899015
2020-09-05 01:30:00,1284.0625,-13.617323414684,0.396837291422814,0.396832595826576
2020-09-05 02:30:00,1284.10416666667,-14.0054052089219,0.335438799117017,0.335434100130615
2020-09-05 03:00:00,1284.125,-14.3469413915751,0.281243584499001,0.281238883818411
2020-09-05 03:30:00,1284.14583333333,-14.1492272689394,0.312951419447195,0.312946717073019
2020-09-05 04:00:00,1284.16666666667,-14.236747222119,0.299221352837911,0.299216648770747
2020-09-05 05:00:00,1284.20833333333,-14.4882081591078,0.25958756637484,0.259582858923494
2020-09-05 05:30:00,1284.22916666667,-14.859343079562,0.200677704295888,0.200672995153352
2020-09-05 06:00:00,1284.25,-14.8056098715909,0.209449729133974,0.209445018300843
2020-09-05 06:30:00,1284.27083333333,-14.6144349460967,0.240116408206757,0.240111695683634
2020-09-05 08:00:00,1284.33333333333,-14.799799270438,0.211225411574541,0.211220693985038
2020-09-05 08:30:00,1284.35416666667,-14.8309242280303,0.206479921804069,0.206475202526972
2020-09-05 09:00:00,1284.375,-14.724117089777,0.22370720374926,0.223702482785168
2020-09-05 10:00:00,1284.41666666667,-14.5381468247212,0.253758327590271,0.253753603253996
2020-09-05 10:30:00,1284.4375,-14.3230109978022,0.288242717727793,0.288237991706326
2020-09-05 11:00:00,1284.45833333333,-14.2267094411321,0.303796813864584,0.30379208615853
2020-09-05 11:30:00,1284.47916666667,-13.6300630662338,0.399056287240757,0.399051557850715
2020-09-05 12:30:00,1284.52083333333,-14.6347472126394,0.239436214046441,0.239431481290226
2020-09-05 13:00:00,1284.54166666667,-14.8109853839416,0.211574897165117,0.211570162726719
2020-09-05 13:30:00,1284.5625,-14.7577962343396,0.220261606489011,0.220256870369031
2020-09-05 14:00:00,1284.58333333333,-16.7811243141002,-0.101842272723065,-0.101847010524022
2020-09-05 15:00:00,1284.625,-16.4843382836431,-0.0541363164972495,-0.0541410576583586
2020-09-05 15:30:00,1284.64583333333,-17.425850399635,-0.203905869747623,-0.203910612587901
2020-09-05 16:00:00,1284.66666666667,-17.0040489762264,-0.136498512034219,-0.136503256553065
2020-09-05 16:30:00,1284.6875,-16.3643988894249,-0.0343876166958488,-0.0343923628926593
2020-09-05 17:30:00,1284.72916666667,-16.3705065016698,-0.0349319353751295,-0.0349366849260567
2020-09-05 18:00:00,1284.75,-16.1441496178832,0.00134132682135901,0.0013365755942758
2020-09-05 18:30:00,1284.77083333333,-16.3888302524528,-0.0374219345061862,-0.0374266874088172
2020-09-05 19:00:00,1284.79166666667,-16.8734033552045,-0.11440014771339,-0.114404902290967
2020-09-05 20:00:00,1284.83333333333,-15.5454916500928,0.0975666616243763,0.0975619036987236
2020-09-05 20:30:00,1284.85416666667,-14.5707262817518,0.25306237875384,0.253057619155056
2020-09-05 21:00:00,1284.875,-12.7945384253846,0.536225360553936,0.536220599282624
2020-09-06,1285,-12.4698033352505,0.589247694955275,0.589242923661517
2020-09-06 01:00:00,1285.04166666667,-12.4931929649351,0.585953026783225,0.585948252153498
2020-09-06 01:30:00,1285.0625,-12.5825751607843,0.571930171460266,0.571925395163465
2020-09-06 02:00:00,1285.08333333333,-12.58194999625,0.572245642312452,0.572240864349186
2020-09-06 02:30:00,1285.10416666667,-12.6051892461967,0.568759584202074,0.568754804572946
2020-09-06 03:30:00,1285.14583333333,-12.6524879345083,0.56165707922345,0.561652296264423
2020-09-06 04:00:00,1285.16666666667,-12.739596946841,0.547996790110818,0.547992005487753
2020-09-06 04:30:00,1285.1875,-12.71262497875,0.552509771910559,0.552504985624063
2020-09-06 05:00:00,1285.20833333333,-12.7693388914815,0.543691622271832,0.543686834322515
2020-09-06 06:00:00,1285.25,-12.5295870483333,0.582317364018318,0.582312572745179
2020-09-06 06:30:00,1285.27083333333,-12.4804596777778,0.590360073814788,0.590355280880651
2020-09-06 07:00:00,1285.29166666667,-12.3708642246914,0.608035481438213,0.608030686843686
2020-09-06 07:30:00,1285.3125,-12.3264481359259,0.615327858788033,0.615323062533725
2020-09-06 08:30:00,1285.35416666667,-12.453575912037,0.59551030555588,0.595505505983841
2020-09-06 09:00:00,1285.375,-12.3546383254902,0.611488263419374,0.611483462189382
2020-09-06 09:30:00,1285.39583333333,-12.3926173197531,0.605655401047096,0.605650598159761
2020-09-06 10:00:00,1285.41666666667,-12.0188814631481,0.66540909753626,0.665404292992193
2020-09-06 11:00:00,1285.45833333333,-11.7190630714286,0.713605263096049,0.713600455240344
2020-09-06 11:30:00,1285.47916666667,-11.6038060827887,0.732183357744003,0.732178548233395
2020-09-06 12:00:00,1285.5,-11.5485184765432,0.741208375711819,0.741203564546918
2020-09-06 12:30:00,1285.52083333333,-12.0957425807407,0.654252936406072,0.654248123587489
2020-09-06 13:30:00,1285.5625,-14.2998740698148,0.303568984364348,0.303564168240233
2020-09-06 14:00:00,1285.58333333333,-14.4326426882353,0.282636866237249,0.282632048461288
2020-09-06 14:30:00,1285.60416666667,-14.3638271296296,0.29381734021559,0.293812520788391
2020-09-06 15:00:00,1285.625,-14.530037093321,0.267558169162481,0.267553348084656
2020-09-06 16:00:00,1285.66666666667,-13.8247222233333,0.380351987611536,0.380347163234297
2020-09-06 16:30:00,1285.6875,-13.348315927451,0.456462311630106,0.456457485604075
2020-09-06 17:00:00,1285.70833333333,-13.3270246888889,0.460072570297472,0.460067742623265
2020-09-06 17:30:00,1285.72916666667,-15.2280092624074,0.157463006901211,0.157458177579439
2020-09-06 18:30:00,1285.77083333333,-13.73354814,0.395969272261376,0.395964439646311
2020-09-06 19:00:00,1285.79166666667,-12.0653703655773,0.66193008673944,0.661925252478651
2020-09-06 19:30:00,1285.8125,-11.9915432271605,0.673909793929717,0.673904958023814
2020-09-06 20:00:00,1285.83333333333,-12.5409185275926,0.586612995605738,0.586608158055336
2020-09-06 21:00:00,1285.875,-12.0844574038889,0.659766002970096,0.659761162132537
2020-09-06 21:30:00,1285.89583333333,-12.0334117511983,0.66811695640576,0.668112113925541
2020-09-06 22:00:00,1285.91666666667,-11.89423743625,0.690506956947066,0.690502112824804
2020-09-07 01:30:00,1286.0625,-12.343246285,0.620518023554192,0.620513167954834
2020-09-07 02:00:00,1286.08333333333,-12.4274815296296,0.607319426431161,0.607314569194678
2020-09-07 02:30:00,1286.10416666667,-12.3836701039175,0.614518843373948,0.614513984500957
2020-09-07 03:00:00,1286.125,-12.2933784534323,0.629122681286792,0.62911782077791
2020-09-07 04:00:00,1286.16666666667,-11.9894768055659,0.677975321630111,0.677970457851293
2020-09-07 04:30:00,1286.1875,-11.6562221981481,0.731283595882382,0.73127873046952
2020-09-07 05:00:00,1286.20833333333,-11.5238288678351,0.752594612989316,0.752589745943027
2020-09-07 05:30:00,1286.22916666667,-11.2691057586271,0.793392939099738,0.793388070420639
2020-09-07 06:30:00,1286.27083333333,-11.0548923877551,0.827959051037889,0.827954179095024
2020-09-07 07:00:00,1286.29166666667,-10.9938149037037,0.83790975393087,0.837904880357047
2020-09-07 07:30:00,1286.3125,-10.9569691294239,0.844000415834801,0.843995540630637
2020-09-07 08:00:00,1286.33333333333,-10.8804656656772,0.85640866367623,0.856403786842343
2020-09-07 09:00:00,1286.375,-10.8547555675926,0.860946946349659,0.860942066258183
2020-09-07 09:30:00,1286.39583333333,-10.9914815185185,0.839387858883891,0.839382977164547
2020-09-07 10:00:00,1286.41666666667,-10.9378944155279,0.848145864459198,0.848140981112604
2020-09-07 10:30:00,1286.4375,-11.1886462796296,0.808422542615991,0.808417657642765
2020-09-07 11:30:00,1286.47916666667,-10.9165129601852,0.852217095927933,0.852212207703301
2020-09-07 12:00:00,1286.5,-10.9696110981481,0.843980416305049,0.843975526455646
2020-09-07 12:30:00,1286.52083333333,-10.8771419876543,0.858932790795484,0.858927899321926
2020-09-07 13:00:00,1286.54166666667,-10.6856703564815,0.889656424960109,0.889651531863016
2020-09-07 14:00:00,1286.58333333333,-11.709187045,0.727053880073909,0.727048983731606
2020-09-07 14:30:00,1286.60416666667,-12.1298888722222,0.660258106823434,0.660253208859456
2020-09-07 15:00:00,1286.625,-11.9859381342268,0.683411977987415,0.683407078402385
2020-09-07 15:30:00,1286.64583333333,-11.424204109462,0.773119112526,0.773114211320536
2020-09-07 16:30:00,1286.6875,-12.2975740785185,0.63443591988084,0.634431015436369
2020-09-07 17:00:00,1286.70833333333,-12.4050740907407,0.617533855630866,0.617528949567823
2020-09-07 17:30:00,1286.72916666667,-12.5375802590535,0.596648379971022,0.596643472290029
2020-09-07 18:00:00,1286.75,-11.9277555548148,0.694016829883837,0.694011920585517
2020-09-07 19:00:00,1286.79166666667,-11.7060574122222,0.729779641080931,0.729774728549818
2020-09-07 19:30:00,1286.8125,-11.6721110611111,0.73541051892871,0.735405604782135
2020-09-07 20:00:00,1286.83333333333,-11.4963991711934,0.7636248353979,0.763619919636481
2020-09-07 20:30:00,1286.85416666667,-10.9019240998148,0.858548512880674,0.858543595505036
2020-09-07 21:30:00,1286.89583333333,-10.8753129638889,0.863234694182163,0.863229773579956
2020-09-07 22:30:00,1286.9375,-10.7762318304348,0.879465745348236,0.879460821521951
2020-09-07 23:00:00,1286.95833333333,-10.7096453102564,0.890296833727026,0.890291908289634
2020-09-07 23:30:00,1286.97916666667,-10.6021319949814,0.907647676593109,0.907642749545235
2020-09-08 03:00:00,1287.125,-9.85025417820037,1.0289920419668,1.02898710366303
2020-09-08 03:30:00,1287.14583333333,-9.7297677284252,1.04841020764819,1.04840526773893
2020-09-08 04:00:00,1287.16666666667,-9.68868070614035,1.05518007431353,1.05517513279941
2020-09-08 04:30:00,1287.1875,-9.63411872792208,1.06409659758254,1.06409165446418
2020-09-08 05:30:00,1287.22916666667,-9.61296658166976,1.0679159312597,1.06791098493473
2020-09-08 06:00:00,1287.25,-9.65711416409449,1.06110821028875,1.06110326236142
2020-09-08 06:30:00,1287.27083333333,-9.63507369189474,1.06484438009714,1.06483943056808
2020-09-08 07:00:00,1287.29166666667,-9.74365370003704,1.04777270039408,1.04776774926391
2020-09-08 08:00:00,1287.33333333333,-9.72601112461111,1.05103382057476,1.05102886624424
2020-09-08 08:30:00,1287.35416666667,-9.75118896956693,1.04724842394433,1.04724346801458
2020-09-08 09:00:00,1287.375,-9.75944210235088,1.04615923229194,1.04615427476359
2020-09-08 09:30:00,1287.39583333333,-9.79742222561111,1.040334596019,1.04032963689268
2020-09-08 10:30:00,1287.4375,-9.75100186311111,1.04818090044593,1.04817593812553
2020-09-08 11:00:00,1287.45833333333,-9.67455120141732,1.06058542843306,1.06058046451657
2020-09-08 11:30:00,1287.47916666667,-9.66003144513986,1.06312440502069,1.06311943950873
2020-09-08 12:00:00,1287.5,-9.53332962812963,1.0835341501106,1.0835291830038
2020-09-08 13:00:00,1287.54166666667,-9.64992404653704,1.06541294420036,1.06540797390577
2020-09-08 13:30:00,1287.5625,-9.84630313236221,1.03435592859986,1.03435095671231
2020-09-08 14:00:00,1287.58333333333,-9.79351750276224,1.04299111616771,1.04298614268783
2020-09-08 14:30:00,1287.60416666667,-9.83179628838889,1.03711976323018,1.03711478815861
2020-09-08 15:30:00,1287.64583333333,-9.77061780506494,1.04731876690882,1.04731378865573
2020-09-08 16:00:00,1287.66666666667,-9.58933069937008,1.07642467493694,1.07641969509404
2020-09-08 16:30:00,1287.6875,-9.52239514391608,1.08731438509439,1.08730940366231
2020-09-08 17:00:00,1287.70833333333,-9.56929072781482,1.08007079917854,1.0800658161579
2020-09-08 18:00:00,1287.75,-9.6221500045,1.07210436404726,1.07209937785141
2020-09-08 18:30:00,1287.77083333333,-10.4290354484252,0.943794107468676,0.943789119686165
2020-09-08 19:00:00,1287.79166666667,-10.0525244691608,1.00399983242819,1.00399484305964
2020-09-08 19:30:00,1287.8125,-10.5431703740741,0.926066931682372,0.926061940728427
2020-09-08 20:30:00,1287.85416666667,-9.94703518705555,1.02148663479597,1.02148164067311
2020-09-08 21:00:00,1287.875,-9.28471259248031,1.12722269664487,1.1272177009385
2020-09-08 21:30:00,1287.89583333333,-9.06851580091228,1.16189068477632,1.16188568748707
2020-09-08 22:30:00,1287.9375,-8.59501118873371,1.2377759337532,1.23777093330009
2020-09-08 23:30:00,1287.97916666667,-8.4283011101487,1.26478893597353,1.26478393235908
2020-09-09,1288,-8.59336738897727,1.23872187164054,1.23871686644637
2020-09-09 00:30:00,1288.02083333333,-8.60543066543796,1.23702838025592,1.23702337348266
2020-09-09 01:00:00,1288.04166666667,-9.10343447513109,1.15792429997243,1.15791929162071
2020-09-09 04:30:00,1288.1875,-9.15538407243043,1.15124905541643,1.15124403603324
2020-09-09 05:00:00,1288.20833333333,-9.14062964995643,1.15382840931912,1.15382338836254
2020-09-09 05:30:00,1288.22916666667,-9.27760006175,1.132237973739,1.13223295120966
2020-09-09 06:00:00,1288.25,-9.05974582935065,1.16717144255187,1.16716641845041
2020-09-09 07:00:00,1288.29166666667,-9.01656691845725,1.17450839664977,1.17450336940596
2020-09-09 07:30:00,1288.3125,-8.98514003881838,1.17974410980152,1.1797390809875
2020-09-09 08:00:00,1288.33333333333,-8.93721250325,1.18760847412795,1.18760344374434
2020-09-09 08:30:00,1288.35416666667,-8.8674182039777,1.19895631440282,1.19895128245025
2020-09-09 09:30:00,1288.39583333333,-8.90851853161111,1.19286837436444,1.19286333927588
2020-09-09 10:00:00,1288.41666666667,-8.97710026147757,1.18217306872807,1.18216803207246
2020-09-09 10:30:00,1288.4375,-8.95723453580247,1.18556759071144,1.18556255248943
2020-09-09 11:00:00,1288.45833333333,-8.98971113103704,1.18062402828634,1.18061898849855
2020-09-09 12:00:00,1288.5,-8.81130737201852,1.20950409342825,1.20949905051082
2020-09-09 12:30:00,1288.52083333333,-8.74653314945245,1.22005290974926,1.22004786526797
2020-09-09 14:30:00,1288.60416666667,-8.97934321447124,1.18388789122826,1.18388284049787
2020-09-09 15:30:00,1288.64583333333,-8.71901858595547,1.22581919318771,1.2258141393366
2020-09-09 17:00:00,1288.70833333333,-8.99513132909091,1.1825269728899,1.18252191436248
2020-09-09 17:30:00,1288.72916666667,-8.95871362465909,1.18855942026813,1.18855436018322
2020-09-09 18:00:00,1288.75,-8.56743309498141,1.25112185360062,1.25111679195885
2020-09-09 19:00:00,1288.79166666667,-9.02253246319109,1.1790867824985,1.17908171774494
2020-09-09 20:00:00,1288.83333333333,-9.41478787050505,1.1170631361336,1.1170580682708
2020-09-09 20:30:00,1288.85416666667,-9.31687243589977,1.13289272125063,1.13288765183416
2020-09-09 21:30:00,1288.89583333333,-8.84492962444445,1.2085369735436,1.20853190102173
2020-09-09 22:30:00,1288.9375,-8.01758517137037,1.34079729758478,1.34079222196006
2020-09-09 23:00:00,1288.95833333333,-7.91024272893204,1.35812903211608,1.3581239549409
2020-09-09 23:30:00,1288.97916666667,-7.90380550688787,1.35938657690732,1.35938149818232
2020-09-10,1289,-7.85041189445269,1.3681243921905,1.36811931191631
2020-09-10 01:00:00,1289.04166666667,-7.79420779139147,1.37754234702756,1.37753726365692
2020-09-10 01:30:00,1289.0625,-8.22866017621359,1.30856619798954,1.30856111307164
2020-09-10 02:00:00,1289.08333333333,-8.24499771510298,1.30619612652659,1.30619104006207
2020-09-10 02:30:00,1289.10416666667,-8.86116297325926,1.2082731545384,1.2082680665279
2020-09-10 03:30:00,1289.14583333333,-8.96324863536178,1.19247627479978,1.19247118369924
2020-09-10 04:00:00,1289.16666666667,-8.84386407951456,1.21172716503095,1.21172207238636
2020-09-10 04:30:00,1289.1875,-8.918219697254,1.20011519083951,1.2001100966515
2020-09-10 05:00:00,1289.20833333333,-8.80660488361423,1.21812852291257,1.21812342718179
2020-09-10 06:00:00,1289.25,-8.77298503246729,1.22395046505099,1.22394536623659
2020-09-10 06:30:00,1289.27083333333,-8.75482825131313,1.22707611653073,1.22707101617548
2020-09-10 07:00:00,1289.29166666667,-8.73986008190367,1.22969390341048,1.22968880151503
2020-09-10 07:30:00,1289.3125,-8.74963058992537,1.22837088479647,1.22836578136146
2020-09-10 08:30:00,1289.35416666667,-8.97290094158878,1.19327086919591,1.19326576268371
2020-09-10 09:00:00,1289.375,-9.24785863494949,1.14970359277069,1.14969848472086
2020-09-10 09:30:00,1289.39583333333,-9.22307780006865,1.15388496147108,1.15387985188426
2020-09-10 10:00:00,1289.41666666667,-9.24306741812734,1.15093444837466,1.1509293372515
2020-09-10 11:00:00,1289.45833333333,-9.30797014479478,1.1410633422564,1.14105822806248
2020-09-10 11:30:00,1289.47916666667,-9.31806130295918,1.13968991076465,1.13968479503631
2020-09-10 12:00:00,1289.5,-9.27006419864679,1.14757006422599,1.14756494696389
2020-09-10 12:30:00,1289.52083333333,-9.07335634376866,1.17914002972297,1.17913491092773
2020-09-10 13:30:00,1289.5625,-8.82121122648598,1.21977570386206,1.21977058200251
2020-09-10 14:00:00,1289.58333333333,-8.25457575343434,1.31027565270867,1.31027052931793
2020-09-10 14:30:00,1289.60416666667,-8.0449587268578,1.34390239098189,1.34389726606061
2020-09-10 16:30:00,1289.6875,-7.69166575711956,1.40112142830407,1.40111629726706
2020-09-17 19:00:00,1296.79166666667,-10.2823642996654,1.07316265816233,1.07315704479527
2020-09-17 20:00:00,1296.83333333333,-9.6824450632216,1.16925322485313,1.16924760889072
2020-09-17 20:30:00,1296.85416666667,-9.52248822023555,1.19499607407582,1.19499045681678
2020-09-17 21:00:00,1296.875,-9.43167142942857,1.20972493554665,1.20971931699167
2020-09-17 21:30:00,1296.89583333333,-8.97909108434944,1.28208306166882,1.28207744181861
2020-09-17 22:00:00,1296.91666666667,-8.97469145107807,1.28304575202618,1.28304013088142
2020-09-17 22:30:00,1296.9375,-9.50606395541578,1.19865962986101,1.19865400742242
2020-09-17 23:00:00,1296.95833333333,-9.68694284928571,1.17010746214484,1.17010183841311
2020-09-17 23:30:00,1296.97916666667,-10.0007612074627,1.12037801456531,1.12037238954113
2020-09-18,1297,-10.0565195602235,1.11175778202866,1.11175215571274
2020-09-18 00:30:00,1297.02083333333,-10.3751505495269,1.06126182237246,1.06125619476548
2020-09-18 01:00:00,1297.04166666667,-10.2980285488571,1.07380966852908,1.07380403963175
2020-09-18 01:30:00,1297.0625,-10.2989140211028,1.0739309401716,1.07392530998462
2020-09-18 02:00:00,1297.08333333333,-10.3617434372285,1.064184568921,1.06417893744507
2020-09-18 02:30:00,1297.10416666667,-10.8714731180645,0.983246737740906,0.98324110497672
2020-09-18 03:00:00,1297.125,-11.0226000471429,0.959434652743287,0.959429018691548
2020-09-18 03:30:00,1297.14583333333,-11.2419439300935,0.924755629777106,0.92474999443851
2020-09-18 04:00:00,1297.16666666667,-11.3916168076636,0.901175319254142,0.901169682629388
2020-09-18 04:30:00,1297.1875,-11.7415419225806,0.845694755683688,0.845689117773476
2020-09-18 05:00:00,1297.20833333333,-11.7490142857143,0.844767231624221,0.844761592429253
2020-09-18 05:30:00,1297.22916666667,-11.9105644964486,0.819295067733377,0.819289427254347
2020-09-18 06:00:00,1297.25,-12.1198841001869,0.786213276763933,0.786207635001546
2020-09-18 06:30:00,1297.27083333333,-12.3107354810753,0.756073558221978,0.756067915176931
2020-09-18 07:00:00,1297.29166666667,-12.3717571957143,0.746615869587648,0.746610225260641
2020-09-18 07:30:00,1297.3125,-12.4618186842991,0.732532195473972,0.732526549865707
2020-09-18 08:00:00,1297.33333333333,-12.7892243166355,0.680639500880344,0.680633853991521
2020-09-18 08:30:00,1297.35416666667,-12.8110064565591,0.677432918225413,0.677427270056729
2020-09-18 09:00:00,1297.375,-12.7304143357143,0.69053469962998,0.69052905018214
2020-09-18 09:30:00,1297.39583333333,-12.6045644721495,0.710846142919062,0.710840492192764
2020-09-18 10:00:00,1297.41666666667,-12.4964373981308,0.72833440426229,0.728328752258235
2020-09-18 10:30:00,1297.4375,-12.5363634389247,0.722237769675183,0.722232116394071
2020-09-18 11:00:00,1297.45833333333,-12.5548428471429,0.719557670009567,0.719552015452103
2020-09-18 11:30:00,1297.47916666667,-12.5246018792523,0.724638832066676,0.724633176233554
2020-09-18 12:00:00,1297.5,-12.5923644973832,0.714108023794501,0.71410236668643
2020-09-18 12:30:00,1297.52083333333,-12.6083505341935,0.71182533285163,0.711819674469306
2020-09-18 13:00:00,1297.54166666667,-12.5885572057143,0.715242391258729,0.715236731602855
2020-09-18 13:30:00,1297.5625,-12.6911177452336,0.699168461915138,0.699162800986416
2020-09-18 14:00:00,1297.58333333333,-12.9512280351402,0.657996815571122,0.657991153370256
2020-09-18 14:30:00,1297.60416666667,-12.7391763352688,0.692040982400971,0.692035318928658
2020-09-18 15:00:00,1297.625,-12.8538428842857,0.674038769461542,0.674033104718489
2020-09-18 15:30:00,1297.64583333333,-12.8960448480374,0.667580287460636,0.667574621447543
2020-09-18 16:00:00,1297.66666666667,-13.2776542149533,0.607054034278835,0.607048366996404
2020-09-18 16:30:00,1297.6875,-14.2843584707547,0.446949789250962,0.446944120699895
2020-09-18 18:00:00,1297.75,-14.0203042768089,0.489807621601185,0.489801949248429
2020-09-18 19:00:00,1297.79166666667,-14.5134277768519,0.41178225533915,0.411776580455448
2020-09-18 19:30:00,1297.8125,-14.4996386056931,0.414243765694732,0.414238089546611
2020-09-18 20:00:00,1297.83333333333,-14.4649926669118,0.420027844453576,0.420022167041743
2020-09-18 20:30:00,1297.85416666667,-15.0448351951852,0.327923541672176,0.327917862997332
2020-09-18 21:00:00,1297.875,-15.4660963068519,0.261081442228984,0.261075762291831
2020-09-18 21:30:00,1297.89583333333,-15.8266163267327,0.203915512428215,0.203909831229461
2020-09-18 22:00:00,1297.91666666667,-15.6080367647059,0.239000630137675,0.23899494767802
2020-09-18 22:30:00,1297.9375,-15.0706722322222,0.32486849169516,0.324862807975307
2020-09-18 23:00:00,1297.95833333333,-15.7589147992593,0.215496336677696,0.215490651698352
2020-09-18 23:30:00,1297.97916666667,-15.5568118700495,0.247956925642867,0.247951239404735
2020-09-19,1298,-15.6630799146667,0.231293868256257,0.231288180760041
2020-09-19 00:30:00,1298.02083333333,-16.4843981881481,0.100722868538455,0.100717179784863
2020-09-19 01:00:00,1298.04166666667,-17.0583981409259,0.00954992412202826,0.0095442341117612
2020-09-19 01:30:00,1298.0625,-17.1677623363861,-0.0076061420768383,-0.00761183334307802
2020-09-19 02:00:00,1298.08333333333,-17.0462499257353,0.0120166700734671,0.0120109775519648
2020-09-19 02:30:00,1298.10416666667,-17.5559240414815,-0.0689089125105125,-0.0689146062865749
2020-09-19 03:00:00,1298.125,-17.7772073914815,-0.103893570083286,-0.103899265113204
2020-09-19 03:30:00,1298.14583333333,-17.8069057615385,-0.108358533535949,-0.108364229819013
2020-09-19 04:00:00,1298.16666666667,-17.6249561883212,-0.0791077585066246,-0.0791134560421335
2020-09-19 04:30:00,1298.1875,-17.7397407807407,-0.0971268782751522,-0.0971325770624026
2020-09-19 05:00:00,1298.20833333333,-17.4647352359259,-0.0530520808295203,-0.0530577808678016
2020-09-19 05:30:00,1298.22916666667,-17.8027196029777,-0.106626944624527,-0.106632645913136
2020-09-19 06:00:00,1298.25,-17.7598475373555,-0.0995310367942528,-0.0995367393324831
2020-09-19 06:30:00,1298.27083333333,-18.0286228072368,-0.142080702515176,-0.142086406302319
2020-09-20,1299,-13.4382592627778,0.598536075967521,0.5985303289141
2020-09-21,1300,-14.7588926016667,0.401142672805888,0.401136867832172
2020-09-21 02:00:00,1300.08333333333,-15.2883555640741,0.317887881005993,0.317882071279899
2020-09-21 20:00:00,1300.83333333333,-16.4990147696296,0.134878061412455,0.134872209431859
2020-09-22,1301,-12.6396203685185,0.75188259508454,0.751876733840742
2020-09-22 07:00:00,1301.29166666667,-14.8997629662963,0.395700714872214,0.395694837529007
2020-09-22 13:30:00,1301.5625,-14.3991906978979,0.47903828279297,0.479032390627251
2020-09-22 14:00:00,1301.58333333333,-14.5110631831579,0.461493985147552,0.461488091846713
2020-09-22 16:00:00,1301.66666666667,-13.9984568368627,0.54426146015799,0.544255562323913
2020-09-22 16:30:00,1301.6875,-13.9174667,0.557440636322527,0.557434737356949
2020-09-30 19:30:00,1309.8125,-22.4499404921933,-0.689089807745102,-0.689096091694471
2020-09-30 20:30:00,1309.85416666667,-20.9275241682156,-0.445968537191739,-0.44597482282132
2020-09-30 21:30:00,1309.89583333333,-20.6561750163873,-0.402142963468963,-0.402149250775711
2020-09-30 22:30:00,1309.9375,-20.3759292201117,-0.356899950514476,-0.35690623949535
2020-09-30 23:00:00,1309.95833333333,-20.021495331028,-0.30013847609628,-0.300144765913076
2020-10-01,1310,-20.3087746795158,-0.345302328719128,-0.345308620205482
2020-10-01 01:00:00,1310.04166666667,-20.3179368434944,-0.346161718458834,-0.346168011611705
2020-10-01 01:30:00,1310.0625,-20.3528327195167,-0.351420508035812,-0.351426802020795
2020-10-01 02:30:00,1310.10416666667,-20.1050575217069,-0.311349298041614,-0.31135559368855
2020-10-01 03:30:00,1310.14583333333,-20.0257713847584,-0.298118319971491,-0.298124617277326
2020-10-01 04:00:00,1310.16666666667,-19.9953159697026,-0.292966357334435,-0.292972655468579
2020-10-01 05:00:00,1310.20833333333,-19.9176196155844,-0.279988339569299,-0.279994639357777
2020-10-01 06:00:00,1310.25,-19.9815910672862,-0.289577909403205,-0.289584210842966
2020-10-01 06:30:00,1310.27083333333,-19.7931316823748,-0.259255557574658,-0.259261859838918
2020-10-01 07:30:00,1310.3125,-19.499052054461,-0.211807042477529,-0.211813346388501
2020-10-01 08:30:00,1310.35416666667,-19.378633836803,-0.192022719799711,-0.192029025354352
2020-10-01 09:00:00,1310.375,-19.3060854689591,-0.180164832902712,-0.18017113927804
2020-10-01 10:00:00,1310.41666666667,-19.1072894083488,-0.147894572908588,-0.147900880923008
2020-10-01 11:00:00,1310.45833333333,-19.0101710198885,-0.13182144518431,-0.131827754834772
2020-10-01 11:30:00,1310.47916666667,-18.6943228230056,-0.0812054797015448,-0.0812117901688812
2020-10-01 12:30:00,1310.52083333333,-18.4996827076067,-0.0495967814187502,-0.0496030935175531
2020-10-01 13:30:00,1310.5625,-19.0815549690875,-0.141686866886137,-0.141693180613352
2020-10-01 14:00:00,1310.58333333333,-18.8503122739777,-0.104548377306033,-0.104554691846314
2020-10-01 16:00:00,1310.66666666667,-18.6746592165736,-0.0753607873014323,-0.0753671050863338
2020-10-01 16:30:00,1310.6875,-18.8791988581784,-0.107642495350952,-0.107648813945098
2020-10-01 17:30:00,1310.72916666667,-18.3431487369888,-0.0216459782998428,-0.0216522985101947
2020-10-01 20:30:00,1310.85416666667,-17.2653846171598,0.151853811446565,0.151847486405924
2020-10-01 21:00:00,1310.875,-16.7211432578378,0.238853881541153,0.238847555698137
2020-10-01 21:30:00,1310.89583333333,-17.182059367718,0.165731696034747,0.16572536939012
2020-10-01 22:30:00,1310.9375,-16.00746193859,0.353450208691875,0.353443880446318
2020-10-01 23:00:00,1310.95833333333,-16.1794285886905,0.326358021005323,0.326351691960444
2020-10-01 23:30:00,1310.97916666667,-16.2888270497297,0.309233037934198,0.309226708090767
2020-10-02,1311,-16.7658422760668,0.233546488794778,0.233540158153555
2020-10-02 01:00:00,1311.04166666667,-17.2988701474954,0.149239544448586,0.149233212214074
2020-10-02 01:30:00,1311.0625,-17.5414970136095,0.110891370398533,0.110885037368526
2020-10-02 02:00:00,1311.08333333333,-17.5085094377358,0.116448821106774,0.11644248728203
2020-10-02 02:30:00,1311.10416666667,-17.6005963144444,0.102081869292358,0.102075534673647
2020-10-02 03:30:00,1311.14583333333,-17.3359962890741,0.144838090628612,0.144831754424258
2020-10-02 04:00:00,1311.16666666667,-17.7024911698225,0.0867578889028354,0.0867515519068053
2020-10-02 04:30:00,1311.1875,-17.7737951520216,0.0757018552612168,0.0756955174742793
2020-10-02 05:00:00,1311.20833333333,-17.5122110887037,0.117675172115813,0.117668833538727
2020-10-02 06:00:00,1311.25,-17.5546555666667,0.111519454441907,0.111513114286827
2020-10-02 06:30:00,1311.27083333333,-17.4129231017751,0.134400466665305,0.134394125722375
2020-10-02 07:00:00,1311.29166666667,-17.4189622838275,0.133741396735347,0.133735055005332
2020-10-02 07:30:00,1311.3125,-17.0554648216667,0.191949825069311,0.191943482552978
2020-10-02 08:30:00,1311.35416666667,-16.5333777653704,0.275724852071978,0.2757185079853
2020-10-02 09:00:00,1311.375,-16.5678815763314,0.270531533244143,0.27052518837344
2020-10-02 09:30:00,1311.39583333333,-16.5335120991914,0.276309825038505,0.276303479384544
2020-10-02 10:00:00,1311.41666666667,-15.7681240766667,0.398539940078694,0.398533593642239
2020-10-02 11:00:00,1311.45833333333,-15.8139610261596,0.39184473301932,0.391838385020177
2020-10-02 11:30:00,1311.47916666667,-16.0524319402367,0.354159541569132,0.354153192789793
2020-10-02 12:00:00,1311.5,-16.0086378491892,0.361439413560939,0.361433064002168
2020-10-02 12:30:00,1311.52083333333,-15.5684166512963,0.431870453341673,0.431864103004237
2020-10-02 13:30:00,1311.5625,-15.6203611092593,0.424202779780609,0.424196427888143
2020-10-02 14:00:00,1311.58333333333,-16.3161597366864,0.313665188471038,0.313658835802204
2020-10-02 14:30:00,1311.60416666667,-16.2855336738544,0.318847615652966,0.318841262208531
2020-10-02 15:00:00,1311.625,-16.6218074294444,0.265582685751328,0.265576331532058
2020-10-02 16:00:00,1311.66666666667,-16.8278148344444,0.23337313664889,0.233366780882247
2020-10-02 16:30:00,1311.6875,-16.6547041544379,0.2612536496633,0.261247293124123
2020-10-02 17:00:00,1311.70833333333,-16.644086251752,0.26324899315771,0.263242635846763
2020-10-02 17:30:00,1311.72916666667,-16.4228927883549,0.29878921994091,0.298782861858959
2020-10-02 18:30:00,1311.77083333333,-16.4658771303538,0.29254982134304,0.29254346172138
2020-10-02 22:00:00,1311.91666666667,-17.8259620764228,0.0780168926799379,0.07801052769345
2020-10-02 22:30:00,1311.9375,-17.7669353029412,0.0877243076054134,0.0877179418555916
2020-10-02 23:00:00,1311.95833333333,-17.8970222994434,0.0673058093881949,0.0672994428758033
2020-10-03,1312,-18.1051264026022,0.0347637201361632,0.0347573521009363
2020-10-03 00:30:00,1312.02083333333,-18.3347154634146,-0.00150539158895341,-0.00151176038445183
2020-10-03 01:00:00,1312.04166666667,-18.3644646823529,-0.00593982829282275,-0.00594619784782224
2020-10-03 01:30:00,1312.0625,-18.5242629335185,-0.0310911234015923,-0.0310974937153227
2020-10-03 02:30:00,1312.10416666667,-18.6467629933333,-0.0499959735440588,-0.0500023453729543
2020-10-03 03:00:00,1312.125,-18.8206585246612,-0.0773928396002734,-0.0773992121855973
2020-10-03 03:30:00,1312.14583333333,-18.8495614140351,-0.0816922289723084,-0.0816986023132992
2020-10-03 04:00:00,1312.16666666667,-18.8470018690741,-0.080979584902991,-0.0809859589988779
2020-10-03 05:00:00,1312.20833333333,-19.4626722114815,-0.178446361609684,-0.178452737213057
2020-10-03 05:30:00,1312.22916666667,-19.6701571864499,-0.211193824395071,-0.211200200751037
2020-10-03 06:00:00,1312.25,-19.6927075830409,-0.214481031676498,-0.214487408784286
2020-10-03 06:30:00,1312.27083333333,-19.3835240672222,-0.164922744677051,-0.164929122535899
2020-10-03 07:30:00,1312.3125,-19.7361074401852,-0.220479129221866,-0.220485508580522
2020-10-03 08:00:00,1312.33333333333,-20.2038265864499,-0.294681856792541,-0.29468823689995
2020-10-03 08:30:00,1312.35416666667,-20.1222222315789,-0.2813769132625,-0.281383294117893
2020-10-03 09:00:00,1312.375,-20.1693135927644,-0.288573244490566,-0.288579626093173
2020-10-03 10:00:00,1312.41666666667,-20.6342611453704,-0.362028875180854,-0.36203525827559
2020-10-03 10:30:00,1312.4375,-20.6412059878049,-0.362829703185645,-0.362836087025292
2020-10-03 11:00:00,1312.45833333333,-20.5698128426901,-0.351151189171819,-0.35115757375561
2020-10-03 11:30:00,1312.47916666667,-20.2625648209259,-0.30190078018133,-0.301907165508496
2020-10-03 12:30:00,1312.52083333333,-19.9646307927644,-0.253828383879478,-0.253834770691088
2020-10-03 13:00:00,1312.54166666667,-20.6783631422764,-0.367220744128722,-0.367227131681398
2020-10-03 13:30:00,1312.5625,-20.9736958461988,-0.413961697417182,-0.413968085710158
2020-10-03 14:00:00,1312.58333333333,-21.0435444577778,-0.424782829275933,-0.42478921830844
2020-10-03 15:00:00,1312.625,-22.2298981653704,-0.613158085917094,-0.613164476426355
2020-10-03 15:30:00,1312.64583333333,-21.8293360254743,-0.549042315982629,-0.549048707229118
2020-10-03 16:00:00,1312.66666666667,-21.4955613918129,-0.495565799289572,-0.495572191272514
2020-10-03 16:30:00,1312.6875,-22.7596864359926,-0.696635798965735,-0.696642191684364
2020-10-03 17:30:00,1312.72916666667,-22.086398137963,-0.588768313095348,-0.588774707283043
2020-10-03 18:00:00,1312.75,-20.7926684788043,-0.382370098321547,-0.382376493242619
2020-10-03 18:30:00,1312.77083333333,-21.3826047610465,-0.476041170070982,-0.476047565724666
2020-10-03 19:30:00,1312.8125,-20.6364907245353,-0.356572139756129,-0.356578536872722
2020-10-03 20:30:00,1312.85416666667,-21.1384944572491,-0.435928986338991,-0.435935384915419
2020-10-03 23:30:00,1312.97916666667,-20.3911780857143,-0.315041783163168,-0.315048186100625
2020-10-04 00:30:00,1313.02083333333,-20.162905380334,-0.278064371794436,-0.278070776179412
2020-10-04 01:30:00,1313.0625,-20.7515390496283,-0.371220555593875,-0.371226961423288
2020-10-04 02:00:00,1313.08333333333,-20.4943098382189,-0.329936903030218,-0.329943309580695
2020-10-04 03:00:00,1313.125,-21.3292230472119,-0.46232533295466,-0.462331740944953
2020-10-04 04:00:00,1313.16666666667,-21.7587249262082,-0.530131274996431,-0.530137684423461
2020-10-04 04:30:00,1313.1875,-21.7636827155844,-0.530613982392161,-0.530620392536404
2020-10-04 05:30:00,1313.22916666667,-22.3741703537037,-0.627250825833673,-0.627257237410031
2020-10-04 06:30:00,1313.27083333333,-22.3028886398887,-0.615281151796139,-0.61528756480153
2020-10-04 07:00:00,1313.29166666667,-22.3369666368519,-0.620402513426099,-0.620408927144848
2020-10-04 08:00:00,1313.33333333333,-21.9355083923933,-0.555835223926644,-0.555841639069803
2020-10-04 09:00:00,1313.375,-21.7026018698148,-0.51811817244419,-0.518124589008672
2020-10-04 09:30:00,1313.39583333333,-22.4066592742593,-0.629967517802043,-0.629973935076031
2020-10-04 10:30:00,1313.4375,-21.9942351559259,-0.563652928030011,-0.5636593467207
2020-10-04 11:30:00,1313.47916666667,-21.9533787514925,-0.556529169669695,-0.556535589774001
2020-10-04 12:00:00,1313.5,-21.6471944598148,-0.507446077229899,-0.507452498039854
2020-10-04 13:00:00,1313.54166666667,-21.4437179974026,-0.474416571605595,-0.47442299382454
2020-10-04 14:00:00,1313.58333333333,-21.7210222509259,-0.517975607450992,-0.517982031075842
2020-10-04 14:30:00,1313.60416666667,-23.6133055518519,-0.819109760876551,-0.819116185203196
2020-10-04 15:30:00,1313.64583333333,-24.9048777753704,-1.02424215451637,-1.02424858024429
2020-10-04 16:30:00,1313.6875,-23.4790649662338,-0.796493001215979,-0.796499428342087
2020-10-04 17:00:00,1313.70833333333,-23.7175629877778,-0.83417776611897,-0.834184193943016
2020-10-04 18:00:00,1313.75,-23.3555444085185,-0.775891540388597,-0.7758979696062
2020-10-04 19:30:00,1313.8125,-20.3871449756506,-0.302098462477843,-0.302104893779995
2020-10-04 20:00:00,1313.83333333333,-19.0590353241636,-0.0902212528110085,-0.0902276848064698
2020-10-04 21:00:00,1313.875,-20.136228620632,-0.261202002596014,-0.261208435975769
2020-10-04 22:00:00,1313.91666666667,-17.8948029453532,0.0964757889673893,0.0964693542064248
2020-10-05 01:00:00,1314.04166666667,-18.1981447157699,0.0500054699666743,0.0499990310806196
2020-10-05 02:00:00,1314.08333333333,-18.1499232506849,0.0583049308838225,0.0582984906289163
2020-10-05 02:30:00,1314.10416666667,-18.2137677919192,0.0484433856609144,0.0484369447227411
2020-10-05 03:00:00,1314.125,-17.8395386525,0.108367332289458,0.108360890668794
2020-10-05 03:30:00,1314.14583333333,-18.3182815646778,0.0324122629852506,0.0324058206828644
2020-10-05 04:30:00,1314.1875,-19.0738422860853,-0.087330938290837,-0.0873373819543455
2020-10-05 05:00:00,1314.20833333333,-19.3124343343434,-0.125029679302614,-0.125036123645528
2020-10-05 05:30:00,1314.22916666667,-19.5532869979499,-0.163088496682278,-0.163094941703823
2020-10-05 06:00:00,1314.25,-18.4793450714286,0.00830044494664678,0.00829399924724683
2020-10-05 07:00:00,1314.29166666667,-18.6599591957328,-0.019852940019911,-0.0198593870727071
2020-10-05 07:30:00,1314.3125,-18.5122221747475,0.00399102174061161,0.00398457401227986
2020-10-05 08:00:00,1314.33333333333,-18.3562720795918,0.0291433731599957,0.0291369247568954
2020-10-05 08:30:00,1314.35416666667,-18.6505065037106,-0.0174189500136904,-0.0174253990907801
2020-10-05 09:30:00,1314.39583333333,-18.6831796566667,-0.0220048219789168,-0.0220112724016714
2020-10-05 10:00:00,1314.41666666667,-18.6463535959596,-0.0158288504737992,-0.0158353015682264
2020-10-05 10:30:00,1314.4375,-18.4933567902273,0.00885324460686615,0.00884679284154266
2020-10-05 11:00:00,1314.45833333333,-18.6160407340741,-0.0103807598889024,-0.0103872123243548
2020-10-05 12:30:00,1314.52083333333,-18.7200605565657,-0.0260220410327967,-0.0260284954739829
2020-10-05 13:00:00,1314.54166666667,-18.5504613740909,0.0013050283122375,0.00129857320401949
2020-10-05 13:30:00,1314.5625,-18.1669012692737,0.0627162661233745,0.0627098103489013
2020-10-05 14:30:00,1314.60416666667,-17.5470166564007,0.16208412772013,0.162077670615461
2020-10-05 15:00:00,1314.625,-17.4986565707071,0.170097884622271,0.170091426853666
2020-10-05 15:30:00,1314.64583333333,-17.5339239797235,0.16478976233492,0.164783303903151
2020-10-05 16:00:00,1314.66666666667,-17.8641428723562,0.112495698370901,0.112489239276742
2020-10-05 17:00:00,1314.70833333333,-18.1338274467532,0.0701549573301432,0.0701484969135273
2020-10-05 17:30:00,1314.72916666667,-17.9958384151515,0.0924468713633242,0.0924404102866436
2020-10-05 18:00:00,1314.75,-17.8060229924138,0.122994806820538,0.122988345084564
2020-10-05 19:00:00,1314.79166666667,-17.6982891369403,0.140777413608807,0.140770950556568
2020-10-05 20:00:00,1314.83333333333,-16.7930484561567,0.285603588221372,0.285597123855965
2020-10-05 20:30:00,1314.85416666667,-16.0448485888889,0.405102765525993,0.405096300505166
2020-10-05 21:00:00,1314.875,-15.806132698627,0.443440821251743,0.443434355576267
2020-10-05 21:30:00,1314.89583333333,-15.5331884488806,0.487231519105341,0.487225052775991
2020-10-05 22:30:00,1314.9375,-15.4539813205224,0.500470358741297,0.500463891106524
2020-10-05 23:00:00,1314.95833333333,-15.3668990020202,0.514653237895576,0.51464676960925
2020-10-05 23:30:00,1314.97916666667,-15.4180002,0.506823423969447,0.506816955032348
2020-10-06 02:30:00,1315.10416666667,-16.3092536877778,0.366710801511357,0.366704328685869
2020-10-06 03:30:00,1315.14583333333,-16.3212379024164,0.365423589507271,0.36541711539185
2020-10-06 04:00:00,1315.16666666667,-16.5864660387006,0.323483558084263,0.323477083325039
2020-10-06 04:30:00,1315.1875,-16.6240216454054,0.317811962765212,0.317805487362962
2020-10-06 05:00:00,1315.20833333333,-16.5649294970315,0.327536463300435,0.327529987255929
2020-10-06 06:00:00,1315.25,-16.5915892364312,0.323911823959516,0.323905346632829
2020-10-06 06:30:00,1315.27083333333,-17.0091846384615,0.257699775043024,0.257693297076409
2020-10-06 07:00:00,1315.29166666667,-16.9081243048649,0.274109994694782,0.274103516089014
2020-10-06 07:30:00,1315.3125,-17.0540888894444,0.251169007559162,0.251162528315018
2020-10-06 08:30:00,1315.35416666667,-17.1534851833333,0.235957775360823,0.235951294842248
2020-10-06 09:00:00,1315.375,-17.139550840113,0.238488919065606,0.238482437910979
2020-10-06 09:30:00,1315.39583333333,-17.024946222043,0.257056948539743,0.257050466749839
2020-10-06 10:00:00,1315.41666666667,-17.2969146679035,0.214043651685603,0.214037169261197
2020-10-06 11:00:00,1315.45833333333,-17.2173469543599,0.227341904017246,0.227335420326166
2020-10-06 11:30:00,1315.47916666667,-17.2985366624294,0.214719913203517,0.214713428880262
2020-10-06 12:00:00,1315.5,-17.3017795413978,0.214514946813266,0.214508461858612
2020-10-06 12:30:00,1315.52083333333,-17.6390851683333,0.161093584752539,0.161087099167261
2020-10-06 13:30:00,1315.5625,-17.3918944387037,0.201094691592131,0.201088204747936
2020-10-06 14:00:00,1315.58333333333,-17.4250791031073,0.196120132369732,0.19611364489724
2020-10-06 14:30:00,1315.60416666667,-17.3707849129032,0.205081055846089,0.205074567746075
2020-10-06 15:00:00,1315.625,-16.9712787717472,0.269034528408003,0.269028039681244
2020-10-06 16:00:00,1315.66666666667,-16.7369314518519,0.306990057161317,0.306983567183396
2020-10-06 16:30:00,1315.6875,-16.561418060452,0.335261440198096,0.33525494959576
2020-10-06 17:00:00,1315.70833333333,-16.5011559263441,0.345173254034668,0.345166762808691
2020-10-06 17:30:00,1315.72916666667,-17.0987148001852,0.250293749624419,0.250287257775577
2020-10-06 19:00:00,1315.79166666667,-16.9805546860853,0.270053123924147,0.270046630211365
2020-10-06 19:30:00,1315.8125,-17.0011412980978,0.26708586636019,0.26707937202765
2020-10-06 20:00:00,1315.83333333333,-16.7904882758824,0.300955285981805,0.300948791030281
2020-10-06 20:30:00,1315.85416666667,-16.6714460574349,0.320231077263403,0.32022458169367
2020-10-06 21:30:00,1315.89583333333,-16.5527643562152,0.339761833045748,0.339755336241927
2020-10-06 22:00:00,1315.91666666667,-16.3841518840108,0.366934315433274,0.366927818013574
2020-10-06 22:30:00,1315.9375,-16.3826999464706,0.367478043200012,0.367471545165212
2020-10-06 23:00:00,1315.95833333333,-16.3254118589981,0.376916547518377,0.376910048869251
2020-10-07,1316,-16.3616927292365,0.371762034791581,0.371755534916134
2020-10-07 00:30:00,1316.02083333333,-16.3357290555556,0.376210651266466,0.37620415077902
2020-10-07 01:00:00,1316.04166666667,-16.2601478846154,0.388563408318084,0.388556907219417
2020-10-07 04:00:00,1316.16666666667,-17.1580501085343,0.247403469135261,0.247396964385587
2020-10-07 05:00:00,1316.20833333333,-16.9181858429368,0.286239827599157,0.286233321638698
2020-10-07 05:30:00,1316.22916666667,-16.760120820632,0.311732659567619,0.311726153002931
2020-10-07 06:30:00,1316.27083333333,-16.6220260506518,0.33435728920506,0.334350781434245
2020-10-07 07:30:00,1316.3125,-16.5726108214153,0.342855353930199,0.342848844956368
2020-10-07 08:00:00,1316.33333333333,-16.497442170709,0.355142921288689,0.355136411714515
2020-10-07 09:00:00,1316.375,-16.4930835231911,0.356463663695578,0.356457152923052
2020-10-07 10:00:00,1316.41666666667,-16.4254166009259,0.367869608007552,0.36786309603978
2020-10-07 10:30:00,1316.4375,-16.2873851874074,0.390171444025715,0.390164931461486
2020-10-07 11:30:00,1316.47916666667,-16.1375333755556,0.414669722122361,0.414663208367549
2020-10-07 12:30:00,1316.52083333333,-15.9614452721707,0.443347607902797,0.443341092960513
2020-10-07 13:00:00,1316.54166666667,-15.8850556799629,0.45583004235351,0.455823526818659
2020-10-07 14:00:00,1316.58333333333,-15.6817769492565,0.488839635435181,0.488833118717523
2020-10-07 15:00:00,1316.625,-15.5449055711111,0.511270636688685,0.511264118791334
2020-10-07 15:30:00,1316.64583333333,-15.4767925775926,0.522434786666386,0.522428268180349
2020-10-07 16:30:00,1316.6875,-15.3086060607955,0.549854531617713,0.549848011956649
2020-10-07 17:30:00,1316.72916666667,-15.2151434089385,0.56537085757169,0.565364336738707
2020-10-07 18:30:00,1316.77083333333,-13.6045324499072,0.822570138795761,0.82256361679397
2020-10-07 19:30:00,1316.8125,-14.8903042730983,0.618373718463706,0.618367195296223
2020-10-07 20:30:00,1316.85416666667,-14.8464256498141,0.625991709560442,0.625985185230374
2020-10-07 21:00:00,1316.875,-20.949176638587,-0.345866782206703,-0.345873307116893
2020-10-08 06:00:00,1317.25,-23.0838219128015,-0.680257322383594,-0.680263857602929
2020-10-08 07:00:00,1317.29166666667,-22.8120111519481,-0.636328074575159,-0.636334610924385
2020-10-08 07:30:00,1317.3125,-24.1037896736842,-0.841794463475747,-0.84180100038875
2020-10-08 08:00:00,1317.33333333333,-23.1418845896154,-0.68824740814856,-0.688253945624562
2020-10-08 09:30:00,1317.39583333333,-23.6327699233766,-0.765500916997323,-0.765507456157643
2020-10-08 10:30:00,1317.4375,-25.3556679076067,-1.03932970418936,-1.03933624446867
2020-10-08 11:00:00,1317.45833333333,-25.0949423699248,-0.997480840642602,-0.997487381480235
2020-10-08 11:30:00,1317.47916666667,-25.2659285992857,-1.0244039350618,-1.02441047645698
2020-10-08 12:00:00,1317.5,-25.0196586792208,-0.984857791711092,-0.984864333663033
2020-10-08 13:00:00,1317.54166666667,-25.7065046426716,-1.093642401515,-1.09364894457814
2020-10-08 13:30:00,1317.5625,-26.0261077626566,-1.14424013309627,-1.14424667671383
2020-10-08 14:00:00,1317.58333333333,-25.4094785035714,-1.04569534282,-1.04570188699122
2020-10-08 14:30:00,1317.60416666667,-25.0580277890741,-0.989393649408335,-0.989400194132424
2020-10-08 15:30:00,1317.64583333333,-25.3146888888889,-1.02964915493711,-1.0296557007646
2020-10-08 16:00:00,1317.66666666667,-25.1263216241206,-0.99932666748704,-0.999333213865062
2020-10-08 16:30:00,1317.6875,-24.9669219914894,-0.973618709910711,-0.973625256838484
2020-10-08 17:00:00,1317.70833333333,-24.6723092831481,-0.926371178162886,-0.926377725639637
2020-10-08 18:30:00,1317.77083333333,-24.6605166624074,-0.923545847814827,-0.923552396933821
2020-10-08 19:00:00,1317.79166666667,-24.9181766079602,-0.964275606553729,-0.96428215621858
2020-10-08 19:30:00,1317.8125,-24.7257007116788,-0.933298369632168,-0.933304919842092
2020-10-08 20:00:00,1317.83333333333,-25.0188333331461,-0.979678882266526,-0.979685433020751
2020-10-08 21:00:00,1317.875,-23.5019551375701,-0.737407551980339,-0.737414103820818
2020-10-08 21:30:00,1317.89583333333,-24.4002713537688,-0.880194140940045,-0.880200693322481
2020-10-08 22:00:00,1317.91666666667,-24.2488833094891,-0.855762056892521,-0.855768609816136
2020-10-08 22:30:00,1317.9375,-23.1227377065574,-0.676050363037138,-0.67605691650115
2020-10-08 23:30:00,1317.97916666667,-22.6860634317164,-0.605855947639582,-0.605862502182056
2020-10-09,1318,-23.3326579026087,-0.708542912186415,-0.708549467266946
2020-10-09 00:30:00,1318.02083333333,-22.9895547058394,-0.653570297045677,-0.653576852663488
2020-10-09 01:00:00,1318.04166666667,-24.3729179083955,-0.8736249791331,-0.873631535287411
2020-10-09 02:00:00,1318.08333333333,-23.2554403016791,-0.694977766870486,-0.694984324095458
2020-10-09 02:30:00,1318.10416666667,-22.8144185546366,-0.62440652118664,-0.624413078945773
2020-10-09 03:00:00,1318.125,-22.8232443022901,-0.62549626909808,-0.62550282739059
2020-10-09 03:30:00,1318.14583333333,-22.144620566729,-0.517074789337701,-0.517081348162811
2020-10-09 04:30:00,1318.1875,-21.602143683209,-0.4300252656215,-0.430031825509469
2020-10-09 05:00:00,1318.20833333333,-21.4798212548485,-0.410222880673495,-0.410229441091727
2020-10-09 05:30:00,1318.22916666667,-21.6803503,-0.441850932595795,-0.441857493543505
2020-10-09 06:00:00,1318.25,-21.4021364629907,-0.397214867741192,-0.397221429217601
2020-10-09 07:00:00,1318.29166666667,-21.4488171746269,-0.404018234418028,-0.404024796949497
2020-10-09 07:30:00,1318.3125,-23.0794185443609,-0.663457695704191,-0.663464258762017
2020-10-09 08:00:00,1318.33333333333,-22.9974817131387,-0.650088564406195,-0.650095127989604
2020-10-09 08:30:00,1318.35416666667,-23.2224029643657,-0.685602111596459,-0.685608675704664
2020-10-09 09:30:00,1318.39583333333,-24.5832350811567,-0.90175040271644,-0.901756967871901
2020-10-09 10:00:00,1318.41666666667,-23.3313408571429,-0.702006089602568,-0.702012655280488
2020-10-09 10:30:00,1318.4375,-23.1967883167883,-0.680255071993678,-0.680261638193272
2020-10-09 11:00:00,1318.45833333333,-22.6453707470037,-0.592097124172199,-0.592103690892694
2020-10-09 12:00:00,1318.5,-22.1047480975746,-0.505341980752314,-0.505348548512259
2020-10-09 12:30:00,1318.52083333333,-22.9475940308271,-0.639291106183535,-0.639297674462036
2020-10-09 13:00:00,1318.54166666667,-22.9984744554745,-0.647079527180499,-0.647086095976776
2020-10-09 13:30:00,1318.5625,-25.4659700413858,-1.03983643738527,-1.03984300669854
2020-10-09 14:30:00,1318.60416666667,-27.1102052195896,-1.3011303777855,-1.30113694813042
2020-10-09 17:00:00,1318.70833333333,-27.0619664044776,-1.29186058053494,-1.29186715344532
2020-10-09 18:00:00,1318.75,-25.4477468796992,-1.03407990040325,-1.03408647433434
2020-10-09 18:30:00,1318.77083333333,-24.8190144818841,-0.933605153187127,-0.933611727627407
2020-10-09 19:00:00,1318.79166666667,-23.7793358152985,-0.76766633921102,-0.767672914159708
2020-10-09 20:00:00,1318.83333333333,-22.0217467318436,-0.48704652610831,-0.48705310207147
2020-10-09 20:30:00,1318.85416666667,-20.9756792100251,-0.320089865739415,-0.320096442208637
2020-10-09 21:00:00,1318.875,-20.3591666449275,-0.221561584626599,-0.221568161601105
2020-10-09 21:30:00,1318.89583333333,-20.738452520298,-0.281664674415964,-0.281671251894973
2020-10-09 22:30:00,1318.9375,-19.7094115912477,-0.117102779994011,-0.117109358479679
2020-10-09 23:00:00,1318.95833333333,-19.6755964566416,-0.111398487108542,-0.111405066096374
2020-10-09 23:30:00,1318.97916666667,-19.5962608565217,-0.0984427194257324,-0.0984492989149404
2020-10-10,1319,-19.5725326258845,-0.0943452133685264,-0.0943517933583323
2020-10-10 01:00:00,1319.04166666667,-19.3152439577281,-0.0527236846996083,-0.0527302656882668
2020-10-10 01:30:00,1319.0625,-19.1872688231156,-0.032019476374962,-0.0320260578618721
2020-10-10 02:00:00,1319.08333333333,-19.0040868811594,-0.00252075228106613,-0.00252733426545276
2020-10-10 02:30:00,1319.10416666667,-18.997242513806,-0.00111269796712754,-0.00111928044820342
2020-10-10 03:30:00,1319.14583333333,-18.6272253299814,0.0584668826805526,0.0584602992084389
2020-10-10 04:00:00,1319.16666666667,-18.2065313503759,0.125801571325581,0.125794987359116
2020-10-10 04:30:00,1319.1875,-18.1608114536232,0.133402652315315,0.133396067855285
2020-10-10 05:00:00,1319.20833333333,-18.1615242432836,0.133607004841642,0.133600419888829
2020-10-10 06:00:00,1319.25,-17.9560000379888,0.166983053300227,0.166976467364182
2020-10-10 06:30:00,1319.27083333333,-18.1016415774436,0.144100247162687,0.144093660736203
2020-10-10 07:00:00,1319.29166666667,-18.0722536152174,0.149099797221806,0.149093210305659
2020-10-10 07:30:00,1319.3125,-18.667843577095,0.0545399488140426,0.0545333614090194
2020-10-10 08:30:00,1319.35416666667,-18.874042852514,0.0223284673742406,0.0223218789938031
2020-10-10 09:00:00,1319.375,-18.9370501426065,0.0126095133068586,0.0126029244398862
2020-10-10 09:30:00,1319.39583333333,-18.7827753405797,0.0375037830832908,0.0374971937305679
2020-10-10 10:00:00,1319.41666666667,-18.7487649009328,0.0432398852462492,0.0432332954085513
2020-10-10 11:00:00,1319.45833333333,-18.5424533613806,0.0767419841802176,0.0767353933749266
2020-10-10 11:30:00,1319.47916666667,-18.2339122834586,0.126211106726596,0.126204515438674
2020-10-10 12:00:00,1319.5,-18.1732029007246,0.136200494218716,0.136193902448948
2020-10-10 12:30:00,1319.52083333333,-18.1151732022346,0.14576303714786,0.145756444897032
2020-10-10 13:30:00,1319.5625,-17.9144205252336,0.178379916029294,0.178373322818683
2020-10-10 14:00:00,1319.58333333333,-17.7135213225564,0.210701765983029,0.210695172293701
2020-10-10 14:30:00,1319.60416666667,-17.6288188456522,0.224513425374375,0.224506831207108
2020-10-10 15:00:00,1319.625,-17.3332550934823,0.271915467447532,0.271908872803112
2020-10-10 16:00:00,1319.66666666667,-16.7828714945996,0.360229110719153,0.360222515122764
2020-10-10 16:30:00,1319.6875,-16.2028596696742,0.452944026351358,0.452937430280161
2020-10-10 17:00:00,1319.70833333333,-16.0965507731884,0.47019775765387,0.470191161108647
2020-10-10 18:00:00,1319.75,-15.4239423483271,0.577982148524617,0.577975551033683
2020-10-10 19:00:00,1319.79166666667,-15.0541077936803,0.637534567752865,0.637527969319343
2020-10-10 19:30:00,1319.8125,-14.7232080285714,0.690565937733171,0.690559338829534
2020-10-10 20:00:00,1319.83333333333,-14.6738417158273,0.698748858004092,0.69874225863112
2020-10-10 20:30:00,1319.85416666667,-14.7113029762082,0.69310011422694,0.69309351438541
2020-10-10 21:30:00,1319.89583333333,-14.6302081644981,0.706656390259934,0.706649789483642
2020-10-10 22:00:00,1319.91666666667,-14.592145373183,0.71303877283937,0.713032171596865
2020-10-10 22:30:00,1319.9375,-14.6149567964029,0.70972387977711,0.709717278069181
2020-10-10 23:00:00,1319.95833333333,-14.7435278836431,0.689561426853631,0.68955482468106
2020-10-11,1320,-15.3088215704461,0.600147855304462,0.600141252204947
2020-10-11 00:30:00,1320.02083333333,-15.6461804661654,0.546725445625726,0.546718842063911
2020-10-11 01:00:00,1320.04166666667,-15.6244244827338,0.550510322854513,0.550503718831178
2020-10-11 01:30:00,1320.0625,-15.761618264432,0.52897441890052,0.528967814416454
2020-10-11 02:30:00,1320.10416666667,-15.6651561527881,0.544979319046383,0.544972713643193
2020-10-11 03:00:00,1320.125,-15.1946190491228,0.620255469147073,0.620248863285498
2020-10-11 03:30:00,1320.14583333333,-15.0739927856115,0.63979060218692,0.639783995867739
2020-10-11 04:00:00,1320.16666666667,-15.0283326810409,0.647383602321196,0.647376995545191
2020-10-11 05:00:00,1320.20833333333,-15.2680538981413,0.609834556015458,0.609827948328155
2020-10-11 05:30:00,1320.22916666667,-15.2434110230576,0.614079585583836,0.614072977442053
2020-10-11 06:00:00,1320.25,-15.2293597057554,0.616637402050354,0.616630793454879
2020-10-11 06:30:00,1320.27083333333,-15.1160854869888,0.635001527206769,0.634994918158382
2020-10-11 07:30:00,1320.3125,-15.9569739810409,0.501686400092929,0.501679790141064
2020-10-11 08:00:00,1320.33333333333,-16.8337268340852,0.36233859372082,0.362331983318393
2020-10-11 08:30:00,1320.35416666667,-16.8967337604317,0.352621124401505,0.352614513549291
2020-10-11 09:00:00,1320.375,-18.4395445931227,0.107169864691345,0.107163253390134
2020-10-11 10:00:00,1320.41666666667,-18.9226319959108,0.0308530010693539,0.0308463888724886
2020-10-11 10:30:00,1320.4375,-19.5870977769424,-0.0746771763531544,-0.0746837889966731
2020-10-11 11:00:00,1320.45833333333,-19.7958777323741,-0.107616246906797,-0.107622859996183
2020-10-11 11:30:00,1320.47916666667,-21.7866264003717,-0.424424177617755,-0.424430791152233
2020-10-11 12:30:00,1320.52083333333,-22.2417175302974,-0.496280923050198,-0.496287537472503
2020-10-11 13:00:00,1320.54166666667,-22.1802180253133,-0.48616416597588,-0.486170780840925
2020-10-11 13:30:00,1320.5625,-22.1432174057971,-0.47995006985667,-0.479956685163673
2020-10-11 14:00:00,1320.58333333333,-22.1150111520446,-0.47513689352198,-0.475143509270156
2020-10-11 15:00:00,1320.625,-22.3528029555762,-0.512377411108082,-0.512384027736262
2020-10-11 15:30:00,1320.64583333333,-22.7851077701754,-0.580923890396092,-0.5809305074631
2020-10-11 16:00:00,1320.66666666667,-22.8791006719424,-0.595577011405833,-0.595583628910883
2020-10-11 16:30:00,1320.6875,-23.1817981626168,-0.643476893810268,-0.643483511752583
2020-10-11 18:00:00,1320.75,-22.8813345431227,-0.59465251983889,-0.594659139088294
2020-10-11 18:30:00,1320.77083333333,-22.8465538689223,-0.588791774778218,-0.588798394461754
2020-10-11 19:00:00,1320.79166666667,-22.2184571921429,-0.488415337959681,-0.488421958076563
2020-10-11 19:30:00,1320.8125,-21.7131224519481,-0.40759493685129,-0.407601557400742
2020-10-11 20:30:00,1320.85416666667,-21.6734869592937,-0.400640457412586,-0.400647078824819
2020-10-11 21:00:00,1320.875,-20.8087613286432,-0.262568745330618,-0.262575367173069
2020-10-11 21:30:00,1320.89583333333,-20.9266785492857,-0.281032713317444,-0.281039335589331
2020-10-11 22:00:00,1320.91666666667,-20.7534999946097,-0.253124887965556,-0.253131510666092
2020-10-11 23:00:00,1320.95833333333,-21.3892782762523,-0.353764022128191,-0.353770645683684
2020-10-11 23:30:00,1320.97916666667,-20.2159773180905,-0.166535898518197,-0.166542522499995
2020-10-12,1321,-20.3458355291139,-0.186901933667478,-0.186908558074797
2020-10-12 00:30:00,1321.02083333333,-19.0959146756957,0.0125318502603576,0.0125252254283039
2020-10-12 01:30:00,1321.0625,-18.4135297687732,0.121877335261969,0.121870709582784
2020-10-12 02:00:00,1321.08333333333,-18.029373433584,0.183394296816939,0.183387670715368
2020-10-12 02:30:00,1321.10416666667,-18.2156072085714,0.154047734153211,0.154041107630033
2020-10-12 03:00:00,1321.125,-19.1223673541744,0.00992083365243096,0.0099142067084293
2020-10-12 04:00:00,1321.16666666667,-19.2858998141002,-0.0154886431916864,-0.0154952709749836
2020-10-12 04:30:00,1321.1875,-19.3968696646617,-0.0328454975601612,-0.0328521257619363
2020-10-12 05:00:00,1321.20833333333,-19.398079166187,-0.032717422156391,-0.0327240507758547
2020-10-12 05:30:00,1321.22916666667,-19.5032657810409,-0.0491529475155539,-0.0491595765519265
2020-10-12 06:30:00,1321.27083333333,-19.654482377551,-0.0726002213752443,-0.0726068512430822
2020-10-12 07:00:00,1321.29166666667,-19.6043608934837,-0.0642949727571175,-0.0643016030395151
2020-10-12 07:30:00,1321.3125,-19.5383214164286,-0.0534539489517755,-0.0534605796479529
2020-10-12 08:00:00,1321.33333333333,-19.4000853634508,-0.031111931521394,-0.0311185626305619
2020-10-12 09:00:00,1321.375,-19.4684378252319,-0.0413586144174346,-0.0413652463502404
2020-10-12 09:30:00,1321.39583333333,-19.6016015203008,-0.0622506885792863,-0.0622573209227333
2020-10-12 10:00:00,1321.41666666667,-19.6134213714286,-0.0638125743639964,-0.0638192071173045
2020-10-12 10:30:00,1321.4375,-19.7749758717996,-0.0892272694931026,-0.089233902655492
2020-10-12 11:30:00,1321.47916666667,-19.7176029855288,-0.0794455415707062,-0.0794521755488991
2020-10-12 12:00:00,1321.5,-19.8360876954887,-0.0979991067090411,-0.0980057410939624
2020-10-12 12:30:00,1321.52083333333,-19.843128615,-0.098799569272093,-0.0988062040629567
2020-10-12 13:00:00,1321.54166666667,-19.6770336850187,-0.0720193402093467,-0.0720259754053727
2020-10-12 14:00:00,1321.58333333333,-19.3367405842105,-0.0171679489615554,-0.017174584965556
2020-10-12 14:30:00,1321.60416666667,-18.9198832916244,0.0495589846446997,0.0495523482378865
2020-10-12 15:00:00,1321.625,-18.8263428528571,0.0647813393032566,0.0647747024944139
2020-10-12 15:30:00,1321.64583333333,-18.1497115720974,0.172890508645802,0.172883871435716
2020-10-12 16:30:00,1321.6875,-17.1465224325843,0.333341981485996,0.333335343475768
2020-10-12 17:30:00,1321.72916666667,-17.3400351590452,0.303158098887313,0.303151460080076
2020-10-12 18:00:00,1321.75,-17.1675142835714,0.330962254160129,0.330955614955562
2020-10-12 18:30:00,1321.77083333333,-17.4898459946197,0.27993606539581,0.2799294257947
2020-10-12 19:30:00,1321.8125,-17.3656920508349,0.300356923364435,0.300350282972582
2020-10-12 20:00:00,1321.83333333333,-17.4652130573935,0.284824718672134,0.284818077886085
2020-10-12 20:30:00,1321.85416666667,-17.4820784857143,0.282459633118627,0.282452991939165
2020-10-12 21:00:00,1321.875,-17.4495732593692,0.28795935455177,0.287952712979678
2020-10-12 22:00:00,1321.91666666667,-17.4197527832714,0.293353088087522,0.293346445732523
2020-10-12 22:30:00,1321.9375,-17.371145335589,0.301417983891872,0.301411341146593
2020-10-12 23:00:00,1321.95833333333,-17.305578515,0.312184546172275,0.3121779030375
2020-10-12 23:30:00,1321.97916666667,-17.1990093166976,0.329482842734713,0.329476199211225
2020-10-13 00:30:00,1322.02083333333,-16.9189443593692,0.374740963278636,0.374734318980077
2020-10-13 01:00:00,1322.04166666667,-16.7065037496241,0.408904729727777,0.408898085042854
2020-10-13 01:30:00,1322.0625,-16.6666642735714,0.415573038283243,0.415566393212741
2020-10-13 02:00:00,1322.08333333333,-16.7460594665428,0.40324720486183,0.403240559406532
2020-10-13 03:00:00,1322.125,-16.7696660309833,0.400130495239069,0.400123849016531
2020-10-13 03:30:00,1322.14583333333,-16.7323759313283,0.406392790085942,0.406386143480961
2020-10-13 04:00:00,1322.16666666667,-16.6966570821429,0.412404809450431,0.412398162463788
2020-10-13 04:30:00,1322.1875,-16.6444026001855,0.421050992730949,0.421044345363428
2020-10-13 05:30:00,1322.22916666667,-16.5484786064935,0.436975844632356,0.436969196505432
2020-10-13 06:00:00,1322.25,-16.420406012782,0.45769998444505,0.457693335939595
2020-10-13 06:30:00,1322.27083333333,-16.3941857664286,0.462198998172503,0.462192349289307
2020-10-13 07:00:00,1322.29166666667,-16.2449480625232,0.486294806390402,0.486288157130245
2020-10-13 08:00:00,1322.33333333333,-16.1935806922078,0.49512201247919,0.495115362467462
2020-10-13 08:30:00,1322.35416666667,-16.2510451293233,0.486290098450551,0.486283448064216
2020-10-13 09:00:00,1322.375,-16.2516929378571,0.486509139384195,0.48650248862403
2020-10-13 09:30:00,1322.39583333333,-16.6381966777365,0.425261080103203,0.425254428969998
2020-10-13 10:30:00,1322.4375,-17.7589870471243,0.247362974686587,0.247356322809647
2020-10-13 11:00:00,1322.45833333333,-17.4351382183417,0.299274663130664,0.299268010883031
2020-10-13 11:30:00,1322.47916666667,-17.3265928414286,0.316888383054386,0.316881730436847
2020-10-13 12:00:00,1322.5,-17.3963803541744,0.306093571396095,0.306086918409428
2020-10-13 13:00:00,1322.54166666667,-17.0364151066667,0.364081145919451,0.364074492196888
2020-10-13 13:30:00,1322.5625,-17.4361378220551,0.300727495995272,0.300720841905934
2020-10-13 14:00:00,1322.58333333333,-17.6937070857143,0.260019017530453,0.260012363075124
2020-10-13 14:30:00,1322.60416666667,-17.5412820675325,0.284622946122886,0.284616291302353
2020-10-13 15:30:00,1322.64583333333,-17.4432096376623,0.300891057580988,0.300884402032392
2020-10-13 16:00:00,1322.66666666667,-17.6517869541353,0.267987130957096,0.267980475045643
2020-10-13 16:30:00,1322.6875,-17.6835248248227,0.263253879226056,0.263247222952531
2020-10-13 17:30:00,1322.72916666667,-17.4938126463822,0.294120466579277,0.294113809583961
2020-10-13 18:30:00,1322.77083333333,-17.5319368923933,0.28869264743688,0.288685989722904
2020-10-13 19:00:00,1322.79166666667,-17.6117844786967,0.27629560704632,0.276288948974189
2020-10-13 19:30:00,1322.8125,-17.6336071585714,0.273142000274607,0.273135341845106
2020-10-13 20:00:00,1322.83333333333,-17.5005844100186,0.294655405423976,0.294648746637887
2020-10-13 21:00:00,1322.875,-17.6303265061224,0.274633042678765,0.274626383181854
2020-10-13 21:30:00,1322.89583333333,-17.9657744152882,0.221518810584855,0.221512150733711
2020-10-13 22:00:00,1322.91666666667,-17.9494928371429,0.224435361522525,0.224428701317929
2020-10-13 22:30:00,1322.9375,-17.9690148157699,0.221648404591918,0.221641744034654
2020-10-13 23:30:00,1322.97916666667,-18.0505065144712,0.209312607952789,0.209305946692542
2020-10-14,1323,-18.105177906015,0.200926397111824,0.200919735501256
2020-10-14 00:30:00,1323.02083333333,-18.0999214585714,0.202086757992436,0.202080096032338
2020-10-14 01:00:00,1323.04166666667,-18.2264471560297,0.182254153121413,0.182247490812565
2020-10-14 02:00:00,1323.08333333333,-18.3215092944238,0.167756816991722,0.167750153987728
2020-10-14 02:30:00,1323.10416666667,-18.4624924979899,0.145621193130775,0.145614529780383
2020-10-14 03:00:00,1323.125,-18.512564295,0.137967845239263,0.137961181543252
2020-10-14 03:30:00,1323.14583333333,-18.6365706356877,0.11853669560267,0.118530031561831
2020-10-14 04:30:00,1323.1875,-18.703185854461,0.108571213277154,0.108564548549004
2020-10-14 05:00:00,1323.20833333333,-18.7074185669173,0.108220159652931,0.108213494582304
2020-10-14 05:30:00,1323.22916666667,-18.7046286121429,0.108987845668725,0.108981180256401
2020-10-14 06:00:00,1323.25,-18.6250816530612,0.121983001012316,0.121976335259076
2020-10-14 07:00:00,1323.29166666667,-18.6274063198516,0.122259286669578,0.122252620236868
2020-10-14 07:30:00,1323.3125,-18.8051353869674,0.0942702580093036,0.0942635912380324
2020-10-14 08:00:00,1323.33333333333,-18.8151785707143,0.0929937339245511,0.0929870668155055
2020-10-14 08:30:00,1323.35416666667,-19.007390285316,0.0626976561778366,0.0626909887317973
2020-10-14 09:30:00,1323.39583333333,-19.123194812616,0.0448967539991686,0.0448900858814931
2020-10-14 10:00:00,1323.41666666667,-19.298744383208,0.0172550379005651,0.0172483694482471
2020-10-14 10:30:00,1323.4375,-19.2490501135714,0.0254948498295704,0.0254881810433937
2020-10-14 11:00:00,1323.45833333333,-19.449625004291,-0.00613337105581807,-0.0061400401750665
2020-10-14 12:00:00,1323.5,-19.565064971243,-0.0238759655454971,-0.0238826353285439
2020-10-14 12:30:00,1323.52083333333,-19.5254310636591,-0.017238683626425,-0.0172453537401955
2020-10-14 13:00:00,1323.54166666667,-19.4442286364286,-0.00397948371229873,-0.003986154156009
2020-10-14 13:30:00,1323.5625,-19.4619164128253,-0.00647354083574811,-0.00648021160861431
2020-10-14 14:30:00,1323.60416666667,-19.6771595270872,-0.0401146171206568,-0.0401212885494805
2020-10-14 15:00:00,1323.625,-19.3952756566416,0.00511337213194119,0.00510670037631286
2020-10-14 15:30:00,1323.64583333333,-19.0601714528571,0.0588194214198616,0.0588127493382123
2020-10-14 16:00:00,1323.66666666667,-19.9057829619666,-0.0755633632490975,-0.0755700356559839
2020-10-14 17:30:00,1323.72916666667,-19.8862064217803,-0.0714734706068005,-0.0714801439846923
2020-10-14 18:00:00,1323.75,-19.6567336851759,-0.0345944756358882,-0.0346011493358819
2020-10-14 18:30:00,1323.77083333333,-19.5772816514085,-0.0216138631799775,-0.0216205372012893
2020-10-14 19:00:00,1323.79166666667,-18.5136642123134,0.14814502425347,0.148138349911624
2020-10-14 20:00:00,1323.83333333333,-19.1328806072761,0.0501512163293243,0.050144541348764
2020-10-14 20:30:00,1323.85416666667,-17.621426348731,0.291250896718025,0.291244221419282
2020-10-14 21:00:00,1323.875,-17.2567872262411,0.349662128850906,0.349655453234763
2020-10-14 21:30:00,1323.89583333333,-17.4453563393657,0.319946916125498,0.31994024019274
2020-10-14 22:30:00,1323.9375,-17.1870037824627,0.361750693607871,0.361744017044233
2020-10-14 23:00:00,1323.95833333333,-16.8997760681934,0.407830322460979,0.407823645583081
2020-10-14 23:30:00,1323.97916666667,-16.8445492978873,0.416952057388493,0.416945380197114
2020-10-15,1324,-16.8172201354478,0.421629705643711,0.421623028139636
2020-10-15 01:00:00,1324.04166666667,-17.1441884253731,0.370191676125304,0.37018499799819
2020-10-15 01:30:00,1324.0625,-17.3589365170051,0.336306311156973,0.33629963271951
2020-10-15 02:00:00,1324.08333333333,-17.5061830760563,0.313174010596911,0.313167331849891
2020-10-15 02:30:00,1324.10416666667,-17.9522667973881,0.242436758522075,0.242430079466277
2020-10-15 03:30:00,1324.14583333333,-18.1962481727612,0.204218823894742,0.204212144223741
2020-10-15 04:00:00,1324.16666666667,-18.1560253507614,0.210950617411501,0.210943937434076
2020-10-15 04:30:00,1324.1875,-18.1541267739437,0.211577353106686,0.211570672823615
2020-10-15 05:00:00,1324.20833333333,-18.1992593714552,0.204712010903576,0.20470533031565
2020-10-15 06:00:00,1324.25,-17.9767780005597,0.240802143118742,0.240795461923449
2020-10-15 06:30:00,1324.27083333333,-17.9882639345178,0.239296803558839,0.239290122061039
2020-10-15 07:00:00,1324.29166666667,-18.0514718183099,0.229552142044435,0.229545460244914
2020-10-15 07:30:00,1324.3125,-17.8698507531716,0.25880892862593,0.258802246525465
2020-10-15 08:30:00,1324.35416666667,-17.6946000171963,0.287375402890193,0.287368720190204
2020-10-15 09:00:00,1324.375,-17.6631801692893,0.292705092702324,0.292698409703746
2020-10-15 09:30:00,1324.39583333333,-17.6967464873239,0.287682461247282,0.287675777950899
2020-10-15 10:00:00,1324.41666666667,-17.9157387716418,0.253121362221344,0.253114678627943
2020-10-15 11:00:00,1324.45833333333,-17.845673582069,0.264931917641182,0.264925233456089
2020-10-15 11:30:00,1324.47916666667,-17.9268020378173,0.25233268887297,0.252326004393207
2020-10-15 12:00:00,1324.5,-17.877619671831,0.260492088328015,0.260485403554366
2020-10-15 12:30:00,1324.52083333333,-17.5679739052239,0.310143514789972,0.31013682972322
2020-10-15 13:30:00,1324.5625,-17.2210280003731,0.366061577800718,0.366054892150112
2020-10-15 17:00:00,1324.70833333333,-15.8690445348794,0.583706833874465,0.583700146205063
2020-10-15 18:30:00,1324.77083333333,-15.898250471243,0.580028900957332,0.580022212434484
2020-10-15 19:00:00,1324.79166666667,-15.7549975105263,0.603174105797434,0.603167416991675
2020-10-15 19:30:00,1324.8125,-15.5341428607143,0.638681335740453,0.638674646652559
2020-10-15 20:00:00,1324.83333333333,-15.5173506510204,0.641681293680453,0.641674604311216
2020-10-15 21:00:00,1324.875,-15.4485881090909,0.65328517105353,0.653278481123948
2020-10-15 21:30:00,1324.89583333333,-15.280290718797,0.680420073880682,0.680413383672107
2020-10-15 22:00:00,1324.91666666667,-15.4711642592857,0.650338811132993,0.650332120646206
2020-10-15 22:30:00,1324.9375,-15.5027717818182,0.645628759184208,0.645622068419988
2020-10-15 23:30:00,1324.97916666667,-15.2247903346939,0.690561561124263,0.69055486980754
2020-10-16,1325,-15.010557769598,0.725014071540319,0.725007379948517
2020-10-16 00:30:00,1325.02083333333,-15.0185856985714,0.724060346579484,0.72405365471339
2020-10-16 01:00:00,1325.04166666667,-14.5985093348315,0.791303961493296,0.791297269353691
2020-10-16 02:00:00,1325.08333333333,-14.1631048440075,0.86131456816709,0.861307875482814
2020-10-16 02:30:00,1325.10416666667,-13.9932061033079,0.888704769050847,0.888698076095411
2020-10-16 03:00:00,1325.125,-13.9550928607143,0.895101465860797,0.895094772634984
2020-10-16 03:30:00,1325.14583333333,-13.8770018754682,0.907866665552264,0.907859972056861
2020-10-16 04:30:00,1325.1875,-13.7799662949438,0.923975062305088,0.923968368272846
2020-10-16 05:00:00,1325.20833333333,-13.6867918946701,0.939143120264309,0.939136425964828
2020-10-16 05:30:00,1325.22916666667,-13.5958642721429,0.953953284664639,0.953946590098698
2020-10-16 06:00:00,1325.25,-13.5621891661049,0.959643101974781,0.959636407143166
2020-10-16 07:00:00,1325.29166666667,-13.2726423294007,1.0064188766159,1.00641218125528
2020-10-16 07:30:00,1325.3125,-13.2559058524173,1.00941041706275,1.00940372143881
2020-10-16 08:00:00,1325.33333333333,-13.2921143092857,1.00396781124507,1.00396111535859
2020-10-16 08:30:00,1325.35416666667,-13.2602471983146,1.00936971152336,1.00936301537512
2020-10-16 09:30:00,1325.39583333333,-13.1666247737336,1.02493478242616,1.02492808575676
2020-10-16 10:00:00,1325.41666666667,-13.0391577615776,1.04556587350415,1.04555917657534
2020-10-16 10:30:00,1325.4375,-13.04856429,1.04439293108103,1.0443862338936
2020-10-16 11:00:00,1325.45833333333,-12.841975656367,1.077628191609,1.07762149416373
2020-10-16 12:00:00,1325.5,-12.6205280848315,1.11355609280451,1.1135493948459
2020-10-16 12:30:00,1325.52083333333,-13.243802042132,1.01459370716507,1.01458700895098
2020-10-16 13:00:00,1325.54166666667,-13.25394285,1.01330388949876,1.01329719102996
2020-10-16 13:30:00,1325.5625,-13.41849437397,0.987416353487799,0.98740965476508
2020-10-16 14:30:00,1325.60416666667,-13.8076610282772,0.926073163105268,0.926066463877052
2020-10-16 15:00:00,1325.625,-14.3552411205584,0.839168959417757,0.839162259937968
2020-10-16 15:30:00,1325.64583333333,-14.32883702,0.843700866733061,0.843694167002485
2020-10-16 19:00:00,1325.79166666667,-15.0264661937063,0.734848573318892,0.734841871854724
2020-10-16 20:00:00,1325.83333333333,-15.9981948218924,0.580703256937474,0.580696554985043
2020-10-16 20:30:00,1325.85416666667,-16.7552080273183,0.460436414346704,0.460429712151316
2020-10-16 21:00:00,1325.875,-16.8477071207143,0.446027163120203,0.446020460682642
2020-10-16 21:30:00,1325.89583333333,-17.6499146317254,0.318560872207484,0.318554169528536
2020-10-16 22:30:00,1325.9375,-18.165476825603,0.237083379064783,0.237076675905404
2020-10-16 23:00:00,1325.95833333333,-18.0869674253133,0.249915976461486,0.249909273063067
2020-10-16 23:30:00,1325.97916666667,-18.0595035156028,0.254617008970381,0.254610305333708
2020-10-17,1326,-17.9714648724074,0.26896765800817,0.268960954134019
2020-10-17 01:00:00,1326.04166666667,-17.963690772963,0.270858192556638,0.270851488209892
2020-10-17 01:30:00,1326.0625,-17.994789481203,0.266230230715107,0.266223526133237
2020-10-17 02:00:00,1326.08333333333,-17.9960922503546,0.266348801293108,0.266342096476896
2020-10-17 02:30:00,1326.10416666667,-18.4634092362963,0.192230992105428,0.192224287055662
2020-10-17 03:30:00,1326.14583333333,-18.8487814837037,0.131493212746235,0.131486507231702
2020-10-17 04:00:00,1326.16666666667,-19.3082405759398,0.0586272253556769,0.0586205196099347
2020-10-17 04:30:00,1326.1875,-19.4240922078014,0.0404981697700623,0.0404914637938943
2020-10-17 05:00:00,1326.20833333333,-20.1045092664815,-0.0675665439737204,-0.0675732501795312
2020-10-17 06:00:00,1326.25,-20.9143463172222,-0.195921691828424,-0.195928398491171
2020-10-17 06:30:00,1326.27083333333,-22.4261507517588,-0.436426955578378,-0.436433662468415
2020-10-17 07:00:00,1326.29166666667,-22.5215106156028,-0.451291569396048,-0.451298276512595
2020-10-17 07:30:00,1326.3125,-22.6379852085185,-0.469519757073373,-0.469526464415647
2020-10-17 08:30:00,1326.35416666667,-22.7954814572222,-0.493956373080102,-0.493963080871479
2020-10-17 09:00:00,1326.375,-23.025090260401,-0.53020686883925,-0.530213576854009
2020-10-17 09:30:00,1326.39583333333,-23.1277021985816,-0.546226655847582,-0.546233364084933
2020-10-17 10:00:00,1326.41666666667,-23.1587296511111,-0.550842965775225,-0.550849674234388
2020-10-17 11:00:00,1326.45833333333,-23.1864841840445,-0.554611459923091,-0.55461816882353
2020-10-17 11:30:00,1326.47916666667,-23.4523132934837,-0.596631789755809,-0.596638498875709
2020-10-17 12:00:00,1326.5,-23.4779007297872,-0.60038143218448,-0.600388141523064
2020-10-17 12:30:00,1326.52083333333,-23.80635,-0.652377164031605,-0.652383873588083
2020-10-17 13:30:00,1326.5625,-23.703188897037,-0.635290532097103,-0.635297242087028
2020-10-17 14:00:00,1326.58333333333,-23.1412029741855,-0.545439250167914,-0.545445960373388
2020-10-17 14:30:00,1326.60416666667,-22.9929147695035,-0.521490293391824,-0.521497003812061
2020-10-17 15:00:00,1326.625,-23.4865222140741,-0.599795755305382,-0.599802465939606
2020-10-17 16:00:00,1326.66666666667,-23.4871796292593,-0.599247317863937,-0.599254028923777
2020-10-17 16:30:00,1326.6875,-23.5256765388724,-0.605053295753675,-0.60506000702515
2020-10-17 20:00:00,1326.83333333333,-21.9165684966667,-0.3464345161193,-0.346441228850297
2020-10-17 20:30:00,1326.85416666667,-21.2633447994253,-0.242048773993524,-0.242055486929895
2020-10-17 21:00:00,1326.875,-20.8628027717808,-0.177915385963493,-0.177922099104458
2020-10-17 21:30:00,1326.89583333333,-20.9383339530612,-0.189620783924326,-0.189627497269096
2020-10-17 22:30:00,1326.9375,-20.1579647768089,-0.0646538210721385,-0.064660534822177
2020-10-17 23:00:00,1326.95833333333,-19.633103512069,0.0192837756105561,0.0192770616590605
2020-10-17 23:30:00,1326.97916666667,-19.5482438263014,0.0331288225636038,0.0331221084114305
2020-10-18,1327,-19.6624007306122,0.0152704006866393,0.0152636863345675
2020-10-18 01:00:00,1327.04166666667,-20.1121280085343,-0.0557177185514439,-0.055724433300955
2020-10-18 01:30:00,1327.0625,-20.1289712367816,-0.0580739539735754,-0.0580806689206342
2020-10-18 02:00:00,1327.08333333333,-20.2106693704918,-0.0707616061603948,-0.0707683213042154
2020-10-18 02:30:00,1327.10416666667,-20.0626073757407,-0.046848289714085,-0.0468550050538882
2020-10-18 03:30:00,1327.14583333333,-20.1369740597403,-0.0580410380958907,-0.0580477538253118
2020-10-18 04:00:00,1327.16666666667,-20.1883965545977,-0.0659056957103715,-0.0659124116334279
2020-10-18 04:30:00,1327.1875,-20.200388002459,-0.0674889435483546,-0.0674956596642639
2020-10-18 05:00:00,1327.20833333333,-20.3727381329897,-0.0946174283596066,-0.0946241446675833
2020-10-18 06:00:00,1327.25,-20.6412926059259,-0.136744272375858,-0.136750989065632
2020-10-18 06:30:00,1327.27083333333,-20.7571609873563,-0.154875127133573,-0.154881844013067
2020-10-18 07:00:00,1327.29166666667,-20.7629317412568,-0.155467335545991,-0.155474052614426
2020-10-18 07:30:00,1327.3125,-20.9406684892593,-0.183453834147236,-0.183460551403829
2020-10-18 08:30:00,1327.35416666667,-20.8892610824074,-0.17461036624808,-0.174617083878641
2020-10-18 09:00:00,1327.375,-20.9429310327586,-0.182832888893265,-0.182839606709638
2020-10-18 09:30:00,1327.39583333333,-20.921642089071,-0.179114390758523,-0.179121108759926
2020-10-18 10:00:00,1327.41666666667,-21.0628648218519,-0.201284103466922,-0.201290821652573
2020-10-18 11:00:00,1327.45833333333,-21.182231485,-0.219644913235708,-0.219651631787504
2020-10-18 11:30:00,1327.47916666667,-21.172862062069,-0.217825142122553,-0.21783186085625
2020-10-18 12:00:00,1327.5,-21.2494270871528,-0.229694774804677,-0.229701493719493
2020-10-18 12:30:00,1327.52083333333,-21.0602560521336,-0.19923244807273,-0.199239167167882
2020-10-18 13:30:00,1327.5625,-20.6526111153704,-0.133639781742852,-0.133646501196331
2020-10-18 14:00:00,1327.58333333333,-21.0371494402299,-0.194569720846758,-0.194576440478224
2020-10-18 14:30:00,1327.60416666667,-21.3067213245902,-0.237185408849007,-0.237192128657682
2020-10-18 15:00:00,1327.625,-22.2833037044444,-0.39242835909019,-0.392435079075291
2020-10-18 16:00:00,1327.66666666667,-22.5349870072222,-0.431867002956587,-0.431873723292194
2020-10-18 17:00:00,1327.70833333333,-22.6008350257732,-0.441701894022151,-0.441708614705134
2020-10-18 17:30:00,1327.72916666667,-22.3485290281977,-0.401181973530759,-0.401188694386259
2020-10-18 18:00:00,1327.75,-21.7225497499062,-0.301135617709864,-0.301142338737098
2020-10-18 21:30:00,1327.89583333333,-18.3342077923933,0.240921951183357,0.240915228975877
2020-10-18 22:00:00,1327.91666666667,-17.8210547158854,0.322995128362297,0.32298840598934
2020-10-18 22:30:00,1327.9375,-17.7625806496774,0.332637628583466,0.332630906045808
2020-10-18 23:00:00,1327.95833333333,-17.9264946336887,0.306853567743756,0.306846845042185
2020-10-19,1328,-17.8289572684015,0.323046490244921,0.323039767217862
2020-10-19 00:30:00,1328.02083333333,-17.8016745367187,0.327720245375816,0.327713522187185
2020-10-19 01:00:00,1328.04166666667,-17.8495354896774,0.320423571937148,0.32041684858773
2020-10-19 01:30:00,1328.0625,-17.8431465430427,0.321768960321684,0.321762236812256
2020-10-19 02:30:00,1328.10416666667,-17.5844926027778,0.363628009066445,0.363621285239348
2020-10-19 03:00:00,1328.125,-17.4544464738903,0.384672116850021,0.384665392865261
2020-10-19 03:30:00,1328.14583333333,-17.4387564538462,0.387499228656984,0.387492504515342
2020-10-19 04:00:00,1328.16666666667,-17.1657365727273,0.431319185064736,0.431312460766996
2020-10-19 05:00:00,1328.20833333333,-17.2525333103704,0.418147832569656,0.418141107962061
2020-10-19 05:30:00,1328.22916666667,-17.3556866637076,0.402043165179838,0.402036440418487
2020-10-19 06:00:00,1328.25,-17.2878076358974,0.413184092001024,0.413177367086698
2020-10-19 23:00:00,1328.95833333333,-15.454018538961,0.716459312936115,0.716452583285454
2020-10-20,1329,-15.5523676131105,0.701448649791528,0.701441919890369
2020-10-20 00:30:00,1329.02083333333,-15.4173020087248,0.72329292261094,0.723286192585705
2020-10-20 01:00:00,1329.04166666667,-15.4257094808194,0.722281843894598,0.722275113746066
2020-10-20 02:00:00,1329.08333333333,-15.5271338420074,0.706781381928072,0.706774651535286
2020-10-20 02:30:00,1329.10416666667,-15.3619537390746,0.733422963934385,0.733416233420642
2020-10-20 03:00:00,1329.125,-15.4783758395973,0.715205125600635,0.715198394966716
2020-10-20 03:30:00,1329.14583333333,-15.3553550118959,0.735130728706622,0.735123997953311
2020-10-20 04:30:00,1329.1875,-15.4922769390335,0.713975597975531,0.713968866985765
2020-10-20 05:00:00,1329.20833333333,-15.6052519501285,0.696306930657615,0.696300199550798
2020-10-20 05:30:00,1329.22916666667,-15.6162348959732,0.694885683915391,0.694878952692299
2020-10-20 06:00:00,1329.25,-15.6899962821561,0.683463798419387,0.683457067080802
2020-10-20 07:00:00,1329.29166666667,-15.6642825451673,0.688216761959425,0.688210030392195
2020-10-20 07:30:00,1329.3125,-15.5890591233933,0.70052829754803,0.700521565867646
2020-10-20 08:00:00,1329.33333333333,-15.7135704899329,0.681021950111402,0.681015218318645
2020-10-20 08:30:00,1329.35416666667,-15.4223940674721,0.72773497596218,0.727728244057829
2020-10-20 09:30:00,1329.39583333333,-15.5302212,0.711214898208389,0.711208166083194
2020-10-20 10:00:00,1329.41666666667,-14.7272377250646,0.839459187341377,0.83945245510693
2020-10-20 10:30:00,1329.4375,-14.7218859100671,0.840640194324422,0.840633461981501
2020-10-20 11:00:00,1329.45833333333,-14.6256003810409,0.856307018168104,0.85630028571749
2020-10-20 12:00:00,1329.5,-14.6451784477695,0.853845192205718,0.853838459542057
2020-10-20 12:30:00,1329.52083333333,-14.5685347316195,0.866383094669918,0.866376361900907
2020-10-20 13:00:00,1329.54166666667,-14.5053221375839,0.876781420848436,0.876774687974851
2020-10-20 13:30:00,1329.5625,-14.1008959236059,0.941535331542198,0.94152859856482
2020-10-20 14:30:00,1329.60416666667,-13.7805761890335,0.993219578662962,0.993212845480335
2020-10-20 15:00:00,1329.625,-13.5164781419023,1.03561914491425,1.03561241163017
2020-10-20 15:30:00,1329.64583333333,-13.4170335449664,1.05178930974065,1.0517825763559
2020-10-20 16:00:00,1329.66666666667,-13.4606617157993,1.04516789123248,1.04516115774783
2020-10-20 17:00:00,1329.70833333333,-13.6389683802974,1.0174207049922,1.0174139713101
2020-10-20 17:30:00,1329.72916666667,-13.5017146498715,1.03961393479982,1.03960720102016
2020-10-20 18:00:00,1329.75,-13.1853624389262,1.09033769118414,1.09033095730771
2020-10-20 18:30:00,1329.77083333333,-13.5044888405204,1.03982926107202,1.0398225270996
2020-10-20 19:30:00,1329.8125,-13.6332663126629,1.01997221679814,1.01996548263605
2020-10-20 20:00:00,1329.83333333333,-13.6380747319588,1.01953489743473,1.01952816317899
2020-10-20 20:30:00,1329.85416666667,-13.7723624261745,0.998471447482639,0.998464713134023
2020-10-20 21:00:00,1329.875,-13.870814676834,0.98311661968878,0.98310988524806
2020-10-21 00:30:00,1330.02083333333,-14.3143154016698,0.914767727350106,0.914760992286515
2020-10-21 01:00:00,1330.04166666667,-14.5086178001855,0.884143984121263,0.884137248971806
2020-10-21 02:00:00,1330.08333333333,-14.444243485316,0.895056423888124,0.895049688569272
2020-10-21 03:00:00,1330.125,-14.6680111285714,0.86006768352759,0.86006094804246
2020-10-21 03:30:00,1330.14583333333,-14.749586258256,0.847401524419308,0.847394788852211
2020-10-21 04:30:00,1330.1875,-14.8242671556586,0.836162468147712,0.836155732419011
2020-10-21 05:30:00,1330.22916666667,-14.8764203837037,0.828512124572137,0.828505388684951
2020-10-21 06:00:00,1330.25,-14.7172555703704,0.854196059008362,0.854189323043097
2020-10-21 07:00:00,1330.29166666667,-14.8577277809259,0.832476496076113,0.832469759957035
2020-10-21 08:00:00,1330.33333333333,-14.7914259327778,0.843696226484474,0.843689490214696
2020-10-21 08:30:00,1330.35416666667,-14.7100964864564,0.856980978866014,0.856974242522057
2020-10-21 09:30:00,1330.39583333333,-14.6487073962963,0.867418159822747,0.867411423332761
2020-10-21 10:30:00,1330.4375,-14.3318314855556,0.918554611054898,0.918547874421998
2020-10-21 11:00:00,1330.45833333333,-14.0075814887037,0.970536827208454,0.970530090505265
2020-10-21 12:00:00,1330.5,-13.7625611218519,1.01022669409216,1.01021995725073
2020-10-21 13:00:00,1330.54166666667,-13.6053611925856,1.0359267388506,1.03592000187404
2020-10-21 13:30:00,1330.5625,-13.271538019666,1.08943401421744,1.08942727717449
2020-10-21 14:30:00,1330.60416666667,-13.28041482,1.08867797114715,1.08867123397374
2020-10-21 15:30:00,1330.64583333333,-13.6667629568519,1.02779050992023,1.02778377261947
2020-10-21 16:00:00,1330.66666666667,-13.8086000062963,1.00552481632238,1.00551807895911
2020-10-21 17:00:00,1330.70833333333,-13.6035981383333,1.03883988606051,1.03883314857457
2020-10-21 18:00:00,1330.75,-13.3354870131481,1.08220834022584,1.08220160262033
2020-10-21 18:30:00,1330.77083333333,-13.0415918296846,1.129355146026,1.12934840836188
2020-10-21 19:30:00,1330.8125,-12.903970347963,1.15193655808494,1.15192982030592
2020-10-21 20:30:00,1330.85416666667,-12.8460085950644,1.16182815222603,1.16182141433523
2020-10-21 21:00:00,1330.875,-12.8194648190741,1.16638573002495,1.16637899207942
2020-10-21 22:00:00,1330.91666666667,-12.8532518425926,1.16166172859951,1.16165499054686
2020-10-22 01:30:00,1331.0625,-12.9315101282828,1.15149941963591,1.15149268123284
2020-10-22 02:00:00,1331.08333333333,-12.6873088558824,1.19073007351366,1.19072333506365
2020-10-22 02:30:00,1331.10416666667,-12.478055770632,1.22439346410803,1.22438672561185
2020-10-22 03:30:00,1331.14583333333,-12.6609035359926,1.19592415712213,1.19591741853594
2020-10-22 04:00:00,1331.16666666667,-12.6978324949239,1.19037059561237,1.19036385698234
2020-10-22 04:30:00,1331.1875,-12.8307705773529,1.16952271985525,1.16951598118216
2020-10-22 05:00:00,1331.20833333333,-12.8526307782931,1.16636963768991,1.16636289897453
2020-10-22 06:00:00,1331.25,-13.1214434721739,1.12420613330008,1.12419939450246
2020-10-22 06:30:00,1331.27083333333,-12.7847839472362,1.17816552249547,1.1781587836579
2020-10-22 07:00:00,1331.29166666667,-12.7472958606509,1.18446669529399,1.18445995641725
2020-10-22 07:30:00,1331.3125,-13.3804537148148,1.08393349796126,1.08392675904612
2020-10-22 08:30:00,1331.35416666667,-13.6722055435185,1.03811584803248,1.03810910904287
2020-10-22 09:00:00,1331.375,-14.0454924592965,0.978980299084353,0.978973560058675
2020-10-22 09:30:00,1331.39583333333,-14.0654058985294,0.976137404788073,0.976130665727101
2020-10-22 10:00:00,1331.41666666667,-14.3333036961111,0.933790432265185,0.933783693169698
2020-10-22 11:00:00,1331.45833333333,-14.5779257871985,0.895480656138855,0.895473916976672
2020-10-22 11:30:00,1331.47916666667,-14.5671818151515,0.897521538198326,0.897514799003958
2020-10-22 12:00:00,1331.5,-14.7344588038235,0.871203561101371,0.871196821875599
2020-10-22 12:30:00,1331.52083333333,-14.6025361784787,0.892548303388948,0.892541564132542
2020-10-22 13:30:00,1331.5625,-14.1631409987013,0.963203038128916,0.963196298813582
2020-10-22 14:00:00,1331.58333333333,-14.8803919638191,0.849273841552419,0.849267102208784
2020-10-22 14:30:00,1331.60416666667,-15.0095660055718,0.829025726006118,0.829018986634959
2020-10-22 15:00:00,1331.625,-15.2327402719852,0.793803314346453,0.793796574948549
2020-10-22 16:00:00,1331.66666666667,-15.294666647963,0.784597235703751,0.784590496254678
2020-10-22 16:30:00,1331.6875,-15.2388593246231,0.793816810948747,0.793810071475258
2020-10-22 17:00:00,1331.70833333333,-15.1623167117302,0.806339539317223,0.806332799820092
2020-10-22 17:30:00,1331.72916666667,-15.0375055412963,0.826551490033114,0.826544750513118
2020-10-22 18:30:00,1331.77083333333,-14.8835324586271,0.851738416026045,0.851731676462645
2020-10-22 19:00:00,1331.79166666667,-14.8555631652632,0.856523406180281,0.856516666596348
2020-10-22 19:30:00,1331.8125,-14.7086891284457,0.880250013406296,0.880243273802601
2020-10-22 20:00:00,1331.83333333333,-14.1435962887037,0.97059918122915,0.970592441606471
2020-10-22 21:00:00,1331.875,-13.7687888655556,1.0309652399491,1.03095850029078
2020-10-22 21:30:00,1331.89583333333,-13.413060004,1.08796259545942,1.08795585578445
2020-10-22 22:00:00,1331.91666666667,-13.4987533446667,1.07464108496781,1.07463434527696
2020-10-22 23:00:00,1331.95833333333,-13.5131001745826,1.07301464314227,1.07300790342198
2020-10-23,1332,-13.5413208307692,1.06917811540175,1.06917137565513
2020-10-23 03:00:00,1332.125,-13.7046215503759,1.04514146670942,1.04513472690244
2020-10-23 03:30:00,1332.14583333333,-13.7230785785714,1.04253081489047,1.04252407507614
2020-10-23 04:00:00,1332.16666666667,-13.5955510076067,1.06317561979117,1.06316887997026
2020-10-23 05:00:00,1332.20833333333,-13.5632923689013,1.06897360449971,1.06896686466799
2020-10-23 05:30:00,1332.22916666667,-13.0491729152882,1.15120278956911,1.15119604973315
2020-10-23 06:00:00,1332.25,-13.1482446532374,1.13575018521064,1.1357434453712
2020-10-23 06:30:00,1332.27083333333,-13.1737881327138,1.13201069051086,1.13200395066873
2020-10-23 07:30:00,1332.3125,-13.1778814742593,1.13201783439696,1.13201109455176
2020-10-23 08:00:00,1332.33333333333,-13.1921783917085,1.13006994143095,1.13006320158539
2020-10-23 08:30:00,1332.35416666667,-13.1711347496454,1.13375183022093,1.13374509037577
2020-10-23 09:00:00,1332.375,-13.18537545,1.13181290337766,1.13180616353368
2020-10-23 10:00:00,1332.41666666667,-13.2304814907407,1.12528674847074,1.12528000863145
2020-10-23 10:30:00,1332.4375,-13.2066860084433,1.12940702843731,1.12940028860153
2020-10-23 11:00:00,1332.45833333333,-13.2971999613333,1.1153177388512,1.1153109990197
2020-10-23 11:30:00,1332.47916666667,-13.2532500055556,1.12264865112282,1.12264191129637
2020-10-23 12:30:00,1332.52083333333,-13.2454805205937,1.12454565663046,1.12453891681645
2020-10-23 13:00:00,1332.54166666667,-13.197280706015,1.13255358954464,1.13254684973801
2020-10-23 13:30:00,1332.5625,-13.2148439496454,1.13008542523931,1.13007868544084
2020-10-28 14:30:00,1337.60416666667,-20.1855604625369,0.0994705637885761,0.0994638486248173
2020-10-28 15:00:00,1337.625,-20.5202750105,0.0464799192494713,0.0464732042806062
2020-10-28 16:00:00,1337.66666666667,-20.0903196504673,0.115631343498076,0.115624628921283
2020-10-28 17:00:00,1337.70833333333,-19.7806865641791,0.165615321752192,0.165608607570513
2020-10-28 17:30:00,1337.72916666667,-19.5544129719764,0.201990461576641,0.201983747593665
2020-10-28 18:00:00,1337.75,-19.5351878233503,0.205382630802404,0.205375917018889
2020-10-28 18:30:00,1337.77083333333,-19.3978433141791,0.227591292952803,0.227584579369509
2020-10-28 19:30:00,1337.8125,-19.2498899080224,0.251819526637439,0.251812813456873
2020-10-28 20:00:00,1337.83333333333,-19.2796430268437,0.247409400125934,0.247402687147868
2020-10-28 20:30:00,1337.85416666667,-19.3064745020408,0.243464687742963,0.243457974968164
2020-10-28 21:00:00,1337.875,-19.4372014731343,0.222969342787701,0.222962630216927
2020-10-28 22:00:00,1337.91666666667,-19.3381414636656,0.239408765341955,0.239402053181511
2020-10-29 01:00:00,1338.04166666667,-19.3169665886827,0.244759070492958,0.244752359581756
2020-10-29 02:00:00,1338.08333333333,-19.3181298506493,0.245232756937445,0.245226046448735
2020-10-29 02:30:00,1338.10416666667,-19.4265649357143,0.228288458429026,0.228281748152705
2020-10-29 03:00:00,1338.125,-19.4688203322917,0.221886625251741,0.221879915188566
2020-10-29 03:30:00,1338.14583333333,-19.6042689972171,0.20063903144964,0.20063232160037
2020-10-29 04:30:00,1338.1875,-19.6464341539889,0.194581023163122,0.194574313743945
2020-10-29 05:00:00,1338.20833333333,-19.7456429090909,0.17910645350025,0.179099744297253
2020-10-29 05:30:00,1338.22916666667,-19.7646009992228,0.176415865566462,0.176409156580411
2020-10-29 06:00:00,1338.25,-19.8362425846296,0.165332752596009,0.165326043827661
2020-10-29 07:00:00,1338.29166666667,-19.9930203538889,0.141016807537353,0.141010099206687
2020-10-29 07:30:00,1338.3125,-20.0864156357143,0.126468295155514,0.126461587044832
2020-10-29 08:00:00,1338.33333333333,-20.1476943015544,0.117035975891149,0.117029268001202
2020-10-29 08:30:00,1338.35416666667,-20.1300519333952,0.120175826938733,0.120169119270287
2020-10-29 09:30:00,1338.39583333333,-20.0677537009259,0.130758777699536,0.130752070476362
2020-10-29 10:00:00,1338.41666666667,-20.1283571331169,0.121433996176224,0.121427289176825
2020-10-29 10:30:00,1338.4375,-20.1222435694301,0.12273727280198,0.122730566027117
2020-10-29 11:00:00,1338.45833333333,-20.1968014886827,0.111189517533452,0.111182810983881
2020-10-29 12:00:00,1338.5,-20.1019999983333,0.126950190580844,0.126943484484132
2020-10-29 12:30:00,1338.52083333333,-19.9990065051948,0.143686480893757,0.143679775024611
2020-10-29 13:00:00,1338.54166666667,-19.9264259823377,0.155577956125366,0.155571250484546
2020-10-29 13:30:00,1338.5625,-19.7080351683333,0.190697107710255,0.190690402298521
2020-10-30 16:00:00,1339.66666666667,-32.3935658447124,-1.81267348013923,-1.81268017232637
2020-10-30 17:30:00,1339.72916666667,-32.7502987003711,-1.86851464938123,-1.86852134075636
2020-10-30 18:00:00,1339.75,-33.6726516855721,-2.01511728171916,-2.0151239728221
2020-10-30 18:30:00,1339.77083333333,-33.6471678131387,-2.0107288349706,-2.01073552580061
2020-10-30 19:00:00,1339.79166666667,-34.7198721712963,-2.18128256784666,-2.18128925840297
2020-10-30 20:00:00,1339.83333333333,-34.8555370262963,-2.20223642961037,-2.20224311961705
2020-10-30 20:30:00,1339.85416666667,-35.3192481516129,-2.27577713469177,-2.27578382442249
2020-10-30 21:00:00,1339.875,-35.8649051167883,-2.3623718805035,-2.36237856995752
2020-10-30 21:30:00,1339.89583333333,-35.4533215849442,-2.2964775410076,-2.29648423018416
2020-10-30 22:30:00,1339.9375,-35.6476579609665,-2.32677791702086,-2.32678460564024
2020-10-30 23:00:00,1339.95833333333,-35.5500476827068,-2.31089977121313,-2.31090645955279
2020-10-30 23:30:00,1339.97916666667,-36.1016569751825,-2.39844277705574,-2.39844946511492
2020-10-31,1340,-36.1348153509328,-2.40339619150671,-2.40340287928467
2020-10-31 01:00:00,1340.04166666667,-36.2690596520522,-2.42412395817549,-2.42413064538875
2020-10-31 01:30:00,1340.0625,-35.7499648446115,-2.34110307655223,-2.341109763482
2020-10-31 02:00:00,1340.08333333333,-36.3806715372263,-2.44124640585269,-2.44125309249823
2020-10-31 02:30:00,1340.10416666667,-36.0331884938433,-2.38556342152694,-2.38557010788749
2020-10-31 03:30:00,1340.14583333333,-36.4722687102612,-2.45485187057883,-2.45485855636713
2020-10-31 04:00:00,1340.16666666667,-36.2995814759399,-2.42701401483472,-2.42702070033578
2020-10-31 04:30:00,1340.1875,-36.834868770073,-2.51195701791396,-2.51196370312702
2020-10-31 05:00:00,1340.20833333333,-36.5273880751866,-2.46264648864534,-2.46265317356965
2020-10-31 06:00:00,1340.25,-36.4132556287313,-2.44380787051147,-2.44381455485602
2020-10-31 06:30:00,1340.27083333333,-36.1102732428571,-2.39521395700169,-2.39522064105523
2020-10-31 07:00:00,1340.29166666667,-36.3801094386861,-2.43787046362416,-2.43787714738593
2020-10-31 07:30:00,1340.3125,-36.0796586779851,-2.38967986130327,-2.38968654477253
2020-10-31 08:30:00,1340.35416666667,-36.7669365160448,-2.4985065816386,-2.49851326452058
2020-10-31 09:00:00,1340.375,-37.0352656714286,-2.54092305895746,-2.54092974154468
2020-10-31 10:00:00,1340.41666666667,-37.2457368703358,-2.57379420642351,-2.57380088841894
2020-10-31 11:00:00,1340.45833333333,-35.4127857116667,-2.28114675614707,-2.28115343754771
2020-10-31 11:30:00,1340.47916666667,-37.1187965643216,-2.55258701031882,-2.55259369142093
2020-10-31 12:30:00,1340.52083333333,-36.7550988485075,-2.49399275017843,-2.49399943068124
2020-10-31 13:30:00,1340.5625,-34.4382428947664,-2.12425903190141,-2.12426571180191
2020-10-31 14:00:00,1340.58333333333,-32.8807467596491,-1.87582034692397,-1.87582702652219
2020-10-31 14:30:00,1340.60416666667,-33.5141751635037,-1.97639751802162,-1.97640419731681
2020-10-31 15:00:00,1340.625,-32.3695652557836,-1.79373192687483,-1.79373860586623
2020-10-31 16:00:00,1340.66666666667,-31.8042070886194,-1.7030131714048,-1.7030198497864
2020-10-31 17:00:00,1340.70833333333,-31.9365588734336,-1.72344015597172,-1.7234468337405
2020-10-31 17:30:00,1340.72916666667,-32.1341666449275,-1.75459085790718,-1.75459753536842
2020-10-31 18:00:00,1340.75,-31.8814785810056,-1.71400912312391,-1.71401580027687
2020-10-31 19:00:00,1340.79166666667,-31.7362234472998,-1.69021322038842,-1.69021989692256
2020-10-31 19:30:00,1340.8125,-31.7226992177945,-1.68773049053931,-1.68773716676292
2020-10-31 20:00:00,1340.83333333333,-32.3070651456522,-1.780492101836,-1.78049877774832
2020-10-31 20:30:00,1340.85416666667,-32.2989441599628,-1.77887013626642,-1.77887681186671
2020-10-31 21:30:00,1340.89583333333,-31.9387710376164,-1.72083776274996,-1.72084443772393
2020-10-31 22:00:00,1340.91666666667,-32.2943308218045,-1.77715043954591,-1.7771571142056
2020-10-31 22:30:00,1340.9375,-32.5315001282609,-1.81460344066453,-1.81461011500918
2020-10-31 23:00:00,1340.95833333333,-32.1999720333333,-1.76146255141514,-1.76146922544402
2020-11-01,1341,-31.7727425416045,-1.69274817083266,-1.69275484422773
2020-11-01 00:30:00,1341.02083333333,-32.1397844691729,-1.7508900218379,-1.75089669491493
2020-11-01 01:00:00,1341.04166666667,-32.4093139992701,-1.79349809048123,-1.79350476323949
2020-11-01 01:30:00,1341.0625,-32.825836173743,-1.85952220469736,-1.85952887713609
2020-11-01 02:30:00,1341.10416666667,-32.7885008834264,-1.85291837162211,-1.85292504341954
2020-11-01 03:00:00,1341.125,-32.0799199115288,-1.73971278770402,-1.73971945917968
2020-11-01 03:30:00,1341.14583333333,-32.7519490652174,-1.84643939584195,-1.84644606699508
2020-11-01 04:00:00,1341.16666666667,-32.2475045823091,-1.76575292543861,-1.76575959626846
2020-11-01 05:00:00,1341.20833333333,-31.9355250927374,-1.71539819985974,-1.71540487004081
2020-11-01 05:30:00,1341.22916666667,-31.6363969469849,-1.6674188064128,-1.66742547626836
2020-11-01 06:00:00,1341.25,-32.1575361898551,-1.75010860680607,-1.75011527633536
2020-11-01 06:30:00,1341.27083333333,-31.7632245316981,-1.68696643717467,-1.68697310637694
2020-11-01 07:30:00,1341.3125,-31.8550782344507,-1.70094275452128,-1.70094942306728
2020-11-01 08:00:00,1341.33333333333,-30.9638822393484,-1.55864659329137,-1.55865326150812
2020-11-01 08:30:00,1341.35416666667,-31.4886739710145,-1.64191830168744,-1.64192496957419
2020-11-01 09:00:00,1341.375,-31.2904506476723,-1.61001320805692,-1.61001987561291
2020-11-01 10:00:00,1341.41666666667,-30.3215772735568,-1.45501507295585,-1.45502173984809
2020-11-01 10:30:00,1341.4375,-30.4278370957393,-1.47161440098186,-1.47162106754111
2020-11-01 11:00:00,1341.45833333333,-30.9993623355072,-1.56233085559336,-1.56233752181886
2020-11-01 11:30:00,1341.47916666667,-31.0130596100559,-1.56418492983642,-1.56419159572744
2020-11-01 12:30:00,1341.52083333333,-30.8302346363128,-1.53440499764211,-1.5344116628619
2020-11-01 13:00:00,1341.54166666667,-30.4999022789474,-1.48145494529089,-1.48146161017395
2020-11-01 13:30:00,1341.5625,-30.8498333217391,-1.5368713519992,-1.53687801654478
2020-11-01 14:00:00,1341.58333333333,-29.5026926981378,-1.32194304283469,-1.32194970704204
2020-11-01 15:00:00,1341.625,-28.6988845296089,-1.19324017705731,-1.19324684058597
2020-11-01 15:30:00,1341.64583333333,-28.1954836987469,-1.1127202600707,-1.1127269232589
2020-11-01 16:00:00,1341.66666666667,-27.981442076087,-1.0782954852302,-1.07830214807718
2020-11-01 17:00:00,1341.70833333333,-27.0741338237918,-0.933105090145849,-0.933111752308169
2020-11-01 18:00:00,1341.75,-27.3692081501859,-0.979455153587801,-0.979461815062469
2020-11-01 18:30:00,1341.77083333333,-26.0215263380952,-0.764440754587515,-0.764447415717241
2020-11-01 19:00:00,1341.79166666667,-26.4891223100719,-0.838601417560894,-0.838608078344929
2020-11-01 19:30:00,1341.8125,-26.7353810091078,-0.877502908578471,-0.877509569016068
2020-11-01 20:30:00,1341.85416666667,-25.2272862269517,-0.636606982191014,-0.636613641933502
2020-11-01 21:00:00,1341.875,-24.9598496323308,-0.593676487469902,-0.593683146863717
2020-11-01 21:30:00,1341.89583333333,-25.0319137035971,-0.604828705397895,-0.604835364442288
2020-11-01 22:00:00,1341.91666666667,-25.622685879368,-0.698611509052512,-0.698618167746745
2020-11-01 23:00:00,1341.95833333333,-25.5527155860595,-0.686809981269145,-0.686816639260809
2020-11-01 23:30:00,1341.97916666667,-25.636350914787,-0.699805565047175,-0.699812222686439
2020-11-02,1342,-25.5610000897436,-0.687474555087953,-0.687481212374073
2020-11-02 00:30:00,1342.02083333333,-25.8024479295539,-0.72560981304198,-0.725616469974206
2020-11-02 01:30:00,1342.0625,-25.4357527916357,-0.666539947397402,-0.666546603619611
2020-11-02 02:00:00,1342.08333333333,-25.1500175185464,-0.620694601628345,-0.620701257494429
2020-11-02 02:30:00,1342.10416666667,-25.1524748798561,-0.620758562846724,-0.620765218355939
2020-11-02 03:00:00,1342.125,-24.8812230758364,-0.577220472855962,-0.577227128007561
2020-11-02 04:00:00,1342.16666666667,-25.1939907141264,-0.626389657040995,-0.626396311475132
2020-11-02 04:30:00,1342.1875,-25.5184461223058,-0.677748195176178,-0.677754849250463
2020-11-02 05:00:00,1342.20833333333,-25.531921005036,-0.679567327968366,-0.679573981682059
2020-11-02 05:30:00,1342.22916666667,-25.968782530855,-0.748832270195377,-0.748838923547733
2020-11-02 06:30:00,1342.27083333333,-26.39374718829,-0.815874665833155,-0.815881318460602
2020-11-02 07:00:00,1342.29166666667,-26.6708571263158,-0.859691110116615,-0.859697762380496
2020-11-02 07:30:00,1342.3125,-26.8390720309353,-0.886160512562145,-0.88616716446171
2020-11-02 08:00:00,1342.33333333333,-27.8723624481413,-1.05043707719962,-1.05044372873413
2020-11-02 09:00:00,1342.375,-28.635377320632,-1.17133126189393,-1.17133791269609
2020-11-02 09:30:00,1342.39583333333,-28.9015313275689,-1.21340249295207,-1.21340914338694
2020-11-02 10:00:00,1342.41666666667,-29.1725611093525,-1.25625045343862,-1.25625710350546
2020-11-02 10:30:00,1342.4375,-29.1064639382883,-1.24539386447456,-1.24540051417262
2020-11-02 11:30:00,1342.47916666667,-29.0718215641264,-1.23922083008218,-1.23922747904047
2020-11-02 12:00:00,1342.5,-29.4788897220551,-1.30373986156724,-1.30374651015453
2020-11-02 12:30:00,1342.52083333333,-29.0457265935252,-1.23440946390063,-1.23441611211617
2020-11-02 13:00:00,1342.54166666667,-29.7572564762082,-1.34742949619462,-1.34743614403767
2020-11-02 14:00:00,1342.58333333333,-30.4837676552045,-1.46250891916776,-1.46251556626359
2020-11-02 14:30:00,1342.60416666667,-31.1074912756892,-1.5615413971859,-1.56154804390702
2020-11-02 15:00:00,1342.625,-31.2582158122302,-1.58522479855136,-1.58523144489702
2020-11-02 15:30:00,1342.64583333333,-31.1615881382189,-1.56950483148728,-1.56951147745673
2020-11-02 17:00:00,1342.70833333333,-30.3018880744403,-1.4315727616002,-1.43157940643659
2020-11-02 17:30:00,1342.72916666667,-30.0797854242009,-1.39586460346564,-1.39587124792286
2020-11-02 18:00:00,1342.75,-29.6714132637224,-1.33048359492152,-1.33049023899883
2020-11-02 18:30:00,1342.77083333333,-29.8711045132463,-1.36196753784425,-1.3619741815409
2020-11-02 19:30:00,1342.8125,-29.0794179197761,-1.23519731343815,-1.23520395637126
2020-11-02 20:00:00,1342.83333333333,-28.626410956621,-1.162706012078,-1.16271265462823
2020-11-02 20:30:00,1342.85416666667,-28.4713670863924,-1.13768046024056,-1.13768710240717
2020-11-02 21:00:00,1342.875,-27.9650467114019,-1.0566963261015,-1.05670296788374
2020-11-02 22:00:00,1342.91666666667,-27.4565764988806,-0.975042832694903,-0.975049473706197
2020-11-02 22:30:00,1342.9375,-27.4360458834862,-0.971445402462415,-0.971452043087118
2020-11-02 23:00:00,1342.95833333333,-27.2803059753943,-0.946309051381972,-0.946315691619343
2020-11-02 23:30:00,1342.97916666667,-27.4803376889925,-0.977847390018349,-0.977854029867653
2020-11-03 00:30:00,1343.02083333333,-27.5443735577358,-0.987394685696389,-0.987401324767328
2020-11-03 01:00:00,1343.04166666667,-27.3096027424658,-0.949668719448767,-0.949675358129417
2020-11-03 01:30:00,1343.0625,-27.308987344164,-0.949243894764996,-0.94925053305461
2020-11-03 02:00:00,1343.08333333333,-27.8629980955224,-1.03717142841706,-1.0371780663149
2020-11-03 03:00:00,1343.125,-28.0207164057836,-1.06164256728899,-1.06164920440106
2020-11-03 03:30:00,1343.14583333333,-28.0490867493151,-1.06583525765328,-1.06584189437136
2020-11-03 04:00:00,1343.16666666667,-28.0308580369085,-1.0626047016261,-1.06261133794945
2020-11-03 04:30:00,1343.1875,-27.9650820781716,-1.05179985184239,-1.05180648777026
2020-11-03 05:30:00,1343.22916666667,-27.3991567380597,-0.960994205492534,-0.961000840627229
2020-11-03 06:00:00,1343.25,-27.4971232812785,-0.97627370321897,-0.976280337955968
2020-11-03 06:30:00,1343.27083333333,-27.5478391249211,-0.984026147466112,-0.984032781804675
2020-11-03 07:00:00,1343.29166666667,-27.0799309891791,-0.909161437953136,-0.909168071892529
2020-11-03 08:00:00,1343.33333333333,-26.9399701419776,-0.886212407223967,-0.886219040362787
2020-11-03 08:30:00,1343.35416666667,-26.4230547680365,-0.803540860208792,-0.80354749294622
2020-11-03 09:00:00,1343.375,-26.4204511435331,-0.802799559351002,-0.802806191686298
2020-11-03 09:30:00,1343.39583333333,-26.9595205261194,-0.888347172589047,-0.888353804521473
2020-11-03 10:30:00,1343.4375,-28.0979832408582,-1.06905209844734,-1.06905872957181
2020-11-03 11:00:00,1343.45833333333,-28.6445616630137,-1.15579595824663,-1.15580258896601
2020-11-03 11:30:00,1343.47916666667,-28.882955848265,-1.1934458660224,-1.19345249633595
2020-11-03 12:00:00,1343.5,-29.213272386194,-1.24573908745808,-1.24574571736507
2020-11-03 13:00:00,1343.54166666667,-29.3425186526119,-1.26567528358576,-1.2656819126774
2020-11-03 13:30:00,1343.5625,-29.1832237589041,-1.23997310589874,-1.2399797345816
2020-11-03 14:00:00,1343.58333333333,-29.3115425492114,-1.26008801096439,-1.26009463923773
2020-11-03 14:30:00,1343.60416666667,-30.5192089537313,-1.45214377968774,-1.45215040755082
2020-11-03 17:30:00,1343.72916666667,-32.9028744860215,-1.82990565491183,-1.82991228029787
2020-11-03 18:00:00,1343.75,-32.2094440405405,-1.71911545984417,-1.71912208481478
2020-11-03 19:00:00,1343.79166666667,-31.784398152963,-1.65075294031402,-1.65075956445157
2020-11-03 20:00:00,1343.83333333333,-32.0678684444444,-1.69525762568941,-1.69526424899096
2020-11-03 20:30:00,1343.85416666667,-32.1503179975265,-1.70806575792996,-1.7080723808124
2020-11-03 21:00:00,1343.875,-31.4665703039062,-1.59881813917905,-1.59882476164164
2020-11-03 21:30:00,1343.89583333333,-30.5308831278293,-1.4494363988177,-1.44944302085972
2020-11-03 22:30:00,1343.9375,-30.7446314525926,-1.48283450470118,-1.48284112589982
2020-11-03 23:00:00,1343.95833333333,-30.9241302232394,-1.51110273678111,-1.51110935755695
2020-11-03 23:30:00,1343.97916666667,-30.5146512069767,-1.44554640466664,-1.44555302501895
2020-11-04,1344,-30.9756215128015,-1.51865328978744,-1.51865990971549
2020-11-04 01:00:00,1344.04166666667,-31.1449204194444,-1.54497075332021,-1.54497737239751
2020-11-04 01:30:00,1344.0625,-31.2073462975265,-1.5545892811262,-1.55459589977703
2020-11-04 02:00:00,1344.08333333333,-31.2070739840467,-1.55421996057148,-1.5542265787951
2020-11-04 02:30:00,1344.10416666667,-30.7834666633333,-1.48641308924576,-1.48641970704144
2020-11-04 03:30:00,1344.14583333333,-31.3085592816667,-1.56940892911428,-1.56941554605186
2020-11-04 04:00:00,1344.16666666667,-31.6061025134276,-1.6164819115967,-1.61648852810412
2020-11-04 04:30:00,1344.1875,-31.5927470988327,-1.61402853611153,-1.61403515218806
2020-11-04 05:00:00,1344.20833333333,-31.3199462685185,-1.57024533910998,-1.57025195475489
2020-11-04 06:00:00,1344.25,-30.4090462435185,-1.42448671061455,-1.424493325394
2020-11-04 06:30:00,1344.27083333333,-30.8867992480287,-1.50026733193785,-1.50027394628347
2020-11-04 07:00:00,1344.29166666667,-30.7863541019455,-1.48394059346167,-1.48394720737272
2020-11-04 07:30:00,1344.3125,-31.1705402162617,-1.54481597990999,-1.54482259338574
2020-11-04 08:30:00,1344.35416666667,-30.9066772352612,-1.50213100288912,-1.50213761549206
2020-11-04 09:00:00,1344.375,-31.0870286799283,-1.5305354375081,-1.53054204967354
2020-11-04 09:30:00,1344.39583333333,-31.2056886797665,-1.5491123998667,-1.5491190115939
2020-11-04 10:00:00,1344.41666666667,-31.6762690435514,-1.62375054671664,-1.62375715800486
2020-11-04 11:00:00,1344.45833333333,-31.7389645110075,-1.63308675396954,-1.63309336437762
2020-11-04 11:30:00,1344.47916666667,-31.5976200519713,-1.61024489658964,-1.61025150655654
2020-11-04 12:00:00,1344.5,-31.3278482875486,-1.56694449688097,-1.56695110640596
2020-11-04 12:30:00,1344.52083333333,-31.3060466014925,-1.56314592709527,-1.56315253617761
2020-11-04 13:30:00,1344.5625,-32.376342755618,-1.73299383593677,-1.73300044413162
2020-11-04 14:00:00,1344.58333333333,-32.2329601431818,-1.70982739565592,-1.70983400340592
2020-11-04 15:00:00,1344.625,-28.8701156889925,-1.17347295391234,-1.17347956077045
2020-11-04 16:00:00,1344.66666666667,-26.644932728972,-0.818348879124708,-0.818355485087988
2020-11-04 16:30:00,1344.6875,-24.7537276179211,-0.516753163234012,-0.516759768748782
2020-11-04 17:00:00,1344.70833333333,-24.4167042914397,-0.462739735874762,-0.462746340940283
2020-11-04 17:30:00,1344.72916666667,-23.0072985397388,-0.237895041494116,-0.237901646109657
2020-11-04 19:00:00,1344.79166666667,-22.2198843447761,-0.111483463012523,-0.111490066273726
2020-11-04 20:30:00,1344.85416666667,-21.7847495413729,-0.0411904217346417,-0.0411970236349168
2020-11-04 22:30:00,1344.9375,-21.7563042710575,-0.0353583410884394,-0.035364941163888
2020-11-05,1345,-20.9864572509294,0.0882541748948992,0.0882475761957535
2020-11-05 01:00:00,1345.04166666667,-20.2416401332096,0.207554196575894,0.207547598797945
2020-11-05 01:30:00,1345.0625,-19.3065338473684,0.356842326975088,0.356835729658833
2020-11-05 02:00:00,1345.08333333333,-19.5912499685714,0.311811855869757,0.311805259015928
2020-11-05 02:30:00,1345.10416666667,-19.0926635522305,0.391562018348919,0.391555421958246
2020-11-05 03:30:00,1345.14583333333,-17.8620074367347,0.58825633573102,0.588249740268856
2020-11-05 04:00:00,1345.16666666667,-17.6505012788413,0.622274346426713,0.622267751429899
2020-11-05 04:30:00,1345.1875,-17.1648356435714,0.699966137215642,0.699959542684909
2020-11-05 05:00:00,1345.20833333333,-18.1664777872222,0.540728715361909,0.540722121297987
2020-11-05 06:00:00,1345.25,-18.1226252194805,0.548364173569057,0.548357580440948
2020-11-05 06:30:00,1345.27083333333,-18.3945388516291,0.505372962984308,0.505366370325205
2020-11-05 07:00:00,1345.29166666667,-18.6851928314286,0.459396380848055,0.459389788658685
2020-11-05 07:30:00,1345.3125,-19.1957240492593,0.378393176746083,0.378386585027177
2020-11-05 08:30:00,1345.35416666667,-19.4474731116883,0.338938876031474,0.338932285255687
2020-11-05 09:00:00,1345.375,-19.4755955055276,0.334783679615935,0.334777089312798
2020-11-05 09:30:00,1345.39583333333,-19.7066950730496,0.298294053395961,0.29828746356621
2020-11-05 10:00:00,1345.41666666667,-19.5475111266667,0.32397684881409,0.323970259458452
2020-11-05 11:00:00,1345.45833333333,-19.5904193474954,0.317790833330624,0.3177842449254
2020-11-05 11:30:00,1345.47916666667,-19.5367443466165,0.32666591499711,0.32665932706819
2020-11-05 12:00:00,1345.5,-19.2045886120567,0.379903155349838,0.379896567897946
2020-11-05 12:30:00,1345.52083333333,-19.0534815053704,0.40429919866631,0.404292611692181
2020-11-05 13:30:00,1345.5625,-18.2888481785185,0.526754916651288,0.526748330634865
2020-11-05 14:00:00,1345.58333333333,-18.5648894442211,0.483105855041877,0.4830992695054
2020-11-05 14:30:00,1345.60416666667,-18.5885319368794,0.479664076942952,0.479657491887154
2020-11-05 15:00:00,1345.625,-18.1863364613383,0.544058570042804,0.544051985468407
2020-11-05 16:00:00,1345.66666666667,-18.3184610933333,0.523659890113333,0.523653306503933
2020-11-05 16:30:00,1345.6875,-18.5005588553885,0.494975988338329,0.494969405212518
2020-11-05 17:00:00,1345.70833333333,-18.5507304964539,0.487307990302329,0.487301407660836
2020-11-05 18:00:00,1345.75,-19.7669215364486,0.294216584005768,0.294210002335094
2020-11-05 19:00:00,1345.79166666667,-20.2668842828358,0.215220769764817,0.215214189067879
2020-11-05 19:30:00,1345.8125,-20.3169173035088,0.207574745379391,0.20756816517041
2020-11-05 20:00:00,1345.83333333333,-20.2797867522059,0.213813918437799,0.213807338717503
2020-11-05 20:30:00,1345.85416666667,-19.7758805848881,0.294410758789396,0.294404179558516
2020-11-05 21:30:00,1345.89583333333,-19.4139776117537,0.35271055075944,0.352703972509567
2020-11-05 22:00:00,1345.91666666667,-18.2994924620603,0.530572993376503,0.530566415618225
2020-11-05 22:30:00,1345.9375,-17.8543503364963,0.60180859186111,0.601802014595153
2020-11-05 23:00:00,1345.95833333333,-17.8221754009328,0.607258199757829,0.607251622984922
2020-11-06,1346,-17.1351175214552,0.71735517978212,0.717348603997491
2020-11-06 00:30:00,1346.02083333333,-16.8195162927318,0.767954732141797,0.7679481568524
2020-11-06 01:00:00,1346.04166666667,-16.6496788627737,0.795333984918111,0.79532741012467
2020-11-06 01:30:00,1346.0625,-16.2473003666045,0.859757173401473,0.859750599104714
2020-11-06 02:30:00,1346.10416666667,-16.4472630606343,0.828550919227557,0.828544345926345
2020-11-06 03:00:00,1346.125,-16.2264686593985,0.864047564425572,0.864040991623218
2020-11-06 03:30:00,1346.14583333333,-16.3112335065693,0.850868380512905,0.850861808210141
2020-11-06 04:00:00,1346.16666666667,-15.9106747663551,0.91500156836431,0.914994996561859
2020-11-06 05:00:00,1346.20833333333,-16.0948731240672,0.886306359192507,0.886299788392863
2020-11-06 05:30:00,1346.22916666667,-16.6827764248744,0.792976769719159,0.792970199422006
2020-11-06 06:00:00,1346.25,-16.5183942255474,0.819486775318964,0.819480205525024
2020-11-06 06:30:00,1346.27083333333,-16.7574627026119,0.781726777126645,0.781720207836649
2020-11-06 07:30:00,1346.3125,-16.8699421735075,0.764456210762087,0.76444964248215
2020-11-06 08:00:00,1346.33333333333,-17.153422091206,0.719621369894433,0.719614802120616
2020-11-06 08:30:00,1346.35416666667,-17.4318477833333,0.675591647874039,0.675585080607065
2020-11-06 09:00:00,1346.375,-17.4911638785847,0.66646621827475,0.66645965151534
2020-11-06 10:00:00,1346.41666666667,-17.4604794757463,0.67200153011428,0.671994964372181
2020-11-06 10:30:00,1346.4375,-17.6077368353383,0.648866925194002,0.648860359961644
2020-11-06 11:00:00,1346.45833333333,-17.8012246942029,0.618367745597224,0.618361180875335
2020-11-06 11:30:00,1346.47916666667,-17.5604608199627,0.657045154258773,0.657038590048074
2020-11-06 12:30:00,1346.52083333333,-17.3993775820561,0.683352862447037,0.68334629926089
2020-11-06 13:00:00,1346.54166666667,-16.9131809153266,0.761127820651775,0.761121257978991
2020-11-06 13:30:00,1346.5625,-16.8901665971014,0.765117476431122,0.765110914272424
2020-11-06 14:00:00,1346.58333333333,-16.8957969893855,0.764543986002218,0.764537424358334
2020-11-06 15:00:00,1346.625,-17.0538770726257,0.740008515718587,0.740001955106491
2020-11-06 15:30:00,1346.64583333333,-17.2015739233083,0.716803666632913,0.716797106537802
2020-11-06 16:00:00,1346.66666666667,-17.2418841318841,0.710705562854689,0.710699003277283
2020-11-06 16:30:00,1346.6875,-17.5457700406897,0.662619638113891,0.662613079054913
2020-11-06 18:00:00,1346.75,-17.8826882738404,0.609918134101558,0.609911576602205
2020-11-06 20:30:00,1346.85416666667,-18.2685287957328,0.550069340298996,0.550062785413473
2020-11-06 22:00:00,1346.91666666667,-18.7651648407407,0.471924102783683,0.471917549475125
2020-11-06 22:30:00,1346.9375,-19.5491039589109,0.347365072770378,0.347358519988919
2020-11-06 23:00:00,1346.95833333333,-19.8136911801471,0.305539146974012,0.305532594720378
2020-11-06 23:30:00,1346.97916666667,-19.6987610857407,0.324170576626017,0.324164024900926
2020-11-07 00:30:00,1347.02083333333,-19.6949239183673,0.325427734506338,0.325421183840498
2020-11-07 01:00:00,1347.04166666667,-19.2087846915842,0.403192971544339,0.403186421409206
2020-11-07 01:30:00,1347.0625,-19.2289265058824,0.400307252636529,0.400300703032825
2020-11-07 02:00:00,1347.08333333333,-18.5512983213884,0.50857676882311,0.50857021975156
2020-11-07 03:00:00,1347.125,-18.392851596846,0.534463096371075,0.534456548365989
2020-11-07 03:30:00,1347.14583333333,-18.4638564272277,0.52347476501267,0.523468217541897
2020-11-07 04:00:00,1347.16666666667,-18.6418162375,0.49544840441269,0.495441857476951
2020-11-07 04:30:00,1347.1875,-18.6249016664193,0.498465647466738,0.498459101066754
2020-11-07 05:30:00,1347.22916666667,-18.6053426066667,0.502226825418907,0.502220280092597
2020-11-07 06:00:00,1347.25,-18.661405944802,0.49361856147054,0.493612016682147
2020-11-07 06:30:00,1347.27083333333,-18.6345220036765,0.498223833663054,0.498217289413298
2020-11-07 07:00:00,1347.29166666667,-18.5642295622222,0.509744086216398,0.509737542506002
2020-11-07 08:00:00,1347.33333333333,-18.4928070289425,0.521766905151879,0.521760362522356
2020-11-07 08:30:00,1347.35416666667,-18.168431782134,0.573762655635219,0.573756113547213
2020-11-07 09:00:00,1347.375,-18.3504338272059,0.545092116731297,0.545085575185527
2020-11-07 09:30:00,1347.39583333333,-18.1764499766667,0.573130360421569,0.573123819418755
2020-11-07 10:30:00,1347.4375,-18.2632727458256,0.559944340115786,0.559937800201042
2020-11-07 11:00:00,1347.45833333333,-18.9359925645161,0.453102009079292,0.453095469709665
2020-11-07 11:30:00,1347.47916666667,-19.0275692912409,0.438836162751143,0.438829623927349
2020-11-07 12:00:00,1347.5,-18.4614666498148,0.529339084579978,0.529332546302736
2020-11-07 13:00:00,1347.54166666667,-17.8466518405556,0.627924180369985,0.627917643188007
2020-11-07 13:30:00,1347.5625,-17.7835725485477,0.638295047396458,0.638288510763187
2020-11-07 14:30:00,1347.60416666667,-17.5349333009259,0.678547962625576,0.67854142709188
2020-11-07 15:30:00,1347.64583333333,-18.0337833059259,0.599725204054977,0.599718669623728
2020-11-07 16:00:00,1347.66666666667,-18.1444178860697,0.582423199994689,0.582416666115743
2020-11-07 16:30:00,1347.6875,-18.1459781335766,0.582496789522391,0.582490256196462
2020-11-07 17:00:00,1347.70833333333,-18.2780746151119,0.561775838098413,0.561769305326223
2020-11-07 18:00:00,1347.75,-19.0185765141791,0.444457504440445,0.444450972777881
2020-11-07 18:30:00,1347.77083333333,-18.9389371957286,0.45746614025107,0.457459609144396
2020-11-07 19:00:00,1347.79166666667,-19.0557794169118,0.439175100636719,0.439168570086655
2020-11-07 19:30:00,1347.8125,-18.7931623113806,0.481332177139692,0.48132564714695
2020-11-07 20:30:00,1347.85416666667,-18.7454085813433,0.489583270756328,0.489576741880389
2020-11-07 21:30:00,1347.89583333333,-18.3545577512563,0.55248987391899,0.552483346162721
2020-11-07 22:00:00,1347.91666666667,-18.4430511605839,0.538714664905577,0.538708137710221
2020-11-07 22:30:00,1347.9375,-18.4255671606343,0.541821706880662,0.541815180246929
2020-11-07 23:30:00,1347.97916666667,-18.4144458567164,0.54423691682875,0.544230391320423
2020-11-08,1348,-18.4196115661654,0.543735765537228,0.543729240592677
2020-11-08 00:30:00,1348.02083333333,-18.5795693481752,0.518576100263425,0.518569575883366
2020-11-08 01:00:00,1348.04166666667,-18.3635522294776,0.553309479100402,0.553302955285554
2020-11-08 02:00:00,1348.08333333333,-18.5306343384328,0.527336495755045,0.527329973072762
2020-11-08 02:30:00,1348.10416666667,-18.7337217711779,0.495306141057816,0.495299618942889
2020-11-08 03:00:00,1348.125,-18.8481970883212,0.477391733286063,0.477385211739207
2020-11-08 03:30:00,1348.14583333333,-18.5290746235075,0.528549735580004,0.528543214601938
2020-11-08 04:30:00,1348.1875,-18.5892574942164,0.51960561294136,0.519599093103011
2020-11-08 05:00:00,1348.20833333333,-18.9959448744361,0.455141508638508,0.455134989371096
2020-11-08 05:30:00,1348.22916666667,-19.1595548240876,0.429399786112166,0.429393267416402
2020-11-08 06:00:00,1348.25,-18.1284533251866,0.593976424435299,0.593969906311899
2020-11-08 07:00:00,1348.29166666667,-17.772805973694,0.651274086952963,0.651267569976437
2020-11-08 07:30:00,1348.3125,-18.5343684438596,0.530277993715775,0.530271477313754
2020-11-08 08:00:00,1348.33333333333,-18.8581678423358,0.479017843804447,0.47901132797765
2020-11-08 08:30:00,1348.35416666667,-18.7478172123134,0.496918076815638,0.496911561564778
2020-11-08 09:30:00,1348.39583333333,-18.5845869323364,0.523563293879991,0.52355677978315
2020-11-08 10:00:00,1348.41666666667,-18.6485413478697,0.513696527727638,0.513690014208877
2020-11-08 10:30:00,1348.4375,-18.937246434058,0.468026792099295,0.468020279159323
2020-11-08 11:00:00,1348.45833333333,-19.1033724314711,0.441883965837199,0.441877453476737
2020-11-08 12:00:00,1348.5,-19.0382476681564,0.452900633474105,0.452894122274799
2020-11-08 12:30:00,1348.52083333333,-18.516368420802,0.536357452897049,0.536350942279393
2020-11-08 13:00:00,1348.54166666667,-18.5661667152174,0.528745604151536,0.528739094116242
2020-11-08 13:30:00,1348.5625,-18.3538137817505,0.562894606066185,0.562888096613963
2020-11-08 14:30:00,1348.60416666667,-18.3967163981343,0.556702162345926,0.556695654061994
2020-11-08 15:00:00,1348.625,-18.1539649107769,0.595693593537896,0.595687085839178
2020-11-08 15:30:00,1348.64583333333,-18.5058260934783,0.539962774029496,0.539956266916707
2020-11-08 16:00:00,1348.66666666667,-19.1078733614525,0.444377104867541,0.444370598341392
2020-11-08 17:00:00,1348.70833333333,-19.3545511925512,0.405722849192535,0.405716343841802
2020-11-08 17:30:00,1348.72916666667,-19.9994962243108,0.303303452906762,0.303296948144805
2020-11-08 18:00:00,1348.75,-20.0573405521739,0.294409590652954,0.294403086480486
2020-11-08 18:30:00,1348.77083333333,-20.3752862654275,0.2440813641456,0.244074860563335
2020-11-08 19:30:00,1348.8125,-20.1047124022263,0.287825396320759,0.287818893921032
2020-11-08 21:00:00,1348.875,-19.7474029652985,0.345706969882283,0.345700469261701
2020-11-08 21:30:00,1348.89583333333,-19.2684692095327,0.422322045251348,0.422315545225239
2020-11-08 22:30:00,1348.9375,-19.3102220104478,0.416311881904146,0.416305383069114
2020-11-08 23:30:00,1348.97916666667,-19.6440615822761,0.363771974985594,0.363765477344482
2020-11-09,1349,-19.5926511294776,0.37228214238348,0.372275645340394
2020-11-09 01:00:00,1349.04166666667,-19.7860895505597,0.342108070141001,0.342101574296103
2020-11-09 02:00:00,1349.08333333333,-20.0690393333333,0.297674660957671,0.2976681663138
2020-11-09 02:30:00,1349.10416666667,-20.2683302434701,0.266247780763976,0.266241286721684
2020-11-09 03:30:00,1349.14583333333,-20.3238097098881,0.258050385327245,0.258043892490244
2020-11-09 04:30:00,1349.1875,-20.7412377728464,0.192194205930376,0.192187714301502
2020-11-09 05:00:00,1349.20833333333,-20.8615933277985,0.173341641877729,0.173335150853983
2020-11-09 06:00:00,1349.25,-20.6134290697761,0.213514623420407,0.213508133609046
2020-11-09 07:00:00,1349.29166666667,-20.5936231473881,0.217309844209822,0.217303355613685
2020-11-09 07:30:00,1349.3125,-20.5103252261682,0.230899281070889,0.230892793083427
2020-11-09 08:30:00,1349.35416666667,-20.3249402080374,0.261071197473197,0.261064710705215
2020-11-09 09:30:00,1349.39583333333,-20.2954317362617,0.26641175313051,0.266405267584839
2020-11-09 10:00:00,1349.41666666667,-20.2467865279026,0.274480843670568,0.274474358737114
2020-11-09 11:00:00,1349.45833333333,-20.5513302401119,0.226606473807378,0.226599990100486
2020-11-09 12:00:00,1349.5,-20.6162766413084,0.216900010468611,0.216893527991112
2020-11-09 12:30:00,1349.52083333333,-20.0235148988806,0.311647108294187,0.311640626432451
2020-11-09 13:30:00,1349.5625,-19.8541140654206,0.33927215178018,0.339265671152084
2020-11-09 14:30:00,1349.60416666667,-19.9883176880374,0.318532671294988,0.318526191903366
2020-11-09 15:00:00,1349.625,-20.0426753725746,0.31019303551722,0.310186556744891
2020-11-09 16:00:00,1349.66666666667,-20.354516781903,0.261155552314304,0.261149074782691
2020-11-09 17:00:00,1349.70833333333,-20.4153656873134,0.252101236369999,0.252094760081928
2020-11-09 17:30:00,1349.72916666667,-20.8761007662313,0.179025243792916,0.179018768127679
2020-11-09 18:30:00,1349.77083333333,-21.0625242686567,0.149966627226134,0.149960152808678
2020-11-09 19:30:00,1349.8125,-20.737703662963,0.202349443627551,0.202342970460701
2020-11-09 20:30:00,1349.85416666667,-20.5181921541045,0.237956326523988,0.237949854610571
2020-11-09 21:30:00,1349.89583333333,-19.9671158588785,0.326381597377699,0.326375126720536
2020-11-09 22:30:00,1349.9375,-19.892216379291,0.338951441439882,0.338944972041796
2020-11-09 23:00:00,1349.95833333333,-20.0693252428037,0.311056979618792,0.311050510851302
2020-11-10,1350,-20.0047668270522,0.321979304540701,0.321972837036519
2020-11-10 01:00:00,1350.04166666667,-20.0741887351402,0.311558347534511,0.311551881296459
2020-11-10 01:30:00,1350.0625,-20.3923009106195,0.261201806608861,0.26119534100493
2020-11-10 02:30:00,1350.10416666667,-20.5545149727612,0.23599881164357,0.235992347309999
2020-11-10 03:30:00,1350.14583333333,-20.6723551843891,0.217864481361167,0.217858018300769
2020-11-10 04:00:00,1350.16666666667,-20.8011119149254,0.197672246363228,0.197665783940473
2020-11-10 05:00:00,1350.20833333333,-20.7123078317164,0.212456317184966,0.212449856039611
2020-11-10 06:00:00,1350.25,-20.6163544623134,0.228379152175288,0.228372692310142
2020-11-10 06:30:00,1350.27083333333,-20.679158882243,0.218693014598354,0.218686555374373
2020-11-10 07:30:00,1350.3125,-20.4618134690298,0.25395350495654,0.253947047016992
2020-11-10 08:30:00,1350.35416666667,-20.4656822192523,0.253974297949159,0.25396784129686
2020-11-10 09:00:00,1350.375,-19.9117518822761,0.342534294063713,0.342527838056088
2020-11-10 10:00:00,1350.41666666667,-19.2045727919776,0.455825330990685,0.455818876274526
2020-11-10 11:00:00,1350.45833333333,-18.9206884643657,0.501685085865737,0.501678632443854
2020-11-10 11:30:00,1350.47916666667,-18.2747962631776,0.604894517836085,0.604888065062392
2020-11-10 12:30:00,1350.52083333333,-17.1173208595149,0.789917768996549,0.789911317521342
2020-11-10 13:30:00,1350.5625,-16.1039775669159,0.951980547185838,0.951974097011925
2020-11-10 14:00:00,1350.58333333333,-15.4306007128731,1.05956814814651,1.0595616986243
2020-11-10 15:00:00,1350.625,-15.4343824686567,1.05960199164634,1.05959554342963
2020-11-10 16:00:00,1350.66666666667,-15.3418542143925,1.07497796307533,1.07497151616693
2020-11-10 16:30:00,1350.6875,-15.3277289734579,1.07754615408888,1.07753970783568
2020-11-10 18:30:00,1350.77083333333,-15.4787884979592,1.05475406867145,1.05474762504609
2020-11-10 20:00:00,1350.83333333333,-15.6492059218924,1.02855997256584,1.02855353091871
2020-11-10 20:30:00,1350.85416666667,-15.9038950400763,0.988305590963115,0.988299149976798
2020-11-10 21:00:00,1350.875,-15.9512499125,0.9810796710514,0.981073230726592
2020-11-10 21:30:00,1350.89583333333,-16.1944304198516,0.942658555693395,0.942652116030797
2020-11-10 22:30:00,1350.9375,-16.0417370444444,0.967618050246701,0.967611611910621
2020-11-11 00:30:00,1351.02083333333,-15.4378496137845,1.06508802681924,1.06508159114459
2020-11-11 01:00:00,1351.04166666667,-15.2316474769784,1.09825366363008,1.09824722862254
2020-11-11 01:30:00,1351.0625,-15.1074611496241,1.11835409119719,1.11834765685745
2020-11-11 02:00:00,1351.08333333333,-15.2922499678571,1.08923452504564,1.0892280913744
2020-11-11 02:30:00,1351.10416666667,-15.1664285809524,1.1095953542686,1.10958892126656
2020-11-11 03:00:00,1351.125,-15.3897428671429,1.07433858896026,1.07433215662813
2020-11-11 03:30:00,1351.14583333333,-15.3199624180451,1.08577199208126,1.08576556041971
2020-11-11 04:00:00,1351.16666666667,-15.4363713992857,1.06754525350427,1.06753882251403
2020-11-11 04:30:00,1351.1875,-15.2226190558897,1.10191341744666,1.10190698712841
2020-11-11 05:00:00,1351.20833333333,-15.3503428478571,1.08188415652942,1.08187772688386
2020-11-11 05:30:00,1351.22916666667,-15.0480501215539,1.13035680175398,1.13035037278181
2020-11-11 06:00:00,1351.25,-14.8663357264286,1.1596212001006,1.15961477180252
2020-11-11 06:30:00,1351.27083333333,-13.8970476225564,1.31434662046531,1.31434019284202
2020-11-11 07:00:00,1351.29166666667,-13.7714539085106,1.33467088898056,1.33466446203275
2020-11-11 07:30:00,1351.3125,-13.4255087588972,1.3900972659711,1.39009083969946
2020-11-11 08:00:00,1351.33333333333,-13.4680071205674,1.38364428131058,1.38363785571582
2020-11-11 08:30:00,1351.35416666667,-13.1423959879699,1.43583136938485,1.43582494446766
2020-11-11 09:00:00,1351.375,-13.1610355170213,1.43317904825432,1.4331726240154
2020-11-11 09:30:00,1351.39583333333,-13.004461137594,1.45843839511552,1.45843197155557
2020-11-11 10:00:00,1351.41666666667,-13.0034609822695,1.45891462402239,1.4589082011421
2020-11-11 10:30:00,1351.4375,-13.0650952353383,1.44941311399267,1.44940669179274
2020-11-11 11:00:00,1351.45833333333,-13.0359361489362,1.45437501486192,1.45436859334305
2020-11-11 11:30:00,1351.47916666667,-13.0732455892231,1.44874839892905,1.44874197809194
2020-11-11 12:00:00,1351.5,-13.0146241297872,1.4584036108334,1.45839719067873
2020-11-11 12:30:00,1351.52083333333,-12.8840325817043,1.47952367620734,1.47951725673581
2020-11-11 13:00:00,1351.54166666667,-12.9103971765957,1.47564048271956,1.47563406393188
2020-11-11 13:30:00,1351.5625,-12.6563583977444,1.51642571388489,1.51641929578174
2020-11-11 14:00:00,1351.58333333333,-12.5940567666667,1.5266670471878,1.52666062976989
2020-11-11 14:30:00,1351.60416666667,-12.5541578914787,1.53333957222334,1.53333315549136
2020-11-11 15:00:00,1351.625,-12.5312198340426,1.53731019358504,1.53730377753968
2020-11-11 15:30:00,1351.64583333333,-12.4983458568922,1.54286358073148,1.54285716537344
2020-11-11 16:00:00,1351.66666666667,-12.4578368702128,1.54963319698539,1.54962678231536
2020-11-11 16:30:00,1351.6875,-12.1237092591479,1.60317643652013,1.60317002253881
2020-11-11 17:00:00,1351.70833333333,-12.0843049886525,1.60977000384147,1.60976359054955
2020-11-11 17:30:00,1351.72916666667,-12.1586441045113,1.59824413494591,1.59823772234408
2020-11-11 18:00:00,1351.75,-12.094971622695,1.60870357865586,1.60869716674483
2020-11-11 19:00:00,1351.79166666667,-12.169147881203,1.59751989063051,1.59751348010315
2020-11-11 19:30:00,1351.8125,-12.1057591474453,1.60793403224212,1.60792762240763
2020-11-11 20:00:00,1351.83333333333,-12.0365326552764,1.61927809924935,1.61927169010843
2020-11-11 20:30:00,1351.85416666667,-12.0094744386861,1.62390469609145,1.6238982876448
2020-11-11 21:00:00,1351.875,-11.966531335589,1.6310617329335,1.63105532518181
2020-11-11 21:30:00,1351.89583333333,-11.9802409051095,1.62919392473028,1.62918751767424
2020-11-11 22:00:00,1351.91666666667,-11.7881227917293,1.66011457964709,1.6601081732874
2020-11-11 22:30:00,1351.9375,-11.7969489416058,1.6590246359362,1.65901823027354
2020-11-11 23:00:00,1351.95833333333,-11.7285904427136,1.67023022799715,1.67022382303221
2020-11-11 23:30:00,1351.97916666667,-11.6775693109489,1.67867393111062,1.67866752684411
2020-11-12,1352,-13.870335837594,1.32968062278597,1.32967421921858
2020-11-12 00:30:00,1352.02083333333,-14.2932481642336,1.26262631922617,1.2626199163586
2020-11-12 01:00:00,1352.04166666667,-18.6952512311558,0.561699983136123,0.561693580969049
2020-11-12 01:30:00,1352.0625,-19.1474379941606,0.48998217271079,0.489975771244908
2020-11-12 02:00:00,1352.08333333333,-20.2531453649123,0.314158028280444,0.314151627516452
2020-11-12 02:30:00,1352.10416666667,-20.3172919284672,0.304255230531226,0.304248830469815
2020-11-12 03:00:00,1352.125,-18.3412430969925,0.619356982900882,0.619350583542743
2020-11-12 03:30:00,1352.14583333333,-18.2389853547445,0.635962441424081,0.63595604276991
2020-11-12 04:00:00,1352.16666666667,-18.2001080271357,0.642471320263946,0.642464922314431
2020-11-12 04:30:00,1352.1875,-18.2413382404412,0.636218976210874,0.636212578966704
2020-11-12 05:00:00,1352.20833333333,-18.4962889580402,0.595920768676689,0.595914372138562
2020-11-12 05:30:00,1352.22916666667,-18.4987426338235,0.595845485880989,0.595839090049594
2020-11-12 06:00:00,1352.25,-18.998012537594,0.516626988435139,0.516620593311167
2020-11-12 06:30:00,1352.27083333333,-19.1047299394161,0.499942350531323,0.499935956115468
2020-11-12 07:00:00,1352.29166666667,-19.4371077498747,0.447309813690439,0.44730341998339
2020-11-12 07:30:00,1352.3125,-19.3203970558824,0.466217361910641,0.466210968913086
2020-11-12 08:00:00,1352.33333333333,-19.3692915025126,0.458743858223722,0.458737465936357
2020-11-12 08:30:00,1352.35416666667,-19.6676059058394,0.411537542493613,0.411531150917127
2020-11-12 09:00:00,1352.375,-19.251977418797,0.47806280464831,0.478056413783393
2020-11-12 09:30:00,1352.39583333333,-19.1833896904412,0.489304191160894,0.48929780100824
2020-11-12 10:00:00,1352.41666666667,-18.5784547796482,0.585986032291924,0.585979642852221
2020-11-12 10:30:00,1352.4375,-18.510766440146,0.597084075828715,0.597077687102648
2020-11-12 11:00:00,1352.45833333333,-17.6075288531328,0.741285676682819,0.741279288671086
2020-11-12 11:30:00,1352.47916666667,-17.3750146313869,0.77864053119738,0.778634143900669
2020-11-12 12:00:00,1352.5,-17.1879746873418,0.80875126579193,0.808744879210929
2020-11-12 13:00:00,1352.54166666667,-16.8841979949875,0.857773280542052,0.857766895394544
2020-11-12 13:30:00,1352.5625,-16.8046856735714,0.870754682811708,0.870748298381979
2020-11-12 14:00:00,1352.58333333333,-16.877472358794,0.859474709341807,0.859468325630548
2020-11-12 14:30:00,1352.60416666667,-16.9443214157143,0.84914056911599,0.849134186123888
2020-11-12 15:00:00,1352.625,-17.440168727204,0.770466665141785,0.770460282869531
2020-11-12 15:30:00,1352.64583333333,-17.3273093647482,0.788760134048015,0.788753752496299
2020-11-12 16:00:00,1352.66666666667,-14.4851984831658,1.24182528499916,1.24181890416867
2020-11-12 16:30:00,1352.6875,-14.2131071414286,1.28548445133627,1.28547807122769
2020-11-12 17:00:00,1352.70833333333,-14.0074711827068,1.31855719227978,1.31855081289381
2020-11-12 17:30:00,1352.72916666667,-13.9731500221429,1.32433932802338,1.3243329493607
2020-11-12 18:30:00,1352.77083333333,-16.1454035019802,0.978927190594417,0.978920813380382
2020-11-12 19:00:00,1352.79166666667,-15.8551911654412,1.02547286700256,1.02546649051388
2020-11-12 19:30:00,1352.8125,-16.3259974895782,0.950787691340599,0.950781315577963
2020-11-12 20:00:00,1352.83333333333,-16.0784632235294,0.990534649398856,0.99052827436295
2020-11-12 20:30:00,1352.85416666667,-17.4615124736318,0.770528452427536,0.770522078119049
2020-11-12 21:00:00,1352.875,-17.7557131838235,0.723976570256477,0.723970196676096
2020-11-12 21:30:00,1352.89583333333,-18.5016104315136,0.605469071121693,0.605462698270108
2020-11-12 22:00:00,1352.91666666667,-18.0771912536765,0.673393779103334,0.673387406981231
2020-11-12 22:30:00,1352.9375,-19.0719104276119,0.515248697680919,0.515242326288983
2020-11-12 23:00:00,1352.95833333333,-19.5376764301471,0.44136619858578,0.441359827924699
2020-11-12 23:30:00,1352.97916666667,-20.6985960226933,0.256745199923138,0.256738829993602
2020-11-13,1353,-20.1768512702703,0.34017379791289,0.340167428715579
2020-11-13 00:30:00,1353.02083333333,-20.6554664947891,0.264244300712205,0.264237932247812
2020-11-13 01:00:00,1353.04166666667,-20.0261323323529,0.364811896573431,0.364805528842639
2020-11-13 01:30:00,1353.0625,-20.6063985480198,0.272689251732867,0.272682884736363
2020-11-13 02:00:00,1353.08333333333,-21.0553309367647,0.201488143258875,0.201481776997344
2020-11-13 02:30:00,1353.10416666667,-21.2137741669975,0.176562129167915,0.176555763642047
2020-11-13 03:00:00,1353.125,-20.9577481407407,0.21766132762514,0.217654962835615
2020-11-13 03:30:00,1353.14583333333,-20.8565297027228,0.234099530412867,0.234093166360377
2020-11-13 04:00:00,1353.16666666667,-20.3995221073529,0.307215163942253,0.307208800627479
2020-11-13 04:30:00,1353.1875,-20.4885197767327,0.293351732298761,0.29334536972239
2020-11-13 05:00:00,1353.20833333333,-20.1665072992647,0.344962474404671,0.344956112567388
2020-11-13 05:30:00,1353.22916666667,-20.9171410472772,0.22569986986882,0.225693508771314
2020-11-13 06:00:00,1353.25,-20.9611985227941,0.218995334032747,0.218988973675696
2020-11-13 06:30:00,1353.27083333333,-21.0573969600496,0.203984669254103,0.203978309638198
2020-11-13 07:00:00,1353.29166666667,-21.0082573522059,0.212126422402918,0.212120063528841
2020-11-13 07:30:00,1353.3125,-21.2201091426799,0.17869202273454,0.178685664602976
2020-11-13 08:00:00,1353.33333333333,-21.1530814674074,0.189683284652597,0.189676927264231
2020-11-13 08:30:00,1353.35416666667,-21.8486815987562,0.0791873553548481,0.0791809987103665
2020-11-13 09:00:00,1353.375,-21.7368832459854,0.097310544876109,0.0973041889761905
2020-11-13 09:30:00,1353.39583333333,-20.8021240903226,0.246531941677703,0.246525586523038
2020-11-13 10:00:00,1353.41666666667,-20.5763138678832,0.282817230034776,0.282810875626045
2020-11-13 10:30:00,1353.4375,-20.468880846402,0.300244908886705,0.300238555224593
2020-11-13 11:00:00,1353.45833333333,-20.4352847189781,0.305910280911726,0.305903927996915
2020-11-13 11:30:00,1353.47916666667,-19.7082779166253,0.422036432093772,0.42203007992695
2020-11-13 12:00:00,1353.5,-19.5809489007299,0.442633446436807,0.442627095018651
2020-11-13 12:30:00,1353.52083333333,-19.5374353462687,0.449878560918474,0.449872210249673
2020-11-13 13:00:00,1353.54166666667,-19.4675693379562,0.461321603130999,0.461315253212233
2020-11-13 13:30:00,1353.5625,-19.3590025327543,0.478929672904362,0.478923323736315
2020-11-13 14:00:00,1353.58333333333,-19.2779416175182,0.492155997670317,0.492149649253672
2020-11-13 14:30:00,1353.60416666667,-18.8230847985037,0.564928239907424,0.564921892242866
2020-11-13 15:00:00,1353.625,-18.6920437905109,0.586116354885864,0.58611000797407
2020-11-13 15:30:00,1353.64583333333,-18.4508722192982,0.624848310085653,0.624841963927312
2020-11-13 16:00:00,1353.66666666667,-18.3735694145985,0.637475816436977,0.637469471032767
2020-11-13 16:30:00,1353.6875,-18.3678020325815,0.638707641554307,0.638701296904911
2020-11-13 17:00:00,1353.70833333333,-18.3494706139706,0.641940889358841,0.641934545464942
2020-11-13 18:00:00,1353.75,-18.8137768912281,0.568602534910409,0.568596192529548
2020-11-13 18:30:00,1353.77083333333,-18.8984817467153,0.555421918417588,0.555415576794272
2020-11-13 19:00:00,1353.79166666667,-18.8589398157895,0.562033866307635,0.562027525442543
2020-11-13 19:30:00,1353.8125,-18.7950000029197,0.572532376705177,0.572526036598989
2020-11-13 20:00:00,1353.83333333333,-18.775794502005,0.575904641679325,0.575898302332723
2020-11-13 20:30:00,1353.85416666667,-18.7667059330882,0.577665234555235,0.577658895968904
2020-11-13 21:00:00,1353.875,-18.9782807273183,0.544273958351611,0.544267620526225
2020-11-13 21:30:00,1353.89583333333,-19.0512701014599,0.532959400921421,0.532953063857666
2020-11-13 22:00:00,1353.91666666667,-18.891112754386,0.558785245068847,0.558778908767403
2020-11-13 22:30:00,1353.9375,-18.8495911386861,0.565712294668137,0.565705959129683
2020-11-13 23:00:00,1353.95833333333,-18.9527518576441,0.549591307162928,0.549584972388148
2020-11-13 23:30:00,1353.97916666667,-18.9446497029197,0.551194537103419,0.551188203092991
2020-11-14,1354,-19.1821880117794,0.513667027775378,0.513660694529981
2020-11-14 00:30:00,1354.02083333333,-19.1655108985401,0.516636178931294,0.516629846451608
2020-11-14 01:00:00,1354.04166666667,-19.435238075188,0.473980884078272,0.473974552364978
2020-11-14 01:30:00,1354.0625,-19.4131825985401,0.477806736404717,0.477800405458497
2020-11-14 02:00:00,1354.08333333333,-19.6325979869347,0.443166069329837,0.443159739151368
2020-11-14 02:30:00,1354.10416666667,-19.6431167744526,0.44180274197271,0.441796412562671
2020-11-14 03:00:00,1354.125,-19.8748321295739,0.405202605204452,0.405196276563523
2020-11-14 03:30:00,1354.14583333333,-19.8623285386861,0.407506682895224,0.407500355024083
2020-11-14 04:00:00,1354.16666666667,-20.3700952330827,0.326931294146594,0.326924967045922
2020-11-14 04:30:00,1354.1875,-20.4453138226277,0.315261089362849,0.315254763033327
2020-11-14 05:00:00,1354.20833333333,-20.4737720130699,0.311039811289619,0.311033485731922
2020-11-14 05:30:00,1354.22916666667,-20.5067517919708,0.306098202621664,0.306091877836472
2020-11-14 06:00:00,1354.25,-20.83444610802,0.254208319217174,0.254201995205165
2020-11-14 06:30:00,1354.27083333333,-20.8601678306569,0.250422847334485,0.250416524096337
2020-11-14 07:00:00,1354.29166666667,-21.1601052922306,0.202954573839175,0.202948251375567
2020-11-14 07:30:00,1354.3125,-21.3056350678832,0.180083516570591,0.180077194882204
2020-11-14 08:00:00,1354.33333333333,-21.4949624325815,0.150235433546674,0.150229112634183
2020-11-14 08:30:00,1354.35416666667,-21.6363913615942,0.128017566994306,0.128011246858388
2020-11-14 09:00:00,1354.375,-21.747741860401,0.110591177266099,0.110584857907433
2020-11-14 09:30:00,1354.39583333333,-21.8790289,0.0899888437008385,0.0899825251201009
2020-11-14 10:00:00,1354.41666666667,-22.1884310854637,0.0410126014341908,0.0410062836320595
2020-11-14 10:30:00,1354.4375,-22.3577101188406,0.0143580387067712,0.0143517216839265
2020-11-14 11:00:00,1354.45833333333,-21.3830702218045,0.169930540290864,0.16992422404798
2020-11-14 11:30:00,1354.47916666667,-21.3208478311594,0.180154242280388,0.180147926818142
2020-11-14 12:30:00,1354.52083333333,-21.4881324325301,0.154128830563011,0.15412251666407
2020-11-14 13:00:00,1354.54166666667,-20.3016215408521,0.343452377552576,0.343446064436303
2020-11-14 13:30:00,1354.5625,-20.2327028507246,0.354742649228475,0.354736336895549
2020-11-14 14:00:00,1354.58333333333,-20.5774335864662,0.300138232763061,0.300131921214156
2020-11-14 14:30:00,1354.60416666667,-20.5228841355072,0.309139396328324,0.309133085564116
2020-11-14 15:00:00,1354.625,-21.8357869283208,0.100304401181143,0.100298091202311
2020-11-14 15:30:00,1354.64583333333,-22.6485869644928,-0.0288639065745708,-0.0288702157673572
2020-11-14 16:00:00,1354.66666666667,-23.1065438588972,-0.101505487432401,-0.101511795838463
2020-11-14 16:30:00,1354.6875,-23.5508840471014,-0.171977956462842,-0.171984264081501
2020-11-14 17:30:00,1354.72916666667,-23.9340651776942,-0.23239662119155,-0.232402927233383
2020-11-14 18:00:00,1354.75,-23.4085724869565,-0.14837413739409,-0.148380442646494
2020-11-14 18:30:00,1354.77083333333,-24.1695789393484,-0.269291925805719,-0.269298230268024
2020-11-14 19:00:00,1354.79166666667,-23.9188188884058,-0.229034626615622,-0.229040930287151
2020-11-14 19:30:00,1354.8125,-24.6148271082707,-0.339598228977631,-0.339604531857707
2020-11-14 20:00:00,1354.83333333333,-24.1071521630435,-0.258414282453693,-0.258420584541644
2020-11-14 20:30:00,1354.85416666667,-24.3947814160804,-0.303922902567209,-0.30392920386236
2020-11-14 21:00:00,1354.875,-23.8550361565217,-0.21763021113202,-0.217636511633693
2020-11-14 21:30:00,1354.89583333333,-22.9583057754386,-0.074469574331595,-0.0744758740391231
2020-11-14 22:00:00,1354.91666666667,-22.1243188318841,0.0586959483939437,0.0586896494812409
2020-11-14 22:30:00,1354.9375,-22.4882431313283,0.0010333143883926,0.00102701627118607
2020-11-14 23:00:00,1354.95833333333,-22.0248913268116,0.0751563152064362,0.0751500178853997
2020-11-14 23:30:00,1354.97916666667,-21.5773433388471,0.146761716995283,0.14675542047109
2020-11-15,1355,-21.5048051844156,0.15862774451693,0.158621448790258
2020-11-15 00:30:00,1355.02083333333,-21.9012079892231,0.0957911022823201,0.0957848073538351
2020-11-15 01:00:00,1355.04166666667,-22.0784566311594,0.0678658349250884,0.0678595407954701
2020-11-15 01:30:00,1355.0625,-22.7556892220551,-0.0397072727142285,-0.0397135660443099
2020-11-15 02:00:00,1355.08333333333,-22.4318550601449,0.0121902287851379,0.0121839362552661
2020-11-15 02:30:00,1355.10416666667,-23.0878621609023,-0.0920017230627157,-0.092008014791705
2020-11-15 03:00:00,1355.125,-22.9304130268116,-0.0666095554309829,-0.0666158463584141
2020-11-15 03:30:00,1355.14583333333,-22.962849593985,-0.0714663557825483,-0.0714726459077549
2020-11-15 04:00:00,1355.16666666667,-22.9935217202899,-0.0760421195598666,-0.0760484088821701
2020-11-15 04:30:00,1355.1875,-23.7978471411028,-0.203861446171344,-0.203867734690076
2020-11-15 05:00:00,1355.20833333333,-23.7522392144928,-0.196285823362111,-0.196292111076598
2020-11-15 05:30:00,1355.22916666667,-24.1156290538847,-0.253863877188107,-0.253870164097678
2020-11-15 06:00:00,1355.25,-24.0462101253623,-0.242495225271042,-0.242501511375022
2020-11-15 06:30:00,1355.27083333333,-24.754914837594,-0.355082265698676,-0.3550885509964
2020-11-15 07:00:00,1355.29166666667,-24.7617174094203,-0.35585583392737,-0.35586211841816
2020-11-15 07:30:00,1355.3125,-24.8523191085427,-0.369978703413611,-0.369984987096798
2020-11-15 08:00:00,1355.33333333333,-24.8551087195652,-0.370113084949005,-0.370119367823919
2020-11-15 08:30:00,1355.35416666667,-25.0175337889724,-0.395677549557291,-0.39568383162326
2020-11-15 09:00:00,1355.375,-24.9160719561151,-0.379204682572594,-0.379210963828944
2020-11-15 09:30:00,1355.39583333333,-25.1161331776382,-0.410764694177017,-0.410770974623084
2020-11-15 10:00:00,1355.41666666667,-25.1563597093525,-0.416862966068966,-0.416869245704073
2020-11-15 10:30:00,1355.4375,-25.5314336441103,-0.476302709185538,-0.476308988009017
2020-11-15 11:00:00,1355.45833333333,-25.5433478152174,-0.477890883107483,-0.477897161118664
2020-11-15 11:30:00,1355.47916666667,-25.8554185398496,-0.527294251214556,-0.527300528412769
2020-11-15 12:00:00,1355.5,-25.8939352611511,-0.533120311858807,-0.533126588243379
2020-11-15 12:30:00,1355.52083333333,-25.5077894541353,-0.47129736906549,-0.471303644635756
2020-11-15 13:00:00,1355.54166666667,-25.5028058316547,-0.470193875483892,-0.470200150239178
2020-11-15 13:30:00,1355.5625,-25.1747970393484,-0.417632282383163,-0.417638556322801
2020-11-15 14:00:00,1355.58333333333,-24.6264460705036,-0.329970064012096,-0.329976337135417
2020-11-15 14:30:00,1355.60416666667,-26.2059448483709,-0.581275871830961,-0.581282144137296
2020-11-15 15:00:00,1355.625,-25.6156907510791,-0.486938537095751,-0.486944808584427
2020-11-15 16:00:00,1355.66666666667,-26.458734178481,-0.620617210193482,-0.62062348004484
2020-11-15 17:00:00,1355.70833333333,-25.11969420401,-0.406688602468311,-0.406694870679676
2020-11-15 17:30:00,1355.72916666667,-24.8853478050725,-0.369047823965677,-0.369054091356043
2020-11-15 18:00:00,1355.75,-23.3310676661654,-0.121140698673722,-0.121146965242417
2020-11-15 18:30:00,1355.77083333333,-23.214311623913,-0.102232230519548,-0.102238496265911
2020-11-15 19:00:00,1355.79166666667,-22.944962441604,-0.059015607417281,-0.0590218723406362
2020-11-15 19:30:00,1355.8125,-22.7380580173913,-0.0257465202511249,-0.0257527843508083
2020-11-15 20:00:00,1355.83333333333,-22.4462807037594,0.0210428374635909,0.0210365741882472
2020-11-15 20:30:00,1355.85416666667,-22.233137707971,0.0553056507261023,0.0552993882757657
2020-11-15 21:00:00,1355.875,-21.3327343814536,0.19904948433204,0.199043222707381
2020-11-15 21:30:00,1355.89583333333,-21.1679928101449,0.225601833114369,0.225595572316052
2020-11-15 22:00:00,1355.91666666667,-20.1403157313283,0.389620383361572,0.389614123390264
2020-11-15 22:30:00,1355.9375,-19.8880217594203,0.430119808994777,0.430113549851146
2020-11-15 23:00:00,1355.95833333333,-17.8085212942356,0.761694493126526,0.761688234811237
2020-11-15 23:30:00,1355.97916666667,-17.5756304797101,0.799102898634101,0.799096641147822
2020-11-16,1356,-16.7641561445844,0.928680030732321,0.928673774075722
2020-11-16 00:30:00,1356.02083333333,-16.5743116304348,0.959231046381364,0.959224790555108
2020-11-16 01:00:00,1356.04166666667,-15.9197139179747,1.06381753685675,1.0638112818615
2020-11-16 01:30:00,1356.0625,-15.7455693416058,1.09186745759255,1.09186120342897
2020-11-16 02:00:00,1356.08333333333,-14.9457663457286,1.2195851697972,1.21957891646597
2020-11-16 02:30:00,1356.10416666667,-14.7386014355072,1.25289516954891,1.25288891705069
2020-11-16 03:00:00,1356.125,-15.7993299715365,1.08422879531948,1.08422254365493
2020-11-16 03:30:00,1356.14583333333,-16.004854050365,1.05179706028114,1.05179080945093
2020-11-16 04:00:00,1356.16666666667,-16.6968971541353,0.941862454876998,0.941856204881793
2020-11-16 04:30:00,1356.1875,-16.6934855202899,0.942714244095823,0.942707994936287
2020-11-16 05:00:00,1356.20833333333,-17.2620705433249,0.852446515018579,0.852440266695378
2020-11-16 05:30:00,1356.22916666667,-17.2974492550725,0.847118890226572,0.84711264274037
2020-11-16 06:00:00,1356.25,-17.1978922438596,0.863286580350658,0.863280333702123
2020-11-16 06:30:00,1356.27083333333,-17.1449050788321,0.872035618480344,0.872029372670138
2020-11-16 07:00:00,1356.29166666667,-17.932239909596,0.746920719918903,0.74691447494769
2020-11-16 07:30:00,1356.3125,-17.9348913362319,0.746806406082749,0.746800161951194
2020-11-16 08:00:00,1356.33333333333,-18.6118914189394,0.639267827100408,0.639261583809175
2020-11-16 08:30:00,1356.35416666667,-18.6682827137681,0.63059262914627,0.630586386696023
2020-11-16 09:00:00,1356.375,-19.8857128899244,0.436963065288841,0.436956823680247
2020-11-16 09:30:00,1356.39583333333,-19.3618489143885,0.520722861691653,0.520716620925373
2020-11-16 10:00:00,1356.41666666667,-21.6598110924433,0.154963692821834,0.154957452898532
2020-11-16 10:30:00,1356.4375,-22.0121366971223,0.0991457779330918,0.0991395388534342
2020-11-16 11:00:00,1356.45833333333,-21.4740827240601,0.185165923481818,0.185159685246462
2020-11-16 11:30:00,1356.47916666667,-21.2096690467626,0.227594931756209,0.227588694365821
2020-11-16 12:00:00,1356.5,-21.6547864223618,0.156995093612699,0.156988857067944
2020-11-16 12:30:00,1356.52083333333,-21.4790934863309,0.185290739059334,0.185284503360873
2020-11-16 13:00:00,1356.54166666667,-24.7704899565327,-0.338723478262225,-0.338729713113729
2020-11-16 13:30:00,1356.5625,-25.055109510219,-0.383756026873214,-0.383762260877096
2020-11-16 14:00:00,1356.58333333333,-25.7411158541562,-0.492729820816582,-0.492736053972185
2020-11-16 14:30:00,1356.60416666667,-25.9726522137681,-0.529306264335923,-0.529312496642582
2020-11-16 15:00:00,1356.625,-26.3222639677665,-0.584692245447507,-0.584698476904557
2020-11-16 15:30:00,1356.64583333333,-26.3403741848921,-0.587269837767863,-0.587276068374645
2020-11-16 16:30:00,1356.6875,-26.3673443202532,-0.590951572125584,-0.590957801029841
2020-11-16 17:00:00,1356.70833333333,-26.4528777604317,-0.604269861079129,-0.604276089131135
2020-11-16 17:30:00,1356.72916666667,-27.5235641881612,-0.774523768037163,-0.774529995236255
2020-11-16 18:00:00,1356.75,-26.7739927029197,-0.654809331804874,-0.654815558150387
2020-11-16 23:30:00,1356.97916666667,-25.274359407635,-0.412540740903715,-0.412546957816279
2020-11-17 00:30:00,1357.02083333333,-25.5002007959108,-0.447904194248445,-0.447910409437349
2020-11-17 01:30:00,1357.0625,-24.3024553907063,-0.25648942877988,-0.256495642242485
2020-11-17 02:30:00,1357.10416666667,-23.4075083480519,-0.113310833864055,-0.113317045597727
2020-11-17 03:30:00,1357.14583333333,-23.7437796111111,-0.166266370221469,-0.166272580223574
2020-11-17 04:30:00,1357.1875,-24.8085333416667,-0.335269859876897,-0.335276068144799
2020-11-17 05:30:00,1357.22916666667,-24.2078759557407,-0.238972344510898,-0.238978551041968
2020-11-17 06:30:00,1357.27083333333,-23.9043573731481,-0.190009429126286,-0.190015633917893
2020-11-17 07:30:00,1357.3125,-24.8585222348148,-0.341396561753291,-0.341402764802802
2020-11-17 08:30:00,1357.35416666667,-24.2685899664193,-0.24680809502942,-0.24681429633421
2020-11-17 09:30:00,1357.39583333333,-24.0345937040816,-0.208920665639342,-0.208926865196783
2020-11-17 10:30:00,1357.4375,-23.972875905,-0.19847749608425,-0.198483693891714
2020-11-17 11:30:00,1357.47916666667,-23.879712428757,-0.183025185525373,-0.183031381580238
2020-11-17 12:30:00,1357.52083333333,-23.8796666855556,-0.182406774536021,-0.182412968835663
2020-11-17 13:30:00,1357.5625,-24.8206734237477,-0.331698874786426,-0.331705067328219
2020-11-17 14:30:00,1357.60416666667,-25.4950944196296,-0.438523854560696,-0.438530045342022
2020-11-17 16:00:00,1357.66666666667,-26.2664832563197,-0.560490833156648,-0.560497021292362
2020-11-17 17:00:00,1357.70833333333,-26.1029479488848,-0.533829223316654,-0.533835409685354
2020-11-17 18:00:00,1357.75,-25.5572346294227,-0.446286562926335,-0.4462927475254
2020-11-17 19:00:00,1357.79166666667,-25.7570651668529,-0.477509751901308,-0.477515934728127
2020-11-17 20:00:00,1357.83333333333,-26.1178234009294,-0.534369018453227,-0.534375199505181
2020-11-17 21:00:00,1357.875,-25.1287616273743,-0.376201174004214,-0.376207353278693
2020-11-18 01:00:00,1358.04166666667,-25.1218886888683,-0.372669735861526,-0.372675907999994
2020-11-18 02:00:00,1358.08333333333,-25.1058886736549,-0.369512233627952,-0.369518403975894
2020-11-18 03:00:00,1358.125,-25.4170036923933,-0.418464572749672,-0.418470741304485
2020-11-18 04:00:00,1358.16666666667,-27.5042578922078,-0.75035733566605,-0.750363502425129
2020-11-18 05:00:00,1358.20833333333,-27.5703061011132,-0.760270723162178,-0.760276888122916
2020-11-18 07:30:00,1358.3125,-27.7709610402597,-0.790715653932831,-0.790721814386341
2020-11-18 08:30:00,1358.35416666667,-28.0361453556391,-0.832352209535349,-0.832358368181419
2020-11-18 09:00:00,1358.375,-27.8251428721429,-0.798435684706421,-0.798441842447794
2020-11-18 09:30:00,1358.39583333333,-28.7353433882206,-0.943127645152063,-0.943133801988095
2020-11-18 10:00:00,1358.41666666667,-28.050621425,-0.833747361150122,-0.833753517080161
2020-11-18 10:30:00,1358.4375,-28.415451116792,-0.89156145210908,-0.891567607132475
2020-11-18 11:00:00,1358.45833333333,-28.441821385,-0.895458761357554,-0.895464915473658
2020-11-18 11:30:00,1358.47916666667,-28.0438115243719,-0.831752059187737,-0.831758212395901
2020-11-18 12:00:00,1358.5,-27.9948858014286,-0.823654756022481,-0.823660908322055
2020-11-18 12:30:00,1358.52083333333,-27.826505038191,-0.796528226024683,-0.796534377415023
2020-11-18 13:00:00,1358.54166666667,-27.6534429292857,-0.768656000805881,-0.768662151286336
2020-11-18 13:30:00,1358.5625,-28.6091779225564,-0.920602007144194,-0.920608156714114
2020-11-18 14:00:00,1358.58333333333,-28.6110000165468,-0.920589053516258,-0.920595202174998
2020-11-18 15:00:00,1358.625,-30.9053904450882,-1.2854807992335,-1.28548694606793
2020-11-18 15:30:00,1358.64583333333,-30.661000050365,-1.24624616014113,-1.24625230606244
2020-11-18 16:00:00,1358.66666666667,-30.7357128939547,-1.25784494166946,-1.257851086677
2020-11-18 16:30:00,1358.6875,-30.521197089781,-1.223369439684,-1.22337558377712
2020-11-18 17:00:00,1358.70833333333,-30.8135681775253,-1.26964142860876,-1.26964757178681
2020-11-18 17:30:00,1358.72916666667,-30.4407518620438,-1.20994863568737,-1.20995477794971
2020-11-18 18:00:00,1358.75,-30.6757411844221,-1.24707976210019,-1.24708590344617
2020-11-18 18:30:00,1358.77083333333,-30.3869265389706,-1.20076858903747,-1.20077472946645
2020-11-18 19:00:00,1358.79166666667,-30.8529696296203,-1.27470683972157,-1.27471297923289
2020-11-18 19:30:00,1358.8125,-30.6366497240876,-1.23994422448299,-1.23995036307602
2020-11-18 20:00:00,1358.83333333333,-30.4363037822785,-1.20772632011367,-1.20773245778776
2020-11-18 20:30:00,1358.85416666667,-30.0584671846715,-1.14723407451039,-1.14724021126489
2020-11-18 21:00:00,1358.875,-29.7979695807107,-1.10543406155737,-1.10544019739163
2020-11-18 21:30:00,1358.89583333333,-29.1845694240876,-1.00741646692599,-1.00742260183937
2020-11-18 22:00:00,1358.91666666667,-29.6690752215539,-1.08429612254612,-1.08430225653797
2020-11-18 22:30:00,1358.9375,-28.9027205779412,-0.961912863248946,-0.961918996318623
2020-11-18 23:00:00,1358.95833333333,-29.7723265479592,-1.10013934604626,-1.10014547819312
2020-11-19 02:30:00,1359.10416666667,-28.2134768261596,-0.849698210475961,-0.849704336145049
2020-11-19 03:30:00,1359.14583333333,-27.8771895568773,-0.795523475500694,-0.795529599313194
2020-11-19 04:30:00,1359.1875,-27.9101988507435,-0.800178137549896,-0.80018425950323
2020-11-19 05:30:00,1359.22916666667,-28.2761513350575,-0.857871078683319,-0.857877198774918
2020-11-19 06:30:00,1359.27083333333,-28.3152282128015,-0.863492693330855,-0.863498811558147
2020-11-19 07:30:00,1359.3125,-28.4954888592937,-0.891605174770874,-0.891611291131285
2020-11-19 08:30:00,1359.35416666667,-28.0743327189036,-0.823911724129195,-0.82391783862016
2020-11-19 09:30:00,1359.39583333333,-28.2076888992593,-0.844552674601292,-0.844558787220242
2020-11-19 10:30:00,1359.4375,-28.1596592524074,-0.83629892564522,-0.836305036389585
2020-11-19 11:30:00,1359.47916666667,-27.7213962494444,-0.765880916970592,-0.76588702583781
2020-11-19 12:30:00,1359.52083333333,-27.4421815274074,-0.720799606189694,-0.720805713177202
2020-11-19 13:30:00,1359.5625,-27.8629481085185,-0.787226010608503,-0.787232115713733
2020-11-19 15:00:00,1359.625,-28.251592936803,-0.848234753815834,-0.848240856092848
2020-11-19 16:00:00,1359.66666666667,-27.95612078829,-0.800564301604998,-0.800570401993337
2020-11-20,1360,-23.5032189074212,-0.0864086543456781,-0.0864147395326099
2020-11-20 01:00:00,1360.04166666667,-23.0829609763941,-0.018861499150247,-0.0188675824255237
2020-11-20 02:00:00,1360.08333333333,-22.7847217458256,0.029247792622567,0.0292417112614921
2020-11-20 03:00:00,1360.125,-22.9063766816327,0.010467446079461,0.0104613666351366
2020-11-20 04:00:00,1360.16666666667,-22.9166270998145,0.00943372094705103,0.00942764342201841
2020-11-20 05:00:00,1360.20833333333,-22.7798256469388,0.0318252657939147,0.0318191901907168
2020-11-20 06:00:00,1360.25,-22.6132137263941,0.0589654409711666,0.0589593672923481
2020-11-20 07:00:00,1360.29166666667,-22.2754981425926,0.113362353198802,0.1133562814469
2020-11-20 08:00:00,1360.33333333333,-21.997496292963,0.158246625814572,0.158240555992127
2020-11-20 09:00:00,1360.375,-21.8388759353704,0.184113142044611,0.184107074154163
2020-11-20 10:00:00,1360.41666666667,-21.6498129768519,0.214828986657358,0.21482292070144
2020-11-20 11:00:00,1360.45833333333,-21.5676426142593,0.228516564346303,0.228510500327451
2020-11-20 12:00:00,1360.5,-21.374829632963,0.259829389948945,0.259823327869696
2020-11-20 13:00:00,1360.54166666667,-20.3470555681481,0.424151912210799,0.424145852073682
2020-11-20 15:30:00,1360.64583333333,-21.0443548122581,0.314564212801008,0.314558157530297
2020-11-20 19:00:00,1360.79166666667,-20.4380074174397,0.413243263148428,0.413237214717224
2020-11-20 20:00:00,1360.83333333333,-20.1348311493506,0.462135425685203,0.462129379213824
2020-11-20 21:00:00,1360.875,-19.7815696172542,0.519006003504199,0.518999958995169
2020-11-20 22:00:00,1360.91666666667,-19.6745881311688,0.536643790627751,0.53663774808359
2020-11-20 23:00:00,1360.95833333333,-19.5822542124304,0.551948006129098,0.551941965552324
2020-11-21,1361,-19.7290018606679,0.529166153178964,0.529160114572099
2020-11-21 01:00:00,1361.04166666667,-19.8107352090741,0.516740920365247,0.516734883730804
2020-11-21 02:00:00,1361.08333333333,-19.7912777431481,0.520435251995076,0.520429217335572
2020-11-21 03:00:00,1361.125,-19.8254508369202,0.51558599224339,0.515579959561342
2020-11-21 04:00:00,1361.16666666667,-19.6476740627778,0.544500292711092,0.544494262009009
2020-11-21 05:00:00,1361.20833333333,-19.6487676639405,0.544920209063616,0.544914180344011
2020-11-21 06:00:00,1361.25,-19.7013203338889,0.537142453174729,0.537136426440115
2020-11-21 07:00:00,1361.29166666667,-19.6952894369202,0.538696895245199,0.538690870498082
2020-11-21 08:00:00,1361.33333333333,-19.5797235599258,0.557700131489321,0.557694108732208
2020-11-21 09:00:00,1361.375,-19.2670370385185,0.608104620529622,0.608098599765024
2020-11-21 10:00:00,1361.41666666667,-18.8887012851577,0.668966872106041,0.668960853336459
2020-11-21 11:00:00,1361.45833333333,-18.6957643575139,0.700294750925544,0.700288734153483
2020-11-21 12:00:00,1361.5,-17.9546463159259,0.818948065297581,0.818942050525545
2020-11-21 13:00:00,1361.54166666667,-17.6132814722222,0.873920201638479,0.873914188868966
2020-11-21 14:30:00,1361.60416666667,-18.7360594819703,0.695949180976536,0.695943171215499
2020-11-21 15:30:00,1361.64583333333,-19.7123463621974,0.541017934907494,0.541011927155228
2020-11-21 16:30:00,1361.6875,-20.556847880334,0.407079982192793,0.407073976451797
2020-11-21 20:30:00,1361.85416666667,-24.3708682723562,-0.198131317426666,-0.198137315097651
2020-11-21 21:30:00,1361.89583333333,-23.9761762521336,-0.134665903496688,-0.134671899143943
2020-11-21 22:30:00,1361.9375,-23.8926382200371,-0.120767753050231,-0.120773746671264
2020-11-21 23:30:00,1361.97916666667,-23.839117127881,-0.111651533710065,-0.111657525302393
2020-11-22 00:30:00,1362.02083333333,-24.015419332282,-0.139146541171955,-0.139152530733092
2020-11-22 01:30:00,1362.0625,-24.4071744352505,-0.200963561069274,-0.200969548596732
2020-11-22 02:30:00,1362.10416666667,-23.9606085595547,-0.129235662021641,-0.12924164751294
2020-11-22 03:30:00,1362.14583333333,-23.9826462890741,-0.132156864487764,-0.132162847940422
2020-11-22 04:30:00,1362.1875,-24.0955092462963,-0.149546803266892,-0.149552784678426
2020-11-22 05:30:00,1362.22916666667,-24.5985407837037,-0.229091088626009,-0.229097067993943
2020-11-22 06:30:00,1362.27083333333,-25.1707074014815,-0.31964885493212,-0.319654832253976
2020-11-22 07:30:00,1362.3125,-25.9517607083488,-0.443482633624123,-0.443488608897421
2020-11-22 08:30:00,1362.35416666667,-26.6424685238889,-0.552924524828404,-0.552930498050674
2020-11-22 09:30:00,1362.39583333333,-26.8145530627561,-0.579749571588486,-0.579755542757252
2020-11-22 10:30:00,1362.4375,-27.008688905,-0.610087621180369,-0.610093590293157
2020-11-22 11:30:00,1362.47916666667,-27.8546040550186,-0.74425479501747,-0.744260762071811
2020-11-22 12:30:00,1362.52083333333,-28.4446259007407,-0.837658197664167,-0.837664162657592
2020-11-22 14:00:00,1362.58333333333,-27.8714346912313,-0.745467583733901,-0.745473545631321
2020-11-22 15:00:00,1362.625,-25.3834320486034,-0.348540024730801,-0.348545984561134
2020-11-22 16:00:00,1362.66666666667,-24.508626402974,-0.20859611626206,-0.208602074022845
2020-11-22 17:00:00,1362.70833333333,-24.1513190910946,-0.151090278573289,-0.15109623426206
2020-11-22 18:00:00,1362.75,-24.1166715972171,-0.144984597172382,-0.144990550786675
2020-11-22 22:00:00,1362.91666666667,-22.4583469050093,0.121530781777399,0.121524836485602
2020-11-22 23:00:00,1362.95833333333,-21.5681914466543,0.26391840525219,0.263912462047158
2020-11-23,1363,-20.6750676290984,0.406778671963738,0.406772730847929
2020-11-23 01:00:00,1363.04166666667,-20.17592196171,0.486877719006864,0.486871779982726
2020-11-23 02:00:00,1363.08333333333,-19.7057621349442,0.562359081820231,0.562353144890216
2020-11-23 03:00:00,1363.125,-19.185582603525,0.645808399925077,0.645802465091638
2020-11-23 04:00:00,1363.16666666667,-18.7768296190741,0.711507169766988,0.711501237032571
2020-11-23 05:00:00,1363.20833333333,-18.2352092342593,0.79837159143195,0.798365660799001
2020-11-23 06:00:00,1363.25,-17.7882814603704,0.870151192205087,0.870145263676055
2020-11-23 07:00:00,1363.29166666667,-17.3905444581481,0.93409444729732,0.934088520874647
2020-11-23 08:00:00,1363.33333333333,-16.7654037477778,1.03426305470177,1.0342571303879
2020-11-23 09:00:00,1363.375,-16.3891740796296,1.09477973400523,1.09477381180261
2020-11-23 10:00:00,1363.41666666667,-16.2956129968519,1.11026688416167,1.11026096407273
2020-11-23 11:00:00,1363.45833333333,-15.117011117037,1.29860158687177,1.29859566889895
2020-11-23 12:00:00,1363.5,-15.3777740677778,1.25764422139012,1.25763830553587
2020-11-23 13:30:00,1363.5625,-16.2970445675325,1.11207689514696,1.11207098247511
2020-11-23 14:30:00,1363.60416666667,-18.8038886948052,0.713316636619566,0.713310726072365
2020-11-23 15:30:00,1363.64583333333,-21.0750000226345,0.352108558360184,0.352102649940066
2020-11-23 16:30:00,1363.6875,-23.2408942693878,0.00766141286671801,0.00765550657611158
2020-11-23 17:30:00,1363.72916666667,-22.0724285586271,0.194379967642892,0.194374063484227
2020-11-23 18:30:00,1363.77083333333,-22.1446363534323,0.183458122346934,0.183452220322642
2020-11-23 19:30:00,1363.8125,-22.3380148466667,0.153233473868508,0.153227573981012
2020-11-23 23:00:00,1363.95833333333,-26.1389999417526,-0.450235546030279,-0.450241438419889
2020-11-23 23:30:00,1363.97916666667,-26.2873362156522,-0.473575756985214,-0.473581648301276
2020-11-24 00:30:00,1364.02083333333,-27.1555849245283,-0.611308839212159,-0.611314728379306
2020-11-24 01:00:00,1364.04166666667,-27.2374105213158,-0.624054021250131,-0.624059909341916
2020-11-24 01:30:00,1364.0625,-27.6200566220126,-0.684720181097315,-0.684726068113129
2020-11-24 02:00:00,1364.08333333333,-27.6568205656992,-0.690287122764622,-0.690293008703868
2020-11-24 02:30:00,1364.10416666667,-28.364234213924,-0.802689098259951,-0.802694983122021
2020-11-24 03:00:00,1364.125,-28.6968763326316,-0.855389757964609,-0.855395641748896
2020-11-24 03:30:00,1364.14583333333,-28.7730949734177,-0.867242031107807,-0.86724791381371
2020-11-24 04:00:00,1364.16666666667,-28.5747078497368,-0.835349466486604,-0.83535534811352
2020-11-24 04:30:00,1364.1875,-28.233930791195,-0.780774140277495,-0.780780020824818
2020-11-24 05:00:00,1364.20833333333,-28.2412026457895,-0.781643311477088,-0.781649190944219
2020-11-24 05:30:00,1364.22916666667,-28.0828804396226,-0.756133287324913,-0.756139165711247
2020-11-24 06:00:00,1364.25,-27.4483254451444,-0.654759096573178,-0.654764973878109
2020-11-24 06:30:00,1364.27083333333,-27.7979622603774,-0.710167421361247,-0.710173297584175
2020-11-24 07:00:00,1364.29166666667,-27.2692447342105,-0.625653328855733,-0.625659203996056
2020-11-24 07:30:00,1364.3125,-27.7795471930818,-0.706655919474643,-0.706661793531755
2020-11-24 08:00:00,1364.33333333333,-27.2107926824147,-0.615764020787056,-0.615769893760361
2020-11-24 08:30:00,1364.35416666667,-27.3129622396226,-0.631750862647881,-0.631756734536774
2020-11-24 09:00:00,1364.375,-26.8814120685039,-0.562715827506046,-0.562721698309922
2020-11-24 09:30:00,1364.39583333333,-26.7761824069182,-0.545663939884873,-0.545669809603133
2020-11-24 10:00:00,1364.41666666667,-26.7731811141732,-0.544897161670036,-0.544903030302079
2020-11-24 10:30:00,1364.4375,-26.6630629867925,-0.52706665238418,-0.527072519929402
2020-11-24 11:00:00,1364.45833333333,-26.6466385042216,-0.524161664941548,-0.524167531399353
2020-11-24 11:30:00,1364.47916666667,-26.8130692761006,-0.550385707510724,-0.550391572880508
2020-11-24 12:00:00,1364.5,-26.9055816176316,-0.564834548646842,-0.564840412928002
2020-11-24 13:00:00,1364.54166666667,-27.5103269974843,-0.660594210036252,-0.660600072138367
2020-11-24 13:30:00,1364.5625,-27.4388461994695,-0.648918999106016,-0.648924860117705
2020-11-24 14:00:00,1364.58333333333,-28.8771383528302,-0.877751755724381,-0.87775761564505
2020-11-24 14:30:00,1364.60416666667,-28.6879947122016,-0.847332884903668,-0.847338743732711
2020-11-24 15:00:00,1364.625,-29.8277358509434,-1.02860636664015,-1.02861222437697
2020-11-24 15:30:00,1364.64583333333,-29.8952952098404,-1.03908058225602,-1.03908643890002
2020-11-24 16:00:00,1364.66666666667,-29.859075436478,-1.03302276558094,-1.03302862113151
2020-11-24 16:30:00,1364.6875,-29.6196888420213,-0.994600386796851,-0.994606241253402
2020-11-24 17:00:00,1364.70833333333,-29.5988490974843,-0.990992735094911,-0.990998588456843
2020-11-24 17:30:00,1364.72916666667,-30.0367827644195,-1.06046807343613,-1.06047392570284
2020-11-24 18:00:00,1364.75,-30.3572012106918,-1.11122321093542,-1.11122906210632
2020-11-24 18:30:00,1364.77083333333,-29.9542678875332,-1.04674795247263,-1.04675380254711
2020-11-24 19:00:00,1364.79166666667,-28.7875597490566,-0.860602877987949,-0.860608726965414
2020-11-24 19:30:00,1364.8125,-28.4736010545213,-0.810301457206469,-0.810307305086317
2020-11-24 20:00:00,1364.83333333333,-27.807749932,-0.703943379115075,-0.703949225896713
2020-11-24 20:30:00,1364.85416666667,-27.5582925691489,-0.663917182470953,-0.663923028153783
2020-11-24 21:00:00,1364.875,-26.6322611407643,-0.516112311707851,-0.516118156291274
2020-11-24 21:30:00,1364.89583333333,-25.8226626385075,-0.386855347326742,-0.386861190810158
2020-11-25 00:30:00,1365.02083333333,-25.4799432559278,-0.330537059250682,-0.330542896121537
2020-11-25 01:00:00,1365.04166666667,-25.239520022,-0.291950529202701,-0.291956364969378
2020-11-25 01:30:00,1365.0625,-25.7266537801034,-0.369264406246346,-0.369270240908244
2020-11-25 02:00:00,1365.08333333333,-25.508619968,-0.334244643811221,-0.334250477367746
2020-11-25 02:30:00,1365.10416666667,-26.0244370362468,-0.416127909448044,-0.4161337418986
2020-11-25 03:00:00,1365.125,-25.7843467053333,-0.377594644668061,-0.377600476012053
2020-11-25 03:30:00,1365.14583333333,-25.809359929563,-0.381292624155496,-0.381298454392325
2020-11-25 04:00:00,1365.16666666667,-25.8015666573333,-0.379764563836546,-0.379770392965624
2020-11-25 04:30:00,1365.1875,-26.8198431974293,-0.541690216423552,-0.541696044444277
2020-11-25 05:00:00,1365.20833333333,-26.6704466266667,-0.517604766614242,-0.517610593526023
2020-11-25 05:30:00,1365.22916666667,-27.2643367102828,-0.611925470642932,-0.611931296445175
2020-11-25 06:00:00,1365.25,-27.16616665,-0.596000557864337,-0.596006382556447
2020-11-25 06:30:00,1365.27083333333,-27.7873727493573,-0.694672840098606,-0.694678663679985
2020-11-25 07:00:00,1365.29166666667,-27.781238492053,-0.693409413955328,-0.693415236425388
2020-11-25 07:30:00,1365.3125,-28.2003757025907,-0.759892095324075,-0.759897916682217
2020-11-25 08:00:00,1365.33333333333,-28.1533933506667,-0.752121656115094,-0.752127476360726
2020-11-25 08:30:00,1365.35416666667,-27.822687345478,-0.69915389504244,-0.69915971417497
2020-11-25 09:00:00,1365.375,-27.732562918543,-0.684511010198732,-0.684516828217566
2020-11-25 09:30:00,1365.39583333333,-27.029257764433,-0.572188056256732,-0.572193873161273
2020-11-25 10:00:00,1365.41666666667,-26.977519962,-0.563660306018686,-0.563666121808348
2020-11-25 10:30:00,1365.4375,-26.6595859260417,-0.51272736455347,-0.512733179227653
2020-11-25 11:00:00,1365.45833333333,-26.4187019430464,-0.474068610623262,-0.474074424181375
2020-11-25 11:30:00,1365.47916666667,-25.2610930514212,-0.289374982719072,-0.289380795160527
2020-11-25 12:00:00,1365.5,-25.0662649165563,-0.258053076492148,-0.25805888781635
2020-11-25 13:00:00,1365.54166666667,-24.5419648724311,-0.173960592036359,-0.17396640112428
2020-11-25 13:30:00,1365.5625,-24.3737214485714,-0.146873826820913,-0.146879634789803
2020-11-25 14:00:00,1365.58333333333,-23.6489147957393,-0.0311262007599459,-0.0311320076092131
2020-11-25 14:30:00,1365.60416666667,-23.5716713485714,-0.0185359154111491,-0.0185417211402079
2020-11-25 15:00:00,1365.625,-22.9018872350877,0.0884464621886933,0.0884406575804372
2020-11-25 15:30:00,1365.64583333333,-22.7950142207143,0.105756640070651,0.105750836583792
2020-11-25 16:00:00,1365.66666666667,-22.3222907521303,0.181346997346675,0.181341194981797
2020-11-25 16:30:00,1365.6875,-22.1387358092857,0.210872542389454,0.210866741147154
2020-11-25 17:00:00,1365.70833333333,-21.4051227766917,0.328022674731532,0.3280168746124
2020-11-25 17:30:00,1365.72916666667,-21.1172642535714,0.374163735660259,0.37415793666488
2020-11-25 18:00:00,1365.75,-20.2274987293233,0.516188952449623,0.516183154578591
2020-11-25 18:30:00,1365.77083333333,-20.0385357592857,0.546575761965502,0.546569965219408
2020-11-25 19:00:00,1365.79166666667,-19.8602681804511,0.5752587283976,0.57525293277703
2020-11-25 19:30:00,1365.8125,-19.7603286157143,0.591463926551065,0.591458132056612
2020-11-25 20:00:00,1365.83333333333,-19.5443583270677,0.626152842245211,0.626147048877466
2020-11-25 20:30:00,1365.85416666667,-19.4741357357143,0.637623985875891,0.637618193635437
2020-11-25 21:00:00,1365.875,-19.5403383626566,0.627362434972777,0.627356643860206
2020-11-25 21:30:00,1365.89583333333,-19.5214357235714,0.630658153960548,0.630652363976452
2020-11-25 22:00:00,1365.91666666667,-19.7006218164975,0.602398136541301,0.602392347686263
2020-11-25 22:30:00,1365.9375,-19.6459357535714,0.611394060799692,0.611388273074305
2020-11-26 02:00:00,1366.08333333333,-18.8183246500928,0.7452221888594,0.745216409058026
2020-11-26 03:00:00,1366.125,-18.3636864573284,0.818214147698859,0.818208370166773
2020-11-26 04:00:00,1366.16666666667,-18.0489944393321,0.868912339924068,0.868906564663617
2020-11-26 05:00:00,1366.20833333333,-17.9299016502783,0.888451193943713,0.888445420957245
2020-11-26 06:00:00,1366.25,-17.7806946031657,0.912787029244026,0.912781258533882
2020-11-26 07:00:00,1366.29166666667,-16.3106085239332,1.14753959643859,1.14753382800711
2020-11-26 08:00:00,1366.33333333333,-15.5546814903704,1.26852587518167,1.2685201090312
2020-11-26 09:00:00,1366.375,-15.0888963,1.34329210854547,1.34328634467835
2020-11-26 10:00:00,1366.41666666667,-14.6021388983333,1.42139898744562,1.42139322586418
2020-11-26 11:00:00,1366.45833333333,-14.3194147938889,1.46700297329315,1.46699721399974
2020-11-26 12:30:00,1366.52083333333,-15.5597588003711,1.27026358139251,1.27025782553551
2020-11-26 13:30:00,1366.5625,-15.9254174317254,1.21257912531547,1.21257337175232
2020-11-26 14:30:00,1366.60416666667,-16.0320741805195,1.19615361020118,1.19614785893422
2020-11-26 15:30:00,1366.64583333333,-15.9629369346939,1.20773195974967,1.20772621078123
2020-11-26 16:30:00,1366.6875,-15.4518311640074,1.28971596655055,1.28971021988296
2020-11-26 17:30:00,1366.72916666667,-14.30334073,1.47323556081785,1.47322981645344
2020-11-26 18:30:00,1366.77083333333,-13.9596463012963,1.52855033115033,1.52854458909142
2020-11-26 19:30:00,1366.8125,-14.1973296303704,1.49125096374728,1.49124522399619
2020-11-26 20:30:00,1366.85416666667,-14.1578259366667,1.49810744140309,1.49810170396215
2020-11-26 21:30:00,1366.89583333333,-14.235783317963,1.48625203983247,1.486246304704
2020-11-26 22:30:00,1366.9375,-14.5460925909259,1.43738256954939,1.4373768367357
2020-11-26 23:30:00,1366.97916666667,-14.6670240622222,1.41868087178637,1.41867514128979
2020-11-27 03:30:00,1367.14583333333,-15.8558112108411,1.2315548456846,1.23154912447959
2020-11-27 04:30:00,1367.1875,-15.8828014998145,1.22781680798667,1.22781108911034
2020-11-27 05:30:00,1367.22916666667,-16.1671502673469,1.18308113239659,1.18307541585125
2020-11-27 06:30:00,1367.27083333333,-16.3720296955473,1.1510047307179,1.15099901650585
2020-11-27 07:30:00,1367.3125,-16.6620408048237,1.1053665424862,1.10536083060975
2020-11-27 08:30:00,1367.35416666667,-16.9600185083333,1.05845902089113,1.05845331135258
2020-11-27 09:30:00,1367.39583333333,-17.1484684143123,1.02899910621621,1.02899339901788
2020-11-27 10:30:00,1367.4375,-17.2735037009259,1.00964093593957,1.00963523108373
2020-11-27 12:00:00,1367.5,-17.536646882342,0.968561630471431,0.968555929133675
2020-11-27 13:00:00,1367.54166666667,-17.1363172758813,1.03289383737909,1.03288813838959
2020-11-27 14:00:00,1367.58333333333,-17.1989647651206,1.02347321130475,1.0234675146658
2020-11-27 15:00:00,1367.625,-17.3122992401487,1.00597786109829,1.0059721668122
2020-11-27 16:00:00,1367.66666666667,-17.5088496844156,0.97522589616396,0.975220204233011
2020-11-27 17:00:00,1367.70833333333,-17.9622560408163,0.903556349226913,0.903550659653399
2020-11-27 18:00:00,1367.75,-18.5060390535316,0.817489484421112,0.817483797207323
2020-11-27 19:00:00,1367.79166666667,-18.6178717304833,0.800232364559727,0.800226679707956
2020-11-27 20:00:00,1367.83333333333,-17.9698917910448,0.904013684954953,0.904008002467484
2020-11-27 21:00:00,1367.875,-16.9708367577861,1.06372126588675,1.06371558576588
2020-11-27 22:00:00,1367.91666666667,-16.8625280831461,1.08153206227494,1.08152638452294
2020-11-27 23:00:00,1367.95833333333,-17.3591872501873,1.00297079580284,1.002965120422
2020-11-28,1368,-18.0679213378277,0.890625589279558,0.890619916272151
2020-11-28 01:00:00,1368.04166666667,-17.8722232688555,0.922356817689212,0.922351147057527
2020-11-28 05:00:00,1368.20833333333,-18.0513085546468,0.896051403342251,0.896045742236218
2020-11-28 06:00:00,1368.25,-18.1018052081633,0.888562362581061,0.888556703862127
2020-11-28 07:00:00,1368.29166666667,-18.6606790307978,0.800088219843647,0.800082563514085
2020-11-28 08:00:00,1368.33333333333,-19.0111187102041,0.744817529144462,0.744811875206539
2020-11-28 09:00:00,1368.375,-19.2783506855288,0.70280162895489,0.702795977410875
2020-11-28 10:00:00,1368.41666666667,-18.8365269113173,0.773738559870335,0.773732910722497
2020-11-28 11:30:00,1368.47916666667,-18.766684574397,0.785695144426774,0.785689498877447
2020-11-28 12:30:00,1368.52083333333,-18.5799405122677,0.815997052441845,0.815991409294353
2020-11-28 13:30:00,1368.5625,-18.4212954863014,0.841822506426659,0.841816865683264
2020-11-28 14:30:00,1368.60416666667,-19.6392881187732,0.648348339886874,0.648342701549837
2020-11-28 15:30:00,1368.64583333333,-20.0462931565863,0.584064818661233,0.584059182732811
2020-11-28 16:30:00,1368.6875,-20.63556216141,0.490746258902814,0.490740625385263
2020-11-28 17:30:00,1368.72916666667,-20.9777472260223,0.436788088766142,0.436782457661722
2020-11-28 18:30:00,1368.77083333333,-21.0853048570632,0.420205977558798,0.420200348869759
2020-11-28 19:30:00,1368.8125,-20.8448876644195,0.459056245242433,0.459050618971027
2020-11-28 20:30:00,1368.85416666667,-20.1200056280899,0.575081849257864,0.575076225406345
2020-11-28 21:30:00,1368.89583333333,-19.9117696719101,0.608805103749189,0.608799482319804
2020-11-28 22:30:00,1368.9375,-19.4505958473684,0.682821281386055,0.682815662381051
2020-11-28 23:30:00,1368.97916666667,-19.5967654628518,0.660086954692371,0.660081338113997
2020-11-29 00:30:00,1369.02083333333,-20.189198880863,0.566262224748651,0.56625661059915
2020-11-29 01:30:00,1369.0625,-20.2268351687266,0.56081681321852,0.560811201500135
2020-11-29 02:30:00,1369.10416666667,-21.1001217078652,0.422251458328521,0.422245849043495
2020-11-29 06:30:00,1369.27083333333,-21.6051187011132,0.344001718558186,0.34399611902898
2020-11-29 07:30:00,1369.3125,-21.5319127831169,0.356211978410804,0.356206381326141
2020-11-29 08:30:00,1369.35416666667,-21.548654270632,0.354093289433031,0.354087694795146
2020-11-29 09:30:00,1369.39583333333,-21.4967988731844,0.362901870114003,0.362896277925125
2020-11-29 11:00:00,1369.45833333333,-21.7892411825603,0.317137075469848,0.317131486958663
2020-11-29 12:00:00,1369.5,-21.8851377845438,0.302407997987556,0.302402411930945
2020-11-29 13:00:00,1369.54166666667,-21.9674015427509,0.289850378142504,0.289844794542699
2020-11-29 14:00:00,1369.58333333333,-21.0907249052045,0.430052384212568,0.430046803071794
2020-11-29 15:00:00,1369.625,-22.540244877551,0.199689343318761,0.199683764639233
2020-11-29 16:00:00,1369.66666666667,-23.0872286477695,0.113100699427976,0.113095123211921
2020-11-29 17:00:00,1369.70833333333,-22.8874749517625,0.145467602295179,0.145462028544818
2020-11-29 18:00:00,1369.75,-22.8506071111732,0.151886406474797,0.151880835192341
2020-11-29 19:00:00,1369.79166666667,-23.3174656461967,0.0780609732511139,0.0780554044387859
2020-11-29 20:00:00,1369.83333333333,-21.6513789688555,0.344014970507229,0.344009404167243
2020-11-29 21:00:00,1369.875,-20.606591770412,0.510995250428519,0.510989686563087
2020-11-29 22:00:00,1369.91666666667,-20.3999492947467,0.544458210425143,0.544452649036475
2020-11-29 23:00:00,1369.95833333333,-20.3639868876405,0.550731446613401,0.55072588770371
2020-11-30,1370,-20.7771913692308,0.485451809256318,0.485446252827811
2020-11-30 01:00:00,1370.04166666667,-20.8479082960699,0.474730416642127,0.474724862697011
2020-11-30 02:00:00,1370.08333333333,-20.4054018883019,0.545765600232918,0.545760048773401
2020-11-30 03:00:00,1370.125,-20.739717552919,0.49305220453395,0.493046655562233
2020-11-30 04:00:00,1370.16666666667,-20.5513245636023,0.523606402629888,0.523600856148174
2020-11-30 08:00:00,1370.33333333333,-19.5800093013035,0.680507170433712,0.680501633934008
2020-11-30 09:00:00,1370.375,-19.4636059479554,0.699592022348219,0.699586488349506
2020-11-30 10:30:00,1370.4375,-19.4761750672253,0.698401818183341,0.698396287940228
2020-11-30 11:30:00,1370.47916666667,-18.9974675131725,0.775201312709166,0.775195784972527
2020-11-30 12:30:00,1370.52083333333,-18.5804934714286,0.842166343935932,0.842160818707954
2020-11-30 13:30:00,1370.5625,-17.5076715996289,1.01360813221767,1.01360260950054
2020-11-30 14:30:00,1370.60416666667,-16.5908868402597,1.16019282575623,1.16018730555213
2020-11-30 15:30:00,1370.64583333333,-15.8293989033395,1.28203835299769,1.28203283530882
2020-11-30 16:30:00,1370.6875,-17.0764897811918,1.08391556791012,1.08391005273865
2020-11-30 19:30:00,1370.8125,-19.5511075277419,0.691324607864665,0.691319100258487
2020-11-30 20:30:00,1370.85416666667,-19.8963135840445,0.636871629459995,0.636866124379938
2020-11-30 21:30:00,1370.89583333333,-17.6732133372913,0.99155140731276,0.991545904760997
2020-11-30 22:30:00,1370.9375,-16.0865621747681,1.24484411779485,1.24483861777355
2020-11-30 23:30:00,1370.97916666667,-15.805870128757,1.29009633404776,1.2900908365591
2020-12-01 00:30:00,1371.02083333333,-15.1537286098513,1.39452044278505,1.39451494783121
2020-12-01 01:30:00,1371.0625,-15.4543401343866,1.34717003658763,1.34716454417076
2020-12-01 02:30:00,1371.10416666667,-15.6666796394444,1.31388115163227,1.31387566175455
2020-12-01 03:30:00,1371.14583333333,-14.2371166633333,1.54214823043456,1.54214274309815
2020-12-01 04:30:00,1371.1875,-13.8368351962963,1.60644975421283,1.6064442694199
2020-12-01 05:30:00,1371.22916666667,-13.5579500212963,1.651412486552,1.65140700430471
2020-12-01 09:30:00,1371.39583333333,-13.7291632755102,1.62627983231448,1.62627436027135
2020-12-01 11:00:00,1371.45833333333,-14.1113519433892,1.56619891611531,1.56619344790762
2020-12-01 12:00:00,1371.5,-14.9729535273234,1.42947949617665,1.42947403052862
2020-12-01 13:00:00,1371.54166666667,-17.5379348217877,1.02141019367035,1.02140473058413
2020-12-01 14:00:00,1371.58333333333,-17.4521765979554,1.03560531298184,1.03559985245958
2020-12-01 15:00:00,1371.625,-16.9194096549348,1.1210089627265,1.12100350477034
2020-12-01 16:00:00,1371.66666666667,-16.9378959111524,1.11859730565521,1.11859185026731
2020-12-01 17:00:00,1371.70833333333,-17.9651936832402,0.955480974678308,0.955475521860797
2020-12-01 18:00:00,1371.75,-20.0105204249071,0.630191622559951,0.630186172314977
2020-12-01 19:00:00,1371.79166666667,-22.2458624262082,0.274632424730039,0.274626977059746
2020-12-01 20:00:00,1371.83333333333,-22.4082923115456,0.249289328964098,0.249283883870623
2020-12-01 21:00:00,1371.875,-22.657711869145,0.210088436632712,0.210082994118193
2020-12-01 22:00:00,1371.91666666667,-22.8006257199255,0.18785369962497,0.187848259691546
2020-12-01 23:00:00,1371.95833333333,-24.3488436020484,-0.058247253978584,-0.0582526913287809
2020-12-02,1372,-27.479299204461,-0.556400087538491,-0.556405522303327
2020-12-02 01:00:00,1372.04166666667,-29.2327337312849,-0.835192760420833,-0.835198192598175
2020-12-02 02:00:00,1372.08333333333,-29.989091064684,-0.955150604838986,-0.955156034426705
2020-12-02 03:00:00,1372.125,-30.2843717672862,-1.00165889372398,-1.00166432071995
2020-12-02 04:00:00,1372.16666666667,-29.3264330546468,-0.848528715710622,-0.848534140112711
2020-12-02 05:00:00,1372.20833333333,-30.3757448957169,-1.01515526709642,-1.0151606889025
2020-12-02 06:00:00,1372.25,-30.5534367973978,-1.04293242132586,-1.04293784053382
2020-12-02 07:00:00,1372.29166666667,-30.8133810524164,-1.08381271655061,-1.08381813315832
2020-12-02 11:00:00,1372.45833333333,-30.0131298345083,-0.95421891295438,-0.954224319139904
2020-12-02 12:00:00,1372.5,-29.8380333935065,-0.925798330132816,-0.925803733707506
2020-12-02 13:00:00,1372.54166666667,-29.8735009077922,-0.930921019815142,-0.930926420776882
2020-12-02 14:00:00,1372.58333333333,-29.3574397102041,-0.848185075792125,-0.848190474138808
2020-12-02 15:00:00,1372.625,-28.62137662282,-0.73040295800398,-0.730408353733496
2020-12-02 16:00:00,1372.66666666667,-28.8678441730983,-0.769138957689437,-0.769144350799676
2020-12-02 17:00:00,1372.70833333333,-28.9012541397032,-0.773935017077574,-0.773940407566432
2020-12-02 18:00:00,1372.75,-28.5569926016667,-0.718568021192694,-0.718573409058067
2020-12-02 19:00:00,1372.79166666667,-29.0096925698148,-0.790157848336211,-0.790163233575994
2020-12-02 20:00:00,1372.83333333333,-29.166455555,-0.814604988457705,-0.8146103710698
2020-12-02 21:00:00,1372.875,-29.5156222274074,-0.869702459561112,-0.869707839543418
2020-12-02 22:00:00,1372.91666666667,-29.3662019051852,-0.845374952506194,-0.845380329856612
2020-12-02 23:00:00,1372.95833333333,-29.2273741062963,-0.822735128639427,-0.822740503355862
2020-12-03,1373,-28.4150018530841,-0.692799478796175,-0.692804850876533
2020-12-03 01:00:00,1373.04166666667,-27.7550110716667,-0.587138593492631,-0.587143962934816
2020-12-03 02:00:00,1373.08333333333,-27.5329981309259,-0.551248178650941,-0.551253545452864
2020-12-03 03:00:00,1373.125,-27.1164814672222,-0.484373469472547,-0.484378833632119
2020-12-03 04:00:00,1373.16666666667,-27.8021759414815,-0.593082070219645,-0.593087431734774
2020-12-03 05:00:00,1373.20833333333,-28.127416345539,-0.644370368261189,-0.64437572712979
2020-12-03 06:00:00,1373.25,-27.61075978473,-0.561544166699955,-0.561549522919947
2020-12-03 07:00:00,1373.29166666667,-26.3974336557895,-0.367738293884979,-0.367743647454273
2020-12-03 08:00:00,1373.33333333333,-25.6758240575926,-0.2522635048701,-0.252268855786615
2020-12-03 09:00:00,1373.375,-25.4248015332061,-0.211753862333921,-0.211759210595583
2020-12-03 12:00:00,1373.5,-25.2163805865672,-0.176989270214974,-0.1769946104996
2020-12-03 12:30:00,1373.52083333333,-24.994234554321,-0.141341004707151,-0.141346343660453
2020-12-03 13:00:00,1373.54166666667,-25.2569029373134,-0.182924094635,-0.182929432256463
2020-12-03 13:30:00,1373.5625,-25.2579579264851,-0.182832056642315,-0.182837392931421
2020-12-03 14:00:00,1373.58333333333,-25.3606269141791,-0.198927273929389,-0.198932608885617
2020-12-03 14:30:00,1373.60416666667,-25.2094296488889,-0.174581488433953,-0.174586822056788
2020-12-03 15:00:00,1373.625,-25.1048357813433,-0.157659730269816,-0.157665062558744
2020-12-03 15:30:00,1373.64583333333,-24.8799011975309,-0.121567682807911,-0.121573013762408
2020-12-03 16:00:00,1373.66666666667,-24.6073582201493,-0.0778916570626239,-0.0778969866821776
2020-12-03 16:30:00,1373.6875,-24.5762747581683,-0.0726803775377045,-0.0726857058217972
2020-12-03 17:00:00,1373.70833333333,-24.5437421492188,-0.0672383207654744,-0.0672436477135869
2020-12-03 17:30:00,1373.72916666667,-24.4273118155941,-0.0484313694317063,-0.048436695043325
2020-12-03 18:00:00,1373.75,-24.3946641820896,-0.0429711350661516,-0.0429764593407602
2020-12-03 18:30:00,1373.77083333333,-24.2970617316049,-0.0271636249382647,-0.0271689478753475
2020-12-03 19:00:00,1373.79166666667,-24.1852387365672,-0.00909084493422585,-0.00909616653326695
2020-12-03 19:30:00,1373.8125,-23.6248472763547,0.0804391390580644,0.0804338187975805
2020-12-03 20:00:00,1373.83333333333,-23.8019145632479,0.0524913445395075,0.0524860256180988
2020-12-03 20:30:00,1373.85416666667,-23.3075812637931,0.131498070084324,0.131492752502503
2020-12-03 21:00:00,1373.875,-23.0772164783582,0.168454349544351,0.168449033302632
2020-12-03 21:30:00,1373.89583333333,-22.5180788495074,0.257784304706222,0.257778989805121
2020-12-03 22:00:00,1373.91666666667,-23.1410820537313,0.158798307154355,0.158792993594385
2020-12-03 22:30:00,1373.9375,-22.6914543390123,0.230683108239514,0.230677796021191
2020-12-03 23:00:00,1373.95833333333,-23.5284210015038,0.0976124323199246,0.0976071214437644
2020-12-03 23:30:00,1373.97916666667,-23.3611206699507,0.124522132881131,0.124516823347645
2020-12-04,1374,-23.4736567440298,0.1068536206853,0.106848312495001
2020-12-04 00:30:00,1374.02083333333,-23.2997413716749,0.134816955209743,0.134811648363146
2020-12-04 01:00:00,1374.04166666667,-23.7167910686567,0.0686390584464768,0.0686337529440946
2020-12-04 01:30:00,1374.0625,-23.7673349940887,0.060845719535952,0.0608404153782976
2020-12-04 02:00:00,1374.08333333333,-23.7190224104478,0.0688002196670756,0.0687949168546644
2020-12-04 02:30:00,1374.10416666667,-23.5620222266667,0.0940686586392368,0.0940633571725788
2020-12-04 03:00:00,1374.125,-23.1169552014925,0.165226277737455,0.165220977617062
2020-12-04 03:30:00,1374.14583333333,-22.7091527187192,0.230447555004498,0.230442256230884
2020-12-04 04:00:00,1374.16666666667,-23.1325522179104,0.163257688927403,0.163252391501078
2020-12-04 04:30:00,1374.1875,-22.5729458110837,0.252661292483886,0.252655996405364
2020-12-04 05:00:00,1374.20833333333,-23.4577985753731,0.111961444157088,0.111956149426881
2020-12-04 05:30:00,1374.22916666667,-22.7873251455665,0.219026096275822,0.219020802894441
2020-12-04 06:00:00,1374.25,-23.4518507589552,0.113424373044495,0.11341908101245
2020-12-04 06:30:00,1374.27083333333,-23.4130346232673,0.11986541926244,0.119860128580242
2020-12-04 07:00:00,1374.29166666667,-23.3475596850746,0.130553157941847,0.13054786861001
2020-12-04 07:30:00,1374.3125,-23.038019720197,0.180120555922674,0.180115267941703
2020-12-04 08:00:00,1374.33333333333,-23.3506343067164,0.130578215372354,0.130572928742764
2020-12-04 08:30:00,1374.35416666667,-23.3202438450739,0.135676750182603,0.135671464904903
2020-12-04 09:30:00,1374.39583333333,-23.7989933107383,0.0599260213745466,0.0599207388021543
2020-12-04 10:00:00,1374.41666666667,-23.6230360033419,0.0882132367575515,0.0882079555385805
2020-12-04 13:30:00,1374.5625,-23.0629790075075,0.179228274932022,0.179223003201232
2020-12-04 14:00:00,1374.58333333333,-23.1343219926829,0.168119783589583,0.168114513216284
2020-12-04 14:30:00,1374.60416666667,-23.0168352967066,0.187091921072285,0.187086652056981
2020-12-04 15:00:00,1374.625,-23.2953921666667,0.142973961128425,0.142968693471624
2020-12-04 15:30:00,1374.64583333333,-22.7797904050898,0.225365964315836,0.225360698018045
2020-12-04 16:00:00,1374.66666666667,-22.4263365414634,0.281927617065952,0.281922352127682
2020-12-04 16:30:00,1374.6875,-20.9150782951807,0.522928260900652,0.522922997322403
2020-12-04 17:00:00,1374.70833333333,-20.7574460563725,0.548295239940266,0.548289977722551
2020-12-04 17:30:00,1374.72916666667,-21.0846496673653,0.49642744711755,0.496422186260873
2020-12-04 18:00:00,1374.75,-21.061180495122,0.500422004707166,0.500416745212033
2020-12-04 18:30:00,1374.77083333333,-21.3431826568862,0.455754685910797,0.455749427777714
2020-12-04 19:00:00,1374.79166666667,-21.2679023843902,0.468002639592744,0.467997382822219
2020-12-04 19:30:00,1374.8125,-21.2407904251497,0.4725772719008,0.472572016493334
2020-12-04 20:00:00,1374.83333333333,-20.8730291276699,0.531417512539236,0.53141225849534
2020-12-04 20:30:00,1374.85416666667,-20.4869071790419,0.593182543310271,0.593177290630446
2020-12-04 21:00:00,1374.875,-20.0730388106796,0.65936752382402,0.659362272508772
2020-12-04 21:30:00,1374.89583333333,-19.8172275206587,0.70037382402686,0.700368574076695
2020-12-04 22:00:00,1374.91666666667,-19.7987415302439,0.7035739595926,0.703568711008024
2020-12-04 22:30:00,1374.9375,-20.8447605113772,0.537197617635303,0.537192370416815
2020-12-04 23:00:00,1374.95833333333,-20.5199610287805,0.589193561674182,0.589188315822292
2020-12-04 23:30:00,1374.97916666667,-20.007185598503,0.671134133596137,0.671128889111347
2020-12-05,1375,-19.7604068103448,0.710701175398838,0.710695932281651
2020-12-05 00:30:00,1375.02083333333,-19.1890808556886,0.801968737772249,0.801963496023168
2020-12-05 01:00:00,1375.04166666667,-19.0044271956311,0.831639052284869,0.8316338119044
2020-12-05 01:30:00,1375.0625,-19.1533053973054,0.80817742783445,0.808172188823092
2020-12-05 02:00:00,1375.08333333333,-19.2864999825243,0.787214139617279,0.78720890197554
2020-12-05 02:30:00,1375.10416666667,-19.8911741843844,0.691143736435636,0.691138500164015
2020-12-05 03:00:00,1375.125,-19.9834854718447,0.676693036517604,0.676687801616605
2020-12-05 03:30:00,1375.14583333333,-20.2789940479042,0.629872788144737,0.629867554614865
2020-12-05 04:00:00,1375.16666666667,-20.3751213300971,0.614814047158879,0.614808815000633
2020-12-05 04:30:00,1375.1875,-20.4812951163934,0.598154815651037,0.598149584864916
2020-12-05 05:00:00,1375.20833333333,-20.3436553752427,0.620335178026138,0.620329948612648
2020-12-05 05:30:00,1375.22916666667,-20.0463982431138,0.667942629544569,0.667937401504211
2020-12-05 06:00:00,1375.25,-19.8555097276699,0.698605409076047,0.698600182409321
2020-12-05 06:30:00,1375.27083333333,-19.8120180502994,0.705787691601605,0.705782466309015
2020-12-05 07:00:00,1375.29166666667,-19.7123398470874,0.721920452443554,0.721915228525598
2020-12-05 07:30:00,1375.3125,-19.6568293751497,0.731017186696325,0.731011964153502
2020-12-05 08:00:00,1375.33333333333,-19.6080048553398,0.739048768530404,0.739043547363218
2020-12-05 09:00:00,1375.375,-19.2350290991279,0.798971448372883,0.798966229958469
2020-12-05 09:30:00,1375.39583333333,-19.1190103673575,0.817706889594351,0.817701672557075
2020-12-05 10:00:00,1375.41666666667,-21.5132383857558,0.43655815406387,0.43655293840423
2020-12-05 10:30:00,1375.4375,-22.0278041850515,0.354840877636727,0.354835663355219
2020-12-05 11:00:00,1375.45833333333,-27.0001341195335,-0.43700148676056,-0.437006699663432
2020-12-05 11:30:00,1375.47916666667,-27.7504484530928,-0.556273824520887,-0.556279036044626
2020-12-05 15:00:00,1375.625,-32.1986294748582,-1.26310145986367,-1.26310666171952
2020-12-05 15:30:00,1375.64583333333,-32.60060043,-1.32688305523417,-1.3268882557069
2020-12-05 16:00:00,1375.66666666667,-31.5121439375,-1.15323856910363,-1.15324376819274
2020-12-05 16:30:00,1375.6875,-31.54420013,-1.15809263044427,-1.15809782814928
2020-12-05 17:00:00,1375.70833333333,-31.5793119410208,-1.16343353004972,-1.16343872637012
2020-12-05 17:30:00,1375.72916666667,-31.61230029,-1.16843623671767,-1.16844143165296
2020-12-05 18:00:00,1375.75,-31.7612499994318,-1.19191174708872,-1.19191694063841
2020-12-05 18:30:00,1375.77083333333,-31.59579982,-1.16530320663766,-1.16530839880125
2020-12-05 19:00:00,1375.79166666667,-32.4975879429112,-1.30870656659162,-1.30871175736862
2020-12-05 19:30:00,1375.8125,-32.77630044,-1.35285361030713,-1.35285879969705
2020-12-05 20:00:00,1375.83333333333,-33.8740321913043,-1.52747108274523,-1.52747627074756
2020-12-05 20:30:00,1375.85416666667,-33.98359985,-1.54467338535363,-1.54467857196789
2020-12-05 21:00:00,1375.875,-34.5127750695652,-1.62871954857472,-1.62872473380039
2020-12-05 21:30:00,1375.89583333333,-34.7728174454545,-1.66989273381426,-1.66989791765087
2020-12-05 22:00:00,1375.91666666667,-34.6004252869565,-1.64217886507677,-1.64218404752381
2020-12-05 22:30:00,1375.9375,-34.6204546181818,-1.64511795356519,-1.64512313462217
2020-12-06 04:00:00,1376.16666666667,-31.6840921227642,-1.1745907805289,-1.17459594626267
2020-12-06 04:30:00,1376.1875,-31.7792412017647,-1.18949741790593,-1.18950258224373
2020-12-06 05:30:00,1376.22916666667,-31.4690297163265,-1.13957937929564,-1.13958454084002
2020-12-06 06:30:00,1376.27083333333,-31.7867811174397,-1.18969658481831,-1.1897017435673
2020-12-06 07:30:00,1376.3125,-32.2895343085343,-1.26928501550154,-1.26929017145318
2020-12-06 09:00:00,1376.375,-32.4279536833333,-1.29058513063434,-1.29059028238627
2020-12-06 10:00:00,1376.41666666667,-32.599125965,-1.31735325614611,-1.31735840509578
2020-12-06 11:00:00,1376.45833333333,-32.2184860350649,-1.2562176107273,-1.25622275687276
2020-12-06 12:00:00,1376.5,-32.1687129503704,-1.24778959916214,-1.24779474250145
2020-12-06 13:00:00,1376.54166666667,-31.4782333188889,-1.13729688605827,-1.13730202658945
2020-12-06 14:00:00,1376.58333333333,-31.3660462894444,-1.11892690719086,-1.11893204491198
2020-12-06 15:00:00,1376.625,-30.8777481701852,-1.0406424726748,-1.04064760758389
2020-12-06 16:00:00,1376.66666666667,-30.739133337963,-1.01806314565958,-1.0180682777547
2020-12-06 17:00:00,1376.70833333333,-30.4763833674074,-0.975709312642488,-0.975714441921687
2020-12-06 18:00:00,1376.75,-30.2749444440741,-0.943122683759662,-0.943127810220996
2020-12-06 19:00:00,1376.79166666667,-30.7654259081481,-1.02075977779871,-1.02076490144024
2020-12-06 20:00:00,1376.83333333333,-30.8430334131725,-1.03262606612423,-1.03263118694401
2020-12-06 21:00:00,1376.875,-31.0858388814815,-1.07080881931586,-1.07081393731195
2020-12-06 22:00:00,1376.91666666667,-31.8500315662338,-1.19204924019349,-1.19205435536395
2020-12-06 23:00:00,1376.95833333333,-31.0179757677239,-1.05900644875982,-1.05901156110271
2020-12-07,1377,-31.3089943385047,-1.10487051894211,-1.10487562845551
2020-12-07 01:00:00,1377.04166666667,-30.775136424486,-1.01933148790817,-1.01933659459012
2020-12-07 02:00:00,1377.08333333333,-31.6575298641791,-1.15940262212418,-1.15940772597277
2020-12-07 03:00:00,1377.125,-32.0663600824627,-1.22403510954215,-1.22404021055544
2020-12-07 04:00:00,1377.16666666667,-32.3533850190654,-1.26926424158489,-1.26926933976096
2020-12-07 05:00:00,1377.20833333333,-31.9445159057944,-1.20363726748176,-1.20364236281867
2020-12-07 06:00:00,1377.25,-31.8626380182836,-1.1901005428607,-1.19010563535654
2020-12-07 07:00:00,1377.29166666667,-32.2331140506542,-1.24862443473398,-1.24862952438682
2020-12-07 08:30:00,1377.35416666667,-32.8005037080224,-1.33827079429844,-1.33827587968318
2020-12-07 09:30:00,1377.39583333333,-33.0894336127103,-1.38380511536272,-1.38381019789966
2020-12-07 10:30:00,1377.4375,-32.4439851315298,-1.28049260652359,-1.2804976862108
2020-12-07 11:30:00,1377.47916666667,-33.2116373794393,-1.40228836858367,-1.40229344541926
2020-12-07 12:30:00,1377.52083333333,-33.3900670794776,-1.43022087289037,-1.43022594687241
2020-12-07 13:30:00,1377.5625,-32.9543128858473,-1.36031375947233,-1.36031883059891
2020-12-07 14:30:00,1377.60416666667,-31.6765157884544,-1.15626892544255,-1.15627399371175
2020-12-07 15:30:00,1377.64583333333,-31.239438404291,-1.08615165846239,-1.08615672387231
2020-12-07 16:30:00,1377.6875,-30.9564636977654,-1.04058337434849,-1.04058843689722
2020-12-07 17:30:00,1377.72916666667,-30.5962701760664,-0.982714394242178,-0.982719453927824
2020-12-07 18:30:00,1377.77083333333,-30.4336107988827,-0.956313061214892,-0.956318118035543
2020-12-07 19:30:00,1377.8125,-30.5177150344507,-0.969221664987557,-0.969226718941309
2020-12-07 20:30:00,1377.85416666667,-31.323768620709,-1.09713763343821,-1.09714268452317
2020-12-07 21:30:00,1377.89583333333,-31.2412160212291,-1.0834983189417,-1.08350336715596
2020-12-07 22:30:00,1377.9375,-30.8857635256983,-1.02638617368689,-1.02639121902855
2020-12-07 23:30:00,1377.97916666667,-31.0620186292365,-1.05397574687914,-1.05398078934632
2020-12-08 00:30:00,1378.02083333333,-30.961986986406,-1.03755296213776,-1.03755800172855
2020-12-08 01:30:00,1378.0625,-30.8268566437616,-1.01553924788476,-1.01554428459728
2020-12-08 02:30:00,1378.10416666667,-31.1049458979478,-1.05935202939925,-1.05935706323162
2020-12-08 03:30:00,1378.14583333333,-31.1756964459963,-1.07013592580952,-1.07014095675983
2020-12-08 04:30:00,1378.1875,-30.9647709510242,-1.03604894647714,-1.03605397454351
2020-12-08 05:30:00,1378.22916666667,-31.0766741132216,-1.05338912237828,-1.05339414755883
2020-12-08 06:30:00,1378.27083333333,-31.0929925581006,-1.0555029042029,-1.05550792649574
2020-12-08 08:00:00,1378.33333333333,-31.1067672184358,-1.05696918025776,-1.05697419821552
2020-12-08 09:00:00,1378.375,-31.1637150487896,-1.06555605255748,-1.06556106762283
2020-12-08 10:00:00,1378.41666666667,-31.235409701676,-1.07649242479399,-1.07649743696506
2020-12-08 11:00:00,1378.45833333333,-31.5883488449627,-1.13223156614962,-1.13223657542453
2020-12-08 12:00:00,1378.5,-31.6260949409683,-1.1377605508983,-1.13776555727519
2020-12-08 13:00:00,1378.54166666667,-31.6239366986965,-1.13693306735719,-1.13693807083417
2020-12-08 14:00:00,1378.58333333333,-31.5339626882463,-1.12211679075293,-1.12212179132814
2020-12-08 15:00:00,1378.625,-31.3256182541899,-1.08844434288885,-1.08844934056042
2020-12-08 16:00:00,1378.66666666667,-31.288828698324,-1.08210103177299,-1.08210602653906
2020-12-08 17:00:00,1378.70833333333,-31.2333370327747,-1.07277878352457,-1.07278377538326
2020-12-08 18:00:00,1378.75,-31.2998902810409,-1.0828986998137,-1.08290368876315
2020-12-08 19:00:00,1378.79166666667,-31.27279331527,-1.07810039288223,-1.07810537892059
2020-12-08 20:00:00,1378.83333333333,-31.3478048269517,-1.08956836242305,-1.08957334554846
2020-12-08 21:00:00,1378.875,-31.4599906520446,-1.10695854994831,-1.1069635301589
2020-12-08 22:00:00,1378.91666666667,-31.4485055503717,-1.10464819400248,-1.10465317129641
2020-12-08 23:00:00,1378.95833333333,-31.3060910289963,-1.08148101172025,-1.08148598609565
2020-12-09,1379,-31.2310838227188,-1.0690521869354,-1.06905715839042
2020-12-09 01:00:00,1379.04166666667,-31.362274535512,-1.08947116228842,-1.08947613082121
2020-12-09 02:00:00,1379.08333333333,-31.8985743408922,-1.17442463011084,-1.17442959571956
2020-12-09 03:00:00,1379.125,-32.3347638817844,-1.24343078603036,-1.24343574871315
2020-12-09 04:00:00,1379.16666666667,-32.5426089824953,-1.27606183446697,-1.27606679422199
2020-12-09 05:00:00,1379.20833333333,-33.0055721649156,-1.34933370089163,-1.34933865771704
2020-12-09 06:00:00,1379.25,-33.5889255521415,-1.44178413848059,-1.44178909237454
2020-12-09 07:30:00,1379.3125,-33.5114445986867,-1.42872471728576,-1.42872966677908
2020-12-09 08:30:00,1379.35416666667,-33.3350241540037,-1.40014345534615,-1.40014840190341
2020-12-09 09:30:00,1379.39583333333,-33.5988976370577,-1.44170165709822,-1.44170660071759
2020-12-09 10:30:00,1379.4375,-33.1950857746269,-1.37689743278658,-1.37690237346623
2020-12-09 11:30:00,1379.47916666667,-33.1176310692884,-1.36408246367119,-1.36408740140928
2020-12-09 12:30:00,1379.52083333333,-33.2554908352612,-1.38556757079889,-1.38557250559359
2020-12-09 13:30:00,1379.5625,-32.5707909720149,-1.27601866852156,-1.27602360037105
2020-12-09 14:30:00,1379.60416666667,-30.4782602459108,-0.942201631322445,-0.94220656022489
2020-12-09 15:30:00,1379.64583333333,-29.252442404461,-0.746452903840899,-0.746457829794472
2020-12-09 16:30:00,1379.6875,-28.7893048641264,-0.672200021419633,-0.672204944422511
2020-12-09 23:00:00,1379.95833333333,-30.6169623987469,-0.960269367962255,-0.960274271741295
2020-12-09 23:30:00,1379.97916666667,-31.1135929542857,-1.03914679260762,-1.03915169490473
2020-12-10,1380,-30.6917167964912,-0.971705523946385,-0.971710424761108
2020-12-10 00:30:00,1380.02083333333,-31.1332713385714,-1.04180946532718,-1.04181436465907
2020-12-10 01:00:00,1380.04166666667,-30.7909046992481,-0.987034284874683,-0.987039182723282
2020-12-10 01:30:00,1380.0625,-31.1402142907143,-1.04244370486162,-1.04244860122648
2020-12-10 02:00:00,1380.08333333333,-31.1798345285714,-1.04851947213531,-1.04852436701598
2020-12-10 02:30:00,1380.10416666667,-31.6181428478571,-1.11810661834266,-1.11811151173868
2020-12-10 03:00:00,1380.125,-31.4559070344221,-1.09202673773635,-1.09203162964728
2020-12-10 03:30:00,1380.14583333333,-31.7179428342857,-1.13353371103333,-1.13353860145872
2020-12-10 04:00:00,1380.16666666667,-31.2906884145729,-1.06523634252179,-1.06524123146118
2020-12-10 04:30:00,1380.1875,-31.6298785471429,-1.11903422167512,-1.11903910912806
2020-12-10 05:00:00,1380.20833333333,-31.3359899516291,-1.07198228984448,-1.07198717581053
2020-12-10 05:30:00,1380.22916666667,-31.5615532113475,-1.10767949259477,-1.10768437707347
2020-12-10 06:30:00,1380.27083333333,-31.0916650116625,-1.0323558437988,-1.03236072530146
2020-12-10 07:00:00,1380.29166666667,-31.5177153124088,-1.09999102414351,-1.09999590415747
2020-12-10 07:30:00,1380.3125,-31.6268556309859,-1.11714230081721,-1.11714717934203
2020-12-10 08:00:00,1380.33333333333,-32.1967666248175,-1.20769475831774,-1.20769963535297
2020-12-10 08:30:00,1380.35416666667,-31.3145703125628,-1.06692556728141,-1.06693044282659
2020-12-10 09:00:00,1380.375,-31.7974264345588,-1.14361028755106,-1.14361516160576
2020-12-10 09:30:00,1380.39583333333,-31.8667989859296,-1.15442686261629,-1.15443173518005
2020-12-10 10:00:00,1380.41666666667,-32.3138977270073,-1.22541557273625,-1.22542044380861
2020-12-10 10:30:00,1380.4375,-31.6653408466165,-1.12186564252404,-1.12187051210457
2020-12-10 11:00:00,1380.45833333333,-31.9723869116788,-1.17054402757488,-1.17054889566313
2020-12-10 11:30:00,1380.47916666667,-31.7316498823678,-1.13196025743625,-1.13196512403178
2020-12-10 12:00:00,1380.5,-32.2343258192593,-1.21180278729256,-1.21180765239491
2020-12-10 12:30:00,1380.52083333333,-31.5845854052764,-1.10806465218047,-1.10806951578919
2020-12-10 13:00:00,1380.54166666667,-31.9011313605839,-1.1582567095032,-1.15826157161785
2020-12-10 13:30:00,1380.5625,-31.4242104884712,-1.08204901751355,-1.08205387813368
2020-12-10 14:00:00,1380.58333333333,-31.5087810277372,-1.09528739195192,-1.09529225107709
2020-12-10 14:30:00,1380.60416666667,-30.6453709333333,-0.957511857384705,-0.957516715014467
2020-12-10 15:00:00,1380.625,-31.2242116985401,-1.04948799881036,-1.04949285494427
2020-12-10 15:30:00,1380.64583333333,-30.5927493796992,-0.948662077486331,-0.948666932123939
2020-12-10 16:00:00,1380.66666666667,-28.1535692306569,-0.559865497460286,-0.559870350601148
2020-12-10 16:30:00,1380.6875,-31.3210726496241,-1.06421769991966,-1.06422255156333
2020-12-10 17:00:00,1380.70833333333,-31.2115401693431,-1.04653582534496,-1.046540675491
2020-12-10 17:30:00,1380.72916666667,-31.2617819596491,-1.05430618980762,-1.05431103845557
2020-12-10 18:00:00,1380.75,-31.4937955744526,-1.09103301939526,-1.09103786654469
2020-12-10 18:30:00,1380.77083333333,-31.2293960067669,-1.04868095788539,-1.04868580353585
2020-12-10 19:00:00,1380.79166666667,-31.1007298671533,-1.02795141210999,-1.02795625626104
2020-12-10 19:30:00,1380.8125,-30.9347819546366,-1.00128293694486,-1.00128777959604
2020-12-10 20:00:00,1380.83333333333,-30.8641459357664,-0.9897977982542,-0.98980263940509
2020-12-10 20:30:00,1380.85416666667,-30.8694115764706,-0.990403931909339,-0.990408771559483
2020-12-11 00:30:00,1381.02083333333,-31.7340354283054,-1.12628065405189,-1.12628548168014
2020-12-11 01:30:00,1381.0625,-31.5897383897959,-1.10283025330814,-1.1028350779265
2020-12-11 02:30:00,1381.10416666667,-32.0263958817844,-1.17192666068119,-1.1719314822879
2020-12-11 03:30:00,1381.14583333333,-32.0718958775093,-1.17871173586232,-1.17871655445562
2020-12-11 04:30:00,1381.1875,-32.026793651487,-1.17106414909982,-1.17106896467794
2020-12-11 06:00:00,1381.25,-32.1648753905204,-1.19236714579345,-1.19237195684551
2020-12-11 07:00:00,1381.29166666667,-32.1302285425651,-1.18638595108154,-1.18639075911403
2020-12-11 08:00:00,1381.33333333333,-32.0523519465549,-1.17351856416775,-1.17352336917891
2020-12-11 09:00:00,1381.375,-32.1424870087361,-1.18741589225937,-1.18742069424746
2020-12-11 10:00:00,1381.41666666667,-31.8508826729981,-1.1405021994956,-1.14050699845887
2020-12-11 11:00:00,1381.45833333333,-31.7664267261596,-1.12658773137944,-1.12659252731613
2020-12-11 12:00:00,1381.5,-31.9138775439703,-1.14961651509648,-1.14962130800485
2020-12-11 13:00:00,1381.54166666667,-31.7648793526902,-1.12542109855636,-1.12542588843467
2020-12-11 14:00:00,1381.58333333333,-28.820243038961,-0.655878870285635,-0.655883657132133
2020-12-11 15:00:00,1381.625,-26.2425390288104,-0.244789559397742,-0.244794343210688
2020-12-11 16:00:00,1381.66666666667,-27.0961524736059,-0.380311910588292,-0.380316691365951
2020-12-11 17:00:00,1381.70833333333,-26.9142992358736,-0.350884018974082,-0.350888796714712
2020-12-11 18:00:00,1381.75,-26.910439712616,-0.349810993186319,-0.349815767888183
2020-12-11 19:00:00,1381.79166666667,-26.8962435137546,-0.347091667737207,-0.347096439398576
2020-12-11 20:00:00,1381.83333333333,-26.8667472479554,-0.341935371075094,-0.341940139694231
2020-12-11 21:00:00,1381.875,-27.1353061315399,-0.384259813321946,-0.38426457889712
2020-12-11 22:00:00,1381.91666666667,-26.9022782784787,-0.346681470833752,-0.346686233363239
2020-12-12 02:00:00,1382.08333333333,-24.9911480301676,-0.0404131138846133,-0.0404178642140838
2020-12-12 02:30:00,1382.10416666667,-25.6418388711111,-0.143841021472098,-0.14384577027463
2020-12-12 03:00:00,1382.125,-24.5680140971751,0.0274475552161133,0.0274428079409523
2020-12-12 03:30:00,1382.14583333333,-25.2131784108108,-0.0751001437203862,-0.0751048894677514
2020-12-12 04:00:00,1382.16666666667,-24.519779729096,0.0355861134631247,0.035581369243989
2020-12-12 04:30:00,1382.1875,-25.2121521701087,-0.0744820451150652,-0.0744867878055445
2020-12-12 05:30:00,1382.22916666667,-24.8476639615176,-0.0159645378954455,-0.0159692775273256
2020-12-12 06:00:00,1382.25,-25.7465882358824,-0.158936808172057,-0.158941546273993
2020-12-12 06:30:00,1382.27083333333,-25.3182249317073,-0.0904713044297489,-0.0904760410013162
2020-12-12 07:00:00,1382.29166666667,-25.929591704142,-0.187635630662844,-0.187640365703611
2020-12-12 07:30:00,1382.3125,-25.9307750547425,-0.187597387549884,-0.187602121059424
2020-12-12 08:00:00,1382.33333333333,-26.6491294188235,-0.301805085209321,-0.301809817187208
2020-12-12 08:30:00,1382.35416666667,-25.9428943119241,-0.189074747967163,-0.189079478412969
2020-12-12 09:00:00,1382.375,-26.6636940558824,-0.303672168127151,-0.303676897040446
2020-12-12 09:30:00,1382.39583333333,-25.1829593607046,-0.0675636648020097,-0.0675683921823724
2020-12-12 10:00:00,1382.41666666667,-25.843816587574,-0.172612371008737,-0.172617096855736
2020-12-12 10:30:00,1382.4375,-25.3546043674797,-0.0944542784312788,-0.09445900274449
2020-12-12 11:00:00,1382.45833333333,-26.0010411429412,-0.197205968394456,-0.197210691173453
2020-12-12 11:30:00,1382.47916666667,-25.3369485170732,-0.0911894742342162,-0.0911941954785732
2020-12-12 12:00:00,1382.5,-26.0877881882353,-0.210572792176747,-0.210577511886036
2020-12-12 12:30:00,1382.52083333333,-25.1176877286245,-0.0558092035689399,-0.0558139217427401
2020-12-12 13:00:00,1382.54166666667,-25.7484470235294,-0.15606380396524,-0.156068520603121
2020-12-12 13:30:00,1382.5625,-22.7687662701087,0.318827189256895,0.318822474155355
2020-12-12 14:00:00,1382.58333333333,-22.6789231272189,0.333364899834368,0.333360186269594
2020-12-12 14:30:00,1382.60416666667,-22.4646521633152,0.367723965014541,0.367719252986958
2020-12-12 15:00:00,1382.625,-22.5000176488235,0.362315679178653,0.362310968688687
2020-12-12 15:30:00,1382.64583333333,-23.0764441275204,0.270715904218678,0.270711195266749
2020-12-12 16:00:00,1382.66666666667,-23.1730769343195,0.255547517769331,0.255542810355868
2020-12-12 16:30:00,1382.6875,-23.9355625339674,0.134308219274474,0.134303513399898
2020-12-12 17:00:00,1382.70833333333,-23.9717411270588,0.128770059605068,0.128765355269802
2020-12-12 17:30:00,1382.72916666667,-23.6503113349862,0.180199084867903,0.18019438207237
2020-12-12 18:00:00,1382.75,-23.4771588041176,0.208007350055534,0.208002648800161
2020-12-12 18:30:00,1382.77083333333,-22.1567561056911,0.418573300340783,0.418568600625987
2020-12-12 19:00:00,1382.79166666667,-21.9391882076471,0.453456792363568,0.453452094189776
2020-12-12 19:30:00,1382.8125,-21.4174250926431,0.536798713338622,0.536794016706254
2020-12-12 20:00:00,1382.83333333333,-21.3962823182353,0.540391369787394,0.540386674696872
2020-12-12 20:30:00,1382.85416666667,-20.7943468823848,0.636504625696964,0.63649993214871
2020-12-12 21:00:00,1382.875,-20.6938646529412,0.652735940903832,0.65273124889827
2020-12-12 21:30:00,1382.89583333333,-20.1535598304348,0.739031222882066,0.739026532419616
2020-12-12 22:00:00,1382.91666666667,-20.3396116917647,0.70961727942687,0.709612590507952
2020-12-12 22:30:00,1382.9375,-19.4408726322493,0.85301121820356,0.853006530828595
2020-12-12 23:00:00,1382.95833333333,-18.4633059135294,1.00896237273035,1.00895768689976
2020-12-12 23:30:00,1382.97916666667,-19.1739702620596,0.895977025092442,0.895972340806646
2020-12-13,1383,-19.301009112844,0.875963549561543,0.875958866820964
2020-12-13 04:00:00,1383.16666666667,-21.9380167443414,0.457674456452258,0.457669786088504
2020-12-13 05:30:00,1383.22916666667,-21.8658159886617,0.46984519372315,0.469840528007611
2020-12-13 06:30:00,1383.27083333333,-19.4588308949814,0.853725273985134,0.853720611370497
2020-12-13 07:30:00,1383.3125,-18.8577718320965,0.94991969840238,0.94991503889031
2020-12-13 08:30:00,1383.35416666667,-20.590949938961,0.674268124773577,0.67426346836574
2020-12-13 09:30:00,1383.39583333333,-21.1454897764378,0.586374120669131,0.586369467367195
2020-12-13 10:30:00,1383.4375,-20.4730797721707,0.693933753861599,0.693929103667227
2020-12-13 11:30:00,1383.47916666667,-18.5977439552876,0.993119979115275,0.993115332030123
2020-12-13 12:30:00,1383.52083333333,-18.3871966671614,1.02710385231792,1.02709920834365
2020-12-13 13:30:00,1383.5625,-19.1464230257885,0.906601740611604,0.906597099749878
2020-12-13 14:30:00,1383.60416666667,-19.1834879415584,0.901140112621672,0.901135474874139
2020-12-13 15:30:00,1383.64583333333,-18.9596493465677,0.937240249917492,0.937235615285811
2020-12-13 16:30:00,1383.6875,-18.1210519953532,1.07127154574391,1.07126691422973
2020-12-13 17:30:00,1383.72916666667,-18.4771317738404,1.01498957020116,1.01498494180613
2020-12-13 18:30:00,1383.77083333333,-18.2773042441558,1.04726367500515,1.04725904973093
2020-12-13 19:30:00,1383.8125,-19.669651174026,0.825902899285171,0.825898277133393
2020-12-13 20:30:00,1383.85416666667,-21.1820575207792,0.585416221104201,0.585411602076512
2020-12-13 21:30:00,1383.89583333333,-22.6829498940631,0.346763375343353,0.346758759441401
2020-12-13 22:30:00,1383.9375,-24.2710296695733,0.0942211620954265,0.0942165493208517
2020-12-13 23:30:00,1383.97916666667,-25.9581955113594,-0.174105884551219,-0.17411049419678
2020-12-14 00:30:00,1384.02083333333,-25.9589442104089,-0.173785827683771,-0.173790434198679
2020-12-14 01:30:00,1384.0625,-26.8472899598513,-0.314860967915093,-0.314865571297711
2020-12-14 06:00:00,1384.25,-27.4781436802239,-0.413385410723949,-0.413389999991079
2020-12-14 07:00:00,1384.29166666667,-27.718831458427,-0.451290117089021,-0.4512947032149
2020-12-14 08:00:00,1384.33333333333,-27.6136535916201,-0.4340985331871,-0.434103116170104
2020-12-14 09:00:00,1384.375,-26.9112383562384,-0.321766964044763,-0.321771543883268
2020-12-14 10:00:00,1384.41666666667,-27.1809628829314,-0.364298308294382,-0.364302884986771
2020-12-14 11:00:00,1384.45833333333,-27.0573463366853,-0.344170493352387,-0.344175066897041
2020-12-14 12:00:00,1384.5,-27.4032397317844,-0.398836302621447,-0.398840873016747
2020-12-14 13:00:00,1384.54166666667,-27.0377270834061,-0.34017497604539,-0.340179543289725
2020-12-14 14:00:00,1384.58333333333,-28.3395018893657,-0.54711408789281,-0.547118651984567
2020-12-14 15:00:00,1384.625,-29.5322350477612,-0.736683143066778,-0.736687704004343
2020-12-14 16:00:00,1384.66666666667,-28.5569443025974,-0.580884797035823,-0.58088935481759
2020-12-14 17:00:00,1384.70833333333,-28.4021481709259,-0.555792185420794,-0.555796740045155
2020-12-14 18:00:00,1384.75,-28.3631077990706,-0.549139905438171,-0.549144456903519
2020-12-14 19:00:00,1384.79166666667,-28.792269516171,-0.617072909404424,-0.617077457709157
2020-12-14 20:00:00,1384.83333333333,-28.6843606412639,-0.599450541083779,-0.599455086226293
2020-12-14 21:00:00,1384.875,-28.9117703601852,-0.635245021421527,-0.635249563400225
2020-12-14 22:00:00,1384.91666666667,-29.1056370394444,-0.665696428831086,-0.665700967644371
2020-12-14 23:00:00,1384.95833333333,-29.3317746614525,-0.70128897796335,-0.701293513609622
2020-12-15,1385,-30.3815944077778,-0.868095035815352,-0.868099568293019
2020-12-15 01:00:00,1385.04166666667,-30.9694018764815,-0.961302565606174,-0.961307094913644
2020-12-15 02:00:00,1385.08333333333,-31.1175037014815,-0.98446503028032,-0.984469556416
2020-12-15 03:00:00,1385.125,-29.6213944285185,-0.745703850440361,-0.745708373402664
2020-12-15 07:30:00,1385.3125,-31.1305286176211,-0.984179880045834,-0.984184388708327
2020-12-15 08:00:00,1385.33333333333,-31.2486823611765,-1.00278784657905,-1.0027923536507
2020-12-15 08:30:00,1385.35416666667,-31.0245749072687,-0.966873449693388,-0.966877955173799
2020-12-15 09:00:00,1385.375,-31.2251529917647,-0.998611852509528,-0.998616356398305
2020-12-15 09:30:00,1385.39583333333,-31.5306872057269,-1.0470699317285,-1.04707443402526
2020-12-15 10:00:00,1385.41666666667,-31.7237765588235,-1.07761555426039,-1.07762005496473
2020-12-15 10:30:00,1385.4375,-31.9431255905286,-1.11234445239085,-1.11234895150237
2020-12-15 11:00:00,1385.45833333333,-31.9351882035294,-1.11086655165811,-1.11087104917642
2020-12-15 11:30:00,1385.47916666667,-32.3620793160793,-1.17865723172273,-1.17866172764744
2020-12-15 12:00:00,1385.5,-32.2685765447059,-1.16354888431132,-1.16355337864203
2020-12-15 12:30:00,1385.52083333333,-32.6556387372247,-1.22499496920567,-1.224999461942
2020-12-15 13:00:00,1385.54166666667,-32.5785880164706,-1.21250762552225,-1.21251211666381
2020-12-15 13:30:00,1385.5625,-33.1732995555066,-1.30703258006775,-1.30703706961414
2020-12-15 14:00:00,1385.58333333333,-33.4397441965116,-1.3492644733954,-1.34926896134622
2020-12-15 14:30:00,1385.60416666667,-33.6631299167401,-1.38463714012221,-1.38464162647707
2020-12-15 15:00:00,1385.625,-33.9061627511628,-1.42313969645687,-1.42314418121539
2020-12-15 15:30:00,1385.64583333333,-34.4990110788546,-1.51736820115563,-1.51737268431742
2020-12-15 16:00:00,1385.66666666667,-34.2997673383721,-1.48541596368658,-1.48542044525124
2020-12-15 16:30:00,1385.6875,-34.661938200883,-1.54289756402656,-1.54290204399371
2020-12-15 17:00:00,1385.70833333333,-34.7993487848837,-1.56457478176902,-1.56457926013825
2020-12-15 17:30:00,1385.72916666667,-34.6847006879819,-1.54609896193225,-1.54610343870318
2020-12-15 18:00:00,1385.75,-34.1815910352273,-1.46574102908879,-1.46574550426104
2020-12-15 18:30:00,1385.77083333333,-34.1057217269488,-1.4534428788988,-1.45344735247197
2020-12-15 19:00:00,1385.79166666667,-33.8329206363636,-1.40977344555185,-1.40977791752555
2020-12-15 19:30:00,1385.8125,-34.1845791227171,-1.46558095957935,-1.46558542995319
2020-12-15 20:00:00,1385.83333333333,-34.2333294238636,-1.47313507379019,-1.47313954256379
2020-12-15 20:30:00,1385.85416666667,-34.4142365203125,-1.50174195050943,-1.50174641768239
2020-12-15 21:00:00,1385.875,-34.1939431522727,-1.4664373971359,-1.46644186270784
2020-12-15 21:30:00,1385.89583333333,-33.7951937977728,-1.40270476822258,-1.40270923219311
2020-12-15 22:00:00,1385.91666666667,-33.2097160215909,-1.30922625895413,-1.30923072132285
2020-12-15 22:30:00,1385.9375,-33.276755064588,-1.31969423596184,-1.31969869672837
2020-12-15 23:00:00,1385.95833333333,-32.7098861181818,-1.22918030797062,-1.22918476713458
2020-12-15 23:30:00,1385.97916666667,-33.0445234142539,-1.28227705937215,-1.28228151693314
2020-12-16,1386,-32.8226295814815,-1.2467180950104,-1.24672255096804
2020-12-16 00:30:00,1386.02083333333,-33.2574053547884,-1.31576715895393,-1.31577161330784
2020-12-16 01:00:00,1386.04166666667,-33.321636375,-1.32578826975321,-1.32579272250299
2020-12-16 01:30:00,1386.0625,-34.2228241391982,-1.46913727881592,-1.46914172996119
2020-12-16 02:00:00,1386.08333333333,-34.4148976568182,-1.49952397253072,-1.4995284220711
2020-12-16 02:30:00,1386.10416666667,-35.0401693634744,-1.59891953822848,-1.59892398616357
2020-12-16 03:00:00,1386.125,-35.0143294772727,-1.59459265281944,-1.59459709914886
2020-12-16 04:00:00,1386.16666666667,-35.4433535778017,-1.66251562536759,-1.66252006848451
2020-12-16 04:30:00,1386.1875,-35.387693228,-1.65343859174218,-1.65344303325228
2020-12-16 05:00:00,1386.20833333333,-36.1781249903017,-1.77914472723832,-1.77914916714121
2020-12-16 05:30:00,1386.22916666667,-36.290733636,-1.79687324694135,-1.79687768523664
2020-12-16 09:30:00,1386.39583333333,-35.356072197963,-1.64630334919793,-1.64630777461864
2020-12-16 10:30:00,1386.4375,-35.3777959831169,-1.64934546051924,-1.64934988271748
2020-12-16 11:30:00,1386.47916666667,-35.1987644118738,-1.62040746553687,-1.6204118845111
2020-12-16 12:30:00,1386.52083333333,-34.9762950157699,-1.58455015965995,-1.58455457540865
2020-12-16 13:30:00,1386.5625,-35.4858386055659,-1.66530341140345,-1.6653078239251
2020-12-16 14:30:00,1386.60416666667,-35.6753227638219,-1.69507133305931,-1.69507574235237
2020-12-16 15:30:00,1386.64583333333,-35.4943803755102,-1.66583040742448,-1.66583481348744
2020-12-16 16:30:00,1386.6875,-35.4804739109665,-1.66319879031425,-1.66320319314559
2020-12-18 18:30:00,1388.77083333333,-30.7294081335807,-0.886007204128797,-0.886011443483691
2020-12-18 20:00:00,1388.83333333333,-31.2408302072761,-0.966881242011206,-0.966885476405657
2020-12-18 23:30:00,1388.97916666667,-31.7946084981447,-1.05371147419606,-1.05371569700373
2020-12-19 00:30:00,1389.02083333333,-31.8009684851577,-1.05432917650029,-1.05433339599426
2020-12-19 01:30:00,1389.0625,-32.1305780568773,-1.10644114701007,-1.10644536318894
2020-12-19 02:30:00,1389.10416666667,-32.0132378921933,-1.0873540836812,-1.08735829654355
2020-12-19 03:30:00,1389.14583333333,-31.925384103525,-1.07296459989154,-1.07296880943597
2020-12-19 04:30:00,1389.1875,-32.4514991156425,-1.15638116378737,-1.15638537001247
2020-12-19 05:30:00,1389.22916666667,-32.4289109699443,-1.15238930170576,-1.15239350461013
2020-12-19 06:30:00,1389.27083333333,-32.737174052037,-1.20110265601601,-1.20110685559825
2020-12-19 07:30:00,1389.3125,-32.4608942703154,-1.15669829397502,-1.15670249023372
2020-12-19 08:30:00,1389.35416666667,-32.5576944375926,-1.17172621419434,-1.1717304071281
2020-12-19 09:30:00,1389.39583333333,-32.1954524778399,-1.11362877551913,-1.11363296512656
2020-12-19 10:30:00,1389.4375,-32.1839888654916,-1.11141095843535,-1.11141514471506
2020-12-19 11:30:00,1389.47916666667,-32.1559906942272,-1.10655955468062,-1.10656373763121
2020-12-19 12:30:00,1389.52083333333,-32.1680369261111,-1.10808763354445,-1.10809181316453
2020-12-19 13:30:00,1389.5625,-31.587548135,-1.01522484059347,-1.01522901688166
2020-12-19 14:30:00,1389.60416666667,-31.712546302037,-1.03474700520649,-1.03475117816139
2020-12-19 15:30:00,1389.64583333333,-31.2408111348148,-0.959209504420409,-0.959213674040635
2020-12-19 16:30:00,1389.6875,-31.6882857363636,-1.03010315805925,-1.03010732434342
2020-12-19 17:30:00,1389.72916666667,-31.1405574364815,-0.942460659896648,-0.942464822843386
2020-12-19 19:00:00,1389.79166666667,-31.3605658107607,-0.976925384173051,-0.976929542111051
2020-12-19 20:00:00,1389.83333333333,-30.5372244892393,-0.845378489530697,-0.845382644127818
2020-12-19 21:00:00,1389.875,-29.5403821779221,-0.686193145505696,-0.686197296760563
2020-12-20 01:00:00,1390.04166666667,-29.8138882711359,-0.728216082449414,-0.728220220321556
2020-12-20 02:00:00,1390.08333333333,-29.7498643282528,-0.717631285485372,-0.717635420008416
2020-12-20 03:00:00,1390.125,-29.4128385751391,-0.663557488528292,-0.663561619700875
2020-12-20 04:00:00,1390.16666666667,-29.5929274035382,-0.69186079760737,-0.691864925428129
2020-12-20 05:00:00,1390.20833333333,-29.6553098398887,-0.701413778180775,-0.701417902648353
2020-12-20 06:00:00,1390.25,-29.3255696237477,-0.648501724055801,-0.64850584516884
2020-12-20 07:00:00,1390.29166666667,-29.3034555355556,-0.644595116202678,-0.644599233959821
2020-12-20 08:00:00,1390.33333333333,-29.4725862337662,-0.671154323942345,-0.67115843834224
2020-12-20 09:00:00,1390.375,-29.7729722468519,-0.718622981787733,-0.718627092829029
2020-12-20 10:00:00,1390.41666666667,-29.649892204461,-0.698633579227499,-0.698637686908843
2020-12-20 11:00:00,1390.45833333333,-29.3086808823748,-0.643896092974556,-0.643900197294603
2020-12-20 12:00:00,1390.5,-28.8879870683333,-0.576497374191913,-0.576501475149317
2020-12-20 13:00:00,1390.54166666667,-28.5683963024074,-0.525204828657321,-0.525208926250737
2020-12-20 14:00:00,1390.58333333333,-28.3074518457407,-0.483255067726448,-0.483259161954535
2020-12-20 15:00:00,1390.625,-27.940322172963,-0.424390311812494,-0.424394402673911
2020-12-20 16:00:00,1390.66666666667,-27.7360983233766,-0.391476955967294,-0.391481043460702
2020-12-20 17:00:00,1390.70833333333,-27.0437346833024,-0.280802968881572,-0.280807053005637
2020-12-20 18:30:00,1390.77083333333,-24.8039870001855,0.0765596596868443,0.0765555806192985
2020-12-20 19:30:00,1390.8125,-24.3694656408163,0.146158220810169,0.146154145115297
2020-12-20 20:30:00,1390.85416666667,-25.0903580489796,0.031698156196958,0.0316940838760938
2020-12-20 21:30:00,1390.89583333333,-25.2267791990724,0.0103443935748934,0.0103403246293641
2020-12-20 22:30:00,1390.9375,-25.8874767897959,-0.0945273679776922,-0.0945314335465645
2020-12-21 02:30:00,1391.10416666667,-24.9361061450652,0.0585341260504854,0.0585300740014714
2020-12-21 03:30:00,1391.14583333333,-24.5212449185529,0.124997713371264,0.12499366470551
2020-12-21 04:30:00,1391.1875,-24.4600334918216,0.135124246421617,0.135120201140437
2020-12-21 05:30:00,1391.22916666667,-24.1407829172542,0.186356211484865,0.18635216958957
2020-12-21 06:30:00,1391.27083333333,-24.1298044919926,0.188479814040956,0.188475775532858
2020-12-21 07:30:00,1391.3125,-24.2259163750929,0.173543464927239,0.173539429807645
2020-12-21 08:30:00,1391.35416666667,-24.2197393029795,0.174901430264371,0.174897398534587
2020-12-21 09:30:00,1391.39583333333,-24.5887513907236,0.116491104918046,0.116487076579379
2020-12-21 10:30:00,1391.4375,-25.0766549536178,0.0391408930241972,0.039136868077948
2020-12-21 11:30:00,1391.47916666667,-25.9528457042751,-0.100064135141251,-0.100068156693782
2020-12-21 12:30:00,1391.52083333333,-25.8982458351955,-0.0909939424054521,-0.0909979605629643
2020-12-21 13:30:00,1391.5625,-24.0772992611524,0.199456152516012,0.199452137754813
2020-12-21 14:30:00,1391.60416666667,-24.0765306584416,0.199950205523836,0.199946194160247
2020-12-21 15:30:00,1391.64583333333,-23.2823636267161,0.326832804696613,0.326828796731927
2020-12-21 16:30:00,1391.6875,-23.4914378092764,0.29389797076555,0.293893966201057
2020-12-21 18:00:00,1391.75,-23.7029647495362,0.260757094106452,0.260753094644665
2020-12-21 20:00:00,1391.83333333333,-24.5784275386617,0.122034564933028,0.12203057227935
2020-12-21 21:00:00,1391.875,-24.9677985285448,0.0603765600751871,0.0603725708274877
2020-12-21 22:00:00,1391.91666666667,-25.1253364356877,0.0356493391859322,0.0356453533454936
2020-12-21 23:00:00,1391.95833333333,-25.0785261279851,0.0434745429795871,0.0434705605476859
2020-12-22,1392,-25.638309822449,-0.0453315034118729,-0.0453354824339601
2020-12-22 04:00:00,1392.16666666667,-26.4201020337662,-0.168403902067015,-0.168407867437116
2020-12-22 05:00:00,1392.20833333333,-26.1433395478664,-0.123949507747712,-0.123953469701646
2020-12-22 06:00:00,1392.25,-26.1320018543599,-0.121777865821484,-0.121781824357985
2020-12-22 07:00:00,1392.29166666667,-26.1081020619666,-0.117605466041981,-0.117609421159785
2020-12-22 08:00:00,1392.33333333333,-25.8832708970315,-0.0814249486921723,-0.0814289003900192
2020-12-22 09:00:00,1392.375,-26.4541633217069,-0.172004161651734,-0.172008109928365
2020-12-22 10:00:00,1392.41666666667,-26.7087439907236,-0.212195079931961,-0.212199024786118
2020-12-22 11:00:00,1392.45833333333,-26.9537573848148,-0.250862318703638,-0.250866260134067
2020-12-22 12:00:00,1392.5,-27.2661333227778,-0.300260853262484,-0.300264791267931
2020-12-22 13:00:00,1392.54166666667,-26.8419796587037,-0.232330090480202,-0.232334025059414
2020-12-22 14:00:00,1392.58333333333,-25.9655000152416,-0.0923438707261994,-0.0923478018779281
2020-12-22 15:00:00,1392.625,-24.9269666516667,0.0734572274791506,0.0734532997561498
2020-12-22 16:00:00,1392.66666666667,-25.3833777344444,0.00111221192103805,0.00110828762801429
2020-12-22 17:30:00,1392.72916666667,-27.9666994539889,-0.409871131266675,-0.409875050412403
2020-12-22 18:30:00,1392.77083333333,-28.5968237558442,-0.509889775456512,-0.50989369116916
2020-12-22 19:30:00,1392.8125,-28.646438398694,-0.517433211929089,-0.517437124207418
2020-12-22 20:30:00,1392.85416666667,-28.4070389237477,-0.47893688889005,-0.478940797732821
2020-12-22 22:00:00,1392.91666666667,-28.55179938,-0.501458352493061,-0.501462256180183
2020-12-22 22:30:00,1392.9375,-28.6401632459184,-0.515355317497449,-0.515359219465405
2020-12-22 23:00:00,1392.95833333333,-28.6930363647727,-0.523598680267177,-0.523602580515658
2020-12-22 23:30:00,1392.97916666667,-28.8820707010101,-0.553532721426246,-0.553536619954946
2020-12-23,1393,-28.8316675817942,-0.545324304007419,-0.545328200816032
2020-12-23 00:30:00,1393.02083333333,-28.5973116315399,-0.507812168352918,-0.507816063441134
2020-12-23 01:30:00,1393.0625,-28.5644322927644,-0.502216633282149,-0.502220524928654
2020-12-23 05:00:00,1393.20833333333,-28.6052634048237,-0.507471771719927,-0.507475651310806
2020-12-23 06:00:00,1393.25,-28.9291892135436,-0.558717339969159,-0.558721216112831
2020-12-23 06:30:00,1393.27083333333,-29.1291532524194,-0.5903938811842,-0.59039775560381
2020-12-23 07:00:00,1393.29166666667,-28.980930113494,-0.566604055657672,-0.566607928352918
2020-12-23 07:30:00,1393.3125,-29.0699684374768,-0.580610250246227,-0.580614121216806
2020-12-23 08:30:00,1393.35416666667,-29.1774768391466,-0.597381366021974,-0.597385233542305
2020-12-23 09:00:00,1393.375,-29.4441208709677,-0.639680575496418,-0.639684441291171
2020-12-23 09:30:00,1393.39583333333,-29.2616433544578,-0.610434500988773,-0.610438365057647
2020-12-23 10:00:00,1393.41666666667,-29.954035177037,-0.720555837027923,-0.720559699370614
2020-12-23 11:00:00,1393.45833333333,-30.8063996230483,-0.855984049212277,-0.855987908101697
2020-12-23 11:30:00,1393.47916666667,-30.8368467629032,-0.860657423308443,-0.860661280470775
2020-12-23 12:00:00,1393.5,-30.744331778125,-0.84574294280863,-0.845746798243572
2020-12-23 12:30:00,1393.52083333333,-31.0205796142593,-0.889572742953571,-0.889576596660823
2020-12-23 13:30:00,1393.5625,-30.9834907242593,-0.883311400493045,-0.883315250744013
2020-12-23 14:00:00,1393.58333333333,-31.3058951774194,-0.934494282102921,-0.934498130625295
2020-12-23 14:30:00,1393.60416666667,-31.3712192631325,-0.944724177307104,-0.944728024100586
2020-12-23 15:00:00,1393.625,-31.4411133607807,-0.955682178542395,-0.955686023606683
2020-12-23 17:30:00,1393.72916666667,-31.3410964332096,-0.938870016920928,-0.938873853334761
2020-12-23 19:00:00,1393.79166666667,-30.7160277425926,-0.838769691483636,-0.838773522703612
2020-12-23 20:00:00,1393.83333333333,-29.6524704005556,-0.668993789602245,-0.66899761735816
2020-12-23 21:00:00,1393.875,-29.1491463296296,-0.58846384860513,-0.588467672895797
2020-12-23 22:00:00,1393.91666666667,-29.0994259309259,-0.580193697369984,-0.580197518194214
2020-12-23 23:00:00,1393.95833333333,-28.8421851925926,-0.538865808540718,-0.538869625897326
2020-12-24,1394,-28.8698258785185,-0.542920135160153,-0.542923949047956
2020-12-24 01:00:00,1394.04166666667,-28.9035984942379,-0.547951683740949,-0.547955494158766
2020-12-24 02:00:00,1394.08333333333,-29.2934036853704,-0.60969987735227,-0.609703684298922
2020-12-24 03:00:00,1394.125,-29.2471573711111,-0.601985156067229,-0.601988959541539
2020-12-24 06:30:00,1394.27083333333,-23.8257242351097,0.262866628490377,0.262862837178509
2020-12-24 07:00:00,1394.29166666667,-23.3790317972727,0.334198024016573,0.334194234443367
2020-12-24 07:30:00,1394.3125,-22.0185391884013,0.551098339199015,0.551094551364762
2020-12-24 08:00:00,1394.33333333333,-21.7584136104545,0.592709299394852,0.592705513299846
2020-12-24 08:30:00,1394.35416666667,-22.4953760959248,0.47548331791034,0.47547953355487
2020-12-24 09:00:00,1394.375,-22.7861681945455,0.429332497221017,0.429328714605375
2020-12-24 09:30:00,1394.39583333333,-20.8396018858934,0.7395943689632,0.739590588087677
2020-12-24 10:00:00,1394.41666666667,-21.0603545536364,0.704600678259887,0.704596899124775
2020-12-24 10:30:00,1394.4375,-19.9240940194357,0.885780059629423,0.885776282235009
2020-12-24 11:00:00,1394.45833333333,-19.8842863422727,0.892293616576997,0.892289840923575
2020-12-24 11:30:00,1394.47916666667,-19.6299247683386,0.932985661823871,0.932981887911729
2020-12-24 12:00:00,1394.5,-19.6391681918182,0.931685141806069,0.931681369635496
2020-12-24 12:30:00,1394.52083333333,-19.8476206639498,0.898650377157455,0.898646606728743
2020-12-24 13:00:00,1394.54166666667,-19.5740859271493,0.942396418480407,0.942392649793844
2020-12-24 13:30:00,1394.5625,-18.0416144172414,1.18669188654369,1.18668811959957
2020-12-24 14:00:00,1394.58333333333,-17.9567421303167,1.2003836630242,1.2003798978228
2020-12-24 14:30:00,1394.60416666667,-17.5488338338558,1.26553520575802,1.26553144229964
2020-12-24 15:00:00,1394.625,-17.9880407072398,1.19574059564329,1.19573683392821
2020-12-24 15:30:00,1394.64583333333,-17.9630125589342,1.19989885527651,1.19989509530502
2020-12-24 16:00:00,1394.66666666667,-17.4267692285068,1.28549395776519,1.28549019953758
2020-12-24 16:30:00,1394.6875,-17.6441473520376,1.251036523092,1.25103276660855
2020-12-24 17:00:00,1394.70833333333,-17.4601402791855,1.28051993601632,1.28051618127732
2020-12-24 18:00:00,1394.75,-17.0141701975684,1.35190489501335,1.35190114376412
2020-12-24 18:30:00,1394.77083333333,-17.2268803708134,1.31819066394075,1.31818691443684
2020-12-24 19:00:00,1394.79166666667,-15.5653343756839,1.58304667874813,1.58304293098981
2020-12-24 19:30:00,1394.8125,-15.8331387488038,1.54055570002535,1.54055195401292
2020-12-24 20:00:00,1394.83333333333,-15.2584346413374,1.63227682317456,1.6322730789083
2020-12-24 20:30:00,1394.85416666667,-15.4009330416268,1.6097469731424,1.6097432306226
2020-12-24 21:00:00,1394.875,-14.961753775076,1.67987868991589,1.67987494914283
2020-12-24 21:30:00,1394.89583333333,-14.8959330062201,1.69053402998221,1.69053029095618
2020-12-24 22:00:00,1394.91666666667,-14.3429756714286,1.77879047187631,1.77878673459759
2020-12-24 22:30:00,1394.9375,-14.4800765521531,1.75712004565323,1.75711631012211
2020-12-24 23:00:00,1394.95833333333,-14.16661606875,1.80722426542924,1.807220531646
2020-12-24 23:30:00,1394.97916666667,-14.270277545933,1.79088055749856,1.79087682546348
2020-12-25,1395,-13.9781337234043,1.83758881533263,1.837585085046
2020-12-25 00:30:00,1395.02083333333,-13.9966220062201,1.83481305545545,1.83480932691755
2020-12-25 01:00:00,1395.04166666667,-13.8398571851064,1.85995513890223,1.85995141211334
2020-12-25 01:30:00,1395.0625,-13.75086124689,1.8743014894832,1.87429776444361
2020-12-25 02:00:00,1395.08333333333,-13.4965532112462,1.91498207390495,1.91497835061495
2020-12-25 02:30:00,1395.10416666667,-13.6127798952153,1.89663611126861,1.89663238972847
2020-12-25 03:00:00,1395.125,-13.4879544179331,1.91668982872162,1.91668610893162
2020-12-25 03:30:00,1395.14583333333,-13.5335502464115,1.90959520890336,1.9095914908638
2020-12-25 04:00:00,1395.16666666667,-13.627984770122,1.89472044853385,1.89471673224499
2020-12-25 04:30:00,1395.1875,-13.5810191076555,1.90237073734692,1.90236702280905
2020-12-25 08:00:00,1395.33333333333,-15.2634431626204,1.63553691522828,1.63553321295522
2020-12-25 08:30:00,1395.35416666667,-15.356899935,1.6208169968723,1.62081329635248
2020-12-25 09:00:00,1395.375,-15.1101525050193,1.66029174935068,1.66028805058436
2020-12-25 09:30:00,1395.39583333333,-15.008350035,1.67667656439052,1.67667286737801
2020-12-25 10:00:00,1395.41666666667,-15.2839402637765,1.63294235106407,1.63293865580562
2020-12-25 10:30:00,1395.4375,-15.34250006,1.62378113895573,1.62377744545163
2020-12-25 11:00:00,1395.45833333333,-15.0448689974952,1.67136128337955,1.67135759163008
2020-12-25 11:30:00,1395.47916666667,-14.995750045,1.679353169266,1.67934947927144
2020-12-25 12:00:00,1395.5,-14.3971040481696,1.77488500416931,1.77488131592994
2020-12-25 12:30:00,1395.52083333333,-14.559500035,1.74918220535959,1.74917851887568
2020-12-25 13:00:00,1395.54166666667,-17.0658131071291,1.35009163798253,1.35008795325436
2020-12-25 13:30:00,1395.5625,-17.24325008,1.32199259555208,1.32198891257993
2020-12-25 14:00:00,1395.58333333333,-19.539541449711,0.956358431615512,0.956354750399656
2020-12-25 14:30:00,1395.60416666667,-19.585900015,0.949140069301622,0.949136389842339
2020-12-25 15:00:00,1395.625,-20.3637861458574,0.825388741061278,0.825385063358841
2020-12-25 15:30:00,1395.64583333333,-20.3373807190476,0.829761530719836,0.829757854774523
2020-12-25 16:00:00,1395.66666666667,-19.9282254369942,0.895106543821038,0.895102869633126
2020-12-25 16:30:00,1395.6875,-19.8623333,0.905769390577462,0.905765718147224
2020-12-25 17:30:00,1395.72916666667,-20.0137712822306,0.881977270085097,0.881973601171037
2020-12-25 18:00:00,1395.75,-20.0683333222222,0.873451374131647,0.873447706976086
2020-12-25 18:30:00,1395.77083333333,-20.7723232431002,0.761471050541974,0.76146738514519
2020-12-25 19:00:00,1395.79166666667,-20.7099997333333,0.771564901927954,0.77156123829022
2020-12-25 19:30:00,1395.8125,-21.4558686587591,0.652913018679112,0.652909356800701
2020-12-25 20:00:00,1395.83333333333,-21.5345558555556,0.640543559391622,0.64053989927281
2020-12-25 20:30:00,1395.85416666667,-21.5484706899811,0.63849228151022,0.638488623151281
2020-12-25 21:00:00,1395.875,-21.5072218555556,0.645228513269431,0.645224856670635
2020-12-25 21:30:00,1395.89583333333,-20.8621989119318,0.748146289839193,0.748142635000817
2020-12-25 22:00:00,1395.91666666667,-20.7878888444444,0.760148995131708,0.760145342054023
2020-12-25 22:30:00,1395.9375,-18.0490907434783,1.19660644594181,1.19660279462509
2020-12-25 23:00:00,1395.95833333333,-17.7648889777778,1.24204484414677,1.24204119459129
2020-12-25 23:30:00,1395.97916666667,-18.8027636582231,1.07687541737492,1.07687176958094
2020-12-26 00:30:00,1396.02083333333,-19.6389810901701,0.943994578811004,0.943990934540862
2020-12-26 01:00:00,1396.04166666667,-19.7328891777778,0.929199397720501,0.929195755212683
2020-12-26 01:30:00,1396.0625,-21.6992627705104,0.616119021158587,0.616115380413364
2020-12-26 02:00:00,1396.08333333333,-22.0665556666667,0.557773239844844,0.557769600862487
2020-12-26 02:30:00,1396.10416666667,-22.1185917189036,0.549647996593694,0.549644359374475
2020-12-26 03:00:00,1396.125,-22.3353335111111,0.515284908783201,0.515281273327387
2020-12-26 03:30:00,1396.14583333333,-23.3013119168242,0.36156779052529,0.361564156833156
2020-12-26 04:00:00,1396.16666666667,-23.5968888555556,0.314646002511447,0.31464237058326
2020-12-26 04:30:00,1396.1875,-23.9601001793951,0.256949906073215,0.256946275909245
2020-12-26 05:00:00,1396.20833333333,-24.2987779,0.203161927597005,0.203158299197522
2020-12-26 05:30:00,1396.22916666667,-24.4586823981096,0.177852548631641,0.177848921996915
2020-12-26 06:00:00,1396.25,-24.4064443222222,0.186337530696477,0.186333905826775
2020-12-26 09:30:00,1396.39583333333,-26.7184081545455,-0.180818899987168,-0.180822512494182
2020-12-26 10:30:00,1396.4375,-27.2564274741636,-0.266200669601426,-0.266204278573836
2020-12-26 11:30:00,1396.47916666667,-27.604504590167,-0.321324921708925,-0.321328527145665
2020-12-26 12:30:00,1396.52083333333,-27.9111428564007,-0.369848346865966,-0.369851948765972
2020-12-26 13:30:00,1396.5625,-28.3282541842301,-0.43597062127735,-0.435974219639561
2020-12-26 14:30:00,1396.60416666667,-28.4257958966605,-0.451185639350084,-0.451189234173437
2020-12-26 15:30:00,1396.64583333333,-29.7026444131481,-0.6542654859849,-0.654269077268339
2020-12-26 17:00:00,1396.70833333333,-30.4651821526022,-0.775254513787087,-0.775258099758674
2020-12-26 18:00:00,1396.75,-30.6448168659813,-0.80354844804972,-0.803552030478759
2020-12-26 19:00:00,1396.79166666667,-30.3187071065298,-0.751277338886478,-0.751280917771913
2020-12-26 20:00:00,1396.83333333333,-30.5046828212687,-0.780582224376487,-0.780585799717269
2020-12-26 21:00:00,1396.875,-30.455234621229,-0.772384324842171,-0.772387896637256
2020-12-26 22:00:00,1396.91666666667,-29.620466551487,-0.639084821866236,-0.639088390114575
2020-12-26 23:00:00,1396.95833333333,-29.2365873013011,-0.577612643221727,-0.577616207922278
2020-12-27,1397,-28.810576183829,-0.509429241339973,-0.509432802491695
2020-12-27 01:00:00,1397.04166666667,-28.1973624492565,-0.411424742270058,-0.411428299871911
2020-12-27 02:00:00,1397.08333333333,-27.1795724604089,-0.24897137043579,-0.248974924486735
2020-12-27 03:00:00,1397.125,-27.4343884648699,-0.289245456575633,-0.289249007074638
2020-12-27 04:00:00,1397.16666666667,-27.9319869554935,-0.368195380239877,-0.368198927185907
2020-12-27 05:00:00,1397.20833333333,-27.401525997026,-0.283375113146304,-0.283378656538326
2020-12-27 06:00:00,1397.25,-27.6386964495345,-0.320839492689062,-0.320843032526049
2020-12-27 07:00:00,1397.29166666667,-27.403321539777,-0.283027472807678,-0.283031009088602
2020-12-27 11:00:00,1397.45833333333,-26.7605120372913,-0.17936509344,-0.179368615486432
2020-12-27 12:00:00,1397.5,-26.6811279940631,-0.166404604857956,-0.166408123343217
2020-12-27 13:00:00,1397.54166666667,-26.6121874085343,-0.155108181992696,-0.155111696915769
2020-12-27 14:00:00,1397.58333333333,-27.4865343124304,-0.294078545880972,-0.294082057240845
2020-12-27 15:00:00,1397.625,-27.6496845831169,-0.319755193633173,-0.319758701428835
2020-12-27 16:30:00,1397.6875,-28.3215966211896,-0.426322080927724,-0.426325583375175
2020-12-27 17:30:00,1397.72916666667,-29.2935371375465,-0.580840632899141,-0.580844131779859
2020-12-27 18:30:00,1397.77083333333,-29.5210483433085,-0.616771480039781,-0.616774975352761
2020-12-27 19:30:00,1397.8125,-29.1806096894052,-0.562227925156923,-0.562231416901164
2020-12-27 20:30:00,1397.85416666667,-27.5368308717472,-0.300061767449851,-0.300065255624349
2020-12-27 21:30:00,1397.89583333333,-26.9387583817844,-0.204477791823509,-0.204481276427268
2020-12-27 22:30:00,1397.9375,-26.7143810369888,-0.168424136832898,-0.168427617864922
2020-12-27 23:30:00,1397.97916666667,-26.4023512639405,-0.118407804506617,-0.118411281965909
2020-12-28 00:30:00,1398.02083333333,-26.9164962973978,-0.200002126532665,-0.200005600418233
2020-12-28 01:30:00,1398.0625,-26.788875485316,-0.179363108190402,-0.179366578501256
2020-12-28 02:30:00,1398.10416666667,-26.9524312366171,-0.205109142071619,-0.205112608806769
2020-12-28 03:30:00,1398.14583333333,-27.2336852746741,-0.249605014898102,-0.249608478056563
2020-12-28 04:30:00,1398.1875,-26.7381936996276,-0.170365174399523,-0.170368633980309
2020-12-28 05:30:00,1398.22916666667,-26.6056487306691,-0.148943405688919,-0.148946861691046
2020-12-28 06:30:00,1398.27083333333,-26.6276635379182,-0.152143538008084,-0.152146990430573
2020-12-28 07:30:00,1398.3125,-26.431282530855,-0.12055347942579,-0.120556928267662
2020-12-28 08:30:00,1398.35416666667,-26.1325605098696,-0.0726608427354766,-0.0726642879957539
2020-12-28 12:30:00,1398.52083333333,-23.3583265124304,0.370496448092458,0.370493017168287
2020-12-28 13:30:00,1398.5625,-22.0084805419295,0.585831786018318,0.585828358680593
2020-12-28 14:30:00,1398.60416666667,-21.2619053387755,0.705065240119192,0.705061816368882
2020-12-28 16:00:00,1398.66666666667,-19.8407602457249,0.931909118230976,0.931905699863592
2020-12-28 17:00:00,1398.70833333333,-19.2555817964684,1.02543090471488,1.02542748993731
2020-12-28 18:00:00,1398.75,-18.8590891884758,1.08889448182276,1.08889107063596
2020-12-28 19:00:00,1398.79166666667,-18.6051766052045,1.12964453892277,1.12964113132771
2020-12-28 20:00:00,1398.83333333333,-18.5834479479554,1.133407110351,1.13340370634862
2020-12-28 21:00:00,1398.875,-18.6346523700743,1.12555096962774,1.125547569219
2020-12-28 22:00:00,1398.91666666667,-19.1391876979554,1.04547847101722,1.04547507420306
2020-12-28 23:00:00,1398.95833333333,-19.2285911096654,1.03153636251364,1.03153296929501
2020-12-29,1399,-19.6269702855019,0.968373773035639,0.968370383413497
2020-12-29 01:00:00,1399.04166666667,-19.9171171263941,0.922452250753685,0.922448864728969
2020-12-29 02:00:00,1399.08333333333,-19.958470302974,0.916163315729612,0.916159933303262
2020-12-29 03:00:00,1399.125,-22.9321896118959,0.442745938907424,0.442742560080379
2020-12-29 04:00:00,1399.16666666667,-24.4103048475836,0.207578938164472,0.207575562937671
2020-12-29 05:00:00,1399.20833333333,-27.2603494587361,-0.246137814204361,-0.246141185829982
2020-12-29 06:00:00,1399.25,-28.4375092791822,-0.433363245818745,-0.433366613842252
2020-12-29 07:00:00,1399.29166666667,-28.6748550150558,-0.470876044179416,-0.470879408599877
2020-12-29 08:00:00,1399.33333333333,-28.8786431654275,-0.503043517362406,-0.503046878178892
2020-12-29 09:00:00,1399.375,-28.8843662046468,-0.503659499124238,-0.50366285633582
2020-12-29 10:00:00,1399.41666666667,-28.8127254406308,-0.491951794222359,-0.491955147828111
2020-12-29 14:00:00,1399.58333333333,-31.1078589784787,-0.856391314729285,-0.856394653902498
2020-12-29 15:30:00,1399.64583333333,-33.2083154573284,-1.19055594355799,-1.19055927731522
2020-12-29 16:30:00,1399.6875,-34.5045733267161,-1.39675821825361,-1.39676154839904
2020-12-29 17:30:00,1399.72916666667,-35.2593469625232,-1.51670209119533,-1.51670541772805
2020-12-29 18:30:00,1399.77083333333,-35.1553692636364,-1.49984668660259,-1.49985000952168
2020-12-29 19:30:00,1399.8125,-35.5698589814471,-1.56558393589897,-1.56558725520354
2020-12-29 20:30:00,1399.85416666667,-35.7637677050186,-1.5961828992385,-1.59618621492764
2020-12-29 21:30:00,1399.89583333333,-35.6514108355019,-1.5779939589424,-1.5779972710152
2020-12-29 22:30:00,1399.9375,-34.3248388348148,-1.36638010491107,-1.36638341336664
2020-12-29 23:30:00,1399.97916666667,-34.8178036655556,-1.44462019289157,-1.44462349772901
2020-12-30 00:30:00,1400.02083333333,-34.0295984124535,-1.31876939562644,-1.31877269684484
2020-12-30 01:30:00,1400.0625,-32.6067500385185,-1.09181992048744,-1.09182321808591
2020-12-30 02:30:00,1400.10416666667,-32.4412019087037,-1.06515969766564,-1.06516299164329
2020-12-30 03:30:00,1400.14583333333,-32.0991815827778,-1.01038775298858,-1.01039104334452
2020-12-30 04:30:00,1400.1875,-31.9618258553704,-0.988219450353307,-0.988222737086653
2020-12-30 05:30:00,1400.22916666667,-31.169159292037,-0.861660088651168,-0.861663371761029
2020-12-30 06:30:00,1400.27083333333,-31.6566679109462,-0.939033973845691,-0.939037253331181
2020-12-30 07:30:00,1400.3125,-31.4418222112963,-0.90452273986606,-0.904526015726295
2020-12-30 08:30:00,1400.35416666667,-31.4195388409259,-0.900687248378124,-0.900690520612225
2020-12-30 09:30:00,1400.39583333333,-31.7172834685824,-0.947832871648384,-0.947836140255472
2020-12-30 10:30:00,1400.4375,-31.9213481161111,-0.980055633262191,-0.980058898241387
2020-12-30 11:30:00,1400.47916666667,-31.1954518235185,-0.864135378821983,-0.864138640172414
2020-12-30 15:30:00,1400.64583333333,-31.4800073274074,-0.908331714356734,-0.908334961183394
2020-12-30 16:30:00,1400.6875,-30.9314146821429,-0.820658191166371,-0.82066143435992
2020-12-30 17:30:00,1400.72916666667,-31.2966122,-0.878552521107444,-0.87855576066702
2020-12-30 18:30:00,1400.77083333333,-31.798024144052,-0.958146333766879,-0.958149569691622
2020-12-30 19:30:00,1400.8125,-30.3347921883117,-0.724771396659953,-0.724774628949003
2020-12-30 20:30:00,1400.85416666667,-26.5509740181818,-0.121725844854654,-0.121729073507154
2020-12-30 21:30:00,1400.89583333333,-24.9773098241187,0.129240171442771,0.129236946427675
2020-12-30 22:30:00,1400.9375,-24.0734638474954,0.273503239180898,0.27350001780406
2020-12-30 23:30:00,1400.97916666667,-22.8551981044444,0.467853172394956,0.467849954657226
2020-12-31 00:30:00,1401.02083333333,-21.577454405959,0.671677558265941,0.671674344168168
2020-12-31 01:30:00,1401.0625,-21.062319679368,0.75401736165402,0.754014151197051
2020-12-31 02:30:00,1401.10416666667,-21.2453302465677,0.725141692404873,0.725138485589552
2020-12-31 03:30:00,1401.14583333333,-20.8763525893657,0.78419771318478,0.78419451001195
2020-12-31 04:30:00,1401.1875,-19.3191574131481,1.03253720514075,1.03253400561125
2020-12-31 05:30:00,1401.22916666667,-19.1331725176856,1.0624414906286,1.06243829474328
2020-12-31 06:30:00,1401.27083333333,-19.7831129687037,0.95918184205757,0.959178649817251
2020-12-31 07:30:00,1401.3125,-18.6775073792593,1.13558150312341,1.13557831452893
2020-12-31 08:30:00,1401.35416666667,-18.0754285868275,1.23176855631364,1.23176537136584
2020-12-31 09:30:00,1401.39583333333,-18.4384692724395,1.17421095753894,1.17420777623865
2020-12-31 10:30:00,1401.4375,-18.5783611205556,1.152200698475,1.15219752082305
2020-12-31 11:30:00,1401.47916666667,-18.6187129866667,1.14604679996892,1.14604362596612
2020-12-31 12:30:00,1401.52083333333,-18.6607296262963,1.13962727200305,1.13962410165024
2020-12-31 13:30:00,1401.5625,-18.5512928647399,1.15733394908767,1.15733078238567
2020-12-31 17:00:00,1401.70833333333,-21.9319201929499,0.619750841355632,0.619747687437911
2020-12-31 18:00:00,1401.75,-22.8686604781076,0.470798830606824,0.47079568034359
2020-12-31 19:00:00,1401.79166666667,-23.9840073851577,0.293394226599252,0.293391079991315
2020-12-31 20:00:00,1401.83333333333,-23.7096189907063,0.337375018347066,0.337371875395236
2020-12-31 21:00:00,1401.875,-22.1739665912801,0.582275636367764,0.582272497072851
2020-12-31 22:00:00,1401.91666666667,-22.4455512163873,0.539281673733631,0.539278538096439
2020-12-31 23:00:00,1401.95833333333,-22.3701450304833,0.551563163946371,0.551560031967702
2021-01-01,1402,-23.3712258940741,0.392359066454619,0.392355938135277
2021-01-01 01:00:00,1402.04166666667,-23.0859499746296,0.438072092159872,0.438068967500655
2021-01-01 02:00:00,1402.08333333333,-23.4986758964815,0.37259249402141,0.372589373023117
2021-01-01 03:00:00,1402.125,-23.3312129446296,0.399536966212268,0.399533848875694
2021-01-01 04:00:00,1402.16666666667,-23.6570704140741,0.347894710758816,0.347891597084754
2021-01-01 05:00:00,1402.20833333333,-23.6371426122222,0.351335863989401,0.351332753978642
2021-01-01 06:00:00,1402.25,-23.918049982037,0.306853327120439,0.306850220773774
2021-01-01 07:00:00,1402.29166666667,-24.3751573987037,0.234301564464234,0.23429846178245
2021-01-01 08:00:00,1402.33333333333,-24.4365092496296,0.22479351369705,0.224790414680932
2021-01-01 09:00:00,1402.375,-25.070644502037,0.12404022507454,0.124037129724873
2021-01-01 10:00:00,1402.41666666667,-25.1278703762963,0.115188579840478,0.115185488158042
2021-01-01 11:00:00,1402.45833333333,-25.5429481753704,0.0493304343053477,0.0493273462909217
2021-01-01 12:00:00,1402.5,-25.7126685335185,0.0225574713571793,0.0225543870115424
2021-01-01 13:00:00,1402.54166666667,-26.3449146372913,-0.077896606618742,-0.0778996872948157
2021-01-01 14:30:00,1402.60416666667,-26.9035799340149,-0.166498432955494,-0.166501508125774
2021-01-01 18:00:00,1402.75,-26.6460101383838,-0.124551947341175,-0.12455500965787
2021-01-01 18:30:00,1402.77083333333,-26.8400704604545,-0.15533555306211,-0.155338613541813
2021-01-01 19:00:00,1402.79166666667,-26.2020403777778,-0.0535666712087557,-0.0535697298512768
2021-01-01 19:30:00,1402.8125,-26.1642909377273,-0.0474230332344308,-0.0474260900395785
2021-01-01 20:00:00,1402.83333333333,-26.8980505232323,-0.164181442918332,-0.164184497885919
2021-01-01 20:30:00,1402.85416666667,-26.7445840979545,-0.139604223635953,-0.139607276765787
2021-01-01 21:00:00,1402.875,-25.3440908787879,0.0836251464628669,0.0836220951709755
2021-01-01 21:30:00,1402.89583333333,-24.925149925,0.150492430650194,0.150489381196434
2021-01-01 22:00:00,1402.91666666667,-24.6332424636364,0.197123080090692,0.197120032475252
2021-01-01 22:30:00,1402.9375,-24.2176082104784,0.26346338724013,0.263460341463201
2021-01-01 23:00:00,1402.95833333333,-24.2346465020202,0.260878540168605,0.260875496230371
2021-01-01 23:30:00,1402.97916666667,-24.2320815918367,0.261416388466888,0.26141334636754
2021-01-03,1404,-22.8354402228261,0.490102447172334,0.490099495403832
2021-01-03 00:30:00,1404.02083333333,-23.0553515245734,0.45519422140872,0.455191271488197
2021-01-03 01:00:00,1404.04166666667,-23.1124735069388,0.446218341053152,0.446215392980785
2021-01-03 01:30:00,1404.0625,-23.0954914320819,0.449047180452135,0.449044234228099
2021-01-03 02:00:00,1404.08333333333,-23.157567244898,0.439281932316621,0.439278987941089
2021-01-03 02:30:00,1404.10416666667,-23.4391223904762,0.394553360081221,0.394550417554371
2021-01-03 03:00:00,1404.125,-23.4448251711382,0.39376815714036,0.393765216462364
2021-01-03 03:30:00,1404.14583333333,-23.9714709511945,0.309996252543833,0.309993313714865
2021-01-03 04:00:00,1404.16666666667,-23.831264200813,0.332454322991428,0.332451386011663
2021-01-03 04:30:00,1404.1875,-24.8071088319728,0.177124501203998,0.17712156607361
2021-01-03 05:00:00,1404.20833333333,-25.0450691223577,0.139340072576055,0.139337139295217
2021-01-03 05:30:00,1404.22916666667,-25.0241428744898,0.142796344852384,0.142793413421269
2021-01-03 06:00:00,1404.25,-24.9793496630081,0.150054531829349,0.150051602248129
2021-01-03 06:30:00,1404.27083333333,-25.2601667044218,0.105442663160626,0.105439735429475
2021-01-03 07:00:00,1404.29166666667,-25.1068333650407,0.129991150711681,0.12998822483077
2021-01-03 07:30:00,1404.3125,-25.1897808261538,0.11689982818908,0.116896904158584
2021-01-03 08:00:00,1404.33333333333,-25.1828857016327,0.118120384039216,0.118117461859304
2021-01-03 08:30:00,1404.35416666667,-25.6997754564626,0.035901524568575,0.0358986042394199
2021-01-03 09:00:00,1404.375,-25.7260406719512,0.0318393950686054,0.0318364765903782
2021-01-03 09:30:00,1404.39583333333,-26.0307890663265,-0.016585413603853,-0.0165883302309811
2021-01-03 10:00:00,1404.41666666667,-26.0150000134146,-0.0139484876473847,-0.013951402423243
2021-01-03 10:30:00,1404.4375,-26.2302788894558,-0.0481209576966971,-0.0481238706211136
2021-01-03 11:00:00,1404.45833333333,-26.2831016052846,-0.0564141551461338,-0.0564170662189393
2021-01-03 11:30:00,1404.47916666667,-26.8471808505119,-0.146150992909638,-0.146153902130662
2021-01-03 12:00:00,1404.5,-26.9227551065306,-0.158068746646818,-0.158071654015892
2021-01-03 13:00:00,1404.54166666667,-26.3706666860841,-0.0698784378356425,-0.0698813415003054
2021-01-03 13:30:00,1404.5625,-26.3136096280702,-0.0606682580994383,-0.060671159911641
2021-01-03 14:00:00,1404.58333333333,-26.1493398048544,-0.0343791181593551,-0.0343820181189298
2021-01-03 14:30:00,1404.60416666667,-26.031693029386,-0.0155171729666477,-0.0155200710734258
2021-01-03 15:00:00,1404.625,-26.2570097300971,-0.0512896645545793,-0.0512925608083913
2021-01-03 15:30:00,1404.64583333333,-26.1883799620087,-0.0402363835597499,-0.0402392779604299
2021-01-03 16:00:00,1404.66666666667,-26.2916246278317,-0.0565629326807773,-0.0565658252281563
2021-01-03 16:30:00,1404.6875,-26.2769824790393,-0.0541101379758626,-0.054113028669772
2021-01-03 17:00:00,1404.70833333333,-25.856577937013,0.012980785932958,0.0129778970926845
2021-01-03 17:30:00,1404.72916666667,-25.7159956611354,0.0354957128634231,0.0354928258769527
2021-01-03 21:00:00,1404.875,-24.7095951619238,0.196653439271746,0.196650565266556
2021-01-03 21:30:00,1404.89583333333,-24.62350005,0.210487641362738,0.210484769212678
2021-01-03 22:00:00,1404.91666666667,-24.9365330725451,0.160740336256543,0.160737465961778
2021-01-03 22:30:00,1404.9375,-24.8743500275,0.170765108681764,0.170762240242461
2021-01-03 23:00:00,1404.95833333333,-24.8667815408818,0.172089632736402,0.172086766152723
2021-01-03 23:30:00,1404.97916666667,-24.8280250575,0.17838231676265,0.17837945203476
2021-01-04,1405,-24.8780100168337,0.170538315333175,0.170535452461238
2021-01-04 00:30:00,1405.02083333333,-24.9682250025,0.156285531729447,0.156282670713625
2021-01-04 01:00:00,1405.04166666667,-25.0884136718876,0.137257808643582,0.137254949484039
2021-01-04 01:30:00,1405.0625,-25.0900750625,0.13711145550667,0.13710859820357
2021-01-04 02:00:00,1405.08333333333,-25.0187875458918,0.148585805144059,0.148582949697564
2021-01-04 02:30:00,1405.10416666667,-24.8822500725,0.170454409234241,0.170451555644514
2021-01-04 03:00:00,1405.125,-24.7874728716298,0.185670461762897,0.185667610030101
2021-01-04 03:30:00,1405.14583333333,-24.8136584536585,0.181616946212737,0.181614096337032
2021-01-04 04:00:00,1405.16666666667,-24.9167028038153,0.165319663638935,0.165316815620485
2021-01-04 04:30:00,1405.1875,-25.0379024121951,0.146130125104492,0.146127278943457
2021-01-04 05:00:00,1405.20833333333,-24.9606453302605,0.158554768789922,0.158551924486463
2021-01-04 05:30:00,1405.22916666667,-25.0497805487805,0.144472889725103,0.144470047279382
2021-01-04 06:00:00,1405.25,-25.148647296994,0.128840660628904,0.128837820041082
2021-01-04 06:30:00,1405.27083333333,-25.3559513170732,0.0959341862219414,0.0959313474921774
2021-01-04 07:00:00,1405.29166666667,-25.2874669498998,0.106960888559141,0.106958051687597
2021-01-04 07:30:00,1405.3125,-25.3109025195122,0.103344568837248,0.103341733824084
2021-01-04 08:00:00,1405.33333333333,-25.6244108252505,0.0535193445039873,0.0535165113493616
2021-01-04 08:30:00,1405.35416666667,-25.7054389902439,0.0407282622526298,0.0407254309567026
2021-01-04 09:00:00,1405.375,-25.9380543404427,0.00378912258505271,0.0037862931479844
2021-01-04 09:30:00,1405.39583333333,-25.8573414878049,0.0167632790356752,0.0167604514576224
2021-01-04 10:00:00,1405.41666666667,-26.1399236991968,-0.0281358383455317,-0.028138664064408
2021-01-04 10:30:00,1405.4375,-26.196585395122,-0.0370457666990522,-0.0370485905585947
2021-01-04 11:00:00,1405.45833333333,-26.469248488978,-0.0803649826468287,-0.0803678046468788
2021-01-04 11:30:00,1405.47916666667,-26.6152438682927,-0.103506051711368,-0.103508871851768
2021-01-04 13:00:00,1405.54166666667,-26.9686790181818,-0.159460889604512,-0.159463704165014
2021-01-04 14:00:00,1405.58333333333,-26.0261428758813,-0.00908300563259667,-0.00908581647238327
2021-01-04 15:00:00,1405.625,-25.8237718887218,0.0233855975919514,0.0233827904735078
2021-01-04 15:30:00,1405.64583333333,-25.7907071228571,0.0287680525864603,0.0287652473289207
2021-01-04 16:00:00,1405.66666666667,-25.6279774427136,0.0548061103908264,0.0548033069943484
2021-01-04 16:30:00,1405.6875,-25.6339285542857,0.0539730868238394,0.0539702852885778
2021-01-04 17:00:00,1405.70833333333,-25.9969622992462,-0.00374356614196725,-0.00374636581585741
2021-01-04 17:30:00,1405.72916666667,-25.9708642414286,0.000528644414040103,0.000525846601676316
2021-01-04 18:00:00,1405.75,-26.7154321605528,-0.117966896638026,-0.117969692588708
2021-01-04 18:30:00,1405.77083333333,-26.6722428442857,-0.110972257919779,-0.110975052008627
2021-01-04 19:00:00,1405.79166666667,-26.2786741992481,-0.0481620525262075,-0.0481648447530638
2021-01-04 19:30:00,1405.8125,-26.3684000633333,-0.0623411186019981,-0.0623439089667107
2021-01-04 22:30:00,1405.9375,-27.3363710625232,-0.215855948918735,-0.215858728107366
2021-01-04 23:30:00,1405.97916666667,-27.7169869996283,-0.276261346211933,-0.276264121673983
2021-01-05 00:30:00,1406.02083333333,-27.5166883460111,-0.244127077791303,-0.244129849526166
2021-01-05 01:30:00,1406.0625,-27.3305083500928,-0.214242365464517,-0.214245133471588
2021-01-05 02:30:00,1406.10416666667,-27.3597384170686,-0.218673074040412,-0.218675838319088
2021-01-05 03:30:00,1406.14583333333,-27.6665999978022,-0.267331125221491,-0.267333885771171
2021-01-05 04:30:00,1406.1875,-27.3915557432271,-0.223291605180911,-0.223294362000998
2021-01-05 05:30:00,1406.22916666667,-27.4131296703704,-0.226504017750402,-0.226506770840299
2021-01-05 06:30:00,1406.27083333333,-27.437770382963,-0.230205415843877,-0.230208165202988
2021-01-05 07:30:00,1406.3125,-27.4516074003704,-0.232186222098974,-0.232188967726708
2021-01-05 08:30:00,1406.35416666667,-27.6330944603704,-0.260874244583492,-0.260876986479259
2021-01-05 09:30:00,1406.39583333333,-27.7133929573557,-0.27344330142315,-0.27344603958636
2021-01-05 10:30:00,1406.4375,-27.6825536485185,-0.268308471242859,-0.268311205672927
2021-01-05 12:00:00,1406.5,-27.6182824931227,-0.257737705269371,-0.257740434098629
2021-01-05 13:00:00,1406.54166666667,-27.6961305927239,-0.269917969590402,-0.269920694685061
2021-01-05 14:00:00,1406.58333333333,-27.1668082175047,-0.185375988646615,-0.185378710006096
2021-01-05 15:00:00,1406.625,-26.7273872363273,-0.115155809396914,-0.115158527020638
2021-01-05 16:00:00,1406.66666666667,-26.1324070730483,-0.0201553867653546,-0.0201581006527471
2021-01-05 17:00:00,1406.70833333333,-25.5677368842105,0.0700161896737852,0.0700134795232973
2021-01-05 18:00:00,1406.75,-25.0896934394472,0.146387618160929,0.146384911747918
2021-01-05 18:30:00,1406.77083333333,-25.0355928757143,0.155115092506104,0.155112387962044
2021-01-05 19:00:00,1406.79166666667,-24.5411178177945,0.233994427001161,0.233991724326195
2021-01-05 19:30:00,1406.8125,-24.4169571607143,0.253882301326104,0.253879600520373
2021-01-05 20:00:00,1406.83333333333,-24.5191554451128,0.237710923015516,0.237708224079161
2021-01-05 20:30:00,1406.85416666667,-24.5034713742857,0.240318176619523,0.240315479552686
2021-01-06,1407,-24.7677050148423,0.198983834712331,0.198981150736057
2021-01-06 01:00:00,1407.04166666667,-24.7545733048237,0.201291368480856,0.201288688246
2021-01-06 02:00:00,1407.08333333333,-24.8331391827458,0.188990964355013,0.188988287862128
2021-01-06 03:00:00,1407.125,-25.0545074763941,0.153941586638153,0.153938913887794
2021-01-06 04:00:00,1407.16666666667,-25.1488385903525,0.139128875600651,0.139126206593369
2021-01-06 05:00:00,1407.20833333333,-26.2396456480519,-0.0344236123062098,-0.0344262775698672
2021-01-06 06:00:00,1407.25,-26.8964666692593,-0.138842261515178,-0.138844923034662
2021-01-06 07:00:00,1407.29166666667,-27.3748552953618,-0.214836949830411,-0.214839607605179
2021-01-06 08:00:00,1407.33333333333,-27.7361277783333,-0.272175400117889,-0.272178054147397
2021-01-06 09:00:00,1407.375,-27.9020390057514,-0.298393110162707,-0.298395760446413
2021-01-06 10:00:00,1407.41666666667,-28.1949722175926,-0.344845960580878,-0.344848607118246
2021-01-06 11:30:00,1407.47916666667,-28.6912788574349,-0.423591372900282,-0.423594013817135
2021-01-06 12:30:00,1407.52083333333,-28.7099253386194,-0.426351270298504,-0.426353907467679
2021-01-06 13:30:00,1407.5625,-28.5783128499069,-0.405175254277174,-0.405177887698139
2021-01-06 14:30:00,1407.60416666667,-28.4477183044776,-0.384161845317936,-0.384164474990163
2021-01-06 15:30:00,1407.64583333333,-28.4190708951493,-0.379389136069377,-0.379391761992339
2021-01-06 16:30:00,1407.6875,-28.3483624299257,-0.367916518743646,-0.367919140916815
2021-01-06 17:30:00,1407.72916666667,-28.3730167347584,-0.371635707126594,-0.371638325549448
2021-01-06 18:30:00,1407.77083333333,-28.362791460149,-0.369799001977121,-0.369801616649138
2021-01-06 19:30:00,1407.8125,-28.4348994566108,-0.381078494250233,-0.381081105170894
2021-01-06 20:30:00,1407.85416666667,-28.2741096349442,-0.355257646274739,-0.355260253443525
2021-01-06 21:30:00,1407.89583333333,-28.4585493070763,-0.384432552083602,-0.384435155499999
2021-01-07 01:30:00,1408.0625,-29.250897951577,-0.509832883599028,-0.509835472000754
2021-01-07 02:30:00,1408.10416666667,-29.734509329368,-0.586668301078933,-0.586670885725723
2021-01-07 03:30:00,1408.14583333333,-30.1639313204082,-0.654871759873604,-0.654874340764956
2021-01-07 04:30:00,1408.1875,-30.2496159523191,-0.668318061173026,-0.668320638308436
2021-01-07 05:30:00,1408.22916666667,-30.6796048478664,-0.736612727271027,-0.736615300649998
2021-01-07 06:30:00,1408.27083333333,-30.7649107877323,-0.749999601875556,-0.750002171497591
2021-01-07 07:30:00,1408.3125,-30.8928055316667,-0.770171353167668,-0.77017391903227
2021-01-07 08:30:00,1408.35416666667,-30.9593703290741,-0.780573650019436,-0.780576212126113
2021-01-07 09:30:00,1408.39583333333,-31.1076611490741,-0.803995410644491,-0.803997968992753
2021-01-07 11:00:00,1408.45833333333,-31.6841691061338,-0.895532774649309,-0.895535327359029
2021-01-07 12:00:00,1408.5,-31.7450928957249,-0.905038030276726,-0.90504057922681
2021-01-07 13:00:00,1408.54166666667,-31.9030222799257,-0.929996796778462,-0.929999341968429
2021-01-07 14:00:00,1408.58333333333,-31.991236473743,-0.943850334066663,-0.943852875496028
2021-01-07 16:00:00,1408.66666666667,-32.4544340534323,-1.01724129757567,-1.01724383148239
2021-01-07 17:00:00,1408.70833333333,-32.0881113981447,-0.958688141896743,-0.958690672041433
2021-01-07 18:00:00,1408.75,-31.892907212987,-0.927394731633494,-0.927397258015676
2021-01-07 19:00:00,1408.79166666667,-31.3477624653061,-0.840355990630214,-0.840358513249416
2021-01-07 20:00:00,1408.83333333333,-30.5328033270872,-0.710336075444193,-0.710338594299944
2021-01-07 21:00:00,1408.875,-30.5429554554731,-0.711757425806237,-0.71175994089807
2021-01-07 22:00:00,1408.91666666667,-31.1471991718615,-0.807818441925933,-0.807820953253384
2021-01-07 23:00:00,1408.95833333333,-31.2417480996296,-0.822685165328151,-0.822687672890754
2021-01-08 03:00:00,1409.125,-31.3976029269017,-0.846737512694566,-0.846740005193182
2021-01-08 04:00:00,1409.16666666667,-31.2815732929499,-0.828061178946899,-0.828063667678381
2021-01-08 07:00:00,1409.29166666667,-31.4197625237477,-0.849499343770854,-0.849501821198229
2021-01-08 08:00:00,1409.33333333333,-31.6458033437848,-0.885316886142472,-0.885319359800918
2021-01-08 09:00:00,1409.375,-31.9614990575139,-0.93541696948073,-0.935419439369803
2021-01-08 10:30:00,1409.4375,-31.7611324169776,-0.903213564608551,-0.903216028842738
2021-01-08 11:30:00,1409.47916666667,-32.0524589490672,-0.94943275115636,-0.949435211620076
2021-01-08 12:30:00,1409.52083333333,-31.8798843460821,-0.921752608051084,-0.921755064743891
2021-01-08 13:30:00,1409.5625,-32.0693059535448,-0.951739172727653,-0.951741625649117
2021-01-08 14:30:00,1409.60416666667,-32.2180913983209,-0.975252820516324,-0.975255269666013
2021-01-08 15:30:00,1409.64583333333,-32.441867371215,-1.0107129659869,-1.01071541136439
2021-01-08 16:30:00,1409.6875,-32.4518878157009,-1.01212215608939,-1.01212459769424
2021-01-08 17:30:00,1409.72916666667,-31.8468654011215,-0.915555032381148,-0.915557470212939
2021-01-08 18:30:00,1409.77083333333,-31.6086548856343,-0.877421759577848,-0.877424193636156
2021-01-08 19:30:00,1409.8125,-30.4793981274766,-0.697344636911191,-0.697347067195592
2021-01-08 20:30:00,1409.85416666667,-30.0232705593284,-0.624497928681322,-0.624500355191398
2021-01-08 21:30:00,1409.89583333333,-28.6367630785448,-0.403441489044569,-0.403443911779901
2021-01-08 22:30:00,1409.9375,-30.2198164930712,-0.65543867574701,-0.655441094707181
2021-01-08 23:30:00,1409.97916666667,-30.7351343130597,-0.737345272948661,-0.737347688133259
2021-01-09 00:30:00,1410.02083333333,-31.1483488845149,-0.802987203515098,-0.80298961492371
2021-01-09 04:30:00,1410.1875,-32.4287453197026,-1.00622602689004,-1.00622842319063
2021-01-09 05:30:00,1410.22916666667,-32.8127921556586,-1.06722378685556,-1.06722617937813
2021-01-09 06:30:00,1410.27083333333,-31.960128003154,-0.931213056971545,-0.931215445715704
2021-01-09 07:30:00,1410.3125,-31.9736641842301,-0.933189113698083,-0.93319149866343
2021-01-09 08:30:00,1410.35416666667,-32.2969515769517,-0.984509214357934,-0.984511595544073
2021-01-09 10:00:00,1410.41666666667,-32.4925464929368,-1.01539875872325,-1.01540113423984
2021-01-09 11:00:00,1410.45833333333,-32.2084022709497,-0.969955705900082,-0.969958077636481
2021-01-09 12:00:00,1410.5,-32.0690875705773,-0.947584554254833,-0.947586922210655
2021-01-09 13:00:00,1410.54166666667,-32.116208598324,-0.954913202307339,-0.954915566482198
2021-01-09 14:00:00,1410.58333333333,-31.8133717033457,-0.90649375825578,-0.90649611864929
2021-01-09 15:00:00,1410.625,-31.6689181866171,-0.883305354703232,-0.88330771131501
2021-01-09 16:00:00,1410.66666666667,-31.2784609927509,-0.820928844837212,-0.820931197666879
2021-01-09 17:00:00,1410.70833333333,-30.4955222801115,-0.696030203900746,-0.696032552947922
2021-01-09 18:00:00,1410.75,-29.454657355121,-0.530044188451911,-0.530046533716222
2021-01-09 19:00:00,1410.79166666667,-28.8173847667286,-0.428351176157586,-0.428353517638656
2021-01-09 20:00:00,1410.83333333333,-28.2417769776952,-0.3364818660797,-0.336484203777156
2021-01-09 21:00:00,1410.875,-27.8044331085502,-0.266638552946722,-0.266640886860195
2021-01-09 22:00:00,1410.91666666667,-28.3981487141264,-0.361044206735478,-0.361046536864599
2021-01-09 23:00:00,1410.95833333333,-28.1813327395911,-0.326332056476542,-0.326334382820944
2021-01-10,1411,-28.1362323570632,-0.318974778703126,-0.318977101262446
2021-01-10 01:00:00,1411.04166666667,-27.8389646828996,-0.271447527227536,-0.271449846001411
2021-01-10 02:00:00,1411.08333333333,-27.7076227410781,-0.250352819632195,-0.250355134620264
2021-01-10 06:00:00,1411.25,-29.3536809300557,-0.511888259025254,-0.511890558866542
2021-01-10 07:00:00,1411.29166666667,-29.434912832282,-0.524658998739119,-0.524661294792832
2021-01-10 08:00:00,1411.33333333333,-29.8443209584416,-0.589708902114947,-0.589711194380734
2021-01-10 09:30:00,1411.39583333333,-29.8706616901487,-0.593652200412012,-0.593654486995265
2021-01-10 10:30:00,1411.4375,-29.7223457189591,-0.569857398578853,-0.569859681373321
2021-01-10 11:30:00,1411.47916666667,-29.8958828671004,-0.59733448562829,-0.597336764633633
2021-01-10 12:30:00,1411.52083333333,-29.8398864108007,-0.588247162521608,-0.588249437737485
2021-01-10 13:30:00,1411.5625,-29.8934702438662,-0.596616514962697,-0.596618786388773
2021-01-10 14:30:00,1411.60416666667,-29.9291914466543,-0.602140794865627,-0.602143062501565
2021-01-10 15:30:00,1411.64583333333,-29.8991412626394,-0.597188103164861,-0.59719036701033
2021-01-10 16:30:00,1411.6875,-29.9646208163569,-0.607453824351558,-0.607456084406227
2021-01-10 17:30:00,1411.72916666667,-29.8395372263941,-0.587363158055894,-0.587365414319434
2021-01-10 18:30:00,1411.77083333333,-29.6810111656134,-0.561945539829689,-0.561947792301773
2021-01-10 19:30:00,1411.8125,-29.8716263975836,-0.592146836692713,-0.592149085373017
2021-01-10 20:30:00,1411.85416666667,-28.9051598637546,-0.43802463913642,-0.438026884024619
2021-01-10 21:30:00,1411.89583333333,-28.6642490907063,-0.399484450584689,-0.399486691680465
2021-01-10 22:30:00,1411.9375,-28.1607620741636,-0.319116136708709,-0.319118374011742
2021-01-10 23:30:00,1411.97916666667,-27.8715167637546,-0.272877137707509,-0.272879371217483
2021-01-11 00:30:00,1412.02083333333,-27.8995278418216,-0.277177766176845,-0.277179995893445
2021-01-11 01:30:00,1412.0625,-27.5689944150558,-0.224362456959782,-0.224364682882696
2021-01-11 02:30:00,1412.10416666667,-28.6052546280669,-0.389278809523105,-0.389281031652021
2021-01-11 03:30:00,1412.14583333333,-28.6689496985102,-0.399265298187104,-0.399267516521715
2021-01-11 07:00:00,1412.29166666667,-29.0382697089888,-0.457541214708146,-0.457543419760287
2021-01-11 07:30:00,1412.3125,-28.2696355475556,-0.335018127111608,-0.335020330265952
2021-01-11 08:30:00,1412.35416666667,-28.5568485484848,-0.380613474651297,-0.380615674009823
2021-01-11 09:00:00,1412.375,-28.3830023115473,-0.352840872545269,-0.352843070005775
2021-01-11 09:30:00,1412.39583333333,-28.5317273525253,-0.376454220236653,-0.376456415799065
2021-01-11 10:00:00,1412.41666666667,-28.2706081826879,-0.334779206987566,-0.33478140065181
2021-01-11 10:30:00,1412.4375,-28.4307474242424,-0.36021107444188,-0.360213266207883
2021-01-11 11:00:00,1412.45833333333,-28.0072938321184,-0.292676301190859,-0.292678491058548
2021-01-11 11:30:00,1412.47916666667,-28.606525249495,-0.38805609552886,-0.388058283498163
2021-01-11 12:00:00,1412.5,-28.1626970890661,-0.317275868501579,-0.317278054572422
2021-01-11 12:30:00,1412.52083333333,-28.5797475606061,-0.383634337513737,-0.383636521686048
2021-01-11 13:00:00,1412.54166666667,-28.31256848379,-0.340994665296226,-0.340996847569934
2021-01-11 13:30:00,1412.5625,-28.6321413424242,-0.391825110488414,-0.391827290863447
2021-01-11 14:00:00,1412.58333333333,-27.9486378366743,-0.282864888825772,-0.282867067302057
2021-01-11 14:30:00,1412.60416666667,-29.2249090777778,-0.486098299628215,-0.486100476205682
2021-01-11 15:00:00,1412.625,-29.2351092712984,-0.487645802622919,-0.487647977301496
2021-01-11 15:30:00,1412.64583333333,-28.8882828707071,-0.432318828872068,-0.432321001651684
2021-01-11 16:00:00,1412.66666666667,-28.6966332571754,-0.401711743033006,-0.401713913913592
2021-01-11 16:30:00,1412.6875,-29.0076363828283,-0.451177712599753,-0.451179881581238
2021-01-11 17:00:00,1412.70833333333,-28.809813214123,-0.419587404723444,-0.419589571805757
2021-01-11 20:30:00,1412.85416666667,-28.2656401371058,-0.332364911493888,-0.332367065280063
2021-01-11 21:30:00,1412.89583333333,-27.493721712616,-0.209245836825997,-0.20924798681266
2021-01-11 22:30:00,1412.9375,-27.7367235862709,-0.247804750765732,-0.247806896952613
2021-01-11 23:30:00,1412.97916666667,-27.3492857315399,-0.185934625369913,-0.185936767756743
2021-01-12 00:30:00,1413.02083333333,-27.0950899132959,-0.145290511596592,-0.145292650183106
2021-01-12 01:30:00,1413.0625,-26.7265511972067,-0.0864319525565549,-0.0864340873424881
2021-01-12 05:00:00,1413.20833333333,-26.7797994741855,-0.0943927915814053,-0.0943949130632568
2021-01-12 05:30:00,1413.22916666667,-26.5735683719424,-0.0614659685935818,-0.0614680881745935
2021-01-12 07:00:00,1413.29166666667,-26.4391747018587,-0.0398354685519579,-0.0398375824300699
2021-01-12 08:30:00,1413.35416666667,-26.0091492505597,0.0288883492242741,0.0288862410496254
2021-01-12 09:30:00,1413.39583333333,-26.0778525891791,0.0180902531738228,0.0180881488017931
2021-01-12 10:30:00,1413.4375,-26.04745525,0.0230785051604563,0.0230764045912913
2021-01-12 11:30:00,1413.47916666667,-26.2792929240672,-0.0137079286890147,-0.0137100254550705
2021-01-12 12:30:00,1413.52083333333,-26.4982865157303,-0.0484487519371612,-0.0484508448998668
2021-01-12 13:30:00,1413.5625,-26.1307102914019,0.0102509546936431,0.0102488655345273
2021-01-12 14:30:00,1413.60416666667,-25.9109496473881,0.0454030726968849,0.0454009873415973
2021-01-12 15:30:00,1413.64583333333,-26.1455709147388,0.00817136638636773,0.00816928483514334
2021-01-12 16:30:00,1413.6875,-25.9522182623134,0.0391157501315162,0.0391136723845883
2021-01-12 17:30:00,1413.72916666667,-26.2425270076577,-0.00698793369193251,-0.00699000763433133
2021-01-12 18:30:00,1413.77083333333,-26.6296044882463,-0.068507407538594,-0.0685094776762344
2021-01-12 22:00:00,1413.91666666667,-25.6376095228571,0.0900123241592163,0.0900102673400075
2021-01-12 23:00:00,1413.95833333333,-25.464827448423,0.117676800551292,0.117674747537849
2021-01-13,1414,-25.3473401736059,0.136532314105266,0.136530264897807
2021-01-13 01:00:00,1414.04166666667,-25.6391837211503,0.0901806733278133,0.0901786279265557
2021-01-13 02:00:00,1414.08333333333,-25.721382885316,0.0772250707492504,0.0772230291544079
2021-01-13 03:00:00,1414.125,-25.5350184327189,0.107051382280954,0.107049344492739
2021-01-13 04:00:00,1414.16666666667,-25.2888125818182,0.146410009295989,0.146407975314612
2021-01-13 05:00:00,1414.20833333333,-25.1355426044444,0.170963423144556,0.170961392970225
2021-01-13 06:00:00,1414.25,-25.2363481083333,0.155041969091589,0.15503994272451
2021-01-13 07:30:00,1414.3125,-25.3220630781076,0.141592048559651,0.141590027903834
2021-01-13 08:30:00,1414.35416666667,-25.487302422449,0.115405081943455,0.115403065095397
2021-01-13 09:30:00,1414.39583333333,-25.5859758486989,0.0998216512324611,0.0998196381923624
2021-01-13 10:30:00,1414.4375,-25.7258699126394,0.0776712809956382,0.0776692717636953
2021-01-13 11:30:00,1414.47916666667,-25.9210427126394,0.0467145060475878,0.0467125006239957
2021-01-13 12:30:00,1414.52083333333,-26.2287755018553,-0.00217361824229534,-0.00217561985734283
2021-01-13 13:30:00,1414.5625,-25.7780797428571,0.0697560044890765,0.0697540066827641
2021-01-13 14:30:00,1414.60416666667,-25.6620018345083,0.0883803017299154,0.0883783077325273
2021-01-13 15:30:00,1414.64583333333,-25.8977532441558,0.0509574743641422,0.050955484175866
2021-01-13 16:30:00,1414.6875,-26.3134026142857,-0.0151236895599363,-0.015125675938916
2021-01-13 17:30:00,1414.72916666667,-26.9102393567718,-0.110068594342966,-0.110070576912466
2021-01-13 18:30:00,1414.77083333333,-27.9000816246753,-0.267620023202933,-0.267622001962772
2021-01-13 19:30:00,1414.8125,-28.262641893321,-0.325245444416273,-0.325247419366273
2021-01-13 23:30:00,1414.97916666667,-26.3649313602968,-0.0224206780126268,-0.0224226377215169
2021-01-14 00:30:00,1415.02083333333,-25.8621187847866,0.0578060967610433,0.0578041408628575
2021-01-14 01:30:00,1415.0625,-25.8262021987013,0.0636555432727308,0.0636535911854164
2021-01-14 02:30:00,1415.10416666667,-25.8839721929499,0.0545801870250847,0.0545782387488071
2021-01-14 03:30:00,1415.14583333333,-25.3184860922078,0.144789508468027,0.144787564002949
2021-01-14 04:30:00,1415.1875,-24.9887416260223,0.197444555369256,0.197442614715538
2021-01-14 05:30:00,1415.22916666667,-25.0051948087199,0.194949605648467,0.194947668806267
2021-01-14 07:00:00,1415.29166666667,-24.8695714198516,0.216742719786958,0.21674078866233
2021-01-14 08:00:00,1415.33333333333,-24.6794619790352,0.247152183927336,0.247150256614615
2021-01-14 09:00:00,1415.375,-24.7213339371058,0.240606381465297,0.240604457964635
2021-01-14 10:00:00,1415.41666666667,-24.6460723638219,0.252719570206337,0.252717650517884
2021-01-14 11:00:00,1415.45833333333,-24.7142356612245,0.241984610443527,0.24198269456743
2021-01-14 12:00:00,1415.5,-24.7010482166976,0.244208417830725,0.24420650576713
2021-01-14 13:00:00,1415.54166666667,-24.9560742083488,0.203705168929444,0.203703260678495
2021-01-14 14:00:00,1415.58333333333,-26.1379109747681,0.0155598369976925,0.0155579325595311
2021-01-14 15:00:00,1415.625,-26.1346790189239,0.0161963350250952,0.0161944343998609
2021-01-14 16:00:00,1415.66666666667,-26.8924638333952,-0.104398146715183,-0.104400043527352
2021-01-14 17:00:00,1415.70833333333,-27.6126809168831,-0.219008526550051,-0.219010419549019
2021-01-14 18:00:00,1415.75,-28.3995658604824,-0.344239608690807,-0.344241497876442
2021-01-14 19:00:00,1415.79166666667,-31.3897513942486,-0.820458513960977,-0.820460399333146
2021-01-14 20:00:00,1415.83333333333,-31.4646928764045,-0.83227742321191,-0.832279304770484
2021-01-14 21:00:00,1415.875,-32.1899480194805,-0.947692228102244,-0.947694105847095
2021-01-15 01:00:00,1416.04166666667,-32.4429324303258,-0.987522043366016,-0.98752390585474
2021-01-15 01:30:00,1416.0625,-32.70884282,-1.02982343377822,-1.0298252943598
2021-01-15 03:30:00,1416.14583333333,-32.4406967411028,-0.986875435783215,-0.986877288735897
2021-01-15 04:00:00,1416.16666666667,-32.3610432431655,-0.974128833360243,-0.974130684405631
2021-01-15 04:30:00,1416.1875,-31.9574862511278,-0.909784289165037,-0.909786138303103
2021-01-15 05:00:00,1416.20833333333,-31.9441285235714,-0.907598882953651,-0.907600730184367
2021-01-15 06:00:00,1416.25,-31.0084221168342,-0.758425511322717,-0.758427354738653
2021-01-15 06:30:00,1416.27083333333,-30.9147205948529,-0.743441630221207,-0.743443471729713
2021-01-15 07:00:00,1416.29166666667,-30.4035037573935,-0.661947377342594,-0.661949216943643
2021-01-15 07:30:00,1416.3125,-30.1832992532847,-0.626811713475191,-0.626813551168757
2021-01-15 08:00:00,1416.33333333333,-29.3227293443609,-0.489665499362519,-0.489667335148574
2021-01-15 08:30:00,1416.35416666667,-29.2091460167883,-0.471514897826915,-0.471516731705435
2021-01-15 09:00:00,1416.375,-29.2460980032663,-0.47734479576327,-0.477346627734229
2021-01-15 09:30:00,1416.39583333333,-29.1323941883212,-0.459175233248988,-0.45917706331236
2021-01-15 10:00:00,1416.41666666667,-28.3354698497487,-0.332168269466849,-0.332170097622611
2021-01-15 10:30:00,1416.4375,-28.1512352014706,-0.302763327575216,-0.302765153823341
2021-01-15 11:00:00,1416.45833333333,-27.6873133005013,-0.22880412286014,-0.228805947200603
2021-01-15 11:30:00,1416.47916666667,-27.4430219394161,-0.189832336504683,-0.189834158937461
2021-01-15 12:00:00,1416.5,-26.4642256067669,-0.0338534997053866,-0.0338553202304556
2021-01-15 12:30:00,1416.52083333333,-26.3889631830882,-0.0218083767012822,-0.0218101953186179
2021-01-15 13:30:00,1416.5625,-26.3676745261905,-0.0183058974748704,-0.0183077122766695
2021-01-15 14:00:00,1416.58333333333,-25.9978245240601,0.0406668879904412,0.0406650750964459
2021-01-15 14:30:00,1416.60416666667,-25.8474963576642,0.0646695717020107,0.0646677607158415
2021-01-15 15:00:00,1416.625,-25.617336670603,0.10138935724881,0.10138754817049
2021-01-15 15:30:00,1416.64583333333,-25.5381167912409,0.114064207103298,0.114062399932848
2021-01-15 16:00:00,1416.66666666667,-25.546158298995,0.112838139162666,0.112836333900109
2021-01-15 16:30:00,1416.6875,-25.4797737233577,0.123468083015568,0.123466279660926
2021-01-15 17:00:00,1416.70833333333,-25.647613091206,0.0967858688083744,0.096784067361669
2021-01-15 17:30:00,1416.72916666667,-25.606540090511,0.103383427710946,0.103381628172198
2021-01-15 18:00:00,1416.75,-26.2871228160401,-0.00497940277558684,-0.00498120040635575
2021-01-15 18:30:00,1416.77083333333,-26.4292919722628,-0.0275726834191721,-0.0275744791419416
2021-01-15 19:00:00,1416.79166666667,-26.4853693788945,-0.0364516033421665,-0.0364533971569152
2021-01-15 19:30:00,1416.8125,-26.6798612664234,-0.0673801655032253,-0.0673819574099342
2021-01-15 20:00:00,1416.83333333333,-25.5541879741855,0.111994412353464,0.111992622354817
2021-01-15 20:30:00,1416.85416666667,-25.0902867705882,0.18594810704694,0.185946318956372
2021-01-15 21:00:00,1416.875,-24.2808696706767,0.314942614393959,0.314940828211491
2021-01-15 21:30:00,1416.89583333333,-24.3382043970803,0.305862819871364,0.305861035597015
2021-01-15 22:00:00,1416.91666666667,-23.7878821764411,0.393583094698845,0.393581312332635
2021-01-15 22:30:00,1416.9375,-24.0795588448529,0.347172228237887,0.347170447779834
2021-01-16 02:30:00,1417.10416666667,-23.0361858750929,0.51380557297707,0.513803807784921
2021-01-16 03:30:00,1417.14583333333,-22.3746796837989,0.61928863715865,0.619286875783147
2021-01-16 04:30:00,1417.1875,-21.2193209640074,0.803442295505595,0.803440537946803
2021-01-16 06:00:00,1417.25,-20.3805,0.93722248260529,0.93722073077168
2021-01-16 07:00:00,1417.29166666667,-20.3427504782123,0.943339030476339,0.943337282459591
2021-01-16 08:00:00,1417.33333333333,-20.118601513594,0.979148676070352,0.979146931870524
2021-01-16 09:00:00,1417.375,-21.5358717328996,0.753478605911112,0.753476865528258
2021-01-16 10:00:00,1417.41666666667,-22.1893104198885,0.649486977865149,0.649485241299323
2021-01-16 11:00:00,1417.45833333333,-22.5345724656134,0.594587642119076,0.594585909370328
2021-01-16 12:00:00,1417.5,-20.8911784685874,0.856482168169169,0.856480439237549
2021-01-16 13:00:00,1417.54166666667,-20.2384357823091,0.960564765501795,0.960563040387351
2021-01-16 14:00:00,1417.58333333333,-20.8654357631285,0.860782974410777,0.860781253113553
2021-01-16 15:00:00,1417.625,-20.3814331154275,0.937984228892953,0.937982511412992
2021-01-16 16:00:00,1417.66666666667,-19.6731806242086,1.05090817656207,1.05090646289941
2021-01-16 17:00:00,1417.70833333333,-20.6530092840149,0.8949191233615,0.894917413516186
2021-01-16 18:00:00,1417.75,-20.5989721416357,0.903625164024075,0.903623457996141
2021-01-16 19:00:00,1417.79166666667,-20.402749114684,0.93498105041842,0.934979348207902
2021-01-16 20:00:00,1417.83333333333,-20.6225743633829,0.900059681850052,0.900057983456982
2021-01-16 21:00:00,1417.875,-20.913208210223,0.853857985609055,0.853856291033465
2021-01-16 22:00:00,1417.91666666667,-21.1527784072626,0.815790297834481,0.8157886070764
2021-01-16 23:00:00,1417.95833333333,-21.8815074317844,0.69979879179634,0.699797104855794
2021-01-17,1418,-22.6520706083643,0.577142607904443,0.577140924781457
2021-01-17 03:30:00,1418.14583333333,-26.6278947473684,-0.0558799183877929,-0.0558815881491479
2021-01-17 04:00:00,1418.16666666667,-26.9947307803846,-0.114270613980282,-0.114272281832815
2021-01-17 05:00:00,1418.20833333333,-27.160793162069,-0.140631727666503,-0.140633391701381
2021-01-17 05:30:00,1418.22916666667,-27.3108703078585,-0.164492928475823,-0.164494590601867
2021-01-17 06:00:00,1418.25,-27.0285172206897,-0.119467801116994,-0.119469461334203
2021-01-17 06:30:00,1418.27083333333,-27.1204479420432,-0.13406646889155,-0.13406812719992
2021-01-17 07:00:00,1418.29166666667,-27.1494137206897,-0.138634893271211,-0.13863654967074
2021-01-17 07:30:00,1418.3125,-27.3341890104331,-0.168024001091744,-0.16802565558243
2021-01-17 08:00:00,1418.33333333333,-28.2648620551724,-0.31623527129643,-0.316236923878271
2021-01-17 08:30:00,1418.35416666667,-28.0568360007905,-0.28305107827416,-0.283052728947153
2021-01-17 09:00:00,1418.375,-28.0945172103448,-0.289008344979638,-0.289009993743783
2021-01-17 09:30:00,1418.39583333333,-27.994351104931,-0.273006552906397,-0.273008199761692
2021-01-17 10:00:00,1418.41666666667,-27.6577929758621,-0.219347459545131,-0.219349104491576
2021-01-17 10:30:00,1418.4375,-27.4901217923379,-0.192592294312504,-0.192593937350097
2021-01-17 11:00:00,1418.45833333333,-28.0377931241379,-0.279791819984025,-0.279793461112766
2021-01-17 11:30:00,1418.47916666667,-27.9363830618861,-0.263592332767738,-0.263593971987626
2021-01-17 12:00:00,1418.5,-28.8807587413793,-0.413987378574728,-0.413989015885765
2021-01-17 12:30:00,1418.52083333333,-28.5926719526523,-0.368050389499066,-0.36805202490125
2021-01-17 13:00:00,1418.54166666667,-29.0226896206897,-0.436508070595617,-0.43650970408895
2021-01-17 13:30:00,1418.5625,-28.7543536750491,-0.393717639030257,-0.39371927061474
2021-01-17 14:00:00,1418.58333333333,-28.4235001357143,-0.340968227168321,-0.340969856843953
2021-01-17 14:30:00,1418.60416666667,-28.1954833033399,-0.304600893273959,-0.304602521040743
2021-01-17 15:00:00,1418.625,-28.6198966586207,-0.372166271573782,-0.372167897431719
2021-01-17 15:30:00,1418.64583333333,-28.4323457585462,-0.342245423750023,-0.342247047699114
2021-01-17 16:00:00,1418.66666666667,-29.4328966586207,-0.501590158799472,-0.501591780839721
2021-01-17 16:30:00,1418.6875,-29.1314181199211,-0.453520790888891,-0.453522411020298
2021-01-17 17:00:00,1418.70833333333,-29.4918621344828,-0.51089627581935,-0.51089789404192
2021-01-17 17:30:00,1418.72916666667,-29.1583182383104,-0.457719107731655,-0.457720724045389
2021-01-17 18:00:00,1418.75,-29.5197929517241,-0.515259017919534,-0.515260632324435
2021-01-17 18:30:00,1418.77083333333,-28.972431113189,-0.428020733021388,-0.42802234551746
2021-01-17 19:00:00,1418.79166666667,-29.3563792758621,-0.489140913952012,-0.489142524539258
2021-01-17 19:30:00,1418.8125,-28.88160355286,-0.413465883356177,-0.413467492034601
2021-01-17 20:00:00,1418.83333333333,-28.9068622517241,-0.417446810616121,-0.417448417385727
2021-01-17 20:30:00,1418.85416666667,-28.50123573222,-0.352787531801356,-0.352789136662147
2021-01-17 21:00:00,1418.875,-28.4736786535714,-0.348355102220652,-0.348356705172634
2021-01-17 21:30:00,1418.89583333333,-28.0130019557087,-0.274926524924689,-0.274928125967867
2021-01-17 22:00:00,1418.91666666667,-28.060034462069,-0.282376503820282,-0.28237810295466
2021-01-17 22:30:00,1418.9375,-27.7641222656805,-0.235195263644515,-0.235196860870099
2021-01-17 23:00:00,1418.95833333333,-27.4707585655172,-0.188420117893042,-0.188421713209837
2021-01-17 23:30:00,1418.97916666667,-27.3909744901768,-0.175668476162301,-0.175670069570313
2021-01-18,1419,-27.4528621103448,-0.185485353931599,-0.185486945430835
2021-01-18 00:30:00,1419.02083333333,-27.1747139871795,-0.141134411964751,-0.141136001555215
2021-01-18 01:00:00,1419.04166666667,-26.9752414310345,-0.109316661222678,-0.109318248904378
2021-01-18 01:30:00,1419.0625,-26.9051729092338,-0.0981131828066305,-0.098114768579573
2021-01-18 05:00:00,1419.20833333333,-27.5665093275701,-0.203177238617354,-0.203178811029205
2021-01-18 05:30:00,1419.22916666667,-27.4681265209877,-0.187464212042161,-0.187465782545316
2021-01-18 06:00:00,1419.25,-27.2202383299065,-0.147934988106527,-0.147936556700997
2021-01-18 06:30:00,1419.27083333333,-26.8219323049231,-0.0844442129736206,-0.0844457796594146
2021-01-18 07:00:00,1419.29166666667,-27.4851354443925,-0.190052723544497,-0.190054288321625
2021-01-18 07:30:00,1419.3125,-27.4198184618462,-0.179607575312947,-0.179609138181418
2021-01-18 08:00:00,1419.33333333333,-27.4115539422535,-0.178251042449545,-0.178252603409369
2021-01-18 08:30:00,1419.35416666667,-27.2807291953846,-0.157370695052364,-0.157372254103551
2021-01-18 09:00:00,1419.375,-27.2461962920561,-0.151829824401994,-0.151831381544555
2021-01-18 09:30:00,1419.39583333333,-27.2454030735385,-0.151663826917371,-0.151665382151316
2021-01-18 10:00:00,1419.41666666667,-27.117270996729,-0.131212775578584,-0.131214328903925
2021-01-18 10:30:00,1419.4375,-26.8819353295385,-0.0936842329578272,-0.0936857843745754
2021-01-18 11:00:00,1419.45833333333,-27.0798364186916,-0.125170732498693,-0.12517228200686
2021-01-18 11:30:00,1419.47916666667,-26.8783046606154,-0.0930274113211047,-0.0930289589207013
2021-01-18 12:00:00,1419.5,-27.2350700495327,-0.149821341915422,-0.149822887606461
2021-01-18 12:30:00,1419.52083333333,-27.2550615116923,-0.152967062609278,-0.152968606391771
2021-01-18 13:00:00,1419.54166666667,-27.3678691560748,-0.17089858475864,-0.1709001266326
2021-01-18 13:30:00,1419.5625,-27.2825491193252,-0.157268343023982,-0.157269882989422
2021-01-18 14:00:00,1419.58333333333,-28.1970326971963,-0.302907648880117,-0.302909186937049
2021-01-18 14:30:00,1419.60416666667,-28.4689261286154,-0.346182002518317,-0.346183538666755
2021-01-18 15:00:00,1419.625,-28.9025514294393,-0.41522047584792,-0.415222010087878
2021-01-18 15:30:00,1419.64583333333,-29.226211642638,-0.466741549460966,-0.466743081792457
2021-01-18 16:00:00,1419.66666666667,-30.0982756897196,-0.60562386303712,-0.605625393460158
2021-01-18 16:30:00,1419.6875,-30.2967630418462,-0.637205045095083,-0.637206573609683
2021-01-18 17:00:00,1419.70833333333,-30.2285794411215,-0.626305471136687,-0.626306997742862
2021-01-18 17:30:00,1419.72916666667,-30.2553435309816,-0.63053124948328,-0.630532774181046
2021-01-18 18:00:00,1419.75,-29.9106494686916,-0.575583596092693,-0.575585118882065
2021-01-18 18:30:00,1419.77083333333,-29.4730981407975,-0.505843831288143,-0.505845352169136
2021-01-18 19:00:00,1419.79166666667,-29.8679999873832,-0.568714569418018,-0.568716088390648
2021-01-18 19:30:00,1419.8125,-29.8202147288344,-0.56106505271364,-0.561066569777922
2021-01-18 20:00:00,1419.83333333333,-30.047300429108,-0.597202793543935,-0.597204308699884
2021-01-18 20:30:00,1419.85416666667,-30.3455644055215,-0.64467940200104,-0.644680915248674
2021-01-18 21:00:00,1419.875,-30.2432850098131,-0.628349282423522,-0.628350793762857
2021-01-18 21:30:00,1419.89583333333,-30.4078190147239,-0.654522845615122,-0.654524355046175
2021-01-18 22:00:00,1419.91666666667,-30.6963474126761,-0.700448921613192,-0.700450429135979
2021-01-18 22:30:00,1419.9375,-30.597371148773,-0.684645345453886,-0.684646851068425
2021-01-18 23:00:00,1419.95833333333,-30.8392150065421,-0.723134775627667,-0.723136279333976
2021-01-18 23:30:00,1419.97916666667,-30.7935261895385,-0.715820162636893,-0.715821664434988
2021-01-19,1420,-30.7234112476636,-0.704614567904704,-0.704616067794605
2021-01-19 00:30:00,1420.02083333333,-30.3651441521472,-0.647506246590782,-0.647507744572506
2021-01-19 01:00:00,1420.04166666667,-30.9877617186916,-0.746653670310443,-0.746655166384009
2021-01-19 01:30:00,1420.0625,-30.8981288128834,-0.732339202221064,-0.732340696386491
2021-01-19 02:00:00,1420.08333333333,-30.6242149757009,-0.688668767498612,-0.688670259755918
2021-01-19 02:30:00,1420.10416666667,-30.5122209088957,-0.670792385335971,-0.670793875685176
2021-01-19 03:00:00,1420.125,-30.9230607621495,-0.736203937695709,-0.736205426136832
2021-01-19 03:30:00,1420.14583333333,-30.8768285126214,-0.72880369489092,-0.728805181423981
2021-01-19 06:30:00,1420.27083333333,-31.1295882835784,-0.768858498979232,-0.768859974064349
2021-01-19 07:00:00,1420.29166666667,-31.0868307084615,-0.762012596483253,-0.762014069660454
2021-01-19 07:30:00,1420.3125,-31.0591103286765,-0.757562247423279,-0.757563718692585
2021-01-19 08:00:00,1420.33333333333,-30.8828462438462,-0.72944889747671,-0.729450366838142
2021-01-19 08:30:00,1420.35416666667,-30.4988239369193,-0.668239631766249,-0.66824109921983
2021-01-19 09:00:00,1420.375,-30.2441615453846,-0.627637610507028,-0.627639076052781
2021-01-19 09:30:00,1420.39583333333,-30.2658190557457,-0.631053664572852,-0.631055128210799
2021-01-19 10:00:00,1420.41666666667,-29.8601539284615,-0.566397034587563,-0.566398496317727
2021-01-19 10:30:00,1420.4375,-30.7814498691932,-0.713126368500056,-0.71312782832246
2021-01-19 11:00:00,1420.45833333333,-30.8103023968992,-0.717688946470987,-0.717690404385655
2021-01-19 11:30:00,1420.47916666667,-29.9281784821516,-0.577132443672866,-0.577133899679822
2021-01-19 12:00:00,1420.5,-29.9751999676923,-0.58458958463249,-0.584591038731758
2021-01-19 12:30:00,1420.52083333333,-30.6033643171149,-0.684623316617703,-0.684624768809306
2021-01-19 13:00:00,1420.54166666667,-30.5815077069231,-0.681108362744995,-0.681109813028958
2021-01-19 13:30:00,1420.5625,-29.9846845679707,-0.586000947488458,-0.586002395864806
2021-01-19 14:00:00,1420.58333333333,-29.9839845915385,-0.585856495548455,-0.585857942017213
2021-01-19 14:30:00,1420.60416666667,-29.7895476550122,-0.554849724952982,-0.554851169514175
2021-01-19 15:00:00,1420.625,-29.9091526519084,-0.573870176308499,-0.573871618962152
2021-01-19 15:30:00,1420.64583333333,-30.1755550227384,-0.61627567177762,-0.61627711252376
2021-01-19 16:00:00,1420.66666666667,-30.409435110687,-0.653500461889824,-0.653501900728476
2021-01-19 16:30:00,1420.6875,-30.0339975897311,-0.59366063902877,-0.59366207595996
2021-01-19 17:00:00,1420.70833333333,-29.9197175099237,-0.575423500724219,-0.575424935747974
2021-01-19 17:30:00,1420.72916666667,-30.6501369237164,-0.691747712942165,-0.691749146058512
2021-01-19 18:00:00,1420.75,-30.3162442274809,-0.638526363025576,-0.638527794234541
2021-01-19 18:30:00,1420.77083333333,-30.9156209669927,-0.733975618716928,-0.733977048018539
2021-01-19 19:00:00,1420.79166666667,-30.4670839335878,-0.662491579102236,-0.66249300649652
2021-01-19 19:30:00,1420.8125,-31.1387164388753,-0.769451465063915,-0.7694528905509
2021-01-19 20:00:00,1420.83333333333,-31.1388779,-0.769445651428785,-0.769447075008499
2021-01-19 20:30:00,1420.85416666667,-31.0426846207824,-0.754090576384672,-0.754091998057143
2021-01-19 21:00:00,1420.875,-31.0536870458015,-0.755811971216699,-0.755813390981955
2021-01-20 03:00:00,1421.125,-31.0052899594796,-0.74773586204671,-0.7477372589277
2021-01-20 04:30:00,1421.1875,-29.9633852133333,-0.581670733356577,-0.581672124517196
2021-01-20 05:30:00,1421.22916666667,-30.1947777444444,-0.618473011782623,-0.618474399129823
2021-01-20 06:30:00,1421.27083333333,-29.9842351853704,-0.584875185160944,-0.584876568694857
2021-01-20 07:30:00,1421.3125,-30.1301926011111,-0.608068529947375,-0.608069909668135
2021-01-20 08:30:00,1421.35416666667,-29.8558534567718,-0.564308803054456,-0.564310178962196
2021-01-20 09:30:00,1421.39583333333,-29.3571944557407,-0.484815233408669,-0.484816605503529
2021-01-20 10:30:00,1421.4375,-29.3520723781076,-0.48394291909673,-0.483944287378849
2021-01-20 11:30:00,1421.47916666667,-29.1786166835185,-0.456255410088316,-0.456256774557836
2021-01-20 12:30:00,1421.52083333333,-29.138120347963,-0.449748892794894,-0.449750253451958
2021-01-20 13:30:00,1421.5625,-30.1508129744444,-0.611016600610684,-0.611017957455438
2021-01-20 14:30:00,1421.60416666667,-30.5848147724074,-0.680098916767032,-0.680100269799623
2021-01-20 15:30:00,1421.64583333333,-30.9077648225926,-0.731491081034485,-0.731492430255062
2021-01-20 16:30:00,1421.6875,-31.2336066673469,-0.78334438116204,-0.783345726570756
2021-01-20 17:30:00,1421.72916666667,-30.8791486951673,-0.726825905247589,-0.726827246844596
2021-01-20 18:30:00,1421.77083333333,-30.083377815,-0.600006438696457,-0.600007776481911
2021-01-20 19:30:00,1421.8125,-31.4503370133333,-0.81771189016433,-0.817713224138388
2021-01-20 20:30:00,1421.85416666667,-30.7907346638219,-0.712585109881804,-0.712586440044626
2021-01-20 21:30:00,1421.89583333333,-31.6014352050607,-0.841679101845868,-0.841680428197614
2021-01-20 22:30:00,1421.9375,-32.2155399359926,-0.939455711818042,-0.939457034358878
2021-01-20 23:30:00,1421.97916666667,-32.6058529054004,-1.00158260536086,-1.00158392409095
2021-01-21 00:30:00,1422.02083333333,-32.7487684948148,-1.02429939060907,-1.02430070552858
2021-01-21 01:30:00,1422.0625,-35.3492611824627,-1.43851043497775,-1.43851174608685
2021-01-21 02:30:00,1422.10416666667,-35.0145952465116,-1.38514908428897,-1.38515039158784
2021-01-21 04:00:00,1422.16666666667,-33.5863675578358,-1.15755903447234,-1.15756033605617
2021-01-21 05:00:00,1422.20833333333,-33.6305839841418,-1.16455509290991,-1.16455639068394
2021-01-21 06:00:00,1422.25,-33.614475741791,-1.16194185979058,-1.16194315375498
2021-01-21 07:00:00,1422.29166666667,-33.7277163951493,-1.17993446948508,-1.17993575964004
2021-01-21 08:00:00,1422.33333333333,-33.7875148923507,-1.18941417683037,-1.18941546317607
2021-01-21 09:00:00,1422.375,-33.6277126764925,-1.16391180499659,-1.16391308753322
2021-01-21 10:00:00,1422.41666666667,-33.3453645091589,-1.11888824688411,-1.11888952561184
2021-01-21 11:00:00,1422.45833333333,-32.9451380479478,-1.05508706370705,-1.05508833862608
2021-01-21 12:00:00,1422.5,-32.0029458882463,-0.904950828875476,-0.904952099985992
2021-01-21 13:00:00,1422.54166666667,-31.1554085531716,-0.769893646681546,-0.769894913983741
2021-01-21 17:00:00,1422.70833333333,-28.6165528478664,-0.365281317082434,-0.365282569153306
2021-01-21 18:00:00,1422.75,-28.5279999864564,-0.351133261420986,-0.351134509684526
2021-01-21 19:00:00,1422.79166666667,-28.7446456643785,-0.385604022738205,-0.385605267194618
2021-01-21 20:00:00,1422.83333333333,-28.857185538961,-0.403491126773618,-0.403492367423109
2021-01-21 21:00:00,1422.875,-28.8402096554731,-0.400746749601136,-0.400747986443914
2021-01-21 22:00:00,1422.91666666667,-28.9266679263451,-0.414479978760344,-0.414481211796618
2021-01-21 23:00:00,1422.95833333333,-29.1454323090909,-0.449290137735783,-0.449291366965764
2021-01-22,1423,-29.1572944475926,-0.451141093015476,-0.451142318439379
2021-01-22 01:00:00,1423.04166666667,-29.3733284048237,-0.485517236609523,-0.485518458227562
2021-01-22 02:00:00,1423.08333333333,-29.4506555594444,-0.497797759132808,-0.497798976945203
2021-01-22 03:30:00,1423.14583333333,-29.4955149035448,-0.504888146497197,-0.504889358601536
2021-01-22 04:30:00,1423.1875,-29.1008903520446,-0.441987604323706,-0.441988812622953
2021-01-22 05:30:00,1423.22916666667,-29.5395260020446,-0.511826479480515,-0.511827683974894
2021-01-22 06:30:00,1423.27083333333,-29.4008115735075,-0.489693546336735,-0.489694747026472
2021-01-22 07:30:00,1423.3125,-29.2234535533457,-0.461405133242048,-0.461406330127372
2021-01-22 08:30:00,1423.35416666667,-29.3247835781716,-0.477512396695924,-0.477513589777066
2021-01-22 09:30:00,1423.39583333333,-29.0043855178771,-0.426438546663943,-0.426439735941135
2021-01-22 10:30:00,1423.4375,-29.266161719145,-0.468105944391171,-0.468107129864647
2021-01-22 11:30:00,1423.47916666667,-29.3927453767658,-0.48823754518589,-0.488238726855887
2021-01-22 12:30:00,1423.52083333333,-29.4985725228625,-0.505063090759746,-0.505064268626502
2021-01-22 13:30:00,1423.5625,-28.9857397657993,-0.423336143572845,-0.423337317636601
2021-01-22 14:30:00,1423.60416666667,-28.9273066860595,-0.413995861634323,-0.41399703189532
2021-01-22 18:30:00,1423.77083333333,-30.0996722540741,-0.600631851724561,-0.600633006776986
2021-01-22 19:30:00,1423.8125,-29.9474526647495,-0.576353671684075,-0.576354822934982
2021-01-22 20:30:00,1423.85416666667,-29.9815306504638,-0.581753300503323,-0.581754447952967
2021-01-22 21:30:00,1423.89583333333,-30.2950334083488,-0.63166596725012,-0.631667110898756
2021-01-22 22:30:00,1423.9375,-30.4502152300557,-0.656358467780662,-0.656359607628549
2021-01-22 23:30:00,1423.97916666667,-30.2943395118738,-0.631499751990775,-0.631500888038172
2021-01-23 00:30:00,1424.02083333333,-31.047328419295,-0.751424292628854,-0.751425424876023
2021-01-23 01:30:00,1424.0625,-31.2138425742593,-0.777923458195933,-0.777924586643138
2021-01-23 03:00:00,1424.125,-32.6081858342007,-1.00000423366431,-1.00000535641207
2021-01-23 04:00:00,1424.16666666667,-32.59728071171,-0.998241561849709,-0.998242680798172
2021-01-23 05:00:00,1424.20833333333,-32.4976598754647,-0.982346885580895,-0.982348000730332
2021-01-23 06:00:00,1424.25,-32.3082844710037,-0.952154714612647,-0.952155825963331
2021-01-23 07:00:00,1424.29166666667,-32.5036282765799,-0.983249060898028,-0.983250168450235
2021-01-23 08:00:00,1424.33333333333,-32.7261820107807,-1.01867844043982,-1.01867954419382
2021-01-23 09:00:00,1424.375,-33.3683587819703,-1.12095454183576,-1.12095564179184
2021-01-23 10:00:00,1424.41666666667,-33.5076747289963,-1.14312502679781,-1.14312612295625
2021-01-23 11:00:00,1424.45833333333,-33.7096337516729,-1.17527507069403,-1.17527616305511
2021-01-23 12:00:00,1424.5,-33.3251282239777,-1.11400136485011,-1.11400245341411
2021-01-23 13:00:00,1424.54166666667,-33.8412825068773,-1.19620388269652,-1.19620496746374
2021-01-23 14:00:00,1424.58333333333,-36.1947839972067,-1.5710975959283,-1.57109867689902
2021-01-23 15:00:00,1424.625,-36.0387827483146,-1.54622620174209,-1.5462272789166
2021-01-23 16:00:00,1424.66666666667,-36.3991004135688,-1.60360525181916,-1.60360632519775
2021-01-23 21:00:00,1424.875,-35.895289791215,-1.52325588664793,-1.52325694105138
2021-01-23 22:00:00,1424.91666666667,-35.5714067699627,-1.47164411226261,-1.47164516287194
2021-01-23 23:00:00,1424.95833333333,-36.0069493757974,-1.54100985530508,-1.54101090212059
2021-01-24,1425,-36.1761818350649,-1.56795267403728,-1.56795371705928
2021-01-24 01:00:00,1425.04166666667,-36.0541893163347,-1.5485036180161,-1.5485046572449
2021-01-24 02:30:00,1425.10416666667,-37.2419795858736,-1.7376970015303,-1.73769803506988
2021-01-24 03:30:00,1425.14583333333,-37.2798920251397,-1.74372210050887,-1.74372313025604
2021-01-24 04:30:00,1425.1875,-37.0702713412639,-1.71031546846219,-1.71031649441726
2021-01-24 05:30:00,1425.22916666667,-37.112409696648,-1.71701470366831,-1.7170157258316
2021-01-24 06:30:00,1425.27083333333,-36.5597881630112,-1.62896873592616,-1.62896975429799
2021-01-24 07:30:00,1425.3125,-36.370526083829,-1.59880666134189,-1.59880767592258
2021-01-24 08:30:00,1425.35416666667,-35.697431267658,-1.49157015841101,-1.49157116920089
2021-01-24 09:30:00,1425.39583333333,-37.0429033553903,-1.70589327817936,-1.70589428517875
2021-01-24 10:30:00,1425.4375,-37.2248248597765,-1.73486243095373,-1.73486343416296
2021-01-24 11:30:00,1425.47916666667,-37.9278512894052,-1.8468444431335,-1.84684544255291
2021-01-24 12:30:00,1425.52083333333,-37.9262230605948,-1.84657493710076,-1.84657593273067
2021-01-24 13:30:00,1425.5625,-38.4628417945996,-1.9320490293193,-1.93205002116005
2021-01-24 14:30:00,1425.60416666667,-39.5384347419776,-2.10338257132765,-2.10338355937957
2021-01-24 15:30:00,1425.64583333333,-39.536385855102,-2.10304747148987,-2.1030484557533
2021-01-24 16:30:00,1425.6875,-38.7672337265306,-1.98051274951957,-1.98051372999485
2021-01-24 17:30:00,1425.72916666667,-38.8761428372913,-1.99785428290349,-1.99785525959097
2021-01-24 21:30:00,1425.89583333333,-37.2191866383104,-1.73387363780094,-1.73387459934066
2021-01-24 22:30:00,1425.9375,-36.5396994562152,-1.6256254406664,-1.62562639842005
2021-01-24 23:30:00,1425.97916666667,-36.1470667927644,-1.56307384581719,-1.56307479978513
2021-01-25 00:30:00,1426.02083333333,-35.8891095456401,-1.52197661350754,-1.52197756369012
2021-01-25 02:00:00,1426.08333333333,-35.0782099698885,-1.39279392975777,-1.39279487426298
2021-01-25 03:00:00,1426.125,-35.1262309201117,-1.40044042414593,-1.40044136486668
2021-01-25 04:00:00,1426.16666666667,-35.6459907408922,-1.48323573020924,-1.4832366671459
2021-01-25 05:00:00,1426.20833333333,-35.6804256715613,-1.48871890694509,-1.48871984009802
2021-01-25 06:00:00,1426.25,-35.7084954191806,-1.49318857796009,-1.49318950732965
2021-01-25 07:00:00,1426.29166666667,-35.9055836615242,-1.52458348845592,-1.52458441404248
2021-01-25 08:00:00,1426.33333333333,-36.1173332759777,-1.55831443849534,-1.55831536029927
2021-01-25 09:00:00,1426.375,-36.6479963610801,-1.64284900479836,-1.64284992282004
2021-01-25 10:00:00,1426.41666666667,-36.2849535605948,-1.58501605736402,-1.58501697160382
2021-01-25 11:00:00,1426.45833333333,-36.6010222972119,-1.6353665355815,-1.6353674460398
2021-01-25 12:00:00,1426.5,-36.5047490866171,-1.62003111943321,-1.62003202611037
2021-01-25 13:00:00,1426.54166666667,-36.5416270317254,-1.62590725002907,-1.62590815292548
2021-01-25 14:00:00,1426.58333333333,-37.0032189250464,-1.69944108856948,-1.69944198768553
2021-01-25 15:00:00,1426.625,-37.5249349115242,-1.78255321060266,-1.78255410593873
2021-01-25 16:00:00,1426.66666666667,-37.0641892367347,-1.70915896040302,-1.70915985195949
2021-01-25 17:00:00,1426.70833333333,-36.0331780840445,-1.54492148453986,-1.54492237231712
2021-01-25 18:00:00,1426.75,-36.1920240695733,-1.57022957356459,-1.57023045756303
2021-01-25 19:00:00,1426.79166666667,-35.4088515170686,-1.44547390878367,-1.44547478900369
2021-01-25 23:00:00,1426.95833333333,-31.925012961039,-0.890517791969148,-0.890518657079405
2021-01-26,1427,-31.9337773233766,-0.891920606018266,-0.891921467352082
2021-01-26 01:30:00,1427.0625,-31.5356846269017,-0.828515008155754,-0.828515863825663
2021-01-26 02:30:00,1427.10416666667,-31.6344879454545,-0.844262273426757,-0.844263125321237
2021-01-26 03:30:00,1427.14583333333,-31.5119220523191,-0.824745737537403,-0.82474658565686
2021-01-26 04:30:00,1427.1875,-31.721168793321,-0.85808766383399,-0.858088508178835
2021-01-26 05:30:00,1427.22916666667,-31.3881542315985,-0.805047449545968,-0.805048290116613
2021-01-26 06:30:00,1427.27083333333,-30.877263412616,-0.723671892805112,-0.72367272960197
2021-01-26 07:30:00,1427.3125,-30.5296957536178,-0.668314304598761,-0.668315137622247
2021-01-26 08:30:00,1427.35416666667,-30.6304916573284,-0.684381824769079,-0.684382654019612
2021-01-26 09:30:00,1427.39583333333,-30.5664174660482,-0.674185893414742,-0.674186718892741
2021-01-26 10:30:00,1427.4375,-30.5159185064815,-0.666152978593265,-0.666153800299151
2021-01-26 11:30:00,1427.47916666667,-30.5354953935065,-0.669283668624828,-0.669284486559025
2021-01-26 12:30:00,1427.52083333333,-30.8573543647495,-0.720568583094543,-0.720569397257475
2021-01-26 13:30:00,1427.5625,-31.1194037433333,-0.762326259114273,-0.762327069506369
2021-01-26 14:30:00,1427.60416666667,-31.1945064916512,-0.774303675732903,-0.774304482354592
2021-01-26 15:30:00,1427.64583333333,-30.8246814809259,-0.715404254772804,-0.715405057624516
2021-01-26 16:30:00,1427.6875,-30.7176697549165,-0.698371650258096,-0.698372449340264
2021-01-26 17:30:00,1427.72916666667,-30.4509146413729,-0.655892282327741,-0.6558930776408
2021-01-26 18:30:00,1427.77083333333,-29.9756784566915,-0.580202203147489,-0.580202994691877
2021-01-26 19:30:00,1427.8125,-29.7435371585502,-0.543237785469282,-0.543238573245436
2021-01-26 20:30:00,1427.85416666667,-25.3154425966667,0.162144513253392,0.16214372924503
2021-01-27 00:30:00,1428.02083333333,-25.2361473880597,0.17470625590124,0.174705486959603
2021-01-27 01:30:00,1428.0625,-24.7490130641791,0.252288410834399,0.252287645658321
2021-01-27 02:30:00,1428.10416666667,-24.0456044748134,0.364322738515961,0.364321977104991
2021-01-27 03:30:00,1428.14583333333,-23.3545596604478,0.474387035718904,0.474386278072588
2021-01-27 04:30:00,1428.1875,-23.1670635448598,0.504235193088748,0.504234439206629
2021-01-27 05:30:00,1428.22916666667,-22.9869514472015,0.532906598860255,0.532905848741876
2021-01-27 06:30:00,1428.27083333333,-23.41356822,0.464925189737206,0.464924443382107
2021-01-27 07:30:00,1428.3125,-23.6528134658582,0.42679172650966,0.426790983917379
2021-01-27 08:30:00,1428.35416666667,-23.651951445709,0.426907050107649,0.426906311277722
2021-01-27 09:30:00,1428.39583333333,-23.8729643696017,0.391677064343428,0.39167632927539
2021-01-27 10:30:00,1428.4375,-23.9673209085821,0.37662305899569,0.376622327689073
2021-01-27 11:30:00,1428.47916666667,-24.3298283402985,0.318851952612687,0.318851225067021
2021-01-27 12:30:00,1428.52083333333,-24.7714018669159,0.24848508862386,0.248484364838675
2021-01-27 13:30:00,1428.5625,-24.8447295104478,0.236779584789342,0.236778864764164
2021-01-27 14:30:00,1428.60416666667,-24.6953936541045,0.260544063441258,0.260543347175611
2021-01-27 15:30:00,1428.64583333333,-24.2359869496269,0.333702577632379,0.333701865125787
2021-01-27 16:30:00,1428.6875,-24.248791019403,0.331637105901194,0.331636397153177
2021-01-27 17:30:00,1428.72916666667,-24.0784589813433,0.358744874896718,0.358744169906796
2021-01-27 18:30:00,1428.77083333333,-24.0313880014925,0.366216597126304,0.366215895893993
2021-01-27 19:30:00,1428.8125,-24.0481529811567,0.363518733291488,0.363518035816303
2021-01-27 20:30:00,1428.85416666667,-23.7480298481343,0.41130090017803,0.411300206459486
2021-01-27 21:30:00,1428.89583333333,-23.9567089535448,0.378030034818298,0.378029344855905
2021-01-27 22:30:00,1428.9375,-24.0522007640152,0.362789514374398,0.362788828167666
2021-01-28 02:00:00,1429.08333333333,-24.4694378261596,0.296219511220163,0.296218838154353
2021-01-28 03:00:00,1429.125,-24.8162875541744,0.240935370833746,0.240934701521366
2021-01-28 04:00:00,1429.16666666667,-25.0755807263451,0.199598580392781,0.199597914833329
2021-01-28 05:00:00,1429.20833333333,-25.3880667745826,0.149787654828582,0.149786993021556
2021-01-28 06:00:00,1429.25,-25.7063487983302,0.0990529542864733,0.0990522962313684
2021-01-28 07:00:00,1429.29166666667,-25.9825862519481,0.0550155118907988,0.055014857587108
2021-01-28 08:00:00,1429.33333333333,-26.2188481553704,0.017345731304233,0.0173450807514479
2021-01-28 09:00:00,1429.375,-26.1875611466667,0.0222962117259701,0.0222955649235796
2021-01-28 10:00:00,1429.41666666667,-26.3928925764815,-0.0104472660686415,-0.0104479091211495
2021-01-28 11:00:00,1429.45833333333,-26.4285777827778,-0.0161664510779326,-0.0161670903810724
2021-01-28 12:00:00,1429.5,-26.6670796174074,-0.0541949417507472,-0.0541955773050355
2021-01-28 13:00:00,1429.54166666667,-26.837842602963,-0.0814330571758978,-0.0814336889818522
2021-01-28 14:00:00,1429.58333333333,-26.9911074161111,-0.105884173030786,-0.105884801088927
2021-01-28 15:00:00,1429.625,-27.1041981814815,-0.123936006146073,-0.123936630456923
2021-01-28 16:00:00,1429.66666666667,-27.3510907914815,-0.163303040488894,-0.163303661052977
2021-01-28 17:00:00,1429.70833333333,-27.3930888938889,-0.170030705094773,-0.170031321912613
2021-01-28 18:00:00,1429.75,-27.4552147748148,-0.179965210925766,-0.179965823997892
2021-01-28 19:00:00,1429.79166666667,-27.9106129509259,-0.252548746121156,-0.252549355448098
2021-01-28 20:00:00,1429.83333333333,-28.3514647966667,-0.32281551217812,-0.322816117760409
2021-01-28 21:00:00,1429.875,-28.7523499764815,-0.38671603145709,-0.38671663329526
2021-01-28 22:00:00,1429.91666666667,-29.262625932037,-0.468043051128127,-0.468043649222712
2021-01-28 23:30:00,1429.97916666667,-28.95715241171,-0.419441328286262,-0.419441920766479
2021-01-29 03:00:00,1430.125,-32.7056729805031,-1.01672845684841,-1.01672903623317
2021-01-29 03:30:00,1430.14583333333,-32.7345763423684,-1.02135398647638,-1.0213545639909
2021-01-29 04:00:00,1430.16666666667,-33.021088063522,-1.06701682970608,-1.06701740535051
2021-01-29 04:30:00,1430.1875,-32.9617685505263,-1.0575886280748,-1.05758920184927
2021-01-29 05:00:00,1430.20833333333,-33.981327154717,-1.22002659936242,-1.22002717126706
2021-01-29 05:30:00,1430.22916666667,-33.7827104781579,-1.18840849577232,-1.18840906580727
2021-01-29 06:00:00,1430.25,-33.9769056528302,-1.21936571865753,-1.21936628682294
2021-01-29 06:30:00,1430.27083333333,-33.1759814881267,-1.09179983751885,-1.09180040381485
2021-01-29 07:00:00,1430.29166666667,-34.6870253194969,-1.33253222817585,-1.33253279260258
2021-01-29 07:30:00,1430.3125,-33.9969578694737,-1.22262613662325,-1.22262669918085
2021-01-29 08:00:00,1430.33333333333,-35.3735031974843,-1.44193305529306,-1.44193361598167
2021-01-29 08:30:00,1430.35416666667,-34.8060947805263,-1.35156687106799,-1.35156742988774
2021-01-29 09:00:00,1430.375,-36.6798491842767,-1.65007978651573,-1.65008034346676
2021-01-29 09:30:00,1430.39583333333,-36.3007847742782,-1.58971717288736,-1.58971772796981
2021-01-29 10:00:00,1430.41666666667,-37.938786054717,-1.85067468300881,-1.85067523622283
2021-01-29 10:30:00,1430.4375,-37.4537868305263,-1.77343681346081,-1.77343736480654
2021-01-29 11:00:00,1430.45833333333,-38.3411509924528,-1.91481752986641,-1.91481807934398
2021-01-29 11:30:00,1430.47916666667,-37.9783904955145,-1.85705261259482,-1.85705316020437
2021-01-29 12:00:00,1430.5,-38.4718866628931,-1.93569011167192,-1.9356906574136
2021-01-29 12:30:00,1430.52083333333,-38.2105354454068,-1.89408000074531,-1.89408054461926
2021-01-29 13:00:00,1430.54166666667,-38.6461697691824,-1.96350030244168,-1.96350084444803
2021-01-29 13:30:00,1430.5625,-38.2714252538058,-1.90382679377691,-1.9038273339158
2021-01-29 18:00:00,1430.75,-35.9718234198885,-1.53771592370536,-1.5377164470436
2021-01-29 19:00:00,1430.79166666667,-35.1505436595547,-1.40693506575246,-1.40693558535879
2021-01-29 20:00:00,1430.83333333333,-34.9852969534323,-1.38066121328579,-1.38066172916079
2021-01-29 21:00:00,1430.875,-34.3273006087199,-1.27589246238219,-1.27589297452645
2021-01-29 22:30:00,1430.9375,-33.8592318812616,-1.20140546842712,-1.20140597497634
2021-01-29 23:30:00,1430.97916666667,-33.9641205571429,-1.21816602414576,-1.21816652696569
2021-01-30 00:30:00,1431.02083333333,-34.0430464198885,-1.23079115620221,-1.23079165529343
2021-01-30 01:30:00,1431.0625,-33.9894564037106,-1.22230688504561,-1.2223073804087
2021-01-30 02:30:00,1431.10416666667,-33.8846251619666,-1.20566032100864,-1.20566081264421
2021-01-30 03:30:00,1431.14583333333,-33.908018522119,-1.20944049862734,-1.20944098653597
2021-01-30 04:30:00,1431.1875,-34.1823873886406,-1.25320172467606,-1.25320220885834
2021-01-30 05:30:00,1431.22916666667,-34.2246319258364,-1.25998585007179,-1.25998633052831
2021-01-30 06:30:00,1431.27083333333,-34.4734990805195,-1.29968557694784,-1.29968605367921
2021-01-30 07:30:00,1431.3125,-34.6337273413729,-1.32526553552573,-1.32526600853254
2021-01-30 08:30:00,1431.35416666667,-35.0615578343284,-1.39347519171223,-1.39347566099509
2021-01-30 09:30:00,1431.39583333333,-35.5198696294227,-1.46654101188597,-1.46654147744547
2021-01-30 10:30:00,1431.4375,-35.5591858769517,-1.47286101265849,-1.47286147449524
2021-01-30 11:30:00,1431.47916666667,-35.4598528970205,-1.45709456313228,-1.45709502124688
2021-01-30 12:30:00,1431.52083333333,-35.8206740990689,-1.51463147431398,-1.51463192870705
2021-01-30 13:30:00,1431.5625,-35.7155743429368,-1.49794731456175,-1.49794776523389
2021-01-30 14:30:00,1431.60416666667,-36.5983052954442,-1.63862576323895,-1.63862621019078
2021-01-30 15:30:00,1431.64583333333,-37.0970854587361,-1.71814104741522,-1.71814149064735
2021-01-30 19:30:00,1431.8125,-35.6434879710575,-1.48682362514658,-1.48682405350608
2021-01-30 20:30:00,1431.85416666667,-36.1743550648699,-1.57145273280934,-1.57145315745224
2021-01-30 21:30:00,1431.89583333333,-36.563250525,-1.63346612818304,-1.63346654910996
2021-01-30 22:00:00,1431.91666666667,-35.0245570093458,-1.38838236329703,-1.38838278236619
2021-01-30 22:30:00,1431.9375,-36.039750125,-1.5501346814081,-1.55013509861966
2021-01-30 23:00:00,1431.95833333333,-33.9651292376404,-1.21967753840681,-1.21967795376093
2021-01-30 23:30:00,1431.97916666667,-35.3867502,-1.44617433810602,-1.44617475160286
2021-01-31,1432,-34.0169367223629,-1.22799375429913,-1.22799416593885
2021-01-31 00:30:00,1432.02083333333,-36.029749875,-1.54866812753622,-1.54866853731897
2021-01-31 01:00:00,1432.04166666667,-33.9507532985047,-1.21751440443558,-1.21751481236152
2021-01-31 01:30:00,1432.0625,-35.641749375,-1.486923322606,-1.48692372867529
2021-01-31 02:00:00,1432.08333333333,-34.4114561514019,-1.2909688852447,-1.29096928945749
2021-01-31 02:30:00,1432.10416666667,-35.954750075,-1.53684898002955,-1.53684938238601
2021-01-31 03:00:00,1432.125,-34.7729626637383,-1.34862178834877,-1.34862218884905
2021-01-31 03:30:00,1432.14583333333,-36.051500325,-1.55232625644954,-1.55232665509381
2021-01-31 04:00:00,1432.16666666667,-35.3937102973832,-1.44757245753424,-1.44757285432266
2021-01-31 04:30:00,1432.1875,-36.11325075,-1.56222850591913,-1.56222890085185
2021-01-31 05:00:00,1432.20833333333,-35.3314336037383,-1.43771733345155,-1.43771772652873
2021-01-31 05:30:00,1432.22916666667,-36.730999925,-1.66070222373717,-1.66070261495898
2021-01-31 06:00:00,1432.25,-35.6294767128972,-1.48526188157752,-1.48526227094411
2021-01-31 06:30:00,1432.27083333333,-36.62699985,-1.64420124037546,-1.644201627887
2021-01-31 07:00:00,1432.29166666667,-35.9198037104673,-1.53157771771256,-1.5315781033692
2021-01-31 07:30:00,1432.3125,-37.314249025,-1.75374729805737,-1.75374768185928
2021-01-31 08:00:00,1432.33333333333,-36.0976392347664,-1.5599740518328,-1.55997443378014
2021-01-31 08:30:00,1432.35416666667,-37.6015005,-1.79957390633393,-1.79957428642686
2021-01-31 09:00:00,1432.375,-36.4294505476635,-1.61289930914044,-1.61289968737911
2021-01-31 09:30:00,1432.39583333333,-36.774999625,-1.66797943936782,-1.66797981575241
2021-01-31 10:00:00,1432.41666666667,-36.0386990719626,-1.55072026786829,-1.55072064239896
2021-01-31 10:30:00,1432.4375,-35.985749225,-1.54231946966762,-1.54231984234452
2021-01-31 11:00:00,1432.45833333333,-35.4647047809346,-1.45935098512826,-1.45935135595157
2021-01-31 11:30:00,1432.47916666667,-35.45925045,-1.45851649153925,-1.45851686050912
2021-01-31 12:00:00,1432.5,-35.3657584258427,-1.44365764798419,-1.4436580151008
2021-01-31 12:30:00,1432.52083333333,-36.2699995,-1.58773851745573,-1.58773888271922
2021-01-31 13:00:00,1432.54166666667,-35.2604025947566,-1.42694374662488,-1.42694411003542
2021-01-31 13:30:00,1432.5625,-36.5067501,-1.62552264997403,-1.6255230115318
2021-01-31 14:00:00,1432.58333333333,-36.2368859904673,-1.58256807704526,-1.58256843675041
2021-01-31 14:30:00,1432.60416666667,-36.524000175,-1.62834066183955,-1.62834101969225
2021-01-31 15:00:00,1432.625,-36.0122392738318,-1.54685199204612,-1.54685234804653
2021-01-31 15:30:00,1432.64583333333,-36.83724975,-1.67831207538153,-1.67831242952982
2021-01-31 16:00:00,1432.66666666667,-36.1087028,-1.56228946797847,-1.5622898202748
2021-01-31 16:30:00,1432.6875,-36.299750325,-1.59275903503324,-1.59275938547778
2021-01-31 17:00:00,1432.70833333333,-35.5709233734579,-1.4766920580535,-1.47669240664641
2021-01-31 20:30:00,1432.85416666667,-35.1628247329897,-1.41193468131927,-1.41193501695544
2021-01-31 21:00:00,1432.875,-33.3079247066667,-1.11648439811347,-1.11648473189935
2021-01-31 22:00:00,1432.91666666667,-32.2174117588235,-0.94283849143875,-0.942838821524545
2021-01-31 22:30:00,1432.9375,-31.1903611597015,-0.77926556573502,-0.779265893971025
2021-01-31 23:00:00,1432.95833333333,-31.6437499318627,-0.851527807193288,-0.851528133579672
2021-01-31 23:30:00,1432.97916666667,-31.1314119650746,-0.76994920638838,-0.769949530925309
2021-02-01,1433,-31.449940529703,-0.820728355152434,-0.82072867784008
2021-02-01 00:30:00,1433.02083333333,-31.2508358528358,-0.789048276001254,-0.789048596839784
2021-02-01 01:00:00,1433.04166666667,-31.4915910507389,-0.827438306587565,-0.827438625577149
2021-02-01 01:30:00,1433.0625,-31.1915225051051,-0.779674845701626,-0.779675162842433
2021-02-01 02:00:00,1433.08333333333,-31.1646765735294,-0.775436059831039,-0.775436375123239
2021-02-01 02:30:00,1433.10416666667,-30.7986347,-0.717163235356457,-0.71716354880022
2021-02-01 03:00:00,1433.125,-30.9911323715686,-0.747866276893163,-0.74786658848866
2021-02-01 03:30:00,1433.14583333333,-30.8229820631737,-0.721117954831284,-0.721118264578684
2021-02-01 04:00:00,1433.16666666667,-30.4864068784314,-0.667539546936976,-0.667539854836451
2021-02-01 04:30:00,1433.1875,-30.4813623098802,-0.666774320441051,-0.666774626492771
2021-02-01 05:00:00,1433.20833333333,-29.8601324328431,-0.567850451288094,-0.567850755492231
2021-02-01 05:30:00,1433.22916666667,-29.8767313641791,-0.570533284422731,-0.570533586779455
2021-02-01 06:00:00,1433.25,-29.4526930886139,-0.503022412921721,-0.503022713431205
2021-02-01 06:30:00,1433.27083333333,-29.3805149616766,-0.491563231844255,-0.49156353050667
2021-02-01 07:00:00,1433.29166666667,-29.0694166259804,-0.442044008074732,-0.442044304890249
2021-02-01 07:30:00,1433.3125,-29.0934910991018,-0.445918169562013,-0.445918464530806
2021-02-01 08:00:00,1433.33333333333,-28.5008039176471,-0.351541876018404,-0.351542169140646
2021-02-01 08:30:00,1433.35416666667,-28.4610656725373,-0.34525086046218,-0.345251151738042
2021-02-01 09:00:00,1433.375,-28.1512451637255,-0.295935664572597,-0.295935954002254
2021-02-01 09:30:00,1433.39583333333,-28.036468681791,-0.277691238818862,-0.277691526402486
2021-02-01 10:00:00,1433.41666666667,-28.174583320098,-0.299732666507073,-0.299732952244837
2021-02-01 10:30:00,1433.4375,-28.0519343370149,-0.28023438022622,-0.280234664118299
2021-02-01 11:00:00,1433.45833333333,-27.6096127441176,-0.209812136018169,-0.209812418064736
2021-02-01 11:30:00,1433.47916666667,-27.4220626946269,-0.179975297990742,-0.179975578191971
2021-02-01 12:00:00,1433.5,-26.8404460421569,-0.0873634857518021,-0.0873637641078682
2021-02-01 12:30:00,1433.52083333333,-26.5665508467066,-0.0437720387604337,-0.0437723152715116
2021-02-01 13:00:00,1433.54166666667,-26.4826354600985,-0.030444628317179,-0.0304449029834427
2021-02-01 13:30:00,1433.5625,-26.4126596546269,-0.0193379203428197,-0.0193381931644447
2021-02-01 14:00:00,1433.58333333333,-25.789401902451,0.0799068798963455,0.0799066089191834
2021-02-01 14:30:00,1433.60416666667,-25.5372546518519,0.12003339481212,0.120033125679247
2021-02-01 15:00:00,1433.625,-24.108671525,0.347566868293671,0.347566601004909
2021-02-01 15:30:00,1433.64583333333,-23.871235801791,0.385349591954704,0.385349326509877
2021-02-01 16:00:00,1433.66666666667,-23.3439215990196,0.469310047354379,0.469309783753313
2021-02-01 16:30:00,1433.6875,-23.1157104477612,0.505623055704217,0.505622793946733
2021-02-01 17:00:00,1433.70833333333,-22.0046533281407,0.6825739405109,0.682573680596823
2021-02-01 17:30:00,1433.72916666667,-21.8688387973134,0.704167866811938,0.704167608741091
2021-02-01 18:00:00,1433.75,-21.9614422180905,0.689374533006903,0.689374276779109
2021-02-01 18:30:00,1433.77083333333,-21.9862627068657,0.685378951528389,0.68537869714347
2021-02-01 22:00:00,1433.91666666667,-23.1473393030848,0.500123720287078,0.500123478797298
2021-02-01 22:30:00,1433.9375,-23.156926666,0.49855384939812,0.498553609749788
2021-02-01 23:00:00,1433.95833333333,-23.0158740311054,0.520980920678153,0.520980682871088
2021-02-01 23:30:00,1433.97916666667,-22.9588399293333,0.530023662465253,0.530023426499278
2021-02-02,1434,-23.3890026079692,0.461455491856212,0.461455257731145
2021-02-02 00:30:00,1434.02083333333,-23.4471800373333,0.452144720166563,0.452144487882225
2021-02-02 01:00:00,1434.04166666667,-23.9420025643411,0.373275955280988,0.373275724837198
2021-02-02 01:30:00,1434.0625,-24.1202972972973,0.34483017707871,0.344829948475287
2021-02-02 02:00:00,1434.08333333333,-24.3378432339332,0.310131536982626,0.310131310219389
2021-02-02 02:30:00,1434.10416666667,-24.4654563778523,0.289759137940727,0.289758913017496
2021-02-02 03:00:00,1434.125,-24.2614190552699,0.322218778126934,0.322218555043527
2021-02-02 03:30:00,1434.14583333333,-24.2853959879195,0.318355467431393,0.318355246187628
2021-02-02 04:00:00,1434.16666666667,-24.5798277848329,0.271408386512358,0.271408167108055
2021-02-02 04:30:00,1434.1875,-24.6208858604027,0.264823803397079,0.264823585832054
2021-02-02 05:00:00,1434.20833333333,-24.5522661124031,0.275710858888901,0.275710643162972
2021-02-02 05:30:00,1434.22916666667,-24.5732450794702,0.272324657983272,0.272324444096258
2021-02-02 06:00:00,1434.25,-24.5844575596401,0.270494148366325,0.270493936318042
2021-02-02 06:30:00,1434.27083333333,-24.6601788331126,0.258387224829877,0.258387014620142
2021-02-02 07:00:00,1434.29166666667,-25.0447526139175,0.197079759123649,0.19707955075228
2021-02-02 07:30:00,1434.3125,-25.1282847576159,0.183728324300346,0.183728117767158
2021-02-02 08:00:00,1434.33333333333,-25.2098380372751,0.170692006902132,0.170691802206942
2021-02-02 08:30:00,1434.35416666667,-25.257655581457,0.163029699248683,0.163029496391308
2021-02-02 09:00:00,1434.375,-25.1117963358247,0.186220125597487,0.186219924577743
2021-02-02 09:30:00,1434.39583333333,-25.199213372,0.172249356539042,0.172249157356744
2021-02-02 10:00:00,1434.41666666667,-25.1610852547804,0.178277903125098,0.178277705780061
2021-02-02 10:30:00,1434.4375,-25.1534172066225,0.179454021940887,0.179453826432928
2021-02-02 11:00:00,1434.45833333333,-25.0335901992268,0.198497026117644,0.198496832446576
2021-02-02 11:30:00,1434.47916666667,-25.0477600333333,0.19619412069735,0.196193928862988
2021-02-02 12:00:00,1434.5,-24.8848346351421,0.222102495352415,0.222102305354575
2021-02-02 12:30:00,1434.52083333333,-24.8422516344371,0.228840123111533,0.228839934950028
2021-02-02 13:00:00,1434.54166666667,-24.7509640341902,0.243336311410214,0.243336125084859
2021-02-02 13:30:00,1434.5625,-24.7211986470199,0.248031850234805,0.248031665745413
2021-02-02 14:00:00,1434.58333333333,-24.6482313496144,0.259609367271925,0.25960918461831
2021-02-02 14:30:00,1434.60416666667,-24.699566678,0.251385270237696,0.251385089419671
2021-02-02 15:00:00,1434.625,-24.989043835567,0.205224892687105,0.205224713704484
2021-02-02 15:30:00,1434.64583333333,-25.0321191821192,0.198316382770198,0.198316205622794
2021-02-02 16:00:00,1434.66666666667,-25.175046240874,0.175501306807377,0.175501131495002
2021-02-02 16:30:00,1434.6875,-25.2340331403974,0.166057841264011,0.166057667786478
2021-02-02 17:00:00,1434.70833333333,-25.4250334791237,0.135584423592409,0.13558425194953
2021-02-02 17:30:00,1434.72916666667,-25.431246646,0.134547617528918,0.134547447720504
2021-02-02 18:00:00,1434.75,-25.5063239208226,0.122540592945707,0.122540424971572
2021-02-02 18:30:00,1434.77083333333,-25.5311986907285,0.118530746364355,0.118530580224309
2021-02-02 19:00:00,1434.79166666667,-25.805260996124,0.0748250304063823,0.0748248661002369
2021-02-02 19:30:00,1434.8125,-25.8017466886667,0.0753373503409647,0.0753371878685311
2021-02-02 20:00:00,1434.83333333333,-25.9932082102828,0.0447897644835519,0.0447896038446411
2021-02-02 20:30:00,1434.85416666667,-26.0552999930769,0.0348507535873075,0.0348505947817298
2021-02-02 23:30:00,1434.97916666667,-25.9926078096654,0.0445487358657098,0.0445485880561431
2021-02-03 00:30:00,1435.02083333333,-26.7115843972171,-0.0700819922138507,-0.0700821363596055
2021-02-03 01:30:00,1435.0625,-27.0739590728625,-0.127906248201676,-0.127906388684384
2021-02-03 02:30:00,1435.10416666667,-27.2477100115242,-0.155683075352106,-0.155683212172536
2021-02-03 03:30:00,1435.14583333333,-27.398802951487,-0.179850934324731,-0.179851067483651
2021-02-03 04:30:00,1435.1875,-27.7974070492565,-0.243447964766544,-0.243448094264726
2021-02-03 05:30:00,1435.22916666667,-28.0648345486989,-0.286148936459685,-0.286149062297902
2021-02-03 06:30:00,1435.27083333333,-28.2455240764815,-0.315032954337589,-0.315033076516615
2021-02-03 07:30:00,1435.3125,-28.3736382597403,-0.335542149264784,-0.335542267785396
2021-02-03 08:30:00,1435.35416666667,-28.3286889237037,-0.328482668846288,-0.328482783709264
2021-02-03 09:30:00,1435.39583333333,-28.186434135436,-0.305922827251315,-0.305922938457436
2021-02-03 10:30:00,1435.4375,-28.011244883859,-0.278116968963423,-0.27811707651347
2021-02-03 11:30:00,1435.47916666667,-28.0650833414815,-0.286795855212399,-0.286795959107157
2021-02-03 12:30:00,1435.52083333333,-28.0564230408163,-0.285519111346641,-0.285519211586895
2021-02-03 13:30:00,1435.5625,-27.8581721866667,-0.254040923517251,-0.254041020103788
2021-02-03 14:30:00,1435.60416666667,-28.0392811895717,-0.282995498649079,-0.28299559158269
2021-02-03 15:30:00,1435.64583333333,-28.3135955508349,-0.326798220557056,-0.326798309838531
2021-02-03 16:30:00,1435.6875,-28.5800761791822,-0.369353489744018,-0.36935357537415
2021-02-03 17:30:00,1435.72916666667,-28.7937068779221,-0.403490193854191,-0.403490275833776
2021-02-03 18:30:00,1435.77083333333,-28.9633414064935,-0.430618743039271,-0.430618821369104
2021-02-03 19:30:00,1435.8125,-29.0128869727778,-0.438617501083779,-0.438617575764659
2021-02-03 21:00:00,1435.875,-29.392649325603,-0.499273960488447,-0.499274029697399
2021-02-04 01:00:00,1436.04166666667,-30.8573772745353,-0.733038084761191,-0.733038139387184
2021-02-04 02:00:00,1436.08333333333,-31.2718793888683,-0.799177711772904,-0.799177762755178
2021-02-04 03:00:00,1436.125,-31.0974675632653,-0.771503393262677,-0.771503440602044
2021-02-04 04:00:00,1436.16666666667,-30.8978011061338,-0.739806459801501,-0.739806503498776
2021-02-04 05:00:00,1436.20833333333,-31.0725204276952,-0.767749914269161,-0.767749954325158
2021-02-04 06:00:00,1436.25,-31.173280694052,-0.783912104176405,-0.783912140591942
2021-02-04 07:00:00,1436.29166666667,-31.2041264217472,-0.788937323841878,-0.788937356617775
2021-02-04 08:00:00,1436.33333333333,-31.1722018377778,-0.783963653674401,-0.783963682811479
2021-02-04 09:00:00,1436.375,-31.0386152098513,-0.762795612869905,-0.762795638368987
2021-02-04 10:00:00,1436.41666666667,-30.8697217736549,-0.736003637833997,-0.736003659695907
2021-02-04 11:00:00,1436.45833333333,-30.876755585,-0.737237464550019,-0.737237482775583
2021-02-04 12:00:00,1436.5,-30.9332115018553,-0.746344733432172,-0.74634474802222
2021-02-04 13:00:00,1436.54166666667,-31.3108659426443,-0.806619622091745,-0.806619633047107
2021-02-04 14:00:00,1436.58333333333,-31.6918218727273,-0.867420905678918,-0.867420913000424
2021-02-04 15:00:00,1436.625,-32.3615492183673,-0.974224147388912,-0.974224151077397
2021-02-04 16:00:00,1436.66666666667,-32.299288912037,-0.964421698258578,-0.964421698314878
2021-02-04 17:00:00,1436.70833333333,-32.2395332061111,-0.955018698909104,-0.955018695334055
2021-02-04 18:00:00,1436.75,-32.3369013171322,-0.97064610096901,-0.970646093763452
2021-02-04 19:00:00,1436.79166666667,-32.0913023881262,-0.931639073491464,-0.931639062656239
2021-02-04 20:30:00,1436.85416666667,-31.2000352719852,-0.789836042906359,-0.789836026628212
2021-02-04 21:30:00,1436.89583333333,-30.820495380334,-0.72949328666884,-0.729493266763135
2021-02-04 22:30:00,1436.9375,-29.8328664254174,-0.572281972921495,-0.57228194938908
2021-02-05 02:30:00,1437.10416666667,-30.2083729022263,-0.632579808131614,-0.632579770100865
2021-02-05 03:30:00,1437.14583333333,-30.3351728618959,-0.652900140026392,-0.652900098373197
2021-02-05 04:30:00,1437.1875,-30.6127583347584,-0.697241176373639,-0.697241131098853
2021-02-05 05:30:00,1437.22916666667,-30.844482387384,-0.734276920089388,-0.734276871193873
2021-02-05 06:30:00,1437.27083333333,-30.6621189241636,-0.705348690941693,-0.705348638426311
2021-02-05 07:30:00,1437.3125,-30.8408087363636,-0.733936970841712,-0.733936914707325
2021-02-05 08:30:00,1437.35416666667,-30.5417239774074,-0.6864158843301,-0.686415824577574
2021-02-05 09:30:00,1437.39583333333,-30.3653481446296,-0.658442881581919,-0.658442818212121
2021-02-05 10:30:00,1437.4375,-30.2102407209259,-0.633858415668375,-0.633858348682174
2021-02-05 11:30:00,1437.47916666667,-30.0679110907407,-0.611309925400254,-0.61130985479852
2021-02-05 12:30:00,1437.52083333333,-29.518399975,-0.523897597449055,-0.523897523232661
2021-02-05 13:30:00,1437.5625,-28.8618444003704,-0.419433474580225,-0.419433396750045
2021-02-05 14:30:00,1437.60416666667,-27.2083388951852,-0.156154979155442,-0.156154897712351
2021-02-05 15:30:00,1437.64583333333,-24.6278110962963,0.254798366368298,0.254798451423421
2021-02-05 16:30:00,1437.6875,-22.1680814677778,0.646508013343463,0.646508102009739
2021-02-05 17:30:00,1437.72916666667,-20.3729457058052,0.932346918831339,0.932347011107887
2021-02-05 18:30:00,1437.77083333333,-20.4010647655556,0.927739564744216,0.927739660630152
2021-02-05 20:00:00,1437.83333333333,-21.1583525142857,0.806910264521787,0.806910365820146
2021-02-05 21:00:00,1437.875,-21.7021076150278,0.720160562026802,0.720160666932335
2021-02-05 22:00:00,1437.91666666667,-22.2190686395176,0.637678711702611,0.637678820214427
2021-02-05 23:00:00,1437.95833333333,-22.1608218938776,0.646827406953513,0.646827519070721
2021-02-06,1438,-22.1696140753247,0.645296290022111,0.645296405743819
2021-02-06 04:00:00,1438.16666666667,-24.7170946467532,0.23895411939404,0.238954249524781
2021-02-06 05:00:00,1438.20833333333,-23.9056363365492,0.368087176999727,0.368087310730477
2021-02-06 06:00:00,1438.25,-23.1479350384045,0.488656241383458,0.488656378713313
2021-02-06 07:00:00,1438.29166666667,-24.414018525603,0.286834480523371,0.286834621451424
2021-02-06 08:00:00,1438.33333333333,-25.165293103154,0.167021684210341,0.167021828735687
2021-02-06 09:00:00,1438.375,-26.5661666801852,-0.0562731595111067,-0.0562730113893771
2021-02-06 10:00:00,1438.41666666667,-27.4724219741636,-0.200775419792666,-0.200775268075465
2021-02-06 11:00:00,1438.45833333333,-28.0870907633333,-0.298828203928341,-0.298828048616579
2021-02-06 12:00:00,1438.5,-28.5180909105751,-0.367622904524981,-0.367622745619573
2021-02-06 13:00:00,1438.54166666667,-28.7429813946097,-0.403584650786398,-0.403584488288261
2021-02-06 14:00:00,1438.58333333333,-30.7256833366667,-0.719567480696658,-0.719567314606708
2021-02-06 15:00:00,1438.625,-30.7265000183333,-0.719835034509123,-0.719834864828281
2021-02-06 16:00:00,1438.66666666667,-30.206590747963,-0.637151034136445,-0.637150860865631
2021-02-06 17:00:00,1438.70833333333,-30.8948605618959,-0.746931287293694,-0.746931110433832
2021-02-06 18:00:00,1438.75,-30.4308659061453,-0.673155448957878,-0.673155268509893
2021-02-06 19:30:00,1438.8125,-30.4795725035316,-0.6811235735804,-0.681123387751968
2021-02-06 20:30:00,1438.85416666667,-30.8348451656716,-0.737858759005822,-0.737858569591587
2021-02-06 21:30:00,1438.89583333333,-31.2698355263551,-0.807293492476181,-0.807293299477074
2021-02-06 22:30:00,1438.9375,-29.4549719981343,-0.518325355298554,-0.518325158715508
2021-02-06 23:30:00,1438.97916666667,-29.3590634270522,-0.503188432734956,-0.503188232568906
2021-02-07 00:30:00,1439.02083333333,-29.5458942178108,-0.5330925540446,-0.53309235029648
2021-02-07 01:30:00,1439.0625,-28.5671895773234,-0.377326509661103,-0.377326302331853
2021-02-07 05:30:00,1439.22916666667,-29.8649221369202,-0.584630063382971,-0.584629841738616
2021-02-07 06:30:00,1439.27083333333,-29.94580146141,-0.597658807764552,-0.597658582543784
2021-02-07 07:30:00,1439.3125,-30.1141691475836,-0.624624971651684,-0.624624742855451
2021-02-07 08:30:00,1439.35416666667,-30.5445028189239,-0.693322965074668,-0.693322732703922
2021-02-07 09:30:00,1439.39583333333,-31.635916348513,-0.86733191315255,-0.867331677208241
2021-02-07 10:30:00,1439.4375,-31.7334907022305,-0.883022031049637,-0.883021791532721
2021-02-07 11:30:00,1439.47916666667,-31.7756734157699,-0.889888681752967,-0.889888438664399
2021-02-07 12:30:00,1439.52083333333,-31.7961316782931,-0.893295072479693,-0.89329482582043
2021-02-07 13:30:00,1439.5625,-31.7219870607407,-0.881631617325309,-0.88163136709631
2021-02-07 14:30:00,1439.60416666667,-27.5883580424861,-0.223289856625094,-0.223289602827321
2021-02-07 15:30:00,1439.64583333333,-25.8228111022222,0.0578142764231372,0.0578145337887225
2021-02-07 16:30:00,1439.6875,-25.9429073853704,0.0385336361867278,0.0385338971191607
2021-02-07 17:30:00,1439.72916666667,-26.4225203733333,-0.0380187322564682,-0.0380184677581549
2021-02-07 19:00:00,1439.79166666667,-26.4290315037106,-0.039281337798291,-0.0392810679529711
2021-02-07 20:00:00,1439.83333333333,-27.1666474510204,-0.156934912238187,-0.15693463882941
2021-02-07 21:00:00,1439.875,-28.5707699070501,-0.380763909756092,-0.380763632784829
2021-02-07 22:00:00,1439.91666666667,-29.2540074552876,-0.489755886177087,-0.489755605644313
2021-02-07 23:00:00,1439.95833333333,-30.6193951660482,-0.707415330750718,-0.707415046657409
2021-02-08,1440,-32.0995695474954,-0.9433608337045,-0.943360546051633
2021-02-08 01:00:00,1440.04166666667,-31.7991707014842,-0.895660208738165,-0.89565991752672
2021-02-08 02:00:00,1440.08333333333,-30.832910961039,-0.741887927011133,-0.741887632242091
2021-02-08 03:00:00,1440.125,-30.9210649473098,-0.7560849649233,-0.756084666597642
2021-02-08 23:30:00,1440.97916666667,-32.1908627696891,-0.961623710635002,-0.961623339618225
2021-02-09,1441,-32.8903819764045,-1.07313951501654,-1.0731391422321
2021-02-09 00:30:00,1441.02083333333,-32.3232339673522,-0.982874441171475,-0.982874066619636
2021-02-09 01:00:00,1441.04166666667,-32.9432999313333,-1.08173351603902,-1.08173313972003
2021-02-09 01:30:00,1441.0625,-32.7703298899485,-1.05426150293862,-1.05426112485274
2021-02-09 02:00:00,1441.08333333333,-33.4696666453333,-1.16574870031438,-1.16574832046186
2021-02-09 02:30:00,1441.10416666667,-32.8187808806701,-1.06214459973993,-1.06214421812104
2021-02-09 03:00:00,1441.125,-33.5933665933333,-1.1856192385315,-1.18561885514648
2021-02-09 03:30:00,1441.14583333333,-33.1293932511568,-1.11179064915545,-1.11179026400457
2021-02-09 04:00:00,1441.16666666667,-33.4732266473333,-1.16664636481498,-1.16664597789849
2021-02-09 04:30:00,1441.1875,-33.2032139381443,-1.12371607156448,-1.12371568288263
2021-02-09 05:00:00,1441.20833333333,-33.9872484167785,-1.24869636289536,-1.24869597244841
2021-02-09 05:30:00,1441.22916666667,-33.1699203272494,-1.11857856707986,-1.11857817486807
2021-02-09 06:00:00,1441.25,-33.7598278443709,-1.21263452333641,-1.21263412936005
2021-02-09 06:30:00,1441.27083333333,-33.2762827195373,-1.13568882092114,-1.13568842518045
2021-02-09 07:00:00,1441.29166666667,-33.544788084106,-1.17854541317561,-1.17854501567085
2021-02-09 07:30:00,1441.3125,-33.8888097521851,-1.23343192081684,-1.23343152154828
2021-02-09 08:00:00,1441.33333333333,-34.5400199172185,-1.33725388980555,-1.33725348877344
2021-02-09 08:30:00,1441.35416666667,-33.9747480485861,-1.24728951576955,-1.24728911297415
2021-02-09 09:00:00,1441.375,-34.2448013225166,-1.29039314811794,-1.2903927435595
2021-02-09 09:30:00,1441.39583333333,-33.5486813030848,-1.17958479862413,-1.17958439230293
2021-02-09 10:00:00,1441.41666666667,-33.6260265317881,-1.19199013010503,-1.19198972202131
2021-02-09 10:30:00,1441.4375,-32.1953650316195,-0.964169026244642,-0.964168616398674
2021-02-09 11:00:00,1441.45833333333,-32.4774900668874,-1.009196155655,-1.00919574404704
2021-02-09 11:30:00,1441.47916666667,-32.5794677084833,-1.02552579070445,-1.02552537733475
2021-02-09 12:00:00,1441.5,-32.9344237397351,-1.08215517818327,-1.0821547630521
2021-02-09 12:30:00,1441.52083333333,-32.9474448020566,-1.08431419492545,-1.08431377803307
2021-02-09 13:00:00,1441.54166666667,-33.144278092053,-1.11575474504476,-1.11575432639143
2021-02-09 13:30:00,1441.5625,-32.1500205352185,-0.957453786238875,-0.957453365824853
2021-02-09 14:00:00,1441.58333333333,-32.1829987,-0.962792326093957,-0.962791903919506
2021-02-09 15:00:00,1441.625,-29.3053079946197,-0.504544671924434,-0.504544246229907
2021-02-09 16:30:00,1441.6875,-27.5416415786967,-0.223848004695109,-0.223847573722433
2021-02-09 17:00:00,1441.70833333333,-27.2257642521429,-0.173614300048081,-0.173613867316547
2021-02-09 18:00:00,1441.75,-25.8004837273183,0.0532620055179888,0.0532624417664526
2021-02-09 18:30:00,1441.77083333333,-25.5131532963504,0.0989478271644163,0.0989482651709493
2021-02-09 19:00:00,1441.79166666667,-25.7380776967419,0.0630309740891255,0.0630314138534659
2021-02-09 19:30:00,1441.8125,-25.6965839357664,0.0695546104938127,0.0695550520156967
2021-02-09 20:00:00,1441.83333333333,-25.3772856949875,0.120332585053253,0.120333028332417
2021-02-09 20:30:00,1441.85416666667,-25.3838248832117,0.1192043103357,0.119204755371879
2021-02-09 21:00:00,1441.875,-25.4554611170426,0.107705915755614,0.107706362548546
2021-02-09 21:30:00,1441.89583333333,-25.2039343992701,0.147687496335028,0.147687944884447
2021-02-10 01:00:00,1442.04166666667,-26.5780982996289,-0.0718286222710854,-0.0718281614336717
2021-02-10 02:00:00,1442.08333333333,-27.1482559623377,-0.162830692531275,-0.162830228185397
2021-02-10 03:00:00,1442.125,-27.2520593350649,-0.179542646555837,-0.179542178702559
2021-02-10 04:00:00,1442.16666666667,-27.5175621608534,-0.222013894336196,-0.222013422976587
2021-02-10 05:00:00,1442.20833333333,-28.284152103525,-0.34430913315929,-0.344308658294418
2021-02-10 06:00:00,1442.25,-28.9456437595547,-0.449862594965382,-0.449862116596319
2021-02-10 07:00:00,1442.29166666667,-28.6664648098148,-0.405567012116234,-0.405566530244053
2021-02-10 08:00:00,1442.33333333333,-28.8742000307407,-0.438837659576471,-0.438837174202246
2021-02-10 09:00:00,1442.375,-29.1510926566667,-0.483125585950068,-0.483125097074873
2021-02-10 10:00:00,1442.41666666667,-29.3098055590741,-0.508587852698936,-0.508587360323852
2021-02-10 11:00:00,1442.45833333333,-29.3694258905556,-0.518265056779138,-0.518264560905242
2021-02-10 12:00:00,1442.5,-29.8311185368519,-0.591993122535698,-0.591992623164071
2021-02-10 13:00:00,1442.54166666667,-29.7739370762963,-0.583064626785132,-0.583064123916858
2021-02-10 14:00:00,1442.58333333333,-30.0653203838889,-0.629663202104875,-0.629662695741038
2021-02-10 15:00:00,1442.625,-29.8723240503704,-0.599100208774842,-0.599099698916528
2021-02-10 16:00:00,1442.66666666667,-29.5873197335601,-0.553880732186223,-0.553880218834521
2021-02-10 17:30:00,1442.72916666667,-30.0753822083488,-0.631903156792662,-0.631902638202921
2021-02-10 18:30:00,1442.77083333333,-30.2228401429368,-0.655576361060709,-0.655575838980306
2021-02-10 19:30:00,1442.8125,-30.3824943947955,-0.681192901288057,-0.681192375718087
2021-02-10 20:30:00,1442.85416666667,-30.4490372726257,-0.691977186902488,-0.691976657844045
2021-02-10 21:30:00,1442.89583333333,-30.2516140831169,-0.660711943070455,-0.660711410524637
2021-02-10 22:30:00,1442.9375,-29.7469627821229,-0.580505495149379,-0.580504959117285
2021-02-11 02:30:00,1443.10416666667,-29.6673481874652,-0.56856682745237,-0.568566277486196
2021-02-11 03:30:00,1443.14583333333,-29.5449220671614,-0.549251390629486,-0.549250837182556
2021-02-11 04:30:00,1443.1875,-29.5102337935065,-0.543913108523764,-0.543912551597187
2021-02-11 05:30:00,1443.22916666667,-29.5213376367347,-0.5458699963124,-0.545869435907288
2021-02-11 06:30:00,1443.27083333333,-29.8644953573284,-0.600723756910006,-0.60072319302747
2021-02-11 07:30:00,1443.3125,-29.707408109833,-0.575888589368079,-0.575888022009234
2021-02-11 08:30:00,1443.35416666667,-29.6397870174074,-0.56530589692378,-0.565305326089741
2021-02-11 09:30:00,1443.39583333333,-29.7380870585185,-0.581155012185447,-0.581154437877332
2021-02-11 10:30:00,1443.4375,-29.6871963057407,-0.573238379834036,-0.573237802052964
2021-02-11 11:30:00,1443.47916666667,-29.6608703924074,-0.569235396329899,-0.569234815076992
2021-02-11 12:30:00,1443.52083333333,-29.8976981861111,-0.607153438681259,-0.607152853957638
2021-02-11 13:30:00,1443.5625,-29.9413296453704,-0.614295619068793,-0.614295030875582
2021-02-11 14:30:00,1443.60416666667,-29.5378018581481,-0.550205464021686,-0.550204872360013
2021-02-11 15:30:00,1443.64583333333,-29.4358314935185,-0.53415407386712,-0.534153478738111
2021-02-11 17:00:00,1443.70833333333,-29.7031039512059,-0.577020457313918,-0.577019856986024
2021-02-11 18:00:00,1443.75,-29.8133691660482,-0.594779476145264,-0.594778872352862
2021-02-11 19:00:00,1443.79166666667,-29.9863617410019,-0.622531459898488,-0.62253085264271
2021-02-11 20:00:00,1443.83333333333,-30.4942597337662,-0.703634567567321,-0.703633956849302
2021-02-11 21:00:00,1443.875,-31.7415791752328,-0.902528491845221,-0.902527877666098
2021-02-11 22:00:00,1443.91666666667,-31.2801948079777,-0.82922512966412,-0.829224512025033
2021-02-11 23:00:00,1443.95833333333,-31.2167453591078,-0.81931353558186,-0.819312914483947
2021-02-12,1444,-31.1009368953618,-0.801061564143917,-0.801060939588321
2021-02-12 04:00:00,1444.16666666667,-32.4866344617811,-1.02259428437834,-1.02259364600346
2021-02-12 05:00:00,1444.20833333333,-32.6013280802372,-1.04106371349227,-1.04106307166544
2021-02-12 06:00:00,1444.25,-32.5704155651206,-1.03633843199907,-1.03633778672144
2021-02-12 07:00:00,1444.29166666667,-32.8689053623377,-1.08408762467641,-1.08408697594915
2021-02-12 08:00:00,1444.33333333333,-32.6196901348794,-1.04458746584475,-1.044586813669
2021-02-12 09:00:00,1444.375,-33.008692051577,-1.10675620437098,-1.1067555487479
2021-02-12 10:00:00,1444.41666666667,-33.8938885371747,-1.247969542423,-1.24796888335375
2021-02-12 11:00:00,1444.45833333333,-35.1534314890741,-1.44881699007973,-1.44881632756546
2021-02-12 12:00:00,1444.5,-35.5409647827778,-1.51075312594412,-1.51075245998601
2021-02-12 13:00:00,1444.54166666667,-36.4863692178108,-1.66155898308745,-1.66155831368665
2021-02-12 14:00:00,1444.58333333333,-38.1080782871508,-1.9201011014714,-1.92010042862908
2021-02-12 15:00:00,1444.625,-37.9898107521336,-1.90146415296859,-1.90146347668591
2021-02-12 16:30:00,1444.6875,-38.4153043014842,-1.96955115371899,-1.96955047227797
2021-02-12 17:30:00,1444.72916666667,-38.4831465393321,-1.98056274856381,-1.98056206368536
2021-02-12 18:30:00,1444.77083333333,-37.5463803621521,-1.83153995421964,-1.83153926590493
2021-02-12 19:30:00,1444.8125,-38.7377922410019,-2.0215378941488,-2.021537202399
2021-02-12 20:30:00,1444.85416666667,-36.5241427883117,-1.6691075796853,-1.6691068845016
2021-02-12 21:30:00,1444.89583333333,-33.5472615283859,-1.19509434182927,-1.19509364321284
2021-02-12 22:30:00,1444.9375,-33.5451780782931,-1.19496896971609,-1.19496826766811
2021-02-12 23:30:00,1444.97916666667,-33.4817588309833,-1.18507320997838,-1.18507250450003
2021-02-13 00:30:00,1445.02083333333,-33.6141559027829,-1.20637157840489,-1.20637086949735
2021-02-13 01:30:00,1445.0625,-33.9030018554731,-1.2525928138486,-1.25259210151306
2021-02-13 05:30:00,1445.22916666667,-34.6020648367347,-1.36479000416736,-1.36478927813168
2021-02-13 06:30:00,1445.27083333333,-33.6510314866419,-1.21349982149686,-1.21349909203913
2021-02-13 07:30:00,1445.3125,-33.3652876141002,-1.16819117587253,-1.16819044299394
2021-02-13 08:30:00,1445.35416666667,-33.8256270764378,-1.2417345863951,-1.24173385009684
2021-02-13 09:30:00,1445.39583333333,-34.1772560458256,-1.297960785337,-1.29796004562027
2021-02-13 10:30:00,1445.4375,-34.6153023337662,-1.36795377240298,-1.36795302926898
2021-02-13 11:30:00,1445.47916666667,-34.7112006864312,-1.38344279629153,-1.38344204974146
2021-02-13 12:30:00,1445.52083333333,-35.0683129461111,-1.44054382954045,-1.44054307957551
2021-02-13 13:30:00,1445.5625,-35.3230407694444,-1.48133539611134,-1.48133464273275
2021-02-13 14:30:00,1445.60416666667,-35.702502809833,-1.5419976596836,-1.54199690289254
2021-02-13 16:00:00,1445.66666666667,-34.9205510523191,-1.41775355802445,-1.41775279611698
2021-02-13 17:00:00,1445.70833333333,-35.5575614052273,-1.5194445690681,-1.51944380375119
2021-02-13 18:00:00,1445.75,-35.4944627916357,-1.50960816814531,-1.50960739942017
2021-02-13 19:00:00,1445.79166666667,-35.1728868647495,-1.45859659309671,-1.45859582096456
2021-02-13 20:00:00,1445.83333333333,-34.8839628836735,-1.41278694283166,-1.41278616729371
2021-02-13 21:00:00,1445.875,-34.2824266977737,-1.31717839131338,-1.31717761237086
2021-02-13 22:00:00,1445.91666666667,-32.5379220430427,-1.03949459219166,-1.03949380984577
2021-02-13 23:00:00,1445.95833333333,-33.7005621176252,-1.22492147208036,-1.22492068633233
2021-02-14,1446,-32.1543475949814,-0.97882632488805,-0.978825535739097
2021-02-14 01:00:00,1446.04166666667,-30.5032867919926,-0.716029536238558,-0.716028743689907
2021-02-14 02:00:00,1446.08333333333,-29.1261672381041,-0.496872230146783,-0.496871434199656
2021-02-14 03:00:00,1446.125,-26.7149257623377,-0.112979008605728,-0.112978209261354
2021-02-14 07:00:00,1446.29166666667,-25.4232690365492,0.0919013014713079,0.0919021143923815
2021-02-14 08:00:00,1446.33333333333,-25.2532151981447,0.118769503980512,0.118770320292679
2021-02-14 09:00:00,1446.375,-25.0773766361781,0.146558772062723,0.146559591764747
2021-02-14 10:00:00,1446.41666666667,-25.2355046209648,0.121146485680051,0.121147308770695
2021-02-14 11:00:00,1446.45833333333,-25.3386716087199,0.104489080603859,0.104489907081884
2021-02-14 12:00:00,1446.5,-25.4780871786642,0.0820568057989771,0.0820576356631413
2021-02-14 13:00:00,1446.54166666667,-25.5393314996296,0.0720768222507768,0.0720776554998389
2021-02-14 14:00:00,1446.58333333333,-24.6659833346296,0.210977645135063,0.21097848176778
2021-02-14 15:30:00,1446.64583333333,-24.3374359842301,0.262978393881189,0.262979235587049
2021-02-14 16:30:00,1446.6875,-23.9825603222634,0.319285065895898,0.319285910982293
2021-02-14 17:30:00,1446.72916666667,-23.1366848178236,0.45380791964118,0.453808768106863
2021-02-14 18:30:00,1446.77083333333,-23.5562301118738,0.386747891967552,0.386748743811271
2021-02-14 19:30:00,1446.8125,-23.1529572836735,0.45076293534609,0.450763790566591
2021-02-14 20:30:00,1446.85416666667,-23.4565028473098,0.402180860101836,0.402181718697865
2021-02-14 21:30:00,1446.89583333333,-23.7317922209647,0.358099572528147,0.358100434498449
2021-02-14 22:30:00,1446.9375,-24.4182578680891,0.248517167290033,0.248518032633348
2021-02-14 23:30:00,1446.97916666667,-25.0030445404453,0.155131852041291,0.155132720756362
2021-02-15 00:30:00,1447.02083333333,-25.1743952152134,0.127606743419631,0.127607615505196
2021-02-15 01:30:00,1447.0625,-25.5321428411874,0.0703880241514282,0.0703888996062237
2021-02-15 02:30:00,1447.10416666667,-25.8448714977654,0.0203404158787744,0.0203412947015374
2021-02-15 03:30:00,1447.14583333333,-26.2195632169145,-0.0395783954235881,-0.0395775132341234
2021-02-15 04:30:00,1447.1875,-26.4232267576208,-0.0722527384457952,-0.0722518528908972
2021-02-15 08:30:00,1447.35416666667,-25.886680961039,0.0122925833046008,0.0122934823085288
2021-02-15 09:30:00,1447.39583333333,-25.8760650708178,0.0137508947105465,0.0137517970735477
2021-02-15 10:30:00,1447.4375,-25.9286827320965,0.00513561412312113,0.00513651984391739
2021-02-15 11:30:00,1447.47916666667,-26.2093717210037,-0.0398120338704735,-0.0398111247931596
2021-02-15 12:30:00,1447.52083333333,-26.2728014805195,-0.0501505731784561,-0.0501496607459051
2021-02-15 13:30:00,1447.5625,-25.7885918476809,0.0267497923728908,0.0267507081593961
2021-02-15 15:00:00,1447.625,-24.1416048337662,0.288763310263261,0.288764231078291
2021-02-15 16:00:00,1447.66666666667,-23.9929461163569,0.312209071493113,0.312209995658887
2021-02-15 17:00:00,1447.70833333333,-23.9097551096475,0.325225338353774,0.325226265869004
2021-02-15 18:00:00,1447.75,-23.3122337680891,0.420174353952996,0.420175284816393
2021-02-15 19:00:00,1447.79166666667,-22.4402912510204,0.558838417887377,0.55883935209765
2021-02-15 20:00:00,1447.83333333333,-21.5334026178108,0.703068982189064,0.703069919744922
2021-02-15 21:00:00,1447.875,-21.6653135326531,0.681817595361963,0.681818536262111
2021-02-15 22:00:00,1447.91666666667,-21.6634975817073,0.68186855315455,0.681869497397693
2021-02-15 23:00:00,1447.95833333333,-21.6328553037106,0.686511124904968,0.686512072489808
2021-02-16,1448,-21.7275335776119,0.671189602763755,0.671190553688994
2021-02-16 01:00:00,1448.04166666667,-21.6148915677108,0.688893909689863,0.688894863954201
2021-02-16 02:00:00,1448.08333333333,-21.7367327909091,0.669244429845478,0.669245387447614
2021-02-16 03:00:00,1448.125,-21.8178000401869,0.656089833134089,0.656090794072718
2021-02-16 04:00:00,1448.16666666667,-21.9966405707635,0.627359442915008,0.627360407188827
2021-02-16 05:00:00,1448.20833333333,-21.854344510987,0.649785901224079,0.64978686883178
2021-02-16 06:00:00,1448.25,-21.5224757908922,0.702410980113265,0.702411951053539
2021-02-16 10:00:00,1448.41666666667,-21.7060055810761,0.672202777554466,0.672203761811924
2021-02-16 11:00:00,1448.45833333333,-21.9078701395176,0.639801567227005,0.639802554810474
2021-02-16 12:00:00,1448.5,-21.998729103154,0.625083188545653,0.625084179453813
2021-02-16 13:00:00,1448.54166666667,-20.8870074359926,0.801936324922343,0.801937319153876
2021-02-16 14:30:00,1448.60416666667,-20.2359925682746,0.905275256606576,0.905276255820692
2021-02-16 15:30:00,1448.64583333333,-20.2466975766234,0.903323925006993,0.903324927541176
2021-02-16 16:30:00,1448.6875,-19.9022597580705,0.957946661155722,0.957947667008649
2021-02-16 17:30:00,1448.72916666667,-19.8725918367347,0.962425889499125,0.962426898669469
2021-02-16 18:30:00,1448.77083333333,-19.408677190167,1.03608049337641,1.03608150586284
2021-02-16 19:30:00,1448.8125,-18.9653321272727,1.10645790988837,1.10645892568956
2021-02-16 20:30:00,1448.85416666667,-18.6178590064935,1.16156241965029,1.16156343876491
2021-02-16 21:30:00,1448.89583333333,-19.3209796226345,1.04930615862104,1.04930718104776
2021-02-16 22:30:00,1448.9375,-19.5475046335807,1.01297148047525,1.01297250621273
2021-02-16 23:30:00,1448.97916666667,-19.8951576792208,0.957340582365688,0.957341611412593
2021-02-17 00:30:00,1449.02083333333,-22.7122615781076,0.508323961284456,0.508324993639449
2021-02-17 01:30:00,1449.0625,-23.6074954014842,0.365462179402571,0.365463215064312
2021-02-17 02:30:00,1449.10416666667,-24.5771577079777,0.210743449879608,0.210744488846761
2021-02-17 03:30:00,1449.14583333333,-26.0915788471243,-0.0307561879407942,-0.030755145669575
2021-02-17 04:30:00,1449.1875,-27.0907736536178,-0.190180339618158,-0.190179294044216
2021-02-17 05:30:00,1449.22916666667,-27.6918515658627,-0.286184622249115,-0.286183573373793
2021-02-17 06:30:00,1449.27083333333,-28.2313766289425,-0.372383928598993,-0.37238287642364
2021-02-17 07:30:00,1449.3125,-29.1421704044944,-0.517727042606777,-0.517725987132741
2021-02-17 11:00:00,1449.45833333333,-30.2580793103659,-0.696381115349596,-0.696380048340807
2021-02-17 11:30:00,1449.47916666667,-30.4739812596257,-0.730901884230806,-0.730900815575548
2021-02-17 12:00:00,1449.5,-30.3294572939024,-0.708006656239683,-0.708005585938297
2021-02-17 12:30:00,1449.52083333333,-30.407139081016,-0.720509072399385,-0.72050800045221
2021-02-17 13:30:00,1449.5625,-30.8836954454023,-0.796680472452853,-0.796679397215117
2021-02-17 14:00:00,1449.58333333333,-30.3757610041209,-0.715894131641289,-0.715893054758781
2021-02-17 14:30:00,1449.60416666667,-30.9069080344828,-0.800634320670347,-0.800633242143409
2021-02-17 15:00:00,1449.625,-30.6820275198347,-0.764938890363713,-0.764937810192684
2021-02-17 15:30:00,1449.64583333333,-32.2684943275862,-1.01779249176099,-1.01779140994621
2021-02-17 16:00:00,1449.66666666667,-30.9656795337017,-0.810381578119635,-0.810380494661445
2021-02-17 16:30:00,1449.6875,-31.1418736022989,-0.838577941991194,-0.838576856889937
2021-02-17 17:00:00,1449.70833333333,-30.4794383427397,-0.733180163377813,-0.733179076633826
2021-02-17 17:30:00,1449.72916666667,-31.0292126298851,-0.820888340583069,-0.820887252196696
2021-02-17 18:00:00,1449.75,-29.4906922815934,-0.57592979879436,-0.575928708765942
2021-02-17 18:30:00,1449.77083333333,-31.3313081872093,-0.869270185761173,-0.86926909409105
2021-02-17 19:00:00,1449.79166666667,-29.6944451126374,-0.608645794854021,-0.608644701542535
2021-02-17 19:30:00,1449.8125,-32.0114884994253,-0.977881637454292,-0.977880542501788
2021-02-17 20:00:00,1449.83333333333,-30.1541639505464,-0.682137793534259,-0.682136696941075
2021-02-17 20:30:00,1449.85416666667,-32.4238322606936,-1.04382696992648,-1.04382587169296
2021-02-17 21:00:00,1449.875,-29.7343715595628,-0.615523459620442,-0.61552235974693
2021-02-17 21:30:00,1449.89583333333,-29.6970460063218,-0.609707082257986,-0.609705980744822
2021-02-17 22:00:00,1449.91666666667,-28.1406693939891,-0.3619048942694,-0.361903791116929
2021-02-17 22:30:00,1449.9375,-28.8088736137931,-0.468480131156096,-0.468479026364661
2021-02-17 23:00:00,1449.95833333333,-27.6094152827869,-0.277535497630563,-0.277534391200506
2021-02-17 23:30:00,1449.97916666667,-28.9892184385057,-0.497469170682141,-0.497468062613807
2021-02-18,1450,-27.9582631398026,-0.333367407739791,-0.333366298033522
2021-02-18 00:30:00,1450.02083333333,-27.8496263804598,-0.316191755754177,-0.316190644410318
2021-02-18 01:00:00,1450.04166666667,-27.396169434153,-0.244086110092247,-0.244084997111141
2021-02-18 01:30:00,1450.0625,-26.431890804023,-0.0906063136608647,-0.0906051990428579
2021-02-18 02:00:00,1450.08333333333,-26.1424946068306,-0.0446358795620749,-0.0446347633075092
2021-02-18 02:30:00,1450.10416666667,-26.4752931155172,-0.0977816152074299,-0.0977804973166524
2021-02-18 03:00:00,1450.125,-26.3132623150273,-0.0721007967426927,-0.0720996772160468
2021-02-18 03:30:00,1450.14583333333,-26.969367837931,-0.176749787680933,-0.176748666518764
2021-02-18 04:00:00,1450.16666666667,-26.5732732612022,-0.113782659251922,-0.113781536454575
2021-02-18 04:30:00,1450.1875,-27.5351723982759,-0.267145008273164,-0.267143883840985
2021-02-18 05:00:00,1450.20833333333,-27.0016830811475,-0.182291016302751,-0.182289890236084
2021-02-18 05:30:00,1450.22916666667,-28.5887456289017,-0.435242560149507,-0.435241432448701
2021-02-18 06:00:00,1450.25,-28.1593525008197,-0.366971382203574,-0.366970252868972
2021-02-18 06:30:00,1450.27083333333,-28.2782356017241,-0.386041107675335,-0.386039976707284
2021-02-18 07:00:00,1450.29166666667,-28.1199890636612,-0.360963991937742,-0.360962859336588
2021-02-18 07:30:00,1450.3125,-27.5667011051724,-0.272956603926307,-0.272955469692399
2021-02-18 08:00:00,1450.33333333333,-27.5356494505535,-0.268141940602436,-0.268140804736118
2021-02-18 08:30:00,1450.35416666667,-28.7808103873563,-0.466628963356976,-0.466627825858597
2021-02-18 09:00:00,1450.375,-28.8497896079235,-0.47774950645202,-0.477748367321925
2021-02-18 12:30:00,1450.52083333333,-28.695824193956,-0.454150463336488,-0.454149312794125
2021-02-18 13:00:00,1450.54166666667,-28.7170799691429,-0.457669492874313,-0.457668340703019
2021-02-18 14:00:00,1450.58333333333,-29.3624812529412,-0.560748641593536,-0.560747486165428
2021-02-18 14:30:00,1450.60416666667,-29.0825999909091,-0.516296650148698,-0.516295493092706
2021-02-18 15:00:00,1450.625,-29.9368472037534,-0.65251224326051,-0.652511084576984
2021-02-18 15:30:00,1450.64583333333,-29.6897636454545,-0.613285165534305,-0.613284005223594
2021-02-18 16:00:00,1450.66666666667,-30.1573743168449,-0.687909497339414,-0.687908335401868
2021-02-18 16:30:00,1450.6875,-30.1738969024242,-0.690675282717071,-0.690674119153042
2021-02-18 17:00:00,1450.70833333333,-30.3595656903485,-0.720386286980481,-0.720385121790317
2021-02-18 17:30:00,1450.72916666667,-29.52483032,-0.587546287598779,-0.587545120782831
2021-02-18 18:00:00,1450.75,-30.5303369005348,-0.747858253996215,-0.747857085554834
2021-02-18 18:30:00,1450.77083333333,-30.4449333787879,-0.734387569449142,-0.734386399382677
2021-02-18 19:00:00,1450.79166666667,-30.0425427695187,-0.670420723246462,-0.670419551555266
2021-02-18 19:30:00,1450.8125,-30.0391757642424,-0.670018730199344,-0.670017556883768
2021-02-18 20:00:00,1450.83333333333,-28.1473556355615,-0.368784912957162,-0.368783738017557
2021-02-18 20:30:00,1450.85416666667,-27.7088060781818,-0.299058244106194,-0.299057067542911
2021-02-18 21:00:00,1450.875,-26.0685881965241,-0.0379050603113872,-0.0379038821247784
2021-02-18 21:30:00,1450.89583333333,-25.62335148,0.0328866621060236,0.0328878419156066
2021-02-18 22:00:00,1450.91666666667,-25.1664866494652,0.105530643588813,0.105531825021017
2021-02-18 22:30:00,1450.9375,-24.9133394048485,0.145722160266972,0.145723343321445
2021-02-18 23:00:00,1450.95833333333,-24.1203583254011,0.271909484834056,0.271910669510446
2021-02-18 23:30:00,1450.97916666667,-23.9603454715152,0.297264410988105,0.297265597286059
2021-02-19,1451,-23.8215978876676,0.319231656691798,0.319232844610963
2021-02-19 00:30:00,1451.02083333333,-23.811563649697,0.320694666697636,0.32069585623766
2021-02-19 01:00:00,1451.04166666667,-23.6863806627346,0.340500847002406,0.340502038162936
2021-02-19 01:30:00,1451.0625,-23.6280303260606,0.349660430672047,0.349661623452727
2021-02-19 02:00:00,1451.08333333333,-23.782101573262,0.324980996563869,0.324982190964346
2021-02-19 02:30:00,1451.10416666667,-23.7164847866667,0.335297915581262,0.335299111601184
2021-02-19 03:00:00,1451.125,-23.4724679104278,0.374033988733229,0.374035186372239
2021-02-19 03:30:00,1451.14583333333,-23.3914909454545,0.386797579895109,0.386798779152857
2021-02-19 04:00:00,1451.16666666667,-23.3012299371658,0.401040018193895,0.401041219070024
2021-02-19 04:30:00,1451.1875,-23.3292060969697,0.39644708354157,0.396448286035724
2021-02-19 05:00:00,1451.20833333333,-23.5267452941019,0.364842528308231,0.364843732420058
2021-02-19 05:30:00,1451.22916666667,-23.5699151145455,0.357829017550321,0.357830223279465
2021-02-19 14:00:00,1451.58333333333,-24.1548144558442,0.262316729386284,0.262317962555317
2021-02-19 15:30:00,1451.64583333333,-23.5705602621521,0.354973137378171,0.354974375378813
2021-02-19 16:30:00,1451.6875,-23.003797413197,0.44498119327563,0.444982434495549
2021-02-19 17:30:00,1451.72916666667,-22.6812411699443,0.496086533814123,0.496087778251882
2021-02-19 18:30:00,1451.77083333333,-22.6616141217069,0.498934608694808,0.498935856348968
2021-02-19 19:30:00,1451.8125,-22.7186976115028,0.489562211776285,0.489563462645405
2021-02-19 20:30:00,1451.85416666667,-23.0398478688312,0.438123361955288,0.438124616037928
2021-02-19 21:30:00,1451.89583333333,-23.1239814567718,0.424441008956855,0.424442266251572
2021-02-19 22:30:00,1451.9375,-23.261510219295,0.402252338648018,0.402253599153364
2021-02-19 23:30:00,1451.97916666667,-23.7548386083488,0.323384105875199,0.32338536958973
2021-02-20 00:30:00,1452.02083333333,-24.3641429051948,0.226040400558309,0.226041667480576
2021-02-20 01:30:00,1452.0625,-25.0334192673469,0.119142674970468,0.119143945099021
2021-02-20 02:30:00,1452.10416666667,-25.3557699402597,0.067510032329236,0.0675113056626264
2021-02-20 03:30:00,1452.14583333333,-25.4146159430427,0.0578534448213471,0.0578547213581216
2021-02-20 04:30:00,1452.1875,-25.3404137434137,0.0693911040582643,0.0693923837969677
2021-02-20 05:30:00,1452.22916666667,-25.2631725714286,0.081412446930882,0.0814137298700602
2021-02-20 06:30:00,1452.27083333333,-24.9803116575139,0.126188734944189,0.126190021082385
2021-02-20 07:30:00,1452.3125,-25.2781910890538,0.0784522443806532,0.0784535337164076
2021-02-20 08:30:00,1452.35416666667,-24.9386048128015,0.13226407021317,0.132265362745024
2021-02-20 09:30:00,1452.39583333333,-25.0921198237828,0.107524082362925,0.107525378089418
2021-02-20 10:30:00,1452.4375,-25.4571061493878,0.0490961368689347,0.0490974357886013
2021-02-20 11:30:00,1452.47916666667,-25.6971479505618,0.0105715174458173,0.0105728195571949
2021-02-20 15:30:00,1452.64583333333,-28.5193792079926,-0.440159351146572,-0.440158036283026
2021-02-20 16:30:00,1452.6875,-28.9399164662338,-0.507439153452244,-0.507437835404331
2021-02-20 17:30:00,1452.72916666667,-28.9063673317254,-0.502383093972768,-0.502381772741962
2021-02-20 18:30:00,1452.77083333333,-28.5781080641892,-0.450379924626226,-0.450378600214002
2021-02-20 19:30:00,1452.8125,-30.0323351536313,-0.68232853051277,-0.682327202920604
2021-02-20 20:30:00,1452.85416666667,-29.8305185776952,-0.650468621706892,-0.65046729093626
2021-02-20 21:30:00,1452.89583333333,-29.3035907890741,-0.566818688874825,-0.566817354927209
2021-02-20 22:30:00,1452.9375,-28.2670852055556,-0.401993073499415,-0.401991736376296
2021-02-20 23:30:00,1452.97916666667,-29.5297870298148,-0.603433265410336,-0.603431925113192
2021-02-21 00:30:00,1453.02083333333,-30.3615055772222,-0.736217937369117,-0.736216593899436
2021-02-21 01:30:00,1453.0625,-30.8130073581481,-0.808434230606837,-0.808432883966103
2021-02-21 02:30:00,1453.10416666667,-31.2798592724074,-0.883096234791404,-0.883094884981102
2021-02-21 03:30:00,1453.14583333333,-33.0583870474074,-1.16670956451931,-1.16670821154093
2021-02-21 04:30:00,1453.1875,-33.3753333127778,-1.21749233873682,-1.21749098259185
2021-02-21 05:30:00,1453.22916666667,-32.8357796574074,-1.13183448680241,-1.13183312749234
2021-02-21 06:30:00,1453.27083333333,-32.285346215,-1.04444390015522,-1.04444253768154
2021-02-21 07:30:00,1453.3125,-32.3113648596296,-1.04888296589922,-1.04888160026343
2021-02-21 08:30:00,1453.35416666667,-32.4002445464815,-1.06333626342607,-1.06333489462967
2021-02-21 09:30:00,1453.39583333333,-32.5361263877323,-1.08527746042146,-1.08527608846594
2021-02-21 10:30:00,1453.4375,-33.0464026007421,-1.16686037091811,-1.16685899580497
2021-02-21 11:30:00,1453.47916666667,-34.5688274786642,-1.40967970941089,-1.40967833114163
2021-02-21 12:30:00,1453.52083333333,-35.2171713351955,-1.51325773879701,-1.51325635737313
2021-02-21 13:30:00,1453.5625,-36.2330630954111,-1.67538683397237,-1.67538544939537
2021-02-21 17:00:00,1453.70833333333,-36.3699981975881,-1.6982428565855,-1.69824146098445
2021-02-21 18:00:00,1453.75,-36.1170203328386,-1.65824201121925,-1.65824061247186
2021-02-21 19:00:00,1453.79166666667,-36.2588193452514,-1.68112982573589,-1.68112842384368
2021-02-21 20:00:00,1453.83333333333,-35.5938534617811,-1.57549983689939,-1.57549843186386
2021-02-21 21:00:00,1453.875,-34.3834285569573,-1.38297825710119,-1.38297684892387
2021-02-21 22:00:00,1453.91666666667,-33.3563932892393,-1.21967119832429,-1.21966978700668
2021-02-21 23:00:00,1453.95833333333,-33.5900833001852,-1.25719899799217,-1.25719758353579
2021-02-22,1454,-32.008853697037,-1.00560922664065,-1.00560780904703
2021-02-22 01:00:00,1454.04166666667,-31.682842002974,-0.953976985515796,-0.953975564786442
2021-02-22 02:00:00,1454.08333333333,-31.9786586072356,-1.00140285684077,-1.0014014329772
2021-02-22 03:00:00,1454.125,-32.2753784998145,-1.04897304264595,-1.0489716156497
2021-02-22 04:00:00,1454.16666666667,-32.0530297585502,-1.01385564399776,-1.01385421387035
2021-02-22 05:00:00,1454.20833333333,-31.9764071198885,-1.00195293732719,-1.00195150407014
2021-02-22 06:00:00,1454.25,-31.9555854548327,-0.998939785168025,-0.998938348782868
2021-02-22 07:00:00,1454.29166666667,-32.0321020341373,-1.01143310427876,-1.01143166476702
2021-02-22 08:00:00,1454.33333333333,-31.7805555648148,-0.971666164533531,-0.971664721896743
2021-02-22 09:00:00,1454.375,-31.6589518859259,-0.952599623235229,-0.95259817747492
2021-02-22 10:00:00,1454.41666666667,-31.9134684796296,-0.993449729056855,-0.993448280174558
2021-02-22 11:00:00,1454.45833333333,-31.769240752963,-0.97077999845505,-0.9707785464523
2021-02-22 12:00:00,1454.5,-31.081340737037,-0.861503302261738,-0.861501847140069
2021-02-22 13:00:00,1454.54166666667,-30.5513870148148,-0.777387981971198,-0.777386523732148
2021-02-22 14:30:00,1454.60416666667,-26.5914304471243,-0.147024884701915,-0.147023421789679
2021-02-22 18:30:00,1454.77083333333,-22.4569536348794,0.51036679211924,0.510368267476348
2021-02-22 19:30:00,1454.8125,-21.0503506081633,0.734130257026704,0.734131735491167
2021-02-22 20:30:00,1454.85416666667,-21.1521131827458,0.717609586489638,0.71761106805991
2021-02-22 21:30:00,1454.89583333333,-22.5315343081633,0.497556578671842,0.497558063346373
2021-02-22 22:30:00,1454.9375,-23.6857012599258,0.313386304743474,0.313387792520712
2021-02-22 23:30:00,1454.97916666667,-26.208682777551,-0.0888375244824902,-0.0888360336040961
2021-02-23 00:30:00,1455.02083333333,-26.2487426122222,-0.0955305719119568,-0.0955290779339597
2021-02-23 01:30:00,1455.0625,-25.7618851566667,-0.0182857349315609,-0.0182842378555175
2021-02-23 02:30:00,1455.10416666667,-25.5492870631481,0.015268973382332,0.0152704735548672
2021-02-23 03:30:00,1455.14583333333,-25.0521777746296,0.09414610223013,0.094147605497599
2021-02-23 04:30:00,1455.1875,-24.8396203968519,0.127693492368108,0.12769499872895
2021-02-23 05:30:00,1455.22916666667,-25.1188851661111,0.0828928471969925,0.0828943566496486
2021-02-23 06:30:00,1455.27083333333,-25.225311706679,0.0656250397055379,0.0656265522484459
2021-02-23 07:30:00,1455.3125,-24.8171357198885,0.130333367061288,0.130334882692883
2021-02-23 08:30:00,1455.35416666667,-24.928485187037,0.112280503004186,0.112282021722904
2021-02-23 09:30:00,1455.39583333333,-25.3163420210037,0.050179402637702,0.0501809244419775
2021-02-23 10:30:00,1455.4375,-25.2382966063433,0.0622964483988554,0.0622979732871186
2021-02-23 11:30:00,1455.47916666667,-25.4935937089054,0.0213113780994983,0.0213129060701818
2021-02-23 12:30:00,1455.52083333333,-25.3184111307407,0.0489016138717427,0.0489031449232759
2021-02-23 14:00:00,1455.58333333333,-25.0367588,0.093293543058569,0.0932950787284268
2021-02-23 15:00:00,1455.625,-25.1318478730983,0.077828275619678,0.0778298143664512
2021-02-23 16:00:00,1455.66666666667,-24.7337880615242,0.140921563793823,0.140923105615938
2021-02-23 20:00:00,1455.83333333333,-25.3399664495345,0.0430810783365023,0.043082632444195
2021-02-23 21:00:00,1455.875,-26.8025491517625,-0.190229383754829,-0.190227826579694
2021-02-23 22:00:00,1455.91666666667,-27.4718847776952,-0.297175432872693,-0.2971738726317
2021-02-23 23:00:00,1455.95833333333,-27.156873594052,-0.247314744778991,-0.247313181473726
2021-02-24,1456,-27.3280389595547,-0.274902741207784,-0.274901174839834
2021-02-24 01:00:00,1456.04166666667,-27.4931316729128,-0.301523772461462,-0.301522203032413
2021-02-24 02:00:00,1456.08333333333,-28.1038981507407,-0.399141365365328,-0.399139792876773
2021-02-24 03:00:00,1456.125,-29.4121907175926,-0.607875775032602,-0.60787419948613
2021-02-24 04:00:00,1456.16666666667,-30.8375981025926,-0.835267071078382,-0.835265492475586
2021-02-24 05:00:00,1456.20833333333,-31.3313685125926,-0.914248343237697,-0.914246761580172
2021-02-24 06:00:00,1456.25,-30.9349814555556,-0.85142730660515,-0.85142572189449
2021-02-24 07:00:00,1456.29166666667,-31.5540703496296,-0.950372726314829,-0.95037113855263
2021-02-24 08:00:00,1456.33333333333,-31.5725462896296,-0.953640484727571,-0.953638893915433
2021-02-24 09:00:00,1456.375,-31.3265610998148,-0.914779807499793,-0.914778213639315
2021-02-24 10:00:00,1456.41666666667,-31.3052857020408,-0.911715971884048,-0.911714374976829
2021-02-24 11:00:00,1456.45833333333,-32.0206499824074,-1.02599977440061,-1.02599817444826
2021-02-24 12:00:00,1456.5,-31.787611075,-0.989202682189998,-0.989201079194108
2021-02-24 13:30:00,1456.5625,-32.6129442020446,-1.12116886746168,-1.1211672599035
2021-02-24 14:30:00,1456.60416666667,-32.9607440359926,-1.17690082815594,-1.17689921755824
2021-02-24 21:30:00,1456.89583333333,-31.4539647250464,-0.939171674679558,-0.939170042850348
2021-02-24 22:30:00,1456.9375,-31.3084378714286,-0.916319618710217,-0.916317983854395
2021-02-24 23:30:00,1456.97916666667,-30.6543321044527,-0.812450987296407,-0.812449349415591
2021-02-25 00:30:00,1457.02083333333,-30.1139017089054,-0.72669133250556,-0.726689691601377
2021-02-25 01:30:00,1457.0625,-28.0938701423006,-0.40523056237486,-0.405228918448928
2021-02-25 02:30:00,1457.10416666667,-26.3569703087199,-0.128873288025048,-0.128871641078991
2021-02-25 03:30:00,1457.14583333333,-23.8371185212963,0.272208383868581,0.272210033833136
2021-02-25 04:30:00,1457.1875,-23.8509836818367,0.269666727286196,0.269668380267624
2021-02-25 05:30:00,1457.22916666667,-23.6182944405556,0.306400955235428,0.306402611232102
2021-02-25 06:30:00,1457.27083333333,-23.803562955,0.276553806321384,0.276555465331673
2021-02-25 07:30:00,1457.3125,-26.5605999925926,-0.162978313675011,-0.162976651652738
2021-02-25 08:30:00,1457.35416666667,-28.8954926027778,-0.535262932071906,-0.535261267039281
2021-02-25 09:30:00,1457.39583333333,-30.1462352118519,-0.734842087729444,-0.734840419688099
2021-02-25 10:30:00,1457.4375,-30.6280666459259,-0.811933550748998,-0.811931879700568
2021-02-25 11:30:00,1457.47916666667,-31.9536165783333,-1.02343038032564,-1.02342870627176
2021-02-25 13:00:00,1457.54166666667,-35.5936654317844,-1.60379719348908,-1.60379551493009
2021-02-25 14:00:00,1457.58333333333,-35.958618668972,-1.66227129941185,-1.66226961785152
2021-02-25 15:00:00,1457.625,-36.3878385569573,-1.73098353497006,-1.73098185041002
2021-02-25 16:00:00,1457.66666666667,-35.0075102230912,-1.51143385172668,-1.51143216416856
2021-02-25 17:00:00,1457.70833333333,-35.4972323877323,-1.58978495514822,-1.58978326459368
2021-02-25 18:30:00,1457.77083333333,-34.8528290493671,-1.48763882246501,-1.48763712741892
2021-02-25 19:00:00,1457.79166666667,-34.0726605173684,-1.3635268804299,-1.36352518388745
2021-02-25 23:00:00,1457.95833333333,-30.4976171009294,-0.79537925697766,-0.795377548479165
2021-02-26,1458,-29.8400371141002,-0.690967144172169,-0.690965432688793
2021-02-26 01:00:00,1458.04166666667,-29.3875324961039,-0.619224088670798,-0.619222374204196
2021-02-26 02:00:00,1458.08333333333,-29.0880018520446,-0.571850300859365,-0.571848583411192
2021-02-26 03:00:00,1458.125,-29.311662364564,-0.607821642319365,-0.607819921891278
2021-02-26 04:00:00,1458.16666666667,-29.2030040153226,-0.590854755595949,-0.590853032189608
2021-02-26 05:00:00,1458.20833333333,-30.43454258,-0.787382598779639,-0.787380872396704
2021-02-26 06:00:00,1458.25,-29.8859462746296,-0.700334088681376,-0.700332359323506
2021-02-26 07:00:00,1458.29166666667,-29.521618507037,-0.642640091778614,-0.642638359447473
2021-02-26 08:00:00,1458.33333333333,-29.8668981022222,-0.697987458131231,-0.697985722828485
2021-02-26 09:00:00,1458.375,-29.5728314985185,-0.651486921210589,-0.651485182937899
2021-02-26 10:00:00,1458.41666666667,-29.6771685516667,-0.668452774448386,-0.668451033207423
2021-02-26 11:00:00,1458.45833333333,-30.3216073711111,-0.771457627761485,-0.771455883553917
2021-02-26 12:30:00,1458.52083333333,-30.0398494656134,-0.727092080097699,-0.727090331443351
2021-02-26 13:30:00,1458.5625,-30.4887420093607,-0.798947278030112,-0.798945526413332
2021-02-26 14:30:00,1458.60416666667,-30.4659646745353,-0.795665529365356,-0.79566377478782
2021-02-26 16:30:00,1458.6875,-30.4291929586271,-0.790502368493992,-0.790500607999963
2021-02-26 20:00:00,1458.83333333333,-28.9612857047619,-0.557883107945223,-0.55788133711348
2021-02-26 20:30:00,1458.85416666667,-29.0075643,-0.565429924375028,-0.565428152068149
2021-02-27 00:30:00,1459.02083333333,-27.3817977567718,-0.307844583309949,-0.307842799217132
2021-02-27 01:30:00,1459.0625,-27.5476567699443,-0.33461715123405,-0.334615364198964
2021-02-27 02:30:00,1459.10416666667,-27.575910942115,-0.339469569626714,-0.339467779651049
2021-02-27 03:30:00,1459.14583333333,-27.3360538089054,-0.3016120652707,-0.301610272356144
2021-02-27 04:30:00,1459.1875,-27.445434154731,-0.319388740508095,-0.31938694465634
2021-02-27 05:30:00,1459.22916666667,-27.5540946170686,-0.337051137224481,-0.337049338437221
2021-02-27 06:30:00,1459.27083333333,-27.3680426033333,-0.307766025149525,-0.307764223428453
2021-02-27 07:30:00,1459.3125,-27.172584387384,-0.276982897411371,-0.276981092758183
2021-02-27 08:30:00,1459.35416666667,-27.4552578846011,-0.32236689214946,-0.322365084565853
2021-02-27 09:30:00,1459.39583333333,-25.4650852122222,-0.0056852665756566,-0.00568345606332799
2021-02-27 10:30:00,1459.4375,-24.149388862037,0.203551400356598,0.203553213795949
2021-02-27 12:00:00,1459.5,-22.7795195111317,0.421239767243464,0.421241585070158
2021-02-27 13:00:00,1459.54166666667,-21.4317402476809,0.635586269664265,0.635588090413726
2021-02-27 14:00:00,1459.58333333333,-20.4519165046382,0.79131679684886,0.791318620519384
2021-02-27 15:00:00,1459.625,-19.794539896846,0.895680867256186,0.895682693846069
2021-02-27 16:00:00,1459.66666666667,-19.2728497345083,0.978429592415016,0.97843142192255
2021-02-27 17:00:00,1459.70833333333,-18.4967699102041,1.10170237517368,1.10170420759716
2021-02-27 18:00:00,1459.75,-17.8702523615955,1.20114938337667,1.20115121871439
2021-02-27 19:00:00,1459.79166666667,-17.4676845988868,1.26492063367362,1.26492247192385
2021-02-27 20:00:00,1459.83333333333,-16.8347384337662,1.36539093131468,1.36539277247573
2021-02-27 21:00:00,1459.875,-17.2671428762523,1.29614971924373,1.29615156331387
2021-02-27 22:00:00,1459.91666666667,-17.2707310005566,1.29521885667292,1.29522070365045
2021-02-28 01:30:00,1460.0625,-19.7132521117647,0.904862927709083,0.90486478484894
2021-02-28 02:00:00,1460.08333333333,-20.0188147045131,0.856006111048449,0.856007969638346
2021-02-28 02:30:00,1460.10416666667,-19.9430613087719,0.867893104972086,0.867894965011594
2021-02-28 03:00:00,1460.125,-20.2699928775943,0.815631997425098,0.815633858913787
2021-02-28 03:30:00,1460.14583333333,-20.4773333894737,0.782421731881483,0.78242359481892
2021-02-28 04:00:00,1460.16666666667,-20.6964564842353,0.747334393659,0.747336258044757
2021-02-28 04:30:00,1460.1875,-20.8582280184211,0.72138310123786,0.721384967071508
2021-02-28 05:00:00,1460.20833333333,-20.8852729023529,0.716893761720157,0.71689562900126
2021-02-28 05:30:00,1460.22916666667,-21.4009474526316,0.634565268436446,0.634567137164576
2021-02-28 06:00:00,1460.25,-21.5405200056471,0.61214999337098,0.612151863545706
2021-02-28 06:30:00,1460.27083333333,-21.8277807061404,0.566207792182842,0.566209663803729
2021-02-28 07:00:00,1460.29166666667,-22.1060611407059,0.521696055107925,0.521697928174544
2021-02-28 07:30:00,1460.3125,-22.1842566654867,0.509057888501684,0.509059763013605
2021-02-28 08:00:00,1460.33333333333,-22.4013049940898,0.474300272400704,0.474302148357491
2021-02-28 08:30:00,1460.35416666667,-22.8318420833333,0.405533645571335,0.405535522972557
2021-02-28 09:00:00,1460.375,-22.7876173544601,0.412396817065269,0.412398695910495
2021-02-28 09:30:00,1460.39583333333,-22.8582832026549,0.400957738980009,0.400959619268804
2021-02-28 10:00:00,1460.41666666667,-22.9541199602353,0.385508818515422,0.385510700247354
2021-02-28 11:00:00,1460.45833333333,-22.8573333806202,0.400562581334404,0.400564465951314
2021-02-28 11:30:00,1460.47916666667,-23.0873268617073,0.363742103505017,0.363743989563767
2021-02-28 12:00:00,1460.5,-23.0390620565891,0.371248271081637,0.371250158581792
2021-02-28 12:30:00,1460.52083333333,-23.0968435112469,0.361861095284038,0.361862984225163
2021-02-28 13:00:00,1460.54166666667,-22.9279534705426,0.388582752293282,0.388584642674946
2021-02-28 13:30:00,1460.5625,-22.7908676504902,0.410237875861883,0.410239767683653
2021-02-28 14:00:00,1460.58333333333,-22.1649612155039,0.509762374366961,0.509764267628401
2021-02-28 14:30:00,1460.60416666667,-21.875209757561,0.555737046492227,0.555738941192903
2021-02-28 15:00:00,1460.625,-22.6805234414063,0.427266960690802,0.427268856830281
2021-02-28 15:30:00,1460.64583333333,-22.3660122056098,0.477185686559598,0.477187584137442
2021-02-28 16:00:00,1460.66666666667,-22.3419612767442,0.480833779721848,0.480835678737625
2021-02-28 16:30:00,1460.6875,-22.1087121741463,0.517807193232844,0.517809093686119
2021-02-28 17:00:00,1460.70833333333,-22.5537596713178,0.44672737548255,0.446729277372888
2021-02-28 17:30:00,1460.72916666667,-22.6447146868293,0.432054644924078,0.432056548251045
2021-02-28 18:00:00,1460.75,-23.1280620767442,0.354873430562855,0.354875335326015
2021-02-28 18:30:00,1460.77083333333,-22.9411854085366,0.384459289482533,0.384461195681448
2021-02-28 19:00:00,1460.79166666667,-23.4139379728682,0.308965642174695,0.308967549808933
2021-02-28 19:30:00,1460.8125,-23.2594682980488,0.333388847703104,0.333390756772228
2021-02-28 20:00:00,1460.83333333333,-23.2954340744186,0.327475451711865,0.327477362215439
2021-02-28 20:30:00,1460.85416666667,-22.861716301467,0.396382882735023,0.396384794672611
2021-02-28 21:00:00,1460.875,-22.363069727907,0.475633420083533,0.4756353334547
2021-02-28 21:30:00,1460.89583333333,-22.0800048620098,0.520541539357116,0.520543454161422
2021-02-28 22:00:00,1460.91666666667,-22.0615504511628,0.523296926083999,0.52329884232101
2021-02-28 22:30:00,1460.9375,-21.8861882743276,0.551047734121401,0.55104965179068
2021-02-28 23:00:00,1460.95833333333,-22.4300403129032,0.464227105768536,0.464229024869647
2021-02-28 23:30:00,1460.97916666667,-22.3526195717073,0.476375577310063,0.476377497842568
2021-03-01 03:00:00,1461.125,-21.9667867956113,0.53654332026994,0.536545250809952
2021-03-01 03:30:00,1461.14583333333,-21.7790863040909,0.566258652559928,0.566260584527832
2021-03-01 04:00:00,1461.16666666667,-21.3226896432602,0.638777378955753,0.63877931235111
2021-03-01 04:30:00,1461.1875,-21.2086181118182,0.656763369955177,0.656765304777549
2021-03-01 05:00:00,1461.20833333333,-21.0553824451411,0.680988138053458,0.680990074302406
2021-03-01 05:30:00,1461.22916666667,-20.9559135959091,0.696647716102814,0.696649653777898
2021-03-01 06:00:00,1461.25,-20.5094371506289,0.767585754594938,0.767587693695722
2021-03-01 06:30:00,1461.27083333333,-20.4977499668182,0.769261455469417,0.769263395995458
2021-03-01 07:00:00,1461.29166666667,-19.8901097178683,0.865872807959973,0.865874749910834
2021-03-01 07:30:00,1461.3125,-19.8579636654545,0.870807426175032,0.870809369550272
2021-03-01 08:00:00,1461.33333333333,-19.1777429526646,0.978980703421904,0.978982648221084
2021-03-01 08:30:00,1461.35416666667,-19.0902590586364,0.992730484398644,0.992732430621323
2021-03-01 09:00:00,1461.375,-17.3960188407524,1.26243759853303,1.26243954617877
2021-03-01 09:30:00,1461.39583333333,-17.8891090822727,1.18370130997453,1.18370325904289
2021-03-01 10:30:00,1461.4375,-18.0445501796353,1.15856581849869,1.15856777041097
2021-03-01 11:00:00,1461.45833333333,-18.171771412381,1.13811243238646,1.13811438572004
2021-03-01 11:30:00,1461.47916666667,-18.121021331307,1.1460099064254,1.14601186117983
2021-03-01 12:00:00,1461.5,-18.110409517619,1.14751322848967,1.14751518466453
2021-03-01 12:30:00,1461.52083333333,-18.2265351370031,1.12882708962463,1.12882904721945
2021-03-01 13:00:00,1461.54166666667,-18.126071412381,1.14464369078832,1.14464564980268
2021-03-01 13:30:00,1461.5625,-17.9378993631098,1.17443219352129,1.17443415395474
2021-03-01 14:00:00,1461.58333333333,-17.7667428242857,1.20151001607975,1.20151197793185
2021-03-01 14:30:00,1461.60416666667,-18.047334362614,1.15662394994632,1.15662591321663
2021-03-01 15:00:00,1461.625,-17.9085189352381,1.17854961601027,1.17855158069835
2021-03-01 15:30:00,1461.64583333333,-17.8800668911854,1.18289421911516,1.18289618522056
2021-03-01 16:00:00,1461.66666666667,-17.8509952538095,1.18733742677459,1.18733939429687
2021-03-01 16:30:00,1461.6875,-18.406212787234,1.09870285490483,1.09870482384355
2021-03-01 17:00:00,1461.70833333333,-18.5106999985714,1.08186984838458,1.0818718187393
2021-03-01 17:30:00,1461.72916666667,-18.9748602340426,1.00774057506073,1.007742546831
2021-03-01 18:00:00,1461.75,-18.9650538857843,1.0091144202192,1.00911639340459
2021-03-01 18:30:00,1461.77083333333,-19.5073313139818,0.922540828278381,0.922542802878436
2021-03-01 19:00:00,1461.79166666667,-19.7074666680952,0.890470616278171,0.890472592292451
2021-03-01 19:30:00,1461.8125,-21.5218480802432,0.601249756737265,0.601251734165327
2021-03-01 20:00:00,1461.83333333333,-21.6197894253589,0.585458929552233,0.585460908393633
2021-03-01 20:30:00,1461.85416666667,-24.566554847561,0.115848294195203,0.115850274449497
2021-03-01 21:00:00,1461.875,-25.1003095066667,0.0306319009034558,0.0306338825702029
2021-03-01 21:30:00,1461.89583333333,-25.078164120743,0.033970685198934,0.0339726682776864
2021-03-01 22:00:00,1461.91666666667,-25.1827571333333,0.0171198552275307,0.017121839717846
2021-03-01 22:30:00,1461.9375,-25.6332724544892,-0.0548367424891937,-0.0548347565877597
2021-03-01 23:00:00,1461.95833333333,-25.6793301009709,-0.0623630403661573,-0.0623610530540493
2021-03-01 23:30:00,1461.97916666667,-28.1976728757009,-0.463726222640484,-0.463724233918148
2021-03-02,1462,-27.6011274677852,-0.368885588199653,-0.36888359806753
2021-03-02 00:30:00,1462.02083333333,-28.5046018546296,-0.512999275690159,-0.512997284148699
2021-03-02 01:00:00,1462.04166666667,-28.8119333728571,-0.562147074868166,-0.562145081917812
2021-03-05 17:30:00,1465.72916666667,-28.927595580705,-0.615642981889212,-0.615640746720564
2021-03-05 22:00:00,1465.91666666667,-27.0572578586271,-0.31955845398278,-0.319556206885993
2021-03-05 23:00:00,1465.95833333333,-26.8950538105751,-0.294133935544193,-0.294131685801911
2021-03-06,1466,-27.254131722449,-0.351750373270567,-0.35174812088468
2021-03-06 01:00:00,1466.04166666667,-27.3368794194805,-0.365347577525026,-0.365345322497432
2021-03-06 02:00:00,1466.08333333333,-27.9351372812616,-0.461066286422452,-0.461064028755047
2021-03-06 03:00:00,1466.125,-28.7511577003711,-0.591475093113465,-0.591472832808143
2021-03-06 04:00:00,1466.16666666667,-29.2247277125926,-0.667331671849938,-0.667329408908601
2021-03-06 05:00:00,1466.20833333333,-30.5343822122449,-0.876377473278826,-0.876375207703373
2021-03-06 06:00:00,1466.25,-31.3040981612963,-0.999411043905045,-0.999408775697373
2021-03-06 07:00:00,1466.29166666667,-32.7163241461111,-1.22479728831479,-1.2247950174768
2021-03-06 08:00:00,1466.33333333333,-31.6310962535185,-1.05233771106899,-1.0523354376026
2021-03-06 09:00:00,1466.375,-31.183625902037,-0.981473731384089,-0.981471455291182
2021-03-06 10:00:00,1466.41666666667,-31.7499703748148,-1.07211154298624,-1.07210926426873
2021-03-06 11:00:00,1466.45833333333,-31.3612185074074,-1.01060219015661,-1.0105999088164
2021-03-06 12:00:00,1466.5,-30.512859277963,-0.875877420981958,-0.875875137020965
2021-03-06 13:00:00,1466.54166666667,-32.2784322975881,-1.1575542916857,-1.15755200510582
2021-03-06 14:00:00,1466.58333333333,-32.2867111592593,-1.15929331168159,-1.15929102248475
2021-03-06 15:00:00,1466.625,-31.6658738688312,-1.06081404329683,-1.06081175148493
2021-03-06 16:00:00,1466.66666666667,-31.3100388498148,-1.00455019012911,-1.00454789570406
2021-03-06 17:00:00,1466.70833333333,-30.1701037264815,-0.823378993807601,-0.823376696771312
2021-03-06 18:30:00,1466.77083333333,-29.4683339556586,-0.712219174614552,-0.712216873664998
2021-03-06 19:30:00,1466.8125,-30.2797272504638,-0.841896898279344,-0.841894594723341
2021-03-06 23:30:00,1466.97916666667,-29.8085658502783,-0.768532946595945,-0.768530632633332
2021-03-07 00:30:00,1467.02083333333,-30.1723884674721,-0.826914154483802,-0.826911837924337
2021-03-07 01:30:00,1467.0625,-30.6406901697588,-0.90193931723893,-0.901936998084534
2021-03-07 02:30:00,1467.10416666667,-30.9034776988848,-0.944226287078954,-0.944223965331553
2021-03-07 03:30:00,1467.14583333333,-31.002471254731,-0.960421121440905,-0.960418797102423
2021-03-07 04:30:00,1467.1875,-30.2195817628253,-0.836131717388255,-0.836129390460617
2021-03-07 05:30:00,1467.22916666667,-30.4721314881481,-0.876788881656318,-0.876786552141452
2021-03-07 06:30:00,1467.27083333333,-30.1720667103704,-0.829414521535643,-0.829412189435476
2021-03-07 07:30:00,1467.3125,-30.0043703785185,-0.803126910084967,-0.803124575401428
2021-03-07 08:30:00,1467.35416666667,-29.3166814474074,-0.694004466402398,-0.69400212913742
2021-03-07 09:30:00,1467.39583333333,-29.2974805424861,-0.691373003205965,-0.691370663361477
2021-03-07 10:30:00,1467.4375,-30.0759129355556,-0.815805454363417,-0.815803111941352
2021-03-07 11:30:00,1467.47916666667,-29.9632578630798,-0.798287395243578,-0.79828505024587
2021-03-07 12:30:00,1467.52083333333,-31.0940333396296,-0.978849070700993,-0.978846723129577
2021-03-07 13:30:00,1467.5625,-32.3947081656134,-1.18647619326262,-1.18647384311943
2021-03-07 14:30:00,1467.60416666667,-32.8229498520446,-1.25512445234948,-1.25512209963645
2021-03-07 15:30:00,1467.64583333333,-32.1311536304965,-1.14535023118979,-1.14534787590887
2021-03-07 16:30:00,1467.6875,-31.7190464687732,-1.08013103579683,-1.08012867794994
2021-03-07 18:00:00,1467.75,-31.3370501205937,-1.0199240715214,-1.01992170982922
2021-03-07 19:00:00,1467.79166666667,-31.3609165328386,-1.02415667371772,-1.02415430946444
2021-03-07 20:00:00,1467.83333333333,-31.4024675113173,-1.0312067978481,-1.03120443103566
2021-03-07 21:00:00,1467.875,-29.833181819666,-0.781649846977606,-0.781647477607939
2021-03-08 01:00:00,1468.04166666667,-28.9274601040816,-0.639096827726123,-0.639094448147042
2021-03-08 02:00:00,1468.08333333333,-28.1115973714286,-0.509562477681041,-0.509560095554477
2021-03-08 03:00:00,1468.125,-27.7361520879406,-0.45018729836062,-0.450184913688525
2021-03-08 04:00:00,1468.16666666667,-27.5392355916512,-0.419252238542484,-0.419249851326808
2021-03-08 05:00:00,1468.20833333333,-27.676480532282,-0.44154969032183,-0.441547300564525
2021-03-08 06:00:00,1468.25,-27.6865436111317,-0.443587336311419,-0.443584944014442
2021-03-08 07:00:00,1468.29166666667,-27.6734638257885,-0.441938662951782,-0.441936268117086
2021-03-08 08:00:00,1468.33333333333,-28.3847240685185,-0.555678228918371,-0.555675831547911
2021-03-08 09:00:00,1468.375,-29.2331314507407,-0.691265787221899,-0.691263387317635
2021-03-08 10:00:00,1468.41666666667,-29.1189407483333,-0.673511137544937,-0.673508735108825
2021-03-08 11:00:00,1468.45833333333,-29.3205722301852,-0.706067542072782,-0.706065137106781
2021-03-08 12:00:00,1468.5,-30.5434925931481,-0.901316349525471,-0.901313942031544
2021-03-08 13:00:00,1468.54166666667,-31.1893574607407,-1.00464015830907,-1.00463774828918
2021-03-08 14:00:00,1468.58333333333,-31.6662560226345,-1.08104786773972,-1.08104545519582
2021-03-08 15:00:00,1468.625,-31.3524722027778,-1.03149966239225,-1.03149724732631
2021-03-08 16:00:00,1468.66666666667,-30.876320422037,-0.956086478287439,-0.956084060701423
2021-03-08 17:30:00,1468.72916666667,-30.6701765952267,-0.923905483822022,-0.923903062459577
2021-03-08 18:30:00,1468.77083333333,-29.5648478150278,-0.74826483670696,-0.748262412829356
2021-03-08 19:30:00,1468.8125,-28.6839795723562,-0.608381266277044,-0.60837883988625
2021-03-08 20:30:00,1468.85416666667,-28.0235454435993,-0.503613360148186,-0.503610931246167
2021-03-08 21:30:00,1468.89583333333,-26.6124953576994,-0.279272147851115,-0.279269716439845
2021-03-08 22:30:00,1468.9375,-25.9528144517625,-0.174624934838351,-0.174622500919803
2021-03-09 02:30:00,1469.10416666667,-25.1385222362963,-0.0466728251544792,-0.0466703812265449
2021-03-09 03:30:00,1469.14583333333,-24.7896697528757,0.00845744152735772,0.0084598879526997
2021-03-09 04:30:00,1469.1875,-24.6917206277467,0.0236182733135252,0.0236207222342947
2021-03-09 05:30:00,1469.22916666667,-24.858862719666,-0.00345046560784623,-0.00344801419362595
2021-03-09 06:30:00,1469.27083333333,-24.1762059282004,0.104854014703507,0.104856468609198
2021-03-09 07:30:00,1469.3125,-24.1014285643785,0.116322517853016,0.116324974248195
2021-03-09 08:30:00,1469.35416666667,-23.6774322959184,0.183421492354857,0.183423951237544
2021-03-09 09:30:00,1469.39583333333,-23.0806666324074,0.278042405466398,0.278044866834609
2021-03-09 10:30:00,1469.4375,-22.6586888761111,0.344819130795681,0.34482159464743
2021-03-09 11:30:00,1469.47916666667,-22.3836556222222,0.388187142853714,0.388189609187019
2021-03-09 12:30:00,1469.52083333333,-22.4391926131481,0.378894729881937,0.378897198694811
2021-03-09 13:30:00,1469.5625,-22.0502129337037,0.440413791584192,0.440416262874645
2021-03-09 14:30:00,1469.60416666667,-21.8715018859259,0.468436561656872,0.468439035422919
2021-03-09 15:30:00,1469.64583333333,-22.6247888935185,0.347991027375926,0.347993503615577
2021-03-09 17:00:00,1469.70833333333,-24.2417680910946,0.0897348699771815,0.0897373499235059
2021-03-09 18:00:00,1469.75,-24.9105473621521,-0.0172493907717112,-0.0172469083567631
2021-03-09 20:30:00,1469.85416666667,-24.8261521562152,-0.00492480553269048,-0.00492231695490142
2021-03-09 21:30:00,1469.89583333333,-25.5837050037106,-0.126051975042338,-0.126049484002903
2021-03-09 22:30:00,1469.9375,-26.2565863102041,-0.233691254073467,-0.233688760574386
2021-03-09 23:30:00,1469.97916666667,-26.5309907378479,-0.277853227827667,-0.277850731870934
2021-03-10 00:30:00,1470.02083333333,-26.7803582797244,-0.318027153837482,-0.318024655425096
2021-03-10 04:00:00,1470.16666666667,-26.8383877089054,-0.328847249547707,-0.328844742556293
2021-03-10 05:00:00,1470.20833333333,-27.0407309842301,-0.361531730662873,-0.361529221224816
2021-03-10 06:00:00,1470.25,-27.0745361732839,-0.367368318976256,-0.367365807093557
2021-03-10 07:00:00,1470.29166666667,-27.106157696846,-0.372857392365462,-0.372854878040128
2021-03-10 08:00:00,1470.33333333333,-27.3974731270872,-0.419716234986616,-0.419713718220654
2021-03-10 09:00:00,1470.375,-27.2250018558442,-0.39269386871949,-0.392691349514908
2021-03-10 10:00:00,1470.41666666667,-27.4638444601852,-0.431194440616718,-0.43119191897552
2021-03-10 11:00:00,1470.45833333333,-27.4462208009276,-0.428840097070465,-0.428837572994665
2021-03-10 12:00:00,1470.5,-27.4074740487037,-0.423121173109378,-0.423118646600986
2021-03-10 13:00:00,1470.54166666667,-27.4462203624074,-0.429747293085082,-0.429744764146106
2021-03-10 14:00:00,1470.58333333333,-28.7398129442593,-0.636271663229723,-0.63626913186218
2021-03-10 15:00:00,1470.625,-28.2164314707407,-0.553351110613456,-0.553348576819359
2021-03-10 16:30:00,1470.6875,-28.0053476148699,-0.520407678762243,-0.520405141332089
2021-03-10 17:30:00,1470.72916666667,-27.8881039194805,-0.502186020142277,-0.502183480290605
2021-03-10 18:30:00,1470.77083333333,-27.6936475170686,-0.471664663991807,-0.471662121720634
2021-03-10 19:30:00,1470.8125,-27.7047050176252,-0.473882161088791,-0.473879616400138
2021-03-10 20:30:00,1470.85416666667,-26.9313265508349,-0.351138789427824,-0.351136242323706
2021-03-10 21:30:00,1470.89583333333,-26.1562560089054,-0.228126210162013,-0.228123660644452
2021-03-10 22:30:00,1470.9375,-25.3201632756957,-0.0953930931580219,-0.0953905412290409
2021-03-10 23:30:00,1470.97916666667,-24.7840018265306,-0.0104395847425517,-0.0104370304041702
2021-03-11 00:30:00,1471.02083333333,-23.9126939313544,0.127902651551144,0.127905208296903
2021-03-11 01:30:00,1471.0625,-23.6125454823748,0.175258439671611,0.17526099882272
2021-03-11 05:00:00,1471.20833333333,-20.6432978010638,0.646655781173578,0.646658348727467
2021-03-11 05:30:00,1471.22916666667,-20.0879078359551,0.734900040662651,0.73490260941491
2021-03-11 06:00:00,1471.25,-19.2277341202128,0.871696484664748,0.871699054614868
2021-03-11 06:30:00,1471.27083333333,-19.4699369308559,0.832883475506113,0.832886046653589
2021-03-11 07:00:00,1471.29166666667,-18.4238936042553,0.999288911900651,0.999291484244972
2021-03-11 07:30:00,1471.3125,-18.2748089577528,1.02280810490113,1.02281067844179
2021-03-11 08:00:00,1471.33333333333,-17.5553617031915,1.13718638430623,1.13718895904273
2021-03-11 08:30:00,1471.35416666667,-17.4001932752809,1.16167455876747,1.16167713469929
2021-03-11 09:00:00,1471.375,-16.923691443617,1.23735128948719,1.23735386661382
2021-03-11 09:30:00,1471.39583333333,-16.7144719494382,1.27044966828353,1.27045224660447
2021-03-11 10:00:00,1471.41666666667,-16.5102873276596,1.30274590377928,1.30274848329402
2021-03-11 10:30:00,1471.4375,-16.2990111842697,1.33617173923578,1.33617431994381
2021-03-11 11:00:00,1471.45833333333,-16.183914893617,1.35427597094981,1.35427855285062
2021-03-11 11:30:00,1471.47916666667,-15.9750584426966,1.38731617875606,1.38731876184914
2021-03-11 12:00:00,1471.5,-15.7587021553191,1.42155103145846,1.42155361574331
2021-03-11 12:30:00,1471.52083333333,-16.1031188616592,1.36645426114497,1.36645684662108
2021-03-11 13:00:00,1471.54166666667,-15.5790851542553,1.44970217799442,1.44970476466127
2021-03-11 13:30:00,1471.5625,-15.7870876483146,1.41633612050655,1.41633870836365
2021-03-11 14:00:00,1471.58333333333,-14.3053084638298,1.65215340765697,1.65215599670379
2021-03-11 14:30:00,1471.60416666667,-14.4081816056054,1.63553436255908,1.63553695279512
2021-03-11 15:30:00,1471.64583333333,-14.4064903615385,1.6353409660801,1.63534355869306
2021-03-11 16:00:00,1471.66666666667,-14.3802995373272,1.63928165038369,1.63928424418433
2021-03-11 16:30:00,1471.6875,-14.8393942278846,1.56591592124935,1.56591851623717
2021-03-11 17:00:00,1471.70833333333,-14.9491724112644,1.54819647721964,1.54819907339414
2021-03-11 17:30:00,1471.72916666667,-14.7250288394231,1.58367092333627,1.58367352069693
2021-03-11 18:00:00,1471.75,-14.9997686813084,1.53967280108284,1.53967539962914
2021-03-11 18:30:00,1471.77083333333,-14.9118269182692,1.5534500336451,1.55345263337654
2021-03-11 19:00:00,1471.79166666667,-15.131664377931,1.51819773209244,1.51820033300851
2021-03-11 19:30:00,1471.8125,-15.1842788875,1.50958408202313,1.50958668412332
2021-03-11 20:00:00,1471.83333333333,-15.7104390595402,1.42553418558429,1.4255367888681
2021-03-11 20:30:00,1471.85416666667,-15.8599327019231,1.40148745258382,1.40149005705072
2021-03-11 21:00:00,1471.875,-16.5293654432184,1.29461396569499,1.29461657134447
2021-03-11 21:30:00,1471.89583333333,-15.8700672394231,1.39940818403956,1.39941079087113
2021-03-11 22:00:00,1471.91666666667,-16.4096367829885,1.3132218296867,1.31322443769983
2021-03-11 22:30:00,1471.9375,-15.9275576192308,1.38978476070578,1.38978736989996
2021-03-11 23:00:00,1471.95833333333,-16.6929103763218,1.26763081154586,1.26763342192059
2021-03-11 23:30:00,1471.97916666667,-15.5290480355769,1.45280212238424,1.452804733939
2021-03-12,1472,-16.1037059066845,1.3610258374087,1.36102845014297
2021-03-12 00:30:00,1472.02083333333,-15.6260672490385,1.43688105777956,1.43688367169283
2021-03-12 01:00:00,1472.04166666667,-15.8417930873563,1.40228273481831,1.40228534991008
2021-03-12 01:30:00,1472.0625,-15.1352307586538,1.51460549233353,1.51460810860329
2021-03-12 02:00:00,1472.08333333333,-16.1289057758621,1.35607914205616,1.35608175950338
2021-03-12 02:30:00,1472.10416666667,-15.2123557865385,1.50185291684095,1.50185553546513
2021-03-12 03:00:00,1472.125,-16.1907632464368,1.34575853228613,1.34576115208676
2021-03-12 06:30:00,1472.27083333333,-16.0098767757042,1.37293790125027,1.37294052927165
2021-03-12 07:00:00,1472.29166666667,-16.4553999698039,1.30173169397075,1.30173432316447
2021-03-12 07:30:00,1472.3125,-15.8572676302817,1.39678047575718,1.39678310612273
2021-03-12 08:00:00,1472.33333333333,-16.3102941388235,1.32437881865683,1.3243814501937
2021-03-12 08:30:00,1472.35416666667,-15.8749471753521,1.39349560730164,1.39349824000931
2021-03-12 09:00:00,1472.375,-16.5268118384314,1.28941872374306,1.28942135762102
2021-03-12 09:30:00,1472.39583333333,-21.1334612077465,0.555341727214275,0.555344362262002
2021-03-12 10:00:00,1472.41666666667,-21.4408313090196,0.506142907303373,0.506145543520359
2021-03-12 10:30:00,1472.4375,-23.5864823573944,0.164104535792086,0.164107173177814
2021-03-12 11:00:00,1472.45833333333,-23.6381725772549,0.155635537594406,0.155638176148367
2021-03-12 11:30:00,1472.47916666667,-23.9990563440141,0.0979117034134102,0.0979143431350873
2021-03-12 12:00:00,1472.5,-24.2192941407843,0.0625927897803323,0.0625954306692084
2021-03-12 12:30:00,1472.52083333333,-25.36530635,-0.120202732273709,-0.120200090218147
2021-03-12 13:00:00,1472.54166666667,-25.0123242429687,-0.0642074714683667,-0.0642048282466322
2021-03-12 13:30:00,1472.5625,-25.5397042996479,-0.148454615348073,-0.148451970960684
2021-03-12 14:00:00,1472.58333333333,-25.6029492160156,-0.158764782557724,-0.158762137005191
2021-03-12 15:00:00,1472.625,-26.423768692517,-0.28999257385964,-0.289989925978371
2021-03-12 15:30:00,1472.64583333333,-26.3670285759184,-0.281189287968809,-0.281186638923945
2021-03-12 16:00:00,1472.66666666667,-26.4532822527211,-0.295165098289576,-0.295162448081631
2021-03-12 16:30:00,1472.6875,-26.1289143061225,-0.243728673274633,-0.243726021904126
2021-03-12 17:00:00,1472.70833333333,-25.3587074928571,-0.121269880874957,-0.121267228342399
2021-03-12 17:30:00,1472.72916666667,-25.3770775546939,-0.124432030852854,-0.124429377158764
2021-03-12 18:00:00,1472.75,-26.1150136767123,-0.242221651045196,-0.242218996190091
2021-03-12 18:30:00,1472.77083333333,-25.8172041293878,-0.195016328541193,-0.195013672525587
2021-03-12 19:00:00,1472.79166666667,-25.7936803122449,-0.191505001419448,-0.191502344243857
2021-03-12 19:30:00,1472.8125,-25.8782856938776,-0.205218815459154,-0.205216157124098
2021-03-12 20:00:00,1472.83333333333,-25.5021496017007,-0.145536265965292,-0.145533606471282
2021-03-12 20:30:00,1472.85416666667,-25.5235000247967,-0.149173684868749,-0.149171024216307
2021-03-12 21:00:00,1472.875,-24.5753719914676,0.0016274247023117,0.00163008651267216
2021-03-12 21:30:00,1472.89583333333,-24.5759146174797,0.00130453790361384,0.00130720087137559
2021-03-12 22:00:00,1472.91666666667,-24.056921785034,0.0837439385289547,0.0837466026536007
2021-03-12 22:30:00,1472.9375,-23.884658603252,0.110948975681971,0.110951640962982
2021-03-12 23:00:00,1472.95833333333,-23.5143571659864,0.169701566140054,0.169704232576917
2021-03-12 23:30:00,1472.97916666667,-23.3804106601626,0.190802564833568,0.190805232425762
2021-03-13,1473,-23.3115339608844,0.201537814591363,0.201540483338372
2021-03-13 00:30:00,1473.02083333333,-23.1046911101626,0.23425108864342,0.234253758544727
2021-03-13 01:00:00,1473.04166666667,-24.2722346897959,0.0480235399937784,0.0480262110488651
2021-03-13 01:30:00,1473.0625,-24.1823455073171,0.0621058467632879,0.0621085189716342
2021-03-13 02:00:00,1473.08333333333,-23.9295101622449,0.102145511545374,0.102148184906467
2021-03-13 02:30:00,1473.10416666667,-23.7271829865854,0.134139106744734,0.134141781258051
2021-03-13 03:00:00,1473.125,-25.0659592006803,-0.0793662514062534,-0.0793635757412284
2021-03-13 03:30:00,1473.14583333333,-25.4436625621951,-0.13977209938741,-0.139769422571195
2021-03-13 04:00:00,1473.16666666667,-25.2414047166667,-0.107789794649442,-0.107787116682556
2021-03-13 04:30:00,1473.1875,-25.2700528252033,-0.112591055382011,-0.112588376264974
2021-03-13 08:00:00,1473.33333333333,-27.5145495741736,-0.471806460305877,-0.471803773152298
2021-03-13 08:30:00,1473.35416666667,-27.6148546036364,-0.488023374490202,-0.488020686190625
2021-03-13 09:00:00,1473.375,-30.1302919768116,-0.888972678616515,-0.888969989171457
2021-03-13 09:30:00,1473.39583333333,-30.7444363036364,-0.987044723446637,-0.987042032856617
2021-03-13 10:00:00,1473.41666666667,-31.2571159113872,-1.06895344766464,-1.06895075593018
2021-03-13 10:30:00,1473.4375,-31.1571090709091,-1.05326086446017,-1.05325817158179
2021-03-13 11:00:00,1473.45833333333,-31.7391614706004,-1.14622088720573,-1.14621819318395
2021-03-13 11:30:00,1473.47916666667,-31.6098001654545,-1.12585227993833,-1.12584958477366
2021-03-13 12:00:00,1473.5,-31.9059255594203,-1.17326408941935,-1.17326139311232
2021-03-13 12:30:00,1473.52083333333,-31.8467635745455,-1.16407844704967,-1.1640757496008
2021-03-13 13:00:00,1473.54166666667,-32.227871906405,-1.22502826221911,-1.22502556362892
2021-03-13 13:30:00,1473.5625,-32.2447269527273,-1.22795235013264,-1.22794965040166
2021-03-13 14:30:00,1473.60416666667,-33.1838539545639,-1.37803433078382,-1.3780316287728
2021-03-13 15:00:00,1473.625,-32.8045908295455,-1.31785675503827,-1.31785405188801
2021-03-13 15:30:00,1473.64583333333,-33.6207186587045,-1.44810589384174,-1.44810318955277
2021-03-13 16:00:00,1473.66666666667,-33.5754219911111,-1.44112957600485,-1.44112687057768
2021-03-13 16:30:00,1473.6875,-35.0439250807692,-1.67530272252412,-1.67530001595928
2021-03-13 17:00:00,1473.70833333333,-34.5025999244444,-1.58930887442573,-1.58930616672374
2021-03-13 17:30:00,1473.72916666667,-33.7537226287449,-1.47025190339038,-1.47024919455176
2021-03-13 18:00:00,1473.75,-33.9484445333333,-1.50151104042242,-1.50150833044769
2021-03-13 18:30:00,1473.77083333333,-33.6534715850202,-1.45476151856853,-1.45475880745821
2021-03-13 19:00:00,1473.79166666667,-33.2936222444444,-1.39767722215826,-1.39767450991288
2021-03-13 19:30:00,1473.8125,-32.311866409919,-1.2415228579015,-1.24152014452157
2021-03-13 20:00:00,1473.83333333333,-32.2583332511111,-1.23323511023686,-1.23323239572292
2021-03-13 20:30:00,1473.85416666667,-31.3708985630832,-1.09210633405144,-1.092103618404
2021-03-13 21:00:00,1473.875,-31.6277554022222,-1.1332640968379,-1.13326138005747
2021-03-13 21:30:00,1473.89583333333,-31.3308866224696,-1.08621305377441,-1.08621033586153
2021-03-13 22:00:00,1473.91666666667,-30.9375111422222,-1.0237885052651,-1.02378578622029
2021-03-13 22:30:00,1473.9375,-29.9030101827586,-0.859232290637469,-0.859229570461251
2021-03-13 23:00:00,1473.95833333333,-28.4570000466667,-0.629122450949619,-0.629119729642515
2021-03-13 23:30:00,1473.97916666667,-27.88519974,-0.538274942625694,-0.538272220188227
2021-03-14 00:30:00,1474.02083333333,-27.769014196146,-0.520248123071939,-0.520245398375314
2021-03-14 01:00:00,1474.04166666667,-27.55048904,-0.485677840941671,-0.485675115116252
2021-03-14 01:30:00,1474.0625,-26.9171093562753,-0.385021016799832,-0.385018289846145
2021-03-14 02:00:00,1474.08333333333,-27.1912446311111,-0.428932054739054,-0.428929326657619
2021-03-14 02:30:00,1474.10416666667,-26.9294797797571,-0.387473900245582,-0.387471171036923
2021-03-14 03:00:00,1474.125,-27.1780445088889,-0.427311693210463,-0.427308962875105
2021-03-14 03:30:00,1474.14583333333,-26.2904210382591,-0.286153974587557,-0.286151243126023
2021-03-14 04:00:00,1474.16666666667,-25.8590667288889,-0.217680339946267,-0.217677607359081
2021-03-14 04:30:00,1474.1875,-25.8191890947154,-0.211569299924243,-0.211566566211931
2021-03-14 05:00:00,1474.20833333333,-25.7710222066667,-0.204137856311777,-0.204135121474861
2021-03-14 05:30:00,1474.22916666667,-25.4987064578947,-0.160999419451116,-0.160996683490121
2021-03-14 06:00:00,1474.25,-25.2693556466667,-0.124705408257993,-0.124702671173444
2021-03-14 09:30:00,1474.39583333333,-23.8095287699443,0.106151648911459,0.106154393846203
2021-03-14 10:30:00,1474.4375,-23.2886660330241,0.188640616734084,0.188643363907012
2021-03-14 11:30:00,1474.47916666667,-23.4853599372913,0.156821978427631,0.156824727836644
2021-03-14 12:30:00,1474.52083333333,-23.7803599332096,0.109342789306044,0.109345540949039
2021-03-14 14:00:00,1474.58333333333,-25.1332174656134,-0.10689720058015,-0.106894445590129
2021-03-14 15:00:00,1474.625,-26.6089146601113,-0.34246309649812,-0.342460339279381
2021-03-14 16:00:00,1474.66666666667,-27.3444081738404,-0.460114336403619,-0.460111576958264
2021-03-14 17:00:00,1474.70833333333,-26.6893506178108,-0.356250116234825,-0.356247354564964
2021-03-14 18:00:00,1474.75,-26.1879721552876,-0.276867404276213,-0.276864640383955
2021-03-14 19:00:00,1474.79166666667,-27.0141168640074,-0.40896040070483,-0.408957634592282
2021-03-14 20:00:00,1474.83333333333,-29.8039016721707,-0.85386298651002,-0.85386021817929
2021-03-14 21:00:00,1474.875,-30.4693710564007,-0.960360925264544,-0.960358154717747
2021-03-14 22:00:00,1474.91666666667,-30.5193562495362,-0.968812110338684,-0.968809337577928
2021-03-14 23:00:00,1474.95833333333,-30.7648488791045,-1.00840808729166,-1.00840531231906
2021-03-15,1475,-31.1380964699443,-1.06835583816303,-1.06835306098069
2021-03-15 01:00:00,1475.04166666667,-31.4001428879406,-1.11058947977648,-1.11058670038653
2021-03-15 02:00:00,1475.08333333333,-31.4254564187384,-1.11511172007782,-1.11510893848236
2021-03-15 03:00:00,1475.125,-31.5383228695733,-1.13358151964729,-1.13357873584845
2021-03-15 04:00:00,1475.16666666667,-32.3683785254174,-1.26630038837552,-1.26629760237541
2021-03-15 05:00:00,1475.20833333333,-32.5798942374768,-1.30048571807973,-1.30048292988046
2021-03-15 06:00:00,1475.25,-33.354113216141,-1.4243103960544,-1.42430760565809
2021-03-15 07:00:00,1475.29166666667,-33.9802820072356,-1.52455088888463,-1.52454809629341
2021-03-15 11:00:00,1475.45833333333,-35.1664842927644,-1.71548233870655,-1.71547953735688
2021-03-15 12:00:00,1475.5,-35.5973885120818,-1.78461861960216,-1.78461581606818
2021-03-15 13:30:00,1475.5625,-36.2111784775093,-1.88313578466872,-1.88313297786227
2021-03-15 14:30:00,1475.60416666667,-35.6580259638219,-1.79551190935388,-1.79550910036843
2021-03-15 15:30:00,1475.64583333333,-35.8466567909091,-1.82605496369961,-1.82605215253731
2021-03-15 16:30:00,1475.6875,-34.6603364784387,-1.63756763209135,-1.6375648187543
2021-03-15 17:30:00,1475.72916666667,-34.4046710347584,-1.59733459901984,-1.59733178351018
2021-03-15 18:30:00,1475.77083333333,-34.4148140702602,-1.59944535925949,-1.59944254157936
2021-03-15 19:30:00,1475.8125,-33.7645231990724,-1.4963488385831,-1.49634601873462
2021-03-15 20:30:00,1475.85416666667,-33.1940408716141,-1.40596618807485,-1.40596336606015
2021-03-15 21:30:00,1475.89583333333,-33.9364804719852,-1.52473325076576,-1.52473042658696
2021-03-15 22:30:00,1475.9375,-32.8201575966605,-1.34739843439543,-1.34739560805468
2021-03-15 23:30:00,1475.97916666667,-33.2617922424861,-1.41824767583717,-1.4182448473366
2021-03-16 00:30:00,1476.02083333333,-33.0148569139405,-1.37940753940366,-1.3794047087454
2021-03-16 01:30:00,1476.0625,-33.9133172679035,-1.52303006455564,-1.52302723174184
2021-03-16 02:30:00,1476.10416666667,-33.8790167174397,-1.51806342166317,-1.51806058669595
2021-03-16 03:30:00,1476.14583333333,-33.9810909482375,-1.53482168921885,-1.53481885210036
2021-03-16 04:30:00,1476.1875,-33.8683136439703,-1.51735426378614,-1.5173514245185
2021-03-16 05:30:00,1476.22916666667,-33.5878348827458,-1.47317218624623,-1.4731693448316
2021-03-16 06:30:00,1476.27083333333,-32.8867847910946,-1.36199310479601,-1.36199026123651
2021-03-16 07:30:00,1476.3125,-33.3717606884972,-1.43974912026735,-1.43974627456514
2021-03-16 08:30:00,1476.35416666667,-33.4641947866419,-1.45497325566241,-1.45497040781961
2021-03-16 12:30:00,1476.52083333333,-34.1290558981378,-1.56288646135104,-1.56288360496736
2021-03-16 14:00:00,1476.58333333333,-34.9322911413729,-1.69159381338749,-1.69159095380983
2021-03-16 15:00:00,1476.625,-35.0960317013011,-1.71817912174943,-1.71817626004512
2021-03-16 16:00:00,1476.66666666667,-36.4606834160149,-1.9360707423917,-1.9360678785629
2021-03-16 17:00:00,1476.70833333333,-35.0941895265799,-1.71888922346275,-1.7188863575116
2021-03-16 18:00:00,1476.75,-34.4032523282004,-1.60932467480275,-1.60932180673141
2021-03-16 19:00:00,1476.79166666667,-31.8846499592593,-1.20861206476547,-1.20860919457608
2021-03-16 20:00:00,1476.83333333333,-32.7319259487037,-1.3440865886246,-1.34408371631932
2021-03-16 21:00:00,1476.875,-33.1813833562963,-1.41618863395852,-1.4161857595395
2021-03-16 22:00:00,1476.91666666667,-32.195274057963,-1.25960418275669,-1.25960130622608
2021-03-16 23:00:00,1476.95833333333,-30.0543759307407,-0.919061351220261,-0.919058472580216
2021-03-17,1477,-28.7761666083333,-0.715945767854445,-0.71594288710712
2021-03-17 01:00:00,1477.04166666667,-28.0821732117318,-0.60589650377452,-0.605893620922067
2021-03-17 02:00:00,1477.08333333333,-27.4551966523191,-0.506523374308343,-0.506520489352918
2021-03-17 03:00:00,1477.125,-26.8579981215613,-0.411894210386527,-0.41189132333029
2021-03-17 04:00:00,1477.16666666667,-26.6763351744444,-0.383460465926522,-0.383457576771628
2021-03-17 05:00:00,1477.20833333333,-25.3588082592105,-0.17408308342502,-0.174080192173626
2021-03-17 06:00:00,1477.25,-24.1412314990741,0.0193718644210337,0.0193747577667649
2021-03-17 07:00:00,1477.29166666667,-23.0192259231481,0.197601951062597,0.197604846500509
2021-03-17 08:00:00,1477.33333333333,-21.8115407522222,0.38948055541145,0.389483452939381
2021-03-17 09:00:00,1477.375,-20.6333833492593,0.576655062478566,0.576657962094351
2021-03-17 10:00:00,1477.41666666667,-19.8115333514815,0.707069242793559,0.70707214449504
2021-03-17 14:00:00,1477.58333333333,-18.7152852346296,0.879670885016771,0.879673795039387
2021-03-17 15:00:00,1477.625,-18.6499740560297,0.889566382284881,0.889569294382367
2021-03-17 16:00:00,1477.66666666667,-18.9821562962335,0.836140592961472,0.836143507131662
2021-03-17 17:00:00,1477.70833333333,-18.3275213447124,0.939915186810077,0.9399181030508
2021-03-17 18:00:00,1477.75,-16.9035992280148,1.16623747541285,1.16624039372194
2021-03-17 19:00:00,1477.79166666667,-15.7765287480519,1.34527078601069,1.34527370638597
2021-03-17 20:00:00,1477.83333333333,-15.9943135742115,1.31006738541518,1.31007030785449
2021-03-17 21:00:00,1477.875,-15.9470648262963,1.31708372294957,1.31708664745074
2021-03-17 22:00:00,1477.91666666667,-16.0852888724074,1.29455381249966,1.29455673906051
2021-03-17 23:00:00,1477.95833333333,-16.4755462664815,1.23187451052021,1.23187743913857
2021-03-18,1478,-17.2323240548148,1.11080794898425,1.11081087965794
2021-03-18 01:00:00,1478.04166666667,-17.2506137537931,1.10738276924632,1.10738570197318
2021-03-18 02:00:00,1478.08333333333,-16.5802314631481,1.21366323128231,1.21366616606015
2021-03-18 03:00:00,1478.125,-16.9386555844444,1.1560537986541,1.15605673548075
2021-03-18 04:00:00,1478.16666666667,-17.501283375,1.06591427780481,1.0659172166781
2021-03-18 05:00:00,1478.20833333333,-17.3107296362963,1.09575681528048,1.09575975619822
2021-03-18 06:00:00,1478.25,-17.6027458651206,1.04872531482246,1.04872825778248
2021-03-18 07:00:00,1478.29166666667,-17.7310370194444,1.02777503873935,1.02777798373947
2021-03-18 08:00:00,1478.33333333333,-16.9021888616667,1.1592974423278,1.15930038936583
2021-03-18 09:00:00,1478.375,-16.5246777862963,1.21892122969124,1.21892417876501
2021-03-18 10:00:00,1478.41666666667,-16.3303814481481,1.24935848228472,1.24936143339205
2021-03-18 11:00:00,1478.45833333333,-16.7065537012963,1.18891938468154,1.18892233782024
2021-03-18 12:00:00,1478.5,-16.0328976743243,1.29571838664614,1.29572134181403
2021-03-18 23:00:00,1478.95833333333,-27.4283673530612,-0.525271245391888,-0.525268268047214
2021-03-19,1479,-25.7557328625232,-0.259337787774361,-0.259334808426753
2021-03-19 01:00:00,1479.04166666667,-24.2832541996289,-0.0252895887667678,-0.0252866074184193
2021-03-19 02:00:00,1479.08333333333,-23.439385896475,0.108620238754959,0.108623222101852
2021-03-19 03:00:00,1479.125,-23.1450092276438,0.154995364555028,0.154998349898272
2021-03-19 04:00:00,1479.16666666667,-23.4560962896296,0.104919393929798,0.104922381267199
2021-03-19 05:00:00,1479.20833333333,-23.8126500203704,0.0476002593129358,0.0476032486422947
2021-03-19 06:00:00,1479.25,-24.8993852088889,-0.126037594226085,-0.126034602906962
2021-03-19 07:00:00,1479.29166666667,-25.4812351755556,-0.219247161761744,-0.219244168455055
2021-03-19 08:00:00,1479.33333333333,-25.8868555455556,-0.284383518980533,-0.28438052368848
2021-03-19 09:00:00,1479.375,-26.9292676713755,-0.450961548061778,-0.450958550786556
2021-03-19 10:00:00,1479.41666666667,-27.736515774026,-0.580078070035013,-0.580075070778823
2021-03-19 11:00:00,1479.45833333333,-27.9694675959184,-0.617709073650982,-0.617706072416028
2021-03-19 12:30:00,1479.52083333333,-30.1104379890977,-0.959550147478346,-0.95954714327937
2021-03-19 13:30:00,1479.5625,-31.6870563406015,-1.21122891220876,-1.21122590603652
2021-03-19 14:30:00,1479.60416666667,-31.8381247863894,-1.23581684687334,-1.23581383873004
2021-03-19 15:30:00,1479.64583333333,-30.7107035290807,-1.05674074657242,-1.05673773646027
2021-03-19 16:30:00,1479.6875,-30.1015009383178,-0.960217538271969,-0.960214526193166
2021-03-19 17:30:00,1479.72916666667,-30.7656422966292,-1.06653921883234,-1.06653620478909
2021-03-19 21:30:00,1479.89583333333,-29.2939956558442,-0.834201680500543,-0.834198658621593
2021-03-19 22:00:00,1479.91666666667,-29.0079332733333,-0.78889416408919,-0.788891141233261
2021-03-19 22:30:00,1479.9375,-28.0171465135776,-0.631323622365056,-0.631320598532698
2021-03-19 23:00:00,1479.95833333333,-26.891600012,-0.452285829021149,-0.452282804212919
2021-03-19 23:30:00,1479.97916666667,-29.1844708239741,-0.817804428088911,-0.817801402305358
2021-03-20,1480,-28.40564265,-0.69399925510732,-0.693996228348998
2021-03-20 00:30:00,1480.02083333333,-29.3897483724512,-0.851030783092974,-0.851027755360438
2021-03-20 01:00:00,1480.04166666667,-29.114773308,-0.807489913389276,-0.807486884683077
2021-03-20 01:30:00,1480.0625,-27.6587429634989,-0.575806164962041,-0.575803135282731
2021-03-20 02:00:00,1480.08333333333,-27.033386588,-0.476449444758078,-0.476446414106211
2021-03-20 02:30:00,1480.10416666667,-29.0284060529158,-0.794520539802716,-0.794517508178844
2021-03-20 03:00:00,1480.125,-28.118493344,-0.649833934939644,-0.649830902344321
2021-03-20 03:30:00,1480.14583333333,-28.5663405346983,-0.721439523607267,-0.721436490041049
2021-03-20 04:00:00,1480.16666666667,-27.8245920342105,-0.603541739785794,-0.603538705249231
2021-03-20 04:30:00,1480.1875,-28.6435736006494,-0.734269442125375,-0.734266406619022
2021-03-20 05:00:00,1480.20833333333,-28.4076579434211,-0.696951334041261,-0.69694829756567
2021-03-20 05:30:00,1480.22916666667,-29.1148315319654,-0.809868087867208,-0.809865050422933
2021-03-20 06:00:00,1480.25,-28.4276265733333,-0.700659413769343,-0.700656375356938
2021-03-20 06:30:00,1480.27083333333,-27.6703398287879,-0.580286732141897,-0.580283692761919
2021-03-20 07:00:00,1480.29166666667,-26.8318684736842,-0.446981355050969,-0.446978314703969
2021-03-20 07:30:00,1480.3125,-28.2006918359914,-0.665299674783642,-0.665296633470173
2021-03-20 08:00:00,1480.33333333333,-27.3628683289474,-0.532097642277998,-0.532094599998616
2021-03-20 08:30:00,1480.35416666667,-26.7210560795259,-0.430120414096236,-0.430117370851493
2021-03-20 09:00:00,1480.375,-26.4919080789474,-0.393880966528757,-0.393877922319209
2021-03-20 09:30:00,1480.39583333333,-27.0843016857759,-0.488513754949806,-0.488510709776009
2021-03-20 10:00:00,1480.41666666667,-26.7268815828947,-0.431840611476603,-0.43183756533911
2021-03-20 10:30:00,1480.4375,-25.9621120592672,-0.310276484958729,-0.310273437858094
2021-03-20 11:00:00,1480.45833333333,-25.4934210986842,-0.23587795585853,-0.235874907795308
2021-03-20 12:00:00,1480.5,-27.0795801265823,-0.489082986291929,-0.489079936305196
2021-03-20 12:30:00,1480.52083333333,-27.0232769076923,-0.480378331167446,-0.480375280219792
2021-03-20 13:00:00,1480.54166666667,-28.814837564135,-0.76603978249754,-0.766036730589519
2021-03-20 13:30:00,1480.5625,-28.7909076923077,-0.762492365876187,-0.762489313008353
2021-03-20 14:00:00,1480.58333333333,-28.6139557056962,-0.73456848755818,-0.734565433731088
2021-03-20 14:30:00,1480.60416666667,-28.4743537938462,-0.712594573346584,-0.712591518560793
2021-03-20 15:00:00,1480.625,-28.1541775868922,-0.661855115356366,-0.661852059612425
2021-03-20 15:30:00,1480.64583333333,-28.23213856,-0.674539265101877,-0.674536208400347
2021-03-20 16:00:00,1480.66666666667,-28.1128649763713,-0.65580387941728,-0.655800821758715
2021-03-20 16:30:00,1480.6875,-27.9450614953846,-0.6293377167737,-0.629334658158655
2021-03-20 17:00:00,1480.70833333333,-27.9972130390295,-0.63791061707278,-0.63790755750181
2021-03-20 17:30:00,1480.72916666667,-27.7372923953846,-0.596770265228324,-0.596767204701988
2021-03-20 18:00:00,1480.75,-28.1288881732068,-0.6594170151735,-0.659413953692349
2021-03-20 18:30:00,1480.77083333333,-27.7978485560606,-0.60694750053039,-0.606944438094986
2021-03-20 19:00:00,1480.79166666667,-28.3615632837553,-0.697013062623263,-0.697009999234158
2021-03-20 19:30:00,1480.8125,-28.0967121378788,-0.655087559119142,-0.655084494776892
2021-03-20 23:00:00,1480.95833333333,-24.8296103638219,-0.136496186697672,-0.136493115698995
2021-03-21,1481,-24.0653357808905,-0.015278836146089,-0.0152757632505852
2021-03-21 01:00:00,1481.04166666667,-24.2716252051948,-0.0486733048268394,-0.04867023003674
2021-03-21 02:00:00,1481.08333333333,-24.1370556875696,-0.0277689795059639,-0.0277659028234949
2021-03-21 03:00:00,1481.125,-24.4459202024119,-0.0775042911973286,-0.07750121262472
2021-03-21 04:00:00,1481.16666666667,-24.1239740205937,-0.0267512866090783,-0.0267482061485631
2021-03-21 05:00:00,1481.20833333333,-24.2902018483333,-0.0537650288086216,-0.0537619464624279
2021-03-21 06:00:00,1481.25,-24.1717740466667,-0.0354332037620171,-0.035430119532377
2021-03-21 07:00:00,1481.29166666667,-24.1386103684601,-0.0306842921763596,-0.0306812060655081
2021-03-21 08:00:00,1481.33333333333,-24.5889573933333,-0.102959258503159,-0.102956170513326
2021-03-21 09:00:00,1481.375,-24.3867999831481,-0.0712900791527719,-0.0712869892861919
2021-03-21 10:00:00,1481.41666666667,-24.5625981437037,-0.0998297691542829,-0.0998266774131931
2021-03-21 11:30:00,1481.47916666667,-24.6095732153989,-0.10811582621784,-0.108112731669175
2021-03-21 12:30:00,1481.52083333333,-24.1544582506494,-0.0361512954029104,-0.0361481989853218
2021-03-21 13:30:00,1481.5625,-26.4764730738404,-0.40658580025888,-0.406582701974605
2021-03-21 14:30:00,1481.60416666667,-26.9286573469274,-0.479155237885485,-0.479152137736764
2021-03-21 15:30:00,1481.64583333333,-27.4878067139405,-0.568764566744309,-0.568761464733377
2021-03-21 16:30:00,1481.6875,-26.9787193570632,-0.48820329716861,-0.488200193297707
2021-03-21 17:30:00,1481.72916666667,-26.9268754756506,-0.480481514767389,-0.480478409038756
2021-03-21 18:30:00,1481.77083333333,-27.0858460502783,-0.506342900369812,-0.506339792785687
2021-03-21 19:30:00,1481.8125,-27.3452137741636,-0.548197897824509,-0.548194788387134
2021-03-21 20:30:00,1481.85416666667,-26.6510949852886,-0.438162086378197,-0.438158975089815
2021-03-22 00:30:00,1482.02083333333,-24.0959981211503,-0.0332872946393968,-0.033284175969412
2021-03-22 01:30:00,1482.0625,-23.5838738387755,0.0477552962296608,0.0477584167394363
2021-03-22 02:30:00,1482.10416666667,-23.0944665092937,0.125178787970427,0.125181910317745
2021-03-22 03:30:00,1482.14583333333,-22.7629498814471,0.177449906088025,0.177453030270641
2021-03-22 04:30:00,1482.1875,-22.4318640515829,0.229652126033708,0.229655252049376
2021-03-22 05:30:00,1482.22916666667,-22.4101076300557,0.232577678712109,0.232580806558577
2021-03-22 06:30:00,1482.27083333333,-22.4512018607407,0.225490806387652,0.225493936062676
2021-03-22 07:30:00,1482.3125,-22.7011055462963,0.185140167769899,0.185143299271229
2021-03-22 08:30:00,1482.35416666667,-22.6083648103704,0.199372759714742,0.199375893040127
2021-03-22 09:30:00,1482.39583333333,-22.7684907427778,0.173323240332548,0.173326375479739
2021-03-22 11:00:00,1482.45833333333,-22.9208014896104,0.1482475073185,0.148250645194176
2021-03-22 12:00:00,1482.5,-22.6824990972171,0.185667230113298,0.185670369805152
2021-03-22 13:00:00,1482.54166666667,-23.2561189966543,0.0937468822217696,0.0937500237275457
2021-03-22 14:00:00,1482.58333333333,-24.0065791517691,-0.0263445138814579,-0.0263413705640103
2021-03-22 15:00:00,1482.625,-23.8994786560297,-0.009826154312223,-0.00982300918535772
2021-03-22 16:00:00,1482.66666666667,-24.5928178371747,-0.120818675828392,-0.120815528894367
2021-03-22 20:30:00,1482.85416666667,-24.8930635285981,-0.171095270124998,-0.17109211508666
2021-03-22 21:30:00,1482.89583333333,-23.168897955102,0.103020971286757,0.103024128119846
2021-03-22 22:30:00,1482.9375,-22.0105269089054,0.28700547343433,0.287008632059912
2021-03-22 23:30:00,1482.97916666667,-21.9546252469388,0.295365548373588,0.295368708789399
2021-03-23 00:30:00,1483.02083333333,-22.1878961209647,0.25765996550017,0.257663127703954
2021-03-23 01:30:00,1483.0625,-21.7013432602968,0.334622552055028,0.334625716044524
2021-03-23 02:30:00,1483.10416666667,-21.2841018727778,0.400543505782848,0.400546671555791
2021-03-23 03:30:00,1483.14583333333,-21.1903944537037,0.414925001792342,0.414928169346475
2021-03-23 04:30:00,1483.1875,-21.2588073983333,0.403480342946815,0.403483512279873
2021-03-23 05:30:00,1483.22916666667,-20.6909666627778,0.49339108524583,0.493394256355548
2021-03-23 06:30:00,1483.27083333333,-20.1156222077778,0.584496910911246,0.584500083795363
2021-03-23 08:00:00,1483.33333333333,-19.3455101821892,0.706355375842025,0.706358551383491
2021-03-23 09:00:00,1483.375,-19.2339950218045,0.723572203385531,0.723575380695734
2021-03-23 09:30:00,1483.39583333333,-19.1783499842857,0.732162590190891,0.732165768384608
2021-03-23 10:30:00,1483.4375,-19.3759248491228,0.700140760660151,0.700143940619208
2021-03-23 11:00:00,1483.45833333333,-19.5102554941606,0.678467688044834,0.678470868885707
2021-03-23 11:30:00,1483.47916666667,-19.1761729298246,0.731413108676651,0.731416290398776
2021-03-23 12:00:00,1483.5,-19.2582773671533,0.71805957682621,0.718062759429019
2021-03-23 12:30:00,1483.52083333333,-18.0630100177945,0.908192217751059,0.908195401233983
2021-03-23 13:00:00,1483.54166666667,-18.1803722131387,0.889221968548985,0.889225152911459
2021-03-23 13:30:00,1483.5625,-19.0639448654135,0.748193780415188,0.748196965656648
2021-03-23 14:00:00,1483.58333333333,-19.5193649072993,0.675370543515349,0.675373729635222
2021-03-23 14:30:00,1483.60416666667,-19.6987017005013,0.646527499894318,0.64653068689204
2021-03-23 15:00:00,1483.625,-19.8268029416058,0.625846250842252,0.625849438717255
2021-03-23 15:30:00,1483.64583333333,-22.4611804027569,0.205913343462376,0.205916532214091
2021-03-23 16:00:00,1483.66666666667,-22.7920075058824,0.15293758883798,0.152940778465841
2021-03-23 16:30:00,1483.6875,-25.2360201675063,-0.236670200751715,-0.236667010248272
2021-03-23 17:00:00,1483.70833333333,-26.0005556125926,-0.358736134924826,-0.358732943546375
2021-03-23 17:30:00,1483.72916666667,-27.996090670529,-0.676901252430179,-0.676898060177286
2021-03-23 18:00:00,1483.75,-27.9620222696296,-0.671749153845817,-0.671745960719047
2021-03-23 22:00:00,1483.91666666667,-19.6933710643785,0.643250369895907,0.643253569993222
2021-03-23 23:00:00,1483.95833333333,-18.963011135436,0.759045947611482,0.759049149445751
2021-03-24,1484,-18.9328775860853,0.763294703090441,0.76329790665939
2021-03-24 01:00:00,1484.04166666667,-19.3526015158287,0.695880581381552,0.695883786682902
2021-03-24 02:00:00,1484.08333333333,-17.5350927768089,0.984858963549065,0.984862170580543
2021-03-24 03:00:00,1484.125,-17.2172226894249,1.03494357812211,1.03494678688144
2021-03-24 04:00:00,1484.16666666667,-16.9844722057407,1.0714683205528,1.0714715310377
2021-03-24 05:00:00,1484.20833333333,-17.0044018937037,1.06774067290957,1.06774388511777
2021-03-24 06:00:00,1484.25,-17.0128571675325,1.06584064975882,1.06584386368804
2021-03-24 07:00:00,1484.29166666667,-16.6212796125926,1.12766588450403,1.12766910015198
2021-03-24 08:00:00,1484.33333333333,-16.5690315656772,1.13543542882033,1.13543864618474
2021-03-24 09:00:00,1484.375,-16.6182907224074,1.12703454602972,1.12703776510831
2021-03-24 10:30:00,1484.4375,-16.591990674026,1.13039288534177,1.13039610698735
2021-03-24 11:30:00,1484.47916666667,-16.585226361039,1.13091593998509,1.13091916333914
2021-03-24 12:30:00,1484.52083333333,-15.9173884860595,1.23674822943165,1.2367514544919
2021-03-24 13:30:00,1484.5625,-16.4011409916512,1.15913109256341,1.15913431932756
2021-03-24 14:30:00,1484.60416666667,-16.6535788410019,1.11836229027006,1.11836551873584
2021-03-24 15:30:00,1484.64583333333,-16.8733654916512,1.08279459208288,1.08279782224801
2021-03-24 16:30:00,1484.6875,-17.064469416141,1.05179581777472,1.0517990496369
2021-03-24 17:30:00,1484.72916666667,-17.9918808081937,0.903502483099164,0.903505716656114
2021-03-24 18:30:00,1484.77083333333,-18.582693348513,0.808829331717237,0.808832566966675
2021-03-24 19:30:00,1484.8125,-18.6704341337662,0.794295616378502,0.794298853318142
2021-03-24 23:30:00,1484.97916666667,-17.9753896311688,0.902787985448102,0.902791229125664
2021-03-25 00:30:00,1485.02083333333,-17.2945943798131,1.01068134402837,1.0106845893847
2021-03-25 01:30:00,1485.0625,-13.1928330348794,1.66353679365372,1.66354004068651
2021-03-25 02:30:00,1485.10416666667,-13.8696233643785,1.5551652946899,1.55516854339687
2021-03-25 03:30:00,1485.14583333333,-13.813818187013,1.56349653173741,1.56349978211627
2021-03-25 04:30:00,1485.1875,-14.0779461847866,1.52086193388935,1.52086518593781
2021-03-25 05:30:00,1485.22916666667,-14.2726672968401,1.48928365135432,1.48928690507008
2021-03-25 06:30:00,1485.27083333333,-14.5635046235622,1.44239373624218,1.44239699162295
2021-03-25 07:30:00,1485.3125,-14.9972537059259,1.3727376257219,1.37274088276539
2021-03-25 08:30:00,1485.35416666667,-15.1885481790741,1.34170445738966,1.34170771609357
2021-03-25 10:00:00,1485.41666666667,-16.2995380244898,1.16388277927629,1.16388604046654
2021-03-25 11:00:00,1485.45833333333,-16.0915788189239,1.19645038272807,1.196453645573
2021-03-25 12:00:00,1485.5,-16.0883766103896,1.19639980091476,1.19640306541208
2021-03-25 13:00:00,1485.54166666667,-15.6020623924386,1.27330905841069,1.27331232455811
2021-03-25 14:00:00,1485.58333333333,-15.3223692187384,1.31730318716252,1.31730645495773
2021-03-25 15:00:00,1485.625,-15.5152745727273,1.28601178427533,1.28601505371605
2021-03-25 16:00:00,1485.66666666667,-15.4952764424861,1.28863581040388,1.2886390814878
2021-03-25 17:00:00,1485.70833333333,-15.5241855378479,1.28346863266658,1.2834719053914
2021-03-25 18:00:00,1485.75,-15.9955287461967,1.20782113697199,1.20782441133542
2021-03-25 19:00:00,1485.79166666667,-16.098706893692,1.19082235126527,1.190825627265
2021-03-25 20:00:00,1485.83333333333,-16.0624563827458,1.19603440347271,1.19603768110645
2021-03-25 21:00:00,1485.875,-15.9483345295539,1.21365116942306,1.2136544486885
2021-03-26 01:00:00,1486.04166666667,-14.5499443413729,1.43416155697044,1.43416484273967
2021-03-26 02:00:00,1486.08333333333,-14.7026734738404,1.40926754091837,1.40927082830779
2021-03-26 03:00:00,1486.125,-14.9367940541744,1.37140756406651,1.37141085307382
2021-03-26 04:00:00,1486.16666666667,-15.0150055919926,1.35838376439999,1.35838705502288
2021-03-26 05:00:00,1486.20833333333,-15.0435780446097,1.35326726206625,1.35327055430241
2021-03-26 06:00:00,1486.25,-14.9799053944341,1.36284522640389,1.36284852025103
2021-03-26 07:00:00,1486.29166666667,-14.8221818155844,1.38740532705606,1.38740862251186
2021-03-26 08:00:00,1486.33333333333,-14.5666901473098,1.42753971067655,1.4275430077387
2021-03-26 09:30:00,1486.39583333333,-13.686657986803,1.56688057414778,1.56688387361514
2021-03-26 10:30:00,1486.4375,-13.3540427429368,1.61930019088376,1.61930349195172
2021-03-26 11:30:00,1486.47916666667,-12.9611966487941,1.68131438258249,1.68131768524872
2021-03-26 12:30:00,1486.52083333333,-12.5367643717996,1.74836003354382,1.74836333780602
2021-03-26 13:30:00,1486.5625,-12.1580018419295,1.80813021920491,1.80813352506078
2021-03-26 14:30:00,1486.60416666667,-11.8589584841897,1.85520084212089,1.8552041495681
2021-03-26 15:30:00,1486.64583333333,-12.469706861039,1.75734075020279,1.75734405923904
2021-03-26 16:30:00,1486.6875,-12.0434526686456,1.82467566754498,1.82467897816796
2021-03-26 17:30:00,1486.72916666667,-11.7417940512059,1.8721621799757,1.8721654921831
2021-03-26 18:30:00,1486.77083333333,-11.6624962788104,1.88422621039646,1.88422952418596
2021-03-26 19:30:00,1486.8125,-11.7050204425651,1.87688367913156,1.87688699450085
2021-03-26 20:30:00,1486.85416666667,-12.034219327881,1.82387341995064,1.82387673689741
2021-03-26 21:30:00,1486.89583333333,-11.9539406454545,1.8360929903103,1.83609630883222
2021-03-26 22:30:00,1486.9375,-19.8126430879182,0.583626954854407,0.583630274949184
2021-03-27 02:00:00,1487.08333333333,-22.6821109962963,0.124524864445531,0.124528190027041
2021-03-27 02:30:00,1487.10416666667,-23.526228834433,-0.0102287775557849,-0.0102254511927719
2021-03-27 03:00:00,1487.125,-24.0430556351852,-0.0928447828822432,-0.0928414557383059
2021-03-27 03:30:00,1487.14583333333,-24.3895248055785,-0.148322755383068,-0.148319427458786
2021-03-27 04:00:00,1487.16666666667,-24.9486111907407,-0.237670861529159,-0.237667532825115
2021-03-27 04:30:00,1487.1875,-25.1457101608696,-0.269354173136835,-0.269350843653602
2021-03-27 05:00:00,1487.20833333333,-26.585074137037,-0.498931247264826,-0.498927917002989
2021-03-27 05:30:00,1487.22916666667,-26.8942762758763,-0.548472792362913,-0.548469461323049
2021-03-27 06:00:00,1487.25,-27.5686295851852,-0.656183239105659,-0.656179907288347
2021-03-27 06:30:00,1487.27083333333,-27.5146790741201,-0.647874426018751,-0.647871093424575
2021-03-27 07:00:00,1487.29166666667,-27.9678889074074,-0.720356677384453,-0.720353344013989
2021-03-27 07:30:00,1487.3125,-28.101952588866,-0.741998777835628,-0.741995443689453
2021-03-27 08:30:00,1487.35416666667,-26.8359375953125,-0.540893182301598,-0.54088984660575
2021-03-27 09:00:00,1487.375,-26.6111810553684,-0.505375142259091,-0.505371805789275
2021-03-27 09:30:00,1487.39583333333,-26.1662030859375,-0.434775730117509,-0.434772392874308
2021-03-27 10:00:00,1487.41666666667,-25.8955033651007,-0.391939026472875,-0.391935688456866
2021-03-27 10:30:00,1487.4375,-26.091062634375,-0.42337777206513,-0.423374433276891
2021-03-27 11:00:00,1487.45833333333,-25.6589429295983,-0.354826867425118,-0.354823527865234
2021-03-27 11:30:00,1487.47916666667,-25.9694218609375,-0.404572515033052,-0.404569174702102
2021-03-27 12:00:00,1487.5,-25.3419219801688,-0.304897526388795,-0.304894185287359
2021-03-27 12:30:00,1487.52083333333,-25.7985468734375,-0.377924447748758,-0.377921105877418
2021-03-27 13:00:00,1487.54166666667,-25.8401620831579,-0.384840088682985,-0.384836746042319
2021-03-27 13:30:00,1487.5625,-25.7799531296875,-0.375535126353857,-0.375531782944443
2021-03-27 14:00:00,1487.58333333333,-25.7690421117895,-0.374083419051409,-0.374080074873834
2021-03-27 14:30:00,1487.60416666667,-25.414015671875,-0.317813937737052,-0.317810592791893
2021-03-27 15:00:00,1487.625,-25.325544058,-0.304006889281761,-0.3040035435696
2021-03-27 15:30:00,1487.64583333333,-25.2584061265625,-0.293598370235018,-0.293595023756438
2021-03-27 16:00:00,1487.66666666667,-25.1708923599156,-0.279944024592859,-0.279940677348438
2021-03-27 16:30:00,1487.6875,-24.938890603125,-0.243272697345342,-0.243269349335657
2021-03-27 17:00:00,1487.70833333333,-24.648147714346,-0.197243924235665,-0.197240575461304
2021-03-27 17:30:00,1487.72916666667,-24.157843825,-0.11942499953095,-0.119421649992491
2021-03-27 18:00:00,1487.75,-23.9238456268499,-0.0824358129601106,-0.0824324626581353
2021-03-27 18:30:00,1487.77083333333,-24.1313125515625,-0.115772394268155,-0.115769043203247
2021-03-27 19:00:00,1487.79166666667,-24.0940399804211,-0.110121857286531,-0.110118505459269
2021-03-27 19:30:00,1487.8125,-24.355937540625,-0.152129394275715,-0.152126041686679
2021-03-27 20:00:00,1487.83333333333,-24.2071536705263,-0.128715144159793,-0.128711790809566
2021-03-27 20:30:00,1487.85416666667,-24.5897343765625,-0.189947708925182,-0.189944354814345
2021-03-27 21:00:00,1487.875,-24.593246828481,-0.190794488069238,-0.190791133198372
2021-03-27 21:30:00,1487.89583333333,-24.40243741875,-0.160685713897423,-0.160682358267113
2021-03-27 22:00:00,1487.91666666667,-24.1120675124473,-0.114716939547503,-0.114713583158327
2021-03-27 22:30:00,1487.9375,-23.551109321875,-0.0256433161837134,-0.0256399590362541
2021-03-27 23:00:00,1487.95833333333,-22.7910631663158,0.0951451042739916,0.0951484621791531
2021-03-27 23:30:00,1487.97916666667,-22.1676562125,0.194166744287501,0.194170102949783
2021-03-28,1488,-21.6969130485507,0.268868875554386,0.268872234973206
2021-03-28 03:30:00,1488.14583333333,-21.2170873440476,0.343290696309762,0.343294061008046
2021-03-28 04:00:00,1488.16666666667,-21.0571478320423,0.368481121641136,0.368484487091302
2021-03-28 04:30:00,1488.1875,-20.530153538189,0.452143578429268,0.452146944630732
2021-03-28 05:00:00,1488.20833333333,-20.3865754392982,0.474727503809332,0.474730870761513
2021-03-28 05:30:00,1488.22916666667,-19.9468897874016,0.544481516465584,0.544484884167895
2021-03-28 06:00:00,1488.25,-19.8466267179577,0.560165211698869,0.560168580150734
2021-03-28 06:30:00,1488.27083333333,-19.6211230115079,0.595799772459895,0.595803141660726
2021-03-28 07:00:00,1488.29166666667,-19.5157123164912,0.612303373270786,0.612306743220002
2021-03-28 08:00:00,1488.33333333333,-19.5309620833333,0.609297105970474,0.609300477414713
2021-03-28 08:30:00,1488.35416666667,-19.4596934456204,0.62036168064978,0.620365052840654
2021-03-28 09:00:00,1488.375,-19.433511369697,0.624243876555693,0.624247249492624
2021-03-28 09:30:00,1488.39583333333,-19.3263527661818,0.641025633949832,0.641029007632232
2021-03-28 10:00:00,1488.41666666667,-18.7759732248092,0.72841274628876,0.728416120716048
2021-03-28 10:30:00,1488.4375,-18.6156763538182,0.753659353328102,0.753662728499694
2021-03-28 11:00:00,1488.45833333333,-17.998874994697,0.851627394437347,0.851630770352662
2021-03-28 11:30:00,1488.47916666667,-17.7815309498182,0.885961542854676,0.885964919513126
2021-03-28 12:00:00,1488.5,-17.8029659170455,0.882257966970216,0.882261344371225
2021-03-28 12:30:00,1488.52083333333,-17.694938188,0.899177834115771,0.899181212258748
2021-03-28 13:00:00,1488.54166666667,-17.4445188833333,0.93878072404766,0.938784102932026
2021-03-28 13:30:00,1488.5625,-17.3394853978102,0.955223492167735,0.955226871792906
2021-03-28 14:00:00,1488.58333333333,-17.2689545132576,0.966169914406491,0.966173294771884
2021-03-28 14:30:00,1488.60416666667,-17.1990401635036,0.977018065357522,0.977021446462549
2021-03-28 15:00:00,1488.625,-17.0701969742424,0.997253565736766,0.99725694758085
2021-03-28 15:30:00,1488.64583333333,-17.0110292886447,1.00638965181192,1.00639303439447
2021-03-28 16:00:00,1488.66666666667,-16.9988674534091,1.00803761559093,1.00804099891137
2021-03-28 16:30:00,1488.6875,-17.0139452394161,1.00534623153493,1.00534961559268
2021-03-28 17:00:00,1488.70833333333,-17.2914053075758,0.960857105762154,0.960860490556615
2021-03-28 17:30:00,1488.72916666667,-17.2697810087591,0.964012276746885,0.964015662277478
2021-03-28 18:00:00,1488.75,-17.3881135848485,0.944872160950186,0.944875547216333
2021-03-28 18:30:00,1488.77083333333,-17.5115854636364,0.9249132940041,0.924916681005211
2021-03-28 19:00:00,1488.79166666667,-17.192828878327,0.975401680890779,0.975405068626273
2021-03-28 19:30:00,1488.8125,-17.1310363418182,0.984955454691254,0.984958843160547
2021-03-28 20:00:00,1488.83333333333,-16.4834507670455,1.08782642165658,1.08782981085908
2021-03-28 20:30:00,1488.85416666667,-16.2451934624088,1.12549104626981,1.12549443620495
2021-03-28 21:00:00,1488.875,-15.9479809669202,1.17254721854471,1.17255060921189
2021-03-28 21:30:00,1488.89583333333,-15.8008072570909,1.19570204871049,1.19570544010913
2021-03-28 22:00:00,1488.91666666667,-15.89164395,1.18094159533797,1.18094498746749
2021-03-28 22:30:00,1488.9375,-15.7992617978182,1.19536797865923,1.19537137151904
2021-03-28 23:00:00,1488.95833333333,-15.8618030314394,1.18511489968943,1.18511829327895
2021-03-28 23:30:00,1488.97916666667,-15.7490945243636,1.20277917346292,1.20278256778156
2021-03-29,1489,-16.0397764768939,1.15618300260532,1.1561863976525
2021-03-29 00:30:00,1489.02083333333,-16.0276400185455,1.15782596488757,1.1578293606627
2021-03-29 01:00:00,1489.04166666667,-16.8589318450758,1.02511014259068,1.02511353909318
2021-03-29 01:30:00,1489.0625,-17.0095636218182,1.00082389659663,1.00082729382592
2021-03-29 05:00:00,1489.20833333333,-19.8311336358575,0.549310736929127,0.549314139229517
2021-03-29 05:30:00,1489.22916666667,-20.1955333255556,0.490970662689189,0.490974065711682
2021-03-29 06:00:00,1489.25,-21.5533719839644,0.274374995108841,0.274378398852854
2021-03-29 06:30:00,1489.27083333333,-21.9456444455556,0.211594657023173,0.211598061488117
2021-03-29 07:30:00,1489.3125,-23.7492897575163,-0.0763096061845979,-0.0763062002795458
2021-03-29 08:00:00,1489.33333333333,-23.84977498625,-0.0926081963290232,-0.0926047897047978
2021-03-29 08:30:00,1489.35416666667,-25.3347646906318,-0.32945939434277,-0.329455986999955
2021-03-29 09:00:00,1489.375,-25.5707250325,-0.367339377813577,-0.367335969752754
2021-03-29 09:30:00,1489.39583333333,-26.5029302769063,-0.516131727243807,-0.516128318465567
2021-03-29 10:00:00,1489.41666666667,-26.1265624275,-0.456467503109903,-0.45646409361483
2021-03-29 10:30:00,1489.4375,-27.6969891008715,-0.706929093023007,-0.706925682811686
2021-03-29 11:00:00,1489.45833333333,-27.705512495,-0.708578429725285,-0.708575018798306
2021-03-29 11:30:00,1489.47916666667,-28.041814430786,-0.762443177638751,-0.762439765996697
2021-03-29 12:00:00,1489.5,-27.9379239835443,-0.746185019622111,-0.746181607265565
2021-03-29 12:30:00,1489.52083333333,-27.8886833862445,-0.738632676970435,-0.738629263899988
2021-03-29 13:00:00,1489.54166666667,-28.0625000475,-0.766613570184513,-0.766610156400749
2021-03-29 13:30:00,1489.5625,-27.9767424117904,-0.753244147538005,-0.75324073304151
2021-03-29 14:00:00,1489.58333333333,-27.9037749575,-0.741912265035182,-0.741908849826545
2021-03-29 14:30:00,1489.60416666667,-28.0224466849673,-0.761108696200311,-0.761105280280115
2021-03-29 15:00:00,1489.625,-27.4383543468354,-0.668354364540361,-0.66835094790919
2021-03-29 15:30:00,1489.64583333333,-27.9640000305699,-0.752382147787511,-0.752378730445957
2021-03-29 16:00:00,1489.66666666667,-27.6105656842105,-0.696371908993271,-0.696368490941918
2021-03-29 19:30:00,1489.8125,-27.6357509726766,-0.702430215053041,-0.702426792049521
2021-03-29 20:30:00,1489.85416666667,-27.0103532018587,-0.603389044726356,-0.603385620313213
2021-03-29 21:30:00,1489.89583333333,-26.9999330815985,-0.602314471921044,-0.602311046100624
2021-03-29 22:30:00,1489.9375,-25.8261654314126,-0.415918024273082,-0.415914597047734
2021-03-29 23:30:00,1489.97916666667,-24.6881078148699,-0.23521042822004,-0.235206999592115
2021-03-30 00:30:00,1490.02083333333,-24.6657504750466,-0.232234900957927,-0.232231470929772
2021-03-30 01:30:00,1490.0625,-24.1372833111111,-0.148635934158518,-0.148632502732482
2021-03-30 02:30:00,1490.10416666667,-24.1373462740741,-0.149232411083679,-0.149228978262115
2021-03-30 04:30:00,1490.1875,-23.4146263708178,-0.0352761570346036,-0.0352727214290302
2021-03-30 05:30:00,1490.22916666667,-22.8079907236059,0.0607742395530668,0.0607776765471156
2021-03-30 07:00:00,1490.29166666667,-23.1304796077778,0.00852048238722314,0.00852392145957653
2021-03-30 08:00:00,1490.33333333333,-22.9951948638219,0.0294838047868269,0.0294872452417785
2021-03-30 09:00:00,1490.375,-23.2365148416667,-0.00954648898228333,-0.00954304714708637
2021-03-30 10:00:00,1490.41666666667,-23.2026604538033,-0.00474152420918394,-0.00473808099609768
2021-03-30 11:00:00,1490.45833333333,-22.914657457037,0.0405492813232812,0.0405527259119062
2021-03-30 12:00:00,1490.5,-22.7906103909091,0.0597215759850035,0.0597250219468103
2021-03-30 13:00:00,1490.54166666667,-24.8946944142593,-0.276049217810413,-0.276045770477776
2021-03-30 14:00:00,1490.58333333333,-24.6257746851024,-0.233799031405334,-0.233795582704222
2021-03-30 15:00:00,1490.625,-24.6591810825103,-0.239709826057756,-0.239706375990526
2021-03-30 16:00:00,1490.66666666667,-24.3504559283302,-0.191119032798503,-0.191115581367507
2021-03-30 17:00:00,1490.70833333333,-23.8128805613806,-0.106072449551429,-0.106068996759025
2021-03-30 21:00:00,1490.875,-21.5082523220779,0.258696130011351,0.258699588225817
2021-03-30 22:00:00,1490.91666666667,-20.924692057885,0.351067082558173,0.351070542122263
2021-03-30 23:00:00,1490.95833333333,-20.3651319834572,0.439614577094015,0.439618038005369
2021-03-31,1491,-20.1037862516729,0.480656103411311,0.480659565667568
2021-03-31 01:00:00,1491.04166666667,-20.355987013197,0.439889096333167,0.439892559931972
2021-03-31 02:00:00,1491.08333333333,-20.0829795497217,0.482787925096061,0.482791390035053
2021-03-31 03:00:00,1491.125,-18.9909870246753,0.656151450005497,0.656154916282313
2021-03-31 04:00:00,1491.16666666667,-18.3742894157699,0.753799946006897,0.753803413619181
2021-03-31 05:00:00,1491.20833333333,-17.781568497037,0.847628729318067,0.847632198263457
2021-03-31 06:30:00,1491.27083333333,-17.0229977982609,0.967581068945951,0.967584539886572
2021-03-31 07:30:00,1491.3125,-16.3938255788497,1.06721604980238,1.0672195220702
2021-03-31 08:30:00,1491.35416666667,-15.5191224467532,1.20596407276,1.20596754635266
2021-03-31 09:30:00,1491.39583333333,-14.9547050005566,1.29528315677475,1.29528663168989
2021-03-31 10:30:00,1491.4375,-14.5518033460111,1.35887245261717,1.35887592885242
2021-03-31 11:30:00,1491.47916666667,-13.9420538213358,1.45541255515029,1.45541603270331
2021-03-31 12:30:00,1491.52083333333,-13.4556326538033,1.53230615572589,1.53230963459428
2021-03-31 13:30:00,1491.5625,-13.6548608525046,1.49997511605844,1.49997859623986
2021-03-31 14:30:00,1491.60416666667,-13.8444564267161,1.46917835443177,1.46918183592386
2021-03-31 15:30:00,1491.64583333333,-13.881265296846,1.46272041832909,1.46272390112947
2021-03-31 16:30:00,1491.6875,-13.7907235717996,1.47654931772936,1.47655280183567
2021-03-31 17:30:00,1491.72916666667,-13.0661539979592,1.59137910151646,1.59138258692634
2021-03-31 18:30:00,1491.77083333333,-13.3490037172542,1.54572606728763,1.5457295539987
2021-03-31 22:30:00,1491.9375,-12.8884304482375,1.61671418995163,1.61671768184384
2021-03-31 23:30:00,1491.97916666667,-12.7095065163265,1.64462100939878,1.64462450258036
2021-04-01 00:30:00,1492.02083333333,-12.5479962705773,1.66975361332232,1.6697571077909
2021-04-01 01:30:00,1492.0625,-12.5746394016729,1.66491304728925,1.66491654304245
2021-04-01 02:30:00,1492.10416666667,-12.8795120554731,1.6157501172003,1.61575361423576
2021-04-01 03:30:00,1492.14583333333,-13.0789236638734,1.58338700505035,1.5833905033657
2021-04-01 04:30:00,1492.1875,-15.3019906922078,1.22865393672466,1.22865743631754
2021-04-01 06:00:00,1492.25,-16.2061970317844,1.08371749012521,1.08372099162993
2021-04-01 07:00:00,1492.29166666667,-16.3854916790353,1.05455831982211,1.05456182259843
2021-04-01 08:00:00,1492.33333333333,-16.3984590908922,1.0518949963971,1.05189850044265
2021-04-01 09:00:00,1492.375,-16.7161710189591,1.00068545349224,1.00068895880464
2021-04-01 10:00:00,1492.41666666667,-17.4598426996255,0.881620017635275,0.881623524212169
2021-04-01 11:00:00,1492.45833333333,-18.1880911152416,0.765011319262174,0.765014827101183
2021-04-01 12:00:00,1492.5,-18.0648701230056,0.78404210667667,0.78404561577542
2021-04-01 13:00:00,1492.54166666667,-18.2785650310409,0.749401751366754,0.749405261722874
2021-04-01 14:00:00,1492.58333333333,-19.40549721527,0.569281846608543,0.569285358219662
2021-04-01 15:00:00,1492.625,-19.804321530855,0.505149847207004,0.505153360070746
2021-04-01 16:00:00,1492.66666666667,-20.0636313137803,0.463242414430896,0.46324592854489
2021-04-01 17:00:00,1492.70833333333,-20.719445283859,0.358171383475645,0.358174898837518
2021-04-01 18:00:00,1492.75,-20.8324275113383,0.339573639519045,0.33957715612642
2021-04-01 19:00:00,1492.79166666667,-22.1644600909091,0.126780106121636,0.126783623972141
2021-04-01 20:00:00,1492.83333333333,-23.6616245381041,-0.112319248690303,-0.112315729599042
2021-04-02,1493,-25.0194407507407,-0.331022258417136,-0.331018734386608
2021-04-02 01:00:00,1493.04166666667,-24.9882652710575,-0.326656950575267,-0.326653425315861
2021-04-02 02:00:00,1493.08333333333,-25.1083710202226,-0.346391045646155,-0.34638751916025
2021-04-02 03:00:00,1493.125,-25.6395120860853,-0.431603555139593,-0.431600027429563
2021-04-02 04:00:00,1493.16666666667,-25.8405342957328,-0.464228089364361,-0.464224560432585
2021-04-02 05:30:00,1493.22916666667,-25.3793246293135,-0.391659752668146,-0.391656221908208
2021-04-02 06:30:00,1493.27083333333,-25.4049147137291,-0.396338308711627,-0.396334776735886
2021-04-02 07:30:00,1493.3125,-25.602868287013,-0.428474685058613,-0.428471151869451
2021-04-02 08:30:00,1493.35416666667,-25.9861725747681,-0.490137755719711,-0.490134221319502
2021-04-02 09:30:00,1493.39583333333,-26.7025064628942,-0.604852872443028,-0.604849336834153
2021-04-02 10:30:00,1493.4375,-27.7549554857143,-0.773111562742368,-0.773108025927208
2021-04-02 11:30:00,1493.47916666667,-27.9387977786642,-0.803000772374526,-0.802997234355457
2021-04-02 12:30:00,1493.52083333333,-28.6476617410781,-0.916526500948263,-0.916522961727665
2021-04-02 13:30:00,1493.5625,-29.4146475042672,-1.03931126541996,-1.03930772500021
2021-04-02 17:00:00,1493.70833333333,-29.3693271284387,-1.03420504580248,-1.03420150120447
2021-04-02 18:00:00,1493.75,-29.0203821601113,-0.979222105206005,-0.979218559419563
2021-04-02 19:00:00,1493.79166666667,-28.9645806656772,-0.970937319282102,-0.970933772309606
2021-04-02 21:00:00,1493.875,-28.376968451577,-0.878539705845555,-0.878536156508107
2021-04-03 01:30:00,1494.0625,-26.4656790265306,-0.576793915427699,-0.576790360803953
2021-04-03 02:30:00,1494.10416666667,-26.033274606308,-0.508517427898263,-0.508513872106338
2021-04-03 03:30:00,1494.14583333333,-26.2255491376623,-0.539752930918873,-0.539749373961154
2021-04-03 05:00:00,1494.20833333333,-25.8882003512059,-0.486922427570597,-0.486918868868661
2021-04-03 06:00:00,1494.25,-24.9852263057514,-0.343684516169718,-0.343680956307954
2021-04-03 07:00:00,1494.29166666667,-24.5586252437848,-0.276333347533335,-0.276329786514123
2021-04-03 08:00:00,1494.33333333333,-24.582896109833,-0.280806584990152,-0.28080302281588
2021-04-03 09:00:00,1494.375,-24.3740445272727,-0.248143435242291,-0.248139871915347
2021-04-03 10:00:00,1494.41666666667,-25.0377476812616,-0.354479063704647,-0.354475499227414
2021-04-03 11:00:00,1494.45833333333,-24.8524767883117,-0.325572704630591,-0.325569139005456
2021-04-03 12:00:00,1494.5,-27.1108645897959,-0.685943106365404,-0.685939539594757
2021-04-03 13:00:00,1494.54166666667,-27.7581168961039,-0.789658656586838,-0.789655088673063
2021-04-03 14:00:00,1494.58333333333,-28.7350482569573,-0.945892499683862,-0.945888930629345
2021-04-03 15:00:00,1494.625,-28.9610167936567,-0.982497611828121,-0.982494041635255
2021-04-03 16:00:00,1494.66666666667,-28.697223036803,-0.941083423889642,-0.94107985256081
2021-04-03 17:00:00,1494.70833333333,-28.8398271377323,-0.96440888807142,-0.96440531560901
2021-04-03 18:00:00,1494.75,-28.9474275167286,-0.982158416981854,-0.982154843388259
2021-04-03 19:00:00,1494.79166666667,-29.889464695539,-1.13283450673606,-1.13283093201366
2021-04-03 20:00:00,1494.83333333333,-30.3467174949814,-1.20628428044645,-1.20628070459764
2021-04-03 21:00:00,1494.875,-30.2140983153989,-1.18576720807866,-1.18576363110584
2021-04-03 22:00:00,1494.91666666667,-27.9956252434137,-0.832972301472177,-0.83296872337772
2021-04-03 23:00:00,1494.95833333333,-25.1607439517625,-0.381983306065423,-0.381979726851723
2021-04-04 03:00:00,1495.125,-22.8733933317254,-0.0200470031052759,-0.0200434194385151
2021-04-04 04:30:00,1495.1875,-22.321179974026,0.0670051307733507,0.0670087161001493
2021-04-04 05:30:00,1495.22916666667,-22.6997124087199,0.00609385379423183,0.00609744022473296
2021-04-04 06:30:00,1495.27083333333,-22.6521595222634,0.0130580942208265,0.0130616817526354
2021-04-04 07:30:00,1495.3125,-22.5607217009276,0.0270130577081438,0.0270166463388717
2021-04-04 08:30:00,1495.35416666667,-22.4605065319109,0.042366080840505,0.0423696705677595
2021-04-04 09:30:00,1495.39583333333,-22.9286716103896,-0.032824453424151,-0.0328208626027653
2021-04-04 10:30:00,1495.4375,-22.5946103769944,0.0197800595873778,0.0197836515005019
2021-04-04 11:30:00,1495.47916666667,-22.7967217350649,-0.0130282815496125,-0.013024688547137
2021-04-04 12:30:00,1495.52083333333,-23.3737903423006,-0.105567757286473,-0.105564163197046
2021-04-04 13:30:00,1495.5625,-25.4958309130112,-0.444222547406005,-0.444218952232019
2021-04-04 14:30:00,1495.60416666667,-25.3575992194805,-0.422814526844804,-0.422810930588646
2021-04-04 15:30:00,1495.64583333333,-25.7172137477695,-0.480713941103796,-0.480710343767867
2021-04-04 16:30:00,1495.6875,-26.7487156531599,-0.645645670277397,-0.645642071864092
2021-04-04 17:30:00,1495.72916666667,-27.8875993012987,-0.827683563096349,-0.827679963608055
2021-04-04 18:30:00,1495.77083333333,-26.535680880334,-0.612935081324279,-0.612931480763398
2021-04-04 19:30:00,1495.8125,-25.0352152358071,-0.37452309534586,-0.374519493714786
2021-04-04 20:30:00,1495.85416666667,-25.4498459983302,-0.441187509908311,-0.441183907209433
2021-04-04 21:30:00,1495.89583333333,-24.1594898152134,-0.236246459657517,-0.236242855893237
2021-04-04 22:30:00,1495.9375,-23.4336307858998,-0.121230383121569,-0.121226778294282
2021-04-04 23:30:00,1495.97916666667,-22.9479833283859,-0.0444803550341488,-0.0444767491462486
2021-04-05 00:30:00,1496.02083333333,-22.4484916562152,0.0344748932534414,0.0344785001995593
2021-04-05 04:00:00,1496.16666666667,-22.244012618239,0.0648977294921557,0.0649013401231598
2021-04-05 04:30:00,1496.1875,-21.9240184071053,0.115565603921319,0.115569215076336
2021-04-05 05:00:00,1496.20833333333,-21.8136289704403,0.132843245113222,0.132846856791659
2021-04-05 05:30:00,1496.22916666667,-21.30916316,0.212897491420464,0.212901103621715
2021-04-05 06:00:00,1496.25,-21.5577987578616,0.172982102410311,0.17298571513378
2021-04-05 06:30:00,1496.27083333333,-21.3118237021053,0.211858501216332,0.211862114461419
2021-04-05 07:00:00,1496.29166666667,-21.5219999735849,0.178069624901683,0.178073238667789
2021-04-05 07:30:00,1496.3125,-21.2957921107895,0.213797010341403,0.213800624627926
2021-04-05 08:00:00,1496.33333333333,-21.8689307830189,0.122187878887073,0.122191493693418
2021-04-05 08:30:00,1496.35416666667,-21.5675710918421,0.169886919048292,0.169890534373855
2021-04-05 09:00:00,1496.375,-21.8615849201258,0.12274248953542,0.122746105379604
2021-04-05 09:30:00,1496.39583333333,-21.4954894734211,0.180753896727004,0.18075751308921
2021-04-05 10:00:00,1496.41666666667,-21.9372326314465,0.110075994409681,0.110079611289309
2021-04-05 10:30:00,1496.4375,-21.9813202044619,0.102744868509592,0.102748485906039
2021-04-05 11:00:00,1496.45833333333,-22.2318427836478,0.0625284562005232,0.0625320741131958
2021-04-05 11:30:00,1496.47916666667,-22.2195196863517,0.0641835056221881,0.0641871240504808
2021-04-05 12:00:00,1496.5,-22.8736415433962,-0.0403266447583861,-0.0403230258150701
2021-04-05 12:30:00,1496.52083333333,-22.7946692847769,-0.0280544209222409,-0.0280508014645013
2021-04-05 13:00:00,1496.54166666667,-23.9217358327044,-0.207905083066324,-0.207901463094761
2021-04-05 13:30:00,1496.5625,-23.8841731805774,-0.202229523590933,-0.202225903106149
2021-04-05 14:00:00,1496.58333333333,-24.6577547025157,-0.325769852865868,-0.325766231868456
2021-04-05 14:30:00,1496.60416666667,-24.7017900015748,-0.333092989622107,-0.333089368112674
2021-04-05 15:00:00,1496.625,-24.375528272956,-0.281427587339495,-0.281423965318637
2021-04-05 15:30:00,1496.64583333333,-24.2640997616798,-0.263985312151613,-0.263981689619931
2021-04-05 16:00:00,1496.66666666667,-24.5221708987342,-0.305404637001912,-0.305401013960005
2021-04-05 16:30:00,1496.6875,-24.3419580081365,-0.277005045014567,-0.277001421463038
2021-04-05 17:00:00,1496.70833333333,-24.539333308805,-0.308755563656112,-0.308751939595555
2021-04-05 17:30:00,1496.72916666667,-24.3963683910526,-0.286289684183435,-0.286286059614456
2021-04-05 18:00:00,1496.75,-25.2357798383648,-0.420317103535668,-0.420313478458864
2021-04-05 18:30:00,1496.77083333333,-25.114826771916,-0.401357811369877,-0.401354185785848
2021-04-05 19:00:00,1496.79166666667,-26.6150189050314,-0.640648149757857,-0.640644523667203
2021-04-05 19:30:00,1496.8125,-26.3823464816273,-0.603891967699186,-0.60388834110251
2021-04-05 20:00:00,1496.83333333333,-26.5121202791139,-0.624873769330657,-0.624870142228553
2021-04-05 20:30:00,1496.85416666667,-26.074031483727,-0.555394695769994,-0.555391068163069
2021-04-05 21:00:00,1496.875,-26.0444968584906,-0.550998635086668,-0.550995006975519
2021-04-05 21:30:00,1496.89583333333,-25.6794015892388,-0.493147565590934,-0.493143936976161
2021-04-05 22:00:00,1496.91666666667,-24.8591069006289,-0.362782944835824,-0.362779315718027
2021-04-05 22:30:00,1496.9375,-24.6634540225722,-0.331924252374337,-0.331920622754119
2021-04-05 23:00:00,1496.95833333333,-24.0220377559748,-0.230055175026558,-0.230051544904516
2021-04-05 23:30:00,1496.97916666667,-24.2632677015748,-0.268792311448355,-0.26878868082509
2021-04-06,1497,-24.1547924974843,-0.251821208997832,-0.251817577873945
2021-04-06 00:30:00,1497.02083333333,-23.9930211076517,-0.22636002740991,-0.226356395786
2021-04-06 01:00:00,1497.04166666667,-23.6463081641509,-0.171437565458994,-0.171433933335662
2021-04-06 01:30:00,1497.0625,-23.1393832595801,-0.0909932648783228,-0.0909896322561721
2021-04-06 02:00:00,1497.08333333333,-23.5233057101911,-0.152461625807154,-0.152457992686782
2021-04-06 02:30:00,1497.10416666667,-23.386618153022,-0.130996481641282,-0.130992848023289
2021-04-06 05:30:00,1497.22916666667,-23.9821039308244,-0.227714342342625,-0.22771070575152
2021-04-06 06:00:00,1497.25,-23.6932499580769,-0.18200926657746,-0.182005629492938
2021-04-06 06:30:00,1497.27083333333,-24.8109139820789,-0.360363553671244,-0.360359916093905
2021-04-06 07:00:00,1497.29166666667,-24.5893499073077,-0.325377888423649,-0.325374250354095
2021-04-06 07:30:00,1497.3125,-24.8732294268817,-0.370909789733728,-0.370906151172561
2021-04-06 08:00:00,1497.33333333333,-24.4064884326923,-0.296867347541286,-0.296863708489105
2021-04-06 08:30:00,1497.35416666667,-24.5106727039568,-0.313773748828865,-0.31377010928627
2021-04-06 09:00:00,1497.375,-24.2560923319231,-0.273528726724603,-0.273525086692198
2021-04-06 09:30:00,1497.39583333333,-23.4278638308244,-0.141901188347821,-0.141897547826201
2021-04-06 10:00:00,1497.41666666667,-23.16485003,-0.100312796217995,-0.100309155207763
2021-04-06 10:30:00,1497.4375,-23.0356594964158,-0.0800425867353452,-0.0800389452371059
2021-04-06 11:00:00,1497.45833333333,-22.8119346392308,-0.0447130324520956,-0.0447093904664466
2021-04-06 11:30:00,1497.47916666667,-22.8537813989247,-0.0516892669831208,-0.0516856245106626
2021-04-06 12:00:00,1497.5,-22.9568352390805,-0.0684158735959428,-0.0684122306372797
2021-04-06 12:30:00,1497.52083333333,-23.1854587734767,-0.105145862620114,-0.105142219175841
2021-04-06 13:00:00,1497.54166666667,-23.0410996287356,-0.0824594846652177,-0.0824558407359381
2021-04-06 13:30:00,1497.5625,-23.3316487673835,-0.129054347350657,-0.129050702936976
2021-04-06 14:00:00,1497.58333333333,-23.2889348321839,-0.122560204484267,-0.122556559586781
2021-04-06 14:30:00,1497.60416666667,-23.4419570247312,-0.147247006869661,-0.147243361488971
2021-04-06 15:00:00,1497.625,-23.4258276168582,-0.144987878616678,-0.14498423275339
2021-04-06 15:30:00,1497.64583333333,-23.5505877318996,-0.165172592192027,-0.165168945846735
2021-04-06 16:00:00,1497.66666666667,-23.6106807784615,-0.175055835653669,-0.175052188826976
2021-04-06 16:30:00,1497.6875,-23.6029139419355,-0.174128991312976,-0.174125344005487
2021-04-06 17:00:00,1497.70833333333,-23.560747140613,-0.167722248024913,-0.167718600237226
2021-04-06 17:30:00,1497.72916666667,-23.5280645179211,-0.162826381157828,-0.162822732890544
2021-04-06 18:00:00,1497.75,-23.3782154280769,-0.139265852292495,-0.139262203546219
2021-04-06 18:30:00,1497.77083333333,-23.5003011082437,-0.15902476652582,-0.159021117301146
2021-04-06 19:00:00,1497.79166666667,-23.4696206448276,-0.154447964786043,-0.154444315083576
2021-04-06 19:30:00,1497.8125,-23.7476093530466,-0.199042422494828,-0.199038772315172
2021-04-06 20:00:00,1497.83333333333,-23.5517509701149,-0.168152739754896,-0.168149089098649
2021-04-06 20:30:00,1497.85416666667,-23.5999856845878,-0.176147301612228,-0.176143650479992
2021-04-06 21:00:00,1497.875,-23.6031877295019,-0.176968166736794,-0.176964515129172
2021-04-06 21:30:00,1497.89583333333,-23.4084624082437,-0.146259100657861,-0.14625544857545
2021-04-06 22:00:00,1497.91666666667,-23.458501948659,-0.154541291584794,-0.1545376390282
2021-04-06 22:30:00,1497.9375,-22.4724623229391,0.00222462945917606,0.00222828248935431
2021-04-06 23:00:00,1497.95833333333,-22.0260995827586,0.0730195974274148,0.0730232509305761
2021-04-06 23:30:00,1497.97916666667,-21.9873154,0.0788869704279291,0.0788906244034717
2021-04-07,1498,-21.6743150245,0.128437139420608,0.128440793867928
2021-04-07 00:30:00,1498.02083333333,-21.0247014615108,0.231609990298237,0.231613645216738
2021-04-07 01:00:00,1498.04166666667,-20.8475249651341,0.259523239464967,0.259526894854042
2021-04-07 01:30:00,1498.0625,-21.1592523461905,0.209553712229666,0.209557368088717
2021-04-07 02:00:00,1498.08333333333,-20.971026832567,0.239226999078964,0.239230655407389
2021-04-07 03:00:00,1498.125,-21.0230409805461,0.230318646405844,0.23032230367121
2021-04-07 03:30:00,1498.14583333333,-20.66277958,0.287397255288983,0.287400913021922
2021-04-07 07:00:00,1498.29166666667,-20.4934865279503,0.312185637772585,0.31218929876166
2021-04-07 07:30:00,1498.3125,-20.1662000509091,0.36401100568777,0.364014667139601
2021-04-07 08:00:00,1498.33333333333,-20.4750227815735,0.314503683412469,0.314507345326455
2021-04-07 08:30:00,1498.35416666667,-20.6119090690909,0.292385920606752,0.29238958298229
2021-04-07 09:00:00,1498.375,-20.2892975132231,0.343466453863528,0.343470116700015
2021-04-07 09:30:00,1498.39583333333,-20.1570908581818,0.364215311641271,0.36421897493811
2021-04-07 10:00:00,1498.41666666667,-20.3256528987603,0.337051462601986,0.337055126358569
2021-04-07 10:30:00,1498.4375,-20.1051091618182,0.37187240334979,0.371876067565519
2021-04-07 11:00:00,1498.45833333333,-20.174356099793,0.360529443903539,0.360533108577812
2021-04-07 11:30:00,1498.47916666667,-20.1277637127273,0.367639733164553,0.367643398296768
2021-04-07 12:00:00,1498.5,-20.0514132157025,0.379490472095752,0.379494137685304
2021-04-07 12:30:00,1498.52083333333,-19.8527636545455,0.410823500867734,0.410827166914027
2021-04-07 13:00:00,1498.54166666667,-20.1086363446281,0.3697507717781,0.369754438280526
2021-04-07 13:30:00,1498.5625,-20.0417142982143,0.38009943649357,0.380103103451531
2021-04-07 14:00:00,1498.58333333333,-20.3155971208678,0.336157603671342,0.336161271084235
2021-04-07 14:30:00,1498.60416666667,-20.4376607303571,0.316400641686071,0.316404309553294
2021-04-07 15:00:00,1498.625,-20.9047871927686,0.241674882372268,0.241678550693216
2021-04-07 15:30:00,1498.64583333333,-20.87485705,0.246130557234503,0.24613422600858
2021-04-07 16:00:00,1498.66666666667,-20.7109814014463,0.271923808695456,0.271927477922055
2021-04-07 16:30:00,1498.6875,-20.6796428767857,0.276603763455753,0.276607433134274
2021-04-07 17:00:00,1498.70833333333,-20.8439277041322,0.250120740334602,0.250124410464443
2021-04-07 17:30:00,1498.72916666667,-20.7239820607143,0.268915796248925,0.268919466829485
2021-04-07 18:00:00,1498.75,-20.6881218917355,0.274315937964842,0.274319608995514
2021-04-07 18:30:00,1498.77083333333,-20.6076428625,0.286823858013071,0.286827529493256
2021-04-07 19:00:00,1498.79166666667,-20.3897210547521,0.321226472944852,0.321230144873949
2021-04-07 19:30:00,1498.8125,-20.3301606767857,0.330401961033798,0.330405633411205
2021-04-07 20:00:00,1498.83333333333,-20.1674234985537,0.35601354926484,0.356017222089954
2021-04-07 20:30:00,1498.85416666667,-20.08162505,0.369368705045149,0.369372378317368
2021-04-07 21:00:00,1498.875,-19.9352396946281,0.3923753605863,0.392379034305018
2021-04-07 21:30:00,1498.89583333333,-19.8743214946429,0.401766999447029,0.401770673611648
2021-04-07 22:00:00,1498.91666666667,-19.5671755724444,0.450382852702278,0.450386527312196
2021-04-07 22:30:00,1498.9375,-19.3735000821429,0.480922747397736,0.480926422452349
2021-04-07 23:00:00,1498.95833333333,-18.6894483880165,0.589579884160156,0.589583559658863
2021-04-07 23:30:00,1498.97916666667,-18.5152679142857,0.617014133562137,0.617017809504336
2021-04-08,1499,-18.3360413262397,0.64525219502957,0.645255871414655
2021-04-08 00:30:00,1499.02083333333,-18.2945686823529,0.651545917240841,0.651549594068212
2021-04-08 01:00:00,1499.04166666667,-17.8653326570248,0.719610585745304,0.71961426301436
2021-04-08 01:30:00,1499.0625,-17.7847499178571,0.732134499181815,0.732138176891953
2021-04-08 02:30:00,1499.10416666667,-17.4131619435223,0.790702667906237,0.790706346496732
2021-04-08 03:00:00,1499.125,-17.2386887444444,0.818183286650207,0.818186965679974
2021-04-08 03:30:00,1499.14583333333,-17.2481153663968,0.816368495216711,0.81637217468515
2021-04-08 04:00:00,1499.16666666667,-17.1642223333333,0.829419554284435,0.829423234190944
2021-04-08 04:30:00,1499.1875,-17.1857328186235,0.82567972036582,0.825683400709797
2021-04-08 05:00:00,1499.20833333333,-17.13742222,0.833062397859799,0.833066078640641
2021-04-08 08:30:00,1499.35416666667,-17.7518478575139,0.732990270173452,0.732993953995474
2021-04-08 09:30:00,1499.39583333333,-18.1055761879182,0.676013995286193,0.676017679971698
2021-04-08 10:30:00,1499.4375,-18.1264972155844,0.672054014560398,0.672057700106976
2021-04-08 11:30:00,1499.47916666667,-17.8457662335807,0.716147267867944,0.716150954273189
2021-04-08 12:30:00,1499.52083333333,-17.7029647012987,0.738268114919108,0.738271802180604
2021-04-08 13:30:00,1499.5625,-16.9575929609665,0.856378680688702,0.856382368804038
2021-04-08 14:30:00,1499.60416666667,-17.3282685287037,0.796701967035477,0.796705656002249
2021-04-08 15:30:00,1499.64583333333,-17.7828981501852,0.723651167241859,0.723654857057648
2021-04-08 16:30:00,1499.6875,-18.3430296127778,0.633793703703811,0.633797394366207
2021-04-08 17:30:00,1499.72916666667,-18.4686159263451,0.613159448196326,0.613163139702923
2021-04-08 18:30:00,1499.77083333333,-18.7454685196296,0.568428221814798,0.568431914163179
2021-04-08 19:30:00,1499.8125,-18.7986148296296,0.559333422127435,0.559337115315187
2021-04-08 20:30:00,1499.85416666667,-18.352551847037,0.62976287571712,0.629766569741835
2021-04-08 21:30:00,1499.89583333333,-18.0046315088889,0.684557992461149,0.684561687320416
2021-04-08 22:30:00,1499.9375,-16.4251574024074,0.935540361454707,0.93554405714611
2021-04-08 23:30:00,1499.97916666667,-16.06093705,0.992931796182013,0.992935492703143
2021-04-09 00:30:00,1500.02083333333,-16.055224072037,0.993212607482146,0.993216304830591
2021-04-09 02:00:00,1500.08333333333,-16.3630966819703,0.943224108999568,0.943227807584462
2021-04-09 03:00:00,1500.125,-16.1548401433086,0.975769899459383,0.975773598865558
2021-04-09 04:00:00,1500.16666666667,-16.2219183576994,0.964454525645228,0.964458225870275
2021-04-09 05:00:00,1500.20833333333,-16.4201521432282,0.932245834591194,0.9322495356327
2021-04-09 06:00:00,1500.25,-16.3819981434137,0.937693745958556,0.937697447814105
2021-04-09 10:00:00,1500.41666666667,-16.7110408780669,0.882755410283835,0.882759115371436
2021-04-09 11:00:00,1500.45833333333,-16.7422118860595,0.877159099666422,0.877162805556004
2021-04-09 12:00:00,1500.5,-16.8799016654917,0.854594133868603,0.854597840557749
2021-04-09 13:00:00,1500.54166666667,-17.1871354404453,0.805020549979005,0.805024257465306
2021-04-09 14:00:00,1500.58333333333,-16.8645584549165,0.855776132181316,0.855779840462357
2021-04-09 15:00:00,1500.625,-16.997940727963,0.833896940858474,0.833900649931839
2021-04-09 16:00:00,1500.66666666667,-17.4248999685185,0.765250591341396,0.765254301204675
2021-04-09 17:00:00,1500.70833333333,-17.6510832987037,0.728587850670653,0.728591561321428
2021-04-09 18:00:00,1500.75,-17.8481910736549,0.6965567298975,0.696560441333361
2021-04-09 19:00:00,1500.79166666667,-18.3869148072222,0.610105806288783,0.610109518507317
2021-04-09 20:00:00,1500.83333333333,-18.0433463899441,0.664204516625473,0.664208229624261
2021-04-09 21:00:00,1500.875,-17.8001073946296,0.702320542489495,0.702324256266128
2021-04-09 22:00:00,1500.91666666667,-17.7223587405204,0.714073703204944,0.714077417757007
2021-04-09 23:00:00,1500.95833333333,-17.253150925283,0.788186452820685,0.78819016814576
2021-04-10,1501,-17.3496537142593,0.772180964036534,0.772184680132211
2021-04-10 01:30:00,1501.0625,-17.6166883050093,0.728693122396908,0.728696839643956
2021-04-10 02:30:00,1501.10416666667,-17.490632693692,0.748141010029145,0.748144728040759
2021-04-10 03:30:00,1501.14583333333,-16.928147172067,0.83711236050198,0.837116079275742
2021-04-10 04:30:00,1501.1875,-16.503567696475,0.904115045867172,0.90411876540067
2021-04-10 05:30:00,1501.22916666667,-16.2967230317844,0.936432287159186,0.936436007450005
2021-04-10 06:30:00,1501.27083333333,-16.3912393272727,0.920742379362528,0.920746100408251
2021-04-10 07:30:00,1501.3125,-16.5310208389583,0.897841557827213,0.897845279625428
2021-04-10 11:30:00,1501.47916666667,-14.9779535310409,1.14271086446609,1.14271458925012
2021-04-10 12:30:00,1501.52083333333,-15.6146586426716,1.04064910096823,1.04065282649267
2021-04-10 13:30:00,1501.5625,-15.1530779246753,1.11354492447676,1.11354865073921
2021-04-10 14:30:00,1501.60416666667,-14.3164638163265,1.2461837048954,1.24618743189343
2021-04-10 15:30:00,1501.64583333333,-14.1308364475836,1.27511970264045,1.27512343037165
2021-04-10 16:30:00,1501.6875,-14.1696085437848,1.26830857573524,1.2683123041972
2021-04-10 17:30:00,1501.72916666667,-14.3230536990741,1.24322981936989,1.24323354856019
2021-04-10 18:30:00,1501.77083333333,-14.5648166698148,1.20408184301501,1.20408557293123
2021-04-10 19:30:00,1501.8125,-14.5201259342593,1.2105660182267,1.21056974886643
2021-04-10 20:30:00,1501.85416666667,-14.2295306046382,1.25622284277536,1.25622657413619
2021-04-10 21:30:00,1501.89583333333,-14.1111064872727,1.27445254227761,1.27445627435711
2021-04-10 22:30:00,1501.9375,-14.3214814835185,1.24030418044483,1.24030791324059
2021-04-10 23:30:00,1501.97916666667,-14.0391666661111,1.28464153076217,1.28464526427178
2021-04-11 01:00:00,1502.04166666667,-13.9701094693878,1.29468875091196,1.29469248548781
2021-04-11 02:00:00,1502.08333333333,-13.9797198345083,1.29252189434739,1.29252562963104
2021-04-11 03:00:00,1502.125,-14.0846957361781,1.27516311355471,1.27516684954375
2021-04-11 04:00:00,1502.16666666667,-14.2045640124304,1.25543184106846,1.25543557776048
2021-04-11 05:00:00,1502.20833333333,-14.2687955375465,1.24456341734279,1.24456715473537
2021-04-11 06:00:00,1502.25,-14.3154822944134,1.23648976260887,1.23649350069959
2021-04-11 07:00:00,1502.29166666667,-14.2182907374074,1.25133590129036,1.25133964007681
2021-04-11 08:00:00,1502.33333333333,-14.334903697037,1.23212270320909,1.23212644268884
2021-04-11 09:00:00,1502.375,-14.4358074031481,1.2154118762902,1.21541561646086
2021-04-11 13:00:00,1502.54166666667,-13.8905613358736,1.29972155177228,1.29972529468236
2021-04-11 14:00:00,1502.58333333333,-13.8771985131725,1.30121284870202,1.30121659229091
2021-04-11 15:00:00,1502.625,-14.924654283829,1.13371486344634,1.13371860771163
2021-04-11 16:00:00,1502.66666666667,-15.8076014819367,0.992423089494864,0.992426834434133
2021-04-11 17:00:00,1502.70833333333,-15.9667235278293,0.966437058009874,0.96644080362071
2021-04-11 18:00:00,1502.75,-15.4213470928705,1.05267801675889,1.05268176303888
2021-04-11 19:00:00,1502.79166666667,-15.1218555616667,1.09974921374551,1.09975296069223
2021-04-11 20:00:00,1502.83333333333,-15.5852074046296,1.0252987955354,1.02530254314644
2021-04-11 21:00:00,1502.875,-15.9041003410781,0.973860664137436,0.973864412410376
2021-04-11 22:00:00,1502.91666666667,-16.1609703016698,0.932302717215384,0.932306466147806
2021-04-11 23:00:00,1502.95833333333,-16.3127012565863,0.907493369457861,0.907497119047353
2021-04-12 00:30:00,1503.02083333333,-16.3277514187384,0.904137897072411,0.904141647642973
2021-04-12 01:30:00,1503.0625,-16.0573884795539,0.946568110777707,0.946571861999301
2021-04-12 02:30:00,1503.10416666667,-16.0435769953618,0.948129375940541,0.948133127810744
2021-04-12 03:30:00,1503.14583333333,-16.4847917988848,0.877204510203205,0.877208262719601
2021-04-12 04:30:00,1503.1875,-16.7715677311688,0.830881749245862,0.830885502406037
2021-04-12 05:30:00,1503.22916666667,-16.9813587091078,0.796822629085483,0.796826382887021
2021-04-12 06:30:00,1503.27083333333,-17.0839164966605,0.779845715666963,0.779849470107446
2021-04-12 07:30:00,1503.3125,-17.4300723881262,0.724063333427724,0.724067088504737
2021-04-12 08:30:00,1503.35416666667,-18.0600908855288,0.623061318749735,0.623065074460862
2021-04-12 09:30:00,1503.39583333333,-17.4536642096475,0.719025787621447,0.719029543964267
2021-04-12 10:30:00,1503.4375,-16.5595900051948,0.860812597545523,0.860816354517625
2021-04-12 14:30:00,1503.60416666667,-17.6111966415584,0.690730358341532,0.690734117806592
2021-04-12 15:30:00,1503.64583333333,-17.0478274116883,0.779835055382754,0.77983881546501
2021-04-12 16:30:00,1503.6875,-15.941799622449,0.955385534885364,0.955389295582403
2021-04-12 17:30:00,1503.72916666667,-15.784458264564,0.979809474422053,0.979813235731456
2021-04-12 18:30:00,1503.77083333333,-15.9643598851577,0.950510253309383,0.950514015228735
2021-04-12 19:30:00,1503.8125,-16.8224359990724,0.813177237927483,0.813181000454369
2021-04-12 20:30:00,1503.85416666667,-17.4886000092593,0.706415845289404,0.706419608421405
2021-04-12 21:30:00,1503.89583333333,-18.0830630174397,0.611076361315251,0.611080125049954
2021-04-12 22:30:00,1503.9375,-17.5256684755556,0.699228496332354,0.699232260667342
2021-04-13,1504,-17.564397819145,0.692096854454262,0.692100619685147
2021-04-13 01:00:00,1504.04166666667,-17.3938219142857,0.718628225942332,0.718631991767458
2021-04-13 02:00:00,1504.08333333333,-17.5287569298701,0.696491378767092,0.696495145184046
2021-04-13 03:00:00,1504.125,-17.5838274133581,0.687076898241011,0.687080665247377
2021-04-13 04:00:00,1504.16666666667,-17.6251447326531,0.679853196542102,0.679856964135461
2021-04-13 05:00:00,1504.20833333333,-17.7978015157699,0.651706914671698,0.651710682849637
2021-04-13 06:00:00,1504.25,-17.8261914498141,0.646542335554499,0.646546104314602
2021-04-13 07:00:00,1504.29166666667,-18.1550315799257,0.593515716428622,0.59351948576847
2021-04-13 08:00:00,1504.33333333333,-18.4587087419295,0.544497467363586,0.544501237280765
2021-04-13 09:00:00,1504.375,-18.3547940435993,0.560408784508541,0.560412555000636
2021-04-13 10:00:00,1504.41666666667,-17.9828346232342,0.619019709339698,0.619023480404289
2021-04-13 11:00:00,1504.45833333333,-17.749512061039,0.655545575840174,0.655549347474849
2021-04-13 12:00:00,1504.5,-17.5394025836735,0.688373473915606,0.688377246117949
2021-04-13 16:00:00,1504.66666666667,-18.44833645,0.541007824569172,0.541011599018022
2021-04-13 17:00:00,1504.70833333333,-18.5683587477695,0.521244962776157,0.521248737780592
2021-04-13 18:00:00,1504.75,-18.8369016762523,0.477822552930119,0.47782632848773
2021-04-13 19:00:00,1504.79166666667,-19.163415593692,0.425165218000588,0.425168994108954
2021-04-13 23:00:00,1504.95833333333,-18.3924135418546,0.545411613062704,0.545415391349938
2021-04-13 23:30:00,1504.97916666667,-18.1114997833333,0.589839410861576,0.589843189418452
2021-04-14 00:30:00,1505.02083333333,-16.9423791836431,0.775437151069751,0.775440930164099
2021-04-14 02:00:00,1505.08333333333,-17.2327551469159,0.728213849461107,0.728217629357132
2021-04-14 03:00:00,1505.125,-17.7368302449627,0.647270062525246,0.647273842952705
2021-04-14 04:00:00,1505.16666666667,-17.2348878641121,0.726585476744833,0.726589257701311
2021-04-14 05:00:00,1505.20833333333,-17.7707290084112,0.640581131980197,0.640584913463276
2021-04-14 06:00:00,1505.25,-17.4911872569288,0.684467763711459,0.684471545718727
2021-04-14 07:00:00,1505.29166666667,-17.0930542130841,0.747245971908575,0.747249754437616
2021-04-14 08:00:00,1505.33333333333,-15.8001604554104,0.952560100401931,0.952563883450328
2021-04-14 09:00:00,1505.375,-15.3540914186567,1.02297434520805,1.0229781287734
2021-04-14 10:00:00,1505.41666666667,-15.7998803639252,0.951314875982683,0.951318660062553
2021-04-14 11:00:00,1505.45833333333,-17.3112635480374,0.709905383190768,0.709909167782749
2021-04-14 12:00:00,1505.5,-16.7650093011194,0.796278904073558,0.796282689175238
2021-04-14 13:00:00,1505.54166666667,-16.560527108972,0.828207793226247,0.828211578835212
2021-04-14 14:00:00,1505.58333333333,-16.4706249958333,0.841883895072721,0.841887681186554
2021-04-14 17:00:00,1505.70833333333,-17.2217591592593,0.720290989273604,0.720294776887558
2021-04-14 17:30:00,1505.72916666667,-17.1514979378099,0.731160783692694,0.731164571554557
2021-04-14 18:00:00,1505.75,-17.2777359056604,0.710728092497952,0.710731880607119
2021-04-14 18:30:00,1505.77083333333,-17.3765867661157,0.694658162786137,0.694661951142006
2021-04-14 19:00:00,1505.79166666667,-17.3704074944444,0.695319583922946,0.695323372524909
2021-04-14 19:30:00,1505.8125,-17.3175900952381,0.703410467890791,0.703414256738252
2021-04-14 20:00:00,1505.83333333333,-17.1085370388889,0.736389779517293,0.73639356860964
2021-04-14 20:30:00,1505.85416666667,-17.1048824725773,0.73664894076972,0.736652730106355
2021-04-14 21:00:00,1505.875,-16.8178519092593,0.782050076759951,0.78205386634027
2021-04-14 21:30:00,1505.89583333333,-16.7894865207039,0.786245641517245,0.786249431340643
2021-04-14 22:00:00,1505.91666666667,-16.3591296148148,0.85447871824728,0.854482508313152
2021-04-14 22:30:00,1505.9375,-16.0850993962733,0.897808818004789,0.897812608312537
2021-04-14 23:00:00,1505.95833333333,-15.4892777537037,0.992400497642361,0.992404288191375
2021-04-14 23:30:00,1505.97916666667,-15.4490948538144,0.998478504622308,0.998482295411989
2021-04-15,1506,-15.3724074018519,1.01037168899327,1.01037548002302
2021-04-15 00:30:00,1506.02083333333,-15.3115360507216,1.01974533339981,1.01974912466901
2021-04-15 01:30:00,1506.0625,-15.3398594015625,1.01458692148195,1.01459071322826
2021-04-15 02:00:00,1506.08333333333,-15.2180505151579,1.03366788765449,1.03367167963844
2021-04-15 02:30:00,1506.10416666667,-14.908437534375,1.08266615663477,1.08266994885577
2021-04-15 03:00:00,1506.125,-14.8299031456842,1.09485341717088,1.09485720962833
2021-04-15 03:30:00,1506.14583333333,-15.296156253125,1.02025561671048,1.02025940940376
2021-04-15 04:00:00,1506.16666666667,-15.2635768408421,1.02512216960439,1.0251259625329
2021-04-15 04:30:00,1506.1875,-15.6203906234375,0.96795808482104,0.967961877984192
2021-04-15 05:00:00,1506.20833333333,-15.6131957823158,0.968780810494288,0.968784603891465
2021-04-15 05:30:00,1506.22916666667,-15.7389218578125,0.94842911577811,0.948432909408713
2021-04-15 06:00:00,1506.25,-15.689307516129,0.956009251475528,0.956013045338953
2021-04-15 06:30:00,1506.27083333333,-15.7776093640625,0.941619216308126,0.94162301040377
2021-04-15 07:00:00,1506.29166666667,-15.7771978818947,0.941361254760667,0.941365049087923
2021-04-15 07:30:00,1506.3125,-15.849406315625,0.929534865496298,0.92953866005457
2021-04-15 08:00:00,1506.33333333333,-15.8871958042105,0.923191415611852,0.92319521040053
2021-04-15 08:30:00,1506.35416666667,-15.991953059375,0.90617992951894,0.906183724537424
2021-04-15 09:00:00,1506.375,-15.8602173225738,0.926841922952107,0.926845718199793
2021-04-15 09:30:00,1506.39583333333,-15.82479685625,0.932160801916708,0.932164597392994
2021-04-15 10:00:00,1506.41666666667,-15.7775473696842,0.939364029246998,0.939367824951277
2021-04-15 10:30:00,1506.4375,-15.8311562515625,0.930500423439079,0.930504219370754
2021-04-15 11:00:00,1506.45833333333,-15.7392447113924,0.944818301925148,0.94482209808361
2021-04-15 11:30:00,1506.47916666667,-15.6221695067797,0.963144747251606,0.963148543636255
2021-04-15 12:00:00,1506.5,-15.5449705191579,0.975118859869397,0.975122656479628
2021-04-15 12:30:00,1506.52083333333,-15.5425084915254,0.975187298548396,0.975191095383605
2021-04-15 13:00:00,1506.54166666667,-15.4970505252632,0.98210499821342,0.982108795273006
2021-04-15 13:30:00,1506.5625,-15.4584237084746,0.987934468164172,0.987938265447536
2021-04-15 14:00:00,1506.58333333333,-15.4502757785263,0.988908606980619,0.98891240448715
2021-04-15 14:30:00,1506.60416666667,-15.4933728830508,0.9817193525466,0.981723150275699
2021-04-15 15:00:00,1506.625,-15.4181684235789,0.99337559919996,0.993379397151023
2021-04-15 18:30:00,1506.77083333333,-16.4659606228346,0.824193781484831,0.824197580972755
2021-04-15 19:00:00,1506.79166666667,-16.4188175431579,0.831379651001812,0.831383450706876
2021-04-15 19:30:00,1506.8125,-16.7419881295276,0.779574266663568,0.779578066585173
2021-04-15 20:00:00,1506.83333333333,-16.7254034877193,0.781892110785493,0.781895910923029
2021-04-15 20:30:00,1506.85416666667,-17.4156889440945,0.671605020988345,0.671608821341212
2021-04-15 21:00:00,1506.875,-17.3800561463158,0.676957205729301,0.676961006296897
2021-04-15 21:30:00,1506.89583333333,-18.0526928944882,0.569481523604882,0.5694853243866
2021-04-15 22:00:00,1506.91666666667,-18.2116140392982,0.543841082187831,0.543844883183072
2021-04-15 22:30:00,1506.9375,-18.438039426378,0.507447144763747,0.507450945971911
2021-04-15 23:00:00,1506.95833333333,-18.6994912533333,0.465473448504578,0.465477249925056
2021-04-15 23:30:00,1506.97916666667,-20.4753622393701,0.182251676090066,0.182255477722257
2021-04-16,1507,-20.6974285754464,0.146552072932742,0.146555874776045
2021-04-16 01:00:00,1507.04166666667,-21.6036818484849,0.00153665927762503,0.00154046154133824
2021-04-16 01:30:00,1507.0625,-21.8852509156364,-0.0436418367604652,-0.0436380342874492
2021-04-16 02:00:00,1507.08333333333,-23.8604054007576,-0.358609721821334,-0.358605919139618
2021-04-16 02:30:00,1507.10416666667,-24.4888945687273,-0.459052881158096,-0.459049078268283
2021-04-16 03:00:00,1507.125,-25.3648787700758,-0.598922197775137,-0.59891839467783
2021-04-16 03:30:00,1507.14583333333,-25.7139091003636,-0.654847407723008,-0.654843604418813
2021-04-16 04:00:00,1507.16666666667,-26.9175209068441,-0.846908079039812,-0.846904275529328
2021-04-16 04:30:00,1507.1875,-27.4721236261818,-0.9355811604602,-0.93557735674403
2021-04-16 05:00:00,1507.20833333333,-27.3802623532319,-0.921272087371828,-0.921268283450574
2021-04-16 05:30:00,1507.22916666667,-27.5575636425455,-0.949840824191162,-0.949837020065427
2021-04-16 06:00:00,1507.25,-27.3120303083333,-0.911051724670561,-0.911047920340949
2021-04-16 06:30:00,1507.27083333333,-27.3934872956364,-0.924352438347664,-0.924348633814779
2021-04-16 07:00:00,1507.29166666667,-26.9762802568182,-0.858215637579673,-0.858211832844116
2021-04-16 07:30:00,1507.3125,-26.7876327370909,-0.828488552760073,-0.828484747822446
2021-04-16 08:00:00,1507.33333333333,-26.2842965935361,-0.74863136646861,-0.748627561329515
2021-04-16 08:30:00,1507.35416666667,-26.1421927021818,-0.726318757236374,-0.726314951896414
2021-04-16 09:00:00,1507.375,-26.2713332916667,-0.747215608737425,-0.747211803197203
2021-04-16 09:30:00,1507.39583333333,-26.302781792,-0.75255006168406,-0.752546255944181
2021-04-16 10:00:00,1507.41666666667,-26.7931022992424,-0.830983174264748,-0.830979368325813
2021-04-16 10:30:00,1507.4375,-27.0160400123636,-0.866822037643024,-0.866818231505634
2021-04-16 11:00:00,1507.45833333333,-26.8596718216216,-0.842237220413791,-0.842233414078549
2021-04-16 11:30:00,1507.47916666667,-27.0628035872727,-0.874921024034075,-0.874917217501583
2021-04-16 12:00:00,1507.5,-27.2224131606178,-0.900671732169791,-0.900667925440652
2021-04-16 12:30:00,1507.52083333333,-27.3869382218182,-0.927205501843224,-0.927201694918043
2021-04-16 13:00:00,1507.54166666667,-27.6551196544402,-0.97025182632637,-0.970248019205747
2021-04-16 13:30:00,1507.5625,-27.7117490952727,-0.979597788066184,-0.979593980750722
2021-04-16 14:00:00,1507.58333333333,-27.7095058030888,-0.979565302050118,-0.979561494540419
2021-04-16 14:30:00,1507.60416666667,-27.7834908872727,-0.991676071506416,-0.991672263803085
2021-04-16 15:00:00,1507.625,-27.2578455629344,-0.90826530898335,-0.908261501086983
2021-04-16 15:30:00,1507.64583333333,-27.4252218305455,-0.935253401859477,-0.935249593770683
2021-04-16 16:00:00,1507.66666666667,-27.1168455544402,-0.886453795061281,-0.886449986780659
2021-04-16 16:30:00,1507.6875,-27.0388036421818,-0.874346637500225,-0.874342829028378
2021-04-16 20:00:00,1507.83333333333,-26.0694744011136,-0.722207190369962,-0.722203380576405
2021-04-16 20:30:00,1507.85416666667,-25.9932667022222,-0.710392386622456,-0.710388576642495
2021-04-16 21:00:00,1507.875,-25.3871868684066,-0.614168593230016,-0.614164783064247
2021-04-16 21:30:00,1507.89583333333,-25.2699212910112,-0.59581328025801,-0.595809469907041
2021-04-16 22:00:00,1507.91666666667,-24.7822115556793,-0.518445968221173,-0.518442157685603
2021-04-16 22:30:00,1507.9375,-24.5316221677778,-0.47885211695573,-0.478848306236161
2021-04-16 23:00:00,1507.95833333333,-23.9697861706013,-0.389676478347111,-0.389672667444146
2021-04-16 23:30:00,1507.97916666667,-23.6619666455556,-0.340965865165593,-0.340962054079837
2021-04-17 00:30:00,1508.02083333333,-23.2563071732026,-0.276994595103348,-0.27699078365381
2021-04-17 01:00:00,1508.04166666667,-23.3939500075,-0.299246513527881,-0.299242701897355
2021-04-17 01:30:00,1508.0625,-23.3901459603486,-0.298965862384442,-0.29896205057353
2021-04-17 02:00:00,1508.08333333333,-23.60418749375,-0.333388187583057,-0.33338437559236
2021-04-17 02:30:00,1508.10416666667,-23.6225468248366,-0.336638217759241,-0.336634405589365
2021-04-17 03:00:00,1508.125,-23.81948743125,-0.368336392312773,-0.368332579964315
2021-04-17 03:30:00,1508.14583333333,-23.8578758544662,-0.374777110339416,-0.374773297812982
2021-04-17 04:00:00,1508.16666666667,-23.92206251375,-0.385327525325483,-0.385323712621673
2021-04-17 04:30:00,1508.1875,-24.1150239633987,-0.41639187591703,-0.416388063036446
2021-04-17 05:00:00,1508.20833333333,-24.23313748625,-0.435532917717146,-0.435529104660389
2021-04-17 05:30:00,1508.22916666667,-24.3111746805677,-0.448289791135814,-0.44828597790349
2021-04-17 06:00:00,1508.25,-24.2587625725,-0.440266016814979,-0.440262203407683
2021-04-17 06:30:00,1508.27083333333,-24.3369934540305,-0.453053783405725,-0.453049969824065
2021-04-17 07:00:00,1508.29166666667,-24.42941263,-0.468101774707577,-0.468097960952152
2021-04-17 07:30:00,1508.3125,-24.2084662862745,-0.433230434013168,-0.433226620084581
2021-04-17 08:00:00,1508.33333333333,-24.33932490125,-0.454401893828316,-0.454398079727167
2021-04-17 08:30:00,1508.35416666667,-24.2206055843137,-0.435815429881126,-0.435811615608021
2021-04-17 09:00:00,1508.375,-24.19945016125,-0.432770983049029,-0.432767168604562
2021-04-17 09:30:00,1508.39583333333,-24.1818149590308,-0.430287328972203,-0.430283514356984
2021-04-17 10:00:00,1508.41666666667,-24.2081000375,-0.434800226012489,-0.434796411227115
2021-04-17 10:30:00,1508.4375,-24.127306164978,-0.422255388615569,-0.422251573660642
2021-04-17 11:00:00,1508.45833333333,-23.96381252125,-0.396536437501201,-0.396532622377326
2021-04-17 11:30:00,1508.47916666667,-24.0034017406181,-0.403168750495813,-0.403164935203589
2021-04-17 12:00:00,1508.5,-24.01151249,-0.404786539577127,-0.404782724117152
2021-04-17 12:30:00,1508.52083333333,-23.6348700400881,-0.345112887870279,-0.345109072243161
2021-04-17 13:00:00,1508.54166666667,-23.60640004125,-0.340903375194827,-0.340899559401164
2021-04-17 13:30:00,1508.5625,-23.5014172028698,-0.32450533122846,-0.324501515268854
2021-04-17 14:00:00,1508.58333333333,-23.49158746875,-0.323265263451813,-0.323261447326869
2021-04-17 14:30:00,1508.60416666667,-23.7012825830022,-0.356995679537744,-0.35699186324806
2021-04-17 15:00:00,1508.625,-23.7375374775,-0.363096963274177,-0.363093146820352
2021-04-17 15:30:00,1508.64583333333,-23.2587797319383,-0.287156383972949,-0.28715256735559
2021-04-17 16:00:00,1508.66666666667,-23.26833751375,-0.289004835655068,-0.289001018874773
2021-04-17 16:30:00,1508.6875,-23.5955661059471,-0.341458492917653,-0.341454675975024
2021-04-17 17:00:00,1508.70833333333,-23.61602499625,-0.345043535879979,-0.345039718775621
2021-04-17 17:30:00,1508.72916666667,-24.0667180592511,-0.417165208394939,-0.41716139112945
2021-04-17 18:00:00,1508.75,-24.18695001125,-0.436644208124969,-0.436640390698947
2021-04-17 21:30:00,1508.89583333333,-23.4634805146568,-0.323677257591613,-0.323673439058725
2021-04-17 22:30:00,1508.9375,-22.5260574881262,-0.174997335840791,-0.174993516997065
2021-04-18,1509,-21.9840555814815,-0.0896345335770646,-0.0896307142715942
2021-04-18 01:00:00,1509.04166666667,-22.708270841744,-0.205654957027528,-0.205651137417231
2021-04-18 02:00:00,1509.08333333333,-22.787248616141,-0.218888658774865,-0.21888483886215
2021-04-18 03:00:00,1509.125,-22.8516808617811,-0.229805317952338,-0.229801497739604
2021-04-18 04:00:00,1509.16666666667,-23.6003469513915,-0.349720987657143,-0.349717167146795
2021-04-18 05:00:00,1509.20833333333,-23.836174412987,-0.387941167324719,-0.387937346519164
2021-04-18 06:00:00,1509.25,-24.0487610614815,-0.422459138408994,-0.422455317310632
2021-04-18 07:00:00,1509.29166666667,-23.9591926064815,-0.408843654800013,-0.408839833411248
2021-04-18 08:00:00,1509.33333333333,-24.2128423307978,-0.449903141306508,-0.449899319629746
2021-04-18 09:00:00,1509.375,-24.3665909323864,-0.475048376119786,-0.475044554157426
2021-04-18 10:00:00,1509.41666666667,-24.0015543031835,-0.41755082115075,-0.417546998905196
2021-04-18 11:00:00,1509.45833333333,-22.9705436194805,-0.25396319126486,-0.253959368738517
2021-04-18 12:00:00,1509.5,-21.729692308818,-0.0569478670932011,-0.0569440442884688
2021-04-18 13:00:00,1509.54166666667,-21.576835197963,-0.0332508636535907,-0.0332470405728745
2021-04-18 14:00:00,1509.58333333333,-21.6590333061111,-0.0469983914482771,-0.0469945680939757
2021-04-18 15:00:00,1509.625,-21.9243651541199,-0.0899193214113576,-0.089915497785873
2021-04-18 16:00:00,1509.66666666667,-22.4236833196296,-0.170114505165792,-0.170110681271528
2021-04-18 17:00:00,1509.70833333333,-22.188073059176,-0.133235131344314,-0.13323130718367
2021-04-18 18:00:00,1509.75,-21.8467481590741,-0.0795154054159215,-0.0795115809912993
2021-04-18 19:00:00,1509.79166666667,-22.1686629056818,-0.131450294366517,-0.13144646968032
2021-04-18 23:00:00,1509.95833333333,-20.7875046754221,0.0859539943321687,0.0859578200406667
2021-04-19 00:30:00,1510.02083333333,-20.281325193609,0.165607782681115,0.165611608763076
2021-04-19 01:30:00,1510.0625,-20.0769016584416,0.197518542520881,0.197522368848818
2021-04-19 02:30:00,1510.10416666667,-20.0998998207792,0.193200800744677,0.193204627316187
2021-04-19 03:30:00,1510.14583333333,-20.2473562090909,0.16905671228171,0.169060539094396
2021-04-19 04:30:00,1510.1875,-20.5751577840304,0.116183444697574,0.116187271749037
2021-04-19 05:30:00,1510.22916666667,-20.8171350998124,0.0769819812492699,0.0769858085371093
2021-04-19 06:30:00,1510.27083333333,-20.8559582533207,0.0701430596840691,0.0701468872058884
2021-04-19 07:30:00,1510.3125,-20.8394334114447,0.0721210523277171,0.0721248800811178
2021-04-19 08:30:00,1510.35416666667,-20.98647659606,0.0480424807908869,0.0480463087734675
2021-04-19 09:30:00,1510.39583333333,-21.1672452945693,0.0185913504529463,0.0185951786623088
2021-04-19 10:30:00,1510.4375,-21.120514955618,0.0253809193543867,0.0253847477881395
2021-04-19 11:30:00,1510.47916666667,-20.6925132297348,0.092907232989229,0.0929110616449682
2021-04-19 12:30:00,1510.52083333333,-20.6438467854406,0.100005105858866,0.100008934734195
2021-04-19 13:30:00,1510.5625,-21.1137135041199,0.0245002163217474,0.0245040454142737
2021-04-19 14:30:00,1510.60416666667,-21.6726741449438,-0.065197457339798,-0.065193628032477
2021-04-19 15:30:00,1510.64583333333,-22.1983820237828,-0.149598000577751,-0.149594171058032
2021-04-19 16:30:00,1510.6875,-22.7275984969697,-0.234557523390437,-0.234553693660711
2021-04-19 17:30:00,1510.72916666667,-19.2288387136622,0.322142392245797,0.322146222183129
2021-04-19 18:30:00,1510.77083333333,-20.6752807971537,0.0910680592826881,0.0910718894252289
2021-04-19 19:30:00,1510.8125,-21.5881401335227,-0.0550062177394987,-0.0550023873941382
2021-04-19 20:30:00,1510.85416666667,-21.0607859929924,0.0283464846580532,0.0283503152038312
2021-04-20 00:30:00,1511.02083333333,-19.7090984844697,0.241049954799538,0.241053786123041
2021-04-20 01:30:00,1511.0625,-18.5796547575985,0.420315680377472,0.420319511889421
2021-04-20 02:30:00,1511.10416666667,-18.9561138508539,0.359689955943615,0.359693787641616
2021-04-20 03:30:00,1511.14583333333,-19.4697646958824,0.277209433120534,0.27721326500219
2021-04-20 04:30:00,1511.1875,-20.066694178424,0.181462509872775,0.181466341935695
2021-04-20 05:30:00,1511.22916666667,-20.4945525617591,0.112648679928153,0.112652512169943
2021-04-20 06:30:00,1511.27083333333,-21.0359071255319,0.0257547740494657,0.0257586064677299
2021-04-20 07:30:00,1511.3125,-21.2584253206049,-0.01034832339949,-0.0103444908071414
2021-04-20 08:30:00,1511.35416666667,-21.4651148931034,-0.0439299625732987,-0.0439261298092585
2021-04-20 09:30:00,1511.39583333333,-21.5374215465028,-0.0561043589789772,-0.0561005260456413
2021-04-20 10:30:00,1511.4375,-21.8282859573832,-0.103095214275369,-0.103091381175127
2021-04-20 11:30:00,1511.47916666667,-20.1673030113636,0.160844557592929,0.160848390857683
2021-04-20 12:30:00,1511.52083333333,-21.1090056157009,0.0101746101109918,0.0101784435378688
2021-04-20 13:30:00,1511.5625,-20.8587537632576,0.0493838084484418,0.0493876420350501
2021-04-20 14:30:00,1511.60416666667,-20.3995055792135,0.121886221166567,0.121890054910512
2021-04-20 16:30:00,1511.6875,-20.6997443301136,0.0727455207863451,0.0727493548377975
2021-04-20 17:30:00,1511.72916666667,-21.1566686369732,-0.000699148770401961,-0.000695314568785091
2021-04-20 18:30:00,1511.77083333333,-20.6972708409091,0.0718268982346133,0.0718307325840077
2021-04-20 19:30:00,1511.8125,-20.3048470170172,0.133683894699492,0.133687729194274
2021-04-20 20:30:00,1511.85416666667,-20.8395122080374,0.047854900003531,0.0478587346413072
2021-04-20 21:30:00,1511.89583333333,-21.1923118950851,-0.00900283818584861,-0.00899900340746405
2021-04-20 22:30:00,1511.9375,-21.1322621963415,-9.34220945644909e-05,-8.95871779610508e-05
2021-04-21 02:00:00,1512.08333333333,-22.0851171174721,-0.15418216773773,-0.154178332356174
2021-04-21 03:00:00,1512.125,-21.7805231660482,-0.106316888838694,-0.106313053329667
2021-04-21 04:00:00,1512.16666666667,-20.9994229801484,0.0174561276778866,0.0174599633119923
2021-04-21 05:00:00,1512.20833333333,-20.9355046893058,0.0269815100899136,0.0269853458467149
2021-04-21 06:00:00,1512.25,-21.9047416258364,-0.128075518902376,-0.128071683025266
2021-04-21 07:00:00,1512.29166666667,-21.4334248387755,-0.0536513553306584,-0.0536475193356308
2021-04-21 08:00:00,1512.33333333333,-22.902061255102,-0.288263168077687,-0.288259331967129
2021-04-21 09:00:00,1512.375,-23.0399237,-0.310881780556747,-0.310877944333036
2021-04-21 10:00:00,1512.41666666667,-22.8103587494424,-0.27496899040276,-0.274965154068291
2021-04-21 11:00:00,1512.45833333333,-22.6096203696296,-0.243648337262525,-0.243644500819682
2021-04-21 12:00:00,1512.5,-18.4251257120075,0.422287494416428,0.422291330965264
2021-04-21 13:00:00,1512.54166666667,-17.2173552407895,0.614028992976887,0.614032829629325
2021-04-21 14:00:00,1512.58333333333,-17.1193859139147,0.628978333482276,0.628982170235932
2021-04-21 15:00:00,1512.625,-16.6933661652416,0.696186298262158,0.696190135114652
2021-04-21 16:00:00,1512.66666666667,-18.0666635120983,0.476761721900176,0.476765558849118
2021-04-21 17:00:00,1512.70833333333,-15.7856759111111,0.839467307453877,0.839471144496883
2021-04-21 18:00:00,1512.75,-13.921701684803,1.13574232308236,1.13574616021705
2021-04-21 19:00:00,1512.79166666667,-14.4441292116105,1.0518617930886,1.05186563031259
2021-04-21 20:00:00,1512.83333333333,-14.4733333316479,1.04655206359504,1.04655590090594
2021-04-21 21:00:00,1512.875,-19.0099715683712,0.323204817920676,0.323208655316111
2021-04-21 22:00:00,1512.91666666667,-19.3028689074906,0.275888489876328,0.275892327353913
2021-04-21 23:30:00,1512.97916666667,-21.088289516,-0.00951672210421885,-0.00951288450787777
2021-04-22 03:30:00,1513.14583333333,-25.1554444261111,-0.66004832165854,-0.660044483771711
2021-04-22 04:30:00,1513.1875,-25.909209644898,-0.780781483978601,-0.780777646025102
2021-04-22 05:30:00,1513.22916666667,-26.9244315435361,-0.94316491969819,-0.943161081680404
2021-04-22 06:30:00,1513.27083333333,-26.9669572920388,-0.950597200722355,-0.95059336264266
2021-04-22 07:30:00,1513.3125,-27.6910853265306,-1.0666092497706,-1.06660541163137
2021-04-22 08:30:00,1513.35416666667,-27.91359475197,-1.10271313238126,-1.10270929418489
2021-04-22 09:30:00,1513.39583333333,-28.1931838756098,-1.14790988781506,-1.14790604956392
2021-04-22 10:30:00,1513.4375,-28.8738295810861,-1.25699527910813,-1.2569914408046
2021-04-22 11:30:00,1513.47916666667,-29.2248958035985,-1.31357845867886,-1.31357462032531
2021-04-22 12:30:00,1513.52083333333,-28.8104942856061,-1.24822211527246,-1.24821827687128
2021-04-22 13:30:00,1513.5625,-29.5804518540741,-1.37153505545748,-1.37153121701105
2021-04-22 14:30:00,1513.60416666667,-29.8345985410781,-1.41267898804374,-1.41267514955443
2021-04-22 15:30:00,1513.64583333333,-30.1205436068182,-1.45888845917197,-1.45888462064216
2021-04-22 16:30:00,1513.6875,-30.5626003347092,-1.52996666338865,-1.52996282482071
2021-04-22 17:30:00,1513.72916666667,-29.9870056644487,-1.43893230606458,-1.4389284674609
2021-04-22 18:30:00,1513.77083333333,-28.894772964728,-1.26559717452509,-1.26559333588804
2021-04-22 19:30:00,1513.8125,-28.0203527208255,-1.12695975558503,-1.12695591691699
2021-04-22 20:30:00,1513.85416666667,-28.2171666445693,-1.15897073746672,-1.15896689877006
2021-04-22 21:30:00,1513.89583333333,-28.8109488742424,-1.25421908622239,-1.25421524749949
2021-04-22 23:00:00,1513.95833333333,-28.5275141109228,-1.21005540812284,-1.21005156936503
2021-04-23,1514,-28.485240183054,-1.20397963512458,-1.20397579634647
2021-04-23 01:00:00,1514.04166666667,-28.1953245739212,-1.15845439621285,-1.15845055741681
2021-04-23 05:00:00,1514.20833333333,-26.6539476742056,-0.915546355847653,-0.915542517003618
2021-04-23 06:00:00,1514.25,-26.0554111818692,-0.820857739031703,-0.820853900181606
2021-04-23 07:00:00,1514.29166666667,-25.4177329549242,-0.719933844775415,-0.719930005921627
2021-04-23 08:00:00,1514.33333333333,-25.7023569842991,-0.765933387555671,-0.765929548700562
2021-04-23 09:00:00,1514.375,-26.0514990579439,-0.822210729072186,-0.822206890218132
2021-04-23 10:00:00,1514.41666666667,-26.0371058731569,-0.820576671974674,-0.820572833124043
2021-04-23 11:00:00,1514.45833333333,-26.1838579656075,-0.84461320020066,-0.844609361355823
2021-04-23 12:00:00,1514.5,-26.1717221298677,-0.843338795088184,-0.843334956251515
2021-04-23 13:00:00,1514.54166666667,-26.2549564907372,-0.857256957276031,-0.857253118449897
2021-04-23 14:00:00,1514.58333333333,-26.6975813097196,-0.928426302756032,-0.928422463942803
2021-04-23 15:00:00,1514.625,-26.8715748546816,-0.956802520469646,-0.956798681671695
2021-04-23 16:00:00,1514.66666666667,-26.4797121205607,-0.895037454371935,-0.895033615591629
2021-04-23 17:00:00,1514.70833333333,-26.186842993271,-0.849042166061068,-0.849038327300775
2021-04-23 18:00:00,1514.75,-26.211184997757,-0.853578862863935,-0.853575024126027
2021-04-23 19:00:00,1514.79166666667,-26.3192846550562,-0.871458238415211,-0.871454399702053
2021-04-23 20:00:00,1514.83333333333,-26.4069943451796,-0.88608950208758,-0.886085663401541
2021-04-23 21:00:00,1514.875,-25.7966597994393,-0.789521844281255,-0.789518005624705
2021-04-23 22:30:00,1514.9375,-26.5594545530612,-0.912024245355659,-0.912020406747779
2021-04-23 23:30:00,1514.97916666667,-26.6292656675522,-0.923804336099813,-0.923800497527334
2021-04-24 00:30:00,1515.02083333333,-25.562195813308,-0.754478499038043,-0.754474660503337
2021-04-24 01:30:00,1515.0625,-24.3478056300216,-0.561684450887862,-0.561680612393295
2021-04-24 02:30:00,1515.10416666667,-23.0340417705882,-0.353060127380779,-0.353056288928711
2021-04-24 06:00:00,1515.25,-23.0345897666667,-0.355454787484712,-0.355450949200031
2021-04-24 06:30:00,1515.27083333333,-22.5964759580321,-0.285992589191444,-0.285988750933039
2021-04-24 07:00:00,1515.29166666667,-22.5592050794872,-0.280384961253117,-0.280381123021579
2021-04-24 07:30:00,1515.3125,-22.3571859628,-0.248532826349608,-0.248528988145531
2021-04-24 08:00:00,1515.33333333333,-22.5704101692308,-0.282829254616601,-0.282825416440569
2021-04-24 08:30:00,1515.35416666667,-22.2203031861446,-0.22738662684776,-0.227382788700372
2021-04-24 09:00:00,1515.375,-22.4523846589744,-0.264687041120628,-0.26468320300247
2021-04-24 09:30:00,1515.39583333333,-22.1367959578,-0.214743210235856,-0.214739372147519
2021-04-24 10:00:00,1515.41666666667,-22.1846407820513,-0.222694604556339,-0.222690766498414
2021-04-24 10:30:00,1515.4375,-21.9601200034,-0.187257968547136,-0.187254130520217
2021-04-24 11:00:00,1515.45833333333,-22.1799230820513,-0.22260244533185,-0.222598607336521
2021-04-24 11:30:00,1515.47916666667,-21.8664980062,-0.173003300817022,-0.172999462853879
2021-04-24 12:00:00,1515.5,-22.6982050717949,-0.305824529481838,-0.30582069155147
2021-04-24 12:30:00,1515.52083333333,-22.5595555464646,-0.284067264463077,-0.284063426566073
2021-04-24 13:00:00,1515.54166666667,-22.9781539179487,-0.35107999226041,-0.351076154397362
2021-04-24 13:30:00,1515.5625,-22.9605708363273,-0.348608707472397,-0.348604869643897
2021-04-24 14:00:00,1515.58333333333,-23.3451539076923,-0.410202782800795,-0.410198945007428
2021-04-24 14:30:00,1515.60416666667,-23.4614710055888,-0.429061901360091,-0.429058063602453
2021-04-24 15:00:00,1515.625,-23.8394358717949,-0.489601700856045,-0.489597863134723
2021-04-24 15:30:00,1515.64583333333,-23.9200299464,-0.502770125171164,-0.502766287486748
2021-04-24 16:00:00,1515.66666666667,-24.4101538897436,-0.581176954615231,-0.581173116968313
2021-04-24 16:30:00,1515.6875,-24.3950319241517,-0.579097754052385,-0.579093916443556
2021-04-24 17:00:00,1515.70833333333,-24.5594871205128,-0.605625328015957,-0.605621490445801
2021-04-24 17:30:00,1515.72916666667,-24.700389951,-0.628400997522055,-0.62839715999117
2021-04-24 18:00:00,1515.75,-24.6380256333333,-0.618796069284709,-0.61879223179368
2021-04-24 18:30:00,1515.77083333333,-24.3510546649798,-0.573411145258757,-0.573407307808175
2021-04-24 19:00:00,1515.79166666667,-24.3567947435897,-0.574655304319259,-0.574651466909714
2021-04-24 19:30:00,1515.8125,-24.2884943300683,-0.564104764160893,-0.564100926792977
2021-04-24 20:00:00,1515.83333333333,-24.4354102846154,-0.587838349277796,-0.587834511952094
2021-04-24 20:30:00,1515.85416666667,-24.4487860208,-0.590298886183555,-0.590295048900662
2021-04-24 21:30:00,1515.89583333333,-24.3002499729167,-0.567296544597353,-0.567292707401841
2021-04-24 22:00:00,1515.91666666667,-24.0244958477273,-0.523698499727188,-0.52369466257625
2021-04-24 22:30:00,1515.9375,-22.6103808642857,-0.298758760485091,-0.298754923379321
2021-04-24 23:00:00,1515.95833333333,-21.8537693420408,-0.178559796263804,-0.178555959203784
2021-04-24 23:30:00,1515.97916666667,-20.5443875836735,0.02969585783829,0.0296996948519634
2021-04-25,1516,-20.1697086393939,0.0890526819985653,0.0890565189653061
2021-04-25 00:30:00,1516.02083333333,-20.4875834479167,0.0380851947646711,0.03808903168389
2021-04-25 01:00:00,1516.04166666667,-20.2863153547718,0.0698175391292411,0.0698213760003486
2021-04-25 01:30:00,1516.0625,-20.9735625979167,-0.0399912481018627,-0.0399874112794589
2021-04-25 02:00:00,1516.08333333333,-20.8435562584867,-0.0196109591478385,-0.019607122374721
2021-04-25 02:30:00,1516.10416666667,-21.0498776693878,-0.0528079246618061,-0.0528040879385708
2021-04-25 03:00:00,1516.125,-20.7676155396728,-0.00817318646173833,-0.00816934978897097
2021-04-25 03:30:00,1516.14583333333,-20.6626530020408,0.00821759660732772,0.00822143322903814
2021-04-25 04:00:00,1516.16666666667,-20.4781594478261,0.0372777240823661,0.0372815606524305
2021-04-25 07:30:00,1516.3125,-19.8444309677824,0.135922240161142,0.13592607635319
2021-04-25 08:00:00,1516.33333333333,-19.7285581501661,0.154051009825129,0.154054845960821
2021-04-25 08:30:00,1516.35416666667,-19.7614935832618,0.148474515821437,0.148478351900184
2021-04-25 09:00:00,1516.375,-19.2824557081967,0.22445573272352,0.224459568744733
2021-04-25 09:30:00,1516.39583333333,-19.1184549257511,0.250251312737483,0.250255148700574
2021-04-25 10:00:00,1516.41666666667,-19.1032000177049,0.252351565801759,0.252355401706141
2021-04-25 10:30:00,1516.4375,-18.8983031384615,0.284661917578394,0.284665753423473
2021-04-25 11:00:00,1516.45833333333,-18.8403366313531,0.293566153298043,0.293569989083236
2021-04-25 11:30:00,1516.47916666667,-18.3523904052632,0.370966462784836,0.370970298509553
2021-04-25 12:00:00,1516.5,-18.2801048891803,0.382151721438242,0.382155557101896
2021-04-25 12:30:00,1516.52083333333,-19.1378846470085,0.245176914670722,0.245180750272725
2021-04-25 13:00:00,1516.54166666667,-19.2378131154098,0.228928357270183,0.228932192809946
2021-04-25 13:30:00,1516.5625,-20.6509999623932,0.00347679912473811,0.00348063460166974
2021-04-25 14:00:00,1516.58333333333,-20.5786956869565,0.0146650358070702,0.0146688712205862
2021-04-25 14:30:00,1516.60416666667,-22.1675427559829,-0.2387693262445,-0.238765490894988
2021-04-25 15:00:00,1516.625,-22.098836682,-0.228154290546181,-0.22815045526126
2021-04-25 15:30:00,1516.64583333333,-23.5499401679487,-0.45964600621671,-0.459642170996969
2021-04-25 16:00:00,1516.66666666667,-23.8106199913333,-0.5015023841043,-0.501498548950327
2021-04-25 16:30:00,1516.6875,-24.3137008700855,-0.581973425647246,-0.581969590559631
2021-04-25 17:00:00,1516.70833333333,-24.4641541081967,-0.606270634314335,-0.606266799293663
2021-04-25 17:30:00,1516.72916666667,-25.1220586099099,-0.711405194132216,-0.711401359179074
2021-04-25 18:00:00,1516.75,-25.0031311518033,-0.692789869802813,-0.692786034917792
2021-04-25 18:30:00,1516.77083333333,-25.3816035585903,-0.753410701542489,-0.753406866726171
2021-04-25 19:00:00,1516.79166666667,-25.1718700153333,-0.720329907202187,-0.720326072455162
2021-04-25 19:30:00,1516.8125,-25.8107455758772,-0.822433151582716,-0.822429316905575
2021-04-25 20:00:00,1516.83333333333,-25.8064444728758,-0.822077895855151,-0.822074061248478
2021-04-25 21:00:00,1516.875,-25.4016501872428,-0.758253708871993,-0.758249874408022
2021-04-25 21:30:00,1516.89583333333,-25.1691837646643,-0.721551560482235,-0.721547726090491
2021-04-25 22:00:00,1516.91666666667,-24.7563456958848,-0.656116081804415,-0.656112247485488
2021-04-25 22:30:00,1516.9375,-24.3705070433099,-0.594981631227261,-0.594977796981741
2021-04-25 23:00:00,1516.95833333333,-23.1893580238683,-0.407153672632609,-0.407149838461081
2021-04-25 23:30:00,1516.97916666667,-22.9114241644828,-0.363208536204265,-0.363204702107316
2021-04-26,1517,-21.8770246641975,-0.198757884279244,-0.198754050257463
2021-04-26 00:30:00,1517.02083333333,-21.5963551996552,-0.154376967308929,-0.154373133362897
2021-04-26 01:00:00,1517.04166666667,-21.451674927572,-0.131659227470758,-0.131655393601066
2021-04-26 01:30:00,1517.0625,-21.2677965231034,-0.10269719868359,-0.102693364890827
2021-04-26 02:00:00,1517.08333333333,-21.2501234497942,-0.10021179943173,-0.100207965716481
2021-04-26 02:30:00,1517.10416666667,-21.1663172403448,-0.087191345800196,-0.0871875121630463
2021-04-26 03:00:00,1517.125,-21.2841205040161,-0.106287426734012,-0.106283593175552
2021-04-26 03:30:00,1517.14583333333,-21.3192585989655,-0.112214888599275,-0.112211055120085
2021-04-26 04:00:00,1517.16666666667,-23.3717268975904,-0.439504494859182,-0.439500661459852
2021-04-26 04:30:00,1517.1875,-23.7478551596552,-0.499751936659618,-0.499748103340737
2021-04-26 05:00:00,1517.20833333333,-24.0230763180723,-0.543924805995058,-0.54392097275721
2021-04-26 05:30:00,1517.22916666667,-23.9114655172414,-0.526475069000723,-0.526471235844494
2021-04-26 09:00:00,1517.375,-24.1741659073733,-0.570633062651866,-0.570629230083393
2021-04-26 09:30:00,1517.39583333333,-24.3439032021505,-0.598002286526417,-0.59799845404425
2021-04-26 10:00:00,1517.41666666667,-24.7994265168246,-0.670897428429491,-0.670893596034221
2021-04-26 10:30:00,1517.4375,-24.9033142266667,-0.68777676799004,-0.687772935682252
2021-04-26 11:00:00,1517.45833333333,-26.2087258235023,-0.896059722120521,-0.896055889900798
2021-04-26 11:30:00,1517.47916666667,-26.0674857542857,-0.873890032759696,-0.873886200628626
2021-04-26 12:00:00,1517.5,-27.2932424877598,-1.06948391160371,-1.06948007956188
2021-04-26 12:30:00,1517.52083333333,-27.3614746838384,-1.08068330508061,-1.08067947312861
2021-04-26 13:00:00,1517.54166666667,-27.7483718242494,-1.14264625249058,-1.14264242062899
2021-04-26 13:30:00,1517.5625,-27.8040605646465,-1.15184746562937,-1.15184363385877
2021-04-26 14:00:00,1517.58333333333,-28.7087511592417,-1.29629528134348,-1.29629144966445
2021-04-26 14:30:00,1517.60416666667,-28.7038476,-1.29584409879636,-1.29584026720951
2021-04-26 15:00:00,1517.625,-28.9051474426267,-1.32824126593214,-1.32823743443804
2021-04-26 15:30:00,1517.64583333333,-28.8118302301887,-1.31370572602668,-1.31370189462592
2021-04-26 16:00:00,1517.66666666667,-29.4381059656682,-1.41380185727976,-1.41379802597292
2021-04-26 16:30:00,1517.6875,-29.378349159434,-1.40461251467346,-1.40460868346113
2021-04-26 17:00:00,1517.70833333333,-29.9896612252336,-1.5023249231769,-1.50232109205966
2021-04-26 17:30:00,1517.72916666667,-29.9482924103774,-1.49606480117653,-1.49606097015497
2021-04-26 18:00:00,1517.75,-30.5135456550351,-1.58644000691236,-1.58643617598706
2021-04-26 18:30:00,1517.77083333333,-30.6816666371429,-1.61355175954222,-1.61354792871376
2021-04-26 19:00:00,1517.79166666667,-30.8450514315421,-1.63990903415714,-1.63990520342612
2021-04-26 19:30:00,1517.8125,-30.6641792226415,-1.6114259221653,-1.6114220915323
2021-04-26 20:30:00,1517.85416666667,-30.8342453770833,-1.63917750229696,-1.63917367186175
2021-04-26 21:00:00,1517.875,-30.8971031020619,-1.64952074277851,-1.64951691244307
2021-04-26 21:30:00,1517.89583333333,-30.3724337878995,-1.56627050593095,-1.56626667569587
2021-04-26 22:00:00,1517.91666666667,-30.1979239108696,-1.5388009174647,-1.53879708733056
2021-04-26 22:30:00,1517.9375,-30.5259200350588,-1.59138089386509,-1.59137706383248
2021-04-26 23:00:00,1517.95833333333,-30.6750919020408,-1.61547403803561,-1.61547020810511
2021-04-26 23:30:00,1517.97916666667,-29.5516188023529,-1.43683392925886,-1.43683009943106
2021-04-27,1518,-29.335243427027,-1.40269513584479,-1.40269130612027
2021-04-27 00:30:00,1518.02083333333,-28.4482860610984,-1.26173215172795,-1.26172832210729
2021-04-27 01:00:00,1518.04166666667,-28.045626210101,-1.19791810738876,-1.19791427787255
2021-04-27 01:30:00,1518.0625,-27.4969498009132,-1.11084352050636,-1.11083969109518
2021-04-27 02:00:00,1518.08333333333,-27.0963636505051,-1.0473598171542,-1.04735598784864
2021-04-27 02:30:00,1518.10416666667,-28.2939817780822,-1.23847119681882,-1.23846736761946
2021-04-27 03:00:00,1518.125,-27.9846129064516,-1.18951846999309,-1.18951464090052
2021-04-27 03:30:00,1518.14583333333,-28.5458539093607,-1.27925451768273,-1.27925068869753
2021-04-27 04:00:00,1518.16666666667,-28.2528887858586,-1.23291491831929,-1.23291108944204
2021-04-27 04:30:00,1518.1875,-27.9698258877647,-1.18815274980765,-1.18814892103894
2021-04-27 05:00:00,1518.20833333333,-27.1469697848485,-1.05740113725077,-1.05739730859118
2021-04-27 05:30:00,1518.22916666667,-26.9278245911162,-1.0228211031297,-1.02281727457982
2021-04-27 06:00:00,1518.25,-26.7457204150538,-0.994141728734588,-0.994137900294995
2021-04-27 06:30:00,1518.27083333333,-27.2252556851598,-1.07086199002874,-1.07085816170002
2021-04-27 07:00:00,1518.29166666667,-27.0919579157895,-1.049957509253,-1.04995368103574
2021-04-27 10:30:00,1518.4375,-27.6334803253283,-1.13853203009364,-1.13852820267291
2021-04-27 11:30:00,1518.47916666667,-27.7865646896811,-1.16357835755148,-1.16357453036358
2021-04-27 12:30:00,1518.52083333333,-27.5919981877551,-1.13324364811072,-1.13323982115799
2021-04-27 13:30:00,1518.5625,-27.7946326632653,-1.16618333241731,-1.16617950570206
2021-04-27 14:30:00,1518.60416666667,-27.3723977745353,-1.09958087431982,-1.0995770478444
2021-04-29 19:00:00,1520.79166666667,-18.1007132459391,0.342779625683909,0.342783436306251
2021-04-29 20:00:00,1520.83333333333,-17.1205046447124,0.498268516479372,0.498272326737851
2021-04-29 21:00:00,1520.875,-17.3236920241187,0.465241606457986,0.465245416350295
2021-04-29 22:30:00,1520.9375,-17.9067653566108,0.371369131800811,0.371372941139552
2021-04-29 23:30:00,1520.97916666667,-17.7947903816327,0.388547872948143,0.388551681914959
2021-04-30 00:30:00,1521.02083333333,-17.3381155904523,0.460637566893002,0.46064137548559
2021-04-30 01:00:00,1521.04166666667,-17.2387357728571,0.4761393892978,0.476143197702411
2021-04-30 01:30:00,1521.0625,-16.836733698995,0.539849159947657,0.539852968163711
2021-04-30 02:00:00,1521.08333333333,-16.8653213521429,0.53496568598642,0.534969494013346
2021-04-30 02:30:00,1521.10416666667,-17.2507738708543,0.473233390569377,0.473237198406599
2021-04-30 03:00:00,1521.125,-17.1081500178571,0.4956240452262,0.49562785287314
2021-04-30 03:30:00,1521.14583333333,-17.1662311781407,0.486042254574092,0.486046062030181
2021-04-30 04:00:00,1521.16666666667,-17.1052071571429,0.495434011189276,0.495437818453932
2021-04-30 04:30:00,1521.1875,-16.9918596516291,0.513160943096332,0.513164750168983
2021-04-30 05:00:00,1521.20833333333,-16.9787121359712,0.51492595187482,0.514929758754891
2021-04-30 05:30:00,1521.22916666667,-16.9740099929825,0.515345613653722,0.515349420340638
2021-04-30 06:00:00,1521.25,-16.9802553716312,0.514021334356664,0.514025140849848
2021-04-30 06:30:00,1521.27083333333,-16.9923734531328,0.511761536284698,0.511765342583581
2021-04-30 07:00:00,1521.29166666667,-16.9947357157143,0.511055854166756,0.511059660270756
2021-04-30 07:30:00,1521.3125,-17.3294974871859,0.457398699816593,0.457402505725138
2021-04-30 08:00:00,1521.33333333333,-17.4225957879433,0.442238716159788,0.442242521872305
2021-04-30 08:30:00,1521.35416666667,-18.1989974638191,0.31822802370468,0.318231829220594
2021-04-30 09:00:00,1521.375,-18.2017162659574,0.317465573116632,0.317469378435365
2021-04-30 09:30:00,1521.39583333333,-18.9439348553885,0.198900285196722,0.198904090317705
2021-04-30 10:00:00,1521.41666666667,-19.1281914829787,0.169218743806224,0.169222548728878
2021-04-30 10:30:00,1521.4375,-19.7396065170426,0.0714905703358139,0.0714943750595659
2021-04-30 11:00:00,1521.45833333333,-19.9458865695035,0.0383006963153431,0.0383045008396196
2021-04-30 11:30:00,1521.47916666667,-20.8883316592965,-0.112160786816429,-0.112156982492202
2021-04-30 12:00:00,1521.5,-21.068269551773,-0.141154321068051,-0.141150516944451
2021-04-30 12:30:00,1521.52083333333,-21.592788928392,-0.22503992449299,-0.225036120570584
2021-04-30 13:00:00,1521.54166666667,-21.5876170241135,-0.224545320812154,-0.224541517091523
2021-04-30 13:30:00,1521.5625,-23.0752738590452,-0.461859394504069,-0.461855590985784
2021-04-30 14:00:00,1521.58333333333,-23.6285389957447,-0.550324195320443,-0.550320392005078
2021-04-30 14:30:00,1521.60416666667,-24.3432907451128,-0.664513921273749,-0.664510118161878
2021-04-30 15:00:00,1521.625,-24.4077659375887,-0.675114119314694,-0.675110316406893
2021-04-30 15:30:00,1521.64583333333,-25.3068471065163,-0.81866763807815,-0.818663835374986
2021-04-30 16:00:00,1521.66666666667,-25.3146241014184,-0.820235757194333,-0.820231954696387
2021-04-30 20:30:00,1521.85416666667,-23.2623698724907,-0.496272978968363,-0.496269178343149
2021-04-30 21:30:00,1521.89583333333,-23.3109256263941,-0.504666253149035,-0.504662452946287
2021-04-30 22:30:00,1521.9375,-24.3825966267658,-0.676042484045293,-0.676038684267305
2021-04-30 23:30:00,1521.97916666667,-25.3254197807836,-0.826893127426062,-0.826889328075121
2021-05-01 00:30:00,1522.02083333333,-26.2358255929499,-0.972579631231502,-0.972575832309902
2021-05-01 01:30:00,1522.0625,-26.1607161128015,-0.961272810520007,-0.961269012030034
2021-05-01 02:30:00,1522.10416666667,-25.876994437037,-0.916733883442723,-0.916730085386665
2021-05-01 03:30:00,1522.14583333333,-26.4052337278293,-1.00154088371049,-1.00153708609063
2021-05-01 04:30:00,1522.1875,-28.1282588221569,-1.27667808108806,-1.2766742839067
2021-05-01 05:30:00,1522.22916666667,-28.9401277837037,-1.40666741985088,-1.4066636231103
2021-05-01 06:30:00,1522.27083333333,-27.9940944742593,-1.25662163474944,-1.25661783845192
2021-05-01 07:30:00,1522.3125,-27.8255937109462,-1.23043730366706,-1.2304335078149
2021-05-01 08:30:00,1522.35416666667,-28.0239481512963,-1.26269323213616,-1.26268943673163
2021-05-01 09:30:00,1522.39583333333,-27.8524823849722,-1.23603650051534,-1.23603270556074
2021-05-01 10:30:00,1522.4375,-27.8454972152134,-1.23558160824145,-1.23557781373906
2021-05-01 11:30:00,1522.47916666667,-27.8109740419295,-1.23073985476395,-1.23073606071604
2021-05-01 12:30:00,1522.52083333333,-27.391931332282,-1.16464382646099,-1.16464003286986
2021-05-01 13:30:00,1522.5625,-27.1846388648148,-1.13227972481925,-1.13227593168719
2021-05-01 14:30:00,1522.60416666667,-27.2099277603704,-1.13696596193791,-1.13696216926717
2021-05-01 15:30:00,1522.64583333333,-26.9709981447955,-1.09956196250781,-1.0995581703007
2021-05-01 17:00:00,1522.70833333333,-26.7086938779221,-1.0587631202615,-1.0587593287541
2021-05-01 18:00:00,1522.75,-26.2133215403346,-0.98050751320329,-0.980503722165208
2021-05-01 22:00:00,1522.91666666667,-26.558061554291,-1.0380546807691,-1.0380508916311
2021-05-01 23:00:00,1522.95833333333,-25.3162784973832,-0.840895108899962,-0.840891320242668
2021-05-02,1523,-22.9167788282528,-0.459310411608489,-0.459306623434187
2021-05-02 01:00:00,1523.04166666667,-23.3698849705009,-0.53214781646306,-0.532144028774024
2021-05-02 02:00:00,1523.08333333333,-22.1986512085343,-0.346226671352205,-0.346222884150708
2021-05-02 03:00:00,1523.125,-22.3394348962825,-0.369310800777175,-0.369307014065497
2021-05-02 04:00:00,1523.16666666667,-21.8103981437037,-0.285692012271634,-0.285688226052046
2021-05-02 05:00:00,1523.20833333333,-21.3889092607407,-0.219205632789493,-0.219201847064268
2021-05-02 06:00:00,1523.25,-22.3171426211111,-0.367730927400318,-0.367727142171733
2021-05-02 07:00:00,1523.29166666667,-20.4127648155556,-0.0650191949253286,-0.065015410195652
2021-05-02 08:00:00,1523.33333333333,-19.5545454051948,0.0710388020693929,0.0710425862978887
2021-05-02 09:00:00,1523.375,-18.2638352166667,0.275992933897966,0.275996717623006
2021-05-02 10:00:00,1523.41666666667,-17.6772722555556,0.36877595435212,0.368779737571438
2021-05-02 11:00:00,1523.45833333333,-17.8438092503704,0.341589659134964,0.341593441846289
2021-05-02 12:00:00,1523.5,-17.5795889111111,0.383023360879074,0.383027143080133
2021-05-02 13:00:00,1523.54166666667,-17.5373333498148,0.389097961030429,0.389101742718957
2021-05-02 14:00:00,1523.58333333333,-17.4334537042593,0.404989368333843,0.404993149507571
2021-05-02 15:00:00,1523.625,-16.9600963155556,0.479738890982869,0.479742671639526
2021-05-02 16:30:00,1523.6875,-16.7718029856877,0.508749270070231,0.508753049947032
2021-05-02 17:30:00,1523.72916666667,-16.8276585812616,0.499194904686415,0.499198684040482
2021-05-02 18:30:00,1523.77083333333,-17.2345520410781,0.433720004679705,0.433723783508771
2021-05-02 19:30:00,1523.8125,-18.691448987384,0.200978847273171,0.20098262557497
2021-05-02 23:30:00,1523.97916666667,-18.2130853333952,0.274557278387824,0.27456105455792
2021-05-03 00:30:00,1524.02083333333,-18.9164045083488,0.161861845237799,0.161865620869311
2021-05-03 01:30:00,1524.0625,-18.4674304588126,0.232727596553907,0.232731371644576
2021-05-03 02:30:00,1524.10416666667,-19.0103469595547,0.145584525091904,0.14558829963947
2021-05-03 03:30:00,1524.14583333333,-18.20816696141,0.27271633815987,0.272720112162069
2021-05-03 04:30:00,1524.1875,-18.0621156583955,0.295326432586938,0.295330206041513
2021-05-03 05:30:00,1524.22916666667,-18.1519443346939,0.280360729454039,0.280364502358732
2021-05-03 06:30:00,1524.27083333333,-17.9116037294444,0.317991280858375,0.317995053210924
2021-05-03 07:30:00,1524.3125,-17.5848775769944,0.369383164043648,0.369386935841799
2021-05-03 08:30:00,1524.35416666667,-17.8914481687037,0.319890476038681,0.319894247280176
2021-05-03 09:30:00,1524.39583333333,-17.9892407142593,0.303656333033567,0.303660103716147
2021-05-03 10:30:00,1524.4375,-18.0142583639405,0.299015336335307,0.299019106456719
2021-05-03 11:30:00,1524.47916666667,-17.9312193682156,0.311587894193247,0.311591663751237
2021-05-03 12:30:00,1524.52083333333,-20.1477666388889,-0.0421652294381272,-0.0421614604458187
2021-05-03 13:30:00,1524.5625,-22.24591282282,-0.377056920944113,-0.377053152519736
2021-05-03 14:30:00,1524.60416666667,-22.8716740831481,-0.477396587203189,-0.477392819348997
2021-05-03 16:00:00,1524.66666666667,-23.3578749804104,-0.555831809691781,-0.555828042697091
2021-05-03 17:00:00,1524.70833333333,-22.1803419788104,-0.368905273068002,-0.368901506649134
2021-05-03 18:00:00,1524.75,-22.6439850567164,-0.443419202805745,-0.443415436964943
2021-05-03 19:00:00,1524.79166666667,-22.1712714105948,-0.368770781029497,-0.36876701576901
2021-05-03 20:00:00,1524.83333333333,-21.3294717909774,-0.235326643341693,-0.235322878663781
2021-05-03 21:00:00,1524.875,-20.0422337879406,-0.0309237959434134,-0.0309200318503173
2021-05-04 01:00:00,1525.04166666667,-20.6323952178108,-0.127556703027988,-0.127552941296643
2021-05-04 02:00:00,1525.08333333333,-19.2900149020484,0.0856306438099617,0.0856344049452502
2021-05-04 03:00:00,1525.125,-15.887232772067,0.627041530971947,0.627045291508936
2021-05-04 04:00:00,1525.16666666667,-14.9015083778399,0.783413452835251,0.783417212771696
2021-05-04 05:00:00,1525.20833333333,-15.5394517024164,0.681134006402054,0.681137765735708
2021-05-04 06:00:00,1525.25,-16.1396022436803,0.58487503729503,0.584878796023651
2021-05-04 07:00:00,1525.29166666667,-17.0458529044693,0.439854160677642,0.439857918798989
2021-05-04 08:00:00,1525.33333333333,-17.2974190013035,0.399125063552366,0.399128821064193
2021-05-04 09:00:00,1525.375,-17.4001781454023,0.382101081280949,0.382104838181017
2021-05-04 10:00:00,1525.41666666667,-17.468903558256,0.370498757997148,0.370502514283213
2021-05-04 11:00:00,1525.45833333333,-17.6515640204082,0.340746561555528,0.340750317225353
2021-05-04 12:00:00,1525.5,-17.9175491730983,0.297720744316467,0.297724499367813
2021-05-04 13:00:00,1525.54166666667,-17.5010780697026,0.363410758649025,0.363414513079649
2021-05-04 14:00:00,1525.58333333333,-17.522120832342,0.359404564090293,0.359408317897959
2021-05-04 15:30:00,1525.64583333333,-17.7182182712687,0.327185118933797,0.327188871802833
2021-05-04 16:30:00,1525.6875,-17.6001694599628,0.345336469519972,0.345340221760458
2021-05-04 17:30:00,1525.72916666667,-17.587825590538,0.346649011120661,0.346652762730357
2021-05-04 18:30:00,1525.77083333333,-17.6187309367347,0.34107198589588,0.341075736872555
2021-05-04 19:30:00,1525.8125,-17.685098312987,0.329845898406129,0.329849648747547
2021-05-04 20:30:00,1525.85416666667,-17.5411300914498,0.352126486752315,0.352130236456239
2021-05-04 21:30:00,1525.89583333333,-17.4007026464684,0.373843091997678,0.373846841061874
2021-05-04 22:30:00,1525.9375,-17.3595083595547,0.37975184971935,0.379755598141593
2021-05-05 02:00:00,1526.08333333333,-18.3800825238532,0.214886850767198,0.214890596925012
2021-05-05 02:30:00,1526.10416666667,-18.2912836725581,0.228705951411032,0.228709697243126
2021-05-05 03:00:00,1526.125,-18.2492110394495,0.235081548892811,0.235085294398628
2021-05-05 03:30:00,1526.14583333333,-18.0076963383178,0.273228427162413,0.273232172341394
2021-05-05 04:00:00,1526.16666666667,-17.6762500166667,0.325701493716781,0.32570523856837
2021-05-05 04:30:00,1526.1875,-17.5139435374118,0.35123047941977,0.351234223943414
2021-05-05 06:00:00,1526.25,-19.3819148067669,0.0526817659392834,0.0526855094757364
2021-05-05 06:30:00,1526.27083333333,-19.3487768820144,0.0576341766698553,0.057637919876129
2021-05-05 07:00:00,1526.29166666667,-18.5426926919395,0.185717496944056,0.185721239819597
2021-05-05 07:30:00,1526.3125,-18.49172862,0.193509659943978,0.193513402488233
2021-05-05 08:00:00,1526.33333333333,-18.3057864432161,0.222803948707228,0.222807690919633
2021-05-05 08:30:00,1526.35416666667,-18.3269428128571,0.219107308276195,0.219111050156198
2021-05-05 09:00:00,1526.375,-18.1961712667506,0.239612910681615,0.23961665222866
2021-05-05 09:30:00,1526.39583333333,-18.1455899374101,0.247344171581394,0.24734791279492
2021-05-05 10:00:00,1526.41666666667,-18.1515527520101,0.246067927316174,0.246071668195629
2021-05-05 10:30:00,1526.4375,-18.12932144,0.249283044981616,0.249286785526444
2021-05-05 11:00:00,1526.45833333333,-18.1871456859296,0.239745272514152,0.239749012723796
2021-05-05 11:30:00,1526.47916666667,-18.135492855,0.247647294121358,0.247651033995263
2021-05-05 12:00:00,1526.5,-18.0580952421053,0.25965049543241,0.25965423497002
2021-05-05 12:30:00,1526.52083333333,-18.0048865609929,0.267800400205865,0.267804139406621
2021-05-05 13:00:00,1526.54166666667,-17.7196917090226,0.31290588539994,0.312909624263289
2021-05-05 13:30:00,1526.5625,-17.6950642628571,0.316502814309348,0.316506552834734
2021-05-05 14:30:00,1526.60416666667,-17.4734925839109,0.351146912536813,0.351150650384608
2021-05-05 15:00:00,1526.625,-17.4348456433824,0.356977210161568,0.356980947669735
2021-05-05 15:30:00,1526.64583333333,-17.2986064435644,0.378354042263654,0.378357779431634
2021-05-05 16:00:00,1526.66666666667,-17.2782000377778,0.381278645374624,0.381282382201864
2021-05-05 16:30:00,1526.6875,-17.3612530173781,0.367722112375648,0.367725848861594
2021-05-05 17:00:00,1526.70833333333,-17.3335693372263,0.371806026366242,0.371809762510339
2021-05-05 17:30:00,1526.72916666667,-17.6601838664987,0.319450000408717,0.31945373621041
2021-05-05 18:00:00,1526.75,-17.6641543904412,0.318491413106538,0.318495148565272
2021-05-05 18:30:00,1526.77083333333,-17.6021616945274,0.328040831948253,0.32804456706347
2021-05-05 19:00:00,1526.79166666667,-17.5802408350365,0.331206796736355,0.331210531507504
2021-05-05 19:30:00,1526.8125,-17.4377456294264,0.353580359191436,0.353584093617962
2021-05-05 20:00:00,1526.83333333333,-17.3928613737226,0.360404445780469,0.360408179861818
2021-05-05 20:30:00,1526.85416666667,-17.6202255566416,0.323859179794537,0.323862913530154
2021-05-05 21:00:00,1526.875,-17.6809635846715,0.313857597647159,0.31386133103649
2021-05-05 21:30:00,1526.89583333333,-18.208781091791,0.229449939033411,0.229453672075898
2021-05-05 22:00:00,1526.91666666667,-18.2143941861314,0.228229834924126,0.228233567619219
2021-05-05 22:30:00,1526.9375,-18.6376666731343,0.160476309516106,0.16048004186325
2021-05-05 23:00:00,1526.95833333333,-18.6083308257353,0.164823633676448,0.164827365675089
2021-05-05 23:30:00,1526.97916666667,-18.3892094810474,0.199403941678324,0.199407673327905
2021-05-06,1527,-18.4236316171053,0.193594610554341,0.193598341854315
2021-05-06 03:30:00,1527.14583333333,-20.1658316809061,-0.086219603678392,-0.0862158748411961
2021-05-06 04:00:00,1527.16666666667,-20.1946477782609,-0.0911357389902129,-0.0911320105070548
2021-05-06 04:30:00,1527.1875,-19.8931876873786,-0.0434386225784335,-0.0434348944498661
2021-05-06 05:00:00,1527.20833333333,-19.8417609113043,-0.0355719729327596,-0.0355682451593359
2021-05-06 05:30:00,1527.22916666667,-19.4561877006472,0.0255244615284733,0.0255281889461971
2021-05-06 06:00:00,1527.25,-19.4586477926087,0.0248069326324067,0.0248106596938845
2021-05-06 06:30:00,1527.27083333333,-19.515372207767,0.0154450773580329,0.0154488040627055
2021-05-06 07:00:00,1527.29166666667,-19.5327782330435,0.0123466888157988,0.0123504151631167
2021-05-06 07:30:00,1527.3125,-19.5723636506494,0.00571512639422933,0.00571885238364012
2021-05-06 08:00:00,1527.33333333333,-19.5202390943478,0.0136930475632775,0.0136967731942288
2021-05-06 08:30:00,1527.35416666667,-19.9729255576052,-0.0587457681758479,-0.0587420429039117
2021-05-06 09:00:00,1527.375,-19.9629090789474,-0.0574756553210963,-0.0574719304087211
2021-05-06 09:30:00,1527.39583333333,-20.2696342919094,-0.10666270095365,-0.106658976401394
2021-05-06 10:00:00,1527.41666666667,-20.3104372164502,-0.113488116632476,-0.113484392440889
2021-05-06 10:30:00,1527.4375,-20.4915275433657,-0.142661396341978,-0.142657672511611
2021-05-06 11:00:00,1527.45833333333,-20.4268217630435,-0.132679161059217,-0.132675437590622
2021-05-06 11:30:00,1527.47916666667,-20.4270809563107,-0.133045872991995,-0.133042149885727
2021-05-06 12:00:00,1527.5,-20.4065216882609,-0.130096169616005,-0.130092446872611
2021-05-06 12:30:00,1527.52083333333,-21.8932913307443,-0.367265019258244,-0.36726129687828
2021-05-06 13:00:00,1527.54166666667,-21.8615238082251,-0.362529793723102,-0.362526071707117
2021-05-06 14:00:00,1527.58333333333,-22.8405394141956,-0.519138347329589,-0.519134626043216
2021-05-06 14:30:00,1527.60416666667,-22.70893146621,-0.498498411538713,-0.498494690617976
2021-05-06 15:00:00,1527.625,-22.7434276415094,-0.504318961493169,-0.504315240938613
2021-05-06 15:30:00,1527.64583333333,-23.1114748785388,-0.563274414105252,-0.563270693917435
2021-05-06 16:00:00,1527.66666666667,-22.8337460840125,-0.519357263533738,-0.519353543713208
2021-05-06 16:30:00,1527.6875,-22.7671972724771,-0.509081215245416,-0.509077495792722
2021-05-06 17:00:00,1527.70833333333,-23.483517260815,-0.623516706263882,-0.623512987179577
2021-05-06 17:30:00,1527.72916666667,-23.3782454540909,-0.607072017207052,-0.607068298491689
2021-05-06 18:00:00,1527.75,-23.7393417103448,-0.664920073810866,-0.66491635546499
2021-05-06 18:30:00,1527.77083333333,-23.2266182295455,-0.583568001774049,-0.583564283798216
2021-05-06 19:00:00,1527.79166666667,-23.838990514511,-0.681444469103503,-0.68144075149826
2021-05-06 19:30:00,1527.8125,-23.6409999908676,-0.650229541757215,-0.650225824523113
2021-05-06 20:00:00,1527.83333333333,-23.7391226245283,-0.666185631764848,-0.666181914902441
2021-05-06 20:30:00,1527.85416666667,-23.6127272868182,-0.646375828237482,-0.646372111747316
2021-05-06 21:00:00,1527.875,-24.184952984953,-0.737856834669294,-0.737853118551917
2021-05-06 21:30:00,1527.89583333333,-23.7946272413636,-0.676002688247637,-0.675998972503606
2021-05-06 22:00:00,1527.91666666667,-22.562031422327,-0.479974296533389,-0.479970581163249
2021-05-06 22:30:00,1527.9375,-22.2739136868182,-0.434401918041713,-0.434398203046015
2021-05-06 23:00:00,1527.95833333333,-20.6768459125786,-0.180312842527765,-0.180309127907061
2021-05-06 23:30:00,1527.97916666667,-19.9599546090909,-0.0664364872872831,-0.0664327730421204
2021-05-07,1528,-19.164839622956,0.0599009770425036,0.0599046909115789
2021-05-07 00:30:00,1528.02083333333,-18.240859085,0.206766836451888,0.20677054994432
2021-05-07 01:00:00,1528.04166666667,-18.9857429774295,0.0877814201369805,0.0877851332522229
2021-05-07 01:30:00,1528.0625,-18.6380818459091,0.142839227552319,0.142842940289822
2021-05-07 05:00:00,1528.20833333333,-21.5312796734406,-0.320322686614869,-0.320318976536918
2021-05-07 05:30:00,1528.22916666667,-21.17287503,-0.26355326322381,-0.263549553527989
2021-05-07 06:00:00,1528.25,-20.2112805264529,-0.110695243027376,-0.11069153371423
2021-05-07 06:30:00,1528.27083333333,-19.762774945,-0.0395726336951299,-0.039568924765215
2021-05-07 07:00:00,1528.29166666667,-20.2106462288136,-0.111243478435153,-0.111239769889014
2021-05-07 07:30:00,1528.3125,-20.09892507,-0.0937708260046865,-0.0937671178428708
2021-05-07 08:00:00,1528.33333333333,-19.9798557122244,-0.0751275790185766,-0.0751238712416361
2021-05-07 08:30:00,1528.35416666667,-19.610075055,-0.0165458216174744,-0.0165421142259539
2021-05-07 09:00:00,1528.375,-20.1713707262525,-0.106285167408211,-0.106281460402659
2021-05-07 09:30:00,1528.39583333333,-20.0191498775,-0.0823608003397995,-0.0823570937207628
2021-05-07 10:00:00,1528.41666666667,-21.0318777492986,-0.244013575565666,-0.244009869333693
2021-05-07 10:30:00,1528.4375,-20.5941749175,-0.174611681794978,-0.174607975950616
2021-05-07 11:00:00,1528.45833333333,-23.1877847098592,-0.588100033806484,-0.588096328350285
2021-05-07 11:30:00,1528.47916666667,-23.5878292195122,-0.652151847233209,-0.652148142165716
2021-05-07 12:00:00,1528.5,-24.7776202266667,-0.842010820531841,-0.842007115853602
2021-05-07 12:30:00,1528.52083333333,-24.6545853926829,-0.822735677591481,-0.822731973303043
2021-05-07 13:30:00,1528.5625,-25.240502943787,-0.91672148533846,-0.916717781831266
2021-05-07 14:00:00,1528.58333333333,-25.1615517,-0.904468824817203,-0.904465121701456
2021-05-07 14:30:00,1528.60416666667,-25.2265402237721,-0.915145850378857,-0.915142147655099
2021-05-07 15:00:00,1528.625,-25.4643794068966,-0.953358087704497,-0.953354385373276
2021-05-07 15:30:00,1528.64583333333,-24.5822102129666,-0.813152168360027,-0.813148466421889
2021-05-07 16:00:00,1528.66666666667,-24.7284482758621,-0.836772238065272,-0.836768536520764
2021-05-07 16:30:00,1528.6875,-24.4694400730845,-0.795836266138099,-0.795832564987768
2021-05-07 17:00:00,1528.70833333333,-24.5573,-0.810156613189041,-0.810152912433436
2021-05-07 17:30:00,1528.72916666667,-23.9693169653543,-0.716814671497876,-0.716810971137541
2021-05-07 18:00:00,1528.75,-23.7676333866667,-0.685010487153806,-0.685006787189287
2021-05-07 18:30:00,1528.77083333333,-23.6332677027559,-0.663930069471013,-0.663926369902856
2021-05-07 19:00:00,1528.79166666667,-22.6472333333333,-0.507178199448929,-0.50717450027768
2021-05-07 19:30:00,1528.8125,-21.5368153058939,-0.330611901652685,-0.33060820287889
2021-05-07 20:00:00,1528.83333333333,-21.35356668,-0.301744329881823,-0.301740631506032
2021-05-07 20:30:00,1528.85416666667,-21.2503280803536,-0.285622390219393,-0.285618692242148
2021-05-07 21:00:00,1528.875,-21.2838998666667,-0.291294420516109,-0.291290722937957
2021-05-07 21:30:00,1528.89583333333,-21.34736862,-0.301729036691824,-0.301725339513309
2021-05-07 23:00:00,1528.95833333333,-21.1415120617811,-0.269907800694941,-0.269904104718615
2021-05-08,1529,-21.8670482432282,-0.386134027678453,-0.386130332506312
2021-05-08 01:00:00,1529.04166666667,-21.9385621424861,-0.398173947412261,-0.398170253046487
2021-05-08 02:00:00,1529.08333333333,-22.3838088855288,-0.469749685578394,-0.469745992021165
2021-05-08 03:00:00,1529.125,-21.5159730619231,-0.332150341543931,-0.332146648797425
2021-05-08 06:30:00,1529.27083333333,-20.8425324363636,-0.227136377228286,-0.227132687336465
2021-05-08 07:30:00,1529.3125,-20.8532788232342,-0.229495393612543,-0.229491704541242
2021-05-08 08:30:00,1529.35416666667,-21.2638033300557,-0.295539257377649,-0.295535569129046
2021-05-08 09:30:00,1529.39583333333,-20.9848293038961,-0.251745418969309,-0.251741731545575
2021-05-08 10:30:00,1529.4375,-21.9377922166976,-0.40419992181782,-0.404196235221129
2021-05-08 11:30:00,1529.47916666667,-24.626834877551,-0.833213075346356,-0.833209389578882
2021-05-08 13:00:00,1529.54166666667,-25.6481359404097,-0.996876991925152,-0.996873307405577
2021-05-08 14:00:00,1529.58333333333,-26.5763929223464,-1.14539549255128,-1.14539180886635
2021-05-08 15:00:00,1529.625,-27.016901258473,-1.21621519038,-1.21621150753188
2021-05-08 16:00:00,1529.66666666667,-27.2631362029851,-1.25608690279425,-1.25608322078512
2021-05-08 17:00:00,1529.70833333333,-27.3758884784387,-1.27469463500765,-1.27469095383967
2021-05-08 18:00:00,1529.75,-27.6028736148699,-1.31149964764436,-1.3114959673197
2021-05-08 19:00:00,1529.79166666667,-27.7058789556797,-1.32855449394717,-1.328550814468
2021-05-08 20:00:00,1529.83333333333,-27.2182048048417,-1.25151357849853,-1.25150989986701
2021-05-08 21:00:00,1529.875,-26.8189926037175,-1.18856461789915,-1.18856094011745
2021-05-08 22:00:00,1529.91666666667,-26.2130186500931,-1.09267826508472,-1.09267458815501
2021-05-08 23:00:00,1529.95833333333,-25.3826505128253,-0.961045660842717,-0.961041984767146
2021-05-09,1530,-22.2973407839851,-0.470199151705029,-0.470195476485767
2021-05-09 01:00:00,1530.04166666667,-22.7517471899628,-0.543231854088341,-0.543228179727554
2021-05-09 02:00:00,1530.08333333333,-23.712838269145,-0.696979688385127,-0.696976014884974
2021-05-09 03:00:00,1530.125,-23.2469349585502,-0.623406197700886,-0.623402525063528
2021-05-09 04:00:00,1530.16666666667,-21.6805380361781,-0.374523188961614,-0.374519517189213
2021-05-09 08:00:00,1530.33333333333,-22.1701142601202,-0.455092593397209,-0.455088925106214
2021-05-09 09:00:00,1530.375,-22.5630352521336,-0.518329827249332,-0.51832615983408
2021-05-09 10:00:00,1530.41666666667,-22.9647662011132,-0.582970392285704,-0.582966725748355
2021-05-09 11:00:00,1530.45833333333,-24.1718088651206,-0.775897587425034,-0.775893921767738
2021-05-09 12:30:00,1530.52083333333,-26.0853450816327,-1.08169173724764,-1.08168807291447
2021-05-09 13:30:00,1530.5625,-27.0629591606679,-1.23807053943684,-1.2380668759891
2021-05-09 14:30:00,1530.60416666667,-27.6281725554731,-1.328753515179,-1.32874985261885
2021-05-09 15:30:00,1530.64583333333,-27.069953619666,-1.24047281476324,-1.24046915309284
2021-05-09 16:30:00,1530.6875,-26.8894309936567,-1.21235930300188,-1.21235564222336
2021-05-09 17:30:00,1530.72916666667,-26.740760658256,-1.18931978016355,-1.18931612027908
2021-05-09 18:30:00,1530.77083333333,-26.5087699519481,-1.15300715863492,-1.15300349964664
2021-05-09 19:30:00,1530.8125,-26.2962931512059,-1.11980301181492,-1.11979935372498
2021-05-09 20:30:00,1530.85416666667,-25.8670725033457,-1.05207131053837,-1.05206765334891
2021-05-09 21:30:00,1530.89583333333,-24.958472127881,-0.90797397103104,-0.907970314744209
2021-05-09 22:30:00,1530.9375,-23.794213370872,-0.723149963264651,-0.723146307882597
2021-05-09 23:30:00,1530.97916666667,-23.4435630161111,-0.667934249678726,-0.667930595203595
2021-05-10 00:30:00,1531.02083333333,-22.4866939081633,-0.516147349456779,-0.516143695890713
2021-05-10 01:30:00,1531.0625,-21.0531481462963,-0.288425411255006,-0.288421758600148
2021-05-10 02:30:00,1531.10416666667,-20.5718553007421,-0.21239793641237,-0.212394284670865
2021-05-10 03:30:00,1531.14583333333,-18.8370259148148,0.0633189121350496,0.0633225629610619
2021-05-10 04:30:00,1531.1875,-19.035088852963,0.0311247395486898,0.0311283894570691
2021-05-10 05:30:00,1531.22916666667,-19.2128370403704,0.00216682896206666,0.00217047795066957
2021-05-10 09:30:00,1531.39583333333,-22.7433079395176,-0.562808613954302,-0.56280496866618
2021-05-10 10:30:00,1531.4375,-22.5551484100186,-0.533476620368498,-0.533472976010837
2021-05-10 12:00:00,1531.5,-22.4641226682156,-0.519938879813392,-0.519935236855427
2021-05-10 13:00:00,1531.54166666667,-22.284641285316,-0.491989046403242,-0.491985404381078
2021-05-10 14:00:00,1531.58333333333,-22.7786579665428,-0.57132782541102,-0.571324184326788
2021-05-10 15:00:00,1531.625,-22.6960446243494,-0.558808918804871,-0.558805278660703
2021-05-10 16:00:00,1531.66666666667,-23.0965186040892,-0.62324605665775,-0.623242417455781
2021-05-10 17:00:00,1531.70833333333,-23.4690223193309,-0.683227399914291,-0.683223761656652
2021-05-10 18:00:00,1531.75,-23.5938958754647,-0.703760970062887,-0.703757332751701
2021-05-10 19:00:00,1531.79166666667,-23.9413668173184,-0.759754350696275,-0.759750714333678
2021-05-10 20:00:00,1531.83333333333,-23.8839739908922,-0.751252531262177,-0.751248895850298
2021-05-10 21:00:00,1531.875,-24.037737863197,-0.776388012042802,-0.776384377583761
2021-05-10 22:00:00,1531.91666666667,-23.7872082042751,-0.737119131269037,-0.737115497764968
2021-05-10 23:00:00,1531.95833333333,-21.3249386710037,-0.345518394529556,-0.345514761982584
2021-05-11,1532,-19.7164508345084,-0.0899255784358285,-0.0899219468480736
2021-05-11 01:00:00,1532.04166666667,-19.3292782738404,-0.0288890444463572,-0.0288854138199496
2021-05-11 02:00:00,1532.08333333333,-20.2875918207792,-0.182189294469317,-0.18218566480638
2021-05-11 03:00:00,1532.125,-20.8425844320965,-0.271240116471334,-0.271236487773984
2021-05-11 04:00:00,1532.16666666667,-21.5544897654917,-0.385287132145591,-0.385283504415956
2021-05-11 05:00:00,1532.20833333333,-20.9536233684601,-0.290208557625376,-0.290204930865578
2021-05-11 06:00:00,1532.25,-20.6657922207792,-0.244996606283005,-0.24499298049516
2021-05-11 07:00:00,1532.29166666667,-21.7023598732839,-0.410762214171293,-0.410758589357521
2021-05-11 11:00:00,1532.45833333333,-23.5203933356215,-0.702933637049008,-0.702930016152711
2021-05-11 12:30:00,1532.52083333333,-26.2435037301115,-1.13768560686122,-1.1376819874427
2021-05-11 13:30:00,1532.5625,-26.9411189537175,-1.2494550881578,-1.24945146972711
2021-05-11 14:30:00,1532.60416666667,-28.1549504142241,-1.44345806635878,-1.44345444891803
2021-05-11 15:30:00,1532.64583333333,-28.7099683558659,-1.5325114613525,-1.53250784490381
2021-05-11 16:30:00,1532.6875,-28.1604516150558,-1.44561157293444,-1.44560795747992
2021-05-11 17:30:00,1532.72916666667,-28.2206536175047,-1.45584019651956,-1.45583658206132
2021-05-11 18:30:00,1532.77083333333,-27.976154285316,-1.41752955991577,-1.41752594645591
2021-05-11 19:30:00,1532.8125,-28.5237323289963,-1.50539729515124,-1.50539368269188
2021-05-11 20:30:00,1532.85416666667,-28.8629609061453,-1.56007469098708,-1.56007107953032
2021-05-11 21:30:00,1532.89583333333,-28.5676722439479,-1.51367291634197,-1.51366930588993
2021-05-11 22:30:00,1532.9375,-28.7182657944238,-1.5383003756625,-1.53829676621728
2021-05-11 23:30:00,1532.97916666667,-28.2929702704461,-1.471188172412,-1.4711845639757
2021-05-12 00:30:00,1533.02083333333,-26.4007360903346,-1.17039147114689,-1.17038786372162
2021-05-12 01:30:00,1533.0625,-26.9007457846011,-1.25068080647028,-1.25067720005813
2021-05-12 02:30:00,1533.10416666667,-27.6715231916512,-1.37410350948039,-1.37409990408349
2021-05-12 03:30:00,1533.14583333333,-29.0851096546468,-1.59992603168148,-1.59992242730192
2021-05-12 04:30:00,1533.1875,-28.8497402751391,-1.56306858670075,-1.56306498334062
2021-05-12 05:30:00,1533.22916666667,-28.3846617033457,-1.48961817980233,-1.48961457746375
2021-05-12 06:30:00,1533.27083333333,-27.5610741923933,-1.35905691894086,-1.35905331762591
2021-05-12 07:30:00,1533.3125,-27.4809777857143,-1.34693419821156,-1.34693059792235
2021-05-12 08:30:00,1533.35416666667,-26.629237910223,-1.21188799706164,-1.21188439780027
2021-05-12 12:30:00,1533.52083333333,-27.7472672009276,-1.39253589009217,-1.39253229496312
2021-05-12 13:30:00,1533.5625,-28.1022875896104,-1.44972683443279,-1.44972324034205
2021-05-12 14:30:00,1533.60416666667,-27.7223636372913,-1.38984049368165,-1.38983690063132
2021-05-12 15:30:00,1533.64583333333,-26.9397699595547,-1.26580845122289,-1.26580485921506
2021-05-12 16:30:00,1533.6875,-26.2085472979592,-1.14995972132412,-1.14995613036088
2021-05-12 17:30:00,1533.72916666667,-26.0702653139147,-1.12856673773442,-1.12856314781786
2021-05-12 18:30:00,1533.77083333333,-26.2167277825926,-1.15253362127198,-1.1525300324042
2021-05-12 19:30:00,1533.8125,-25.806672227037,-1.08784665785566,-1.08784307003873
2021-05-12 20:30:00,1533.85416666667,-25.7805926322222,-1.08432721105475,-1.08432362429077
2021-05-12 21:30:00,1533.89583333333,-25.3028055362963,-1.00885030788098,-1.00884672217203
2021-05-12 22:30:00,1533.9375,-23.9917537183333,-0.800633610049971,-0.800630025398143
2021-05-12 23:30:00,1533.97916666667,-23.1929629435185,-0.674020333159541,-0.674016749566921
2021-05-13 00:30:00,1534.02083333333,-23.5761985576994,-0.735704575100352,-0.735700992569023
2021-05-13 01:30:00,1534.0625,-22.0950833625926,-0.50039627088207,-0.500392689414111
2021-05-13 02:30:00,1534.10416666667,-21.720896297037,-0.441422278448936,-0.441418698046435
2021-05-13 03:30:00,1534.14583333333,-21.98672409,-0.484402979738293,-0.484399400403331
2021-05-13 04:30:00,1534.1875,-22.5000000075926,-0.566802213183637,-0.566798634918292
2021-05-13 05:30:00,1534.22916666667,-22.5856259142593,-0.581076363032472,-0.581072785838825
2021-05-13 06:30:00,1534.27083333333,-22.277364855,-0.532603906155774,-0.532600330035907
2021-05-13 07:30:00,1534.3125,-22.4495351668519,-0.560664378117439,-0.560660803073427
2021-05-13 08:30:00,1534.35416666667,-22.5492560337662,-0.577183469500591,-0.577179895534511
2021-05-13 09:30:00,1534.39583333333,-22.48023334,-0.566821458529635,-0.566817885643567
2021-05-13 10:30:00,1534.4375,-21.9680725322519,-0.485867096453368,-0.485863524649384
2021-05-13 14:00:00,1534.58333333333,-25.6703339495362,-1.07785520690348,-1.07785163890313
2021-05-13 15:00:00,1534.625,-26.8881653773234,-1.27248924226323,-1.27248567535429
2021-05-13 16:00:00,1534.66666666667,-27.3186641847866,-1.34170049390721,-1.34169692809176
2021-05-13 17:00:00,1534.70833333333,-27.041211490538,-1.29813443043277,-1.29813086571287
2021-05-13 18:00:00,1534.75,-26.7182022612245,-1.2473110430583,-1.24730747943603
2021-05-13 19:00:00,1534.79166666667,-27.8059424710575,-1.4212209138457,-1.42121735132312
2021-05-13 20:00:00,1534.83333333333,-27.4101929335807,-1.35880967180948,-1.35880611038866
2021-05-13 21:00:00,1534.875,-26.569194427037,-1.22546981453953,-1.22546625422254
2021-05-13 22:00:00,1534.91666666667,-24.9974582688312,-0.975722790560771,-0.975719231349668
2021-05-13 23:00:00,1534.95833333333,-24.1170796487037,-0.836109379521692,-0.836105821418544
2021-05-14,1535,-21.9723889401852,-0.495090012056537,-0.495086455063408
2021-05-14 01:00:00,1535.04166666667,-21.361899982963,-0.398469942356174,-0.39846638647513
2021-05-14 02:00:00,1535.08333333333,-21.7855351835185,-0.466586452087842,-0.466582897320941
2021-05-14 03:00:00,1535.125,-21.8558536568519,-0.478419216465328,-0.478415662814632
2021-05-14 04:00:00,1535.16666666667,-21.8167068918367,-0.472813951601938,-0.47281039906951
2021-05-14 05:00:00,1535.20833333333,-21.9745963168519,-0.498596553744699,-0.498593002332595
2021-05-14 06:00:00,1535.25,-22.0122907668519,-0.505231871281347,-0.505228320991626
2021-05-14 07:00:00,1535.29166666667,-22.477389580334,-0.579952869832421,-0.579949320667142
2021-05-14 08:00:00,1535.33333333333,-22.160427775,-0.530090913096041,-0.530087365057258
2021-05-14 09:00:00,1535.375,-22.1163037101852,-0.523692063234671,-0.52368851632444
2021-05-14 10:00:00,1535.41666666667,-21.9222796396296,-0.493413894852409,-0.493410349072788
2021-05-14 11:30:00,1535.47916666667,-21.8997936830855,-0.490776608852333,-0.490773064772476
2021-05-14 15:00:00,1535.625,-24.7067432378378,-0.940128840814115,-0.94012530071832
2021-05-14 15:30:00,1535.64583333333,-25.0929956595699,-1.00197372294658,-1.00197018342199
2021-05-14 16:00:00,1535.66666666667,-25.0848378621622,-1.00098873967376,-1.00098520072089
2021-05-14 16:30:00,1535.6875,-25.094913983871,-1.00290839706004,-1.00290485867939
2021-05-14 17:00:00,1535.70833333333,-24.9283648040541,-0.976691481968046,-0.976687944160138
2021-05-14 17:30:00,1535.72916666667,-24.4408537731183,-0.899345078862677,-0.899341541628019
2021-05-14 18:00:00,1535.75,-22.7256350878378,-0.626423933277947,-0.626420396617048
2021-05-14 18:30:00,1535.77083333333,-22.4181462612903,-0.577755124322951,-0.577751588236328
2021-05-14 19:00:00,1535.79166666667,-23.7470405959459,-0.789763286439409,-0.789759750927571
2021-05-14 19:30:00,1535.8125,-23.9359354735484,-0.820168684461544,-0.820165149525003
2021-05-14 20:00:00,1535.83333333333,-24.6019728959459,-0.926583194873092,-0.926579660512362
2021-05-14 20:30:00,1535.85416666667,-24.6077677582796,-0.927820557640446,-0.927817023856035
2021-05-14 21:00:00,1535.875,-24.0636080905405,-0.841449734713972,-0.841446201506388
2021-05-14 21:30:00,1535.89583333333,-24.2186201437768,-0.866457430486414,-0.866453897856174
2021-05-14 22:00:00,1535.91666666667,-22.6498648418919,-0.616867718633316,-0.616864186580929
2021-05-14 22:30:00,1535.9375,-22.9147032326882,-0.659370756163193,-0.659367224689169
2021-05-14 23:00:00,1535.95833333333,-20.8709729445946,-0.334117117204387,-0.334113586309238
2021-05-14 23:30:00,1535.97916666667,-20.2658025594421,-0.238027062546559,-0.238023532230795
2021-05-15,1536,-18.9639594864865,-0.0309565145803321,-0.0309529848444651
2021-05-15 00:30:00,1536.02083333333,-18.7330321899142,0.00551642124912433,0.00551995040458975
2021-05-15 01:00:00,1536.04166666667,-19.1111352486486,-0.0550295773715003,-0.0550260487969496
2021-05-15 01:30:00,1536.0625,-18.9533561635193,-0.0302091311154672,-0.0302056031223445
2021-05-15 02:00:00,1536.08333333333,-19.4679458716216,-0.112497477652874,-0.112493950241686
2021-05-15 02:30:00,1536.10416666667,-19.3295622675966,-0.0907666724541062,-0.0907631456253627
2021-05-15 03:00:00,1536.125,-19.6262432256757,-0.138341926369149,-0.138338400123363
2021-05-15 03:30:00,1536.14583333333,-19.4750858665236,-0.114576179746479,-0.114572654084154
2021-05-15 04:00:00,1536.16666666667,-19.6998379445946,-0.150693038490787,-0.150689513412436
2021-05-15 04:30:00,1536.1875,-19.5248991706009,-0.123138822224711,-0.123135297730845
2021-05-15 05:00:00,1536.20833333333,-20.5209594148649,-0.28212554968477,-0.282122025775896
2021-05-15 05:30:00,1536.22916666667,-20.4407703881974,-0.269664962451714,-0.269661439128341
2021-05-15 06:00:00,1536.25,-20.1570810310811,-0.224786590381268,-0.224783067643908
2021-05-15 06:30:00,1536.27083333333,-20.0692961577253,-0.211115905756442,-0.211112383605599
2021-05-15 07:00:00,1536.29166666667,-20.2395810297297,-0.238555879134001,-0.238552357570186
2021-05-15 07:30:00,1536.3125,-20.1350536620172,-0.22221802944686,-0.222214508470584
2021-05-15 08:00:00,1536.33333333333,-20.5913513594595,-0.295219976477667,-0.295216456089436
2021-05-15 08:30:00,1536.35416666667,-20.1318240755365,-0.222330312543368,-0.222326792743691
2021-05-15 09:00:00,1536.375,-21.3642162635135,-0.418964592535121,-0.418961073324509
2021-05-15 09:30:00,1536.39583333333,-21.0627424899142,-0.371252891674107,-0.371249373053062
2021-05-15 10:30:00,1536.4375,-20.9358334095238,-0.351662646574475,-0.351659129134097
2021-05-15 11:00:00,1536.45833333333,-20.5117555235683,-0.284419911597283,-0.284416394747999
2021-05-15 11:30:00,1536.47916666667,-22.1136428059524,-0.539914838501517,-0.539911322243835
2021-05-15 12:00:00,1536.5,-22.743863457489,-0.640622539491877,-0.640619023826308
2021-05-15 12:30:00,1536.52083333333,-23.80153565,-0.809423539126582,-0.809420024053626
2021-05-15 13:00:00,1536.54166666667,-23.9992423127753,-0.841231377997364,-0.841227863517536
2021-05-15 16:30:00,1536.6875,-25.2788467062044,-1.04726340698796,-1.0472598966742
2021-05-15 17:00:00,1536.70833333333,-25.3457584796226,-1.05823522639162,-1.05823171667504
2021-05-15 17:30:00,1536.72916666667,-24.102025570438,-0.860420373557885,-0.860416864438995
2021-05-15 18:00:00,1536.75,-23.9108414807547,-0.830277262098907,-0.830273753578212
2021-05-15 18:30:00,1536.77083333333,-23.8090337247191,-0.814371826683288,-0.814368318761288
2021-05-15 19:00:00,1536.79166666667,-24.146913165283,-0.868508838075688,-0.868505330752896
2021-05-15 19:30:00,1536.8125,-23.8137153010949,-0.815742717404672,-0.815739210681589
2021-05-15 20:00:00,1536.83333333333,-23.5456022363636,-0.7733446139012,-0.773341107778333
2021-05-15 20:30:00,1536.85416666667,-23.8567226229927,-0.823218775190467,-0.823215269668322
2021-05-15 21:00:00,1536.875,-23.7586717411321,-0.80791162303403,-0.807908118113115
2021-05-15 21:30:00,1536.89583333333,-23.5704817364964,-0.778245206188538,-0.778241701869353
2021-05-15 22:00:00,1536.91666666667,-23.0943910052632,-0.702715959802225,-0.702712456085282
2021-05-15 22:30:00,1536.9375,-21.1743649744526,-0.39716675024273,-0.397163247128529
2021-05-15 23:00:00,1536.95833333333,-20.5357143161654,-0.295741515076272,-0.295738012565319
2021-05-15 23:30:00,1536.97916666667,-19.6321751937956,-0.152119320112387,-0.152115818205188
2021-05-16,1537,-19.3718487239024,-0.110961322119062,-0.110957820816124
2021-05-16 00:30:00,1537.02083333333,-19.2380327726277,-0.0899565018910497,-0.0899530011928712
2021-05-16 01:00:00,1537.04166666667,-19.1127442887218,-0.0703100750121767,-0.0703065749192688
2021-05-16 01:30:00,1537.0625,-19.1057518664234,-0.0695082569465482,-0.0695047574594121
2021-05-16 02:00:00,1537.08333333333,-19.0500867803774,-0.0609528103872545,-0.0609493115063947
2021-05-16 02:30:00,1537.10416666667,-18.8540145784672,-0.0300303715176139,-0.0300268732435347
2021-05-16 03:00:00,1537.125,-18.8391954834586,-0.027981643646475,-0.0279781459796836
2021-05-16 03:30:00,1537.14583333333,-18.7944525164234,-0.0211659830809884,-0.0211624860219826
2021-05-16 04:00:00,1537.16666666667,-18.7973082488722,-0.0219327908214484,-0.0219292943707383
2021-05-16 04:30:00,1537.1875,-18.5703759131387,0.0139058434854598,0.0139093393273735
2021-05-16 05:00:00,1537.20833333333,-18.544390956015,0.0177334553968145,0.0177369506294281
2021-05-16 05:30:00,1537.22916666667,-18.1766752113139,0.0759990646306399,0.07600255925345
2021-05-16 06:00:00,1537.25,-17.8773684409774,0.123367114058721,0.123370608071221
2021-05-16 06:30:00,1537.27083333333,-18.2277847226277,0.0672338557415422,0.0672373491432347
2021-05-16 07:00:00,1537.29166666667,-18.210484956015,0.0696780654632895,0.0696815582536652
2021-05-16 07:30:00,1537.3125,-18.8870438113139,-0.0384098603091185,-0.0384063681305594
2021-05-16 08:00:00,1537.33333333333,-18.7946264071698,-0.0239992795762177,-0.0239957880099783
2021-05-16 08:30:00,1537.35416666667,-18.4631094562044,0.02850006872482,0.0285035596782369
2021-05-16 09:00:00,1537.375,-18.4460038011278,0.0309135118446527,0.0309170021847414
2021-05-16 10:00:00,1537.41666666667,-18.3356408538732,0.0478715252611035,0.0478750143730339
2021-05-16 10:30:00,1537.4375,-17.8303503409449,0.128053282147137,0.128056770644235
2021-05-16 11:00:00,1537.45833333333,-16.2360175373239,0.38172029327919,0.381723781160953
2021-05-16 11:30:00,1537.47916666667,-15.8184527354331,0.44792735993824,0.447930847204166
2021-05-16 12:00:00,1537.5,-14.6629647926056,0.631686149452971,0.631689636102554
2021-05-16 12:30:00,1537.52083333333,-14.9520196858268,0.585328272112408,0.58533175814515
2021-05-16 13:00:00,1537.54166666667,-18.6242711165493,2.48079292088921e-05,2.82933446081879e-05
2021-05-16 13:30:00,1537.5625,-19.2136890027559,-0.0941810302866693,-0.0941775454891144
2021-05-16 14:00:00,1537.58333333333,-20.3784718450704,-0.280042877838425,-0.280039393659216
2021-05-16 14:30:00,1537.60416666667,-20.4169960818182,-0.286490885310346,-0.286487401749985
2021-05-16 18:00:00,1537.75,-21.8203734746781,-0.51222628421598,-0.512222805001588
2021-05-16 18:30:00,1537.77083333333,-21.9015857171429,-0.525474205070326,-0.525470726478788
2021-05-16 19:00:00,1537.79166666667,-22.6219017017094,-0.640531769019453,-0.64052829105127
2021-05-16 19:30:00,1537.8125,-22.7806858314286,-0.66613686744049,-0.666133390096162
2021-05-16 20:00:00,1537.83333333333,-20.0006311309168,-0.223582800262253,-0.22357932354228
2021-05-16 20:30:00,1537.85416666667,-19.7515429128571,-0.184213462545554,-0.184209986450437
2021-05-16 21:00:00,1537.875,-12.8879573289979,0.908850072236955,0.908853547706714
2021-05-16 21:30:00,1537.89583333333,-12.8535856914286,0.914014985067711,0.914018459911615
2021-05-16 22:00:00,1537.91666666667,-13.3633070530917,0.832505534277455,0.832509008495004
2021-05-16 22:30:00,1537.9375,-13.1270429071429,0.869832147952351,0.869835621543043
2021-05-16 23:00:00,1537.95833333333,-12.1852665353945,1.01954740341672,1.01955087638006
2021-05-16 23:30:00,1537.97916666667,-12.0403428342857,1.04232349909909,1.04232697143458
2021-05-17,1538,-11.7656119179104,1.08577801706675,1.08578148877388
2021-05-17 00:30:00,1538.02083333333,-11.7736478873239,1.08418760823075,1.08419107930904
2021-05-17 01:00:00,1538.04166666667,-13.1845693123667,0.859116584004728,0.859120054453661
2021-05-17 01:30:00,1538.0625,-13.1294647971831,0.867584579947723,0.867588049766804
2021-05-17 02:00:00,1538.08333333333,-13.8981812347548,0.744817349694693,0.74482081888343
2021-05-17 02:30:00,1538.10416666667,-13.9135713728571,0.742055577613556,0.742059046171447
2021-05-17 03:00:00,1538.125,-14.3543048884861,0.671536341906837,0.67153980983338
2021-05-17 03:30:00,1538.14583333333,-14.3145774605634,0.677554918260911,0.677558385555612
2021-05-17 04:00:00,1538.16666666667,-14.7281428667377,0.611363662664092,0.611367129326452
2021-05-17 04:30:00,1538.1875,-14.7789285871429,0.602963510746343,0.602966976775861
2021-05-17 05:00:00,1538.20833333333,-14.9109658914712,0.581619963975154,0.581623429371338
2021-05-17 05:30:00,1538.22916666667,-14.8230704577465,0.595311900111008,0.595315364873357
2021-05-17 06:00:00,1538.25,-15.1502153584222,0.542887654992328,0.542891119120342
2021-05-17 06:30:00,1538.27083333333,-15.064309815493,0.556262681358863,0.556266144852047
2021-05-17 07:00:00,1538.29166666667,-15.3338008674518,0.513022816876642,0.513026279734498
2021-05-17 07:30:00,1538.3125,-15.2732535042254,0.522358348510417,0.522361810732445
2021-05-17 08:00:00,1538.33333333333,-15.2528528852878,0.525298515856745,0.525301977442454
2021-05-17 08:30:00,1538.35416666667,-15.1748169422535,0.537420072325342,0.537423533274231
2021-05-17 09:30:00,1538.39583333333,-15.3909113862869,0.502376945501888,0.502380405175645
2021-05-17 10:00:00,1538.41666666667,-15.3257384338462,0.51244954103535,0.512453000070798
2021-05-17 10:30:00,1538.4375,-15.0532278533755,0.555551209845561,0.555554668242199
2021-05-17 11:00:00,1538.45833333333,-14.9036461753846,0.579070257649387,0.579073715406725
2021-05-17 11:30:00,1538.47916666667,-14.8569092881857,0.586206097830653,0.586209554948188
2021-05-17 12:00:00,1538.5,-14.77826152,0.598425405241538,0.598428861718778
2021-05-17 12:30:00,1538.52083333333,-17.6437911805907,0.141635185427038,0.141638641263486
2021-05-17 13:00:00,1538.54166666667,-18.3518769784615,0.0285273558434284,0.0285308110385887
2021-05-17 13:30:00,1538.5625,-18.7265053145877,-0.0314604205880324,-0.0314569660346588
2021-05-17 14:00:00,1538.58333333333,-19.3209539230769,-0.12646568225019,-0.126462228339092
2021-05-17 14:30:00,1538.60416666667,-19.0024394832272,-0.0760352366147627,-0.0760317833464437
2021-05-17 15:00:00,1538.625,-18.8529091212121,-0.0525240340141901,-0.0525205813891418
2021-05-17 15:30:00,1538.64583333333,-18.5422085246809,-0.00333825651911823,-0.00333480453783602
2021-05-17 16:00:00,1538.66666666667,-18.8080006,-0.0459881322171439,-0.0459846808801231
2021-05-17 19:30:00,1538.8125,-18.8846523968401,-0.060360712792865,-0.0603572659795379
2021-05-17 20:30:00,1538.85416666667,-18.9158606120818,-0.0659495130739068,-0.0659460675575125
2021-05-17 21:30:00,1538.89583333333,-17.1578311410019,0.213488695876343,0.213492140093828
2021-05-17 22:30:00,1538.9375,-16.2410018458256,0.358923283178416,0.358926726095014
2021-05-17 23:30:00,1538.97916666667,-15.3367977738404,0.502346831225594,0.502350272839333
2021-05-18 00:30:00,1539.02083333333,-15.5180836429368,0.472851224091846,0.472854664400753
2021-05-18 01:30:00,1539.0625,-16.1249870044527,0.375554614718013,0.375558053720113
2021-05-18 04:30:00,1539.1875,-16.2877560588454,0.347776991368403,0.347780426438262
2021-05-18 05:30:00,1539.22916666667,-16.4124953612663,0.327290138143653,0.327293571898828
2021-05-18 06:30:00,1539.27083333333,-16.386351935568,0.330839181364121,0.330842613802645
2021-05-18 07:30:00,1539.3125,-16.3638982516008,0.333800616438744,0.333804047558647
2021-05-18 09:00:00,1539.375,-16.2049273707457,0.358201932214941,0.358205361353233
2021-05-18 10:00:00,1539.41666666667,-16.0677388348881,0.379441138438519,0.379444566253281
2021-05-18 11:00:00,1539.45833333333,-15.6745065263551,0.44146847207394,0.441471898563206
2021-05-18 12:00:00,1539.5,-17.0123320860075,0.227737222039888,0.2277406472017
2021-05-18 13:00:00,1539.54166666667,-17.3049345857944,0.180510924454526,0.180514348286921
2021-05-18 14:00:00,1539.58333333333,-17.4445366095685,0.157657884431956,0.157661306932973
2021-05-18 15:00:00,1539.625,-17.8179476347664,0.0975590761125389,0.0975624972802216
2021-05-18 16:00:00,1539.66666666667,-17.6674701386194,0.120916256648186,0.120919676480576
2021-05-18 17:00:00,1539.70833333333,-18.3366598125234,0.013700044592913,0.0137034630880505
2021-05-18 21:00:00,1539.875,-18.377679701676,0.00471201148845191,0.0047154246150351
2021-05-18 22:00:00,1539.91666666667,-17.5191022098513,0.140871072125002,0.140874483904569
2021-05-18 23:00:00,1539.95833333333,-11.5169944068901,1.0963983621847,1.09640177261529
2021-05-19,1540,-10.5316975819109,1.25274425392011,1.25274766299978
2021-05-19 01:00:00,1540.04166666667,-10.2013234366729,1.30476067061413,1.30476407834093
2021-05-19 02:00:00,1540.08333333333,-10.8973710411874,1.19326754525014,1.19327095162212
2021-05-19 03:00:00,1540.125,-11.8164739799257,1.04624172223113,1.04624512724635
2021-05-19 04:00:00,1540.16666666667,-12.6085703725926,0.919448309560476,0.919451713216983
2021-05-19 05:00:00,1540.20833333333,-12.995450825974,0.857206262702757,0.857209664998606
2021-05-19 06:00:00,1540.25,-13.5637075908482,0.766071017236431,0.766074418169677
2021-05-19 07:00:00,1540.29166666667,-13.6807574031481,0.746813539492709,0.746816939061415
2021-05-19 08:00:00,1540.33333333333,-13.9275981607407,0.706880449466589,0.706883847668808
2021-05-19 09:00:00,1540.375,-14.1641092311111,0.668593064362826,0.668596461196617
2021-05-19 10:00:00,1540.41666666667,-14.34998518,0.638372068974951,0.638375464438376
2021-05-19 11:00:00,1540.45833333333,-13.4197166605556,0.785953863995723,0.785957258086844
2021-05-19 12:00:00,1540.5,-14.9185370390741,0.546580241019716,0.546583633736592
2021-05-19 13:00:00,1540.54166666667,-17.460987022037,0.140955855883668,0.140959247224366
2021-05-19 14:00:00,1540.58333333333,-18.2530962838889,0.0141621783670238,0.0141655683296061
2021-05-19 15:00:00,1540.625,-20.065918393321,-0.275231604939038,-0.275228216356509
2021-05-19 16:00:00,1540.66666666667,-20.8371648225926,-0.398701457515964,-0.398698070315418
2021-05-19 17:00:00,1540.70833333333,-20.91202965,-0.411237042403657,-0.411233656587027
2021-05-19 18:00:00,1540.75,-20.6797684718519,-0.374847053948556,-0.374843669517778
2021-05-19 19:00:00,1540.79166666667,-20.1927690895038,-0.297876906031125,-0.297873522988125
2021-05-19 22:30:00,1540.9375,-17.993304264564,0.0503686401490688,0.0503720183196496
2021-05-20,1541,-16.4252679009238,0.299245450420928,0.299248826496102
2021-05-20 01:00:00,1541.04166666667,-16.5119016528757,0.284836525639293,0.284839900315125
2021-05-20 02:00:00,1541.08333333333,-16.2683246369202,0.323030595836351,0.323033969110917
2021-05-20 03:00:00,1541.125,-15.5495762011152,0.436919996768676,0.436923368640051
2021-05-20 04:00:00,1541.16666666667,-15.6309257825603,0.423353396094667,0.423356766560932
2021-05-20 05:00:00,1541.20833333333,-16.7465249979592,0.245030274257307,0.245033643316542
2021-05-20 06:00:00,1541.25,-16.8984470957328,0.220221790837427,0.220225158487709
2021-05-20 07:00:00,1541.29166666667,-16.6321463101852,0.262036696833386,0.2620400630728
2021-05-20 08:00:00,1541.33333333333,-17.032827772963,0.197601039584168,0.197604404410796
2021-05-20 09:00:00,1541.375,-16.9317407996296,0.213097638635103,0.213101002047026
2021-05-20 10:00:00,1541.41666666667,-17.0400947717472,0.195230331575383,0.195233693570689
2021-05-20 11:00:00,1541.45833333333,-16.0563907492593,0.351328829934096,0.35133219051087
2021-05-20 12:00:00,1541.5,-17.9620296235185,0.0471531268714021,0.0471564860277285
2021-05-20 13:00:00,1541.54166666667,-21.5908606063197,-0.531528123395194,-0.531524765661224
2021-05-20 14:00:00,1541.58333333333,-20.6367610635185,-0.380145078503038,-0.380141722193337
2021-05-20 15:00:00,1541.625,-20.8261185374074,-0.41091536577591,-0.410912010892391
2021-05-20 16:00:00,1541.66666666667,-19.6954879198516,-0.231410418769313,-0.231407065313881
2021-05-20 17:00:00,1541.70833333333,-19.2040036878277,-0.153721759376853,-0.153718407351417
2021-05-20 18:00:00,1541.75,-18.8552444442593,-0.0987691039853225,-0.0987657533917929
2021-05-20 19:00:00,1541.79166666667,-18.6892925881481,-0.0729376070889102,-0.0729342579291895
2021-05-20 20:00:00,1541.83333333333,-18.6416481611111,-0.0659523789146701,-0.0659490311906633
2021-05-21,1542,-16.5485055524164,0.265070380964742,0.265073722926858
2021-05-21 01:00:00,1542.04166666667,-16.5951002335807,0.257044202871018,0.257047543387911
2021-05-21 02:00:00,1542.08333333333,-16.7023750416667,0.239351828327228,0.239355167397
2021-05-21 03:00:00,1542.125,-16.6497458588126,0.247132465250107,0.247135802870856
2021-05-21 04:00:00,1542.16666666667,-16.9304174313544,0.201818245407432,0.201821581577265
2021-05-21 05:00:00,1542.20833333333,-16.941409285,0.19946438956039,0.199467724277411
2021-05-21 06:00:00,1542.25,-17.1545648118519,0.16490590847089,0.164909241733203
2021-05-21 07:00:00,1542.29166666667,-17.6930462364815,0.0785229720604538,0.0785263038661667
2021-05-21 08:00:00,1542.33333333333,-17.7542407305556,0.0681723777484536,0.0681757080956745
2021-05-21 09:00:00,1542.375,-16.7719648268519,0.224047556773707,0.224050885660542
2021-05-21 10:00:00,1542.41666666667,-16.7172999905556,0.23215382348184,0.232157150906401
2021-05-21 11:00:00,1542.45833333333,-16.5232203464815,0.262469162608266,0.262472488568664
2021-05-21 12:00:00,1542.5,-16.9263079647495,0.197655524320616,0.197658848814961
2021-05-21 13:00:00,1542.54166666667,-17.2743629425926,0.141608819508137,0.141612142534543
2021-05-21 14:00:00,1542.58333333333,-17.1966852068519,0.153381835040169,0.153385156596751
2021-05-21 15:00:00,1542.625,-16.7678685314815,0.221091729728236,0.221095049813106
2021-05-21 16:00:00,1542.66666666667,-16.564474087037,0.252891897393216,0.252895216004494
2021-05-21 17:00:00,1542.70833333333,-16.3362444101852,0.288648531089149,0.28865184822495
2021-05-21 18:00:00,1542.75,-15.8663296537037,0.362905966749867,0.362909282408307
2021-05-21 19:00:00,1542.79166666667,-15.8354129753704,0.367230891224583,0.367234205403785
2021-05-21 20:00:00,1542.83333333333,-15.68718889,0.390243166153756,0.39024647885184
2021-05-21 21:00:00,1542.875,-15.5810481440741,0.406551732027714,0.406555043242798
2021-05-21 22:00:00,1542.91666666667,-14.5453881466539,0.570933576209656,0.570936885939866
2021-05-22 01:30:00,1543.0625,-14.8503339398887,0.520258684337115,0.520261988855488
2021-05-22 02:30:00,1543.10416666667,-14.606022310223,0.558579059676075,0.558582362701139
2021-05-22 03:30:00,1543.14583333333,-14.8019684656772,0.526766254220017,0.526769555749899
2021-05-22 04:30:00,1543.1875,-14.8242189111317,0.522623498786887,0.522626798819713
2021-05-22 05:30:00,1543.22916666667,-14.9925157736549,0.495215644349755,0.495218942883659
2021-05-22 06:30:00,1543.27083333333,-14.9114155916512,0.507537117236192,0.507540414269306
2021-05-22 07:30:00,1543.3125,-14.6564526755102,0.547555248129757,0.54755854366021
2021-05-22 08:30:00,1543.35416666667,-14.4698777738889,0.576679319960439,0.576682613986368
2021-05-22 09:30:00,1543.39583333333,-14.0233888794444,0.64720807741294,0.647211369932479
2021-05-22 10:30:00,1543.4375,-13.6564407418519,0.705066136591518,0.7050694276028
2021-05-22 11:30:00,1543.47916666667,-13.8419684953704,0.674914592949559,0.674917882450725
2021-05-22 12:30:00,1543.52083333333,-13.835059486803,0.675418564771086,0.675421852760273
2021-05-22 13:30:00,1543.5625,-13.9996111168519,0.648608936384431,0.648612222859776
2021-05-22 14:30:00,1543.60416666667,-13.5548036938889,0.718870842955119,0.718874127914764
2021-05-22 15:30:00,1543.64583333333,-13.3609074144444,0.749162627721895,0.749165911163982
2021-05-22 16:30:00,1543.6875,-13.3294648362963,0.753575624748955,0.753578906671623
2021-05-22 17:30:00,1543.72916666667,-12.9973666764815,0.805883474061396,0.805886754462791
2021-05-22 18:30:00,1543.77083333333,-12.6541500205556,0.859962711328838,0.859965990207106
2021-05-22 19:30:00,1543.8125,-12.3198388903704,0.912623495866004,0.912626773219286
2021-05-22 20:30:00,1543.85416666667,-12.5237425803704,0.879546479122125,0.879549754948571
2021-05-22 21:30:00,1543.89583333333,-12.313277775,0.912478864298038,0.912482138595796
2021-05-22 23:00:00,1543.95833333333,-11.8662764282004,0.982794669289323,0.982797941290575
2021-05-23 03:00:00,1544.125,-11.1491410018553,1.09465890516265,1.09466217101956
2021-05-23 04:00:00,1544.16666666667,-11.3118608430427,1.06814404610081,1.06814731041701
2021-05-23 05:00:00,1544.20833333333,-11.0659554792208,1.10672368098431,1.10672694375796
2021-05-23 06:00:00,1544.25,-11.9741762615955,0.961450403108733,0.961453664337997
2021-05-23 07:00:00,1544.29166666667,-12.1943966441341,0.925776287967449,0.925779547650483
2021-05-23 08:00:00,1544.33333333333,-12.6664645544776,0.849982889364324,0.849986147499286
2021-05-23 09:00:00,1544.375,-12.665774561657,0.849500370568373,0.849503627153422
2021-05-23 10:00:00,1544.41666666667,-12.9976851933333,0.796034542907838,0.796037797941137
2021-05-23 11:00:00,1544.45833333333,-13.3335796357407,0.741934299952874,0.741937553432585
2021-05-23 12:00:00,1544.5,-14.6468977663569,0.532129973892555,0.53213322581684
2021-05-23 13:00:00,1544.54166666667,-15.7974629792593,0.348252513138006,0.348255763505031
2021-05-23 14:00:00,1544.58333333333,-15.2651836693878,0.432453596954783,0.432456845762715
2021-05-23 15:00:00,1544.625,-15.4025669130112,0.409977167265835,0.409980414512838
2021-05-23 16:00:00,1544.66666666667,-15.0881963203704,0.459465656640835,0.45946890232508
2021-05-23 17:00:00,1544.70833333333,-15.2111740733333,0.439284452447875,0.43928769656753
2021-05-23 18:00:00,1544.75,-14.5515844165121,0.543767006589774,0.543770249143007
2021-05-23 19:00:00,1544.79166666667,-14.4325481242593,0.562139234496577,0.562142475481562
2021-05-23 20:00:00,1544.83333333333,-14.2073382801115,0.597425196422593,0.597428435837502
2021-05-23 21:00:00,1544.875,-14.0910834840445,0.615354752960546,0.61535799080355
2021-05-23 22:30:00,1544.9375,-16.7533537856611,0.190368715564254,0.190371951045982
2021-05-23 23:30:00,1544.97916666667,-18.4854149452214,-0.0861392500560565,-0.0861360161507917
2021-05-24 00:30:00,1545.02083333333,-19.2652589797732,-0.210958134506565,-0.210954902179586
2021-05-24 04:00:00,1545.16666666667,-20.2241297111111,-0.365767351548703,-0.36576412476007
2021-05-24 04:30:00,1545.1875,-19.9690453490722,-0.325426362974368,-0.325423136978745
2021-05-24 05:00:00,1545.20833333333,-20.6760370444444,-0.43834472430729,-0.438341499105132
2021-05-24 05:30:00,1545.22916666667,-20.2101772806186,-0.364426956468536,-0.364423732060296
2021-05-24 06:00:00,1545.25,-20.8904259,-0.473085019472697,-0.473081795858832
2021-05-24 06:30:00,1545.27083333333,-21.1165892219917,-0.50940691644498,-0.509403693625943
2021-05-24 07:00:00,1545.29166666667,-21.8288148,-0.623158824446395,-0.623155602422638
2021-05-24 07:30:00,1545.3125,-21.3297731820619,-0.543954948808969,-0.543951727580945
2021-05-24 08:00:00,1545.33333333333,-21.5581482148148,-0.580629011671763,-0.580625791239927
2021-05-24 08:30:00,1545.35416666667,-21.3328309503093,-0.545029513553857,-0.545026293918661
2021-05-24 09:00:00,1545.375,-21.1616482907407,-0.518053642836569,-0.518050423998469
2021-05-24 09:30:00,1545.39583333333,-20.6752969319588,-0.440871119222512,-0.440867901181959
2021-05-24 10:00:00,1545.41666666667,-21.1280185203704,-0.513283533243217,-0.513280316000663
2021-05-24 10:30:00,1545.4375,-20.5126830831276,-0.415553645866526,-0.415550429422424
2021-05-24 11:00:00,1545.45833333333,-21.0582830301887,-0.502761540826631,-0.502758325181434
2021-05-24 11:30:00,1545.47916666667,-20.6435222477723,-0.436983231256301,-0.436980016410462
2021-05-24 12:00:00,1545.5,-20.4265740722222,-0.402716557242316,-0.402713343196289
2021-05-24 12:30:00,1545.52083333333,-20.742006226749,-0.453258396140798,-0.453255182895033
2021-05-24 13:00:00,1545.54166666667,-21.6487963203704,-0.598003923176852,-0.598000710731801
2021-05-24 13:30:00,1545.5625,-22.0990473339506,-0.670022394324368,-0.670019182680483
2021-05-24 14:00:00,1545.58333333333,-20.6396481907407,-0.43783217660868,-0.437828965766413
2021-05-24 14:30:00,1545.60416666667,-20.6129053257202,-0.433865073537795,-0.433861863497597
2021-05-24 15:00:00,1545.625,-20.9332222740741,-0.485184792448439,-0.485181583210764
2021-05-24 15:30:00,1545.64583333333,-20.1013888631687,-0.352966081448538,-0.352962873013835
2021-05-24 16:00:00,1545.66666666667,-20.2790556314815,-0.381561416022124,-0.381558208390844
2021-05-24 16:30:00,1545.6875,-19.7578721907216,-0.298829358468619,-0.298826151641216
2021-05-24 17:00:00,1545.70833333333,-20.1422592462963,-0.360355273660703,-0.360352067637623
2021-05-24 17:30:00,1545.72916666667,-20.0688786609054,-0.348958422030776,-0.348955216812471
2021-05-24 18:00:00,1545.75,-20.4941482907407,-0.416996851500538,-0.416993647087464
2021-05-24 18:30:00,1545.77083333333,-20.2933930218107,-0.385309012667022,-0.385305809059625
2021-05-24 19:00:00,1545.79166666667,-20.3093148333333,-0.388137932987384,-0.388134730186114
2021-05-24 19:30:00,1545.8125,-20.0750679166667,-0.351114741493631,-0.351111539498942
2021-05-24 20:00:00,1545.83333333333,-20.1111852518519,-0.357160713848133,-0.357157512660469
2021-05-24 20:30:00,1545.85416666667,-19.9605144255144,-0.333451143876162,-0.333447943495975
2021-05-24 21:30:00,1545.89583333333,-18.8216562609375,-0.15261486079214,-0.152611662028261
2021-05-24 22:00:00,1545.91666666667,-18.8562021002105,-0.158410273640699,-0.158407075685647
2021-05-24 22:30:00,1545.9375,-18.49678123125,-0.101446453469465,-0.101443256323692
2021-05-24 23:00:00,1545.95833333333,-18.2736884296842,-0.0661997369537877,-0.0661965406177368
2021-05-24 23:30:00,1545.97916666667,-18.5372031328125,-0.108469888732065,-0.108466693206189
2021-05-25,1546,-18.2666738937198,-0.0656664039031116,-0.0656632091878613
2021-05-25 00:30:00,1546.02083333333,-18.5589682904762,-0.112521071451187,-0.112517877547009
2021-05-25 01:00:00,1546.04166666667,-18.7010253255274,-0.135442764866362,-0.135439571773705
2021-05-25 01:30:00,1546.0625,-18.9030000859375,-0.167909339659847,-0.167906147379162
2021-05-25 02:00:00,1546.08333333333,-19.2329767917895,-0.220766660707337,-0.220763469239067
2021-05-25 05:30:00,1546.22916666667,-19.4447519952756,-0.256543627272201,-0.256540441503404
2021-05-25 06:00:00,1546.25,-19.324105975265,-0.237615983710324,-0.237612798757527
2021-05-25 06:30:00,1546.27083333333,-18.9444330846457,-0.177425119093732,-0.177421934957382
2021-05-25 07:00:00,1546.29166666667,-18.8581894785965,-0.163977693697087,-0.163974510377631
2021-05-25 07:30:00,1546.3125,-18.6004347509881,-0.123208368534431,-0.123205186032319
2021-05-25 08:00:00,1546.33333333333,-18.5313345161972,-0.112491783317489,-0.112488601633162
2021-05-25 08:30:00,1546.35416666667,-18.15758265,-0.0532439198975209,-0.0532407390314303
2021-05-25 09:00:00,1546.375,-18.1252405680451,-0.0483828234333787,-0.0483796433859685
2021-05-25 09:30:00,1546.39583333333,-17.8262913086614,-0.00105095739721461,-0.00104777816893109
2021-05-25 10:00:00,1546.41666666667,-17.5875493295775,0.0366899015864168,0.0366930799951276
2021-05-25 10:30:00,1546.4375,-17.4482588956175,0.0585881141239848,0.0585912917126737
2021-05-25 11:00:00,1546.45833333333,-17.3013895129825,0.0816937144001816,0.0816968911684089
2021-05-25 11:30:00,1546.47916666667,-17.2890787692913,0.0833640831712856,0.0833672591185997
2021-05-25 12:00:00,1546.5,-17.2886783304196,0.0831371877466677,0.0831403628726258
2021-05-25 12:30:00,1546.52083333333,-17.2284448866142,0.0924417886758628,0.0924449629800196
2021-05-25 13:00:00,1546.54166666667,-17.0622069996491,0.11863302910015,0.11863620258206
2021-05-25 13:30:00,1546.5625,-17.0854921547244,0.114633169476918,0.114636342136133
2021-05-25 14:00:00,1546.58333333333,-16.9580139618881,0.134650074935536,0.134653246771618
2021-05-25 14:30:00,1546.60416666667,-16.9206732346457,0.140308073771074,0.140311244783571
2021-05-25 15:00:00,1546.625,-16.8196876985965,0.156104792227586,0.156107962416057
2021-05-25 15:30:00,1546.64583333333,-16.6493557454545,0.182948500616626,0.182951669980626
2021-05-25 16:00:00,1546.66666666667,-16.7392761863636,0.168333872824763,0.168337041363848
2021-05-25 16:30:00,1546.6875,-16.6286600889328,0.185664915104621,0.185668082818343
2021-05-25 17:00:00,1546.70833333333,-16.5855087954386,0.192248822151633,0.192251989039552
2021-05-25 17:30:00,1546.72916666667,-16.3207559370079,0.234134073134794,0.234137239196466
2021-05-25 18:00:00,1546.75,-16.1932097405594,0.254162261134466,0.254165426369446
2021-05-25 18:30:00,1546.77083333333,-16.19464285,0.253644009892762,0.253647174300604
2021-05-25 19:00:00,1546.79166666667,-16.1182886992958,0.265517381173921,0.265520544754187
2021-05-25 19:30:00,1546.8125,-15.8077795338583,0.31469187006347,0.314695032815712
2021-05-25 20:00:00,1546.83333333333,-15.6404842161404,0.341052347137325,0.341055509061101
2021-05-25 21:00:00,1546.875,-15.6061856200758,0.345936734374553,0.345939894640068
2021-05-25 21:30:00,1546.89583333333,-15.4390654676364,0.372269477122411,0.372272636558129
2021-05-25 22:00:00,1546.91666666667,-15.3133446912879,0.392007326291354,0.392010484896838
2021-05-25 22:30:00,1546.9375,-15.3381678762774,0.387763471492676,0.387766629267477
2021-05-25 23:00:00,1546.95833333333,-15.1268825863636,0.421131922163248,0.421135079106927
2021-05-25 23:30:00,1546.97916666667,-15.0543854461818,0.432391378129968,0.432394534242083
2021-05-26,1547,-14.836693157197,0.466780581824617,0.466783737104725
2021-05-26 00:30:00,1547.02083333333,-14.8155709,0.469856095786503,0.469859250234161
2021-05-26 01:00:00,1547.04166666667,-14.6304053087121,0.49906388693587,0.49906704055064
2021-05-26 01:30:00,1547.0625,-14.5481636494545,0.511875879038692,0.511879031820128
2021-05-26 02:00:00,1547.08333333333,-14.4737878757576,0.52343488686423,0.523438038811889
2021-05-26 02:30:00,1547.10416666667,-14.4162326978182,0.532314418715983,0.53231756982943
2021-05-26 03:00:00,1547.125,-14.3268901462121,0.546257758896233,0.546260909175023
2021-05-26 03:30:00,1547.14583333333,-14.2415600109091,0.559561975316801,0.559565124760491
2021-05-26 07:00:00,1547.29166666667,-13.8099383103524,0.626298674681157,0.626301818266826
2021-05-26 07:30:00,1547.3125,-13.8005176752941,0.62751091099711,0.627514053744155
2021-05-26 08:00:00,1547.33333333333,-13.7502863385463,0.635224378613753,0.635227520521734
2021-05-26 08:30:00,1547.35416666667,-13.7470941223529,0.635444538105976,0.635447679174459
2021-05-26 09:00:00,1547.375,-13.5958480200441,0.659249844889206,0.659252985117749
2021-05-26 09:30:00,1547.39583333333,-13.5716823588235,0.66281120406243,0.66281434345059
2021-05-26 10:00:00,1547.41666666667,-13.4414052909692,0.683276243646394,0.683279382193739
2021-05-26 10:30:00,1547.4375,-13.4020470552941,0.689257905835014,0.689261043541098
2021-05-26 11:00:00,1547.45833333333,-13.2494162920705,0.713284020187443,0.713287157051827
2021-05-26 11:30:00,1547.47916666667,-13.1840941247059,0.723401870443991,0.723405006466242
2021-05-26 12:00:00,1547.5,-13.3723215905286,0.693129140597391,0.693132275777068
2021-05-26 12:30:00,1547.52083333333,-13.3280235341176,0.699897950298343,0.699901084635004
2021-05-26 13:00:00,1547.54166666667,-13.2336814121681,0.714638873128649,0.714642006621862
2021-05-26 13:30:00,1547.5625,-13.1826744372093,0.722476533839474,0.722479666488793
2021-05-26 14:00:00,1547.58333333333,-13.087437086755,0.737360182775094,0.737363314580084
2021-05-26 14:30:00,1547.60416666667,-12.9876162988372,0.752974034411644,0.752977165371871
2021-05-26 15:00:00,1547.625,-12.8204295125551,0.779319395602787,0.779322525717807
2021-05-26 15:30:00,1547.64583333333,-12.7980697616279,0.782593764478107,0.782596893747486
2021-05-26 16:00:00,1547.66666666667,-12.629524226652,0.809155691166736,0.809158819590039
2021-05-26 16:30:00,1547.6875,-12.6185116313953,0.810622565968266,0.81062569354505
2021-05-26 17:00:00,1547.70833333333,-12.3725881006608,0.849510978683582,0.84951410541341
2021-05-26 17:30:00,1547.72916666667,-12.2921176588235,0.862042654161465,0.862045780043906
2021-05-26 18:00:00,1547.75,-12.1289537618943,0.887747514224884,0.887750639259494
2021-05-26 18:30:00,1547.77083333333,-12.1219418976744,0.888577302021943,0.88858042620829
2021-05-26 19:00:00,1547.79166666667,-11.9173407323009,0.920883264861666,0.920886388199315
2021-05-26 19:30:00,1547.8125,-11.8613256395349,0.929519418359636,0.929522540848145
2021-05-26 20:30:00,1547.85416666667,-11.7411163866379,0.948094831396805,0.94809795218573
2021-05-26 21:00:00,1547.875,-11.7014667,0.954124138842386,0.954127258780863
2021-05-26 21:30:00,1547.89583333333,-11.5541465534483,0.977305485848,0.977308604935595
2021-05-26 22:00:00,1547.91666666667,-11.4942399973333,0.98656184382006,0.98656496205634
2021-05-26 22:30:00,1547.9375,-12.3123728581897,0.85594595363751,0.855949071022034
2021-05-26 23:00:00,1547.95833333333,-12.270106672,0.862392304964541,0.862395421496875
2021-05-26 23:30:00,1547.97916666667,-11.3050625081897,1.01583790605511,1.01584102173482
2021-05-27,1548,-11.0805001142857,1.05132429057915,1.0513274054058
2021-05-27 00:30:00,1548.02083333333,-11.7900042771552,0.938013263687308,0.938016377660464
2021-05-27 01:00:00,1548.04166666667,-11.8511866253333,0.927980423784811,0.927983536904041
2021-05-27 01:30:00,1548.0625,-11.8978358788337,0.920262774897076,0.920265887161939
2021-05-27 02:00:00,1548.08333333333,-11.8556533013333,0.926696158851813,0.926699270261875
2021-05-27 02:30:00,1548.10416666667,-12.1698401574514,0.876359696085509,0.876362806640341
2021-05-27 03:00:00,1548.125,-12.1645867053333,0.876910361454368,0.876913471153529
2021-05-27 03:30:00,1548.14583333333,-12.6084913331169,0.805909882514785,0.805912991357845
2021-05-27 04:00:00,1548.16666666667,-12.5403066853333,0.816485649948762,0.816488757935284
2021-05-27 04:30:00,1548.1875,-12.6384773382289,0.800560957972174,0.800564065101729
2021-05-27 05:00:00,1548.20833333333,-12.533413276,0.817011760252732,0.817014866524882
2021-05-27 08:30:00,1548.35416666667,-12.81374767718,0.770354096809759,0.770357197067953
2021-05-27 09:30:00,1548.39583333333,-13.096565870872,0.724730004955549,0.724733103491575
2021-05-27 10:30:00,1548.4375,-12.94226021171,0.748740292314781,0.748743389126911
2021-05-27 11:30:00,1548.47916666667,-13.2554331094796,0.69828114886122,0.698284243947721
2021-05-27 12:30:00,1548.52083333333,-14.0773708629126,0.566775637995679,0.566778731354829
2021-05-27 13:30:00,1548.5625,-14.5447248953532,0.491755805231161,0.491758896861235
2021-05-27 14:30:00,1548.60416666667,-16.1587463266667,0.234071274652861,0.234074364552131
2021-05-27 15:30:00,1548.64583333333,-17.0795314709259,0.086820018538909,0.0868231067056546
2021-05-27 16:30:00,1548.6875,-16.3411796412963,0.203870706838407,0.203873793270906
2021-05-27 17:30:00,1548.72916666667,-16.5162059128015,0.175419850041067,0.175422934737596
2021-05-27 18:30:00,1548.77083333333,-17.0752189220779,0.0857998709320429,0.0858029538908853
2021-05-27 20:00:00,1548.83333333333,-16.942579929368,0.106076595919993,0.106079676269081
2021-05-27 21:00:00,1548.875,-16.1639870131725,0.22953879642583,0.229541875032937
2021-05-27 22:00:00,1548.91666666667,-16.2183821827458,0.22030564004205,0.220308716905458
2021-05-27 23:00:00,1548.95833333333,-15.1116406026071,0.396042638378081,0.396045713496078
2021-05-28,1549,-15.6948831293135,0.302564201829276,0.30256727520015
2021-05-28 01:00:00,1549.04166666667,-17.5183673847866,0.011514612905924,0.0115176845279587
2021-05-28 02:00:00,1549.08333333333,-17.9438611177778,-0.0568338451640266,-0.0568307752925385
2021-05-28 03:00:00,1549.125,-19.0205000375926,-0.228909954919962,-0.22890688680073
2021-05-28 04:00:00,1549.16666666667,-19.748170362963,-0.345394876021689,-0.345391809656424
2021-05-28 05:00:00,1549.20833333333,-20.5399222216667,-0.472087788704439,-0.472084724094846
2021-05-28 06:00:00,1549.25,-20.7947037850895,-0.513240706860749,-0.513237644008534
2021-05-28 10:00:00,1549.41666666667,-20.3754081319109,-0.448708308379527,-0.448705252573865
2021-05-28 11:00:00,1549.45833333333,-21.2718478734694,-0.592076614686337,-0.592073560646565
2021-05-28 12:00:00,1549.5,-20.834031580705,-0.522896736748007,-0.522893684475824
2021-05-28 13:00:00,1549.54166666667,-21.2001038992579,-0.581776644270016,-0.581773593767123
2021-05-28 14:00:00,1549.58333333333,-21.1683784480519,-0.577286837717723,-0.577283788985813
2021-05-28 15:00:00,1549.625,-21.300346896846,-0.598873341043525,-0.598870294084293
2021-05-28 16:00:00,1549.66666666667,-21.0964666646296,-0.566958663824069,-0.566955618639213
2021-05-28 17:00:00,1549.70833333333,-20.1448296444444,-0.415925549977342,-0.415922506568552
2021-05-28 18:00:00,1549.75,-20.2721094827458,-0.436764416458459,-0.436761374827426
2021-05-28 19:30:00,1549.8125,-16.7690780513011,0.120426810278732,0.120429849239957
2021-05-28 20:30:00,1549.85416666667,-13.5157346957328,0.638124251269539,0.638127288448783
2021-05-28 21:30:00,1549.89583333333,-14.9104044463822,0.415390130158713,0.415393165554285
2021-05-28 22:30:00,1549.9375,-15.9301966697588,0.252374514568837,0.252377548179054
2021-05-28 23:30:00,1549.97916666667,-18.0410964912801,-0.0844550733019546,-0.084452041478778
2021-05-29 00:30:00,1550.02083333333,-20.2227345631776,-0.432553066897647,-0.432550036863198
2021-05-29 01:30:00,1550.0625,-21.8204609451673,-0.687633262622362,-0.68763023437832
2021-05-29 02:30:00,1550.10416666667,-23.0539516260223,-0.884690202183057,-0.884687175731105
2021-05-29 03:30:00,1550.14583333333,-24.437953143633,-1.10572337662225,-1.10572035196407
2021-05-29 04:30:00,1550.1875,-24.85135582397,-1.17213921342095,-1.17213619055822
2021-05-29 05:30:00,1550.22916666667,-24.8871256831144,-1.1783976223943,-1.1783946013287
2021-05-29 06:30:00,1550.27083333333,-25.0177134889513,-1.19976034819829,-1.19975732893148
2021-05-29 07:30:00,1550.3125,-25.2710938954023,-1.24068377290668,-1.24068075544035
2021-05-29 11:30:00,1550.47916666667,-25.5684415359926,-1.2902879371463,-1.29028492689862
2021-05-29 12:30:00,1550.52083333333,-25.4065695812616,-1.26506010905949,-1.26505710062065
2021-05-29 13:30:00,1550.5625,-25.4624450160149,-1.27451934388027,-1.27451633725193
2021-05-29 14:30:00,1550.60416666667,-25.4621788337058,-1.27503492685505,-1.27503192203889
2021-05-29 15:30:00,1550.64583333333,-25.405705003154,-1.26659633888354,-1.26659333588122
2021-05-29 16:30:00,1550.6875,-25.7657281098696,-1.32450575795222,-1.3245027567654
2021-05-29 17:30:00,1550.72916666667,-25.1725250152134,-1.230565308969,-1.23056230959935
2021-05-29 19:00:00,1550.79166666667,-24.6388457182156,-1.14638518246813,-1.14638218582735
2021-05-29 20:00:00,1550.83333333333,-24.4498794012987,-1.11683930733641,-1.11683631251695
2021-05-29 21:00:00,1550.875,-24.1147402617811,-1.06400774312215,-1.06400475012567
2021-05-29 22:00:00,1550.91666666667,-23.7945602808905,-1.01355892929658,-1.01355593812474
2021-05-29 23:00:00,1550.95833333333,-23.7045732760668,-0.999779766501497,-0.999776777155946
2021-05-30,1551,-23.5544693990724,-0.976423688168821,-0.976420700651216
2021-05-30 01:00:00,1551.04166666667,-23.5995279009294,-0.984156861127211,-0.984153875439212
2021-05-30 02:00:00,1551.08333333333,-23.4180204592937,-0.955797661970289,-0.955794678113548
2021-05-30 03:00:00,1551.125,-23.0323190734694,-0.894909965890056,-0.894906983866221
2021-05-30 04:00:00,1551.16666666667,-22.6125973662921,-0.828602552327926,-0.828599572138652
2021-05-30 05:00:00,1551.20833333333,-22.36986892603,-0.790490036403604,-0.79048705805054
2021-05-30 06:00:00,1551.25,-21.9613015144195,-0.725958997285511,-0.725956020770299
2021-05-30 07:00:00,1551.29166666667,-20.9488408428839,-0.565227073480327,-0.565224098804621
2021-05-30 08:00:00,1551.33333333333,-20.272863344382,-0.458096902479025,-0.45809392964447
2021-05-30 09:00:00,1551.375,-20.3242097314607,-0.466829688806249,-0.466826717814485
2021-05-30 13:00:00,1551.54166666667,-20.2038308578067,-0.449863749238671,-0.449860785634503
2021-05-30 14:00:00,1551.58333333333,-19.8032597226345,-0.386604460078237,-0.386601498325069
2021-05-30 15:00:00,1551.625,-19.7603830590566,-0.38032589675684,-0.380322936856306
2021-05-30 16:00:00,1551.66666666667,-19.44993876141,-0.331423358739493,-0.331420400693229
2021-05-30 17:00:00,1551.70833333333,-19.0486382042672,-0.26804709399298,-0.268044137802622
2021-05-30 18:30:00,1551.77083333333,-18.8870704959184,-0.243135556276997,-0.243132602873558
2021-05-30 19:30:00,1551.8125,-18.8504934957328,-0.237859364392905,-0.237856412849452
2021-05-30 20:30:00,1551.85416666667,-19.0174730541744,-0.265009617109389,-0.265006667427554
2021-05-30 21:30:00,1551.89583333333,-18.8622375170686,-0.240830513911406,-0.240827566092817
2021-05-30 22:30:00,1551.9375,-18.672948067718,-0.211226336940723,-0.211223390987006
2021-05-30 23:30:00,1551.97916666667,-18.5809313191095,-0.197117509211886,-0.197114565124672
2021-05-31 00:30:00,1552.02083333333,-18.485822237037,-0.182515808772041,-0.182512866552952
2021-05-31 01:30:00,1552.0625,-18.3361872213483,-0.159227826080397,-0.159224885731056
2021-05-31 02:30:00,1552.10416666667,-18.3938491478585,-0.16896213207467,-0.168959193596704
2021-05-31 03:30:00,1552.14583333333,-18.4331187107607,-0.175766258778135,-0.175763322173163
2021-05-31 04:30:00,1552.1875,-18.4939796115028,-0.186009638123228,-0.18600670339287
2021-05-31 05:30:00,1552.22916666667,-18.6122819680891,-0.205403219245898,-0.205400286391776
2021-05-31 06:30:00,1552.27083333333,-18.7712300820037,-0.231271435089221,-0.231268504112949
2021-05-31 07:30:00,1552.3125,-18.8024100090909,-0.236785823717862,-0.236782894621059
2021-05-31 08:30:00,1552.35416666667,-18.7766437573284,-0.233228381332283,-0.233225454116566
2021-05-31 09:30:00,1552.39583333333,-18.4703388631481,-0.184980668423636,-0.184977743090616
2021-05-31 10:30:00,1552.4375,-18.8148277644444,-0.240404607609867,-0.240401684161158
2021-06-04 21:00:00,1556.875,-16.708562989916,0.0384826667934945,0.0384853805909541
2021-06-04 21:30:00,1556.89583333333,-16.4461520700713,0.0800265959053105,0.0800293086777957
2021-06-04 22:00:00,1556.91666666667,-16.2456053570175,0.111715586176083,0.111718297923227
2021-06-04 22:30:00,1556.9375,-16.0092211649412,0.149113586007898,0.149116296729336
2021-06-04 23:00:00,1556.95833333333,-15.7454297622807,0.190877647647207,0.190880357342565
2021-06-04 23:30:00,1556.97916666667,-15.4342682529412,0.24018787474067,0.240190583409583
2021-06-05,1557,-14.8578508710526,0.331753625528401,0.3317563331705
2021-06-05 00:30:00,1557.02083333333,-14.6443301669811,0.365509749884542,0.365512456499456
2021-06-05 01:00:00,1557.04166666667,-14.9340438491228,0.319100350607541,0.319103056194906
2021-06-05 01:30:00,1557.0625,-14.7428258750588,0.349303781585017,0.349306486144467
2021-06-05 02:00:00,1557.08333333333,-15.1201491236842,0.288938263275742,0.288940966806906
2021-06-05 02:30:00,1557.10416666667,-14.8888752837647,0.325522769889828,0.32552547239234
2021-06-05 03:00:00,1557.125,-14.8801139763158,0.326660944911447,0.326663646384941
2021-06-05 03:30:00,1557.14583333333,-14.8188203293144,0.336167633037289,0.336170333481395
2021-06-05 04:00:00,1557.16666666667,-15.2999649315789,0.259263594328226,0.25926629374258
2021-06-05 04:30:00,1557.1875,-15.1822541277647,0.277757723696208,0.277760422080445
2021-06-05 05:00:00,1557.20833333333,-15.5660350877193,0.216363930695838,0.216366628049588
2021-06-05 05:30:00,1557.22916666667,-15.4453129541176,0.235337915028218,0.235340611351117
2021-06-05 06:00:00,1557.25,-15.7478947350877,0.186879357309286,0.186882052600967
2021-06-05 06:30:00,1557.27083333333,-15.7227065474178,0.19063486389422,0.190637558154316
2021-06-05 07:00:00,1557.29166666667,-15.875236854386,0.166079761387433,0.166082454615579
2021-06-05 07:30:00,1557.3125,-15.7862182971831,0.180003639693855,0.180006331889687
2021-06-05 08:00:00,1557.33333333333,-16.2657191535088,0.103362043324045,0.103364734487197
2021-06-05 08:30:00,1557.35416666667,-16.2266244293427,0.109333167724057,0.109335857854164
2021-06-05 09:00:00,1557.375,-16.171833322807,0.117804811288058,0.117807500384754
2021-06-05 09:30:00,1557.39583333333,-16.1085868295775,0.127623478263236,0.127626166326154
2021-06-05 10:00:00,1557.41666666667,-16.2773421122807,0.100484170842372,0.10048685787115
2021-06-05 10:30:00,1557.4375,-16.2772230122066,0.10024674761196,0.100249433606234
2021-06-05 11:00:00,1557.45833333333,-15.8091578578947,0.174553539588773,0.174556224548178
2021-06-05 11:30:00,1557.47916666667,-15.5949882711268,0.208414660618868,0.208417344543039
2021-06-05 12:00:00,1557.5,-15.7849474140351,0.177897860649049,0.177900543537623
2021-06-05 12:30:00,1557.52083333333,-15.5925529244706,0.208290342032411,0.208293023885022
2021-06-05 13:30:00,1557.5625,-16.304054227907,0.0944357028921323,0.0944383826717288
2021-06-05 14:00:00,1557.58333333333,-16.4359268392683,0.0731724269666014,0.0731751057091458
2021-06-05 14:30:00,1557.60416666667,-16.3915503589147,0.0799858318978568,0.0799885096029858
2021-06-05 15:00:00,1557.625,-16.1467927219512,0.118720172901613,0.118722849568963
2021-06-05 15:30:00,1557.64583333333,-15.8740698062016,0.161909477462764,0.16191215309197
2021-06-05 16:00:00,1557.66666666667,-15.7536463556098,0.180837443084358,0.180840117675061
2021-06-05 16:30:00,1557.6875,-15.1377441534884,0.278695602627823,0.278698276179659
2021-06-05 17:00:00,1557.70833333333,-15.3208756197561,0.249267202558316,0.249269875070922
2021-06-05 17:30:00,1557.72916666667,-14.7948527224806,0.332807674165056,0.332810345638071
2021-06-05 18:00:00,1557.75,-14.7247268212195,0.3437235033433,0.343726173776362
2021-06-05 18:30:00,1557.77083333333,-14.5893566077519,0.365032872939302,0.365035542332046
2021-06-05 19:00:00,1557.79166666667,-14.5234914376528,0.375270114349075,0.375272782701142
2021-06-05 22:30:00,1557.9375,-13.1627038111465,0.590260764611252,0.590263425668461
2021-06-05 23:00:00,1557.95833333333,-12.9986311248889,0.616143133834299,0.616145793847942
2021-06-05 23:30:00,1557.97916666667,-13.6341245942492,0.514654118273058,0.514656777242772
2021-06-06,1558,-13.7146219914634,0.501576448829861,0.501579106755293
2021-06-06 00:30:00,1558.02083333333,-13.8504490729299,0.479684796396711,0.479687453277495
2021-06-06 01:00:00,1558.04166666667,-13.8463482169643,0.480083839673974,0.480086495509751
2021-06-06 01:30:00,1558.0625,-13.4439522426752,0.543931655242682,0.543934310033095
2021-06-06 02:00:00,1558.08333333333,-13.4496444657778,0.542770804690502,0.54277345843519
2021-06-06 02:30:00,1558.10416666667,-13.0364454849359,0.608339697652453,0.608342350351055
2021-06-06 03:00:00,1558.125,-13.0615650004484,0.604084216330967,0.604086867983129
2021-06-06 03:30:00,1558.14583333333,-13.4828210945687,0.536723970399296,0.536726621004653
2021-06-06 04:00:00,1558.16666666667,-13.6134088848889,0.51566746845672,0.515670118014917
2021-06-06 04:30:00,1558.1875,-13.5861624130573,0.519754152776436,0.519756801287113
2021-06-06 05:00:00,1558.20833333333,-13.5257264295964,0.52912802556001,0.529130673022809
2021-06-06 05:30:00,1558.22916666667,-13.1483162948882,0.588996182727039,0.5889988291416
2021-06-06 06:00:00,1558.25,-13.1562044475556,0.587486122984955,0.587488768350924
2021-06-06 06:30:00,1558.27083333333,-13.3602243669872,0.55473220828032,0.554734852597335
2021-06-06 07:00:00,1558.29166666667,-13.3688141522124,0.553110529285128,0.553113172552833
2021-06-06 07:30:00,1558.3125,-14.1182452232484,0.433472379752119,0.433475021970157
2021-06-06 08:00:00,1558.33333333333,-14.1848977697778,0.422601412833496,0.422604054001509
2021-06-06 08:30:00,1558.35416666667,-14.0731210267516,0.440154435019796,0.440157075137424
2021-06-06 09:00:00,1558.375,-14.071903055102,0.440095441722621,0.440098080789512
2021-06-06 09:30:00,1558.39583333333,-14.1053738111821,0.434510585144973,0.434513223160765
2021-06-06 10:00:00,1558.41666666667,-14.196737784,0.419703373638017,0.419706010602357
2021-06-06 10:30:00,1558.4375,-13.5472499823718,0.522914455122839,0.522917091035369
2021-06-06 11:00:00,1558.45833333333,-13.4835784874439,0.532804656251843,0.532807291112207
2021-06-06 11:30:00,1558.47916666667,-13.1312939265176,0.588671201006259,0.588673834814098
2021-06-06 12:00:00,1558.5,-13.0844690376106,0.595877877720646,0.595880510475609
2021-06-06 13:00:00,1558.54166666667,-13.4403796407407,0.53867616932659,0.538678799974726
2021-06-06 13:30:00,1558.5625,-13.5398364686916,0.522580292198488,0.522582921792678
2021-06-06 14:00:00,1558.58333333333,-13.6628638071207,0.502729692034689,0.502732320574578
2021-06-06 14:30:00,1558.60416666667,-13.6126651167442,0.510474198208609,0.510476825693838
2021-06-06 15:00:00,1558.625,-13.597990742284,0.512559731662891,0.512562358093112
2021-06-06 15:30:00,1558.64583333333,-13.6593813930233,0.502528128470103,0.502530753844954
2021-06-06 16:00:00,1558.66666666667,-13.8238482978328,0.476076480600836,0.476079104919966
2021-06-06 16:30:00,1558.6875,-13.6749395325581,0.499545877206931,0.499548500469985
2021-06-06 17:00:00,1558.70833333333,-14.0939226009288,0.432549775211904,0.432552397418526
2021-06-06 17:30:00,1558.72916666667,-14.1169162637209,0.428635144857751,0.428637766007588
2021-06-06 18:00:00,1558.75,-13.7332267062112,0.489505518504156,0.489508138596857
2021-06-06 18:30:00,1558.77083333333,-13.9496930311628,0.454770707613562,0.454773326648767
2021-06-06 19:00:00,1558.79166666667,-13.601191379321,0.510035775609274,0.510038393586633
2021-06-06 19:30:00,1558.8125,-13.60784186,0.508724931580715,0.508727548499872
2021-06-06 20:00:00,1558.83333333333,-13.6972129401235,0.494236713462037,0.494239329322641
2021-06-06 20:30:00,1558.85416666667,-13.4358878378505,0.535614724357646,0.535617339159343
2021-06-07,1559,-12.0135646077535,0.760435124836698,0.760437732216167
2021-06-07 00:30:00,1559.02083333333,-12.0323427885714,0.757193096103231,0.757195702420973
2021-06-07 01:00:00,1559.04166666667,-12.0201150710317,0.758890405971503,0.758893011227167
2021-06-07 01:30:00,1559.0625,-11.9827142057143,0.764597893138181,0.764600497331412
2021-06-07 02:00:00,1559.08333333333,-12.0728809605159,0.749983844158945,0.749986447289394
2021-06-07 02:30:00,1559.10416666667,-12.0231714342857,0.757652263637872,0.757654865705188
2021-06-07 03:00:00,1559.125,-12.2686785597222,0.718292536505499,0.718295137509332
2021-06-07 03:30:00,1559.14583333333,-12.2289428628571,0.724372271800484,0.724374871740482
2021-06-07 04:00:00,1559.16666666667,-12.2560932722222,0.71979707960407,0.719799678479882
2021-06-07 04:30:00,1559.1875,-12.3047142885714,0.711801681432776,0.71180427924405
2021-06-07 05:00:00,1559.20833333333,-11.9478928619048,0.7683936312609,0.768396228007287
2021-06-07 05:30:00,1559.22916666667,-11.8852776444444,0.778118398843938,0.778120994525088
2021-06-07 06:00:00,1559.25,-12.2684603204365,0.716827320584284,0.716829915199845
2021-06-07 06:30:00,1559.27083333333,-11.9549722388889,0.766516469039113,0.766519062588739
2021-06-07 07:00:00,1559.29166666667,-11.8643392950397,0.780704712024444,0.780707304507783
2021-06-07 07:30:00,1559.3125,-11.8051111194444,0.789890230237657,0.789892821654358
2021-06-07 08:00:00,1559.33333333333,-11.832831344246,0.785224883418146,0.785227473767862
2021-06-07 08:30:00,1559.35416666667,-11.8442222277778,0.783160889648896,0.783163478931277
2021-06-07 09:00:00,1559.375,-11.9681842267206,0.763164314098856,0.76316690231355
2021-06-07 09:30:00,1559.39583333333,-11.8729166472222,0.778091244439445,0.778093831586109
2021-06-07 10:00:00,1559.41666666667,-11.6217618954365,0.81785119013699,0.817853776215273
2021-06-07 10:30:00,1559.4375,-11.4504444305556,0.844893076422613,0.844895661432163
2021-06-07 11:00:00,1559.45833333333,-11.4473809519841,0.845132059929378,0.84513464386985
2021-06-07 11:30:00,1559.47916666667,-11.4869166694444,0.83858503857484,0.838587621445886
2021-06-07 12:30:00,1559.52083333333,-11.6585447614786,0.810746886898686,0.810749467629834
2021-06-07 13:00:00,1559.54166666667,-11.538480024,0.829624564785299,0.829627144445977
2021-06-07 13:30:00,1559.5625,-12.2172670495127,0.721244663594224,0.721247242184081
2021-06-07 14:00:00,1559.58333333333,-12.109080048,0.738230364957553,0.738232942476245
2021-06-07 14:30:00,1559.60416666667,-12.2659922215953,0.712985655982801,0.712988232429981
2021-06-07 15:00:00,1559.625,-12.522480036,0.67187855400082,0.671881129376138
2021-06-07 15:30:00,1559.64583333333,-13.0196030955253,0.592438163273697,0.592440737576811
2021-06-07 16:00:00,1559.66666666667,-13.119520076,0.576273062582945,0.576275635813506
2021-06-07 16:30:00,1559.6875,-12.8394439896406,0.620641206813748,0.620643778971407
2021-06-07 17:00:00,1559.70833333333,-12.6909999291667,0.644040353114047,0.64404292419846
2021-06-07 17:30:00,1559.72916666667,-12.7452723871595,0.635146691049561,0.635149261060382
2021-06-07 18:00:00,1559.75,-12.7239167375,0.638300718501413,0.638303287438293
2021-06-07 18:30:00,1559.77083333333,-12.8082709619883,0.624615165414222,0.62461773327682
2021-06-07 19:00:00,1559.79166666667,-12.534320032,0.668007957470428,0.668010524258395
2021-06-07 19:30:00,1559.8125,-13.0437840412451,0.586602267886649,0.586604833599641
2021-06-07 20:00:00,1559.83333333333,-12.752800028,0.632708598345106,0.632711162982777
2021-06-07 20:30:00,1559.85416666667,-12.7925311219844,0.626131853970062,0.626134417532067
2021-06-07 21:00:00,1559.875,-12.606600032,0.655503334875273,0.655505897361265
2021-06-07 21:30:00,1559.89583333333,-11.9685304465619,0.756900879354712,0.75690344076435
2021-06-07 22:00:00,1559.91666666667,-11.85371994,0.774942956818185,0.774945517151121
2021-06-08 01:30:00,1560.0625,-11.2227495296846,0.873727957744209,0.873730510530605
2021-06-08 02:30:00,1560.10416666667,-11.4260426439703,0.840849914373712,0.840852465000861
2021-06-08 03:30:00,1560.14583333333,-11.8193877450835,0.777696767659878,0.777699316126409
2021-06-08 04:30:00,1560.1875,-11.7102022168831,0.794597423534676,0.794599969839216
2021-06-08 05:30:00,1560.22916666667,-11.5265151575758,0.823366541031519,0.823369085172701
2021-06-08 06:30:00,1560.27083333333,-11.392226325974,0.844266800283745,0.844269342260202
2021-06-08 07:30:00,1560.3125,-11.4312207858998,0.837563222346856,0.837565762157218
2021-06-08 08:30:00,1560.35416666667,-11.2571999948148,0.864793441353023,0.864795978995928
2021-06-08 09:30:00,1560.39583333333,-11.3372537148148,0.851549724664257,0.851552260138341
2021-06-08 10:30:00,1560.4375,-11.1149055614815,0.88647915823493,0.886481691538828
2021-06-08 12:00:00,1560.5,-10.9837012975881,0.906644504569188,0.906647034615257
2021-06-08 13:00:00,1560.54166666667,-11.1240890623377,0.883790637617525,0.883793165490011
2021-06-08 14:00:00,1560.58333333333,-11.7781317296846,0.779111494235289,0.779114019932834
2021-06-08 15:00:00,1560.625,-12.7417105925788,0.625123330572224,0.62512585409347
2021-06-08 16:30:00,1560.6875,-13.0996233755102,0.567374119831044,0.567376640085303
2021-06-08 17:30:00,1560.72916666667,-11.2337402517625,0.8641220658762,0.864124583950778
2021-06-08 18:30:00,1560.77083333333,-11.1299202317254,0.880172418053904,0.880174933947446
2021-06-08 19:30:00,1560.8125,-12.2488308652416,0.701441221338022,0.701443735049181
2021-06-08 20:30:00,1560.85416666667,-11.9937978118681,0.741580554026715,0.741583065554141
2021-06-08 21:30:00,1560.89583333333,-11.8414386565056,0.765364179886222,0.765366689228566
2021-06-08 22:30:00,1560.9375,-11.4546833296296,0.826487602115932,0.826490109271851
2021-06-08 23:30:00,1560.97916666667,-11.6983925972222,0.787177882904432,0.787180387872581
2021-06-09 03:00:00,1561.125,-12.0242351883333,0.733570135436171,0.733572632736551
2021-06-09 04:00:00,1561.16666666667,-11.9995176411874,0.737022438197781,0.737024933304356
2021-06-09 05:00:00,1561.20833333333,-12.0856400552876,0.722818176290808,0.722820669202242
2021-06-09 06:00:00,1561.25,-12.2779981437848,0.691690816149086,0.691693306864041
2021-06-09 07:00:00,1561.29166666667,-12.3590760606679,0.678290787730128,0.678293276247272
2021-06-09 08:00:00,1561.33333333333,-12.3252774642458,0.683190991083607,0.683193477401606
2021-06-09 09:00:00,1561.375,-12.9300111546468,0.586372866201884,0.586375350319405
2021-06-09 10:00:00,1561.41666666667,-12.8928367311688,0.591811484183217,0.591813966098932
2021-06-09 11:30:00,1561.47916666667,-12.9686141089054,0.579015755946806,0.579018234557321
2021-06-09 12:30:00,1561.52083333333,-13.1828568802974,0.544404240219869,0.544406716625255
2021-06-09 13:30:00,1561.5625,-13.3913024146568,0.510716550968064,0.510719025166998
2021-06-09 14:30:00,1561.60416666667,-13.7347430325885,0.455524371154318,0.455526843145479
2021-06-09 15:30:00,1561.64583333333,-14.2099350753247,0.379344418185353,0.379346887967413
2021-06-09 16:30:00,1561.6875,-14.3207514072356,0.361210099552305,0.361212567123944
2021-06-09 17:30:00,1561.72916666667,-14.1896289254174,0.381617130299551,0.381619595659451
2021-06-09 18:30:00,1561.77083333333,-13.233407063197,0.533463405678386,0.533465868825229
2021-06-09 19:30:00,1561.8125,-13.7596901556586,0.449145906313715,0.44914836724618
2021-06-09 20:30:00,1561.85416666667,-13.5714693692022,0.478649709653769,0.478652168370544
2021-06-09 21:30:00,1561.89583333333,-13.5820176151982,0.476489788527244,0.476492245027014
2021-06-09 22:30:00,1561.9375,-13.8141651261596,0.439029270825817,0.439031725107267
2021-06-09 23:30:00,1561.97916666667,-13.242667906308,0.529590257974673,0.529592710036493
2021-06-10 00:30:00,1562.02083333333,-13.7719143294227,0.444802321376971,0.444804771217852
2021-06-10 04:30:00,1562.1875,-17.5708014669759,-0.162274270391783,-0.16227182944774
2021-06-10 05:30:00,1562.22916666667,-17.8352783050093,-0.204882593287246,-0.204880154570674
2021-06-10 06:30:00,1562.27083333333,-18.0069312135688,-0.232703671231908,-0.232701234744108
2021-06-10 07:30:00,1562.3125,-18.2310686560297,-0.268885246036409,-0.268882811778684
2021-06-10 08:30:00,1562.35416666667,-17.3349683773234,-0.126611824182361,-0.126609392156008
2021-06-10 09:30:00,1562.39583333333,-18.2239165250464,-0.26869756489105,-0.268695135097367
2021-06-10 11:00:00,1562.45833333333,-20.4877094919926,-0.630034286164452,-0.630031859722204
2021-06-10 12:00:00,1562.5,-20.4192643724395,-0.61960577570224,-0.619603351495902
2021-06-10 13:00:00,1562.54166666667,-20.5291417988806,-0.637583846010719,-0.637581424041582
2021-06-10 14:00:00,1562.58333333333,-21.7558085780669,-0.83346692980195,-0.833464510071308
2021-06-10 15:00:00,1562.625,-20.2177880916357,-0.588933027776821,-0.588930610285962
2021-06-10 16:00:00,1562.66666666667,-20.7607467335196,-0.675900259018651,-0.675897843768863
2021-06-10 17:00:00,1562.70833333333,-19.0913177454206,-0.410432230595084,-0.410429817587657
2021-06-10 18:00:00,1562.75,-19.877461974026,-0.536138440923149,-0.536136030159368
2021-06-10 19:00:00,1562.79166666667,-21.0622905165736,-0.725355017672273,-0.725352609153421
2021-06-10 20:00:00,1562.83333333333,-19.1901978,-0.427601523392926,-0.427599117120289
2021-06-10 21:00:00,1562.875,-19.6849516535316,-0.506888048930089,-0.506885644904947
2021-06-10 22:00:00,1562.91666666667,-17.7339721972171,-0.196567180036806,-0.196564778260438
2021-06-10 23:00:00,1562.95833333333,-16.9824309988806,-0.0773173521101166,-0.0773149525838058
2021-06-11,1563,-17.4692374929499,-0.155336865618052,-0.155334468343073
2021-06-11 01:00:00,1563.04166666667,-17.4387174483271,-0.150945560678886,-0.150943165656515
2021-06-11 02:00:00,1563.08333333333,-17.5767866024119,-0.173410304182947,-0.173407911414461
2021-06-11 06:00:00,1563.25,-16.8851079860335,-0.065103001995527,-0.0651006182552974
2021-06-11 07:00:00,1563.29166666667,-16.5248534202226,-0.00818276026576903,-0.00818037878577327
2021-06-11 08:00:00,1563.33333333333,-16.0734508165121,0.0632577618674733,0.0632601410859642
2021-06-11 09:00:00,1563.375,-15.4411449788104,0.16351663152171,0.163519008477431
2021-06-11 10:30:00,1563.4375,-14.3904619799629,0.330189955883313,0.330192329442513
2021-06-11 11:30:00,1563.47916666667,-16.8237602431227,-0.0579032647226793,-0.0579008934294033
2021-06-11 12:30:00,1563.52083333333,-17.7842979446927,-0.211384341505242,-0.211381972479151
2021-06-11 13:30:00,1563.5625,-18.1846549116883,-0.275627892809518,-0.275625526051872
2021-06-11 14:30:00,1563.60416666667,-17.7061300910781,-0.199864612900787,-0.199862248412842
2021-06-11 15:30:00,1563.64583333333,-17.6183654951763,-0.186349381403535,-0.186347019186546
2021-06-11 16:30:00,1563.6875,-17.8646264042751,-0.226044316686316,-0.226041956741541
2021-06-11 17:30:00,1563.72916666667,-15.6594415237477,0.12477814925558,0.12478050692689
2021-06-11 18:30:00,1563.77083333333,-16.8057485929236,-0.0582941120652744,-0.05829175666868
2021-06-11 19:30:00,1563.8125,-14.8565817717472,0.251745164991217,0.251747518111842
2021-06-11 20:30:00,1563.85416666667,-14.6119386566914,0.290252933407693,0.290255284251103
2021-06-11 21:30:00,1563.89583333333,-14.7410482341373,0.269221966876913,0.26922431544186
2021-06-11 22:30:00,1563.9375,-15.9442979683426,0.0770800420747617,0.0770823883599968
2021-06-11 23:30:00,1563.97916666667,-15.6252931428571,0.127434692984936,0.127437036989217
2021-06-12 00:30:00,1564.02083333333,-14.9829424948052,0.229298901266002,0.229301242988086
2021-06-12 01:30:00,1564.0625,-13.6294842311688,0.444443397882209,0.444445737320851
2021-06-12 02:30:00,1564.10416666667,-12.9663951747681,0.549611923682782,0.549614260836744
2021-06-12 03:30:00,1564.14583333333,-12.8614145078067,0.565873721694793,0.565876056562835
2021-06-12 07:30:00,1564.3125,-13.2938905489796,0.495136569794403,0.495138895506402
2021-06-12 08:30:00,1564.35416666667,-13.7876159497217,0.416025754326183,0.416028077746088
2021-06-12 10:00:00,1564.41666666667,-16.2211187384045,0.0276776471231458,0.0276799671026005
2021-06-12 11:00:00,1564.45833333333,-15.8959276461967,0.0790216618756268,0.0790239795599137
2021-06-12 12:00:00,1564.5,-15.5873469474954,0.127719968558932,0.127722283946822
2021-06-12 13:00:00,1564.54166666667,-15.0290500742115,0.216198580025137,0.216200893115406
2021-06-12 14:00:00,1564.58333333333,-14.7083840282004,0.266822770849586,0.26682508164101
2021-06-12 15:00:00,1564.625,-14.7148422940631,0.265336165216972,0.265338473708325
2021-06-12 16:00:00,1564.66666666667,-15.4270018616667,0.151431178340408,0.151433484530472
2021-06-12 17:00:00,1564.70833333333,-16.0584759240741,0.0503797907612095,0.0503820946487634
2021-06-12 18:00:00,1564.75,-15.469014970412,0.14382456463207,0.143826866215893
2021-06-12 19:00:00,1564.79166666667,-15.2144341330241,0.183923037800201,0.183925337079078
2021-06-12 20:00:00,1564.83333333333,-15.8477944488889,0.0825721920847328,0.0825744890574488
2021-06-12 21:00:00,1564.875,-14.3511113137291,0.320539131869687,0.320541426535025
2021-06-12 22:00:00,1564.91666666667,-14.9945425798148,0.21758466001478,0.217586952371529
2021-06-12 23:00:00,1564.95833333333,-13.99410762282,0.376499594287741,0.376501884334689
2021-06-13,1565,-13.3973710690167,0.471105426741775,0.47110771447771
2021-06-13 01:00:00,1565.04166666667,-13.3683562137291,0.475273129451814,0.475275414875529
2021-06-13 02:00:00,1565.08333333333,-13.8462486246753,0.39869048517208,0.398692768282368
2021-06-13 03:00:00,1565.125,-14.0702574188889,0.362552025462319,0.362554306257971
2021-06-13 04:00:00,1565.16666666667,-13.9730203655556,0.377588602061741,0.377590880541556
2021-06-13 05:00:00,1565.20833333333,-13.9316159530612,0.383731342538008,0.383733618700782
2021-06-13 09:00:00,1565.375,-13.8815946472275,0.389891163467495,0.389893430350099
2021-06-13 10:30:00,1565.4375,-13.7431580042751,0.411267412068316,0.411269675465916
2021-06-13 11:30:00,1565.47916666667,-13.4773196957249,0.453164870719469,0.453167131792245
2021-06-13 12:30:00,1565.52083333333,-14.0523840493506,0.361106279565188,0.361108538311943
2021-06-13 13:30:00,1565.5625,-14.0316177899814,0.363964276278278,0.363966532697821
2021-06-13 14:30:00,1565.60416666667,-14.7802745784787,0.24425297728722,0.244255231378362
2021-06-13 15:30:00,1565.64583333333,-14.8254171318436,0.236612344583428,0.236614596344982
2021-06-13 16:30:00,1565.6875,-14.7409127948052,0.249624900289186,0.249627149719963
2021-06-13 17:30:00,1565.72916666667,-15.1634730975881,0.181862042868053,0.181864289966871
2021-06-13 18:30:00,1565.77083333333,-14.6888831183673,0.257016213066065,0.257018457831739
2021-06-13 19:30:00,1565.8125,-13.7227940543599,0.410466885512964,0.410469127944309
2021-06-13 20:30:00,1565.85416666667,-14.659833054731,0.26074824434643,0.260750484442266
2021-06-13 21:30:00,1565.89583333333,-14.6356641784787,0.264151052087284,0.264153289846433
2021-06-13 22:30:00,1565.9375,-13.9718070432282,0.369457004115186,0.369459239536468
2021-06-13 23:30:00,1565.97916666667,-13.7992319009276,0.396501731318713,0.396503964400952
2021-06-14 00:30:00,1566.02083333333,-14.4946493499072,0.28527496641081,0.285277197152831
2021-06-14 01:30:00,1566.0625,-14.5199499061224,0.28079864958043,0.280800877981057
2021-06-14 02:30:00,1566.10416666667,-14.6842096324675,0.254186386061433,0.254188612119495
2021-06-14 03:30:00,1566.14583333333,-14.2950482343228,0.315734851798664,0.315737075512991
2021-06-14 04:30:00,1566.1875,-13.9584285892393,0.368913727597882,0.368915948967302
2021-06-14 05:30:00,1566.22916666667,-13.9107546265799,0.37606369880251,0.376065917825856
2021-06-14 06:30:00,1566.27083333333,-14.0172857350649,0.358649041304621,0.358651257980727
2021-06-14 10:00:00,1566.41666666667,-13.7555362449275,0.398794061116042,0.398796269567636
2021-06-14 10:30:00,1566.4375,-13.6841872165957,0.409938668008912,0.409940875284413
2021-06-14 11:00:00,1566.45833333333,-13.5082608913043,0.43774260065574,0.437744806754859
2021-06-14 11:30:00,1566.47916666667,-13.823040436383,0.38737682513255,0.387379030054998
2021-06-14 12:00:00,1566.5,-16.3899130376812,-0.0217488959469925,-0.0217466922015062
2021-06-14 12:30:00,1566.52083333333,-16.5955765674468,-0.0547322368812432,-0.0547300343130072
2021-06-14 13:00:00,1566.54166666667,-17.3902899202899,-0.181551547844599,-0.181549346453902
2021-06-14 13:30:00,1566.5625,-17.4286319370213,-0.187880276695323,-0.187878076482457
2021-06-14 14:00:00,1566.58333333333,-16.7770579782609,-0.0843048098417261,-0.0843026108069778
2021-06-14 14:30:00,1566.60416666667,-16.7297149314894,-0.0769836712445147,-0.0769814733881724
2021-06-14 15:00:00,1566.625,-16.3861014565217,-0.0224663538745143,-0.0224641571968666
2021-06-14 15:30:00,1566.64583333333,-16.3435906134328,-0.0159148130635853,-0.0159126175649205
2021-06-14 16:00:00,1566.66666666667,-16.3960725927536,-0.0244956088464762,-0.0244934145270823
2021-06-14 16:30:00,1566.6875,-16.3648874639066,-0.0197480865812866,-0.0197458934414539
2021-06-14 17:00:00,1566.70833333333,-15.9599854391304,0.0445328922237108,0.0445350841836967
2021-06-14 17:30:00,1566.72916666667,-15.7610191668085,0.0760082464822964,0.076010437262148
2021-06-14 18:00:00,1566.75,-16.1154637666667,0.0193249413404427,0.0193271309398725
2021-06-14 18:30:00,1566.77083333333,-16.091093429087,0.0229872144784834,0.0229894028972042
2021-06-14 19:00:00,1566.79166666667,-15.9220868826087,0.0496902271212595,0.0496924143589844
2021-06-14 19:30:00,1566.8125,-15.8505711135881,0.0608629773435421,0.0608651633999817
2021-06-14 20:00:00,1566.83333333333,-15.7305651956522,0.0797603310644379,0.0797625159393081
2021-06-14 20:30:00,1566.85416666667,-15.6832144320594,0.0870837549310788,0.0870859386240928
2021-06-14 21:00:00,1566.875,-15.5154782855072,0.113584744513112,0.113586927023984
2021-06-14 21:30:00,1566.89583333333,-15.4403736740977,0.125329552560453,0.125331733888896
2021-06-14 22:00:00,1566.91666666667,-15.1914637710145,0.164761756012072,0.1647639361578
2021-06-14 22:30:00,1566.9375,-15.1672505208068,0.168399710355074,0.1684018893178
2021-06-14 23:00:00,1566.95833333333,-14.9705652304348,0.199512672240387,0.199514850019827
2021-06-14 23:30:00,1566.97916666667,-14.9750063609342,0.198586139875019,0.198588316470888
2021-06-15,1567,-14.9778840565217,0.197908752158064,0.197910927570073
2021-06-15 00:30:00,1567.02083333333,-15.0346404308511,0.188648540792875,0.188650715020745
2021-06-15 01:00:00,1567.04166666667,-14.9570145086957,0.200795613694692,0.200797786738135
2021-06-15 01:30:00,1567.0625,-15.0354246205945,0.188086123300255,0.188088295158985
2021-06-15 02:00:00,1567.08333333333,-14.9005362565217,0.209355321015646,0.209357491689379
2021-06-15 02:30:00,1567.10416666667,-15.0110957519149,0.191524587807864,0.191526757296317
2021-06-15 03:00:00,1567.125,-14.9751160101449,0.197037748316821,0.197039916619707
2021-06-15 03:30:00,1567.14583333333,-14.9891146611465,0.194589403687943,0.194591570804983
2021-06-15 04:00:00,1567.16666666667,-14.7877206147059,0.226453358257681,0.226455524188588
2021-06-15 04:30:00,1567.1875,-14.8650891895966,0.213910316643995,0.213912481388484
2021-06-15 05:00:00,1567.20833333333,-14.8387462089552,0.217888688569895,0.217890852127685
2021-06-15 05:30:00,1567.22916666667,-14.8924479791932,0.209115963137427,0.209118125508234
2021-06-15 06:00:00,1567.25,-14.652130484058,0.24718080547439,0.24718296665793
2021-06-15 06:30:00,1567.27083333333,-14.6860021424628,0.241567208427072,0.241569368423065
2021-06-15 07:00:00,1567.29166666667,-14.7442753768116,0.232066511635671,0.232068670443832
2021-06-15 07:30:00,1567.3125,-14.7982250409766,0.223254651433667,0.223256809053712
2021-06-15 08:00:00,1567.33333333333,-14.7382753608696,0.232587126965357,0.232589283397006
2021-06-15 08:30:00,1567.35416666667,-14.8489889435841,0.214732911596655,0.214735066839625
2021-06-15 11:30:00,1567.47916666667,-14.3987045609848,0.285160627262237,0.285162775367216
2021-06-15 12:00:00,1567.5,-14.3641018370909,0.290456025937044,0.290458172851372
2021-06-15 12:30:00,1567.52083333333,-14.1020530469697,0.331983834545425,0.331985980268825
2021-06-15 13:00:00,1567.54166666667,-14.0999197051095,0.332107015582606,0.332109160114794
2021-06-15 13:30:00,1567.5625,-14.3179467562738,0.297158577785053,0.29716072112575
2021-06-15 14:00:00,1567.58333333333,-14.2406642638686,0.309253250441063,0.309255392589989
2021-06-15 14:30:00,1567.60416666667,-14.3695075992424,0.288512020590646,0.28851416154752
2021-06-15 15:00:00,1567.625,-14.4548509138182,0.274700464325626,0.274702604090167
2021-06-15 15:30:00,1567.64583333333,-15.6072310469697,0.0909092695581681,0.0909114081301016
2021-06-15 16:00:00,1567.66666666667,-15.7839306448905,0.0625447705282546,0.0625469079072957
2021-06-15 16:30:00,1567.6875,-17.4739204848485,-0.20688785620425,-0.206885720018379
2021-06-15 17:00:00,1567.70833333333,-16.6873636149091,-0.0818047329819576,-0.0818025979895348
2021-06-15 17:30:00,1567.72916666667,-16.0890545050584,0.0132904768590821,0.0132926106577775
2021-06-15 18:00:00,1567.75,-15.7112908978182,0.0732527198825215,0.0732548524872082
2021-06-15 18:30:00,1567.77083333333,-15.6850947049242,0.0772101119466052,0.0772122433570092
2021-06-15 19:00:00,1567.79166666667,-15.4479247898496,0.114775858126475,0.114777988342313
2021-06-15 19:30:00,1567.8125,-14.8375757530303,0.211789394514369,0.211791523535366
2021-06-15 20:00:00,1567.83333333333,-14.2990688282609,0.297358520576738,0.297360648402615
2021-06-15 20:30:00,1567.85416666667,-14.1400798661597,0.322470253468712,0.322472380099192
2021-06-15 21:00:00,1567.875,-13.8779673945652,0.364009724634821,0.364011850069623
2021-06-15 21:30:00,1567.89583333333,-15.5739354007605,0.0936256659666861,0.0936277902055378
2021-06-15 22:00:00,1567.91666666667,-15.0365905815217,0.179010025916623,0.179012148959242
2021-06-15 22:30:00,1567.9375,-15.9393863465909,0.0349790512453594,0.0349811730914715
2021-06-15 23:00:00,1567.95833333333,-15.4969239072464,0.105248759504006,0.105250880153334
2021-06-15 23:30:00,1567.97916666667,-15.8314220494297,0.0517481815559381,0.051750301008205
2021-06-16,1568,-15.3603255804651,0.126579490535401,0.126581608790328
2021-06-16 00:30:00,1568.02083333333,-16.7634696818182,-0.0971569729807847,-0.0971548559234695
2021-06-16 01:00:00,1568.04166666667,-16.5428224960145,-0.0622222343328694,-0.0622201184734468
2021-06-16 01:30:00,1568.0625,-16.1353029897727,0.00248148826845629,0.00248360292971261
2021-06-16 02:00:00,1568.08333333333,-16.1517899384058,-0.000359230598215632,-0.000357117135401652
2021-06-16 02:30:00,1568.10416666667,-16.5538554661597,-0.0646228028367903,-0.0646206905726944
2021-06-16 03:00:00,1568.125,-16.4600511189781,-0.0498938597946599,-0.0498917487295595
2021-06-16 03:30:00,1568.14583333333,-17.5274697215909,-0.220148472602807,-0.220146362736974
2021-06-16 04:00:00,1568.16666666667,-16.9737554894161,-0.132155376444252,-0.132153267777965
2021-06-16 04:30:00,1568.1875,-18.3814204090909,-0.356611290869936,-0.356609183403467
2021-06-16 05:00:00,1568.20833333333,-18.6211272207273,-0.395010554089431,-0.395008447823056
2021-06-16 05:30:00,1568.22916666667,-19.0378825284091,-0.461613679264184,-0.461611574198178
2021-06-16 06:00:00,1568.25,-19.0960292171533,-0.471090105162779,-0.471088001297418
2021-06-16 06:30:00,1568.27083333333,-19.2457878806818,-0.495160294070952,-0.495158191406506
2021-06-16 07:00:00,1568.29166666667,-19.1414673112319,-0.478755389529584,-0.478753288066331
2021-06-16 07:30:00,1568.3125,-19.4505285764259,-0.52820241655937,-0.528200316297582
2021-06-16 08:00:00,1568.33333333333,-19.4265072105072,-0.524589052305291,-0.524586953245243
2021-06-16 09:00:00,1568.375,-19.5979169581227,-0.552320990120144,-0.552318893464396
2021-06-16 09:30:00,1568.39583333333,-19.3756486312741,-0.517126472788278,-0.517124377335089
2021-06-16 13:00:00,1568.54166666667,-19.1562779984914,-0.483668947995874,-0.483666860968233
2021-06-16 13:30:00,1568.5625,-18.8842666133333,-0.440549603309638,-0.440547517486735
2021-06-16 14:00:00,1568.58333333333,-20.0947235699784,-0.633588434412899,-0.633586349795005
2021-06-16 14:30:00,1568.60416666667,-19.8883513391892,-0.600925272997287,-0.600923189584675
2021-06-16 15:00:00,1568.625,-21.2747802243534,-0.821996377084044,-0.821994294876986
2021-06-16 15:30:00,1568.64583333333,-21.3614594,-0.836016333096113,-0.836014252094877
2021-06-16 16:00:00,1568.66666666667,-20.8642743280778,-0.75702620667537,-0.757024126880228
2021-06-16 16:30:00,1568.6875,-20.8737867226667,-0.758753258176341,-0.758751179587563
2021-06-16 17:00:00,1568.70833333333,-20.5221228715517,-0.702944585022852,-0.702942507640709
2021-06-16 17:30:00,1568.72916666667,-20.664346648,-0.72581247323844,-0.725810397063203
2021-06-16 18:00:00,1568.75,-20.799207802381,-0.747507399830177,-0.747505324862116
2021-06-16 18:30:00,1568.77083333333,-19.8723198946667,-0.60006485139702,-0.600062777636405
2021-06-16 19:00:00,1568.79166666667,-20.9984316520607,-0.779666525993204,-0.779664453440304
2021-06-16 19:30:00,1568.8125,-19.9628025855263,-0.614901251782639,-0.614899180437723
2021-06-16 20:00:00,1568.83333333333,-20.293056161987,-0.667721967902333,-0.66771989776567
2021-06-16 20:30:00,1568.85416666667,-20.4248026736842,-0.688920275947196,-0.688918207019056
2021-06-16 21:00:00,1568.875,-19.2862937215983,-0.507765890041702,-0.507763822322357
2021-06-16 21:30:00,1568.89583333333,-18.5339078894737,-0.388121102217856,-0.388119035707571
2021-06-16 22:00:00,1568.91666666667,-17.5244341174946,-0.227521930973482,-0.227519865672527
2021-06-16 22:30:00,1568.9375,-17.4886972302632,-0.222039650403191,-0.222037586311835
2021-06-16 23:00:00,1568.95833333333,-17.2551388357918,-0.185044171426351,-0.185042108544859
2021-06-16 23:30:00,1568.97916666667,-17.3891053710526,-0.206595585429201,-0.206593523757844
2021-06-17,1569,-18.0867435530172,-0.317940204567132,-0.317938144106179
2021-06-17 00:30:00,1569.02083333333,-17.9777838256757,-0.300793109329367,-0.300791050079084
2021-06-17 01:00:00,1569.04166666667,-16.372458854329,-0.0452738703552042,-0.0452718123158585
2021-06-17 01:30:00,1569.0625,-16.3281972868421,-0.0384330560986488,-0.03843099927051
2021-06-17 02:00:00,1569.08333333333,-16.08163995141,0.000633709653874659,0.000635765270543653
2021-06-17 02:30:00,1569.10416666667,-15.9743684328947,0.0175122363623258,0.0175142907672559
2021-06-17 03:00:00,1569.125,-17.5310412897826,-0.230676673852965,-0.230674620660043
2021-06-17 03:30:00,1569.14583333333,-17.5965657236842,-0.241324483513579,-0.241322431532929
2021-06-17 04:00:00,1569.16666666667,-17.7751428833333,-0.269981581967839,-0.269979531199728
2021-06-17 04:30:00,1569.1875,-17.6731579223684,-0.25394484288141,-0.253942793326106
2021-06-17 05:00:00,1569.20833333333,-18.0590712818575,-0.315630563640893,-0.315628515298658
2021-06-17 05:30:00,1569.22916666667,-17.9418159276316,-0.297161057447664,-0.297159010318767
2021-06-17 06:00:00,1569.25,-17.77395670671,-0.270630227813403,-0.27062818189811
2021-06-17 06:30:00,1569.27083333333,-17.6173947236842,-0.245898964908045,-0.245896920206621
2021-06-17 07:00:00,1569.29166666667,-17.9331428627706,-0.296406950605967,-0.296404907118677
2021-06-17 07:30:00,1569.3125,-17.8874079078947,-0.289330329720746,-0.289328287447856
2021-06-17 08:30:00,1569.35416666667,-17.936898492389,-0.297631921124786,-0.297629881281488
2021-06-17 09:00:00,1569.375,-17.7562585689655,-0.269064568000588,-0.269062529372485
2021-06-17 09:30:00,1569.39583333333,-18.3110802128692,-0.357656676619787,-0.357654639207142
2021-06-17 10:00:00,1569.41666666667,-18.1746923307692,-0.336138522271356,-0.336136486074433
2021-06-17 10:30:00,1569.4375,-17.9459071746835,-0.299901324593564,-0.29989928961263
2021-06-17 11:00:00,1569.45833333333,-17.8888769892308,-0.291024724893938,-0.291022691129254
2021-06-17 14:30:00,1569.60416666667,-21.5316100507463,-0.872770585383332,-0.872768560139775
2021-06-17 15:30:00,1569.64583333333,-20.4408051669759,-0.699419728038574,-0.69941770523199
2021-06-17 16:30:00,1569.6875,-20.2667900135688,-0.672113762496474,-0.672111742127911
2021-06-17 17:30:00,1569.72916666667,-20.5892857179963,-0.723901963814095,-0.723899945884599
2021-06-17 18:30:00,1569.77083333333,-20.2043133955224,-0.662989635062398,-0.662987619573016
2021-06-17 19:30:00,1569.8125,-19.8482560072356,-0.606683107958933,-0.606681094910708
2021-06-17 20:30:00,1569.85416666667,-18.5777921829314,-0.404710613908971,-0.404708603302945
2021-06-17 21:30:00,1569.89583333333,-16.1533129425926,-0.0189022709563408,-0.0189002627935567
2021-06-17 22:30:00,1569.9375,-15.8939387833024,0.022003654040875,0.0220056597593796
2021-06-17 23:30:00,1569.97916666667,-16.4582666375926,-0.0683063714749774,-0.0683043682017905
2021-06-18 00:30:00,1570.02083333333,-17.0381245157993,-0.161089971809453,-0.161087970982622
2021-06-18 01:30:00,1570.0625,-16.5954444418519,-0.0909821763473238,-0.0909801779678824
2021-06-18 02:30:00,1570.10416666667,-17.2794926394444,-0.200362630204162,-0.200360634273144
2021-06-18 03:30:00,1570.14583333333,-17.0828085472119,-0.169441431187757,-0.169439437706196
2021-06-18 04:30:00,1570.1875,-17.444280154731,-0.227434464074248,-0.227432473043173
2021-06-18 05:30:00,1570.22916666667,-17.425712429128,-0.224886589470751,-0.224884600891191
2021-06-18 06:30:00,1570.27083333333,-17.8989016306122,-0.300675574414732,-0.300673588287718
2021-06-18 08:00:00,1570.33333333333,-17.9806648299814,-0.314314226133172,-0.314312243686898
2021-06-18 09:00:00,1570.375,-17.1497881048327,-0.182363650262235,-0.182361670271066
2021-06-18 10:00:00,1570.41666666667,-16.3903419771375,-0.0617916485237169,-0.0617896709886769
2021-06-18 11:00:00,1570.45833333333,-15.6880502811918,0.0496759826903016,0.049677957768187
2021-06-18 12:00:00,1570.5,-16.1931247683426,-0.0311903103561785,-0.0311883377364611
2021-06-18 16:00:00,1570.66666666667,-17.1336256878957,-0.182639324947024,-0.182637362170157
2021-06-18 17:00:00,1570.70833333333,-16.7614684297398,-0.123760113427688,-0.123758153114073
2021-06-18 18:00:00,1570.75,-16.2925260070632,-0.049462583280117,-0.0494606254307578
2021-06-18 19:00:00,1570.79166666667,-16.1016220188082,-0.019456401461551,-0.0194544460774592
2021-06-18 20:00:00,1570.83333333333,-15.8738398407821,0.0164248755128333,0.0164268284306456
2021-06-18 21:00:00,1570.875,-15.0126505550186,0.153208730769295,0.153210681219826
2021-06-18 22:00:00,1570.91666666667,-14.3501635568773,0.258339543198693,0.258341491180936
2021-06-18 23:00:00,1570.95833333333,-14.4842907557407,0.236569518568241,0.236571464081192
2021-06-19,1571,-14.1178719640074,0.294537201936226,0.294539144978884
2021-06-19 01:00:00,1571.04166666667,-14.3306753205937,0.260234757364362,0.260236697935726
2021-06-19 02:00:00,1571.08333333333,-13.8183345866171,0.341448659029265,0.341450597128334
2021-06-19 03:00:00,1571.125,-13.7472764304267,0.352366305326263,0.352368240952041
2021-06-19 04:00:00,1571.16666666667,-12.935257422963,0.481319919556327,0.481321852707819
2021-06-19 05:00:00,1571.20833333333,-13.5138014768089,0.388756219437697,0.388758150113905
2021-06-19 06:00:00,1571.25,-13.5548012842333,0.381824077146741,0.381826005346674
2021-06-19 07:30:00,1571.3125,-13.4105948107807,0.404195709934438,0.404197634418099
2021-06-19 08:30:00,1571.35416666667,-13.2929239213358,0.422540862033951,0.422542784038859
2021-06-19 09:30:00,1571.39583333333,-12.6244600918367,0.528628099042927,0.528630018568095
2021-06-19 10:30:00,1571.4375,-12.1549870294991,0.603016340801984,0.603018257846426
2021-06-19 11:30:00,1571.47916666667,-11.9603005769944,0.633631255613584,0.633633170176312
2021-06-19 12:30:00,1571.52083333333,-12.2660240792593,0.584530883600546,0.584532795680578
2021-06-19 13:30:00,1571.5625,-12.1311481464815,0.605618693221016,0.605620602817371
2021-06-19 17:30:00,1571.72916666667,-13.2889331998145,0.419594387250049,0.419596286901895
2021-06-19 18:30:00,1571.77083333333,-15.4304322736549,0.0780559185147245,0.0780578156780044
2021-06-19 19:30:00,1571.8125,-14.5757346888683,0.213814096612423,0.213815991286162
2021-06-19 20:30:00,1571.85416666667,-14.0586133871747,0.295796509774912,0.295798401958137
2021-06-19 21:30:00,1571.89583333333,-13.9903215762082,0.306280442725883,0.306282332417626
2021-06-19 22:30:00,1571.9375,-13.6559813724395,0.359146453374502,0.359148340573794
2021-06-19 23:30:00,1571.97916666667,-13.6101888948148,0.366046983853764,0.366048868559634
2021-06-20 00:30:00,1572.02083333333,-13.6230351748148,0.363606697346701,0.363608579558186
2021-06-20 01:30:00,1572.0625,-14.5314814822222,0.21849706567595,0.218498945392085
2021-06-20 02:30:00,1572.10416666667,-14.9892740764815,0.145177271963231,0.145179149183051
2021-06-20 03:30:00,1572.14583333333,-15.3077658091078,0.0940485846671606,0.0940504593897071
2021-06-20 04:30:00,1572.1875,-14.7312815009259,0.185490600046381,0.185492472270693
2021-06-20 05:30:00,1572.22916666667,-13.0263833031481,0.456690134431495,0.456692004156613
2021-06-20 07:00:00,1572.29166666667,-13.0374823154562,0.454334816513448,0.45433668248798
2021-06-20 08:00:00,1572.33333333333,-13.4970353150558,0.380736679328634,0.380738542801583
2021-06-20 09:00:00,1572.375,-14.1331806694656,0.279007634544684,0.279009495515097
2021-06-20 10:00:00,1572.41666666667,-14.2130734129114,0.265890409109744,0.265892267576666
2021-06-20 11:00:00,1572.45833333333,-13.9515164437975,0.3071667480073,0.307168603969784
2021-06-20 12:00:00,1572.5,-15.5209391139594,0.0567671032450142,0.0567689567021098
2021-06-20 13:00:00,1572.54166666667,-16.7980712951654,-0.147070076235153,-0.147068225284394
2021-06-20 14:00:00,1572.58333333333,-16.502012783715,-0.10029647243717,-0.100294623993693
2021-06-20 15:00:00,1572.625,-16.2684441314721,-0.0634771659511946,-0.0634753200159434
2021-06-20 19:00:00,1572.79166666667,-15.820180185533,0.00638203719913888,0.00638387309206734
2021-06-20 20:00:00,1572.83333333333,-16.162391413941,-0.0485188902006537,-0.0485170568206514
2021-06-20 21:00:00,1572.875,-15.0309671078481,0.13133175923092,0.131333590097061
2021-06-20 22:00:00,1572.91666666667,-14.7017607017632,0.183388907221674,0.183390735573016
2021-06-20 23:00:00,1572.95833333333,-14.3599035743655,0.237461707660885,0.237463533496498
2021-06-21,1573,-13.7581949220253,0.332929425416938,0.332931248735892
2021-06-21 01:00:00,1573.04166666667,-14.2048383765152,0.261394287287402,0.261396108088764
2021-06-21 02:00:00,1573.08333333333,-14.0441338510101,0.286610500484304,0.286612318767149
2021-06-21 03:00:00,1573.125,-13.6507323472222,0.348895892901529,0.348897708664929
2021-06-21 04:00:00,1573.16666666667,-12.8219419123737,0.480539437659499,0.480541250902527
2021-06-21 05:00:00,1573.20833333333,-12.4646616040404,0.53707146700172,0.537073277723456
2021-06-21 06:30:00,1573.27083333333,-12.3242911465823,0.558858834260787,0.558860641198852
2021-06-21 07:30:00,1573.3125,-12.1808434310606,0.581328141331746,0.581329945746215
2021-06-21 08:30:00,1573.35416666667,-12.2037189865823,0.577302417840141,0.577304219730093
2021-06-21 09:30:00,1573.39583333333,-12.3087645270886,0.560187342587779,0.560189141952299
2021-06-21 10:30:00,1573.4375,-11.8790987174684,0.628252553284217,0.62825435012239
2021-06-21 11:30:00,1573.47916666667,-11.4533367103797,0.695696271405299,0.695698065716208
2021-06-21 12:30:00,1573.52083333333,-11.4853813204545,0.690211454410684,0.690213246193419
2021-06-21 13:30:00,1573.5625,-11.8529017491184,0.631285486127145,0.631287275380795
2021-06-21 14:30:00,1573.60416666667,-12.5689924126263,0.516832416882528,0.516834203606181
2021-06-21 15:30:00,1573.64583333333,-12.6620934484848,0.501622427255136,0.501624211447886
2021-06-21 16:30:00,1573.6875,-13.5667531554156,0.357130948306925,0.357132729967866
2021-06-21 20:30:00,1573.85416666667,-17.47009249025,-0.266184088532716,-0.266182317008053
2021-06-21 21:30:00,1573.89583333333,-17.2275707035354,-0.227926798192172,-0.227925029203829
2021-06-21 22:30:00,1573.9375,-16.6578000389873,-0.137538139664544,-0.137536373213419
2021-06-21 23:30:00,1573.97916666667,-16.4265353681818,-0.10107333955563,-0.101071575642621
2021-06-22 00:30:00,1574.02083333333,-15.9693366949367,-0.0286167029251531,-0.0286149415511524
2021-06-22 01:30:00,1574.0625,-15.6291240756962,0.0252043603728311,0.0252061192069298
2021-06-22 02:30:00,1574.10416666667,-15.2567518592405,0.0841488593512503,0.0841506156445534
2021-06-22 03:30:00,1574.14583333333,-14.6905580795455,0.173969660915464,0.173971414667084
2021-06-22 04:30:00,1574.1875,-14.2522987387342,0.24341080418828,0.243412555397327
2021-06-22 06:00:00,1574.25,-14.2325012723785,0.246004460626443,0.246006208019968
2021-06-22 07:00:00,1574.29166666667,-14.9517175483461,0.131059884953987,0.131061629802722
2021-06-22 08:00:00,1574.33333333333,-15.433502530203,0.0539386740209984,0.0539404163240605
2021-06-22 09:00:00,1574.375,-15.0965075865482,0.107250080439438,0.107251820195949
2021-06-22 10:00:00,1574.41666666667,-15.160395951269,0.0967008796555089,0.0967026168645839
2021-06-22 11:00:00,1574.45833333333,-14.8258654901015,0.149620473039181,0.149622207699941
2021-06-22 12:00:00,1574.5,-15.4907913483461,0.0433263511956247,0.0433280833071966
2021-06-22 13:00:00,1574.54166666667,-15.6024617538265,0.0251666092096553,0.0251683387711591
2021-06-22 14:00:00,1574.58333333333,-16.3622081172589,-0.0962317049420286,-0.0962299779314674
2021-06-22 15:00:00,1574.625,-17.1993629525381,-0.229960852727166,-0.229959128268417
2021-06-22 16:00:00,1574.66666666667,-18.0843898397468,-0.371315661156246,-0.371313939250184
2021-06-22 17:00:00,1574.70833333333,-18.8848375751269,-0.499196558629952,-0.499194839277447
2021-06-22 18:00:00,1574.75,-19.5791840905473,-0.610175064125969,-0.610173347327889
2021-06-22 22:00:00,1574.91666666667,-19.2960111408163,-0.566535926533644,-0.566534219961916
2021-06-22 23:00:00,1574.95833333333,-19.5845326102421,-0.612864250280226,-0.612862546267244
2021-06-23,1575,-19.7214628172862,-0.635043584652811,-0.635041883199433
2021-06-23 01:00:00,1575.04166666667,-19.943552019145,-0.670788414619643,-0.670786715726727
2021-06-23 02:00:00,1575.08333333333,-20.7109460791822,-0.793400304852875,-0.793398608521279
2021-06-23 03:00:00,1575.125,-21.0213165394786,-0.843207615542447,-0.843205921773024
2021-06-23 04:00:00,1575.16666666667,-21.5101284977654,-0.921440390680933,-0.921438699474538
2021-06-23 05:30:00,1575.22916666667,-22.3256604464552,-1.05190149561331,-1.05189980825305
2021-06-23 06:30:00,1575.27083333333,-22.619945883209,-1.09914507179945,-1.09914338700435
2021-06-23 07:30:00,1575.3125,-22.9782561106542,-1.1565874485448,-1.1565857663157
2021-06-23 08:30:00,1575.35416666667,-23.3161084429907,-1.21077047344277,-1.21076879378052
2021-06-23 09:30:00,1575.39583333333,-23.4361731880819,-1.23025938533568,-1.23025770824113
2021-06-23 10:30:00,1575.4375,-22.9004487536313,-1.14528021738363,-1.14527854285762
2021-06-23 11:30:00,1575.47916666667,-22.8421193932836,-1.13635003079395,-1.13634835883732
2021-06-23 12:30:00,1575.52083333333,-22.8355743585502,-1.13566872900028,-1.13566705961387
2021-06-23 13:30:00,1575.5625,-23.4078152742537,-1.22718804725353,-1.22718638043818
2021-06-23 14:30:00,1575.60416666667,-23.5738958972119,-1.25400534497502,-1.25400368073157
2021-06-23 15:30:00,1575.64583333333,-23.8081245314126,-1.2916782737517,-1.29167661208099
2021-06-23 16:30:00,1575.6875,-23.9900149054004,-1.32101328425521,-1.32101162515807
2021-06-23 17:30:00,1575.72916666667,-23.3802612154851,-1.22423843345623,-1.22423677693349
2021-06-23 18:30:00,1575.77083333333,-22.4803276973929,-1.08123733227421,-1.0812356783267
2021-06-23 19:30:00,1575.8125,-21.022367516791,-0.849341788409343,-0.849340137037902
2021-06-23 23:00:00,1575.95833333333,-19.5434138896552,-0.614995234803427,-0.614993592454734
2021-06-23 23:30:00,1575.97916666667,-18.5525236322835,-0.45732414235494,-0.457322501296035
2021-06-24,1576,-17.1467933482759,-0.233568637841196,-0.233566998072286
2021-06-24 00:30:00,1576.02083333333,-16.3256313886274,-0.102935185742374,-0.102933547263663
2021-06-24 01:00:00,1576.04166666667,-17.7952756551724,-0.337228703096475,-0.337227065908171
2021-06-24 01:30:00,1576.0625,-17.6443654210216,-0.313366630980659,-0.313364995082963
2021-06-24 02:00:00,1576.08333333333,-18.3856207,-0.431627063195087,-0.431625428588208
2021-06-24 02:30:00,1576.10416666667,-18.3117685909804,-0.420040206529212,-0.420038573213353
2021-06-24 03:00:00,1576.125,-19.1942757517241,-0.560801965453418,-0.560800333428784
2021-06-24 03:30:00,1576.14583333333,-18.9050960743137,-0.514913074225791,-0.514911443492588
2021-06-24 04:30:00,1576.1875,-19.2384870923077,-0.568377479020777,-0.568375850871041
2021-06-24 05:00:00,1576.20833333333,-19.2816747568273,-0.575434644143674,-0.575433017285981
2021-06-24 05:30:00,1576.22916666667,-19.6980000461538,-0.641932799924035,-0.641931174358586
2021-06-24 06:00:00,1576.25,-19.6240019755511,-0.630321994430782,-0.630320370157782
2021-06-24 06:30:00,1576.27083333333,-20.0542050333333,-0.699030689329111,-0.699029066348763
2021-06-24 07:00:00,1576.29166666667,-19.3650541569138,-0.589425402913903,-0.589423781226409
2021-06-24 07:30:00,1576.3125,-19.9277179948718,-0.679234995347368,-0.67923337495293
2021-06-24 08:00:00,1576.33333333333,-19.5381803729459,-0.617358115029963,-0.617356495928786
2021-06-24 08:30:00,1576.35416666667,-19.60104981,-0.627549902744613,-0.627548284936899
2021-06-24 09:00:00,1576.375,-19.335526521519,-0.585428394826235,-0.585426778312185
2021-06-24 09:30:00,1576.39583333333,-19.5240000769231,-0.615628808766079,-0.615627193545897
2021-06-24 10:00:00,1576.41666666667,-19.3152307766272,-0.582548052091299,-0.582546438165186
2021-06-24 10:30:00,1576.4375,-19.0256152589744,-0.536588335368221,-0.536586722736377
2021-06-24 11:00:00,1576.45833333333,-18.5402304396794,-0.459442329122187,-0.459440717784817
2021-06-24 11:30:00,1576.47916666667,-18.4116749725,-0.43913939376807,-0.439137783725373
2021-06-24 12:00:00,1576.5,-17.7736533426854,-0.337678034718015,-0.337676425970192
2021-06-24 12:30:00,1576.52083333333,-19.8431024410256,-0.66751859751502,-0.667516990062274
2021-06-24 13:00:00,1576.54166666667,-19.3376873795591,-0.587181359662829,-0.587179753505359
2021-06-24 13:30:00,1576.5625,-20.5281025333333,-0.776990986974642,-0.776989382112647
2021-06-24 14:00:00,1576.58333333333,-20.731648589759,-0.809591561842591,-0.809589958276275
2021-06-24 14:30:00,1576.60416666667,-20.6301538102564,-0.793598813531311,-0.793597211260872
2021-06-24 15:00:00,1576.625,-20.4032931690763,-0.757635093814356,-0.757633492839995
2021-06-24 17:30:00,1576.72916666667,-20.0206402089958,-0.697553414954742,-0.697551820463764
2021-06-24 20:00:00,1576.83333333333,-18.7212864619792,-0.491438140974456,-0.491436552971835
2021-06-24 20:30:00,1576.85416666667,-18.0841571257143,-0.390117222890422,-0.390115636186067
2021-06-24 21:00:00,1576.875,-16.8367594130326,-0.191580016016633,-0.191578430610741
2021-06-24 21:30:00,1576.89583333333,-16.7205272490909,-0.17323818905838,-0.17323660495115
2021-06-25 02:00:00,1577.08333333333,-18.0861966760668,-0.39235214393111,-0.392350571520692
2021-06-25 03:00:00,1577.125,-17.8622003532468,-0.357015339363956,-0.357013769554987
2021-06-25 04:30:00,1577.1875,-17.3240592492593,-0.271807276896317,-0.271805710990986
2021-06-25 05:30:00,1577.22916666667,-17.26723332,-0.263099829049719,-0.26309826574779
2021-06-25 06:30:00,1577.27083333333,-17.3022907355556,-0.269029060809157,-0.269027500111404
2021-06-25 07:30:00,1577.3125,-16.9157629401852,-0.207799064137585,-0.207797506044785
2021-06-25 08:30:00,1577.35416666667,-15.7752148148148,-0.0264526868278342,-0.0264511313407633
2021-06-25 09:30:00,1577.39583333333,-15.7886185403704,-0.0289312605855599,-0.0289297077049893
2021-06-25 10:30:00,1577.4375,-15.4879574166667,0.0186213241674988,0.0186228744407976
2021-06-25 11:30:00,1577.47916666667,-15.3501317059369,0.0402345150346359,0.0402360626998912
2021-06-25 12:30:00,1577.52083333333,-15.2367217055659,0.0579586697344837,0.0579602147909287
2021-06-25 13:30:00,1577.5625,-14.9044267248609,0.110551762335403,0.11055330478227
2021-06-25 14:30:00,1577.60416666667,-14.6703619434701,0.147497118280241,0.147498658116764
2021-06-25 15:30:00,1577.64583333333,-14.4347630585821,0.184687262474656,0.184688799700073
2021-06-25 16:30:00,1577.6875,-14.1329981207477,0.232418110827401,0.232419645440948
2021-06-25 17:30:00,1577.72916666667,-13.9291607242991,0.264549436672648,0.264550968673564
2021-06-25 18:30:00,1577.77083333333,-13.7467108208955,0.293274124581928,0.293275653969454
2021-06-25 19:30:00,1577.8125,-13.6632317863551,0.306233087519453,0.306234614292831
2021-06-25 20:30:00,1577.85416666667,-13.5451716320896,0.324701252879203,0.324702777037676
2021-06-25 21:30:00,1577.89583333333,-13.4750167744403,0.33553847576596,0.335539997308774
2021-06-25 22:30:00,1577.9375,-13.4159720119403,0.344606258241167,0.344607777167569
2021-06-26 02:00:00,1578.08333333333,-13.7420709179669,0.291478350399944,0.291479860162989
2021-06-26 02:30:00,1578.10416666667,-13.7878174086957,0.284022719587064,0.284024228040311
2021-06-26 03:30:00,1578.14583333333,-13.8642234947005,0.271515116122074,0.271516621955165
2021-06-26 04:00:00,1578.16666666667,-13.8986346163462,0.265865522681395,0.265867027204129
2021-06-26 04:30:00,1578.1875,-14.0087165993088,0.248161608659637,0.248163111871827
2021-06-26 05:00:00,1578.20833333333,-14.0624422894231,0.239435394085019,0.239436895986478
2021-06-26 05:30:00,1578.22916666667,-14.1053318172811,0.232435489646447,0.232436990236992
2021-06-26 06:00:00,1578.25,-14.1173365778846,0.230355652468648,0.230357151748096
2021-06-26 06:30:00,1578.27083333333,-14.2828917085253,0.203815233402873,0.203816731371034
2021-06-26 07:00:00,1578.29166666667,-14.2793333514286,0.204214815593596,0.204216312250287
2021-06-26 07:30:00,1578.3125,-14.2748709884793,0.204758508393495,0.204760003738532
2021-06-26 08:00:00,1578.33333333333,-14.252371427619,0.208175641562463,0.208177135595659
2021-06-26 08:30:00,1578.35416666667,-13.9900069138249,0.249803535017851,0.249805027739023
2021-06-26 09:00:00,1578.375,-13.9560190657143,0.25505096432416,0.255052455733126
2021-06-26 09:30:00,1578.39583333333,-14.0764447099078,0.235700315877077,0.23570180597365
2021-06-26 10:00:00,1578.41666666667,-14.0553904666667,0.238887616539368,0.238889105323365
2021-06-26 10:30:00,1578.4375,-13.9787211928571,0.250934533273594,0.250936020744833
2021-06-26 11:00:00,1578.45833333333,-13.9498189933333,0.255372222919662,0.255373709077956
2021-06-26 11:30:00,1578.47916666667,-13.8774147502304,0.266739921196783,0.266741406041952
2021-06-26 12:00:00,1578.5,-13.8170475857143,0.276190206276368,0.27619168980823
2021-06-26 12:30:00,1578.52083333333,-13.8954457254042,0.263535181277009,0.263536663495377
2021-06-26 13:00:00,1578.54166666667,-13.8709237961905,0.267275498867665,0.267276979772359
2021-06-26 13:30:00,1578.5625,-13.4881520753456,0.328085366361942,0.328086845952779
2021-06-26 14:00:00,1578.58333333333,-13.4038857104762,0.341343219442025,0.341344697718822
2021-06-26 14:30:00,1578.60416666667,-13.2483686857143,0.365951455689107,0.365952932651683
2021-06-26 15:00:00,1578.625,-13.2286095295238,0.368933468609346,0.368934944257518
2021-06-26 15:30:00,1578.64583333333,-13.219133943649,0.370277403601551,0.370278877935139
2021-06-26 16:00:00,1578.66666666667,-13.206799987619,0.372076781195314,0.372078254214135
2021-06-26 16:30:00,1578.6875,-12.9899006496536,0.406463672530789,0.406465144234663
2021-06-26 17:00:00,1578.70833333333,-12.9506190466667,0.412556033991998,0.412557504380741
2021-06-26 17:30:00,1578.72916666667,-12.4856474619816,0.486461215997798,0.486462685071232
2021-06-26 18:00:00,1578.75,-12.1610381342857,0.538006692438614,0.538008160196557
2021-06-26 18:30:00,1578.77083333333,-11.8260894823684,0.591199332915619,0.591200799357891
2021-06-26 19:00:00,1578.79166666667,-11.8644381292135,0.58492554925715,0.584927014383571
2021-06-26 19:30:00,1578.8125,-11.62309003903,0.623207758023461,0.623209221833851
2021-06-26 20:00:00,1578.83333333333,-11.4591142952381,0.649164599080841,0.649166061575017
2021-06-26 20:30:00,1578.85416666667,-11.5422124822171,0.635762488787891,0.635763949965676
2021-06-26 21:00:00,1578.875,-11.5575523685714,0.633154426610055,0.633155886471269
2021-06-26 21:30:00,1578.89583333333,-11.7887281009217,0.596163662351836,0.596165120896299
2021-06-26 22:00:00,1578.91666666667,-11.8260480538462,0.590054364734626,0.590055821962159
2021-06-26 22:30:00,1578.9375,-11.7034953896313,0.609412991742516,0.609414447652941
2021-06-26 23:00:00,1578.95833333333,-11.6793904390476,0.613088930105869,0.613090384699004
2021-06-26 23:30:00,1578.97916666667,-11.6781842956221,0.613117174634999,0.613118627910667
2021-06-27,1579,-11.7022728045455,0.609116065499986,0.60911751745801
2021-06-27 03:30:00,1579.14583333333,-11.4641561297398,0.645904547436841,0.645905990166367
2021-06-27 04:30:00,1579.1875,-11.5672652974026,0.629153343168473,0.629154783259691
2021-06-27 05:30:00,1579.22916666667,-11.7013061430427,0.607475111454951,0.607476548907152
2021-06-27 06:30:00,1579.27083333333,-11.7629405208178,0.597331692942515,0.597333127754995
2021-06-27 07:30:00,1579.3125,-11.7903803298701,0.592635904957674,0.592637337129732
2021-06-27 08:30:00,1579.35416666667,-11.8000482525046,0.590771602639826,0.590773032170756
2021-06-27 09:30:00,1579.39583333333,-11.8344731205937,0.584963912846287,0.584965339735392
2021-06-27 10:30:00,1579.4375,-11.8489052124535,0.58234149838593,0.58234292263251
2021-06-27 11:30:00,1579.47916666667,-11.9419703139147,0.567193201262522,0.56719462286588
2021-06-27 12:30:00,1579.52083333333,-12.0155714294991,0.555145943122647,0.555147362082087
2021-06-27 13:30:00,1579.5625,-12.0768794128015,0.545057402029562,0.545058818344391
2021-06-27 14:30:00,1579.60416666667,-12.2255538910781,0.521051728308526,0.521053141978048
2021-06-27 15:30:00,1579.64583333333,-12.1435499998148,0.533793696320356,0.533795107343883
2021-06-27 16:30:00,1579.6875,-12.3994925996296,0.492700959586943,0.492702367963785
2021-06-27 17:30:00,1579.72916666667,-12.3148851751852,0.505858498028006,0.505859903757473
2021-06-27 18:30:00,1579.77083333333,-12.2803277881481,0.511043442856777,0.511044845938184
2021-06-27 19:30:00,1579.8125,-12.12318518,0.535756714286522,0.535758114719184
2021-06-27 20:30:00,1579.85416666667,-11.9048704,0.570215169847643,0.570216567630875
2021-06-27 21:30:00,1579.89583333333,-12.3498574133333,0.499009589331811,0.499010984464932
2021-06-27 22:30:00,1579.9375,-11.8753796314815,0.574275821517864,0.574277214000194
2021-06-27 23:30:00,1579.97916666667,-11.6057296422222,0.616913253902779,0.616914643733637
2021-06-28 00:30:00,1580.02083333333,-11.5215722231481,0.630002001396269,0.630003388574978
2021-06-28 01:30:00,1580.0625,-11.5456998053537,0.625841285061209,0.625842669587096
2021-06-28 05:00:00,1580.20833333333,-11.7644267294991,0.589891080992902,0.589892456228601
2021-06-28 06:00:00,1580.25,-11.825376629128,0.579866409344726,0.579867781924578
2021-06-28 07:00:00,1580.29166666667,-11.8925343237477,0.568853246667109,0.568854616590446
2021-06-28 08:00:00,1580.33333333333,-11.8627050068646,0.573290599540209,0.573291966806365
2021-06-28 09:00:00,1580.375,-11.911100203154,0.565267147036096,0.565268511644406
2021-06-28 10:00:00,1580.41666666667,-11.9567421233766,0.557682709009341,0.557684070959142
2021-06-28 11:00:00,1580.45833333333,-11.7930944555556,0.583438667712047,0.583440027002678
2021-06-28 12:00:00,1580.5,-11.8857439608534,0.568366719537534,0.568368076168335
2021-06-28 13:00:00,1580.54166666667,-11.956907402963,0.556717932697212,0.556719286667524
2021-06-28 14:00:00,1580.58333333333,-11.8882833305556,0.567337813087602,0.567339164396768
2021-06-28 15:00:00,1580.625,-11.8176537181481,0.578277593867344,0.578278942514709
2021-06-28 16:00:00,1580.66666666667,-12.0762962931481,0.536764496485016,0.536765842469925
2021-06-28 17:00:00,1580.70833333333,-12.0838685137037,0.535247502737074,0.535248846058876
2021-06-28 18:00:00,1580.75,-11.7691889025926,0.585065872971426,0.585067213629471
2021-06-28 19:00:00,1580.79166666667,-11.680268527037,0.598921052723232,0.598922390716868
2021-06-28 20:00:00,1580.83333333333,-12.1010055577778,0.531587860675231,0.531589196003812
2021-06-28 21:00:00,1580.875,-12.0742518737037,0.535540676668868,0.535542009331748
2021-06-28 22:00:00,1580.91666666667,-11.7952166774074,0.579682535390694,0.579683865387226
2021-06-28 23:00:00,1580.95833333333,-12.0698814896296,0.535620004780652,0.535621332110195
2021-06-29,1581,-12.0687866233766,0.535486605876887,0.535487930538799
2021-06-29 01:00:00,1581.04166666667,-11.8006389162963,0.577895333377898,0.577896655371537
2021-06-29 02:30:00,1581.10416666667,-11.5712518824627,0.613976545138009,0.613977863128043
2021-06-29 06:30:00,1581.27083333333,-11.5423606250929,0.61735606268321,0.617357369989978
2021-06-29 07:30:00,1581.3125,-11.5222472104089,0.62025547112984,0.620256775764213
2021-06-29 08:30:00,1581.35416666667,-11.5882355164093,0.60943923314045,0.609440535101798
2021-06-29 09:30:00,1581.39583333333,-11.7023828957249,0.590951639711229,0.590952938998925
2021-06-29 10:30:00,1581.4375,-11.5589089081784,0.613503733632585,0.613505030246004
2021-06-29 11:30:00,1581.47916666667,-11.4471873669759,0.630998059826268,0.630999353764784
2021-06-29 12:30:00,1581.52083333333,-11.5421407518519,0.615569342424165,0.615570633687157
2021-06-29 13:30:00,1581.5625,-11.8794648164815,0.561531222512264,0.561532511099109
2021-06-29 14:30:00,1581.60416666667,-12.2813036994444,0.497216266067723,0.497217551977803
2021-06-29 15:30:00,1581.64583333333,-12.0158574051852,0.539200735490502,0.5392020187232
2021-06-29 16:30:00,1581.6875,-12.0061259083333,0.540450075389413,0.54045135594411
2021-06-29 17:30:00,1581.72916666667,-12.5066586174397,0.460414383232413,0.460415661108495
2021-06-29 18:30:00,1581.77083333333,-12.3055515118182,0.492150835710394,0.492152110907249
2021-06-29 21:30:00,1581.89583333333,-11.5179649165414,0.616716309700823,0.616717576856326
2021-06-29 22:00:00,1581.91666666667,-11.2768857507143,0.654971156099483,0.654972421914229
2021-06-29 23:00:00,1581.95833333333,-11.3083339653061,0.649663275148556,0.64966453828133
2021-06-30,1582,-11.6355213367347,0.597244356766334,0.597245617216533
2021-06-30 01:00:00,1582.04166666667,-11.8354285697588,0.565101677132201,0.565102934899221
2021-06-30 02:30:00,1582.10416666667,-12.2184185155556,0.503645924345524,0.503647178086647
2021-06-30 03:30:00,1582.14583333333,-12.6297166831481,0.437829572799189,0.43783082385563
2021-06-30 04:30:00,1582.1875,-12.726557412963,0.422106938082748,0.422108186453909
2021-06-30 08:00:00,1582.33333333333,-12.5818960922078,0.444119487086439,0.444120726054432
2021-06-30 09:00:00,1582.375,-12.6570985239777,0.431845750830736,0.431846987110775
2021-06-30 10:00:00,1582.41666666667,-12.4898444488889,0.458195932488238,0.458197166079736
2021-06-30 11:00:00,1582.45833333333,-12.4335584328386,0.46686924630047,0.466870477202836
2021-06-30 12:00:00,1582.5,-12.285714261039,0.490128263161046,0.490129491373694
2021-06-30 13:00:00,1582.54166666667,-12.9486641851577,0.384227624697353,0.384228850219699
2021-06-30 14:00:00,1582.58333333333,-12.766712442115,0.412920849298381,0.41292207212984
2021-06-30 15:00:00,1582.625,-12.870150012963,0.396151776112239,0.396152996252227
2021-06-30 16:00:00,1582.66666666667,-12.8432629837037,0.400143928862483,0.400145146310423
2021-06-30 17:00:00,1582.70833333333,-12.5317462977778,0.449478213476486,0.449479428231797
2021-06-30 18:30:00,1582.77083333333,-12.7706122330241,0.410991675813644,0.410992886528929
2021-06-30 19:30:00,1582.8125,-11.995718598995,0.534143300438706,0.53414450845992
2021-06-30 20:00:00,1582.83333333333,-11.9243857192857,0.545362095884311,0.545363302558276
2021-06-30 20:30:00,1582.85416666667,-13.6248270619048,0.274336097769169,0.27433730309574
2021-06-30 21:00:00,1582.875,-14.2450214257143,0.175394321542557,0.17539552552159
2021-06-30 21:30:00,1582.89583333333,-13.868518806015,0.235227193265679,0.235228395897035
2021-06-30 22:00:00,1582.91666666667,-13.751714265,0.253690081714276,0.253691282997808
2021-06-30 22:30:00,1582.9375,-13.0638170205514,0.363128552191564,0.363129752127132
2021-06-30 23:00:00,1582.95833333333,-13.1777928314286,0.344828178207388,0.344829376794848
2021-07-01,1583,-13.0525656492424,0.364489385007297,0.364490580898117
2021-07-01 00:30:00,1583.02083333333,-12.9861857335714,0.374920126098155,0.374921320640444
2021-07-01 01:30:00,1583.0625,-13.7205944511335,0.257641357830487,0.257642549675285
2021-07-01 02:00:00,1583.08333333333,-13.7338905364964,0.255379974136341,0.255381164632182
2021-07-01 02:30:00,1583.10416666667,-13.5946967596491,0.277410440872519,0.277411630019262
2021-07-01 03:00:00,1583.125,-13.5984671379562,0.276666721956167,0.276667909753671
2021-07-01 03:30:00,1583.14583333333,-13.5150554246851,0.28981127897544,0.289812465423566
2021-07-01 04:00:00,1583.16666666667,-13.5465036357664,0.284658674429184,0.284659859527789
2021-07-01 04:30:00,1583.1875,-13.5475566657431,0.284348150436146,0.284349334185092
2021-07-01 05:00:00,1583.20833333333,-13.5068656552239,0.290687588425666,0.290688770824812
2021-07-01 05:30:00,1583.22916666667,-13.5940126648101,0.27666244497679,0.276663626025997
2021-07-01 06:00:00,1583.25,-13.5704452970803,0.280274287489547,0.280275467188673
2021-07-01 09:30:00,1583.39583333333,-13.8621098769088,0.232817704015361,0.232818874260041
2021-07-01 10:30:00,1583.4375,-13.8746299171963,0.230540153244604,0.230541320786766
2021-07-01 11:30:00,1583.47916666667,-13.9492003574906,0.218378356287825,0.21837952112692
2021-07-01 12:30:00,1583.52083333333,-14.1977267468401,0.178505679357466,0.178506841492944
2021-07-01 13:30:00,1583.5625,-14.6497439276636,0.106217201094888,0.106218360526201
2021-07-01 14:30:00,1583.60416666667,-14.6937825280669,0.0989204295508618,0.0989215862774639
2021-07-01 15:30:00,1583.64583333333,-15.1938435899441,0.0189793814701601,0.018980535491507
2021-07-01 16:30:00,1583.6875,-15.6705844187384,-0.0572463092161515,-0.0572451579006047
2021-07-01 17:30:00,1583.72916666667,-15.1393803361781,0.0270947725093473,0.027095921118554
2021-07-01 18:30:00,1583.77083333333,-14.913294980705,0.0628306508550687,0.0628317967573949
2021-07-01 19:30:00,1583.8125,-15.1075296224074,0.0316096813150254,0.0316108245099312
2021-07-01 20:30:00,1583.85416666667,-15.1019646860595,0.0322173555109382,0.0322184959978878
2021-07-01 21:30:00,1583.89583333333,-15.0931524163569,0.0333427605471052,0.0333438983255616
2021-07-01 22:30:00,1583.9375,-15.8417048141876,-0.0861801387179576,-0.0861790036485268
2021-07-01 23:30:00,1583.97916666667,-16.3874282776536,-0.173391815193226,-0.173390682833353
2021-07-02 01:00:00,1584.04166666667,-18.4981409584416,-0.510045357791754,-0.510044229497216
2021-07-02 02:00:00,1584.08333333333,-19.1766598713755,-0.618410372138904,-0.618409246555249
2021-07-02 03:00:00,1584.125,-20.1626586350649,-0.775756717341866,-0.775755594469622
2021-07-02 04:00:00,1584.16666666667,-21.2392360319703,-0.947531874304792,-0.947530754144483
2021-07-02 05:00:00,1584.20833333333,-22.0713617723562,-1.08036527831474,-1.08036416086689
2021-07-02 06:00:00,1584.25,-22.305872012987,-1.11799767662804,-1.11799656189317
2021-07-02 07:00:00,1584.29166666667,-22.530029596846,-1.15398045965631,-1.15397934763495
2021-07-02 11:00:00,1584.45833333333,-22.5671598462825,-1.16098831441967,-1.1609872132575
2021-07-02 12:00:00,1584.5,-22.466111328757,-1.14516338268043,-1.14516228423435
2021-07-02 13:00:00,1584.54166666667,-22.0940539169145,-1.08616610990663,-1.08616501417715
2021-07-02 14:00:00,1584.58333333333,-22.2851724998145,-1.11688274490489,-1.11688165189252
2021-07-02 15:00:00,1584.625,-22.2643284040816,-1.11383314294386,-1.1138320526491
2021-07-02 16:00:00,1584.66666666667,-22.0857513842301,-1.08565614253202,-1.08565505495539
2021-07-02 17:00:00,1584.70833333333,-22.0469370355556,-1.07974300445532,-1.07974191959732
2021-07-02 18:00:00,1584.75,-21.7101295833333,-1.02635892083606,-1.02635783869719
2021-07-02 19:00:00,1584.79166666667,-21.3453407361111,-0.968516949661399,-0.968515870242167
2021-07-02 20:00:00,1584.83333333333,-21.2144611162963,-0.94793645409307,-0.947935377393976
2021-07-02 21:00:00,1584.875,-21.0214935191095,-0.917464867748769,-0.917463793770314
2021-07-02 22:00:00,1584.91666666667,-20.7026703998148,-0.866943975045439,-0.866942903788119
2021-07-02 23:00:00,1584.95833333333,-20.5058865791822,-0.835863597943094,-0.835862529407406
2021-07-03 00:30:00,1585.02083333333,-20.075016712616,-0.767626049429776,-0.767624984977464
2021-07-03 01:30:00,1585.0625,-19.845180289777,-0.731279288860272,-0.731278227130828
2021-07-03 02:30:00,1585.10416666667,-19.8150203857143,-0.726740708057636,-0.72673964905155
2021-07-03 03:30:00,1585.14583333333,-19.6899573044527,-0.707083550806405,-0.707082494524166
2021-07-03 04:30:00,1585.1875,-19.2778051786642,-0.641692470966795,-0.641691417408893
2021-07-03 05:30:00,1585.22916666667,-19.1390148183673,-0.619847682943907,-0.619846632110827
2021-07-03 06:30:00,1585.27083333333,-19.0916574074074,-0.612567796180066,-0.612566748072292
2021-07-03 07:30:00,1585.3125,-19.0544703342593,-0.606907618452664,-0.606906573070684
2021-07-03 08:30:00,1585.35416666667,-18.8880944712963,-0.580667141007797,-0.580666098352089
2021-07-03 12:00:00,1585.5,-18.808750175,-0.568945732135414,-0.568944699025435
2021-07-03 12:30:00,1585.52083333333,-18.6751177652336,-0.547788730716805,-0.547787698970978
2021-07-03 13:00:00,1585.54166666667,-18.192499675,-0.471037952547142,-0.471036922165586
2021-07-03 13:30:00,1585.5625,-18.2662355057944,-0.48291464309464,-0.482913614077473
2021-07-03 14:00:00,1585.58333333333,-18.3345003,-0.493919685107213,-0.493918657454553
2021-07-03 14:30:00,1585.60416666667,-18.2769475822097,-0.484881799034749,-0.484880772746715
2021-07-03 15:00:00,1585.625,-18.47450065,-0.51648233837691,-0.51648131345362
2021-07-03 15:30:00,1585.64583333333,-18.2874990947664,-0.486822942917146,-0.486821919358716
2021-07-03 16:00:00,1585.66666666667,-18.155499925,-0.465925358204282,-0.46592433601083
2021-07-03 16:30:00,1585.6875,-18.1175682164486,-0.460012678704622,-0.460011657876267
2021-07-03 17:00:00,1585.70833333333,-18.369249825,-0.50023549898395,-0.500234479520806
2021-07-03 17:30:00,1585.72916666667,-18.3384579568224,-0.495459983947989,-0.495458965850176
2021-07-03 18:00:00,1585.75,-18.5726662,-0.532899067393254,-0.532898050660887
2021-07-03 18:30:00,1585.77083333333,-18.3607113517691,-0.499263942896936,-0.499262927530131
2021-07-03 19:00:00,1585.79166666667,-18.4716663333333,-0.517068476379171,-0.517067462378045
2021-07-03 19:30:00,1585.8125,-18.4263910608939,-0.509985310074809,-0.509984297439479
2021-07-03 20:00:00,1585.83333333333,-18.5716667,-0.533256931453375,-0.533255920183955
2021-07-03 20:30:00,1585.85416666667,-18.422260718622,-0.509585451392888,-0.509584441489495
2021-07-03 21:00:00,1585.875,-18.4656664666667,-0.516628908885672,-0.516627900348421
2021-07-03 21:30:00,1585.89583333333,-18.4574531705993,-0.515449307017901,-0.515448299846907
2021-07-03 22:30:00,1585.9375,-18.4603339802239,-0.516165459876269,-0.516164455438136
2021-07-03 23:30:00,1585.97916666667,-18.4267856071429,-0.511077982715443,-0.511076981010629
2021-07-04,1586,-18.3176702543103,-0.493824067122362,-0.493823066784379
2021-07-04 00:30:00,1586.02083333333,-18.6854287571429,-0.552536388671959,-0.552535389700921
2021-07-04 01:00:00,1586.04166666667,-18.5752571478095,-0.535113992957664,-0.535112995353686
2021-07-04 01:30:00,1586.0625,-18.6195712714286,-0.542301176022546,-0.542300179785742
2021-07-04 02:00:00,1586.08333333333,-18.5720725097328,-0.534862391952216,-0.534861397082698
2021-07-04 02:30:00,1586.10416666667,-19.5206428214286,-0.68609801416609,-0.686097020663972
2021-07-04 03:00:00,1586.125,-19.959266668381,-0.756098691205626,-0.756097699071022
2021-07-04 03:30:00,1586.14583333333,-20.8949999,-0.905289139520007,-0.905288148753029
2021-07-04 04:00:00,1586.16666666667,-21.0357942866667,-0.927845152801068,-0.927844163401829
2021-07-04 04:30:00,1586.1875,-22.1514283714286,-1.10569371764542,-1.10569272961404
2021-07-04 05:00:00,1586.20833333333,-22.3571752561905,-1.1385964923212,-1.13859550565778
2021-07-04 05:30:00,1586.22916666667,-23.12435735,-1.2609361879985,-1.26093520270315
2021-07-04 06:00:00,1586.25,-23.1124495209524,-1.25916619319282,-1.25916520926567
2021-07-04 06:30:00,1586.27083333333,-23.7599284142857,-1.36243686542745,-1.36243588286859
2021-07-04 07:00:00,1586.29166666667,-23.7864304902857,-1.36678537784614,-1.3667843966557
2021-07-04 07:30:00,1586.3125,-23.8872855,-1.38297825666569,-1.38297727684377
2021-07-04 08:00:00,1586.33333333333,-23.9776431328244,-1.39749878675556,-1.39749780830228
2021-07-04 08:30:00,1586.35416666667,-23.9862145,-1.39899059717637,-1.39898962009183
2021-07-04 09:00:00,1586.375,-23.95749144,-1.39454126957505,-1.39454029385937
2021-07-04 09:30:00,1586.39583333333,-23.8609998444444,-1.37929625669336,-1.37929528234665
2021-07-04 10:00:00,1586.41666666667,-23.8781125958015,-1.38214838830363,-1.38214741532599
2021-07-04 13:30:00,1586.5625,-23.9220605055556,-1.3900286706876,-1.3900277072966
2021-07-04 14:00:00,1586.58333333333,-24.1494499752941,-1.42637715998739,-1.42637619796634
2021-07-04 14:30:00,1586.60416666667,-23.655753758794,-1.34785607487348,-1.34785511422249
2021-07-04 15:00:00,1586.625,-23.5975088670588,-1.33870258765822,-1.33870162837741
2021-07-04 15:30:00,1586.64583333333,-23.5286834100503,-1.32786349950268,-1.32786254159215
2021-07-04 16:00:00,1586.66666666667,-23.3869176441176,-1.30540485866423,-1.30540390212409
2021-07-04 16:30:00,1586.6875,-23.0530452256281,-1.25234338142844,-1.2523424262588
2021-07-04 17:00:00,1586.70833333333,-22.8740529661765,-1.22395431482745,-1.22395336102841
2021-07-04 17:30:00,1586.72916666667,-22.5199898773869,-1.16767623060998,-1.16767527818166
2021-07-04 18:00:00,1586.75,-22.3817029452941,-1.14577133293947,-1.14577038188198
2021-07-04 18:30:00,1586.77083333333,-21.8725577668342,-1.06478834217577,-1.0647873924892
2021-07-04 19:00:00,1586.79166666667,-21.7459793941176,-1.04474840751097,-1.04474745919544
2021-07-04 19:30:00,1586.8125,-21.9354070472362,-1.07504834912462,-1.07504740218023
2021-07-04 20:00:00,1586.83333333333,-21.8244545184751,-1.0574974036347,-1.05749645806156
2021-07-04 20:30:00,1586.85416666667,-21.3853064668342,-0.987664567326856,-0.987663623125068
2021-07-04 21:00:00,1586.875,-21.256302086217,-0.96723772993905,-0.967236787108725
2021-07-04 21:30:00,1586.89583333333,-21.0879195879397,-0.940537820745561,-0.940536879286802
2021-07-04 22:00:00,1586.91666666667,-21.1424281695015,-0.949344510312992,-0.949343570225908
2021-07-04 23:00:00,1586.95833333333,-20.4537942794258,-0.839891177984117,-0.839890240640699
2021-07-04 23:30:00,1586.97916666667,-20.3013848675758,-0.815735354625518,-0.81573441865409
2021-07-05,1587,-19.8516459301435,-0.744214615764934,-0.744213681165603
2021-07-05 00:30:00,1587.02083333333,-19.6815090918182,-0.717234581482064,-0.717233648254932
2021-07-05 01:00:00,1587.04166666667,-20.3594470942308,-0.825353365740595,-0.825352433885771
2021-07-05 01:30:00,1587.0625,-20.5096181809091,-0.849398393525288,-0.849397463042873
2021-07-05 02:00:00,1587.08333333333,-20.8542584210526,-0.904422386762703,-0.904421457652802
2021-07-05 02:30:00,1587.10416666667,-20.7715333190909,-0.891366665922209,-0.891365738184928
2021-07-05 03:00:00,1587.125,-21.1548755894737,-0.952555700857916,-0.952554774493359
2021-07-05 03:30:00,1587.14583333333,-21.0715848360606,-0.939409651929827,-0.939408726938096
2021-07-05 04:00:00,1587.16666666667,-22.411559869378,-1.15299075018409,-1.15298982656529
2021-07-05 04:30:00,1587.1875,-22.6408515321212,-1.18963908405513,-1.18963816180937
2021-07-05 05:00:00,1587.20833333333,-23.6908708688995,-1.3570298131437,-1.35702889227107
2021-07-05 05:30:00,1587.22916666667,-23.5555380261398,-1.33559298319065,-1.33559206369127
2021-07-05 06:00:00,1587.25,-24.6511723004785,-1.51024998486601,-1.51024906673997
2021-07-05 06:30:00,1587.27083333333,-24.9274909681818,-1.55438931510615,-1.55438839835355
2021-07-05 07:00:00,1587.29166666667,-24.9803397258373,-1.56292961916059,-1.56292870378154
2021-07-05 07:30:00,1587.3125,-24.9715757536364,-1.56165486148333,-1.56165394747793
2021-07-05 08:00:00,1587.33333333333,-25.1410143593301,-1.58876779195855,-1.5887668793269
2021-07-05 08:30:00,1587.35416666667,-25.12640907,-1.58656228856905,-1.58656137731125
2021-07-05 09:00:00,1587.375,-24.6251100440191,-1.50682601525078,-1.50682510536694
2021-07-05 09:30:00,1587.39583333333,-24.906575750303,-1.55178461325714,-1.55178370474736
2021-07-05 10:00:00,1587.41666666667,-24.9578382647059,-1.5600715683769,-1.56007066124128
2021-07-05 10:30:00,1587.4375,-24.72123028,-1.52250043734337,-1.52249953158201
2021-07-05 11:00:00,1587.45833333333,-23.8145882941176,-1.37819230116299,-1.37819139677599
2021-07-05 11:30:00,1587.47916666667,-23.8241939493939,-1.37984295902069,-1.37984205600816
2021-07-05 15:00:00,1587.625,-22.5046700588832,-1.17048207088434,-1.17048117749585
2021-07-05 15:30:00,1587.64583333333,-22.1164068696552,-1.10875105725308,-1.10875016523985
2021-07-05 16:00:00,1587.66666666667,-21.4705989954315,-1.00599288115862,-1.00599199052075
2021-07-05 16:30:00,1587.6875,-21.4261527569444,-0.999031933263302,-0.999031044000891
2021-07-05 17:00:00,1587.70833333333,-20.9059010208122,-0.916274719447249,-0.916273831560396
2021-07-05 17:30:00,1587.72916666667,-20.8618827710345,-0.909381730185105,-0.909380843673909
2021-07-05 18:00:00,1587.75,-20.1858527928934,-0.801808710791334,-0.801807825655894
2021-07-05 18:30:00,1587.77083333333,-20.0521587096552,-0.780630076840282,-0.780629193080694
2021-07-05 19:00:00,1587.79166666667,-19.6267461728426,-0.712980374578795,-0.712979492195159
2021-07-05 19:30:00,1587.8125,-19.498731062069,-0.692706184603473,-0.692705303595885
2021-07-05 20:00:00,1587.83333333333,-19.0398320251908,-0.619721838525067,-0.619720958893625
2021-07-05 20:30:00,1587.85416666667,-18.9252069262069,-0.601580466539537,-0.601579588284338
2021-07-05 21:00:00,1587.875,-18.4787277071247,-0.530574385824007,-0.53057350894515
2021-07-05 21:30:00,1587.89583333333,-18.4284068813793,-0.522676510000237,-0.522675634497817
2021-07-05 22:30:00,1587.9375,-17.8413242787129,-0.429390036353782,-0.429389163604527
2021-07-05 23:00:00,1587.95833333333,-17.809251742963,-0.424398795276501,-0.424397923903974
2021-07-05 23:30:00,1587.97916666667,-17.5996138928218,-0.391121162399354,-0.39112029240365
2021-07-06,1588,-17.6680945594595,-0.40214789764988,-0.402147029031096
2021-07-06 00:30:00,1588.02083333333,-17.2358881159204,-0.333414708094892,-0.333413840853124
2021-07-06 01:00:00,1588.04166666667,-17.3297910380597,-0.348491006084463,-0.348490140219805
2021-07-06 01:30:00,1588.0625,-16.8974577266169,-0.279737385622186,-0.279736521134735
2021-07-06 02:00:00,1588.08333333333,-16.6086269074627,-0.233843704327775,-0.233842841217625
2021-07-06 02:30:00,1588.10416666667,-16.1982029905941,-0.16858004525817,-0.168579183525417
2021-07-06 03:00:00,1588.125,-16.2610667244444,-0.178711336732841,-0.178710476377579
2021-07-06 03:30:00,1588.14583333333,-15.9985742514851,-0.137013041511793,-0.137012182534118
2021-07-06 04:00:00,1588.16666666667,-15.9229926037037,-0.125089663847989,-0.125088806247995
2021-07-06 04:30:00,1588.1875,-15.9059601900498,-0.122493110543317,-0.122492254321097
2021-07-06 05:00:00,1588.20833333333,-16.0137538074627,-0.139781322697481,-0.13978046785313
2021-07-06 05:30:00,1588.22916666667,-15.8193449647643,-0.108928356491075,-0.108927503024686
2021-07-06 06:00:00,1588.25,-15.8470666607407,-0.113460833310562,-0.113459981222231
2021-07-06 06:30:00,1588.27083333333,-18.7464849905,-0.57545652550429,-0.575455674794109
2021-07-06 07:00:00,1588.29166666667,-18.8826814688889,-0.597268891590396,-0.597268042258457
2021-07-06 07:30:00,1588.3125,-17.7340820475124,-0.414412242145996,-0.414411394192394
2021-07-06 08:00:00,1588.33333333333,-17.7502369177778,-0.417101673126119,-0.417100826550946
2021-07-06 08:30:00,1588.35416666667,-16.8675370631188,-0.276602793496526,-0.276601948299874
2021-07-06 09:00:00,1588.375,-16.9461641985075,-0.28924387974612,-0.289243035928084
2021-07-06 09:30:00,1588.39583333333,-16.6683759338346,-0.245107627440761,-0.245106785001432
2021-07-06 10:00:00,1588.41666666667,-16.7094444451852,-0.251765376773809,-0.251764535713279
2021-07-06 10:30:00,1588.4375,-16.5342846486146,-0.223977691479648,-0.22397685179801
2021-07-06 11:00:00,1588.45833333333,-16.7329185066667,-0.255735491813705,-0.255734653511049
2021-07-06 11:30:00,1588.47916666667,-16.591744945202,-0.233361616702698,-0.233360779779115
2021-07-06 12:00:00,1588.5,-16.6134661639098,-0.236936885779506,-0.236936050235091
2021-07-06 12:30:00,1588.52083333333,-16.4944962327456,-0.218099843427077,-0.218099009261918
2021-07-06 13:00:00,1588.54166666667,-16.5827482155556,-0.232273289324351,-0.23227245653854
2021-07-08 01:30:00,1590.0625,-22.971514864684,-1.25809178825723,-1.25809105639674
2021-07-08 02:30:00,1590.10416666667,-22.5183469536178,-1.18611492056699,-1.18611419147769
2021-07-08 04:30:00,1590.1875,-22.1091027671679,-1.12134689617705,-1.12134617263103
2021-07-08 05:00:00,1590.20833333333,-22.0388928664286,-1.11026834593563,-1.11026762377562
2021-07-08 06:00:00,1590.25,-22.0180476032581,-1.10715921921396,-1.10715849982619
2021-07-08 06:30:00,1590.27083333333,-22.0142357835714,-1.10665759506523,-1.10665687706369
2021-07-08 07:00:00,1590.29166666667,-22.221416043609,-1.13976704807775,-1.13976633146253
2021-07-08 07:30:00,1590.3125,-22.2649857007143,-1.1468131031951,-1.14681238796626
2021-07-08 08:00:00,1590.33333333333,-22.6663634295739,-1.21085812789355,-1.21085741405117
2021-07-08 08:30:00,1590.35416666667,-22.7238286421429,-1.22011753102592,-1.22011681857007
2021-07-08 09:00:00,1590.375,-22.8622581401003,-1.24227449070834,-1.24227377963911
2021-07-08 09:30:00,1590.39583333333,-22.9185571814286,-1.25134789797449,-1.25134718829193
2021-07-08 10:00:00,1590.41666666667,-23.1047719027569,-1.28111685390672,-1.28111614561092
2021-07-08 10:30:00,1590.4375,-23.0782071528571,-1.27698977600675,-1.27698906909778
2021-07-08 11:00:00,1590.45833333333,-23.1679298012531,-1.29138725173158,-1.29138654620952
2021-07-08 11:30:00,1590.47916666667,-23.2020428571429,-1.29692596759336,-1.29692526345827
2021-07-08 12:00:00,1590.5,-23.1431407113065,-1.2876471832994,-1.28764648055136
2021-07-08 12:30:00,1590.52083333333,-23.1954610049645,-1.29608610103353,-1.29608539967261
2021-07-08 13:00:00,1590.54166666667,-23.1821428403509,-1.29406865338129,-1.29406795340756
2021-07-08 13:30:00,1590.5625,-23.1979503595745,-1.29669083588686,-1.29669013730041
2021-07-08 14:00:00,1590.58333333333,-23.3479874288221,-1.32069576952901,-1.32069507232989
2021-07-08 14:30:00,1590.60416666667,-23.3560992539007,-1.32209179823586,-1.32209110242416
2021-07-08 15:00:00,1590.625,-23.2950100566416,-1.31246394250144,-1.31246324807722
2021-07-08 15:30:00,1590.64583333333,-23.2768936021277,-1.30968156325092,-1.30968087021426
2021-07-08 16:00:00,1590.66666666667,-23.2032957290727,-1.29806084222159,-1.29806015057255
2021-07-08 16:30:00,1590.6875,-23.2334468652482,-1.30296730033219,-1.30296661007085
2021-07-08 17:00:00,1590.70833333333,-23.1779223278195,-1.29422545022872,-1.29422476135515
2021-07-08 17:30:00,1590.72916666667,-23.1903475489362,-1.29630793302201,-1.29630724553628
2021-07-08 18:00:00,1590.75,-23.0827869634085,-1.27927647886302,-1.2792757927652
2021-07-08 18:30:00,1590.77083333333,-23.0906595829787,-1.28063350454242,-1.28063281983258
2021-07-08 19:00:00,1590.79166666667,-22.8826816621554,-1.24760527265082,-1.24760458932903
2021-07-08 19:30:00,1590.8125,-22.871510622695,-1.24592840535088,-1.24592772341722
2021-07-08 20:00:00,1590.83333333333,-22.5398392082915,-1.19319548702579,-1.19319480648031
2021-07-08 20:30:00,1590.85416666667,-22.4756241411348,-1.18306844366836,-1.18306776451115
2021-07-08 21:30:00,1590.89583333333,-22.2038617866834,-1.13998109497694,-1.13998041859646
2021-07-08 22:00:00,1590.91666666667,-22.1659635722628,-1.13404600815892,-1.13404533316691
2021-07-08 22:30:00,1590.9375,-21.9709298102757,-1.10307900399375,-1.10307833039028
2021-07-08 23:00:00,1590.95833333333,-21.9462482430657,-1.09924911385047,-1.09924844163561
2021-07-08 23:30:00,1590.97916666667,-21.7967143285714,-1.07553004320887,-1.07552937238268
2021-07-09,1591,-21.7560264236842,-1.06915010731238,-1.06914943787494
2021-07-09 00:30:00,1591.02083333333,-21.606914785213,-1.04549808079403,-1.0454974127454
2021-07-09 01:00:00,1591.04166666667,-21.5766277737226,-1.04077478987325,-1.04077412321351
2021-07-09 01:30:00,1591.0625,-21.5150702210526,-1.03106996698921,-1.03106930171841
2021-07-09 02:00:00,1591.08333333333,-21.458445289781,-1.02215080179884,-1.02215013791706
2021-07-09 02:30:00,1591.10416666667,-21.4412255290727,-1.01950879600565,-1.01950813351295
2021-07-09 03:00:00,1591.125,-21.4341969693431,-1.01849014336517,-1.01848948226163
2021-07-09 03:30:00,1591.14583333333,-21.3529975,-1.00565589936093,-1.0056552396466
2021-07-09 04:00:00,1591.16666666667,-21.3517737445255,-1.00556173125578,-1.00556107293074
2021-07-09 04:30:00,1591.1875,-21.2314862213033,-0.986500507379248,-0.986499850443564
2021-07-09 05:00:00,1591.20833333333,-21.2420802846715,-0.988288701278526,-0.98828804573226
2021-07-09 05:30:00,1591.22916666667,-21.1599900516291,-0.975312108015757,-0.975311453858976
2021-07-09 06:00:00,1591.25,-21.1552846956204,-0.974662868441232,-0.974662215674004
2021-07-09 06:30:00,1591.27083333333,-21.1590150062657,-0.975357324056674,-0.975356672679063
2021-07-09 07:00:00,1591.29166666667,-21.1442700335766,-0.973108541285208,-0.97310789129728
2021-07-09 07:30:00,1591.3125,-21.1611754814536,-0.975901580565763,-0.975900931967585
2021-07-09 08:00:00,1591.33333333333,-21.1750146058394,-0.978206039748205,-0.978205392539841
2021-07-09 08:30:00,1591.35416666667,-21.1182456423559,-0.969262467488142,-0.969261821669658
2021-07-09 09:00:00,1591.375,-21.1054080192,-0.967317076535805,-0.967316432107266
2021-07-09 09:30:00,1591.39583333333,-20.95159049799,-0.942913374464391,-0.942912731425861
2021-07-09 10:00:00,1591.41666666667,-20.9147080291971,-0.937137397180418,-0.937136755531962
2021-07-09 10:30:00,1591.4375,-20.8651378223058,-0.929340141511949,-0.929339501253632
2021-07-09 11:00:00,1591.45833333333,-20.8012391123188,-0.919260232409694,-0.919259593541579
2021-07-09 11:30:00,1591.47916666667,-20.6730801441103,-0.89894350558757,-0.898942868109722
2021-07-09 12:00:00,1591.5,-20.6614233547445,-0.897185546432231,-0.897184910344715
2021-07-09 12:30:00,1591.52083333333,-20.3668671320802,-0.850361392699614,-0.850360758002491
2021-07-09 13:00:00,1591.54166666667,-20.4092609181159,-0.857213503439461,-0.857212870132796
2021-07-09 13:30:00,1591.5625,-20.3348195406015,-0.845453576419175,-0.845452944503031
2021-07-09 14:00:00,1591.58333333333,-20.3610072666667,-0.849723824782535,-0.849723194256976
2021-07-09 14:30:00,1591.60416666667,-20.6870626784461,-0.901763097029313,-0.901762467894401
2021-07-09 15:00:00,1591.625,-20.7506666594203,-0.911993556045166,-0.911992928300965
2021-07-09 15:30:00,1591.64583333333,-21.5404711904762,-1.03790816887566,-1.03790754252223
2021-07-09 16:00:00,1591.66666666667,-21.6329492927536,-1.05273807050592,-1.05273744554333
2021-07-09 16:30:00,1591.6875,-22.5920099824561,-1.20561508479318,-1.20561446122149
2021-07-09 17:00:00,1591.70833333333,-22.6322028913043,-1.21211569215322,-1.21211506997248
2021-07-09 17:30:00,1591.72916666667,-23.405595501005,-1.33541542299713,-1.33541480220741
2021-07-09 18:00:00,1591.75,-23.4915580724638,-1.34920694467514,-1.34920632527651
2021-07-09 18:30:00,1591.77083333333,-23.6652606528822,-1.37697539964001,-1.37697478163252
2021-07-09 19:00:00,1591.79166666667,-23.6572681492754,-1.37579958502514,-1.37579896840885
2021-07-09 19:30:00,1591.8125,-23.8509624215539,-1.40675250507115,-1.40675188984613
2021-07-09 20:00:00,1591.83333333333,-23.8947680521739,-1.41382794451076,-1.41382733067706
2021-07-09 21:00:00,1591.875,-23.9563132639098,-1.42382614439322,-1.42382553334236
2021-07-09 21:30:00,1591.89583333333,-23.9849051591241,-1.42847768620227,-1.42847707654292
2021-07-09 22:00:00,1591.91666666667,-24.0451859494975,-1.43817717872779,-1.43817657046001
2021-07-09 22:30:00,1591.9375,-24.0429269270073,-1.43791392143233,-1.43791331455618
2021-07-09 23:00:00,1591.95833333333,-24.0396390869674,-1.43748665981355,-1.43748605432908
2021-07-09 23:30:00,1591.97916666667,-24.034671450365,-1.43679169243716,-1.43679108834444
2021-07-10,1592,-24.0223878937028,-1.43493118079002,-1.43493057808911
2021-07-10 00:30:00,1592.02083333333,-24.0239634562044,-1.43527832374007,-1.43527772243102
2021-07-10 01:00:00,1592.04166666667,-24.0469723969849,-1.43903970616468,-1.43903910624756
2021-07-10 01:30:00,1592.0625,-24.065408809489,-1.44207256855314,-1.442071970028
2021-07-10 02:00:00,1592.08333333333,-24.0319698427136,-1.43684153292515,-1.43684093579205
2021-07-10 02:30:00,1592.10416666667,-24.0065401569343,-1.43288626844468,-1.43288567270369
2021-07-10 03:00:00,1592.125,-24.0198445385965,-1.4351012555365,-1.43510066118766
2021-07-10 03:30:00,1592.14583333333,-24.0021606474453,-1.43237967556131,-1.43237908260469
2021-07-10 04:00:00,1592.16666666667,-23.9837336414573,-1.42953960378614,-1.4295390122218
2021-07-10 04:30:00,1592.1875,-24.0213677713235,-1.43562999792683,-1.43562940775481
2021-07-10 05:00:00,1592.20833333333,-23.9642688188442,-1.42662923125256,-1.42662864247293
2021-07-10 05:30:00,1592.22916666667,-23.9846058605839,-1.42996396068203,-1.42996337329485
2021-07-10 06:00:00,1592.25,-23.9000100478697,-1.41658269828641,-1.41658211229173
2021-07-10 06:30:00,1592.27083333333,-23.9173138715328,-1.419434007648,-1.41943342304588
2021-07-10 07:00:00,1592.29166666667,-23.7665513796992,-1.39551211970016,-1.39551153649066
2021-07-10 07:30:00,1592.3125,-23.8009562832117,-1.40108741699312,-1.4010868351763
2021-07-10 08:00:00,1592.33333333333,-23.7486691568922,-1.39285249880984,-1.39285191838574
2021-07-10 08:30:00,1592.35416666667,-23.7369780459854,-1.39108444170729,-1.39108386267598
2021-07-10 09:00:00,1592.375,-23.744907285213,-1.39244180720506,-1.39244122956659
2021-07-10 09:30:00,1592.39583333333,-23.7765620992701,-1.39757856051866,-1.39757798427308
2021-07-10 10:00:00,1592.41666666667,-23.736633189196,-1.3913118622024,-1.39131128734978
2021-07-10 10:30:00,1592.4375,-23.7410579478261,-1.39211062177317,-1.39211004831356
2021-07-10 11:00:00,1592.45833333333,-23.8417405335013,-1.40824320873402,-1.40824263666747
2021-07-10 11:30:00,1592.47916666667,-23.8414348115942,-1.40828817287227,-1.40828760219884
2021-07-10 12:00:00,1592.5,-23.8787769609023,-1.41433035652946,-1.4143297872492
2021-07-10 12:30:00,1592.52083333333,-23.8898478521739,-1.41618739672641,-1.41618682883938
2021-07-10 13:00:00,1592.54166666667,-23.9175100316583,-1.42068732769879,-1.42068676120504
2021-07-10 13:30:00,1592.5625,-23.9116642649635,-1.41984930559443,-1.41984874049402
2021-07-10 14:00:00,1592.58333333333,-23.952989929397,-1.42652561286096,-1.42652504915394
2021-07-10 14:30:00,1592.60416666667,-23.9436014137681,-1.42512300167353,-1.42512243935994
2021-07-10 15:00:00,1592.625,-23.961575340201,-1.42807913371907,-1.42807857279899
2021-07-10 15:30:00,1592.64583333333,-23.928797123913,-1.42295029980819,-1.42294974028165
2021-07-10 16:00:00,1592.66666666667,-23.9409624210526,-1.42498088633875,-1.42498032820582
2021-07-10 16:30:00,1592.6875,-23.9071811702899,-1.41969204157785,-1.41969148483858
2021-07-10 17:00:00,1592.70833333333,-24.0003819188442,-1.43463140666254,-1.43463085131698
2021-07-10 17:30:00,1592.72916666667,-23.9645362253623,-1.42901346791236,-1.42901291396055
2021-07-10 18:00:00,1592.75,-24.0214786302267,-1.43817662612406,-1.43817607356607
2021-07-10 18:30:00,1592.77083333333,-24.0427754028985,-1.44166129623068,-1.44166074506656
2021-07-10 19:00:00,1592.79166666667,-24.0370753743719,-1.44084524317838,-1.44084469340818
2021-07-10 19:30:00,1592.8125,-24.0316911897059,-1.44007939083118,-1.44007884245494
2021-07-10 20:30:00,1592.85416666667,-24.1289123025063,-1.45575014742128,-1.45574960183314
2021-07-10 21:00:00,1592.875,-24.0659493028986,-1.44581160829402,-1.44581106410001
2021-07-10 21:30:00,1592.89583333333,-24.0769899714286,-1.44766179289046,-1.44766125009062
2021-07-10 22:00:00,1592.91666666667,-24.108420315942,-1.45275995393548,-1.45275941252988
2021-07-10 22:30:00,1592.9375,-23.687447278392,-1.38578981940678,-1.38578927939545
2021-07-10 23:00:00,1592.95833333333,-23.5566642635036,-1.36504704933176,-1.36504651071476
2021-07-10 23:30:00,1592.97916666667,-23.7168236536524,-1.39065149874885,-1.39065096152623
2021-07-11,1593,-23.8045066,-1.40471028532284,-1.40470974949465
2021-07-11 00:30:00,1593.02083333333,-23.6985577756281,-1.38792327888493,-1.38792274445122
2021-07-11 01:00:00,1593.04166666667,-23.7047463702899,-1.38899972985762,-1.38899919681843
2021-07-11 01:30:00,1593.0625,-23.6688897804511,-1.38337823930546,-1.38337770766085
2021-07-11 02:00:00,1593.08333333333,-23.6835434507246,-1.38580295568497,-1.38580242543499
2021-07-11 02:30:00,1593.10416666667,-23.6304773851759,-1.3774397561436,-1.3774392272883
2021-07-11 03:00:00,1593.125,-23.6393550405797,-1.37894412199307,-1.3789435945325
2021-07-11 03:30:00,1593.14583333333,-23.6062356531328,-1.37375821527065,-1.37375768920484
2021-07-11 04:00:00,1593.16666666667,-23.5789347898551,-1.36949908996066,-1.36949856528968
2021-07-11 04:30:00,1593.1875,-23.6651879411028,-1.38332908665441,-1.38332856337831
2021-07-11 05:00:00,1593.20833333333,-23.6814130681159,-1.38600345537595,-1.38600293349477
2021-07-11 05:30:00,1593.22916666667,-23.6510501649123,-1.38125620391137,-1.38125568342515
2021-07-11 06:00:00,1593.25,-23.6400289818841,-1.37958998860081,-1.37958946950961
2021-07-11 06:30:00,1593.27083333333,-23.6737217844612,-1.38504662944715,-1.38504611175101
2021-07-11 07:00:00,1593.29166666667,-23.7250507427536,-1.39331260878732,-1.3933120924863
2021-07-11 07:30:00,1593.3125,-23.6125789729323,-1.37548490135888,-1.37548438645301
2021-07-11 08:00:00,1593.33333333333,-23.6229347021739,-1.37722358856769,-1.37722307505702
2021-07-11 08:30:00,1593.35416666667,-23.6195087097744,-1.37676672392159,-1.37676621180618
2021-07-11 09:00:00,1593.375,-23.6538346330709,-1.38232365266353,-1.38232314194342
2021-07-11 09:30:00,1593.39583333333,-23.6260726744361,-1.37798982367337,-1.37798931434861
2021-07-11 10:00:00,1593.41666666667,-23.6144245438849,-1.37622282522904,-1.37622231729967
2021-07-11 10:30:00,1593.4375,-23.5429899807018,-1.36493169154792,-1.36493118501399
2021-07-11 11:00:00,1593.45833333333,-23.5545179410072,-1.36685643333883,-1.36685592820038
2021-07-11 11:30:00,1593.47916666667,-23.5590251253769,-1.36766264668902,-1.3676621429461
2021-07-11 12:00:00,1593.5,-23.547165452518,-1.36586149415836,-1.36586099181102
2021-07-11 12:30:00,1593.52083333333,-23.4671378802005,-1.35320103269069,-1.35320053173896
2021-07-11 13:00:00,1593.54166666667,-23.5332463826087,-1.36382003850655,-1.36381953895049
2021-07-11 13:30:00,1593.5625,-23.492716090201,-1.35745129424064,-1.3574507960803
2021-07-11 14:00:00,1593.58333333333,-23.5094387956835,-1.36020287957892,-1.36020238281433
2021-07-11 14:30:00,1593.60416666667,-23.4720755594458,-1.35433842186603,-1.35433792649724
2021-07-11 15:00:00,1593.625,-23.4967985798561,-1.35836423530889,-1.35836374133594
2021-07-11 15:30:00,1593.64583333333,-23.4883609275689,-1.35710741598692,-1.35710692340986
2021-07-11 16:00:00,1593.66666666667,-23.4618622572464,-1.35297334966705,-1.35297285848592
2021-07-11 16:30:00,1593.6875,-23.5239423240602,-1.36294982554298,-1.36294933575784
2021-07-11 17:00:00,1593.70833333333,-23.5189999633094,-1.36224946687222,-1.36224897848309
2021-07-11 17:30:00,1593.72916666667,-23.5076641280702,-1.36053050919486,-1.3605300222018
2021-07-11 18:00:00,1593.75,-23.4857553453237,-1.35712715946114,-1.35712667386419
2021-07-11 18:30:00,1593.77083333333,-23.4304836669173,-1.34840896263326,-1.34840847843246
2021-07-11 19:00:00,1593.79166666667,-23.4433406144928,-1.35054359062477,-1.35054310782016
2021-07-11 20:00:00,1593.83333333333,-23.1008220629073,-1.29615281269958,-1.29615233268749
2021-07-11 20:30:00,1593.85416666667,-23.1133237597122,-1.29823050696771,-1.29823002835195
2021-07-11 21:00:00,1593.875,-22.8733834588972,-1.26009389658747,-1.26009341936807
2021-07-11 21:30:00,1593.89583333333,-22.8617985705036,-1.25833435255116,-1.25833387672816
2021-07-11 22:00:00,1593.91666666667,-22.8250050723618,-1.2525589449162,-1.25255847048965
2021-07-11 22:30:00,1593.9375,-22.8051654496403,-1.24948418768872,-1.24948371465866
2021-07-11 23:00:00,1593.95833333333,-22.7285388373434,-1.23736310836783,-1.2373626367343
2021-07-11 23:30:00,1593.97916666667,-22.6646187179856,-1.22726606836801,-1.22726559813105
2021-07-12,1594,-22.4697638201005,-1.19631091048588,-1.19631044164553
2021-07-12 00:30:00,1594.02083333333,-22.4136042827338,-1.18744990854148,-1.18744944109779
2021-07-12 01:00:00,1594.04166666667,-22.272110275188,-1.16499495039934,-1.16499448435235
2021-07-12 01:30:00,1594.0625,-22.2610431107914,-1.1633169674474,-1.16331650279714
2021-07-12 02:00:00,1594.08333333333,-22.0616716869674,-1.13164186726516,-1.13164140401167
2021-07-12 02:30:00,1594.10416666667,-22.0751232782609,-1.13386951132723,-1.13386904947056
2021-07-12 03:00:00,1594.125,-21.8791503854637,-1.1027355712556,-1.10273511079578
2021-07-12 03:30:00,1594.14583333333,-21.8927625489209,-1.10498856624577,-1.10498810718285
2021-07-12 04:00:00,1594.16666666667,-21.7372631892231,-1.08030186056578,-1.08030140289979
2021-07-12 04:30:00,1594.1875,-21.7155324165468,-1.07692447219773,-1.07692401592872
2021-07-12 05:00:00,1594.20833333333,-21.6400150100251,-1.06497872041747,-1.06497826554547
2021-07-12 05:30:00,1594.22916666667,-21.6348560258993,-1.06424100138904,-1.06424054791409
2021-07-12 06:00:00,1594.25,-21.5862255486216,-1.05657812821062,-1.05657767613276
2021-07-12 06:30:00,1594.27083333333,-21.5342229661871,-1.04837796203458,-1.04837751135385
2021-07-12 07:00:00,1594.29166666667,-21.5240125368421,-1.04683520146375,-1.04683475218019
2021-07-12 07:30:00,1594.3125,-21.4880144100719,-1.04118432800701,-1.04118388012065
2021-07-12 08:00:00,1594.33333333333,-21.4304110629073,-1.03209161323348,-1.03209116674437
2021-07-12 08:30:00,1594.35416666667,-21.4334748748201,-1.03266310597519,-1.03266266088336
2021-07-12 09:00:00,1594.375,-21.3975714308271,-1.02702697271463,-1.02702652902012
2021-07-12 09:30:00,1594.39583333333,-21.4025428085714,-1.02790211346579,-1.02790167116864
2021-07-12 10:00:00,1594.41666666667,-21.5650375719298,-1.05387072780212,-1.05387028690236
2021-07-12 10:30:00,1594.4375,-21.5991071285714,-1.05938100061223,-1.0593805611099
2021-07-12 11:00:00,1594.45833333333,-21.8440024373434,-1.09847585206278,-1.09847541395792
2021-07-12 11:30:00,1594.47916666667,-21.8379213964286,-1.09758987731422,-1.09758944060687
2021-07-12 12:00:00,1594.5,-21.9061253045113,-1.10853743367206,-1.10853699836224
2021-07-12 12:30:00,1594.52083333333,-21.9755071664286,-1.1196725245531,-1.11967209064086
2021-07-12 13:00:00,1594.54166666667,-22.2701528418546,-1.16669218752739,-1.16669175501276
2021-07-12 13:30:00,1594.5625,-22.2805428885714,-1.16842961133016,-1.16842918021318
2021-07-12 14:00:00,1594.58333333333,-22.4853984521303,-1.20114541653723,-1.20114498681793
2021-07-12 14:30:00,1594.60416666667,-22.4993857128571,-1.20345565029969,-1.20345522197811
2021-07-12 15:00:00,1594.625,-22.6203994615578,-1.22281516566167,-1.22281473873786
2021-07-12 15:30:00,1594.64583333333,-22.6627214171429,-1.22963890771857,-1.22963848219254
2021-07-12 16:00:00,1594.66666666667,-21.3291553829574,-1.01728259534041,-1.01728217121221
2021-07-12 16:30:00,1594.6875,-21.4191357092857,-1.03169812102722,-1.03169769829688
2021-07-12 20:30:00,1594.85416666667,-18.2550999668519,-0.528313608010368,-0.528313196464143
2021-07-12 21:30:00,1594.89583333333,-18.1141001823748,-0.506013256821257,-0.506012848071395
2021-07-12 22:30:00,1594.9375,-18.1718589935065,-0.515374833696686,-0.515374427743318
2021-07-12 23:30:00,1594.97916666667,-18.197914612987,-0.519685611152989,-0.519685207996244
2021-07-13 00:30:00,1595.02083333333,-18.3470129886827,-0.543596729186557,-0.543596328826563
2021-07-13 01:30:00,1595.0625,-18.5393005640074,-0.574387459087066,-0.574387061523949
2021-07-13 02:30:00,1595.10416666667,-18.5679610142857,-0.579111812458619,-0.579111417692504
2021-07-13 03:30:00,1595.14583333333,-18.6447981642593,-0.591510289858808,-0.591509897889819
2021-07-13 04:30:00,1595.1875,-18.787887025,-0.614462253386895,-0.614461864215152
2021-07-13 05:30:00,1595.22916666667,-18.7025287940631,-0.601021973137138,-0.601021586762762
2021-07-13 06:30:00,1595.27083333333,-18.5354296127778,-0.57455984218062,-0.574559458603729
2021-07-13 07:30:00,1595.3125,-18.3745537603704,-0.549088632978047,-0.549088252198758
2021-07-13 08:30:00,1595.35416666667,-18.2969815035185,-0.536887287013462,-0.536886909031893
2021-07-13 09:30:00,1595.39583333333,-18.2396685168519,-0.527912798123178,-0.527912422939441
2021-07-13 10:30:00,1595.4375,-18.2427370242593,-0.528556665164805,-0.528556292779012
2021-07-13 11:30:00,1595.47916666667,-18.158079774397,-0.51522529708053,-0.515224927492794
2021-07-13 12:30:00,1595.52083333333,-17.9848052218924,-0.487776669976129,-0.487776303186558
2021-07-13 13:30:00,1595.5625,-17.7465231946197,-0.449971846224847,-0.44997148223355
2021-07-13 14:30:00,1595.60416666667,-17.526788509462,-0.415121167786672,-0.415120806593755
2021-07-13 15:30:00,1595.64583333333,-17.3693989051948,-0.39020164566839,-0.390201287273959
2021-07-13 16:30:00,1595.6875,-17.3006549267161,-0.379402975388664,-0.379402619792821
2021-07-13 17:30:00,1595.72916666667,-17.040837012963,-0.338165630901052,-0.3381652781039
2021-07-13 22:00:00,1595.91666666667,-16.2730593499072,-0.216535665507714,-0.216535325305893
2021-07-13 23:00:00,1595.95833333333,-16.0353067509294,-0.178810811285072,-0.178810473882476
2021-07-14,1596,-15.8563209857143,-0.150447095399744,-0.150446760796463
2021-07-14 01:00:00,1596.04166666667,-15.9231335387755,-0.161238766913428,-0.161238435109555
2021-07-14 02:00:00,1596.08333333333,-15.9576077977695,-0.166878464643883,-0.166878135639507
2021-07-14 03:00:00,1596.125,-15.8706493599258,-0.153173386486008,-0.153173060281217
2021-07-14 06:00:00,1596.25,-15.7251870431481,-0.130440761087189,-0.130440443281662
2021-07-14 07:00:00,1596.29166666667,-15.8883092566667,-0.156571866629269,-0.156571551623662
2021-07-14 08:00:00,1596.33333333333,-15.5521001829314,-0.103158680403105,-0.103158368197498
2021-07-14 09:00:00,1596.375,-15.774356206308,-0.138708922278089,-0.13870861287256
2021-07-14 10:00:00,1596.41666666667,-15.573162977037,-0.10680293457527,-0.106802627969898
2021-07-14 11:00:00,1596.45833333333,-15.4279740455556,-0.0838180104287476,-0.0838177066236064
2021-07-14 12:00:00,1596.5,-15.4256085300557,-0.083584497334822,-0.0835841963299859
2021-07-14 13:00:00,1596.54166666667,-14.8082333335185,0.0146209586919351,0.0146212568963928
2021-07-14 14:00:00,1596.58333333333,-14.7671296401852,0.0210264137709558,0.0210267091749646
2021-07-14 15:00:00,1596.625,-14.3752340404255,0.0833137316202317,0.0833140242237222
2021-07-14 16:00:00,1596.66666666667,-13.6374330827138,0.200704481648575,0.200704771451478
2021-07-14 17:00:00,1596.70833333333,-13.4072838636364,0.237226408479921,0.237226695482171
2021-07-14 18:30:00,1596.77083333333,-13.279330872119,0.257398764661269,0.257399047462418
2021-07-14 19:30:00,1596.8125,-13.1657509234201,0.275352277589228,0.275352557589565
2021-07-14 23:00:00,1596.95833333333,-16.0179311551724,-0.179487923668154,-0.179487653471135
2021-07-14 23:30:00,1596.97916666667,-16.4041234692157,-0.241077580749367,-0.24107731195288
2021-07-15,1597,-16.2404828655172,-0.215078345597435,-0.215078078201492
2021-07-15 00:30:00,1597.02083333333,-16.338117647451,-0.230700350559013,-0.23070008456363
2021-07-15 01:00:00,1597.04166666667,-16.2585518931034,-0.218094067924169,-0.218093803329358
2021-07-15 01:30:00,1597.0625,-16.3436862823529,-0.231724520315163,-0.231724257120936
2021-07-15 02:00:00,1597.08333333333,-16.2496550965517,-0.216813653011962,-0.216813391218334
2021-07-15 02:30:00,1597.10416666667,-16.1140117815686,-0.195273828230103,-0.195273567837087
2021-07-15 03:00:00,1597.125,-16.3621724275862,-0.234874133134473,-0.23487387414208
2021-07-15 03:30:00,1597.14583333333,-16.3307784603922,-0.229941072800135,-0.22994081520838
2021-07-15 04:00:00,1597.16666666667,-16.4560346241379,-0.249962374678962,-0.249962118487856
2021-07-15 04:30:00,1597.1875,-16.3712902227451,-0.236530320863874,-0.236530066073428
2021-07-15 05:00:00,1597.20833333333,-16.5143447172414,-0.25938667834477,-0.259386424954997
2021-07-15 05:30:00,1597.22916666667,-16.5245773279843,-0.261084299211894,-0.261084047222806
2021-07-15 06:00:00,1597.25,-16.5981378172414,-0.272869980756827,-0.272869730168435
2021-07-15 06:30:00,1597.27083333333,-16.5932739489237,-0.272162490464067,-0.272162241276383
2021-07-15 07:30:00,1597.3125,-16.6341836491018,-0.278813742815537,-0.278813496429301
2021-07-15 08:00:00,1597.33333333333,-16.5933792482759,-0.272380553059914,-0.272380308074419
2021-07-15 08:30:00,1597.35416666667,-16.5846888056751,-0.271063024131149,-0.271062780546405
2021-07-15 09:00:00,1597.375,-16.7644137034483,-0.299760077891861,-0.299759835707877
2021-07-15 09:30:00,1597.39583333333,-16.6855361636008,-0.287261462854546,-0.287261222071335
2021-07-15 10:00:00,1597.41666666667,-16.8107241965517,-0.307270523698692,-0.307270284316263
2021-07-15 10:30:00,1597.4375,-16.7252254682353,-0.293716917211967,-0.293716679230329
2021-07-15 11:00:00,1597.45833333333,-16.6243104551724,-0.277707369838317,-0.277707133257482
2021-07-15 11:30:00,1597.47916666667,-16.5364951189824,-0.263784494633089,-0.263784259453064
2021-07-15 12:00:00,1597.5,-16.4300687758621,-0.246896756997084,-0.246896523217878
2021-07-15 12:30:00,1597.52083333333,-16.2638923565558,-0.220490673790929,-0.220490441412554
2021-07-15 13:00:00,1597.54166666667,-16.4132758827586,-0.244353399663375,-0.244353168685837
2021-07-15 13:30:00,1597.5625,-16.2223940996078,-0.214011502845539,-0.214011273268848
2021-07-15 14:00:00,1597.58333333333,-16.5255174241379,-0.262364856942509,-0.262364628766674
2021-07-15 14:30:00,1597.60416666667,-16.324440297456,-0.230398603084283,-0.230398376309311
2021-07-15 15:00:00,1597.625,-17.1116550655172,-0.355867838526481,-0.355867613152381
2021-07-15 15:30:00,1597.64583333333,-16.645145075098,-0.281617708229557,-0.281617484256337
2021-07-15 16:00:00,1597.66666666667,-16.8290002034483,-0.310971090317117,-0.310970867744785
2021-07-15 16:30:00,1597.6875,-16.7208120933464,-0.293801660018772,-0.293801438847335
2021-07-15 17:30:00,1597.72916666667,-16.7328974948718,-0.29585655158342,-0.295856333213796
2021-07-15 18:00:00,1597.75,-16.3391102458918,-0.233190626910898,-0.23319040994219
2021-07-15 18:30:00,1597.77083333333,-16.1657692820513,-0.205641837158717,-0.205641621590934
2021-07-15 19:00:00,1597.79166666667,-15.6047875625251,-0.116341482168684,-0.116341268001831
2021-07-15 19:30:00,1597.8125,-16.0293589564103,-0.184040326580916,-0.184040113815
2021-07-15 20:00:00,1597.83333333333,-15.2959919815261,-0.0672786455104015,-0.0672784341454289
2021-07-15 20:30:00,1597.85416666667,-15.6164870435897,-0.118397824159449,-0.118397614195425
2021-07-15 21:00:00,1597.875,-15.1611943997996,-0.0459333510013327,-0.0459331424382645
2021-07-16 01:30:00,1598.0625,-15.258587910804,-0.0620187242785379,-0.0620185283243018
2021-07-16 02:00:00,1598.08333333333,-15.1972357471429,-0.0523080918990195,-0.052307897345788
2021-07-16 06:30:00,1598.27083333333,-14.6194396914657,0.039175151915516,0.039175333859561
2021-07-16 07:30:00,1598.3125,-14.4676994411874,0.0632242960484037,0.0632244751903784
2021-07-16 10:00:00,1598.41666666667,-14.2788861841418,0.0929964484794293,0.0929966206162001
2021-07-16 11:00:00,1598.45833333333,-14.468018613594,0.0627459561722152,0.0627461255068975
2021-07-16 12:00:00,1598.5,-14.3406741197393,0.0829109283418138,0.0829110948744058
2021-07-16 13:00:00,1598.54166666667,-14.1424731025974,0.114363859803817,0.114364023534318
2021-07-16 14:00:00,1598.58333333333,-14.1228843291045,0.117364197773688,0.117364358702099
2021-07-16 15:00:00,1598.625,-13.8089887874766,0.167248278843941,0.167248436970265
2021-07-16 16:00:00,1598.66666666667,-13.645745363197,0.193133834645368,0.193133989969609
2021-07-16 17:30:00,1598.72916666667,-13.2763296208566,0.25180404028967,0.251804191410797
2021-07-16 18:30:00,1598.77083333333,-13.0119701410448,0.293798617969599,0.29379876628866
2021-07-16 19:30:00,1598.8125,-13.5986710351402,0.200219134803397,0.200219280320402
2021-07-16 20:30:00,1598.85416666667,-13.2558436225869,0.254714640094495,0.254714782809453
2021-07-16 21:30:00,1598.89583333333,-12.9795588792523,0.298610315642706,0.29861045555563
2021-07-16 22:30:00,1598.9375,-13.3575346964353,0.238282281433476,0.238282418544379
2021-07-17 02:00:00,1599.08333333333,-13.4578899528708,0.221892523206725,0.221892650510689
2021-07-17 02:30:00,1599.10416666667,-13.4550992132231,0.222279970429747,0.222280096332739
2021-07-17 03:00:00,1599.125,-13.5954769808717,0.199860688473296,0.19986081297532
2021-07-17 03:30:00,1599.14583333333,-13.5065759728,0.213965795684621,0.213965918785684
2021-07-17 04:00:00,1599.16666666667,-14.1142808634383,0.117101201785679,0.117101323485786
2021-07-17 04:30:00,1599.1875,-14.1699920352,0.108169718129955,0.108169838429113
2021-07-17 05:00:00,1599.20833333333,-14.9062729427536,-0.00917689440899572,-0.00917677551078244
2021-07-17 05:30:00,1599.22916666667,-14.913408012,-0.0103699374698637,-0.010369819972588
2021-07-17 06:00:00,1599.25,-14.8782777628019,-0.00482996871279462,-0.00482985261644997
2021-07-17 06:30:00,1599.27083333333,-14.8870479936,-0.00628326139732405,-0.00628314670190455
2021-07-17 07:00:00,1599.29166666667,-14.8674227033816,-0.00321301089132742,-0.00321289759682553
2021-07-17 07:30:00,1599.3125,-14.7654960144,0.0129680276592536,0.0129681395528454
2021-07-17 08:00:00,1599.33333333333,-15.4548864905797,-0.0969082072701629,-0.0969080967774751
2021-07-17 08:30:00,1599.35416666667,-15.4345039824,-0.0937169821562995,-0.0937168730645078
2021-07-17 09:00:00,1599.375,-15.8829758594203,-0.165214479224423,-0.16521437153352
2021-07-17 09:30:00,1599.39583333333,-15.8378888809524,-0.158087581473447,-0.158087475183425
2021-07-17 10:00:00,1599.41666666667,-16.731439615942,-0.300486225794604,-0.300486120905455
2021-07-17 10:30:00,1599.4375,-16.6221349809524,-0.283129176574474,-0.283129073086189
2021-07-17 11:00:00,1599.45833333333,-16.6579491469734,-0.288889539601123,-0.288889437513695
2021-07-17 11:30:00,1599.47916666667,-16.5084762539683,-0.265133425251556,-0.265133324564975
2021-07-17 12:00:00,1599.5,-16.5445362502415,-0.270932716276088,-0.270932616990347
2021-07-17 12:30:00,1599.52083333333,-16.4302857277778,-0.252787317773042,-0.252787219888132
2021-07-17 13:00:00,1599.54166666667,-16.2093422633495,-0.217645540884889,-0.2176454444008
2021-07-17 13:30:00,1599.5625,-16.116293681746,-0.2028773937329,-0.202877298649622
2021-07-17 14:00:00,1599.58333333333,-16.1640241557971,-0.210535334249067,-0.210535240566592
2021-07-17 14:30:00,1599.60416666667,-16.127801552381,-0.204819373023773,-0.204819280742092
2021-07-17 15:00:00,1599.625,-15.9491743576271,-0.176418142120281,-0.176418051239383
2021-07-17 15:30:00,1599.64583333333,-15.875126984127,-0.164676434955592,-0.164676345475468
2021-07-17 16:30:00,1599.6875,-15.7953636272727,-0.152077910316348,-0.152077823637738
2021-07-17 17:00:00,1599.70833333333,-16.0362909427273,-0.190511546582538,-0.190511461304672
2021-07-17 17:30:00,1599.72916666667,-14.901706281352,-0.0098250254333655,-0.00982494155623026
2021-07-17 18:00:00,1599.75,-14.8640909118182,-0.0038863798268185,-0.00388629735040369
2021-07-17 18:30:00,1599.77083333333,-14.655990671729,0.029210744052112,0.0292108251278169
2021-07-17 19:00:00,1599.79166666667,-14.5279817945455,0.0495493731550471,0.049549452830054
2021-07-17 19:30:00,1599.8125,-14.1629252116822,0.107649987745983,0.107650066020303
2021-07-17 20:00:00,1599.83333333333,-13.9093727454545,0.14798803345746,0.147988110331105
2021-07-17 20:30:00,1599.85416666667,-12.8891077313817,0.310464052532473,0.310464128005455
2021-07-17 21:00:00,1599.875,-12.7945779779817,0.3254698996369,0.325469973709232
2021-07-17 21:30:00,1599.89583333333,-13.5393030277389,0.206781973459736,0.206782046131428
2021-07-17 22:00:00,1599.91666666667,-13.6244090890909,0.19317194011726,0.193172011388326
2021-07-17 22:30:00,1599.9375,-14.1047692610723,0.116597761114727,0.116597830985178
2021-07-17 23:00:00,1599.95833333333,-14.0243727609091,0.129352637331812,0.129352705801663
2021-07-17 23:30:00,1599.97916666667,-14.3422097981352,0.0786687430902663,0.0786688101595289
2021-07-18,1600,-14.298918355102,0.0855129904576597,0.0855130561263474
2021-07-18 03:30:00,1600.14583333333,-15.2387792087199,-0.0645690218819023,-0.0645689660168558
2021-07-18 04:30:00,1600.1875,-15.4970686556586,-0.105816952881859,-0.105816899817723
2021-07-18 08:30:00,1600.35416666667,-15.7307922148423,-0.143453564349179,-0.143453522488073
2021-07-18 09:30:00,1600.39583333333,-16.3329072144712,-0.239470817017793,-0.239470777957284
2021-07-18 10:30:00,1600.4375,-16.3373525163265,-0.240278392658998,-0.240278356399017
2021-07-18 11:30:00,1600.47916666667,-16.3766003951673,-0.246629576563402,-0.246629543103881
2021-07-18 12:30:00,1600.52083333333,-16.2784656972171,-0.231095150638037,-0.231095119978905
2021-07-18 13:30:00,1600.5625,-16.0029089188119,-0.187296793286029,-0.187296765427214
2021-07-18 14:30:00,1600.60416666667,-15.6733796287037,-0.134900108977888,-0.134900083919316
2021-07-18 16:00:00,1600.66666666667,-15.4330429990654,-0.0967597865215195,-0.0967597656631727
2021-07-18 17:00:00,1600.70833333333,-15.3890430007477,-0.0898469540389852,-0.0898469359806919
2021-07-18 18:00:00,1600.75,-15.4138395485075,-0.0938929930630323,-0.0938929778047138
2021-07-18 19:00:00,1600.79166666667,-15.4424701548507,-0.0985493328636718,-0.0985493204052487
2021-07-18 20:00:00,1600.83333333333,-15.3306902927239,-0.0808377171534393,-0.0808377074948292
2021-07-18 21:00:00,1600.875,-15.4354832011194,-0.0976258309597401,-0.09762582410086
2021-07-18 22:00:00,1600.91666666667,-15.4135177771963,-0.094220784202923,-0.0942207801436891
2021-07-18 23:00:00,1600.95833333333,-15.6976194139925,-0.139571971248049,-0.139571969988375
2021-07-19,1601,-15.8448973932836,-0.163126584138855,-0.163126585678652
2021-07-19 01:00:00,1601.04166666667,-15.9925764746269,-0.186744625087571,-0.186744629426752
2021-07-19 02:00:00,1601.08333333333,-15.9805188888679,-0.184916032983961,-0.184916040122434
2021-07-19 03:00:00,1601.125,-15.9735783557836,-0.183902123147752,-0.183902133085425
2021-07-19 04:00:00,1601.16666666667,-16.0351772574627,-0.193806126321062,-0.193806139057842
2021-07-19 05:00:00,1601.20833333333,-16.0125420928972,-0.190291114572706,-0.190291130108499
2021-07-19 06:00:00,1601.25,-16.0776397293307,-0.200751532697704,-0.200751551032412
2021-07-19 07:00:00,1601.29166666667,-16.1582551067039,-0.213683469976532,-0.213683491110058
2021-07-19 08:00:00,1601.33333333333,-16.2430205091418,-0.227276041100726,-0.227276065032971
2021-07-19 09:00:00,1601.375,-16.340216010987,-0.242848267784301,-0.242848294515163
2021-07-19 10:00:00,1601.41666666667,-16.4058861725746,-0.253398017031952,-0.253398046561329
2021-07-19 11:00:00,1601.45833333333,-16.5141750243948,-0.270736485839658,-0.270736518167447
2021-07-19 12:00:00,1601.5,-16.5555847363128,-0.277420591573364,-0.277420626699459
2021-07-19 13:00:00,1601.54166666667,-16.5441303577281,-0.27568294157287,-0.275682979497164
2021-07-19 14:00:00,1601.58333333333,-16.4431193841418,-0.259678393605959,-0.259678434328345
2021-07-19 15:30:00,1601.64583333333,-16.3410334520446,-0.243545011816844,-0.243545056736159
2021-07-19 16:30:00,1601.6875,-16.2443339304267,-0.228226110074864,-0.228226157791993
2021-07-19 17:30:00,1601.72916666667,-16.0541043100559,-0.198007328225101,-0.198007378739931
2021-07-19 18:30:00,1601.77083333333,-15.9909594587838,-0.188032772326866,-0.188032825639282
2021-07-19 21:30:00,1601.89583333333,-16.1286263906606,-0.210213793128692,-0.210213854833159
2021-07-19 22:00:00,1601.91666666667,-16.083060132,-0.202996408795761,-0.202996471898799
2021-07-19 22:30:00,1601.9375,-16.2482802075171,-0.22935732093404,-0.229357385435618
2021-07-19 23:00:00,1601.95833333333,-16.222039961,-0.225218349753285,-0.225218415653374
2021-07-19 23:30:00,1601.97916666667,-16.7072534506849,-0.302554207036295,-0.302554274334863
2021-07-20,1602,-16.806307574359,-0.318374484149938,-0.318374552846954
2021-07-20 00:30:00,1602.02083333333,-16.4735057002278,-0.265399674988742,-0.265399745084174
2021-07-20 01:00:00,1602.04166666667,-16.44927002,-0.26157956380149,-0.261579635295308
2021-07-20 01:30:00,1602.0625,-17.0604965965831,-0.358988927008072,-0.358988999900244
2021-07-20 02:00:00,1602.08333333333,-16.954380037,-0.342124898770673,-0.342124973061168
2021-07-20 02:30:00,1602.10416666667,-16.8600684689498,-0.32714129688481,-0.327141372573596
2021-07-20 03:00:00,1602.125,-16.843399966,-0.324526173513304,-0.324526250600347
2021-07-20 03:30:00,1602.14583333333,-16.810782619222,-0.319370270676755,-0.319370349162025
2021-07-20 04:00:00,1602.16666666667,-16.6811287009901,-0.298756255412977,-0.298756335296441
2021-07-20 04:30:00,1602.1875,-16.7666514824601,-0.312419924923398,-0.312420006205023
2021-07-20 05:00:00,1602.20833333333,-16.7382672920792,-0.307938015157319,-0.307938097837073
2021-07-20 05:30:00,1602.22916666667,-17.222660556492,-0.385141803110543,-0.385141887188392
2021-07-20 06:00:00,1602.25,-17.2185049356436,-0.384519287247118,-0.38451937272303
2021-07-20 06:30:00,1602.27083333333,-16.8874064408676,-0.331814420653076,-0.331814507527017
2021-07-20 07:00:00,1602.29166666667,-16.8614653425743,-0.327721228106369,-0.327721316378306
2021-07-20 07:30:00,1602.3125,-16.6800159460137,-0.298855335230909,-0.298855424900807
2021-07-20 08:00:00,1602.33333333333,-16.6245346415842,-0.290056132158642,-0.290056223226468
2021-07-20 08:30:00,1602.35416666667,-16.7319293797267,-0.307203081764687,-0.307203174230407
2021-07-20 09:00:00,1602.375,-16.6567263326316,-0.295261956394131,-0.295262050257711
2021-07-20 09:30:00,1602.39583333333,-16.8356902400911,-0.323809691208364,-0.323809786469769
2021-07-20 10:00:00,1602.41666666667,-16.7238713267327,-0.306035397557787,-0.306035494216983
2021-07-20 10:30:00,1602.4375,-16.6155584689737,-0.288819503753175,-0.288819601810125
2021-07-20 11:00:00,1602.45833333333,-16.5159504950495,-0.272990186842655,-0.272990286297326
2021-07-20 11:30:00,1602.47916666667,-16.4800273223235,-0.267305786946641,-0.267305887798998
2021-07-20 12:00:00,1602.5,-16.4544851128713,-0.263274964587289,-0.263275066837296
2021-07-20 12:30:00,1602.52083333333,-16.2707334054545,-0.234041138807633,-0.234041242455255
2021-07-20 13:00:00,1602.54166666667,-16.1660000732673,-0.217394879328609,-0.21739498437381
2021-07-20 13:30:00,1602.5625,-16.3934738038724,-0.253669325005842,-0.253669431448586
2021-07-20 14:00:00,1602.58333333333,-16.4816237940594,-0.267749281921377,-0.267749389761627
2021-07-20 15:00:00,1602.625,-16.2352628351893,-0.228578654020994,-0.228578764656149
2021-07-20 15:30:00,1602.64583333333,-16.1656405213483,-0.217525018078078,-0.21752513011063
2021-07-20 16:00:00,1602.66666666667,-16.2548836501119,-0.231778643299459,-0.231778756729373
2021-07-20 16:30:00,1602.6875,-16.1061685022472,-0.208125227631455,-0.208125342458692
2021-07-20 17:30:00,1602.72916666667,-15.9768960539889,-0.187605709422567,-0.187605827044339
2021-07-20 18:30:00,1602.77083333333,-15.7908115535176,-0.158035521142504,-0.158035641558661
2021-07-20 19:00:00,1602.79166666667,-15.7716259172662,-0.155015662294136,-0.155015784107429
2021-07-20 19:30:00,1602.8125,-15.7174912601504,-0.146428282044247,-0.146428405254638
2021-07-20 20:00:00,1602.83333333333,-15.4964444422222,-0.111251557891991,-0.111251682499441
2021-07-20 23:00:00,1602.95833333333,-14.4023996473978,0.0628158741180361,0.0628157411290449
2021-07-21,1603,-14.4219405185874,0.0596323769671896,0.0596322411846661
2021-07-21 01:00:00,1603.04166666667,-14.6947532304267,0.0161029644043432,0.016102825828447
2021-07-21 02:00:00,1603.08333333333,-14.8634397044527,-0.0108385942343163,-0.0108387356034236
2021-07-21 03:00:00,1603.125,-16.1034041087523,-0.208435022847599,-0.208435167009755
2021-07-21 04:00:00,1603.16666666667,-18.6395454265306,-0.61251289014017,-0.61251303709521
2021-07-21 05:00:00,1603.20833333333,-18.5605973597403,-0.600004679758844,-0.600004829506602
2021-07-21 06:00:00,1603.25,-18.4739907070501,-0.586275981198678,-0.586276133738988
2021-07-21 07:00:00,1603.29166666667,-18.4382171157699,-0.580644555640226,-0.580644710972918
2021-07-21 08:00:00,1603.33333333333,-18.4062820207792,-0.575624135242376,-0.575624293367281
2021-07-21 09:00:00,1603.375,-18.3708830981447,-0.570051454549958,-0.570051615466904
2021-07-21 10:00:00,1603.41666666667,-18.13789607718,-0.533002378484996,-0.53300254219381
2021-07-21 11:00:00,1603.45833333333,-18.0542950027829,-0.519750120317831,-0.519750286818338
2021-07-21 12:00:00,1603.5,-17.7000557918216,-0.463384543417649,-0.463384712709674
2021-07-21 13:00:00,1603.54166666667,-17.6180655657303,-0.450387954149414,-0.45038812623278
2021-07-21 14:30:00,1603.60416666667,-18.1075056098513,-0.528451989730145,-0.528452166000185
2021-07-21 15:30:00,1603.64583333333,-18.04029677718,-0.517808911326729,-0.517809090387659
2021-07-21 16:30:00,1603.6875,-19.0126901671614,-0.67277473957942,-0.672774921431058
2021-07-21 17:30:00,1603.72916666667,-18.5223475814126,-0.594725211251934,-0.594725395894095
2021-07-21 18:30:00,1603.77083333333,-18.3619367669145,-0.569233579468758,-0.569233766901258
2021-07-21 19:30:00,1603.8125,-17.6689534981413,-0.458902304715771,-0.458902494938422
2021-07-21 20:30:00,1603.85416666667,-17.6555899868275,-0.456834472538234,-0.456834665550848
2021-07-22 00:30:00,1604.02083333333,-19.3506549304267,-0.727098763119417,-0.72709896728997
2021-07-22 01:30:00,1604.0625,-20.0067346751391,-0.831671367292772,-0.831671574252323
2021-07-22 02:30:00,1604.10416666667,-20.2091224011132,-0.86397003803079,-0.863970247779144
2021-07-22 03:30:00,1604.14583333333,-19.3777320248,-0.731586647657647,-0.731586860194604
2021-07-22 04:30:00,1604.1875,-19.9082518704835,-0.816156058190563,-0.816156273515923
2021-07-22 05:00:00,1604.20833333333,-19.8391856342857,-0.805182190888325,-0.805182407607811
2021-07-22 05:30:00,1604.22916666667,-20.3380326243108,-0.884677188676243,-0.884677406789804
2021-07-22 06:00:00,1604.25,-20.4451500728571,-0.90176927288327,-0.901769492390856
2021-07-22 06:30:00,1604.27083333333,-20.6126867210526,-0.92848606107854,-0.9284862819801
2021-07-22 07:00:00,1604.29166666667,-20.5961070578571,-0.925872871601672,-0.925873093897155
2021-07-22 07:30:00,1604.3125,-20.7483107819549,-0.950146878635945,-0.9501471023253
2021-07-22 08:00:00,1604.33333333333,-20.5929856892857,-0.925431207692433,-0.925431432775608
2021-07-22 09:30:00,1604.39583333333,-20.2881551595918,-0.876953962171262,-0.876954191435585
2021-07-22 11:00:00,1604.45833333333,-20.1400185562152,-0.853437111634468,-0.853437345079471
2021-07-22 12:00:00,1604.5,-19.8478738359926,-0.806951937795392,-0.806952174027251
2021-07-22 13:00:00,1604.54166666667,-19.7947290884972,-0.798539159466627,-0.79853939848513
2021-07-22 14:30:00,1604.60416666667,-19.1369981348881,-0.693841092354449,-0.693841335552517
2021-07-22 15:30:00,1604.64583333333,-19.8875018477612,-0.813448910597004,-0.813449156581178
2021-07-22 16:30:00,1604.6875,-19.9443376850746,-0.82255446952743,-0.822554718297492
2021-07-22 17:30:00,1604.72916666667,-18.5953046726563,-0.607703644986109,-0.607703896541841
2021-07-22 18:30:00,1604.77083333333,-18.6668861787313,-0.619157257344867,-0.619157511686048
2021-07-22 19:30:00,1604.8125,-19.3081138173507,-0.721355434583624,-0.721355691710033
2021-07-22 20:30:00,1604.85416666667,-17.8693171802239,-0.492203787148907,-0.492204047060319
2021-07-22 21:30:00,1604.89583333333,-16.9016249598881,-0.338098938804359,-0.338099201500551
2021-07-22 22:30:00,1604.9375,-16.6267798141791,-0.294364653378036,-0.294364918858781
2021-07-23 02:00:00,1605.08333333333,-17.0235567895717,-0.357738397569549,-0.357738672794426
2021-07-23 03:00:00,1605.125,-16.60661896171,-0.291366525688478,-0.291366803696871
2021-07-23 04:00:00,1605.16666666667,-16.7760968590317,-0.318410626567703,-0.318410907359378
2021-07-23 05:00:00,1605.20833333333,-17.0671973715084,-0.364828825609165,-0.364829109183887
2021-07-23 06:00:00,1605.25,-17.2544283325885,-0.394700059518309,-0.394700345875841
2021-07-23 07:00:00,1605.29166666667,-17.5622838888683,-0.443786406251026,-0.443786695391129
2021-07-23 08:00:00,1605.33333333333,-17.5383836260708,-0.440023342513444,-0.440023634435878
2021-07-23 09:00:00,1605.375,-17.8996963087037,-0.497624504823653,-0.497624799528176
2021-07-23 10:00:00,1605.41666666667,-17.7491595706865,-0.473687217190777,-0.473687514677147
2021-07-23 11:00:00,1605.45833333333,-17.783603665,-0.479217036855913,-0.479217337123885
2021-07-23 12:00:00,1605.5,-18.0139462801852,-0.515953159383598,-0.515953462432926
2021-07-23 13:30:00,1605.5625,-18.9748007912477,-0.669080654501733,-0.669080961722632
2021-07-23 14:30:00,1605.60416666667,-18.8638513031599,-0.651447522232457,-0.651447832234091
2021-07-23 15:30:00,1605.64583333333,-19.8471778945693,-0.808132879831439,-0.808133192613557
2021-07-23 16:30:00,1605.6875,-20.2920393374532,-0.879039882876827,-0.879040198439178
2021-07-23 17:30:00,1605.72916666667,-19.9385883569549,-0.822774674773251,-0.822774993115579
2021-07-23 18:30:00,1605.77083333333,-20.0507043572505,-0.840674147769331,-0.840674468891383
2021-07-23 19:30:00,1605.8125,-17.7532814377111,-0.474731877288697,-0.474732201190215
2021-07-23 20:30:00,1605.85416666667,-17.5814101494382,-0.447391028933393,-0.447391355614119
2021-07-23 21:30:00,1605.89583333333,-18.1956980031895,-0.5452854220011,-0.545285751460774
2021-07-23 22:30:00,1605.9375,-17.605604134334,-0.451320474271692,-0.451320806510054
2021-07-23 23:30:00,1605.97916666667,-16.3699476059925,-0.254516461820098,-0.254516796836885
2021-07-24 03:30:00,1606.14583333333,-18.0980667506494,-0.529950180847635,-0.529950526975469
2021-07-24 04:30:00,1606.1875,-18.8621131820037,-0.651697919913343,-0.651698268818268
2021-07-24 05:30:00,1606.22916666667,-18.8791910935065,-0.654452568124728,-0.654452919806473
2021-07-24 06:30:00,1606.27083333333,-19.1929331883117,-0.704465560869476,-0.704465915327768
2021-07-24 07:30:00,1606.3125,-19.9274304330241,-0.821504677787418,-0.821505035021984
2021-07-24 08:30:00,1606.35416666667,-19.6537217423006,-0.777935396813217,-0.777935756823781
2021-07-24 09:30:00,1606.39583333333,-18.994378477551,-0.672933780699837,-0.672934143486122
2021-07-24 10:30:00,1606.4375,-18.4100851912963,-0.5798872078582,-0.579887573419928
2021-07-24 11:30:00,1606.47916666667,-17.9899592327778,-0.512992135690514,-0.512992504027405
2021-07-24 13:00:00,1606.54166666667,-18.6935101974026,-0.625114362056588,-0.625114734555697
2021-07-24 14:00:00,1606.58333333333,-19.0722174550186,-0.685472812129468,-0.685473187403033
2021-07-24 15:00:00,1606.625,-20.78927527397,-0.959030991019346,-0.959031369067084
2021-07-24 16:00:00,1606.66666666667,-20.08001534,-0.846074545971634,-0.846074926793259
2021-07-24 17:00:00,1606.70833333333,-20.6161422874532,-0.931508649067766,-0.931509032662989
2021-07-24 18:00:00,1606.75,-21.1438071116105,-1.01559425782536,-1.01559464419389
2021-07-24 19:00:00,1606.79166666667,-19.9489418606004,-0.825279122602774,-0.825279511744326
2021-07-24 20:00:00,1606.83333333333,-18.4016104975655,-0.578815411778956,-0.578815803693235
2021-07-24 21:00:00,1606.875,-17.949328363227,-0.506793353529078,-0.506793748215791
2021-07-24 22:00:00,1606.91666666667,-17.6935280735955,-0.46607052144258,-0.466070918901431
2021-07-24 23:00:00,1606.95833333333,-18.0102115906367,-0.51654429674272,-0.516544696973414
2021-07-25,1607,-16.342792138764,-0.250948579096942,-0.250948982099181
2021-07-25 01:00:00,1607.04166666667,-16.0889250520599,-0.210532291217864,-0.210532696991348
2021-07-25 05:00:00,1607.20833333333,-16.6037286408922,-0.292635830884004,-0.29263624773945
2021-07-25 06:00:00,1607.25,-16.787410012987,-0.321918964249487,-0.321919383874663
2021-07-25 07:00:00,1607.29166666667,-16.9506326725417,-0.347942537867701,-0.347942960262297
2021-07-25 08:00:00,1607.33333333333,-16.7459684777366,-0.315361000459018,-0.315361425622725
2021-07-25 09:00:00,1607.375,-15.8277347038961,-0.169106846942412,-0.16910727487492
2021-07-25 10:00:00,1607.41666666667,-15.3802819940631,-0.0978479810953127,-0.0978484117963098
2021-07-25 11:00:00,1607.45833333333,-15.0602629785185,-0.0468889215506167,-0.0468893550197893
2021-07-25 12:30:00,1607.52083333333,-14.8632467541744,-0.0155335081875109,-0.0155339458083557
2021-07-25 13:30:00,1607.5625,-14.7871261695733,-0.00342646228160859,-0.00342690266983892
2021-07-25 14:30:00,1607.60416666667,-15.0801891529963,-0.0501301502864611,-0.0501305934417584
2021-07-25 15:30:00,1607.64583333333,-14.8437335709193,-0.0124806800985716,-0.0124811260206162
2021-07-25 16:30:00,1607.6875,-14.7206891322097,0.0071027862232661,0.00710233753479561
2021-07-25 21:00:00,1607.875,-13.8833432217069,0.140419230186282,0.14041876905291
2021-07-25 22:00:00,1607.91666666667,-13.7573736148699,0.160471275781524,0.160470811883519
2021-07-25 23:00:00,1607.95833333333,-13.6925992573284,0.17077534680481,0.170774880142502
2021-07-26 00:30:00,1608.02083333333,-13.7516085367347,0.161354216507339,0.1613537456992
2021-07-26 01:30:00,1608.0625,-13.7195695910946,0.166444693982894,0.166444220411286
2021-07-26 02:30:00,1608.10416666667,-13.7145057625866,0.16723848841926,0.167238012084518
2021-07-26 03:30:00,1608.14583333333,-13.7427328391466,0.162729490291511,0.162729011193971
2021-07-26 04:30:00,1608.1875,-13.7539072194805,0.160937471268309,0.16093698940831
2021-07-26 05:30:00,1608.22916666667,-13.713905380705,0.167298332936171,0.167297848314053
2021-07-26 06:30:00,1608.27083333333,-13.7914962851852,0.154927058991837,0.154926571607941
2021-07-26 07:30:00,1608.3125,-13.872406306679,0.142027519762642,0.142027029617312
2021-07-26 08:30:00,1608.35416666667,-14.0402259296296,0.115283691347388,0.115283198440966
2021-07-26 09:30:00,1608.39583333333,-14.1998368908738,0.0898479810458011,0.0898474853786341
2021-07-26 10:30:00,1608.4375,-14.2198518409259,0.0866504875268749,0.0866499890993094
2021-07-26 12:00:00,1608.5,-13.9709719598131,0.126284469771982,0.126283967204473
2021-07-26 15:30:00,1608.64583333333,-16.1092499950549,-0.214370390180774,-0.214370902405078
2021-07-26 16:00:00,1608.66666666667,-16.2931657171429,-0.243671486659841,-0.243672000263333
2021-07-26 16:30:00,1608.6875,-15.0835482104683,-0.0509816258438558,-0.050982140826447
2021-07-26 17:00:00,1608.70833333333,-14.6992057302857,0.0102414516178456,0.0102409352562446
2021-07-26 17:30:00,1608.72916666667,-16.1035219648352,-0.213469964256839,-0.213470481997361
2021-07-26 18:00:00,1608.75,-15.9109770742857,-0.182800143648333,-0.182800662767685
2021-07-26 18:30:00,1608.77083333333,-14.4084945063187,0.0565438031890255,0.0565432826909323
2021-07-26 19:00:00,1608.79166666667,-14.0923314365714,0.106906324320481,0.106905802443736
2021-07-26 19:30:00,1608.8125,-14.8726675717033,-0.0174041433378204,-0.0174046665931258
2021-07-26 20:00:00,1608.83333333333,-15.9227371485714,-0.184683222899912,-0.184683747533688
2021-07-26 20:30:00,1608.85416666667,-15.7844862513736,-0.162661883634969,-0.162662409647126
2021-07-26 21:00:00,1608.875,-15.6317371262857,-0.138330848186339,-0.138331375576785
2021-07-26 21:30:00,1608.89583333333,-14.6495906486264,0.0181238963449041,0.0181233675762591
2021-07-26 22:00:00,1608.91666666667,-14.3524171617143,0.065462072080676,0.0654615419339233
2021-07-26 22:30:00,1608.9375,-14.2147445093407,0.0873917690141154,0.087391237489346
2021-07-26 23:00:00,1608.95833333333,-14.0368352426136,0.115731305488769,0.115730772586074
2021-07-26 23:30:00,1608.97916666667,-14.6177934033058,0.0231828366008475,0.0231823023203189
2021-07-27,1609,-14.7271217078261,0.00576545895510661,0.00576492329683564
2021-07-27 00:30:00,1609.02083333333,-14.333310453022,0.0684986907811271,0.0684981537452061
2021-07-27 01:00:00,1609.04166666667,-14.3515057011364,0.0655991103891337,0.0655985719756544
2021-07-27 01:30:00,1609.0625,-14.9892472618132,-0.0359945222075104,-0.0359950619984557
2021-07-27 02:00:00,1609.08333333333,-15.1828466068182,-0.0668358643360707,-0.0668364055043897
2021-07-27 02:30:00,1609.10416666667,-15.3765384527473,-0.0976918238057602,-0.0976923663513602
2021-07-27 03:00:00,1609.125,-15.4315795340909,-0.106460499273165,-0.106461043195953
2021-07-27 03:30:00,1609.14583333333,-15.7229533002747,-0.152877022199508,-0.152877567499392
2021-07-27 04:00:00,1609.16666666667,-15.5709772954545,-0.128667491659305,-0.12866803833619
2021-07-27 04:30:00,1609.1875,-16.0406236244506,-0.203482724992549,-0.203483273046343
2021-07-27 05:00:00,1609.20833333333,-15.6536022676136,-0.141830065664829,-0.141830615095439
2021-07-27 05:30:00,1609.22916666667,-16.3366923035714,-0.250646797801583,-0.250647348608915
2021-07-27 06:00:00,1609.25,-16.4892215818182,-0.274944703967231,-0.274945256151191
2021-07-27 06:30:00,1609.27083333333,-16.611346181044,-0.294399004914789,-0.294399558475283
2021-07-27 07:00:00,1609.29166666667,-16.5430113284091,-0.283512860953816,-0.283513415890749
2021-07-27 07:30:00,1609.3125,-16.2332747373626,-0.234171129432811,-0.234171685746091
2021-07-27 08:00:00,1609.33333333333,-16.3321533392045,-0.249921972018022,-0.249922529707552
2021-07-27 08:30:00,1609.35416666667,-17.0703818445055,-0.367521592989298,-0.367522152054984
2021-07-27 09:00:00,1609.375,-17.0255170522727,-0.360373773933152,-0.3603743343749
2021-07-27 09:30:00,1609.39583333333,-17.2988897713499,-0.403921299723051,-0.403921861540765
2021-07-27 10:00:00,1609.41666666667,-17.0458353022727,-0.363608480126653,-0.363609043320238
2021-07-27 11:00:00,1609.45833333333,-16.2015630571046,-0.229112830105603,-0.229113396050645
2021-07-27 11:30:00,1609.47916666667,-16.0988969684848,-0.21275663262046,-0.212757199941086
2021-07-27 12:00:00,1609.5,-15.7142406526738,-0.151479072308751,-0.151479641004866
2021-07-27 12:30:00,1609.52083333333,-15.6467151660606,-0.140720561592719,-0.140721131664225
2021-07-27 13:00:00,1609.54166666667,-16.2504879179625,-0.236900221869205,-0.236900793316008
2021-07-27 13:30:00,1609.5625,-16.2194970018182,-0.23196145809532,-0.231962030917323
2021-07-27 17:00:00,1609.70833333333,-16.7318645799629,-0.313565451281695,-0.313566033727379
2021-07-27 18:00:00,1609.75,-16.0242439217877,-0.20083518935976,-0.20083577455419
2021-07-27 19:00:00,1609.79166666667,-14.7342713723048,0.00466461747364288,0.00466402953086043
2021-07-27 20:00:00,1609.83333333333,-15.4389369022263,-0.107582374667864,-0.107582965358605
2021-07-27 22:30:00,1609.9375,-17.8975528868275,-0.499222765107547,-0.499223362666449
2021-07-28,1610,-17.6179097681704,-0.454662663384454,-0.454663265063056
2021-07-28 00:30:00,1610.02083333333,-17.5511005899281,-0.444015426295122,-0.444016029346757
2021-07-28 01:30:00,1610.0625,-17.3910630881262,-0.418512009054685,-0.418512614852085
2021-07-28 02:30:00,1610.10416666667,-17.3067639447955,-0.40507329400191,-0.405073902544671
2021-07-28 03:30:00,1610.14583333333,-17.4393624477695,-0.426186056567863,-0.42618666785558
2021-07-28 04:30:00,1610.1875,-17.3722992496283,-0.415492095035384,-0.415492709067651
2021-07-28 05:30:00,1610.22916666667,-17.1058995983271,-0.373043221641673,-0.373043838418083
2021-07-28 06:30:00,1610.27083333333,-17.4521001445269,-0.428181525062696,-0.42818214458284
2021-07-28 07:30:00,1610.3125,-17.844180316171,-0.490628013190321,-0.490628635453788
2021-07-28 08:30:00,1610.35416666667,-18.1716740401852,-0.54278536164965,-0.542785986656029
2021-07-28 09:30:00,1610.39583333333,-18.5540518335185,-0.603685309172238,-0.603685936921115
2021-07-28 11:00:00,1610.45833333333,-19.4121611101852,-0.74036218211433,-0.740362813976176
2021-07-28 12:00:00,1610.5,-19.87527778,-0.814122709387077,-0.814123343990382
2021-07-28 13:00:00,1610.54166666667,-20.4856289343228,-0.911337322881994,-0.91133796022634
2021-07-28 14:00:00,1610.58333333333,-20.9644888544444,-0.987604816435447,-0.987605456520414
2021-07-28 15:00:00,1610.625,-21.0313321165121,-0.998237289568589,-0.998237932393757
2021-07-28 18:30:00,1610.77083333333,-20.9255419359404,-0.981326146502384,-0.981326798914919
2021-07-28 19:30:00,1610.8125,-19.9168478632653,-0.820622628101241,-0.820623283252065
2021-07-28 20:30:00,1610.85416666667,-19.504719806308,-0.754952030004485,-0.75495268789317
2021-07-28 21:30:00,1610.89583333333,-19.2031057369202,-0.706885916798718,-0.706886577424834
2021-07-28 22:30:00,1610.9375,-18.7682337972171,-0.637591257330146,-0.637591920693261
2021-07-28 23:30:00,1610.97916666667,-17.5459332402597,-0.442858184142792,-0.442858850242474
2021-07-29 00:30:00,1611.02083333333,-18.1470629868519,-0.538598389082729,-0.538599057918543
2021-07-29 01:30:00,1611.0625,-18.5823469037106,-0.607918762567113,-0.607919434138623
2021-07-29 02:30:00,1611.10416666667,-18.3793434873913,-0.575559035495321,-0.575559709802091
2021-07-29 03:30:00,1611.14583333333,-18.3140055747681,-0.565129049297676,-0.565129726339269
2021-07-29 04:30:00,1611.1875,-18.09266107,-0.529846629256091,-0.529847309032065
2021-07-29 05:30:00,1611.22916666667,-18.2360851964815,-0.55267164062101,-0.552672323130925
2021-07-29 06:30:00,1611.27083333333,-17.9549777555556,-0.507867997714307,-0.507868682957721
2021-07-29 07:30:00,1611.3125,-17.835648192963,-0.488835214238218,-0.488835902214686
2021-07-29 08:30:00,1611.35416666667,-17.6390185397032,-0.457487998894953,-0.457488689604031
2021-07-29 10:00:00,1611.41666666667,-17.6323358712687,-0.4563866031217,-0.456387297928853
2021-07-29 11:00:00,1611.45833333333,-17.3420578421642,-0.410119954177649,-0.410120651716292
2021-07-29 12:00:00,1611.5,-17.0502416223048,-0.363607798206903,-0.363608498476585
2021-07-29 13:00:00,1611.54166666667,-16.9545121054004,-0.348331922015766,-0.348332625016037
2021-07-29 14:00:00,1611.58333333333,-16.9526134423792,-0.348002895787194,-0.3480036015176
2021-07-29 15:00:00,1611.625,-17.0586882795918,-0.364873653204959,-0.364874361665047
2021-07-29 16:00:00,1611.66666666667,-16.8868382812268,-0.337470313620475,-0.337471024809788
2021-07-29 20:00:00,1611.83333333333,-16.4754888635688,-0.271827288700298,-0.271828010801929
2021-07-29 21:00:00,1611.875,-16.4484442669145,-0.267489192873273,-0.26748991770183
2021-07-29 22:00:00,1611.91666666667,-16.5643308381041,-0.285919662226169,-0.285920389781188
2021-07-29 23:00:00,1611.95833333333,-16.3227342126394,-0.24740233090772,-0.247403061188736
2021-07-30,1612,-16.2309925994424,-0.232756538165117,-0.232757271171663
2021-07-30 01:00:00,1612.04166666667,-15.9670853536178,-0.190684165162669,-0.190684900894277
2021-07-30 02:00:00,1612.08333333333,-15.3567291324675,-0.093421750879829,-0.0934224893360299
2021-07-30 03:00:00,1612.125,-15.3603796244444,-0.0939705728571124,-0.0939713140374351
2021-07-30 04:00:00,1612.16666666667,-15.9036555385185,-0.180481638296422,-0.180482382200394
2021-07-30 05:00:00,1612.20833333333,-16.4121799727273,-0.261456296275342,-0.26145704290249
2021-07-30 06:00:00,1612.25,-17.3234322612245,-0.406585317369913,-0.406586066719761
2021-07-30 07:00:00,1612.29166666667,-18.291309277963,-0.560734226288774,-0.560734978360847
2021-07-30 08:00:00,1612.33333333333,-18.5629406152134,-0.603970229087915,-0.603970983881735
2021-07-30 09:30:00,1612.39583333333,-18.802871524581,-0.642137914759078,-0.642138673634619
2021-07-30 10:30:00,1612.4375,-18.4909591975881,-0.592413815337088,-0.592414576933175
2021-07-30 11:30:00,1612.47916666667,-18.4627291606679,-0.587880035678959,-0.587880799995109
2021-07-30 12:30:00,1612.52083333333,-18.2290834794063,-0.550622925335947,-0.550623692371677
2021-07-30 13:30:00,1612.5625,-18.0070315439703,-0.515212235258294,-0.515213005013118
2021-07-30 14:30:00,1612.60416666667,-18.5746326044527,-0.605593360015799,-0.605594132489231
2021-07-30 15:30:00,1612.64583333333,-19.1993840567718,-0.705078111342428,-0.705078886533979
2021-07-30 16:30:00,1612.6875,-18.204643770872,-0.546576199791014,-0.546576977700195
2021-07-30 17:30:00,1612.72916666667,-17.957248612987,-0.507126429543358,-0.507127210169678
2021-07-30 21:30:00,1612.89583333333,-17.9000705328386,-0.4978550251946,-0.497855816684541
2021-07-30 22:30:00,1612.9375,-18.5293636289425,-0.59805996235339,-0.598060756557995
2021-07-30 23:30:00,1612.97916666667,-19.7450092797774,-0.79167080896981,-0.791671605888581
2021-07-31 00:30:00,1613.02083333333,-20.3596586146568,-0.889542041471122,-0.889542841103558
2021-07-31 01:30:00,1613.0625,-19.9442003558442,-0.823315926687659,-0.823316729033257
2021-07-31 02:30:00,1613.10416666667,-21.0451468618959,-0.998653703128704,-0.998654508186962
2021-07-31 03:30:00,1613.14583333333,-20.5657444548148,-0.9222402969335,-0.922241104703913
2021-07-31 05:30:00,1613.22916666667,-20.9540166498148,-0.984002400519144,-0.984003213712349
2021-07-31 06:30:00,1613.27083333333,-20.5520814681481,-0.919928164516311,-0.919928980420149
2021-07-31 07:30:00,1613.3125,-20.7157129731481,-0.945948634515171,-0.945949453129132
2021-07-31 09:00:00,1613.375,-20.4267514038961,-0.899846747796273,-0.899847570474461
2021-07-31 10:00:00,1613.41666666667,-20.1076196736549,-0.848961511173637,-0.848962336560667
2021-07-31 11:00:00,1613.45833333333,-20.4079666074212,-0.896759197153105,-0.896760025248462
2021-07-31 12:00:00,1613.5,-20.82842486141,-0.963690231040172,-0.963691061843341
2021-07-31 13:00:00,1613.54166666667,-20.8447198612245,-0.966237298505117,-0.96623813201558
2021-07-31 14:00:00,1613.58333333333,-21.4983183,-1.07030678803429,-1.07030762425153
2021-07-31 15:00:00,1613.625,-21.9650704886827,-1.14461106523913,-1.14461190416263
2021-07-31 16:00:00,1613.66666666667,-21.882905219145,-1.13147192794985,-1.13147276957908
2021-07-31 17:00:00,1613.70833333333,-22.5619035649351,-1.23958622740844,-1.23958707174287
2021-07-31 18:00:00,1613.75,-21.9748776012987,-1.14602147857405,-1.14602232561317
2021-07-31 19:00:00,1613.79166666667,-20.9226400966605,-0.978347727753587,-0.978348577496869
2021-07-31 23:00:00,1613.95833333333,-18.0366512120594,-0.518396668460887,-0.518397529015526
2021-08-01,1614,-17.6488831042672,-0.456571012504349,-0.456571875760499
2021-08-01 01:00:00,1614.04166666667,-17.1352949716141,-0.374701665778559,-0.374702531735686
2021-08-01 02:00:00,1614.08333333333,-18.0502727428571,-0.520403417545696,-0.520404286203266
2021-08-01 03:00:00,1614.125,-18.16586292,-0.538761683480107,-0.538762554837583
2021-08-01 04:00:00,1614.16666666667,-18.3335754513966,-0.565422606882405,-0.565423480939248
2021-08-01 05:00:00,1614.20833333333,-18.4419054111317,-0.582623373400116,-0.582624250155788
2021-08-01 06:00:00,1614.25,-18.8427481798148,-0.646421168661941,-0.6464220481159
2021-08-01 07:00:00,1614.29166666667,-18.5768385990724,-0.60400436746539,-0.604005249617095
2021-08-01 08:30:00,1614.35416666667,-18.2544278035185,-0.552557392345878,-0.552558278543183
2021-08-01 09:30:00,1614.39583333333,-17.8046129733333,-0.480843176807333,-0.480844065701024
2021-08-01 10:30:00,1614.4375,-17.3421670217069,-0.407116343975095,-0.407117235564624
2021-08-01 11:30:00,1614.47916666667,-16.8308833455556,-0.325609156134425,-0.325610050419244
2021-08-01 12:30:00,1614.52083333333,-16.7227718211503,-0.308327109617516,-0.308328006597075
2021-08-01 13:30:00,1614.5625,-18.0944203577778,-0.526771427747363,-0.526772327421112
2021-08-01 14:30:00,1614.60416666667,-18.6036889044444,-0.607837526709485,-0.607838429076872
2021-08-01 15:30:00,1614.64583333333,-17.6238497155844,-0.451687228799053,-0.451688133859525
2021-08-01 16:30:00,1614.6875,-17.4837206582868,-0.42930288447661,-0.429303792229611
2021-08-01 17:30:00,1614.72916666667,-16.6393462962963,-0.294731289448765,-0.29473219989374
2021-08-01 18:30:00,1614.77083333333,-16.8788962664815,-0.332829144748574,-0.332830057884965
2021-08-01 19:30:00,1614.8125,-15.2620666531481,-0.0752039354606823,-0.0752048512879303
2021-08-01 20:30:00,1614.85416666667,-14.9707490597378,-0.0287332678645807,-0.0287341863821258
2021-08-02 00:30:00,1615.02083333333,-15.4513364570093,-0.105032214100597,-0.1050331433737
2021-08-02 01:30:00,1615.0625,-15.8078097074627,-0.161752739799137,-0.161753671759716
2021-08-02 02:30:00,1615.10416666667,-15.5169220823748,-0.115347745301882,-0.115348679949369
2021-08-02 03:30:00,1615.14583333333,-15.6432096666048,-0.135398589691524,-0.135399527025348
2021-08-02 04:30:00,1615.1875,-15.6427402649351,-0.135256485603521,-0.135257425623112
2021-08-02 05:30:00,1615.22916666667,-15.5762662744879,-0.12459933334837,-0.124600276053156
2021-08-02 06:30:00,1615.27083333333,-15.6646412637546,-0.138609264246191,-0.138610209635597
2021-08-02 08:00:00,1615.33333333333,-15.7470929481413,-0.15164059329893,-0.151641542714189
2021-08-02 09:00:00,1615.375,-15.8882889992395,-0.174063782315605,-0.174064734414044
2021-08-02 10:00:00,1615.41666666667,-16.0094275035316,-0.193291319943793,-0.193292274724835
2021-08-02 11:00:00,1615.45833333333,-16.2454647066915,-0.230821832596586,-0.23082279005965
2021-08-02 12:00:00,1615.5,-16.7074879011173,-0.304351605373413,-0.304352565517919
2021-08-02 13:00:00,1615.54166666667,-17.4972481496269,-0.430089655330055,-0.43009061815542
2021-08-02 14:00:00,1615.58333333333,-18.2785407681481,-0.554478336074376,-0.554479301580017
2021-08-02 15:00:00,1615.625,-18.7353791695167,-0.627180758500005,-0.627181726685337
2021-08-02 16:00:00,1615.66666666667,-19.3218311460111,-0.720530246436372,-0.720531217300808
2021-08-02 17:00:00,1615.70833333333,-19.9454174777365,-0.819794794104737,-0.819795767647689
2021-08-02 18:00:00,1615.75,-19.987873552974,-0.826484407076295,-0.826485383297175
2021-08-02 19:00:00,1615.79166666667,-19.4481277777778,-0.740428379707477,-0.740429358605694
2021-08-02 20:00:00,1615.83333333333,-18.9381500022222,-0.659113946474315,-0.659114928049278
2021-08-02 21:00:00,1615.875,-17.7514222074074,-0.469992282117837,-0.469993266368952
2021-08-02 22:00:00,1615.91666666667,-17.348802225,-0.405779083208001,-0.405780070134674
2021-08-03 02:00:00,1616.08333333333,-17.4445268846011,-0.420721204656645,-0.420722202279578
2021-08-03 03:00:00,1616.125,-17.4975621569573,-0.429091867018515,-0.429092867314015
2021-08-03 04:00:00,1616.16666666667,-17.729797787384,-0.46600880531283,-0.466009808280294
2021-08-03 05:00:00,1616.20833333333,-17.8081762640074,-0.478415719931277,-0.4784167255701
2021-08-03 06:00:00,1616.25,-17.8199424879406,-0.480210786007849,-0.480211794317427
2021-08-03 07:30:00,1616.3125,-18.3651920811676,-0.56694960369659,-0.566950616011163
2021-08-03 08:30:00,1616.35416666667,-18.9526530319109,-0.660452078614965,-0.660453093598774
2021-08-03 09:30:00,1616.39583333333,-19.4371484445269,-0.737551600786181,-0.737552618438616
2021-08-03 10:30:00,1616.4375,-19.5223326949814,-0.751040100570839,-0.75104112089129
2021-08-03 11:30:00,1616.47916666667,-18.7391022282528,-0.626189046468571,-0.626190069456425
2021-08-03 12:30:00,1616.52083333333,-17.59856586141,-0.44441843832508,-0.444419463979725
2021-08-03 13:30:00,1616.5625,-18.6119907608534,-0.605774930372558,-0.605775958693378
2021-08-03 14:30:00,1616.60416666667,-18.8353896267161,-0.641279241975134,-0.641280272961512
2021-08-03 15:30:00,1616.64583333333,-20.0501113573284,-0.834701525653361,-0.834702559304679
2021-08-03 16:30:00,1616.6875,-19.8567699486085,-0.803817876369176,-0.803818912684817
2021-08-03 17:30:00,1616.72916666667,-18.8083784920223,-0.636723674826241,-0.636724713805583
2021-08-03 18:30:00,1616.77083333333,-19.0607458040816,-0.676840806105804,-0.676841847748226
2021-08-03 19:30:00,1616.8125,-18.8078942910946,-0.636475749002601,-0.63647679330748
2021-08-03 20:30:00,1616.85416666667,-17.7268181751391,-0.464173452313628,-0.464174499280339
2021-08-03 21:30:00,1616.89583333333,-16.5594730975881,-0.278127979964375,-0.278129029592293
2021-08-03 22:30:00,1616.9375,-16.0709239482375,-0.200214715668471,-0.20021576795697
2021-08-03 23:30:00,1616.97916666667,-16.3321205912801,-0.2417360235381,-0.241737078486551
2021-08-04 03:00:00,1617.125,-17.1638993884892,-0.37392902872818,-0.373930092981498
2021-08-04 03:30:00,1617.14583333333,-16.860222513,-0.325508338468709,-0.325509404050659
2021-08-04 04:00:00,1617.16666666667,-17.3693957136691,-0.406575129185509,-0.406576196095934
2021-08-04 04:30:00,1617.1875,-17.2571532645729,-0.388649845800787,-0.388650914039529
2021-08-04 05:00:00,1617.20833333333,-17.3263722839416,-0.399631387000236,-0.399632456567135
2021-08-04 05:30:00,1617.22916666667,-17.3781206077889,-0.407829716907239,-0.407830787802136
2021-08-04 06:30:00,1617.27083333333,-17.4989127187919,-0.426981205375715,-0.42698227892613
2021-08-04 07:00:00,1617.29166666667,-17.3630384651282,-0.405290773609324,-0.405291848487258
2021-08-04 07:30:00,1617.3125,-17.2200201402685,-0.382462169208339,-0.382463245413633
2021-08-04 08:00:00,1617.33333333333,-17.1395050794872,-0.369590262458663,-0.369591339991156
2021-08-04 08:30:00,1617.35416666667,-17.1206644536913,-0.366543020299349,-0.366544099158882
2021-08-04 09:00:00,1617.375,-17.0608273427835,-0.356964891794896,-0.356965971981308
2021-08-04 09:30:00,1617.39583333333,-16.8600872328859,-0.324940697896023,-0.324941779409153
2021-08-04 10:00:00,1617.41666666667,-16.8227410574359,-0.318945157559546,-0.318946240399234
2021-08-04 10:30:00,1617.4375,-16.6010743182432,-0.283587102748638,-0.283588186914722
2021-08-04 11:00:00,1617.45833333333,-16.6253187375321,-0.287402754268447,-0.287403839760768
2021-08-04 11:30:00,1617.47916666667,-16.5221745020134,-0.270925185103316,-0.270926271921712
2021-08-04 12:00:00,1617.5,-16.4596794766667,-0.260922947232413,-0.260924035376722
2021-08-04 12:30:00,1617.52083333333,-16.4508188080537,-0.259464583788343,-0.259465673258404
2021-08-04 13:00:00,1617.54166666667,-16.3090692410256,-0.236836806940085,-0.236837897735736
2021-08-04 16:30:00,1617.6875,-17.4743773438662,-0.422139160467635,-0.422140260537878
2021-08-04 17:30:00,1617.72916666667,-17.2584415589981,-0.387644509384617,-0.38764561210328
2021-08-04 18:30:00,1617.77083333333,-16.2967602427509,-0.234351594787029,-0.234352700153458
2021-08-04 19:30:00,1617.8125,-15.8662783064935,-0.165678653625874,-0.165679761639414
2021-08-04 20:30:00,1617.85416666667,-16.1003947837989,-0.202876247327584,-0.202877357987579
2021-08-04 21:30:00,1617.89583333333,-16.7567917879182,-0.307342963419617,-0.307344076725411
2021-08-04 22:30:00,1617.9375,-16.4249573341373,-0.254383234817919,-0.254384350768854
2021-08-04 23:30:00,1617.97916666667,-16.223224471243,-0.222148315419163,-0.222149434014578
2021-08-05 00:30:00,1618.02083333333,-16.1234481516667,-0.206154679083492,-0.206155800322726
2021-08-05 01:30:00,1618.0625,-15.6767574031481,-0.134896859211956,-0.134897983094348
2021-08-05 02:30:00,1618.10416666667,-15.4766074188889,-0.102912692223068,-0.102913818747953
2021-08-05 03:30:00,1618.14583333333,-15.5646296340741,-0.116834095543471,-0.116835224710185
2021-08-05 04:30:00,1618.1875,-17.4177907531481,-0.411942920701284,-0.411944052509161
2021-08-05 06:00:00,1618.25,-21.8948568552045,-1.12499027661885,-1.12499141238722
2021-08-05 07:00:00,1618.29166666667,-22.143962909833,-1.16457081660511,-1.16457195501296
2021-08-05 08:00:00,1618.33333333333,-21.9027310257885,-1.12603970579958,-1.12604084684626
2021-08-05 09:00:00,1618.375,-21.7162193215613,-1.09622509203564,-1.09622623572047
2021-08-05 10:00:00,1618.41666666667,-21.5611524336431,-1.07141919332645,-1.07142033964876
2021-08-05 11:00:00,1618.45833333333,-21.2441765301115,-1.02082060612688,-1.02082175508598
2021-08-05 12:00:00,1618.5,-21.2881428580705,-1.02771990778987,-1.0277210593851
2021-08-05 13:00:00,1618.54166666667,-21.4502305200743,-1.05343555588313,-1.0534367101138
2021-08-05 14:00:00,1618.58333333333,-20.7622170558442,-0.943729020634411,-0.943730177499853
2021-08-05 18:00:00,1618.75,-19.1155046491651,-0.680979899236853,-0.680981066634556
2021-08-05 19:00:00,1618.79166666667,-18.7615455007421,-0.624486123830565,-0.624487293859623
2021-08-05 20:00:00,1618.83333333333,-18.4687124215213,-0.57772930881752,-0.577730481477248
2021-08-05 21:00:00,1618.875,-17.94889408829,-0.494813114577537,-0.494814289867247
2021-08-05 22:00:00,1618.91666666667,-18.1651410369202,-0.529152179738548,-0.529153357657551
2021-08-05 23:00:00,1618.95833333333,-18.0550705584416,-0.511508179625835,-0.511509360173441
2021-08-06,1619,-17.7812152335807,-0.467772670553125,-0.467773853728642
2021-08-06 01:00:00,1619.04166666667,-18.2957518653704,-0.549628097737295,-0.54962928354003
2021-08-06 02:00:00,1619.08333333333,-18.1550612159555,-0.527104885016668,-0.527106073445927
2021-08-06 03:00:00,1619.125,-18.1800259946296,-0.530970234651522,-0.530971425706611
2021-08-06 04:00:00,1619.16666666667,-18.1873296418519,-0.53202168776394,-0.53202288144416
2021-08-06 05:30:00,1619.22916666667,-17.8021226765799,-0.470489035269163,-0.470490232885772
2021-08-06 06:30:00,1619.27083333333,-17.8224869806691,-0.473619896452295,-0.473621096692289
2021-08-06 07:30:00,1619.3125,-17.7935825705009,-0.468901750786915,-0.468902953649592
2021-08-06 08:30:00,1619.35416666667,-17.6793215050186,-0.450585763532077,-0.450586969016736
2021-08-06 09:30:00,1619.39583333333,-18.0375844315399,-0.507542720532372,-0.507543928638308
2021-08-06 10:30:00,1619.4375,-17.8973023977737,-0.485080643808729,-0.485081854535237
2021-08-06 11:30:00,1619.47916666667,-17.4192783128015,-0.408815551748555,-0.408816765094929
2021-08-06 12:30:00,1619.52083333333,-17.160476816141,-0.367472309500027,-0.36747352546556
2021-08-06 13:30:00,1619.5625,-17.0150855436803,-0.344194931904737,-0.344196150488719
2021-08-06 14:30:00,1619.60416666667,-16.8894925596654,-0.324070970760534,-0.324072191962255
2021-08-06 15:30:00,1619.64583333333,-16.5022955635688,-0.262272838559784,-0.262274062378533
2021-08-06 19:30:00,1619.8125,-16.3227544332673,-0.233197663435094,-0.233198897714813
2021-08-06 20:30:00,1619.85416666667,-15.6237495599258,-0.121725989542289,-0.121727226435459
2021-08-06 21:30:00,1619.89583333333,-15.7522290599628,-0.142072703037291,-0.142073942543194
2021-08-06 22:30:00,1619.9375,-15.7484693745826,-0.141353155235265,-0.141354397353179
2021-08-06 23:30:00,1619.97916666667,-15.5882230518587,-0.115704709778639,-0.115705954507842
2021-08-07 00:30:00,1620.02083333333,-15.8248998148423,-0.153285931084949,-0.15328717842472
2021-08-07 01:30:00,1620.0625,-15.7756296314815,-0.145315135123295,-0.145316385072908
2021-08-07 02:30:00,1620.10416666667,-15.374261596846,-0.0812544355285933,-0.0812556880873231
2021-08-07 03:30:00,1620.14583333333,-14.8369778007407,0.00445820624405724,0.00445695107693711
2021-08-07 05:00:00,1620.20833333333,-14.3407773512059,0.0836885864295658,0.0836873273512255
2021-08-07 06:00:00,1620.25,-14.4462393244898,0.0670125281700921,0.067011266485184
2021-08-07 07:00:00,1620.29166666667,-14.5044211350649,0.0578686976442244,0.0578674333534805
2021-08-07 08:00:00,1620.33333333333,-14.809979593692,0.00931805426851595,0.00931678737266795
2021-08-07 09:00:00,1620.375,-14.836679048423,0.00519031338869291,0.00518904388847485
2021-08-07 10:00:00,1620.41666666667,-14.8946400625232,-0.00391695240372381,-0.0039182245075764
2021-08-07 11:00:00,1620.45833333333,-14.6424425903704,0.0363847140772633,0.0363834393705121
2021-08-07 12:00:00,1620.5,-14.2977254116883,0.0914252996295313,0.0914240223206191
2021-08-07 13:00:00,1620.54166666667,-13.9815185275926,0.14192463852076,0.141923358610426
2021-08-07 14:00:00,1620.58333333333,-13.7368085548327,0.181034931918709,0.181033649407694
2021-08-07 15:00:00,1620.625,-13.4930981231481,0.219986461218662,0.219985176107706
2021-08-07 16:00:00,1620.66666666667,-13.2422907509259,0.260069001661626,0.260067713951473
2021-08-07 17:00:00,1620.70833333333,-13.4281333337037,0.230593355615462,0.230592065306855
2021-08-07 21:00:00,1620.875,-12.5501944487037,0.370971120614676,0.370969819919719
2021-08-07 22:00:00,1620.91666666667,-12.5827885046382,0.365910390298698,0.365909087009026
2021-08-07 23:00:00,1620.95833333333,-12.6283066994424,0.358791298401846,0.358789992518212
2021-08-08,1621,-13.1151684537313,0.281366324998724,0.281365016521879
2021-08-08 01:00:00,1621.04166666667,-13.3575176105751,0.242892845941585,0.242891534872284
2021-08-08 02:00:00,1621.08333333333,-13.797317254731,0.172965825928203,0.172964512267201
2021-08-08 03:00:00,1621.125,-13.9649665975881,0.146393006098445,0.146391689846499
2021-08-08 04:30:00,1621.1875,-13.9294044500928,0.152259709466354,0.152258389329412
2021-08-08 05:30:00,1621.22916666667,-13.9233072530726,0.153365994061675,0.153364671335686
2021-08-08 06:30:00,1621.27083333333,-14.0526994144712,0.132889189502095,0.132887864187819
2021-08-08 07:30:00,1621.3125,-14.1520741987013,0.117194636970401,0.117193309068601
2021-08-08 08:30:00,1621.35416666667,-14.2362527769517,0.103921313235139,0.103919982746578
2021-08-08 09:30:00,1621.39583333333,-14.4143877554731,0.0756811300488498,0.0756797969742935
2021-08-08 10:30:00,1621.4375,-14.418159538961,0.0752175906178972,0.0752162549581111
2021-08-08 11:30:00,1621.47916666667,-14.3450148391466,0.087007364056481,0.0870060258122329
2021-08-08 12:30:00,1621.52083333333,-14.1572319155844,0.117059550503353,0.117058209675411
2021-08-08 13:30:00,1621.5625,-14.3195027981447,0.0913483774546967,0.0913470340438303
2021-08-08 14:30:00,1621.60416666667,-13.7185698502793,0.187216581889128,0.187215235896109
2021-08-08 15:30:00,1621.64583333333,-13.6550111135436,0.197481152306461,0.197479803732061
2021-08-08 16:30:00,1621.6875,-13.6666567647495,0.19576607174125,0.195764720586243
2021-08-08 17:30:00,1621.72916666667,-13.8377105617811,0.168657621317697,0.168656267582858
2021-08-08 18:30:00,1621.77083333333,-13.642682758256,0.199866693083897,0.199865336770001
2021-08-08 22:30:00,1621.9375,-13.4953506298701,0.22390543430018,0.223904067677846
2021-08-08 23:30:00,1621.97916666667,-13.4547049974026,0.230523622877892,0.230522253680401
2021-08-09 00:30:00,1622.02083333333,-13.4017532521336,0.239102645196397,0.239101273424532
2021-08-09 01:30:00,1622.0625,-13.4805241555762,0.226698616548257,0.226697242202803
2021-08-09 02:30:00,1622.10416666667,-13.6437230537175,0.200845609041117,0.200844232122861
2021-08-09 04:00:00,1622.16666666667,-13.775230041744,0.180114356526573,0.18011297575059
2021-08-09 05:00:00,1622.20833333333,-13.7355176824953,0.186586409573969,0.186585026227153
2021-08-09 06:00:00,1622.25,-13.5599257910946,0.21470462996352,0.214703244046663
2021-08-09 07:00:00,1622.29166666667,-13.6034163552045,0.207923319325359,0.207921930839252
2021-08-09 08:00:00,1622.33333333333,-13.7534322858998,0.184172902284701,0.184171511230136
2021-08-09 09:00:00,1622.375,-13.7811503821429,0.179905078211262,0.179903684589034
2021-08-09 10:00:00,1622.41666666667,-13.8375074347584,0.171075508389673,0.171074112200577
2021-08-09 11:00:00,1622.45833333333,-13.9069350987013,0.160164241234975,0.160162842479809
2021-08-09 12:00:00,1622.5,-14.1950816294991,0.114411362606711,0.114409961286272
2021-08-09 13:00:00,1622.54166666667,-14.4103643120818,0.0802662073076944,0.0802648034227813
2021-08-09 14:00:00,1622.58333333333,-14.5191410018553,0.0630879929361905,0.0630865864876035
2021-08-09 15:00:00,1622.625,-14.6402750933086,0.0439416957319948,0.0439402867205352
2021-08-09 16:00:00,1622.66666666667,-14.53515212282,0.0608387701897359,0.0608373586162075
2021-08-09 17:00:00,1622.70833333333,-14.4932998199255,0.0676572420168793,0.0676558278820855
2021-08-09 18:00:00,1622.75,-14.3071858918216,0.0974571536845815,0.0974557369893274
2021-08-09 19:00:00,1622.79166666667,-14.2922193360595,0.0999936264099407,0.0999922071550337
2021-08-09 20:00:00,1622.83333333333,-14.0709498922078,0.135394756332197,0.135393334518444
2021-08-09 23:30:00,1622.97916666667,-13.7514382033708,0.186831438559211,0.186830007795877
2021-08-10,1623,-13.658125977892,0.201773493878002,0.201772061836968
2021-08-10 00:30:00,1623.02083333333,-13.4867752741573,0.229147249376163,0.229145816057634
2021-08-10 01:00:00,1623.04166666667,-13.4365879737194,0.237219702960321,0.237218268364499
2021-08-10 01:30:00,1623.0625,-13.4044382011236,0.242418880275458,0.242417444402548
2021-08-10 02:00:00,1623.08333333333,-13.4071822271111,0.242059565336859,0.242058128187064
2021-08-10 03:00:00,1623.125,-13.3309595959596,0.25435785002165,0.254356410318697
2021-08-10 03:30:00,1623.14583333333,-13.2508682059091,0.267194620381586,0.267193179402362
2021-08-10 04:00:00,1623.16666666667,-13.2412928747475,0.268798246925037,0.268796804669745
2021-08-10 04:30:00,1623.1875,-13.2425067965909,0.26868325250076,0.268681808969606
2021-08-10 05:00:00,1623.20833333333,-13.4329595959596,0.238422484390342,0.23842103958353
2021-08-10 05:30:00,1623.22916666667,-13.4380158911364,0.237695626610339,0.237694180528074
2021-08-10 06:00:00,1623.25,-13.6277070333333,0.207556420473622,0.20755497311611
2021-08-10 06:30:00,1623.27083333333,-13.6025818129545,0.211637729111473,0.211636280478919
2021-08-10 07:00:00,1623.29166666667,-13.6237474787879,0.208344981191439,0.208343531284048
2021-08-10 07:30:00,1623.3125,-13.5784568136364,0.215638888973419,0.215637437791396
2021-08-10 08:00:00,1623.33333333333,-13.5166161676768,0.225569335200436,0.225567882743988
2021-08-10 08:30:00,1623.35416666667,-13.4989204440909,0.228467578412171,0.228466124681503
2021-08-10 09:00:00,1623.375,-13.4647373787879,0.23399238159666,0.233990926591979
2021-08-10 09:30:00,1623.39583333333,-13.4226954556818,0.240769221090217,0.24076776481173
2021-08-10 10:00:00,1623.41666666667,-13.4649696777778,0.234114553034546,0.234113095482458
2021-08-10 10:30:00,1623.4375,-13.4149249959091,0.242166466977261,0.242165008151779
2021-08-10 11:00:00,1623.45833333333,-13.4112626585859,0.242829754902861,0.24282829480419
2021-08-10 11:30:00,1623.47916666667,-13.3916659109091,0.246031520388868,0.246030059017218
2021-08-10 12:00:00,1623.5,-13.360070720202,0.251144761017714,0.251143298373289
2021-08-10 12:30:00,1623.52083333333,-13.2656181713636,0.266271338299139,0.266269874382149
2021-08-10 13:00:00,1623.54166666667,-13.4733333111111,0.233262501429441,0.233261036240091
2021-08-10 13:30:00,1623.5625,-13.3721227227273,0.249465868376218,0.249464401914716
2021-08-10 14:00:00,1623.58333333333,-13.3045000438776,0.260318771884616,0.26031730415117
2021-08-10 14:30:00,1623.60416666667,-13.2706931754545,0.265784907169289,0.265783438164108
2021-08-10 15:00:00,1623.625,-13.2632727252525,0.267047781707343,0.267046311430632
2021-08-10 15:30:00,1623.64583333333,-12.8284431881818,0.33639734373709,0.336395872189059
2021-08-10 16:00:00,1623.66666666667,-13.4885252909091,0.231326813621055,0.231325340801913
2021-08-10 16:30:00,1623.6875,-13.3900068229545,0.2471020110209,0.247100536930853
2021-08-10 17:00:00,1623.70833333333,-13.540222210101,0.223253842045435,0.223252366684694
2021-08-10 17:30:00,1623.72916666667,-13.1596431993182,0.283961714452485,0.283960237821258
2021-08-10 18:00:00,1623.75,-13.6191717262626,0.210839970218128,0.210838492316622
2021-08-10 18:30:00,1623.77083333333,-13.4963795527273,0.230482444163009,0.230480964991435
2021-08-10 19:00:00,1623.79166666667,-13.1750908787879,0.281745666919149,0.281744186477716
2021-08-10 19:30:00,1623.8125,-13.1228610742597,0.290147733943653,0.290146252232569
2021-08-10 20:00:00,1623.83333333333,-13.1358686454545,0.288157554823924,0.288156071843399
2021-08-10 20:30:00,1623.85416666667,-12.9638659293182,0.315639761104053,0.315638276854299
2021-08-10 21:00:00,1623.875,-12.9132424373737,0.323786284638186,0.323784799119409
2021-08-10 21:30:00,1623.89583333333,-12.8433636425,0.335000306085343,0.334998819297755
2021-08-11 01:00:00,1624.04166666667,-13.2625287784173,0.268806159015469,0.268804663352092
2021-08-11 01:30:00,1624.0625,-13.2052423430769,0.278015123380094,0.278013626449589
2021-08-11 02:30:00,1624.10416666667,-13.2507439394464,0.270933418009077,0.270931918544953
2021-08-11 03:00:00,1624.125,-13.2333360256,0.273790048272673,0.273788547542055
2021-08-11 03:30:00,1624.14583333333,-13.1218645788194,0.291631180820467,0.29162967882357
2021-08-11 04:00:00,1624.16666666667,-13.051015992,0.303001177004965,0.302999673741999
2021-08-11 04:30:00,1624.1875,-12.9580104333333,0.317900908885737,0.317899404356914
2021-08-11 05:00:00,1624.20833333333,-12.9222811048193,0.323676610609502,0.323675104815034
2021-08-11 05:30:00,1624.22916666667,-12.8802639052083,0.330454088918277,0.330452581858378
2021-08-11 06:00:00,1624.25,-12.839655996,0.337007180473868,0.337005672148747
2021-08-11 08:30:00,1624.35416666667,-12.8205663972431,0.34047099304434,0.340469478396314
2021-08-11 09:00:00,1624.375,-12.6099142785714,0.3741129337464,0.374111417834432
2021-08-11 11:00:00,1624.45833333333,-13.0309405254647,0.307383923681109,0.307382402715513
2021-08-11 12:00:00,1624.5,-12.9423438717472,0.32166850451519,0.321666981024062
2021-08-11 13:00:00,1624.54166666667,-12.7873803499072,0.34652583116221,0.34652430514641
2021-08-11 14:00:00,1624.58333333333,-12.5299051933086,0.387713790688852,0.387712262149239
2021-08-11 15:00:00,1624.625,-12.3086215133581,0.423136878240946,0.423135347178378
2021-08-11 16:00:00,1624.66666666667,-12.2109499076067,0.43886893006837,0.43886739648371
2021-08-11 17:00:00,1624.70833333333,-11.9307555435185,0.483677443673164,0.483675907567275
2021-08-11 18:00:00,1624.75,-11.5997592496296,0.536579196851369,0.536577658225114
2021-08-11 19:00:00,1624.79166666667,-11.375493490167,0.572479155387873,0.572477614242118
2021-08-11 20:00:00,1624.83333333333,-11.2036222424074,0.600033086442342,0.600031542777953
2021-08-11 21:00:00,1624.875,-11.067079787384,0.621959571152025,0.621958024969868
2021-08-11 22:00:00,1624.91666666667,-11.0202592548148,0.629593744993028,0.629592196293974
2021-08-11 23:00:00,1624.95833333333,-11.0162796362963,0.630403786015729,0.630402234800646
2021-08-12 02:30:00,1625.10416666667,-11.4252238688699,0.565878559857248,0.565876999842934
2021-08-12 03:00:00,1625.125,-11.4359571328571,0.564257752939719,0.564256191669246
2021-08-12 03:30:00,1625.14583333333,-11.3652409170576,0.575612020094757,0.575610457568343
2021-08-12 04:00:00,1625.16666666667,-11.3837428785714,0.572753881573718,0.572752317791584
2021-08-12 04:30:00,1625.1875,-11.5095372959488,0.552804091875973,0.552802526838336
2021-08-12 05:00:00,1625.20833333333,-11.4277571442857,0.565921193065155,0.565919626772237
2021-08-12 05:30:00,1625.22916666667,-11.6243496797441,0.534693439959323,0.534691872411342
2021-08-12 06:00:00,1625.25,-11.6691000771429,0.52765436163512,0.527652792832296
2021-08-12 06:30:00,1625.27083333333,-11.6538952963675,0.530166299707771,0.530164729650324
2021-08-12 07:00:00,1625.29166666667,-11.7159714857143,0.520367437671527,0.520365866359677
2021-08-12 07:30:00,1625.3125,-11.7057078904051,0.522092468671833,0.522090896105799
2021-08-12 08:00:00,1625.33333333333,-11.7902571542857,0.508713857083192,0.508712283263196
2021-08-12 08:30:00,1625.35416666667,-11.856324106823,0.498279604522113,0.498278029448375
2021-08-12 09:00:00,1625.375,-11.8909999585714,0.492846090360463,0.492844514033203
2021-08-12 09:30:00,1625.39583333333,-12.0486716383795,0.467819366494293,0.467817788913732
2021-08-12 10:00:00,1625.41666666667,-11.9630844985915,0.481544060013668,0.481542481180028
2021-08-12 10:30:00,1625.4375,-12.0800703400853,0.462998846430209,0.462997266343708
2021-08-12 11:00:00,1625.45833333333,-12.0511548915493,0.467695926176241,0.467694344837103
2021-08-12 11:30:00,1625.47916666667,-11.9545245283582,0.483180153770007,0.483178571178453
2021-08-12 12:00:00,1625.5,-11.9276056535211,0.487559404993872,0.487557821150123
2021-08-12 12:30:00,1625.52083333333,-11.8610789098081,0.498248331563862,0.49824674646814
2021-08-12 13:00:00,1625.54166666667,-11.8148309971831,0.505706939368289,0.505705353020816
2021-08-12 13:30:00,1625.5625,-11.7006396710021,0.523989095011913,0.523987507412909
2021-08-12 14:00:00,1625.58333333333,-11.6174647661972,0.537330426060436,0.537328837210126
2021-08-12 14:30:00,1625.60416666667,-11.732466954371,0.519102118060782,0.519100527959387
2021-08-12 15:00:00,1625.625,-11.7961971788732,0.509041583984935,0.509039992632677
2021-08-12 15:30:00,1625.64583333333,-12.1011982963753,0.460546537698658,0.460544945095759
2021-08-12 16:00:00,1625.66666666667,-12.1669718760563,0.450160722590071,0.450159128736756
2021-08-12 16:30:00,1625.6875,-11.8922814428571,0.494011181469102,0.494009586365591
2021-08-12 17:00:00,1625.70833333333,-11.9836620056338,0.479546382514582,0.4795447861611
2021-08-12 17:30:00,1625.72916666667,-12.0440554469083,0.470017967571587,0.470016369968356
2021-08-12 18:00:00,1625.75,-11.9112958084507,0.491259089660069,0.491257490807313
2021-08-12 18:30:00,1625.77083333333,-11.7878019952381,0.511024272554306,0.511022672452248
2021-08-12 19:00:00,1625.79166666667,-11.7086619521127,0.52372398155482,0.523722380203684
2021-08-12 19:30:00,1625.8125,-11.6449999978678,0.533958133300848,0.533956530700856
2021-08-12 20:00:00,1625.83333333333,-11.570774684507,0.545875149055883,0.545873545207262
2021-08-12 20:30:00,1625.85416666667,-11.2467948177106,0.597578356992139,0.597576751895111
2021-08-12 21:00:00,1625.875,-11.1675211408451,0.610299807331655,0.610298200986444
2021-08-12 21:30:00,1625.89583333333,-11.7628848797441,0.515551148553079,0.51554954095991
2021-08-12 22:00:00,1625.91666666667,-11.4162816957746,0.570858607034065,0.570856998193163
2021-08-12 22:30:00,1625.9375,-11.2069146895522,0.604304357622746,0.604302747534334
2021-08-12 23:00:00,1625.95833333333,-11.1683239690141,0.610545437144592,0.610543825808897
2021-08-12 23:30:00,1625.97916666667,-11.2149594863539,0.603210029338308,0.603208416755553
2021-08-13,1626,-11.20349998,0.60512931357935,0.605127699749761
2021-08-13 00:30:00,1626.02083333333,-11.4085289085653,0.572561948677963,0.572560333601764
2021-08-13 01:00:00,1626.04166666667,-11.41976006,0.570866821397238,0.570865205074657
2021-08-13 04:00:00,1626.16666666667,-12.253287571243,0.438651689446731,0.438650065650588
2021-08-13 05:00:00,1626.20833333333,-12.5339014942379,0.394139395049873,0.394137768764352
2021-08-13 06:00:00,1626.25,-12.5358475920074,0.394019536848957,0.394017908074964
2021-08-13 07:00:00,1626.29166666667,-12.4895454552876,0.40158610928155,0.401584478019995
2021-08-13 08:00:00,1626.33333333333,-12.4633617879406,0.405948247469006,0.405946613720797
2021-08-13 09:00:00,1626.375,-12.2335028280374,0.442756457514479,0.442754821280526
2021-08-13 10:00:00,1626.41666666667,-12.355630812616,0.423493347876553,0.423491709157768
2021-08-13 11:00:00,1626.45833333333,-12.1918095345238,0.449782612133276,0.449780970930571
2021-08-13 12:00:00,1626.5,-12.0859665966605,0.466836337269225,0.466834693583514
2021-08-13 13:00:00,1626.54166666667,-11.6202518594444,0.541218349021725,0.541216702853924
2021-08-13 14:00:00,1626.58333333333,-11.2256067087199,0.604279376570632,0.604277727921656
2021-08-13 15:00:00,1626.625,-11.1046536898148,0.623741503549363,0.623739852420129
2021-08-13 16:00:00,1626.66666666667,-11.0904174424861,0.626204024067692,0.62620237045912
2021-08-13 17:00:00,1626.70833333333,-11.6111840252788,0.543440662841103,0.543439006754112
2021-08-13 18:00:00,1626.75,-10.8946825129278,0.657775444650934,0.657773786086445
2021-08-13 19:00:00,1626.79166666667,-10.8121436617537,0.671119972710522,0.671118311669457
2021-08-13 20:00:00,1626.83333333333,-10.6484533621269,0.697392435612695,0.697390772095976
2021-08-13 21:00:00,1626.875,-10.5515869013084,0.713020264251127,0.713018598259679
2021-08-13 22:00:00,1626.91666666667,-10.7514681807116,0.681376416723244,0.681374748257994
2021-08-13 23:00:00,1626.95833333333,-10.6212574529851,0.702316912628318,0.702315241690191
2021-08-14,1627,-10.604964486972,0.70511067839342,0.705109004983344
2021-08-14 01:30:00,1627.0625,-11.0498398364991,0.634539989109503,0.634538311993247
2021-08-14 05:30:00,1627.22916666667,-11.2556245317844,0.602558685634813,0.602556998645657
2021-08-14 06:30:00,1627.27083333333,-11.4075955565863,0.57855080453353,0.578549115078485
2021-08-14 07:30:00,1627.3125,-11.3492949957328,0.588039787229844,0.588038095309847
2021-08-14 08:30:00,1627.35416666667,-11.3451489733706,0.588902363081633,0.588900668697621
2021-08-14 09:30:00,1627.39583333333,-11.3868029845725,0.582469410590403,0.582467713743314
2021-08-14 10:30:00,1627.4375,-11.5412690146568,0.558065872503556,0.558064173194333
2021-08-14 11:30:00,1627.47916666667,-11.4379517588126,0.574727845605349,0.574726143834931
2021-08-14 12:30:00,1627.52083333333,-11.553743027933,0.556486123523437,0.556484419292766
2021-08-14 13:30:00,1627.5625,-11.7508222311111,0.525295624773085,0.525293918083106
2021-08-14 14:30:00,1627.60416666667,-11.7281370516667,0.529114198432359,0.529112489284016
2021-08-14 15:30:00,1627.64583333333,-12.06660187,0.475401768469938,0.475400056864176
2021-08-14 16:30:00,1627.6875,-12.1712764623377,0.458932737579324,0.458931023517092
2021-08-14 17:30:00,1627.72916666667,-13.6152055427778,0.229119958582138,0.229118242064382
2021-08-14 18:30:00,1627.77083333333,-14.1130518687037,0.150019287251606,0.150017568279276
2021-08-14 19:30:00,1627.8125,-13.0291536825926,0.322892095706947,0.322890374280994
2021-08-14 20:30:00,1627.85416666667,-14.2863388881481,0.122829095480948,0.122827371602324
2021-08-14 21:30:00,1627.89583333333,-14.6119370409259,0.0711690269577492,0.0711673006274057
2021-08-14 22:30:00,1627.9375,-15.5003277794444,-0.0701438542872656,-0.0701455830683734
2021-08-14 23:30:00,1627.97916666667,-15.83589999,-0.123391900718537,-0.123393631949455
2021-08-15 01:00:00,1628.04166666667,-15.3308864167598,-0.0426287675909568,-0.0426305024947965
2021-08-15 02:00:00,1628.08333333333,-15.3584514878731,-0.0468099364264578,-0.046811673777715
2021-08-15 03:00:00,1628.125,-15.1593556623836,-0.014883414575834,-0.0148851543735484
2021-08-15 07:00:00,1628.29166666667,-16.7245454473098,-0.263373130857753,-0.263374880431686
2021-08-15 08:00:00,1628.33333333333,-17.5877124217069,-0.40066359434462,-0.400665346360198
2021-08-15 09:00:00,1628.375,-17.6697717897959,-0.413522610725498,-0.413524365181756
2021-08-15 10:00:00,1628.41666666667,-17.2984516460967,-0.354157499765193,-0.354159256661163
2021-08-15 11:00:00,1628.45833333333,-17.1966047912801,-0.337719229279555,-0.337720988614268
2021-08-15 12:00:00,1628.5,-17.8924508387755,-0.448353561269781,-0.44835532304227
2021-08-15 13:00:00,1628.54166666667,-18.5807995858998,-0.557793121159579,-0.557794885368871
2021-08-15 14:00:00,1628.58333333333,-20.5721203927778,-0.874796614604529,-0.874798381249652
2021-08-15 15:00:00,1628.625,-20.6914129444444,-0.893584222646761,-0.893585991726744
2021-08-15 16:00:00,1628.66666666667,-19.7803996054054,-0.748242919567836,-0.748244691081706
2021-08-15 17:00:00,1628.70833333333,-19.9563944661111,-0.776062353146045,-0.776064127092825
2021-08-15 18:00:00,1628.75,-20.1274536651852,-0.803095086058664,-0.803096862437377
2021-08-15 19:00:00,1628.79166666667,-20.1879073914815,-0.812507841988475,-0.812509620798146
2021-08-15 20:00:00,1628.83333333333,-19.438529662037,-0.692913422285535,-0.692915203525184
2021-08-15 21:00:00,1628.875,-17.4389647443414,-0.374162844189052,-0.374164627857699
2021-08-15 22:00:00,1628.91666666667,-16.880704974026,-0.285012760250624,-0.285014546347291
2021-08-15 23:00:00,1628.95833333333,-16.8268407261111,-0.276212797796082,-0.276214586319783
2021-08-16 00:30:00,1629.02083333333,-17.6900726309125,-0.413396397795294,-0.413398189957707
2021-08-16 01:30:00,1629.0625,-19.0779086104478,-0.634259198118263,-0.634260992705251
2021-08-16 02:30:00,1629.10416666667,-19.0351582783985,-0.627228131404005,-0.627229928414585
2021-08-16 03:30:00,1629.14583333333,-18.5410650446097,-0.548297372733495,-0.548299172166679
2021-08-16 04:30:00,1629.1875,-18.2509163189591,-0.501854674890128,-0.501856476744926
2021-08-16 08:30:00,1629.35416666667,-19.9564646639405,-0.772658102710337,-0.772659914241693
2021-08-16 09:30:00,1629.39583333333,-19.4501282302974,-0.69177432490091,-0.691776138848924
2021-08-16 10:30:00,1629.4375,-18.7059963081784,-0.573009111470785,-0.573010927834462
2021-08-16 11:30:00,1629.47916666667,-18.680847851577,-0.568778033632222,-0.568779852410566
2021-08-16 12:30:00,1629.52083333333,-17.9036660243043,-0.44474705828892,-0.444748879480935
2021-08-16 13:30:00,1629.5625,-18.6378070463822,-0.561470448828047,-0.561472272432732
2021-08-16 14:30:00,1629.60416666667,-19.7405093091078,-0.736905464467497,-0.736907290483855
2021-08-16 15:30:00,1629.64583333333,-19.5518555748148,-0.706626103165754,-0.706627931592784
2021-08-16 17:30:00,1629.72916666667,-19.247971841651,-0.657762503157726,-0.657764336403093
2021-08-16 18:30:00,1629.77083333333,-18.2424600951763,-0.497355746084985,-0.497357581738016
2021-08-16 19:30:00,1629.8125,-17.0295287615955,-0.303906457230553,-0.303908295290242
2021-08-16 20:30:00,1629.85416666667,-16.9638736286245,-0.293218643776977,-0.293220484242318
2021-08-16 22:00:00,1629.91666666667,-16.3001877674721,-0.187148825267893,-0.187150669339824
2021-08-17 01:00:00,1630.04166666667,-15.9699499072356,-0.133850335728374,-0.13385218700667
2021-08-17 02:30:00,1630.10416666667,-16.8085370496296,-0.267090691711468,-0.267092546589534
2021-08-17 03:30:00,1630.14583333333,-17.5079462403704,-0.378275072550109,-0.378276929826753
2021-08-17 04:30:00,1630.1875,-17.3857944537037,-0.358583760321263,-0.35858561999547
2021-08-17 05:30:00,1630.22916666667,-16.7819092981481,-0.262151536026111,-0.262153398096866
2021-08-17 06:30:00,1630.27083333333,-16.3989129881481,-0.200906620647544,-0.200908485113829
2021-08-17 10:00:00,1630.41666666667,-15.455948135,-0.0498715131708748,-0.0498733860134886
2021-08-17 11:00:00,1630.45833333333,-15.1611372903525,-0.00267261778835903,-0.00267449302191236
2021-08-17 12:00:00,1630.5,-14.8642857022263,0.0448518108583379,0.0448499332348697
2021-08-17 13:00:00,1630.54166666667,-14.59978292282,0.0872234924079078,0.0872216123955482
2021-08-17 14:00:00,1630.58333333333,-14.9760333940631,0.0275231643665782,0.0275212819663523
2021-08-17 15:00:00,1630.625,-14.848081783829,0.0481430292200122,0.0481411444329481
2021-08-17 16:00:00,1630.66666666667,-15.0429573209647,0.0173367396860701,0.0173348525131942
2021-08-17 17:00:00,1630.70833333333,-15.024985172037,0.0204376794087014,0.0204357898510428
2021-08-17 18:00:00,1630.75,-14.9170481398148,0.0378705299713137,0.0378686380299033
2021-08-17 19:00:00,1630.79166666667,-14.469087047037,0.109469896884731,0.109468002560599
2021-08-17 20:00:00,1630.83333333333,-14.5005685066667,0.104694162980551,0.104692266274729
2021-08-17 21:00:00,1630.875,-13.9987314505556,0.184876890023691,0.184874990937213
2021-08-17 22:00:00,1630.91666666667,-13.9670629696296,0.190161867202527,0.190159965736427
2021-08-17 23:00:00,1630.95833333333,-13.6244518633333,0.244980666834068,0.244978762989382
2021-08-18,1631,-13.766885187037,0.222531982052387,0.222530075830151
2021-08-18 01:00:00,1631.04166666667,-13.923574062963,0.197812817395406,0.197810908796658
2021-08-18 02:30:00,1631.10416666667,-14.4952602421933,0.107105852703118,0.107103940541549
2021-08-18 03:30:00,1631.14583333333,-15.0525940469274,0.0185647634913721,0.0185628489558907
2021-08-18 04:30:00,1631.1875,-14.7647255531955,0.0646654437638865,0.0646635268555338
2021-08-18 05:30:00,1631.22916666667,-14.924256505948,0.0394955117163565,0.0394935924361739
2021-08-18 06:30:00,1631.27083333333,-14.233873133209,0.149717978176092,0.149716056525124
2021-08-18 07:30:00,1631.3125,-14.2310278827138,0.150415569411443,0.150413645390734
2021-08-18 11:30:00,1631.47916666667,-14.0252114987013,0.184184016870198,0.184182083380994
2021-08-18 12:30:00,1631.52083333333,-14.0767495230056,0.176220506544822,0.176218570691117
2021-08-18 13:30:00,1631.5625,-13.8152374981447,0.218126530978221,0.218124592761067
2021-08-18 14:30:00,1631.60416666667,-13.4921762599258,0.269837827174092,0.26983588659454
2021-08-18 15:30:00,1631.64583333333,-13.1515769654917,0.32434338622182,0.324341443280924
2021-08-18 16:30:00,1631.6875,-13.0577680946197,0.339535492273487,0.339533546972302
2021-08-18 17:30:00,1631.72916666667,-12.801653712037,0.38058342003574,0.380581472375321
2021-08-18 18:30:00,1631.77083333333,-12.6973499853704,0.397448239406826,0.39744628938823
2021-08-18 19:30:00,1631.8125,-12.2787658024164,0.464378597507522,0.464376645131807
2021-08-18 20:30:00,1631.85416666667,-12.1469814737037,0.48562197120325,0.485620016471475
2021-08-18 21:30:00,1631.89583333333,-12.0029573,0.508815598150965,0.508813641064188
2021-08-18 22:30:00,1631.9375,-12.0646129498148,0.499244719300671,0.499242759859956
2021-08-18 23:30:00,1631.97916666667,-12.2940629712963,0.462944514077126,0.462942552283534
2021-08-19 00:30:00,1632.02083333333,-12.303930980597,0.461624317122296,0.461622352976888
2021-08-19 02:00:00,1632.08333333333,-12.4977924656604,0.431120538724484,0.431118571053351
2021-08-19 03:00:00,1632.125,-12.5996205411215,0.415152128980171,0.415150158959887
2021-08-19 04:00:00,1632.16666666667,-12.7319627499069,0.394323232351121,0.394321259982752
2021-08-19 05:00:00,1632.20833333333,-12.8038290371769,0.383128629466034,0.383126654750648
2021-08-19 06:00:00,1632.25,-12.83475094,0.378456932382385,0.378454955321052
2021-08-19 07:00:00,1632.29166666667,-12.9032280379439,0.367803101847953,0.367801122441741
2021-08-19 08:00:00,1632.33333333333,-12.9928351940075,0.353783673794068,0.353781692044052
2021-08-19 09:00:00,1632.375,-12.7836026298507,0.387370062433945,0.387368078341194
2021-08-19 12:30:00,1632.52083333333,-13.5164827482759,0.271519385925279,0.27151739364142
2021-08-19 13:00:00,1632.54166666667,-13.4633557583004,0.280111224368178,0.280109230915236
2021-08-19 13:30:00,1632.5625,-14.7342069517241,0.0777925008272189,0.0777905062054651
2021-08-19 14:00:00,1632.58333333333,-14.8647233083004,0.0571300404396013,0.057128044649304
2021-08-19 14:30:00,1632.60416666667,-14.9537931241379,0.0430701523396346,0.0430681553810635
2021-08-19 15:00:00,1632.625,-14.7268192599214,0.0793563570341467,0.0793543589075727
2021-08-19 15:30:00,1632.64583333333,-15.1516551965517,0.0118089033591169,0.0118069040648074
2021-08-19 16:00:00,1632.66666666667,-14.9484999956863,0.044300995337458,0.0442989948756844
2021-08-19 16:30:00,1632.6875,-15.8709309965517,-0.102513490314166,-0.102515491943132
2021-08-19 17:00:00,1632.70833333333,-15.4588779677165,-0.0367436077488488,-0.0367456105447382
2021-08-19 17:30:00,1632.72916666667,-15.8946551655172,-0.106033577526187,-0.106035581488729
2021-08-19 18:00:00,1632.75,-15.7444495120792,-0.0819759517369554,-0.0819779568658789
2021-08-19 18:30:00,1632.77083333333,-15.6535862931034,-0.0673715095672992,-0.0673735158623358
2021-08-19 19:00:00,1632.79166666667,-15.3423964467456,-0.0176687696271083,-0.0176707770879857
2021-08-19 19:30:00,1632.8125,-15.7556895896552,-0.083376579037908,-0.0833785876643538
2021-08-19 20:00:00,1632.83333333333,-15.3667159984221,-0.0212826158429843,-0.0212846256347289
2021-08-19 20:30:00,1632.85416666667,-16.3694827655172,-0.180893777754071,-0.180895788710843
2021-08-19 21:00:00,1632.875,-15.8293102658103,-0.0947135033465137,-0.0947155154680402
2021-08-19 21:30:00,1632.89583333333,-15.6682069793103,-0.0689191169933201,-0.0689211302793321
2021-08-19 22:00:00,1632.91666666667,-15.4469862770588,-0.0335478748699554,-0.0335498893201802
2021-08-19 22:30:00,1632.9375,-15.8057587068966,-0.0905698446951163,-0.0905718603092808
2021-08-19 23:00:00,1632.95833333333,-15.3241748750491,-0.0137223530580911,-0.0137243698359247
2021-08-19 23:30:00,1632.97916666667,-15.8364482793103,-0.0951969209257393,-0.0951989388669697
2021-08-20,1633,-15.3647015503341,-0.0199162699625578,-0.0199182890669116
2021-08-20 01:00:00,1633.04166666667,-15.8739486538462,-0.100777252451206,-0.100779273880993
2021-08-20 01:30:00,1633.0625,-15.407939751004,-0.0264103161525917,-0.0264123387446852
2021-08-20 02:00:00,1633.08333333333,-16.0702049948718,-0.131778149357488,-0.131780173111615
2021-08-20 02:30:00,1633.10416666667,-15.4557915737475,-0.0337700505697178,-0.0337720754856073
2021-08-20 03:00:00,1633.125,-16.0523845974359,-0.128676035528477,-0.128678061605854
2021-08-20 03:30:00,1633.14583333333,-15.326058108016,-0.0128398883791483,-0.0128419156177423
2021-08-20 04:00:00,1633.16666666667,-16.1492821589744,-0.143848141361451,-0.143850169760986
2021-08-20 04:30:00,1633.1875,-15.5723146186373,-0.0518047649946921,-0.051806794554896
2021-08-20 05:00:00,1633.20833333333,-17.5302052230769,-0.363565994287013,-0.363568025007612
2021-08-20 05:30:00,1633.22916666667,-17.6067855517034,-0.375633044007099,-0.37563507588782
2021-08-20 06:00:00,1633.25,-18.1281052684211,-0.458547287855601,-0.458549320896169
2021-08-20 06:30:00,1633.27083333333,-18.1816793941884,-0.466949216615141,-0.466951250815284
2021-08-20 07:00:00,1633.29166666667,-18.1112564333333,-0.455598212689034,-0.455600248048475
2021-08-20 07:30:00,1633.3125,-18.0433875391566,-0.444653965250144,-0.444656001768611
2021-08-20 08:00:00,1633.33333333333,-17.8192050051282,-0.408808735136388,-0.408810772813607
2021-08-20 08:30:00,1633.35416666667,-17.790919985,-0.404170010851865,-0.40417204968756
2021-08-20 09:00:00,1633.375,-17.3468205897436,-0.333291651354588,-0.333293691348485
2021-08-20 09:30:00,1633.39583333333,-17.2342879806,-0.315232009735041,-0.315234050886867
2021-08-20 10:00:00,1633.41666666667,-16.7548460846154,-0.238723348449128,-0.238725390758605
2021-08-20 10:30:00,1633.4375,-16.7101040098,-0.231462571259722,-0.231464614726578
2021-08-20 14:00:00,1633.58333333333,-16.4200044205357,-0.184313146318663,-0.184315197879452
2021-08-20 14:30:00,1633.60416666667,-16.3489872736508,-0.172865867527517,-0.17286792024348
2021-08-20 15:00:00,1633.625,-16.1436652053571,-0.140023610876702,-0.14002566474756
2021-08-20 15:30:00,1633.64583333333,-16.0302698742857,-0.121825241271265,-0.121827296296746
2021-08-20 16:00:00,1633.66666666667,-15.9435624638393,-0.107878168623999,-0.107880224803823
2021-08-20 16:30:00,1633.6875,-15.8680666869841,-0.0957170093681614,-0.0957190667020531
2021-08-20 17:00:00,1633.70833333333,-15.6831607660714,-0.0661266281437364,-0.0661286866314194
2021-08-20 17:30:00,1633.72916666667,-15.5984635066667,-0.0524994504907312,-0.0525015101319287
2021-08-20 18:00:00,1633.75,-15.596312490625,-0.0520218405941938,-0.0520239013886274
2021-08-20 18:30:00,1633.77083333333,-15.5508634898413,-0.044646723004434,-0.0446487849518294
2021-08-20 19:00:00,1633.79166666667,-15.3071026767857,-0.00568028423843814,-0.00568234733851558
2021-08-20 19:30:00,1633.8125,-15.2842920679365,-0.00191126314836287,-0.00191332740084627
2021-08-20 20:00:00,1633.83333333333,-15.7423080410714,-0.074738152442363,-0.0747402178469749
2021-08-20 20:30:00,1633.85416666667,-15.7138259386076,-0.0700654429227286,-0.0700675094791914
2021-08-20 21:00:00,1633.875,-15.622116065625,-0.0553203966802652,-0.0553224643882997
2021-08-20 21:30:00,1633.89583333333,-15.4482246797468,-0.0274836690271232,-0.0274857378864544
2021-08-20 22:00:00,1633.91666666667,-15.3962857160714,-0.0190739417184685,-0.0190760117288157
2021-08-20 22:30:00,1633.9375,-15.3156645693038,-0.00609501450291883,-0.00609708566400513
2021-08-20 23:00:00,1633.95833333333,-15.3570580575893,-0.0125529982182139,-0.0125550705297613
2021-08-20 23:30:00,1633.97916666667,-15.222758712381,0.00897711960317549,0.00897504614144562
2021-08-21 00:30:00,1634.02083333333,-15.548247875641,-0.0426009416305481,-0.0426030173918062
2021-08-21 01:00:00,1634.04166666667,-15.4632983314754,-0.0289319596594553,-0.0289340365700601
2021-08-21 01:30:00,1634.0625,-15.5070000145299,-0.0357571025813294,-0.035759180641002
2021-08-21 02:00:00,1634.08333333333,-15.4483672193443,-0.0262801824686101,-0.0262822616770714
2021-08-21 02:30:00,1634.10416666667,-15.6431025820513,-0.0571648834642098,-0.0571669638211809
2021-08-21 03:00:00,1634.125,-15.6083147442623,-0.051486267114297,-0.051488348619497
2021-08-21 03:30:00,1634.14583333333,-15.6222991482906,-0.0535769962702441,-0.053579078923395
2021-08-21 04:00:00,1634.16666666667,-15.5724360757377,-0.0454966693292699,-0.0454987531300921
2021-08-21 04:30:00,1634.1875,-15.6201709376068,-0.0529636556526779,-0.0529657406008919
2021-08-21 05:00:00,1634.20833333333,-15.5352393413115,-0.0392966729692473,-0.039298759064573
2021-08-21 05:30:00,1634.22916666667,-15.6449614978632,-0.0566380648177184,-0.0566401520598763
2021-08-21 06:00:00,1634.25,-15.6038131068852,-0.0499455632498287,-0.049947651638537
2021-08-21 06:30:00,1634.27083333333,-15.7987136606838,-0.0808557199049995,-0.0808578094399796
2021-08-21 07:00:00,1634.29166666667,-15.7279639242623,-0.06944748814543,-0.0694495788264016
2021-08-21 07:30:00,1634.3125,-15.7937735303419,-0.0797931499052599,-0.0797952417319422
2021-08-21 08:00:00,1634.33333333333,-15.739130698366,-0.0709505448956839,-0.0709526378677966
2021-08-21 08:30:00,1634.35416666667,-15.8469529858974,-0.0879886422304811,-0.0879907363477435
2021-08-21 09:00:00,1634.375,-15.7253794074468,-0.0684837069102695,-0.0684858021723992
2021-08-21 09:30:00,1634.39583333333,-15.856819716309,-0.0892839573885357,-0.0892860537952532
2021-08-21 10:00:00,1634.41666666667,-15.8651209267974,-0.0904679542595547,-0.0904700518105791
2021-08-21 10:30:00,1634.4375,-15.9794957311966,-0.108549443220256,-0.108551541915306
2021-08-21 11:00:00,1634.45833333333,-15.9122581627451,-0.0976998441993261,-0.0977019440381202
2021-08-21 11:30:00,1634.47916666667,-15.7827264726496,-0.0769266398980235,-0.0769287408802803
2021-08-21 12:00:00,1634.5,-15.6936459416393,-0.0625972269773766,-0.062599329102813
2021-08-21 15:30:00,1634.64583333333,-15.9395574074163,-0.100796355275428,-0.100798465395235
2021-08-21 16:00:00,1634.66666666667,-15.5859503826446,-0.044326826158003,-0.0443289374187333
2021-08-21 16:30:00,1634.6875,-15.8148934600484,-0.0806578376067028,-0.0806599500080724
2021-08-21 17:00:00,1634.70833333333,-15.47244802,-0.0259661429139914,-0.0259682564557203
2021-08-21 17:30:00,1634.72916666667,-15.1541694990315,0.024875851271421,0.0248737365896171
2021-08-21 18:00:00,1634.75,-14.8764800008,0.0692520920835307,0.0692499762619366
2021-08-21 18:30:00,1634.77083333333,-14.7528038566586,0.0890940024654381,0.0890918855043356
2021-08-21 19:00:00,1634.79166666667,-14.8204480288,0.0784585566618845,0.078456438561557
2021-08-21 19:30:00,1634.8125,-15.4910508416465,-0.0282285245874437,-0.0282306438267113
2021-08-21 20:00:00,1634.83333333333,-15.1879199888,0.0202009698324165,0.0201988494544897
2021-08-21 20:30:00,1634.85416666667,-15.2569516968599,0.00934480921219405,0.0093426876958933
2021-08-21 21:00:00,1634.875,-14.9575564362903,0.0571794348232726,0.0571773121688832
2021-08-21 21:30:00,1634.89583333333,-15.2273140227053,0.0143477120142461,0.0143455882220507
2021-08-21 22:00:00,1634.91666666667,-14.9153439712,0.0641857244457867,0.0641835995160694
2021-08-21 22:30:00,1634.9375,-15.2827796457627,0.00579402599503043,0.00579189992807683
2021-08-21 23:00:00,1634.95833333333,-14.8318729936508,0.0777649517550019,0.0777628245510938
2021-08-22,1635,-14.8860839310023,0.0694117786548671,0.0694096491779082
2021-08-22 00:30:00,1635.02083333333,-14.8518440256881,0.0750077141080844,0.0750055834950265
2021-08-22 01:00:00,1635.04166666667,-14.9785770668224,0.0549606508603507,0.0549585191114786
2021-08-22 01:30:00,1635.0625,-15.0176238770642,0.0488821735387975,0.0488800406543978
2021-08-22 02:00:00,1635.08333333333,-15.3493962699301,-0.00382759161486479,-0.00382972563450967
2021-08-22 02:30:00,1635.10416666667,-15.3119449504587,0.00228035110567126,0.00227821595106936
2021-08-22 03:00:00,1635.125,-15.4361827065574,-0.0173687848282889,-0.0173709211175638
2021-08-22 03:30:00,1635.14583333333,-15.4205504577982,-0.014736422424912,-0.0147385598485745
2021-08-22 04:00:00,1635.16666666667,-15.4701647054118,-0.0224977669272165,-0.0224999054849807
2021-08-22 04:30:00,1635.1875,-15.4024770899083,-0.0115727342354363,-0.011574873927015
2021-08-22 05:00:00,1635.20833333333,-15.4363030058275,-0.0168187730861502,-0.0168209139112602
2021-08-22 05:30:00,1635.22916666667,-15.4090181763636,-0.0123297199891194,-0.0123318619474719
2021-08-22 06:00:00,1635.25,-15.3864847639344,-0.00859746450173049,-0.00859960759304057
2021-08-22 06:30:00,1635.27083333333,-15.3923578027523,-0.00939027049645424,-0.0093924147204355
2021-08-22 07:00:00,1635.29166666667,-15.119859476815,0.0341617873248021,0.034159641968436
2021-08-22 07:30:00,1635.3125,-14.9784635990909,0.0568292379227885,0.0568270914343255
2021-08-22 08:00:00,1635.33333333333,-14.8251892303738,0.0813890470706918,0.0813868994504161
2021-08-22 08:30:00,1635.35416666667,-14.7589727027273,0.092080586351346,0.0920784375995471
2021-08-22 09:00:00,1635.375,-14.4596798813084,0.13990145219863,0.139899302315593
2021-08-22 09:30:00,1635.39583333333,-14.4764727154545,0.137369753626872,0.137367602612885
2021-08-22 10:00:00,1635.41666666667,-14.6058574686916,0.116902188257153,0.116900036112503
2021-08-22 10:30:00,1635.4375,-14.6916454872727,0.103379720227259,0.103377566952234
2021-08-22 11:00:00,1635.45833333333,-15.6994462544393,-0.0570199311979734,-0.0570220856030882
2021-08-22 11:30:00,1635.47916666667,-15.7108181818182,-0.0586876500671353,-0.0586898056020495
2021-08-22 12:00:00,1635.5,-16.3956401955607,-0.167636342650632,-0.16763849931506
2021-08-22 12:30:00,1635.52083333333,-16.4032635627273,-0.168706700619425,-0.168708858413078
2021-08-22 13:00:00,1635.54166666667,-16.7328364485981,-0.22106374072464,-0.22106589964723
2021-08-22 13:30:00,1635.5625,-16.70820907,-0.216996319340375,-0.216998479391613
2021-08-22 17:00:00,1635.70833333333,-15.6624898077922,-0.049399683694743,-0.0494018516384465
2021-08-22 18:00:00,1635.75,-15.2453892173184,0.0173350678254175,0.0173328976293255
2021-08-22 19:00:00,1635.79166666667,-14.7525732795918,0.0961317525030525,0.0961295800557284
2021-08-22 20:00:00,1635.83333333333,-14.0784100115028,0.203817620584361,0.203815445886963
2021-08-22 21:00:00,1635.875,-13.8755791530726,0.236420322921779,0.236418145975468
2021-08-22 22:00:00,1635.91666666667,-13.9138905497217,0.230609315487032,0.230607136292967
2021-08-22 23:30:00,1635.97916666667,-14.6170949586592,0.119027183038324,0.119025000474808
2021-08-23 00:30:00,1636.02083333333,-14.8925483171004,0.0754403504330587,0.0754381656246945
2021-08-23 01:30:00,1636.0625,-15.2509814211896,0.01863520830803,0.0186330212559832
2021-08-23 02:30:00,1636.10416666667,-15.8751115336431,-0.0804952340099553,-0.080497423304521
2021-08-23 03:30:00,1636.14583333333,-16.5288866040892,-0.184347716361692,-0.184349907897611
2021-08-23 04:30:00,1636.1875,-17.7596605142857,-0.380116103407856,-0.380118297183959
2021-08-23 05:30:00,1636.22916666667,-18.566606670872,-0.508368003774244,-0.508370199789365
2021-08-23 06:30:00,1636.27083333333,-18.3539758710575,-0.474200143877961,-0.474202342130931
2021-08-23 07:30:00,1636.3125,-17.6826531107607,-0.366961904535633,-0.36696410502528
2021-08-23 08:30:00,1636.35416666667,-17.189825606308,-0.288157664801662,-0.288159867526817
2021-08-23 09:30:00,1636.39583333333,-16.5689869925651,-0.18896074182894,-0.188962946788431
2021-08-23 10:30:00,1636.4375,-16.371833019666,-0.157256663014524,-0.157258870207176
2021-08-23 11:30:00,1636.47916666667,-16.1463680228625,-0.121042196114797,-0.121044405539438
2021-08-23 12:30:00,1636.52083333333,-15.7472578705009,-0.0571655102524203,-0.0571677219078744
2021-08-23 13:30:00,1636.5625,-15.5603345605948,-0.027089918584042,-0.0270921324691323
2021-08-23 14:30:00,1636.60416666667,-15.3420259903525,0.00798578877159517,0.00798357265804417
2021-08-23 18:30:00,1636.77083333333,-14.7418921856877,0.1047877269632,0.104785501947598
2021-08-23 19:30:00,1636.8125,-15.4995547293135,-0.0156073574277008,-0.0156095846658625
2021-08-23 20:30:00,1636.85416666667,-15.7676598373606,-0.0580151721226201,-0.0580174015821596
2021-08-23 21:30:00,1636.89583333333,-16.8897899466543,-0.23646935960296,-0.236471591282693
2021-08-23 23:00:00,1636.95833333333,-16.326500010223,-0.146283171413295,-0.146285406421096
2021-08-24,1637,-16.456609710223,-0.166706748935883,-0.166708986160913
2021-08-24 01:00:00,1637.04166666667,-16.6624832750929,-0.199199144606759,-0.199201384047831
2021-08-24 02:00:00,1637.08333333333,-16.6529182156134,-0.197371593951971,-0.197373835607897
2021-08-24 03:00:00,1637.125,-16.2692491035316,-0.135948581022265,-0.135950824891854
2021-08-24 04:00:00,1637.16666666667,-15.9853221502793,-0.0904141460710483,-0.0904163921531126
2021-08-24 05:00:00,1637.20833333333,-15.7443729040816,-0.0517256715222145,-0.0517279198155621
2021-08-24 06:00:00,1637.25,-15.9276660311688,-0.0806188913190139,-0.0806211418224512
2021-08-24 07:00:00,1637.29166666667,-16.1289146346939,-0.112372012612741,-0.112374265325076
2021-08-24 08:00:00,1637.33333333333,-16.3500446280669,-0.147291834942744,-0.147294089862783
2021-08-24 09:00:00,1637.375,-16.6401948623377,-0.193206212553488,-0.193208469680034
2021-08-24 10:00:00,1637.41666666667,-16.6206493833024,-0.18978542346249,-0.189787682794348
2021-08-24 11:00:00,1637.45833333333,-16.5974646570632,-0.185784481589045,-0.185786743125018
2021-08-24 12:00:00,1637.5,-16.4867899618959,-0.16784590719936,-0.167848170938249
2021-08-24 13:00:00,1637.54166666667,-16.1588126141002,-0.11529044717216,-0.115292713112767
2021-08-24 14:00:00,1637.58333333333,-15.8948070564007,-0.0729253213937908,-0.0729275895349153
2021-08-24 15:00:00,1637.625,-16.0065009306122,-0.0904089661280302,-0.09041123646847
2021-08-24 16:00:00,1637.66666666667,-16.1095181859091,-0.10651000195707,-0.106512274495624
2021-08-24 20:00:00,1637.83333333333,-15.2501321934823,0.0316337169314247,0.0316314356124527
2021-08-24 21:00:00,1637.875,-15.1272955150558,0.0515134583153523,0.0515111748042897
2021-08-24 22:30:00,1637.9375,-14.6980389523191,0.120362772223701,0.120360485426768
2021-08-24 23:30:00,1637.97916666667,-14.5905547250464,0.137797897757527,0.137795608771525
2021-08-25 00:30:00,1638.02083333333,-14.5874675408163,0.138602915686691,0.138600624512833
2021-08-25 01:30:00,1638.0625,-14.7254397179963,0.116937492335395,0.116935198974888
2021-08-25 02:30:00,1638.10416666667,-14.9316580703226,0.0844008201478499,0.0843985246019068
2021-08-25 03:30:00,1638.14583333333,-15.0965194779221,0.0584527542825527,0.05845045655239
2021-08-25 04:30:00,1638.1875,-15.2653962842593,0.0318654478408253,0.0318631479276527
2021-08-25 05:30:00,1638.22916666667,-15.4111037168519,0.00896945434421981,0.00896715224925371
2021-08-25 06:30:00,1638.27083333333,-15.4476233625232,0.003467568319937,0.0034652640443964
2021-08-25 07:30:00,1638.3125,-15.3939166525926,0.0123392200469371,0.0123369135920344
2021-08-25 08:30:00,1638.35416666667,-15.6804389040741,-0.0329874302458633,-0.0329897388789087
2021-08-25 09:30:00,1638.39583333333,-15.3432129625926,0.0210498668411188,0.0210475560311526
2021-08-25 10:30:00,1638.4375,-15.5311148051852,-0.00856565299745549,-0.0085679659831257
2021-08-25 11:30:00,1638.47916666667,-15.3739814651852,0.0167835924948517,0.0167812773346965
2021-08-25 12:30:00,1638.52083333333,-15.0319166851852,0.0715929625479955,0.0715906452145818
2021-08-25 13:30:00,1638.5625,-14.7929833001855,0.109973841530122,0.10997152202467
2021-08-25 14:30:00,1638.60416666667,-15.139572235,0.0550810102325259,0.0550786885562562
2021-08-25 15:30:00,1638.64583333333,-15.7891579776952,-0.0480790155611575,-0.0480813394070148
2021-08-25 16:30:00,1638.6875,-14.821962957037,0.106315702979634,0.106313376965411
2021-08-25 17:30:00,1638.72916666667,-14.7638889012963,0.115887215336901,0.115884887155538
2021-08-25 21:30:00,1638.89583333333,-13.8145491541744,0.268402939254353,0.268400602416722
2021-08-25 23:00:00,1638.95833333333,-13.573923786803,0.307218392761021,0.307216052682364
2021-08-26,1639,-13.7452899788104,0.280242591459393,0.280240249221592
2021-08-26 01:00:00,1639.04166666667,-13.9601691343866,0.246335555926695,0.246333211530984
2021-08-26 02:00:00,1639.08333333333,-14.0404795578067,0.23386582738548,0.233863480833094
2021-08-26 03:00:00,1639.125,-14.1009497994424,0.224557065609182,0.224554716901356
2021-08-26 04:00:00,1639.16666666667,-14.0020816387755,0.240631436647276,0.240629085785247
2021-08-26 05:00:00,1639.20833333333,-13.9507397771375,0.249135245583166,0.249132892568171
2021-08-26 06:00:00,1639.25,-13.8993333232775,0.257649755235603,0.257647400068879
2021-08-26 07:00:00,1639.29166666667,-13.9087769459108,0.256471215181016,0.256468857863804
2021-08-26 08:00:00,1639.33333333333,-14.041882673743,0.235593624193294,0.235591264726833
2021-08-26 09:00:00,1639.375,-13.9504137252319,0.250491350259213,0.250488988644743
2021-08-26 10:00:00,1639.41666666667,-13.9738401613383,0.247086569910751,0.247084206149517
2021-08-26 11:00:00,1639.45833333333,-14.0492639587361,0.235398983043766,0.235396617137009
2021-08-26 12:00:00,1639.5,-13.76741372282,0.280625815121439,0.280623447070402
2021-08-26 13:00:00,1639.54166666667,-13.5952003602968,0.308387824876984,0.308385454682914
2021-08-26 14:00:00,1639.58333333333,-13.3142644167598,0.353469829271419,0.35346745693556
2021-08-26 15:00:00,1639.625,-13.1543810555762,0.379268480411743,0.379266105935341
2021-08-26 16:00:00,1639.66666666667,-12.9428608684601,0.413293324275129,0.413290947659435
2021-08-26 17:00:00,1639.70833333333,-12.4629308295327,0.490076458623791,0.49007407987005
2021-08-26 18:00:00,1639.75,-12.3486674004464,0.508609049828585,0.508606668938047
2021-08-26 19:00:00,1639.79166666667,-11.9985658565863,0.564711230193964,0.564708847167882
2021-08-26 23:00:00,1639.95833333333,-11.8703228261596,0.586467539600117,0.586465148044375
2021-08-27,1640,-11.7916257232775,0.599336840742766,0.599334447057741
2021-08-27 01:00:00,1640.04166666667,-12.1162634454545,0.547955023949309,0.547952628136261
2021-08-27 02:00:00,1640.08333333333,-12.0803854949721,0.554004019192428,0.554001621252614
2021-08-27 03:00:00,1640.125,-12.2334730909091,0.529951075435873,0.529948675370546
2021-08-27 04:00:00,1640.16666666667,-12.3558752197697,0.510786755923579,0.510784353734003
2021-08-27 05:00:00,1640.20833333333,-12.5599035265306,0.478619735180014,0.478617330867447
2021-08-27 06:00:00,1640.25,-12.5606388916667,0.478837832380645,0.478835425946345
2021-08-27 07:00:00,1640.29166666667,-12.4826964528864,0.491589766865128,0.49158735831036
2021-08-27 08:00:00,1640.33333333333,-12.782742607037,0.444128255104175,0.444125844430201
2021-08-27 09:00:00,1640.375,-12.7739240664815,0.445869516479955,0.445867103688036
2021-08-27 10:00:00,1640.41666666667,-12.8471335628942,0.434544059327486,0.434541644418887
2021-08-27 11:00:00,1640.45833333333,-12.8359776729981,0.436658474708867,0.436656057684855
2021-08-27 12:00:00,1640.5,-12.642129622963,0.467876287787933,0.467873868649772
2021-08-27 13:00:00,1640.54166666667,-12.5345139012987,0.48535763519519,0.485355213944146
2021-08-27 14:00:00,1640.58333333333,-13.0002800475564,0.411499246983739,0.411496823621082
2021-08-27 18:00:00,1640.75,-12.1540983187384,0.54765462139166,0.547652189595244
2021-08-27 19:00:00,1640.79166666667,-12.0627188044693,0.562551960873492,0.562549526971813
2021-08-27 20:00:00,1640.83333333333,-11.7388441584416,0.614486345631113,0.614483909625447
2021-08-27 21:30:00,1640.89583333333,-12.1920037315985,0.542809843417625,0.542807404258366
2021-08-27 22:30:00,1640.9375,-12.1040093033457,0.557169351762755,0.557166910502695
2021-08-27 23:30:00,1640.97916666667,-12.6800653108209,0.465745555188007,0.465743111828424
2021-08-28 00:30:00,1641.02083333333,-12.9865847277467,0.417259533956625,0.417257088498794
2021-08-28 01:30:00,1641.0625,-13.1894070594796,0.385292936178729,0.385290488623928
2021-08-28 02:30:00,1641.10416666667,-14.5456252209647,0.169589961993566,0.169587512343077
2021-08-28 03:30:00,1641.14583333333,-15.8197746411546,-0.0330389997289726,-0.0330414514738717
2021-08-28 04:30:00,1641.1875,-17.5270149217877,-0.304659241861462,-0.30466169569949
2021-08-28 05:30:00,1641.22916666667,-18.8060988628731,-0.508073470164067,-0.508075926093941
2021-08-28 06:30:00,1641.27083333333,-19.8456163579143,-0.673324189617312,-0.673326647637751
2021-08-28 07:30:00,1641.3125,-19.6356270797774,-0.639527184569867,-0.639529644679587
2021-08-28 08:30:00,1641.35416666667,-20.1446189743494,-0.720263991684407,-0.720266453882122
2021-08-28 09:30:00,1641.39583333333,-18.9469238988868,-0.529123942586981,-0.529126406871407
2021-08-28 10:30:00,1641.4375,-18.632172596475,-0.478637065410571,-0.478639531780422
2021-08-28 11:30:00,1641.47916666667,-18.9828385836735,-0.534151236073803,-0.53415370452779
2021-08-28 12:30:00,1641.52083333333,-20.0361020267161,-0.701589281805122,-0.701591752341958
2021-08-28 13:30:00,1641.5625,-20.0891706749536,-0.70969518041794,-0.709697653036337
2021-08-28 14:30:00,1641.60416666667,-20.3227639576208,-0.746558380924402,-0.746560855623067
2021-08-28 15:30:00,1641.64583333333,-20.28551023859,-0.740275059312256,-0.740277536089901
2021-08-28 19:30:00,1641.8125,-18.6537862050186,-0.478941136123368,-0.478943621204006
2021-08-28 21:00:00,1641.875,-17.749797809833,-0.334408817436715,-0.334411305625634
2021-08-28 22:00:00,1641.91666666667,-18.2012542042672,-0.405974762720988,-0.405977252980473
2021-08-28 23:00:00,1641.95833333333,-17.7942263797774,-0.340783158595724,-0.34078565092448
2021-08-29,1642,-17.324433116171,-0.265592575494942,-0.265595069891671
2021-08-29 01:00:00,1642.04166666667,-17.6239888632653,-0.312959440094328,-0.312961936557729
2021-08-29 02:00:00,1642.08333333333,-17.887538019295,-0.354590029696422,-0.354592528225196
2021-08-29 03:00:00,1642.125,-17.5990200076,-0.30827552583692,-0.308278026429767
2021-08-29 04:00:00,1642.16666666667,-17.3742240877778,-0.272111597801469,-0.272114100457084
2021-08-29 05:00:00,1642.20833333333,-17.3613914758813,-0.269713177423675,-0.269715682140758
2021-08-29 06:00:00,1642.25,-17.3817426122222,-0.272600553268619,-0.272603060045867
2021-08-29 07:00:00,1642.29166666667,-17.2707370285185,-0.254562311338134,-0.25456482017424
2021-08-29 08:00:00,1642.33333333333,-17.1884277692593,-0.241095016177205,-0.241097527070866
2021-08-29 09:00:00,1642.375,-17.3587296314815,-0.267868455148191,-0.267870968098101
2021-08-29 10:00:00,1642.41666666667,-17.2013648042593,-0.242443958479362,-0.242446473484211
2021-08-29 11:00:00,1642.45833333333,-17.0158357418891,-0.21253248135088,-0.212534998409363
2021-08-29 12:00:00,1642.5,-16.9704675487941,-0.204948333367276,-0.204950852478084
2021-08-29 13:00:00,1642.54166666667,-17.0412115248609,-0.215860539598009,-0.21586306075983
2021-08-29 14:00:00,1642.58333333333,-16.8731870357407,-0.188736361572472,-0.188738884783997
2021-08-29 15:00:00,1642.625,-16.6006203325926,-0.144958137203372,-0.144960662463291
2021-08-29 16:00:00,1642.66666666667,-16.9039111346296,-0.192914028166982,-0.19291655547398
2021-08-29 17:00:00,1642.70833333333,-16.628711127037,-0.148715523185649,-0.148718052538413
2021-08-29 21:00:00,1642.875,-14.6643944618519,0.165641275805511,0.165638738282826
2021-08-29 22:00:00,1642.91666666667,-14.5481706888683,0.184516733114788,0.184514193552916
2021-08-29 23:00:00,1642.95833333333,-14.3045679774674,0.223684141807713,0.223681600207971
2021-08-30,1643,-14.3006623482375,0.224668029302371,0.224665485666077
2021-08-30 01:00:00,1643.04166666667,-14.0811298823748,0.260001821058817,0.259999275387294
2021-08-30 02:00:00,1643.08333333333,-13.9709758957328,0.277911937823136,0.277909390117702
2021-08-30 03:00:00,1643.125,-13.9639426240741,0.279395245724452,0.279392695986429
2021-08-30 04:00:00,1643.16666666667,-13.7295222307407,0.317101879141281,0.317099327371994
2021-08-30 05:00:00,1643.20833333333,-13.5513333251852,0.345851190724212,0.345848636924982
2021-08-30 06:00:00,1643.25,-13.4086129537037,0.368950733649362,0.368948177821514
2021-08-30 07:00:00,1643.29166666667,-13.3566703685185,0.377589704326374,0.377587146471235
2021-08-30 08:00:00,1643.33333333333,-13.2247620858736,0.398967661546099,0.398965101664993
2021-08-30 09:00:00,1643.375,-13.1625629551852,0.409241294650068,0.409238732744322
2021-08-30 10:00:00,1643.41666666667,-13.1900241201852,0.405232371997176,0.405229808068119
2021-08-30 11:00:00,1643.45833333333,-13.0999518462963,0.419947003381301,0.419944437430261
2021-08-30 12:00:00,1643.5,-13.0722703651852,0.424723129934282,0.424720561962587
2021-08-30 13:00:00,1643.54166666667,-12.970146292037,0.441358407452069,0.441355837461052
2021-08-30 14:00:00,1643.58333333333,-12.8358222505556,0.463123555603449,0.463120983594439
2021-08-30 15:00:00,1643.625,-12.6988907366667,0.485304468452107,0.485301894426437
2021-08-30 16:00:00,1643.66666666667,-12.6431166687037,0.494557334459603,0.494554758418607
2021-08-30 17:00:00,1643.70833333333,-12.4965130052045,0.518279812046219,0.518277233991229
2021-08-30 18:00:00,1643.75,-12.4817092052533,0.521006869097299,0.521004289029648
2021-08-30 19:00:00,1643.79166666667,-12.3144054061776,0.548027676711658,0.548025094632685
2021-08-30 22:30:00,1643.9375,-12.6834601141002,0.490532255128587,0.490529666020509
2021-08-30 23:30:00,1643.97916666667,-12.6574842280148,0.495041185623636,0.495038594510255
2021-08-31 00:30:00,1644.02083333333,-12.6331799660482,0.499284215882934,0.499281622765588
2021-08-31 01:30:00,1644.0625,-12.6099610233766,0.503354744493598,0.503352149373627
2021-08-31 02:30:00,1644.10416666667,-12.709378487013,0.487889596241956,0.487886999120706
2021-08-31 03:30:00,1644.14583333333,-12.8514823014898,0.465624871906501,0.465622272785311
2021-08-31 04:30:00,1644.1875,-13.1546263890335,0.417706706908485,0.417704105788698
2021-08-31 05:30:00,1644.22916666667,-13.4104684016729,0.377324185972528,0.377321582855491
2021-08-31 06:30:00,1644.27083333333,-13.7642074116667,0.321346992935386,0.321344387822442
2021-08-31 07:30:00,1644.3125,-14.3198608628942,0.233205074463444,0.233202467355939
2021-08-31 08:30:00,1644.35416666667,-14.4166055640741,0.218168036968401,0.218165427867683
2021-08-31 09:30:00,1644.39583333333,-14.7474092481481,0.165845625197386,0.165843014104801
2021-08-31 10:30:00,1644.4375,-14.8774916443414,0.145498646792061,0.145496033708957
2021-08-31 11:30:00,1644.47916666667,-14.9066141042672,0.14123504695736,0.141232431885089
2021-08-31 12:30:00,1644.52083333333,-14.6783506617811,0.177973593691419,0.177970976631328
2021-08-31 13:30:00,1644.5625,-14.8234370442593,0.155237634699007,0.155235015652447
2021-08-31 14:30:00,1644.60416666667,-15.6142486200371,0.029637578968531,0.0296349579368562
2021-08-31 15:30:00,1644.64583333333,-16.5738345609665,-0.122847965934288,-0.122850588949727
2021-08-31 16:30:00,1644.6875,-17.0040222304267,-0.190999600266291,-0.191002225264142
2021-08-31 17:30:00,1644.72916666667,-16.1521999807407,-0.0549257509205806,-0.0549283778994862
2021-08-31 18:30:00,1644.77083333333,-17.252862680705,-0.229883762100037,-0.229886391058644
2021-08-31 20:00:00,1644.83333333333,-17.0068773063197,-0.190129875347782,-0.190132507273399
2021-09-01,1645,-14.8300927851577,0.158153015648188,0.158150375825479
2021-09-01 01:00:00,1645.04166666667,-15.48965306141,0.0534654480023941,0.0534628062088125
2021-09-01 02:00:00,1645.08333333333,-15.2429832802974,0.0931413618624086,0.0931387180993132
2021-09-01 03:00:00,1645.125,-15.4333011018587,0.0632052239088203,0.0632025781775731
2021-09-01 04:00:00,1645.16666666667,-15.763814451577,0.0109362235077695,0.0109335758097352
2021-09-01 05:00:00,1645.20833333333,-16.201488869145,-0.0584032264028199,-0.0584058760662798
2021-09-01 06:00:00,1645.25,-16.6113389055556,-0.123309847529816,-0.123312499157337
2021-09-01 07:00:00,1645.29166666667,-16.959911125,-0.178454483838901,-0.178457137429117
2021-09-01 08:00:00,1645.33333333333,-17.1048388653704,-0.201158024515788,-0.201160680067333
2021-09-01 09:00:00,1645.375,-17.2417949990421,-0.222591298156655,-0.222593955668163
2021-09-01 10:00:00,1645.41666666667,-17.7036103951763,-0.295774500260769,-0.295777159730871
2021-09-01 11:00:00,1645.45833333333,-17.3928703512963,-0.245888684694589,-0.245891346121918
2021-09-01 12:00:00,1645.5,-16.9077277542593,-0.168220033979022,-0.168222697362209
2021-09-01 13:00:00,1645.54166666667,-16.7423537198148,-0.141490360191163,-0.141493025528836
2021-09-01 14:00:00,1645.58333333333,-16.5285130272222,-0.107039529719252,-0.107042197010042
2021-09-01 15:00:00,1645.625,-16.5488518425926,-0.109893279004947,-0.109895948247483
2021-09-01 16:00:00,1645.66666666667,-16.8314129637037,-0.154518845971997,-0.154521517164903
2021-09-01 17:00:00,1645.70833333333,-16.9057819994,-0.165978882143644,-0.16598155528555
2021-09-01 18:00:00,1645.75,-16.7196888612963,-0.1359467252856,-0.135949400375131
2021-09-01 19:30:00,1645.8125,-16.7520242423507,-0.140515977167829,-0.14051865517622
2021-09-01 20:30:00,1645.85416666667,-17.241505616171,-0.218102367167767,-0.218105047120344
2021-09-01 21:30:00,1645.89583333333,-17.3092565128253,-0.22850640886347,-0.228509090758855
2021-09-02 01:00:00,1646.04166666667,-21.1839091568182,-0.844377803251536,-0.844380491935901
2021-09-02 01:30:00,1646.0625,-21.8851781305668,-0.955895279160645,-0.955897968813486
2021-09-02 02:00:00,1646.08333333333,-23.1110682,-1.15098517528309,-1.15098786590406
2021-09-02 02:30:00,1646.10416666667,-23.5709511853659,-1.22404950031061,-1.22405219189936
2021-09-02 03:00:00,1646.125,-25.0516591431818,-1.45973187776368,-1.45973457031988
2021-09-02 03:30:00,1646.14583333333,-25.2798235403651,-1.49588307577015,-1.49588576929344
2021-09-02 04:00:00,1646.16666666667,-26.3043637727273,-1.65889741829082,-1.65890011278085
2021-09-02 04:30:00,1646.1875,-26.4153719489837,-1.67638535634795,-1.67638805180439
2021-09-02 05:00:00,1646.20833333333,-26.5167955022727,-1.69234636203752,-1.69234905846001
2021-09-02 05:30:00,1646.22916666667,-26.5715202578947,-1.70086812083268,-1.70087081822088
2021-09-02 15:00:00,1646.625,-25.1202954863636,-1.465946207018,-1.46594892268884
2021-09-02 15:30:00,1646.64583333333,-25.0118810294355,-1.44847787687245,-1.44848059350206
2021-09-02 16:00:00,1646.66666666667,-23.7510454431818,-1.24742794276637,-1.2474306603544
2021-09-02 16:30:00,1646.6875,-23.9507348206478,-1.27904058459073,-1.27904330313684
2021-09-02 17:00:00,1646.70833333333,-22.7901590090909,-1.09396191526764,-1.09396463477148
2021-09-02 17:30:00,1646.72916666667,-23.0915578399594,-1.14177675677947,-1.14177947724068
2021-09-02 18:30:00,1646.77083333333,-21.8180926296296,-0.938516140238617,-0.938518862613541
2021-09-02 19:00:00,1646.79166666667,-21.9103921178423,-0.953021023847442,-0.953023747178701
2021-09-02 19:30:00,1646.8125,-21.6587406814815,-0.912734185033384,-0.912736909320627
2021-09-02 20:00:00,1646.83333333333,-21.9410331030992,-0.957504890036804,-0.957507615279684
2021-09-02 20:30:00,1646.85416666667,-21.7924999296296,-0.933644675573626,-0.933647401771792
2021-09-02 21:00:00,1646.875,-22.4409586487603,-1.03674574487151,-1.03674847202462
2021-09-02 21:30:00,1646.89583333333,-21.8271131716981,-0.938760759412835,-0.938763487520529
2021-09-02 22:00:00,1646.91666666667,-22.0085415805556,-0.967463378074208,-0.967466107136143
2021-09-02 22:30:00,1646.9375,-20.7804074037037,-0.77162157534743,-0.771624305363256
2021-09-02 23:00:00,1646.95833333333,-21.1658194995851,-0.83281875275869,-0.832821483728057
2021-09-03 02:30:00,1647.10416666667,-22.2063119726496,-0.997172598517789,-0.997175336152156
2021-09-03 03:00:00,1647.125,-22.2922516731788,-1.0106628569159,-1.01066559550101
2021-09-03 03:30:00,1647.14583333333,-22.2126666576923,-0.997784815828562,-0.997787555364066
2021-09-03 04:00:00,1647.16666666667,-22.3450361881579,-1.01867119146418,-1.01867393194973
2021-09-03 04:30:00,1647.1875,-21.4694786636752,-0.87899397308265,-0.878996714517891
2021-09-03 05:00:00,1647.20833333333,-21.6104605634868,-0.901252117561597,-0.901254859946181
2021-09-03 05:30:00,1647.22916666667,-21.7837768776824,-0.928661063522947,-0.92866380685652
2021-09-03 06:00:00,1647.25,-21.8151841986842,-0.933463711648834,-0.933466455931051
2021-09-03 06:30:00,1647.27083333333,-21.6044163343348,-0.899687585902803,-0.899690331133308
2021-09-03 07:00:00,1647.29166666667,-21.3816688232787,-0.864003000117163,-0.864005746295607
2021-09-03 07:30:00,1647.3125,-21.6059828457265,-0.899535542361732,-0.899538289487765
2021-09-03 08:00:00,1647.33333333333,-21.7513475413115,-0.922491306711973,-0.922494054785243
2021-09-03 08:30:00,1647.35416666667,-21.8930385098291,-0.944861750033875,-0.94486449905403
2021-09-03 09:00:00,1647.375,-21.9580726901818,-0.955020618565847,-0.955023368532539
2021-09-03 09:30:00,1647.39583333333,-21.8207510927039,-0.932943973453842,-0.932946724366715
2021-09-03 10:00:00,1647.41666666667,-21.8359999781046,-0.935171821689256,-0.935174573547961
2021-09-03 10:30:00,1647.4375,-21.8799443918803,-0.941970794522969,-0.941973547327155
2021-09-03 11:00:00,1647.45833333333,-22.0154379026144,-0.963353510372029,-0.963356264121345
2021-09-03 11:30:00,1647.47916666667,-21.7730343549356,-0.924536861239577,-0.924539615933667
2021-09-03 12:00:00,1647.5,-21.8434328108197,-0.935549701306307,-0.935552456944825
2021-09-03 12:30:00,1647.52083333333,-21.9950897534188,-0.95950698290032,-0.95950973948291
2021-09-03 13:00:00,1647.54166666667,-21.8828823591503,-0.941430393621714,-0.941433151148026
2021-09-03 13:30:00,1647.5625,-22.253500041453,-1.00026809065067,-1.00027084912035
2021-09-03 14:00:00,1647.58333333333,-22.3422320591503,-1.01420110647191,-1.0142038658846
2021-09-03 14:30:00,1647.60416666667,-22.3823205012821,-1.020385072573,-1.02038783292836
2021-09-03 15:00:00,1647.625,-22.3459572171053,-1.01439013069451,-1.01439289199218
2021-09-03 15:30:00,1647.64583333333,-21.7465965540773,-0.918709210720768,-0.918711972960401
2021-09-03 16:00:00,1647.66666666667,-21.8384672996732,-0.933141854809781,-0.933144617991022
2021-09-03 16:30:00,1647.6875,-21.9510987386266,-0.950881598919001,-0.950884363041497
2021-09-03 17:00:00,1647.70833333333,-21.9020032764706,-0.942858038867894,-0.94286080393129
2021-09-03 18:00:00,1647.75,-21.6544713258197,-0.903020506928092,-0.903023273872235
2021-09-03 18:30:00,1647.77083333333,-21.9030375296928,-0.942414383419251,-0.942417151303234
2021-09-03 19:00:00,1647.79166666667,-21.2072787262295,-0.831376518277789,-0.831379287101262
2021-09-03 19:30:00,1647.8125,-21.1878843636054,-0.828083898788779,-0.828086668551389
2021-09-03 20:00:00,1647.83333333333,-21.2542213434426,-0.83844825033294,-0.838451021034332
2021-09-03 20:30:00,1647.85416666667,-21.2032925431973,-0.830131986250803,-0.830134757890624
2021-09-03 21:00:00,1647.875,-21.3110245758197,-0.847090413192009,-0.847093185769908
2021-09-03 21:30:00,1647.89583333333,-21.5234232088737,-0.880722211370573,-0.880724984886193
2021-09-03 22:00:00,1647.91666666667,-21.2245737295082,-0.832911726915121,-0.832914501368111
2021-09-03 22:30:00,1647.9375,-21.2052687156463,-0.829632782625065,-0.829635558015069
2021-09-03 23:00:00,1647.95833333333,-20.9948934557377,-0.795916118669444,-0.795918894996108
2021-09-03 23:30:00,1647.97916666667,-20.8499421690476,-0.772621447497202,-0.772624224760173
2021-09-04,1648,-20.2685061695473,-0.679794356780038,-0.679797134978964
2021-09-04 00:30:00,1648.02083333333,-19.5570340020408,-0.56625231872323,-0.566255097857753
2021-09-04 04:00:00,1648.16666666667,-20.8962913648019,-0.778166282611904,-0.778169068285692
2021-09-04 04:30:00,1648.1875,-21.0019000836364,-0.79478507178101,-0.79478785838756
2021-09-04 05:00:00,1648.20833333333,-20.8842499850467,-0.775838479175873,-0.775841266714828
2021-09-04 05:30:00,1648.22916666667,-20.9338000572727,-0.783526900676117,-0.783529689147124
2021-09-04 06:00:00,1648.25,-20.884342720979,-0.775443278684741,-0.775446068087445
2021-09-04 06:30:00,1648.27083333333,-20.9932293311927,-0.792583867990248,-0.792586658324293
2021-09-04 07:00:00,1648.29166666667,-21.4882773501166,-0.871240153148954,-0.871242944413985
2021-09-04 07:30:00,1648.3125,-21.5442909209091,-0.879957844497255,-0.879960636692916
2021-09-04 08:00:00,1648.33333333333,-21.8145477601399,-0.922804549151275,-0.922807342277208
2021-09-04 08:30:00,1648.35416666667,-21.8832454727273,-0.933542648463278,-0.93354544251913
2021-09-04 09:00:00,1648.375,-21.7581053929742,-0.913402156531884,-0.9134049515173
2021-09-04 09:30:00,1648.39583333333,-21.7702544472727,-0.915131829385042,-0.915134625299666
2021-09-04 10:00:00,1648.41666666667,-21.7922564331002,-0.918430988919748,-0.918433785763223
2021-09-04 10:30:00,1648.4375,-21.7503153972973,-0.911543887088654,-0.911546684860624
2021-09-04 11:00:00,1648.45833333333,-21.8198318441589,-0.922411949595647,-0.922414748295754
2021-09-04 11:30:00,1648.47916666667,-21.7688829189189,-0.914089699967917,-0.914092499595807
2021-09-04 12:00:00,1648.5,-21.7144566861827,-0.905213420524694,-0.90521622108001
2021-09-04 12:30:00,1648.52083333333,-21.6701261675676,-0.897945303335446,-0.897948104817833
2021-09-04 13:00:00,1648.54166666667,-21.9335199131148,-0.939697789137153,-0.939700591546253
2021-09-04 13:30:00,1648.5625,-21.782792781982,-0.915480431180732,-0.915483234516189
2021-09-04 14:00:00,1648.58333333333,-21.9497587850117,-0.941871724383108,-0.941874528644563
2021-09-04 14:30:00,1648.60416666667,-21.8183273254545,-0.920727996442611,-0.920730801629709
2021-09-04 15:00:00,1648.625,-22.8057803841122,-1.07782327973465,-1.07782608584704
2021-09-04 15:30:00,1648.64583333333,-22.8660630612613,-1.08721956662374,-1.08722237366105
2021-09-04 16:00:00,1648.66666666667,-22.1628531188811,-0.974990841585772,-0.974993649547657
2021-09-04 16:30:00,1648.6875,-21.9853334018018,-0.946504853094711,-0.946507661980814
2021-09-04 17:30:00,1648.72916666667,-21.8679132278539,-0.927385518151082,-0.927388328884541
2021-09-04 18:00:00,1648.75,-21.914272730303,-0.934563373452138,-0.934566185108741
2021-09-04 18:30:00,1648.77083333333,-21.7688610610478,-0.911191852156568,-0.911194664735957
2021-09-04 19:00:00,1648.79166666667,-21.4304748070707,-0.857079249737226,-0.857082063239041
2021-09-04 19:30:00,1648.8125,-20.6156301328767,-0.72706638864538,-0.727069203069266
2021-09-04 20:00:00,1648.83333333333,-20.6761616252525,-0.736501484620336,-0.736504299965933
2021-09-04 20:30:00,1648.85416666667,-19.7963173506849,-0.596133957121343,-0.596136773388295
2021-09-04 21:00:00,1648.875,-19.8996464535354,-0.612386559463759,-0.612389376651708
2021-09-04 21:30:00,1648.89583333333,-19.6066492309795,-0.565504003206783,-0.56550682131537
2021-09-04 22:00:00,1648.91666666667,-19.5805656333333,-0.561140886421799,-0.561143705450664
2021-09-04 22:30:00,1648.9375,-18.9553744020548,-0.461339403780349,-0.461342223729138
2021-09-04 23:00:00,1648.95833333333,-19.058259984,-0.477520986115557,-0.477523806983908
2021-09-04 23:30:00,1648.97916666667,-18.4013995509132,-0.372674393696436,-0.372677215483993
2021-09-05,1649,-18.5746923641026,-0.400071715037711,-0.400074537744114
2021-09-05 00:30:00,1649.02083333333,-18.9680933863326,-0.462532339788733,-0.462535163413625
2021-09-05 01:00:00,1649.04166666667,-18.995769975,-0.466732709366273,-0.466735533909292
2021-09-05 01:30:00,1649.0625,-19.5549202535308,-0.555597126007704,-0.555599951468495
2021-09-05 02:00:00,1649.08333333333,-19.630650063,-0.567452224967129,-0.567455051345329
2021-09-05 05:30:00,1649.22916666667,-20.2176307862709,-0.659495117186805,-0.659497949976827
2021-09-05 06:30:00,1649.27083333333,-20.0754656795918,-0.636429133117125,-0.636431967735861
2021-09-05 07:30:00,1649.3125,-19.9947421269017,-0.623150467567659,-0.62315330401367
2021-09-05 08:30:00,1649.35416666667,-19.8992282096475,-0.607515321651641,-0.607518159923485
2021-09-05 09:30:00,1649.39583333333,-19.6970500745826,-0.57488812510789,-0.574890965204128
2021-09-05 10:30:00,1649.4375,-19.5074944624535,-0.544271341196365,-0.544274183115556
2021-09-05 11:30:00,1649.47916666667,-19.5921261591837,-0.557332427447661,-0.55733527118836
2021-09-05 12:30:00,1649.52083333333,-19.0179370105556,-0.465442518371561,-0.465445363932326
2021-09-05 13:30:00,1649.5625,-18.2852296759259,-0.348300185341851,-0.348303032721242
2021-09-05 14:30:00,1649.60416666667,-18.0136611075926,-0.30461722389021,-0.304620073086778
2021-09-05 15:30:00,1649.64583333333,-17.7031632625232,-0.254732437623094,-0.254735288635395
2021-09-05 17:00:00,1649.70833333333,-18.1195873821561,-0.32043503042026,-0.320437884153451
2021-09-05 18:00:00,1649.75,-18.1093190146341,-0.318376107391235,-0.318378962936546
2021-09-05 19:00:00,1649.79166666667,-18.07181082397,-0.311977498616083,-0.311980355972063
2021-09-05 20:00:00,1649.83333333333,-17.6420412052434,-0.243091001799199,-0.243093860964402
2021-09-05 21:00:00,1649.875,-16.5105168395131,-0.0624141102827442,-0.0624169712557185
2021-09-05 22:00:00,1649.91666666667,-16.1641348481273,-0.00681059826997477,-0.00681346104927338
2021-09-05 23:00:00,1649.95833333333,-15.9544775044944,0.0270129412347246,0.0270100766505523
2021-09-06,1650,-15.60252812397,0.0835040652661821,0.083501198878589
2021-09-06 01:00:00,1650.04166666667,-15.530820243633,0.0953528792019926,0.0953500110124287
2021-09-06 02:00:00,1650.08333333333,-15.6494277624765,0.0768846749765891,0.0768818049865065
2021-09-06 03:00:00,1650.125,-15.6094082485019,0.083686231147567,0.0836833593584213
2021-09-06 07:00:00,1650.29166666667,-16.2444813929368,-0.0157720958652013,-0.0157749748360593
2021-09-06 08:00:00,1650.33333333333,-15.9572300489796,0.0304154677722329,0.0304125870095865
2021-09-06 09:00:00,1650.375,-16.4628100675978,-0.0496952118183441,-0.0496980943713194
2021-09-06 10:00:00,1650.41666666667,-16.2626505328996,-0.0173807170578945,-0.0173836013997427
2021-09-06 11:00:00,1650.45833333333,-16.3324349420074,-0.0280681264933711,-0.0280710126226332
2021-09-06 12:00:00,1650.5,-16.2737211760223,-0.0182853260725346,-0.0182882139877493
2021-09-06 13:00:00,1650.54166666667,-16.1877444427778,-0.00415915696747426,-0.00416204666718312
2021-09-06 14:00:00,1650.58333333333,-16.5956375652416,-0.0687064505053476,-0.0687093419880896
2021-09-06 15:00:00,1650.625,-17.1019537042593,-0.14893224283823,-0.148935136102541
2021-09-06 16:30:00,1650.6875,-16.8238698860595,-0.103986525318351,-0.103989421252276
2021-09-06 17:30:00,1650.72916666667,-17.0843426476723,-0.145048397723626,-0.145051295435465
2021-09-06 18:30:00,1650.77083333333,-15.2952546328996,0.140386583493284,0.140383684004994
2021-09-06 19:30:00,1650.8125,-15.5555855169145,0.0993480266746374,0.0993451254113641
2021-09-06 20:30:00,1650.85416666667,-17.3585631496283,-0.187434902746487,-0.18743780578328
2021-09-06 21:30:00,1650.89583333333,-17.2621453456238,-0.171642425129298,-0.171645329938145
2021-09-06 22:30:00,1650.9375,-17.1952044211896,-0.160545279076372,-0.160548185655805
2021-09-06 23:30:00,1650.97916666667,-17.4518534764378,-0.200995891834618,-0.200998800183171
2021-09-07 00:30:00,1651.02083333333,-18.6957477022263,-0.398715009786263,-0.398717919902467
2021-09-07 01:30:00,1651.0625,-19.0659070351301,-0.457247179170928,-0.457250091053312
2021-09-07 02:30:00,1651.10416666667,-19.6732003959184,-0.5535546131305,-0.553557526777598
2021-09-07 03:30:00,1651.14583333333,-19.9056957671614,-0.590156104217214,-0.590159019627555
2021-09-07 04:30:00,1651.1875,-20.1001231225746,-0.620692978098345,-0.620695895270455
2021-09-07 08:30:00,1651.35416666667,-19.7117337074488,-0.557076549283775,-0.557079473488248
2021-09-07 09:30:00,1651.39583333333,-19.7573784675325,-0.563910477359849,-0.56391340331873
2021-09-07 10:30:00,1651.4375,-19.8026078115242,-0.570677875617937,-0.570680803329747
2021-09-07 11:30:00,1651.47916666667,-19.5705269209647,-0.533269201829439,-0.533272131292706
2021-09-07 12:30:00,1651.52083333333,-19.5215671020794,-0.525031492330522,-0.525034423543769
2021-09-07 13:30:00,1651.5625,-20.5361057666048,-0.686209498163984,-0.686212431125732
2021-09-07 14:30:00,1651.60416666667,-21.0397407272222,-0.765999826027727,-0.7660027607365
2021-09-07 16:00:00,1651.66666666667,-21.451453544052,-0.830926688983367,-0.830929626309906
2021-09-07 17:00:00,1651.70833333333,-21.3343152833955,-0.811826517973427,-0.811829457043292
2021-09-07 18:00:00,1651.75,-21.5429201018587,-0.844617100196718,-0.844620041008431
2021-09-07 19:00:00,1651.79166666667,-19.9540262976974,-0.591064515496503,-0.591067458048584
2021-09-07 20:00:00,1651.83333333333,-19.2294025910946,-0.475190423356543,-0.475193367647508
2021-09-07 21:00:00,1651.875,-19.3398569208178,-0.492344507787495,-0.492347453815863
2021-09-07 22:00:00,1651.91666666667,-18.8824768005566,-0.419041807407886,-0.419044755172176
2021-09-07 23:00:00,1651.95833333333,-17.8620055711111,-0.256037940023304,-0.256040889522029
2021-09-08,1652,-18.7343469320965,-0.39456012022798,-0.394563071459657
2021-09-08 01:00:00,1652.04166666667,-18.8687463303704,-0.415527267963603,-0.415530220926751
2021-09-08 02:00:00,1652.08333333333,-19.0432485923933,-0.442882480312753,-0.442885435005882
2021-09-08 03:00:00,1652.125,-18.8685000153704,-0.414601434410352,-0.414604390831977
2021-09-08 04:00:00,1652.16666666667,-18.9090223622677,-0.420612850738451,-0.420615808887089
2021-09-08 05:00:00,1652.20833333333,-18.8845148377323,-0.416264612518496,-0.416267572392655
2021-09-08 06:00:00,1652.25,-19.0359462733333,-0.439943227046352,-0.439946188644545
2021-09-08 10:00:00,1652.41666666667,-17.8215851638889,-0.244713060261831,-0.244716028741273
2021-09-08 11:00:00,1652.45833333333,-17.3954381807116,-0.176381276705267,-0.176384246901292
2021-09-08 12:00:00,1652.5,-16.7796208122677,-0.0778345172748074,-0.0778374891859237
2021-09-08 13:00:00,1652.54166666667,-16.2682597473098,0.00407262609572734,0.00406965247100999
2021-09-08 14:00:00,1652.58333333333,-15.6022782766234,0.110611258094442,0.110608282757617
2021-09-08 15:30:00,1652.64583333333,-15.4751731845438,0.131530802858009,0.131527824955824
2021-09-08 16:30:00,1652.6875,-15.3239163466543,0.156074300775143,0.156071321164588
2021-09-08 17:30:00,1652.72916666667,-15.0366033467412,0.202291989228735,0.202289007911304
2021-09-08 18:30:00,1652.77083333333,-14.8743973858209,0.22858038343647,0.228577400413659
2021-09-08 19:30:00,1652.8125,-14.5498661782528,0.280727651673518,0.280724666946825
2021-09-08 20:30:00,1652.85416666667,-14.4485743687732,0.297313070273832,0.297310083844754
2021-09-08 21:30:00,1652.89583333333,-13.9449257701299,0.377994558694919,0.377991570564953
2021-09-08 22:30:00,1652.9375,-14.225961019295,0.333675694962726,0.333672705133373
2021-09-08 23:30:00,1652.97916666667,-14.1184052083643,0.351260010112226,0.351257018584983
2021-09-09 00:30:00,1653.02083333333,-13.8965018535316,0.387060315804924,0.387057322581292
2021-09-09 01:30:00,1653.0625,-13.7485204388476,0.411085148460767,0.411082153542249
2021-09-09 02:30:00,1653.10416666667,-13.0387718011132,0.52460024581729,0.524597249205384
2021-09-09 03:30:00,1653.14583333333,-13.1790816191095,0.502700768105104,0.502697769801312
2021-09-09 04:30:00,1653.1875,-14.0915353143123,0.357798563130215,0.357795563136042
2021-09-09 05:30:00,1653.22916666667,-14.0813921923792,0.359867034352003,0.359864032668951
2021-09-09 06:30:00,1653.27083333333,-13.9036994274583,0.388626627130588,0.388623623760159
2021-09-09 07:30:00,1653.3125,-13.3366029376623,0.479418855018125,0.479415849961828
2021-09-09 11:30:00,1653.47916666667,-14.4579925987013,0.302597517876909,0.302594506092186
2021-09-09 12:30:00,1653.52083333333,-14.5084535130112,0.295014123804792,0.295011110341731
2021-09-09 13:30:00,1653.5625,-14.3507253977737,0.320595732980632,0.32059271784074
2021-09-09 15:00:00,1653.625,-13.9428624607807,0.386252342727658,0.386249325075351
2021-09-09 16:00:00,1653.66666666667,-14.0121301356877,0.375674214464196,0.375671195138831
2021-09-11 17:30:00,1655.72916666667,-17.8998161487805,-0.220630237171486,-0.220633337412867
2021-09-11 18:30:00,1655.77083333333,-17.5358200460111,-0.162172199033617,-0.162175300871016
2021-09-13 13:30:00,1657.5625,-14.459286783054,0.348577496007105,0.348574327006141
2021-09-13 14:30:00,1657.60416666667,-14.0048385840445,0.421458871201787,0.421455700673135
2021-09-13 15:30:00,1657.64583333333,-14.3391743935065,0.368686708545827,0.368683536491056
2021-09-13 16:30:00,1657.6875,-14.7760447072626,0.299581044207063,0.299577870627735
2021-09-13 17:30:00,1657.72916666667,-15.0625009330241,0.254436769447013,0.254433594344694
2021-09-13 18:30:00,1657.77083333333,-14.8311873790353,0.291773908228838,0.291770731605099
2021-09-13 19:30:00,1657.8125,-14.4360779050093,0.355204171495719,0.355200993352127
2021-09-13 20:30:00,1657.85416666667,-14.2563691996289,0.384321255511134,0.38431807584925
2021-09-13 21:30:00,1657.89583333333,-14.0628074038889,0.415645463591331,0.41564228241273
2021-09-13 22:30:00,1657.9375,-14.6134118927644,0.328423767361873,0.328420584668124
2021-09-13 23:30:00,1657.97916666667,-14.6631206222635,0.320995439916097,0.320992255708765
2021-09-14 00:30:00,1658.02083333333,-14.6159295128015,0.32900364218,0.32900045646066
2021-09-14 01:30:00,1658.0625,-15.2377299726257,0.230441325252944,0.230438138023166
2021-09-14 02:30:00,1658.10416666667,-15.5746833148148,0.177255673334641,0.177252484595991
2021-09-14 03:30:00,1658.14583333333,-15.913537264693,0.123767568615616,0.123764378369671
2021-09-14 04:30:00,1658.1875,-15.9972203924074,0.110928673325933,0.110925481574266
2021-09-14 05:30:00,1658.22916666667,-15.8516148324074,0.134615944699919,0.134612751444096
2021-09-14 06:30:00,1658.27083333333,-16.8225380343228,-0.0195602989785213,-0.0195634937369211
2021-09-14 07:30:00,1658.3125,-16.6720147831169,0.00491099307818399,0.00490779681878084
2021-09-14 08:30:00,1658.35416666667,-16.9894786506493,-0.0451680832086586,-0.0451712809674932
2021-09-14 09:30:00,1658.39583333333,-16.9233148303704,-0.0341346808341284,-0.0341378800908196
2021-09-14 10:30:00,1658.4375,-16.980618515,-0.0427694266278259,-0.0427726273807961
2021-09-14 12:00:00,1658.5,-16.581335890167,0.0215778264538746,0.0215746234594369
2021-09-14 13:00:00,1658.54166666667,-16.9483029763941,-0.0363857376237056,-0.0363889421104844
2021-09-14 14:00:00,1658.58333333333,-17.9587384172542,-0.196853957716343,-0.196857163693886
2021-09-14 15:00:00,1658.625,-18.0198998207792,-0.206101832843814,-0.20610504031054
2021-09-14 16:00:00,1658.66666666667,-18.3794248714286,-0.262878937971632,-0.262882146925966
2021-09-14 17:00:00,1658.70833333333,-17.5446159675325,-0.129397478707766,-0.129400689148131
2021-09-14 18:00:00,1658.75,-16.199868290538,0.0853179032119674,0.085314691287155
2021-09-14 19:00:00,1658.79166666667,-15.477477777037,0.200891655681514,0.200888442273831
2021-09-14 20:00:00,1658.83333333333,-15.2019202198516,0.245284910081541,0.245281695192567
2021-09-14 21:00:00,1658.875,-15.1764240609259,0.249843515971172,0.249840299602491
2021-09-14 22:00:00,1658.91666666667,-14.83065372,0.305422338599791,0.30541912075298
2021-09-14 23:00:00,1658.95833333333,-14.3682073977778,0.379588038846479,0.379584819523122
2021-09-15,1659,-14.6114860992579,0.341331548662053,0.341328327863732
2021-09-15 01:00:00,1659.04166666667,-14.4164370516667,0.372901292048212,0.372898069776509
2021-09-15 02:00:00,1659.08333333333,-14.5369018607407,0.354209762251161,0.354206538507659
2021-09-15 03:00:00,1659.125,-14.6888518605556,0.330502928467513,0.330499703253798
2021-09-15 04:00:00,1659.16666666667,-14.9559463090741,0.288453810864077,0.288450584181731
2021-09-15 05:00:00,1659.20833333333,-14.9843717492565,0.284425145730768,0.284421917581377
2021-09-15 06:00:00,1659.25,-14.8860018507435,0.300595377291534,0.300592147676682
2021-09-15 07:00:00,1659.29166666667,-14.62588333,0.342532588335295,0.342529357256567
2021-09-15 08:00:00,1659.33333333333,-13.5776486947955,0.510017567727848,0.510014335186832
2021-09-15 09:00:00,1659.375,-12.9062245005566,0.617476682462431,0.617473448460712
2021-09-15 10:00:00,1659.41666666667,-12.9145296177778,0.616654739742976,0.616651504282141
2021-09-15 11:30:00,1659.47916666667,-12.5536877223048,0.674889290333561,0.674886052687031
2021-09-15 12:30:00,1659.52083333333,-12.4898018335185,0.685568194346721,0.685564955245046
2021-09-15 13:30:00,1659.5625,-12.3890148224074,0.702125780221036,0.702122539665806
2021-09-15 14:30:00,1659.60416666667,-12.0192513785847,0.76153181048754,0.761528568480343
2021-09-15 15:30:00,1659.64583333333,-11.5888015025974,0.830605538954885,0.830602295497309
2021-09-15 16:30:00,1659.6875,-11.6594240809259,0.819858373309291,0.819855128402931
2021-09-15 17:30:00,1659.72916666667,-11.5349871628205,0.840184630511719,0.840181384158162
2021-09-16 01:00:00,1660.04166666667,-13.5278033371058,0.526512561330639,0.526509304173868
2021-09-16 02:00:00,1660.08333333333,-13.54360482282,0.524501328384874,0.524498069794449
2021-09-16 03:00:00,1660.125,-13.6108571243043,0.514294246936082,0.514290986913601
2021-09-17 04:30:00,1661.1875,-16.4417105491651,0.0763485009855625,0.0763452049860783
2021-09-17 05:30:00,1661.22916666667,-16.7894434024119,0.0214686074013885,0.0214653100122932
2021-09-17 06:30:00,1661.27083333333,-17.0731635408922,-0.023213718952797,-0.02321701772989
2021-09-17 07:30:00,1661.3125,-17.1371317382189,-0.03288910828401,-0.0328924084475002
2021-09-17 08:30:00,1661.35416666667,-16.8746196532468,0.00944434015762141,0.00944103860934609
2021-09-17 09:30:00,1661.39583333333,-16.6131187647495,0.0516169995099272,0.0516136965784811
2021-09-17 11:00:00,1661.45833333333,-16.3021319583643,0.101931044398135,0.101927739394944
2021-09-17 12:00:00,1661.5,-15.9881078046468,0.15247143435707,0.152468127974729
2021-09-17 13:00:00,1661.54166666667,-15.8189033377323,0.179942239024773,0.179938931264893
2021-09-17 14:00:00,1661.58333333333,-15.6405743425651,0.208866881605272,0.208863572469466
2021-09-17 15:00:00,1661.625,-15.4207629012887,0.244400001271691,0.24439669076157
2021-09-17 20:00:00,1661.83333333333,-14.2807813702509,0.428589271137276,0.428585953779777
2021-09-17 20:30:00,1661.85416666667,-14.2424115430769,0.434960954059802,0.434957636019781
2021-09-17 21:00:00,1661.875,-14.4290482525046,0.405489007922052,0.405485689199918
2021-09-17 22:00:00,1661.91666666667,-14.4736190430556,0.398907898136024,0.398904578050873
2021-09-17 22:30:00,1661.9375,-14.4408351154122,0.404390035123462,0.404386714357407
2021-09-17 23:00:00,1661.95833333333,-14.4235153796154,0.407408788178655,0.4074054667321
2021-09-17 23:30:00,1661.97916666667,-14.5062862553903,0.39448310813108,0.394479786004428
2021-09-18 00:30:00,1662.02083333333,-14.6121781085343,0.378134237884871,0.378130914399242
2021-09-18 01:00:00,1662.04166666667,-14.6607311985663,0.370659693898415,0.370656369733902
2021-09-18 01:30:00,1662.0625,-14.6415269361538,0.373979017289874,0.373975692446881
2021-09-18 02:00:00,1662.08333333333,-14.5413858987013,0.390191699463601,0.390188373942532
2021-09-18 06:00:00,1662.25,-14.7248961,0.363042152499159,0.363038821568048
2021-09-18 06:30:00,1662.27083333333,-14.7922431495441,0.352574515343748,0.352571183738204
2021-09-18 07:00:00,1662.29166666667,-14.8163333547619,0.348997796747608,0.348994464468034
2021-09-18 07:30:00,1662.3125,-14.9252207647495,0.33191289514721,0.33190956219401
2021-09-18 08:30:00,1662.35416666667,-15.0122430473098,0.318572281398467,0.318568947099235
2021-09-18 09:00:00,1662.375,-14.9843951395137,0.32326963037129,0.323266295399643
2021-09-18 09:30:00,1662.39583333333,-15.0255571309524,0.316973725259602,0.316970389615953
2021-09-18 10:30:00,1662.4375,-15.1631096630112,0.295584184087514,0.295580847101069
2021-09-18 11:30:00,1662.47916666667,-15.0890836275093,0.307899548238307,0.30789620991069
2021-09-18 12:00:00,1662.5,-14.9430737274336,0.331420619592439,0.33141728059484
2021-09-18 12:30:00,1662.52083333333,-14.9107386733668,0.336833278721817,0.336829939054647
2021-09-18 13:00:00,1662.54166666667,-14.6158640648045,0.384068748440748,0.384065408104409
2021-09-18 14:00:00,1662.58333333333,-14.1495074511152,0.458883373672351,0.458880031998891
2021-09-18 14:30:00,1662.60416666667,-14.0636489436578,0.472822644751629,0.47281930241022
2021-09-18 15:00:00,1662.625,-14.0554773603015,0.474386405115676,0.474383062106717
2021-09-18 15:30:00,1662.64583333333,-13.6041468386617,0.54654577281168,0.546542429135582
2021-09-18 16:30:00,1662.6875,-13.5885836314126,0.549549404188396,0.549546059179234
2021-09-18 17:00:00,1662.70833333333,-13.6449174144543,0.540837700493617,0.540834354818531
2021-09-18 17:30:00,1662.72916666667,-13.5408593155779,0.557676609848609,0.557673263508008
2021-09-18 18:00:00,1662.75,-13.5914822944134,0.549874784595582,0.549871437589867
2021-09-18 19:00:00,1662.79166666667,-13.5944739881041,0.549923323246385,0.549919974911667
2021-09-18 19:30:00,1662.8125,-13.4196725778761,0.578031978885965,0.578028629887354
2021-09-18 20:00:00,1662.83333333333,-13.3858642954774,0.583680399980849,0.58367705031875
2021-09-18 20:30:00,1662.85416666667,-13.270743951577,0.602281962019866,0.602278611694688
2021-09-18 21:30:00,1662.89583333333,-13.3761558482375,0.586015603717723,0.586012252067601
2021-09-18 22:00:00,1662.91666666667,-13.1555781675516,0.621416808986455,0.621413456674471
2021-09-18 22:30:00,1662.9375,-13.1209450125,0.627196989748842,0.627193636775402
2021-09-18 23:00:00,1662.95833333333,-12.8496245386617,0.670681700805387,0.670678347170897
2021-09-19,1663,-13.1386654425651,0.625163823312146,0.625160468356777
2021-09-19 00:30:00,1663.02083333333,-13.0876902731563,0.633547583524522,0.633544227909326
2021-09-19 01:00:00,1663.04166666667,-13.132210027,0.626719005357784,0.626715649083164
2021-09-19 01:30:00,1663.0625,-13.1874323027829,0.618185578900979,0.618182221967343
2021-09-19 02:30:00,1663.10416666667,-13.3041836831169,0.600114256831741,0.600110898581295
2021-09-19 03:00:00,1663.125,-13.3302566501475,0.596224549196102,0.596221190287857
2021-09-19 03:30:00,1663.14583333333,-13.428869991,0.580779179140292,0.58077581957466
2021-09-19 04:00:00,1663.16666666667,-13.7091516814607,0.5363939821036,0.536390621880985
2021-09-19 07:30:00,1663.3125,-15.711530635436,0.219262702948386,0.219259338138298
2021-09-19 08:00:00,1663.33333333333,-16.0259084089695,0.16944654176723,0.169443176303419
2021-09-19 08:30:00,1663.35416666667,-16.1911332466667,0.143390620480774,0.143387254363646
2021-09-19 09:00:00,1663.375,-16.323063093321,0.122638685655928,0.122635318885887
2021-09-19 10:30:00,1663.4375,-16.838617796475,0.041304628333363,0.0413012596070401
2021-09-19 11:00:00,1663.45833333333,-17.2238517900563,-0.0197985560683495,-0.0198019254459494
2021-09-19 11:30:00,1663.47916666667,-17.20780028,-0.0169766025511098,-0.0169799725795815
2021-09-19 12:00:00,1663.5,-17.695458248423,-0.0943958585207316,-0.09439922919967
2021-09-19 13:00:00,1663.54166666667,-17.740905396475,-0.10110539686946,-0.1011087688481
2021-09-19 13:30:00,1663.5625,-17.9556591310861,-0.135050602400161,-0.135053975028042
2021-09-19 14:00:00,1663.58333333333,-18.45699998,-0.214649269781956,-0.214652643058667
2021-09-19 14:30:00,1663.60416666667,-17.8893821814471,-0.123961990509224,-0.123965364434359
2021-09-19 15:30:00,1663.64583333333,-17.5496063660448,-0.0693045331045349,-0.0693079083252954
2021-09-19 16:00:00,1663.66666666667,-17.0523452277674,0.0101750903705609,0.0101717145026
2021-09-19 16:30:00,1663.6875,-17.10040016,0.00278554420973576,0.00278216769498285
2021-09-19 17:00:00,1663.70833333333,-18.1202727003711,-0.159415171348477,-0.159418548509611
2021-09-19 18:00:00,1663.75,-17.4655992584416,-0.0545935963191674,-0.054596974771844
2021-09-19 18:30:00,1663.77083333333,-17.450915726779,-0.0519885803445846,-0.05199195944242
2021-09-19 19:00:00,1663.79166666667,-18.30340004,-0.187523951833089,-0.187527331575674
2021-09-19 19:30:00,1663.8125,-17.2129573395176,-0.0135495917176014,-0.0135529721045287
2021-09-19 20:30:00,1663.85416666667,-16.3135250395176,0.130262943295805,0.130259561621422
2021-09-19 21:00:00,1663.875,-16.1435093486891,0.157612832464971,0.157609450147473
2021-09-19 21:30:00,1663.89583333333,-15.8988336,0.196856191949425,0.196852808989219
2021-09-19 22:00:00,1663.91666666667,-16.598808594052,0.0856160827671951,0.0856126991646908
2021-09-19 23:00:00,1663.95833333333,-15.770098155,0.218163272073071,0.218159887187199
2021-09-19 23:30:00,1663.97916666667,-16.1584559249531,0.15656421830331,0.156560832776365
2021-09-20 00:30:00,1664.02083333333,-16.4653185331481,0.10821422723683,0.108210840428969
2021-09-20 01:30:00,1664.0625,-16.8096888992593,0.0538895015547578,0.0538861134676151
2021-09-20 02:00:00,1664.08333333333,-17.1109569131086,0.00616425569755508,0.00616086697138829
2021-09-20 02:30:00,1664.10416666667,-16.96316625,0.0299744473860147,0.0299710580212301
2021-09-20 03:00:00,1664.125,-17.2696129759259,-0.0185756322332459,-0.0185790222362389
2021-09-20 04:00:00,1664.16666666667,-16.8110777785185,0.0550037659818597,0.0550003747036804
2021-09-20 04:30:00,1664.1875,-17.32376775,-0.0264008021363539,-0.0264041940515165
2021-09-20 05:00:00,1664.20833333333,-17.3773333166667,-0.0346664552394583,-0.0346698477911893
2021-09-20 05:30:00,1664.22916666667,-17.5026141293135,-0.0543563290778405,-0.054359722265733
2021-09-20 08:30:00,1664.35416666667,-17.82661855,-0.104364318734275,-0.104367715730534
2021-09-20 09:00:00,1664.375,-17.9961261804762,-0.131099072832855,-0.131102470462408
2021-09-20 10:00:00,1664.41666666667,-17.8773252730483,-0.111637931509924,-0.111641330404832
2021-09-20 11:00:00,1664.45833333333,-17.9152252932961,-0.117139084527204,-0.117142484685831
2021-09-20 11:30:00,1664.47916666667,-17.9044922296875,-0.115161022982117,-0.115164423771988
2021-09-20 12:00:00,1664.5,-17.810728605379,-0.0999560650312921,-0.0999594664519976
2021-09-20 12:30:00,1664.52083333333,-17.227525135568,-0.00678292121494795,-0.00678632326607764
2021-09-20 13:30:00,1664.5625,-17.2616951328996,-0.0116891915718508,-0.0116925948825983
2021-09-20 14:00:00,1664.58333333333,-16.7713565689922,0.0666907123169341,0.0666873083769957
2021-09-20 14:30:00,1664.60416666667,-16.7456522086957,0.0710541241168237,0.071050719548102
2021-09-20 15:00:00,1664.625,-16.3623531295539,0.132382698715464,0.13237929351837
2021-09-20 15:30:00,1664.64583333333,-16.3686344673469,0.131650903008143,0.131647497183086
2021-09-20 17:00:00,1664.70833333333,-16.8826029818182,0.0505822397598801,0.0505788320534013
2021-09-23 22:30:00,1667.9375,-11.6122504721707,0.932658019245931,0.932654519387341
2021-09-23 23:30:00,1667.97916666667,-11.4949239398887,0.951906832780669,0.951903331798177
2021-09-24 00:30:00,1668.02083333333,-11.5077848090909,0.950416951641268,0.950413449536539
2021-09-24 01:00:00,1668.04166666667,-11.3795100494975,0.971130738960213,0.971127236294995
2021-09-24 01:30:00,1668.0625,-11.3463786042857,0.97668819105406,0.976684687828764
2021-09-24 02:00:00,1668.08333333333,-11.3042290418994,0.98368229836895,0.983678794583999
2021-09-24 03:00:00,1668.125,-11.2905669210037,0.986418175791825,0.98641467088881
2021-09-24 03:30:00,1668.14583333333,-11.2316482447236,0.996083802850414,0.996080297388993
2021-09-24 04:00:00,1668.16666666667,-11.2625928542857,0.991434206824266,0.991430700804858
2021-09-24 04:30:00,1668.1875,-11.1252926175926,1.01358619756777,1.01358269099079
2021-09-24 05:30:00,1668.22916666667,-11.1988740842593,1.00242473464002,1.00242122694915
2021-09-24 06:00:00,1668.25,-11.2957368323308,0.987274581953709,0.98727107370652
2021-09-24 06:30:00,1668.27083333333,-11.3097285828571,0.985325900784825,0.985322391981735
2021-09-24 07:30:00,1668.3125,-11.3474664220149,0.979874852436269,0.979871342522629
2021-09-24 08:30:00,1668.35416666667,-11.3244496139925,0.984102311919882,0.984098800897364
2021-09-24 09:00:00,1668.375,-11.316323312782,0.985677363598908,0.985673852022578
2021-09-24 09:30:00,1668.39583333333,-11.2988977773723,0.98873385210347,0.988730339973744
2021-09-24 10:00:00,1668.41666666667,-11.2939160464552,0.989808095796215,0.989804583113513
2021-09-24 11:00:00,1668.45833333333,-11.3259981306542,0.985258883917273,0.985255370129869
2021-09-24 11:30:00,1668.47916666667,-11.272506262406,0.994061013345864,0.994057499006736
2021-09-24 12:00:00,1668.5,-11.2493503985401,0.998030657590207,0.998027142699774
2021-09-24 12:30:00,1668.52083333333,-13.8256828317164,0.587900020445798,0.587896505004476
2021-09-24 13:30:00,1668.5625,-13.6812710282243,0.611467030744548,0.611463514202703
2021-09-24 14:00:00,1668.58333333333,-14.8192130263158,0.430473203453719,0.430469686362242
2021-09-24 14:30:00,1668.60416666667,-14.9020438029197,0.417559409553679,0.417555891912986
2021-09-24 15:00:00,1668.625,-15.5521137878731,0.314284066183669,0.314280547994178
2021-09-24 16:00:00,1668.66666666667,-16.0332672914019,0.238198693980123,0.238195174694294
2021-09-24 16:30:00,1668.6875,-16.1117794468672,0.225973106402316,0.22596958656894
2021-09-24 17:00:00,1668.70833333333,-16.0009191264706,0.243914751189242,0.243911230808744
2021-09-24 17:30:00,1668.72916666667,-15.9245653134328,0.256359546291143,0.256356025363938
2021-09-24 18:30:00,1668.77083333333,-15.9711641722015,0.249499655675798,0.249496133656435
2021-09-24 19:00:00,1668.79166666667,-15.9243793819095,0.257234268895224,0.257230746330412
2021-09-24 19:30:00,1668.8125,-15.9397444912409,0.255068420143077,0.255064897033228
2021-09-24 20:00:00,1668.83333333333,-15.551439255514,0.317207607241953,0.317204083587492
2021-09-24 21:00:00,1668.875,-15.353437366729,0.349313404841636,0.349309880099201
2021-09-24 21:30:00,1668.89583333333,-15.3571934796482,0.348997122958879,0.348993597673088
2021-09-24 22:00:00,1668.91666666667,-15.3233795927007,0.354665830173818,0.354662304345086
2021-09-24 22:30:00,1668.9375,-15.5116380580224,0.324958314211332,0.324954787840075
2021-09-24 23:30:00,1668.97916666667,-15.5550616727103,0.318605469110245,0.318601941655203
2021-09-25,1669,-15.5468571350877,0.320194833398861,0.320191305402553
2021-09-25 00:30:00,1669.02083333333,-15.5497080160584,0.320023122695256,0.320019594158104
2021-09-25 01:00:00,1669.04166666667,-15.7048955158582,0.295584140804441,0.295580611726861
2021-09-25 02:00:00,1669.08333333333,-15.8212854472015,0.277608320036742,0.277604789879562
2021-09-25 02:30:00,1669.10416666667,-15.9311683515075,0.260386575527564,0.260383044831212
2021-09-25 03:00:00,1669.125,-15.9967810642336,0.250217165082013,0.250213633846909
2021-09-25 03:30:00,1669.14583333333,-16.5831137777985,0.15709674726266,0.157093215489225
2021-09-25 04:30:00,1669.1875,-17.2233806083955,0.0556675709834999,0.0556640381346514
2021-09-25 05:00:00,1669.20833333333,-17.3996265769424,0.0278744470992703,0.027870913713348
2021-09-25 05:30:00,1669.22916666667,-17.444299319708,0.021041092833616,0.0210375589110362
2021-09-25 06:00:00,1669.25,-17.7558936410448,-0.0283129989524762,-0.0283165334112943
2021-09-25 07:30:00,1669.3125,-17.4109011432836,0.0274942350786017,0.027490699013584
2021-09-25 08:00:00,1669.33333333333,-17.2521654137845,0.0530642988971848,0.0530607622976084
2021-09-25 08:30:00,1669.35416666667,-17.173789815942,0.0658329968265398,0.0658294596928213
2021-09-25 09:00:00,1669.375,-17.5853500945996,0.000554619988813787,0.000551082321372409
2021-09-25 10:00:00,1669.41666666667,-17.9719106132216,-0.0604576262760079,-0.0604611650096339
2021-09-25 10:30:00,1669.4375,-18.8320651593985,-0.197197209297635,-0.197200748563726
2021-09-25 11:00:00,1669.45833333333,-18.9416159369565,-0.214365015259314,-0.21436855505745
2021-09-25 11:30:00,1669.47916666667,-18.0559888040968,-0.0730002086331122,-0.0730037489628735
2021-09-25 12:30:00,1669.52083333333,-17.99380636946,-0.0625267786657482,-0.0625303200574993
2021-09-25 13:00:00,1669.54166666667,-17.4593684446115,0.0228935168176532,0.0228899748955352
2021-09-25 13:30:00,1669.5625,-17.2634202702899,0.0543922132995321,0.0543886708474668
2021-09-25 14:00:00,1669.58333333333,-17.5197462804104,0.0138433691090881,0.013839826127495
2021-09-25 15:00:00,1669.625,-18.1899348214153,-0.092349819422598,-0.0923533634619872
2021-09-25 15:30:00,1669.64583333333,-18.3453308471178,-0.116820264857908,-0.116823809425563
2021-09-25 16:00:00,1669.66666666667,-17.2048623782609,0.0651414896951851,0.0651379445996814
2021-09-25 16:30:00,1669.6875,-17.2511436641791,0.0580532201744793,0.0580496745515469
2021-09-25 17:30:00,1669.72916666667,-16.8902942258845,0.116105717998682,0.116102171322152
2021-09-25 18:00:00,1669.75,-17.1190275709273,0.0799528846419317,0.0799493374392317
2021-09-25 18:30:00,1669.77083333333,-16.4138260971014,0.192576595114344,0.192573047385897
2021-09-25 19:00:00,1669.79166666667,-15.8698156480447,0.279522519897581,0.279518971643805
2021-09-25 20:00:00,1669.83333333333,-15.8585027802607,0.281894189894533,0.281890640591358
2021-09-25 20:30:00,1669.85416666667,-15.3507894488722,0.363058136912724,0.363054587085483
2021-09-25 21:00:00,1669.875,-15.4382246246377,0.349414561040411,0.349411010689518
2021-09-25 21:30:00,1669.89583333333,-15.3453482197393,0.364494808383836,0.364491257509717
2021-09-25 22:30:00,1669.9375,-14.2817802674115,0.534492061116656,0.534488509197339
2021-09-25 23:00:00,1669.95833333333,-15.8883683967419,0.278846572169339,0.278843019728054
2021-09-25 23:30:00,1669.97916666667,-15.9290072608696,0.272657979632448,0.272654426669618
2021-09-26,1670,-15.8208675264925,0.290169983536767,0.290166430052806
2021-09-26 01:00:00,1670.04166666667,-16.0864599469274,0.248431633041084,0.248428078516131
2021-09-26 01:30:00,1670.0625,-15.8473584157895,0.286806122678205,0.286802567633385
2021-09-26 02:00:00,1670.08333333333,-15.8418768507246,0.287964844006339,0.287961288442072
2021-09-26 02:30:00,1670.10416666667,-16.1182308791434,0.244227013086944,0.244223457003654
2021-09-26 03:30:00,1670.14583333333,-15.8504282757914,0.287459463209542,0.287455906089462
2021-09-26 04:00:00,1670.16666666667,-15.5925663974937,0.3288227853604,0.328819227722555
2021-09-26 04:30:00,1670.1875,-15.6017971094203,0.327638126071952,0.327634567916762
2021-09-26 05:00:00,1670.20833333333,-15.5953631171322,0.328948924373588,0.328945365701475
2021-09-26 06:00:00,1670.25,-15.9222205852336,0.277452190490325,0.277448630785628
2021-09-26 07:00:00,1670.29166666667,-16.3625263385965,0.20788329931163,0.207879738576033
2021-09-26 07:30:00,1670.3125,-16.2394058123188,0.227782640386249,0.227779079135832
2021-09-26 08:00:00,1670.33333333333,-16.2910372569832,0.219843926404455,0.219840364639639
2021-09-26 09:00:00,1670.375,-16.1508867777358,0.24274259823829,0.242739035445937
2021-09-26 09:30:00,1670.39583333333,-16.0140576443609,0.264825965178013,0.264822401872527
2021-09-26 10:00:00,1670.41666666667,-16.0018551362319,0.267056280304205,0.267052716486002
2021-09-26 10:30:00,1670.4375,-16.1413165882682,0.245126476806183,0.245122912475685
2021-09-26 11:30:00,1670.47916666667,-16.231765389013,0.23129110484263,0.231287539488808
2021-09-26 12:00:00,1670.5,-16.1782562505025,0.240101829930827,0.24009826406597
2021-09-26 12:30:00,1670.52083333333,-16.1543623978261,0.244194877286385,0.244191310910919
2021-09-26 13:00:00,1670.54166666667,-16.278659190689,0.224681107336159,0.224677540450504
2021-09-26 14:00:00,1670.58333333333,-16.2769851145251,0.225521559954263,0.225517992049491
2021-09-26 14:30:00,1670.60416666667,-18.2870751809524,-0.094400251024097,-0.0944038194377934
2021-09-26 15:00:00,1670.625,-18.3200435094203,-0.0993650979896921,-0.0993686669118969
2021-09-26 15:30:00,1670.64583333333,-17.2281420592523,0.0748626728707732,0.0748591034404869
2021-09-26 16:30:00,1670.6875,-17.676065190689,0.00408255165014737,0.00407898120495598
2021-09-26 17:00:00,1670.70833333333,-18.7535538513784,-0.167274897911862,-0.167278468863874
2021-09-26 17:30:00,1670.72916666667,-18.7443332934783,-0.16551873428037,-0.165522305738778
2021-09-26 18:00:00,1670.75,-19.321675964432,-0.257202454111088,-0.257206026075477
2021-09-26 19:00:00,1670.79166666667,-19.0035381469274,-0.205947937949287,-0.205951510924366
2021-09-26 19:30:00,1670.8125,-18.5532932483709,-0.133936049672682,-0.133939623152474
2021-09-26 20:00:00,1670.83333333333,-17.6223230453846,0.0146557810439856,0.0146522070599041
2021-09-26 20:30:00,1670.85416666667,-17.9759739376164,-0.0413933888382504,-0.041396963326203
2021-09-26 21:30:00,1670.89583333333,-16.9776089255121,0.118222384459411,0.118218808964981
2021-09-26 22:00:00,1670.91666666667,-17.3690200917085,0.0561581493553963,0.0561545733583605
2021-09-26 22:30:00,1670.9375,-17.4694637224638,0.0404453083038913,0.0404417318046709
2021-09-26 23:00:00,1670.95833333333,-17.5613351808194,0.0260980781323507,0.0260945011313701
2021-09-27,1671,-16.9069348096834,0.130920615416006,0.130917037412761
2021-09-27 00:30:00,1671.02083333333,-17.2640125210526,0.0743260124710386,0.074322433967299
2021-09-27 01:00:00,1671.04166666667,-17.280057973913,0.0720581495556763,0.0720545705518604
2021-09-27 01:30:00,1671.0625,-16.9532495258845,0.124407215565803,0.124403636062332
2021-09-27 02:30:00,1671.10416666667,-16.8904197429104,0.134992710659451,0.13498913015794
2021-09-27 03:00:00,1671.125,-17.1526967385965,0.0935002168154273,0.0934966358155241
2021-09-27 03:30:00,1671.14583333333,-17.2039347956522,0.0856264340647585,0.0856228525668911
2021-09-27 04:00:00,1671.16666666667,-17.2851284875233,0.0729807546029262,0.0729771726075135
2021-09-27 05:00:00,1671.20833333333,-17.1494841605214,0.0951662319945351,0.0951626490053004
2021-09-27 05:30:00,1671.22916666667,-17.2198621358396,0.0842436756513593,0.0842400921658452
2021-09-27 06:00:00,1671.25,-17.3165579688406,0.0691287229457886,0.0691251389644171
2021-09-27 07:00:00,1671.29166666667,-17.2362713858736,0.0824961295420294,0.0824925445702089
2021-09-27 08:00:00,1671.33333333333,-17.2109758276952,0.0871036548423123,0.0871000688817344
2021-09-27 08:30:00,1671.35416666667,-17.3059448581454,0.0722640683298217,0.0722604818754968
2021-09-27 09:00:00,1671.375,-17.3220143640288,0.0699932894147815,0.0699897024671317
2021-09-27 09:30:00,1671.39583333333,-17.3925102972067,0.0590523986523165,0.059048811211764
2021-09-27 10:30:00,1671.4375,-17.222891927112,0.0866512203548232,0.0866476319297319
2021-09-27 11:00:00,1671.45833333333,-16.9658290869347,0.127890846786152,0.127887257869428
2021-09-27 11:30:00,1671.47916666667,-16.8535179848921,0.146071474657414,0.146067885249476
2021-09-27 12:00:00,1671.5,-16.4752100048327,0.206625652010368,0.206622062111638
2021-09-27 13:00:00,1671.54166666667,-16.2404219518587,0.244606618242197,0.244603027363153
2021-09-27 13:30:00,1671.5625,-16.7003533884712,0.171628827467593,0.171625236099024
2021-09-27 14:00:00,1671.58333333333,-16.6336114748201,0.182550534337834,0.182546942480166
2021-09-27 14:30:00,1671.60416666667,-16.5086728657993,0.202743072912072,0.202739480565725
2021-09-27 15:30:00,1671.64583333333,-16.2129126446097,0.250437514732387,0.250433921409949
2021-09-27 16:00:00,1671.66666666667,-15.7776165471178,0.320070392412971,0.320066798603121
2021-09-27 16:30:00,1671.6875,-15.6953669093525,0.333462773162628,0.333459178865788
2021-09-27 17:00:00,1671.70833333333,-15.6494609537175,0.341065635735035,0.341062040951632
2021-09-27 18:00:00,1671.75,-16.5562249600372,0.197197672537813,0.197194076782543
2021-09-27 18:30:00,1671.77083333333,-16.6529799468672,0.182074713878506,0.182071117637937
2021-09-27 19:00:00,1671.79166666667,-16.3806617482014,0.225745433622011,0.22574183689657
2021-09-27 19:30:00,1671.8125,-16.6298661842007,0.186337281148672,0.186333683938775
2021-09-27 20:30:00,1671.85416666667,-15.5981264286245,0.351274914404454,0.35127131622692
2021-09-27 21:00:00,1671.875,-15.0567995047619,0.437799140772838,0.437795542112119
2021-09-27 21:30:00,1671.89583333333,-14.9139208633094,0.460850327040237,0.460846727896756
2021-09-27 22:00:00,1671.91666666667,-14.829899647026,0.474525539403768,0.47452193977795
2021-09-27 23:00:00,1671.95833333333,-14.6956059466543,0.496499934783103,0.496496334193875
2021-09-27 23:30:00,1671.97916666667,-14.7468646423559,0.488625128228548,0.488621527158249
2021-09-28,1672,-14.7638846064103,0.486204631929521,0.486201030378574
2021-09-28 00:30:00,1672.02083333333,-14.8967602193309,0.465328303773725,0.465324701742553
2021-09-28 01:30:00,1672.0625,-14.7800799223048,0.484497429594591,0.484493826604238
2021-09-28 02:00:00,1672.08333333333,-14.7523984957393,0.489198119739766,0.489194516270461
2021-09-28 02:30:00,1672.10416666667,-14.7253165201439,0.493803372567432,0.493799768619593
2021-09-28 03:00:00,1672.125,-14.7844599476723,0.484672912672741,0.484669308246792
2021-09-28 04:00:00,1672.16666666667,-14.8119386511152,0.480877963018013,0.480874357637117
2021-09-28 04:30:00,1672.1875,-14.7731603992481,0.487346663242312,0.487343057384573
2021-09-28 05:00:00,1672.20833333333,-14.7470575338129,0.491796220813782,0.491792614479628
2021-09-28 05:30:00,1672.22916666667,-14.5878698836431,0.517446335123975,0.517442728313826
2021-09-28 07:00:00,1672.29166666667,-14.7673228328386,0.489733907904864,0.489730299669276
2021-09-28 07:30:00,1672.3125,-14.9296340964912,0.464169236828186,0.464165628118294
2021-09-28 08:00:00,1672.33333333333,-14.9996285735714,0.453310751062823,0.453307141879056
2021-09-28 08:30:00,1672.35416666667,-15.0014285834879,0.453315747851535,0.453312138194314
2021-09-28 09:30:00,1672.39583333333,-15.0237068816327,0.450350443803227,0.450346833200367
2021-09-28 10:00:00,1672.41666666667,-14.8885000193467,0.472180898622961,0.472177287547919
2021-09-28 10:30:00,1672.4375,-14.8536428307143,0.478025633771161,0.478022022224356
2021-09-28 11:00:00,1672.45833333333,-14.7929319597938,0.487988933998441,0.487985321980302
2021-09-28 12:00:00,1672.5,-14.6204545519481,0.516048903428596,0.516045290469052
2021-09-28 12:30:00,1672.52083333333,-14.4541253323308,0.542837446900563,0.542833833470952
2021-09-28 13:00:00,1672.54166666667,-14.4272213692857,0.547415502231119,0.547411888331867
2021-09-28 13:30:00,1672.5625,-14.0292114920223,0.611111049721488,0.611107435353017
2021-09-28 14:30:00,1672.60416666667,-13.9289511071429,0.627667344253523,0.627663728947883
2021-09-28 15:00:00,1672.625,-13.6725431682741,0.668805766026482,0.668802150252896
2021-09-28 15:30:00,1672.64583333333,-13.6272713735714,0.67631010383146,0.676306487590347
2021-09-28 16:00:00,1672.66666666667,-13.3755347071295,0.716704497887554,0.716700881179341
2021-09-28 17:00:00,1672.70833333333,-13.7438389350187,0.658618661357573,0.658615043716429
2021-09-28 17:30:00,1672.72916666667,-13.7329593956853,0.660644506642849,0.660640888535874
2021-09-28 18:00:00,1672.75,-13.8400571228571,0.643876543556444,0.643872924984066
2021-09-28 18:30:00,1672.77083333333,-13.8213558110487,0.647148511730263,0.647144892692902
2021-09-28 19:30:00,1672.8125,-13.3955281041198,0.715569004632189,0.715565384666134
2021-09-28 20:00:00,1672.83333333333,-13.3735202992386,0.719367862649568,0.719364242219802
2021-09-28 20:30:00,1672.85416666667,-13.3894713935714,0.717119895199287,0.717116274306233
2021-09-28 21:00:00,1672.875,-13.4573745205993,0.706595986080482,0.706592364724568
2021-09-28 22:00:00,1672.91666666667,-14.0254709196998,0.61668420146345,0.616680579183081
2021-09-28 22:30:00,1672.9375,-14.8597817088832,0.484071166649782,0.484067543907821
2021-09-28 23:00:00,1672.95833333333,-14.9731357207143,0.466307115788041,0.466303492584913
2021-09-28 23:30:00,1672.97916666667,-15.420692894382,0.395304316497621,0.39530069283375
2021-09-29 00:30:00,1673.02083333333,-16.1760337307116,0.275564900185968,0.275561275601885
2021-09-29 01:00:00,1673.04166666667,-16.3162487068528,0.253522094599011,0.253518469555456
2021-09-29 01:30:00,1673.0625,-16.4231785778571,0.236781683973352,0.236778058470749
2021-09-29 02:00:00,1673.08333333333,-16.5356366765918,0.219160676609173,0.219157050647947
2021-09-29 03:00:00,1673.125,-16.8346904,0.172108662537094,0.172105035659897
2021-09-29 03:30:00,1673.14583333333,-17.7679264091371,0.0237373089504058,0.023733681615859
2021-09-29 04:00:00,1673.16666666667,-17.7934857085714,0.0199595575952616,0.0199559298037884
2021-09-29 04:30:00,1673.1875,-18.9539681533708,-0.164612208145399,-0.164615836393372
2021-09-29 05:30:00,1673.22916666667,-19.6242415855805,-0.270799249907133,-0.27080287906684
2021-09-29 06:30:00,1673.27083333333,-20.2459097406015,-0.369243221925987,-0.369246851995725
2021-09-29 07:00:00,1673.29166666667,-20.5095714328571,-0.410950532966199,-0.410954163490317
2021-09-29 07:30:00,1673.3125,-20.798020406679,-0.456606422198143,-0.456610053176216
2021-09-29 08:30:00,1673.35416666667,-20.4398773503717,-0.398965340266223,-0.398968972150938
2021-09-29 09:00:00,1673.375,-20.4489498581454,-0.400116198611728,-0.400119830949123
2021-09-29 09:30:00,1673.39583333333,-20.0335500335714,-0.33364825775684,-0.333651890546493
2021-09-29 10:00:00,1673.41666666667,-20.7311539699443,-0.444482558100405,-0.444486191341892
2021-09-29 11:00:00,1673.45833333333,-20.895215245269,-0.470028466317386,-0.470032100461269
2021-09-29 11:30:00,1673.47916666667,-20.7398120293233,-0.444977958094134,-0.444981592688576
2021-09-29 12:00:00,1673.5,-20.6198642707143,-0.425575476426072,-0.425579111470648
2021-09-29 12:30:00,1673.52083333333,-21.0833877447124,-0.499120325970307,-0.499123961464594
2021-09-29 13:30:00,1673.5625,-20.6722021992579,-0.433028473392547,-0.433032109784981
2021-09-29 14:00:00,1673.58333333333,-21.1478947498747,-0.508511706471802,-0.508515343312676
2021-09-29 14:30:00,1673.60416666667,-20.784621495,-0.450347034254344,-0.450350671543231
2021-09-29 15:00:00,1673.625,-20.8926994651206,-0.467268896103292,-0.467272533839765
2021-09-29 16:00:00,1673.66666666667,-20.5537606749536,-0.412685473994496,-0.412689112624872
2021-09-29 16:30:00,1673.6875,-20.7096065077694,-0.437216632006845,-0.437220271083532
2021-09-29 17:00:00,1673.70833333333,-20.9527214621429,-0.475649770689424,-0.475653410212004
2021-09-29 17:30:00,1673.72916666667,-20.265849761039,-0.365935317854844,-0.365938957822885
2021-09-29 18:30:00,1673.77083333333,-19.0112461341085,-0.165485305518621,-0.165488946376317
2021-09-29 19:00:00,1673.79166666667,-19.5141227927318,-0.245298458665518,-0.245302099967405
2021-09-29 19:30:00,1673.8125,-18.9834822617021,-0.160471532368411,-0.16047517411406
2021-09-29 20:00:00,1673.83333333333,-19.0638203948148,-0.172973891351687,-0.17297753354068
2021-09-29 21:00:00,1673.875,-19.3032241016667,-0.210519789430013,-0.210523432504409
2021-09-29 21:30:00,1673.89583333333,-18.7174862290727,-0.116915607354304,-0.116919250870767
2021-09-29 22:00:00,1673.91666666667,-18.6569362099291,-0.106974173260082,-0.106977817218185
2021-09-29 22:30:00,1673.9375,-18.2902298140426,-0.0482617572267494,-0.0482654016260659
2021-09-29 23:30:00,1673.97916666667,-18.6716925872222,-0.108437242489704,-0.108440887770178
2021-09-30,1674,-18.9959448090226,-0.1597948712262,-0.159798516946615
2021-09-30 00:30:00,1674.02083333333,-18.7519929808511,-0.120637136567349,-0.12064078272728
2021-09-30 01:00:00,1674.04166666667,-19.4771298439703,-0.235855870802475,-0.235859517401497
2021-09-30 02:00:00,1674.08333333333,-19.5348981616667,-0.244466076288547,-0.244469723764476
2021-09-30 02:30:00,1674.10416666667,-20.0138190628141,-0.320462275606473,-0.320465923520214
2021-09-30 03:00:00,1674.125,-19.9342837085106,-0.307495942351955,-0.307499590703087
2021-09-30 03:30:00,1674.14583333333,-19.9169444890741,-0.304437445866387,-0.304441094654484
2021-09-30 04:30:00,1674.1875,-19.6261907198148,-0.25752731403755,-0.2575309636983
2021-09-30 05:00:00,1674.20833333333,-19.692872137594,-0.267853209446067,-0.26785685954251
2021-09-30 05:30:00,1674.22916666667,-19.6104326737589,-0.254423990040231,-0.254427640571935
2021-09-30 06:30:00,1674.27083333333,-19.9133556311111,-0.302086570533149,-0.302090221934107
2021-09-30 08:30:00,1674.35416666667,-19.7750606323232,-0.278868932185637,-0.278872585319996
2021-09-30 09:00:00,1674.375,-19.6802909685912,-0.263475141522781,-0.263478795089427
2021-09-30 10:00:00,1674.41666666667,-19.4255476762617,-0.222300367520539,-0.222304021950485
2021-09-30 11:00:00,1674.45833333333,-20.2120783535448,-0.347001075268122,-0.347004730559665
2021-09-30 11:30:00,1674.47916666667,-20.886161669697,-0.454085856586709,-0.45408951230841
2021-09-30 12:00:00,1674.5,-21.1097018057339,-0.489398736034341,-0.489402392185777
2021-09-30 12:30:00,1674.52083333333,-21.5944664546642,-0.566324815783287,-0.566328472364033
2021-09-30 13:30:00,1674.5625,-22.2852779789179,-0.675776881092248,-0.675780538530334
2021-09-30 14:00:00,1674.58333333333,-22.9419696858586,-0.780090910441501,-0.780094568307623
2021-09-30 14:30:00,1674.60416666667,-22.5539733842667,-0.71798534236014,-0.717989000653867
2021-09-30 15:00:00,1674.625,-23.4610505365169,-0.862185849865002,-0.862189508585911
2021-09-30 16:00:00,1674.66666666667,-22.4369832024254,-0.698455976512527,-0.698459636086524
2021-09-30 16:30:00,1674.6875,-24.0248485121212,-0.951106370967986,-0.951110030967885
2021-09-30 17:00:00,1674.70833333333,-23.2313478359268,-0.824403411183974,-0.824407071609353
2021-09-30 17:30:00,1674.72916666667,-23.6631828145522,-0.892897245957059,-0.892900906807492
2021-09-30 18:30:00,1674.77083333333,-23.2180149848598,-0.821385968197628,-0.821389629896892
2021-09-30 19:00:00,1674.79166666667,-22.8869596131313,-0.768350672530783,-0.768354334653825
2021-09-30 19:30:00,1674.8125,-22.5009045162291,-0.706553830597456,-0.706557493143846
2021-09-30 20:00:00,1674.83333333333,-23.5094504990654,-0.866917886560859,-0.866921549530175
2021-09-30 21:00:00,1674.875,-22.4799197923507,-0.702316677660988,-0.702320341474878
2021-09-30 21:30:00,1674.89583333333,-22.7730605818182,-0.748716023198505,-0.748719687434043
2021-09-30 22:00:00,1674.91666666667,-22.8382430949541,-0.758801401862686,-0.758805066519448
2021-09-30 22:30:00,1674.9375,-23.0199067061567,-0.78744225217412,-0.787445917251676
2021-09-30 23:30:00,1674.97916666667,-22.6288747272897,-0.724553841571873,-0.724557507489745
2021-10-01,1675,-22.8859493545455,-0.765207569318664,-0.765211235656055
2021-10-01 00:30:00,1675.02083333333,-22.5449496155606,-0.710587572771311,-0.710591239527796
2021-10-01 01:00:00,1675.04166666667,-23.0182219714552,-0.785681652504621,-0.785685319679774
2021-10-01 02:00:00,1675.08333333333,-23.0071194123134,-0.783315766551232,-0.783319434562439
2021-10-01 02:30:00,1675.10416666667,-22.4121818181818,-0.688243087151653,-0.688246755580251
2021-10-01 03:00:00,1675.125,-22.1064805519451,-0.63924591130826,-0.639249580153817
2021-10-01 03:30:00,1675.14583333333,-22.3160988912313,-0.672339466747311,-0.67234313600941
2021-10-01 04:30:00,1675.1875,-22.3841585729478,-0.682583680830766,-0.682587350924661
2021-10-01 05:00:00,1675.20833333333,-22.3297574787879,-0.67361860168687,-0.673622272196024
2021-10-01 05:30:00,1675.22916666667,-22.0424073290618,-0.627544521545098,-0.627548192469086
2021-10-01 06:00:00,1675.25,-21.9688955223881,-0.615534992323588,-0.615538663661981
2021-10-01 07:00:00,1675.29166666667,-22.2411679048507,-0.658309935981777,-0.658313608147711
2021-10-01 07:30:00,1675.3125,-22.3980000272727,-0.682994209683143,-0.682997882262204
2021-10-01 08:00:00,1675.33333333333,-21.9131281558352,-0.605454528806908,-0.605458201798673
2021-10-01 08:30:00,1675.35416666667,-22.0299420457944,-0.623763769945301,-0.623767443349344
2021-10-01 10:00:00,1675.41666666667,-21.7946815765363,-0.585388425942745,-0.585392100581064
2021-10-01 10:30:00,1675.4375,-22.0446868070707,-0.624914944207176,-0.624918619256065
2021-10-01 11:00:00,1675.45833333333,-21.7780549221968,-0.582140751235811,-0.582144426694847
2021-10-01 11:30:00,1675.47916666667,-22.1287783914339,-0.637711657826381,-0.637715333695138
2021-10-01 12:30:00,1675.52083333333,-21.8522401741155,-0.593059588410352,-0.593063265097271
2021-10-01 13:00:00,1675.54166666667,-22.3216464949495,-0.667536609750051,-0.667540286845413
2021-10-01 13:30:00,1675.5625,-21.987981752968,-0.614083787534828,-0.614087465038203
2021-10-01 14:00:00,1675.58333333333,-22.1782793143389,-0.644098485347958,-0.644102163258923
2021-10-01 15:00:00,1675.625,-23.0226816178771,-0.778012548494303,-0.778016227219164
2021-10-01 15:30:00,1675.64583333333,-22.5939796949495,-0.709420038367858,-0.709423717499033
2021-10-01 16:00:00,1675.66666666667,-22.2242489212329,-0.650221625280339,-0.650225304817396
2021-10-01 16:30:00,1675.6875,-23.7887151115456,-0.899142121630292,-0.899145801572806
2021-10-01 17:30:00,1675.72916666667,-23.8964022163873,-0.915696435632424,-0.915700116384575
2021-10-01 18:00:00,1675.75,-23.5060100989899,-0.853206459428963,-0.853210140585291
2021-10-01 18:30:00,1675.77083333333,-22.4344177689498,-0.682200753577945,-0.682204435138028
2021-10-01 19:00:00,1675.79166666667,-21.3600279735075,-0.510749360548164,-0.51075304251157
2021-10-01 20:00:00,1675.83333333333,-20.5233649944134,-0.376867541732452,-0.376871224501231
2021-10-01 20:30:00,1675.85416666667,-21.5566666969697,-0.541172763923964,-0.54117644709479
2021-10-01 21:00:00,1675.875,-20.2451095833333,-0.331940252244037,-0.33194393581648
2021-10-01 21:30:00,1675.89583333333,-19.100702038175,-0.149334737521278,-0.149338421494918
2021-10-01 22:30:00,1675.9375,-19.2855400538175,-0.178178269466436,-0.178181954241181
2021-10-01 23:00:00,1675.95833333333,-18.6060909313131,-0.0696408177230153,-0.0696445028976753
2021-10-01 23:30:00,1675.97916666667,-18.281020572831,-0.0175561077373118,-0.0175597933114596
2021-10-02,1676,-18.2995046446927,-0.020199815457789,-0.0202035014309952
2021-10-02 01:00:00,1676.04166666667,-19.0618901256983,-0.141046585606521,-0.14105027237657
2021-10-02 01:30:00,1676.0625,-18.920262769697,-0.118184283014577,-0.118187970182407
2021-10-02 02:00:00,1676.08333333333,-18.7930228244292,-0.0976138568322795,-0.0976175443974654
2021-10-02 02:30:00,1676.10416666667,-19.2672216309125,-0.172853005236371,-0.172856693198485
2021-10-02 03:30:00,1676.14583333333,-20.2003910821229,-0.320905300059882,-0.320908988814574
2021-10-02 04:00:00,1676.16666666667,-20.1760201323232,-0.316721785146414,-0.316725474296751
2021-10-02 04:30:00,1676.1875,-20.0828401,-0.301576886006518,-0.301580575552077
2021-10-02 05:00:00,1676.20833333333,-20.3689496826493,-0.346853045406699,-0.346856735347053
2021-10-02 06:00:00,1676.25,-20.3943128031657,-0.350290661127423,-0.350294351856086
2021-10-02 06:30:00,1676.27083333333,-20.6164747121212,-0.385379766131905,-0.385383457254086
2021-10-02 07:00:00,1676.29166666667,-20.5003630248858,-0.366581597513083,-0.366585289028349
2021-10-02 07:30:00,1676.3125,-20.2882178407821,-0.332485176239543,-0.332488868147471
2021-10-02 08:30:00,1676.35416666667,-20.3184413163873,-0.336696570036726,-0.336700262728697
2021-10-02 09:30:00,1676.39583333333,-20.1768484767677,-0.313537310592687,-0.313541004066995
2021-10-02 10:00:00,1676.41666666667,-19.9874122870159,-0.28305820904261,-0.283061902907443
2021-10-02 10:30:00,1676.4375,-20.0437434886617,-0.291729980825654,-0.291733675080587
2021-10-02 11:30:00,1676.47916666667,-19.8545232374302,-0.260983258716911,-0.260986953750767
2021-10-02 12:00:00,1676.5,-19.7351211191919,-0.241660444058423,-0.241664139481096
2021-10-02 12:30:00,1676.52083333333,-19.3635854428246,-0.18217252582203,-0.1821762216331
2021-10-02 13:00:00,1676.54166666667,-19.0844460968401,-0.137403361491617,-0.137407057690652
2021-10-02 14:00:00,1676.58333333333,-19.6901040986989,-0.233280837421486,-0.233284534395174
2021-10-02 14:30:00,1676.60416666667,-20.5959899020202,-0.377286883786821,-0.377290581147195
2021-10-02 15:00:00,1676.625,-20.2206446571754,-0.317191861199264,-0.317195558945895
2021-10-02 15:30:00,1676.64583333333,-18.7016765782528,-0.0749168565382847,-0.074920554670748
2021-10-02 16:30:00,1676.6875,-18.539771382342,-0.0485204927808554,-0.0485241916837034
2021-10-02 17:00:00,1676.70833333333,-18.3749496,-0.0219618190135956,-0.0219655183009954
2021-10-02 17:30:00,1676.72916666667,-18.2570342041002,-0.00287531892353121,-0.00287901859505596
2021-10-02 18:00:00,1676.75,-17.3611245304833,0.140146272735204,0.140142572679984
2021-10-02 19:00:00,1676.79166666667,-16.4720055762082,0.282388779710839,0.282385078889504
2021-10-02 19:30:00,1676.8125,-17.0324242515152,0.193416365935515,0.193412664731764
2021-10-02 20:00:00,1676.83333333333,-16.7626992872437,0.236686474184889,0.236682772599147
2021-10-02 20:30:00,1676.85416666667,-16.612169152974,0.260968807807121,0.260965105839816
2021-10-02 21:30:00,1676.89583333333,-15.6523457174721,0.414475059064211,0.414471356335064
2021-10-02 22:00:00,1676.91666666667,-15.7853636878788,0.393588117662248,0.393584414552819
2021-10-02 22:30:00,1676.9375,-15.683849677221,0.410062335258183,0.4100586317689
2021-10-02 23:00:00,1676.95833333333,-15.451161722119,0.447432702718708,0.447428998849997
2021-10-03,1677,-15.5025065268156,0.439859598674162,0.43985589404788
2021-10-03 00:30:00,1677.02083333333,-15.7027879010101,0.408257782667862,0.408254077663434
2021-10-03 01:00:00,1677.04166666667,-15.6233203645309,0.421220214664691,0.421216509282543
2021-10-03 01:30:00,1677.0625,-15.7311147988327,0.404351727478234,0.404348021718796
2021-10-03 02:30:00,1677.10416666667,-16.1501431457249,0.338206838423855,0.338203131911111
2021-10-03 03:00:00,1677.125,-16.3258383777778,0.310521845145366,0.310518138256614
2021-10-03 03:30:00,1677.14583333333,-16.261332584738,0.321101093241155,0.32109738597682
2021-10-03 04:00:00,1677.16666666667,-16.1822420735568,0.334003743746854,0.334000036107363
2021-10-03 05:00:00,1677.20833333333,-16.2076972125234,0.330555812036746,0.330552103648223
2021-10-03 05:30:00,1677.22916666667,-16.3990403111111,0.300378334180241,0.300374625417843
2021-10-03 06:00:00,1677.25,-16.3484373535308,0.308743082200781,0.308739373064939
2021-10-03 06:30:00,1677.27083333333,-16.3853067423792,0.303173469119411,0.303169759610548
2021-10-03 07:30:00,1677.3125,-16.3986722528864,0.301651885986785,0.301648175733165
2021-10-03 08:00:00,1677.33333333333,-16.4755859,0.289703332293071,0.289699621667709
2021-10-03 08:30:00,1677.35416666667,-16.359004598627,0.308578708204462,0.308574997207789
2021-10-03 09:30:00,1677.39583333333,-16.5532788050186,0.278238608835935,0.278234897097923
2021-10-03 10:30:00,1677.4375,-16.4219235289179,0.299771702408965,0.299767989931324
2021-10-03 11:00:00,1677.45833333333,-16.3639796868687,0.309306318749013,0.309302605902194
2021-10-03 11:30:00,1677.47916666667,-16.3081708350797,0.318500875418477,0.31849716220291
2021-10-03 12:00:00,1677.5,-16.1843158790654,0.338535270882086,0.338531557298201
2021-10-03 13:00:00,1677.54166666667,-15.8491641339623,0.392533745442757,0.392530031123513
2021-10-03 13:30:00,1677.5625,-15.7584747353535,0.407284980970783,0.407281266284503
2021-10-03 14:00:00,1677.58333333333,-15.6428724198178,0.426004907576885,0.42600119252399
2021-10-03 14:30:00,1677.60416666667,-15.7855951432836,0.40357351643738,0.403569801018305
2021-10-03 15:30:00,1677.64583333333,-15.8940521307263,0.3869052587855,0.386901542635339
2021-10-03 16:00:00,1677.66666666667,-16.0019696444444,0.370018498905508,0.370014782390445
2021-10-03 16:30:00,1677.6875,-15.6018063883827,0.434069414145583,0.434065697266049
2021-10-03 17:00:00,1677.70833333333,-15.3096468496283,0.480915305412215,0.480911588168631
2021-10-03 18:00:00,1677.75,-14.3829925597765,0.62914146787571,0.629137749905316
2021-10-03 18:30:00,1677.77083333333,-14.6758080919192,0.582800548206933,0.582796829873775
2021-10-03 19:00:00,1677.79166666667,-14.5033981437071,0.610570425232754,0.610566706537258
2021-10-03 19:30:00,1677.8125,-14.5488828944238,0.603629566188038,0.603625847130635
2021-10-03 20:30:00,1677.85416666667,-14.5244219260223,0.608136139812415,0.608132420032474
2021-10-03 21:00:00,1677.875,-14.5648282323232,0.602004415895107,0.602000695754539
2021-10-03 21:30:00,1677.89583333333,-14.5399336601831,0.60627521360104,0.606271493100272
2021-10-03 22:00:00,1677.91666666667,-14.3140802119403,0.642558948861547,0.642555228001005
2021-10-03 23:00:00,1677.95833333333,-14.2135984888476,0.659176133065751,0.659172411486946
2021-10-03 23:30:00,1677.97916666667,-14.3971413959596,0.630242871074957,0.630239149137666
2021-10-04,1678,-14.4979928046763,0.614482468698073,0.614478746402719
2021-10-04 00:30:00,1678.02083333333,-14.8541914477695,0.558045114198845,0.558041391545856
2021-10-04 01:30:00,1678.0625,-14.9457057681564,0.544077639550682,0.544073916183707
2021-10-04 02:00:00,1678.08333333333,-15.3279798171717,0.483486588383755,0.483482864660425
2021-10-04 02:30:00,1678.10416666667,-15.4368086617312,0.466455598325538,0.466451874246285
2021-10-04 03:00:00,1678.125,-16.1568810066914,0.352053126443698,0.352049402008947
2021-10-04 04:00:00,1678.16666666667,-16.3694088862454,0.318808551462028,0.318804826317565
2021-10-04 04:30:00,1678.1875,-16.5821818141414,0.285219372783093,0.285215647284418
2021-10-04 05:00:00,1678.20833333333,-16.6070387617312,0.28156538848972,0.281561662637254
2021-10-04 05:30:00,1678.22916666667,-16.9209516827138,0.231864625468499,0.231860899262677
2021-10-04 06:30:00,1678.27083333333,-17.1948364392193,0.188846300303153,0.188842573391893
2021-10-04 07:00:00,1678.29166666667,-17.4472728444444,0.148938923128401,0.148935195865064
2021-10-04 07:30:00,1678.3125,-17.5646241535308,0.130550742541696,0.130547014926712
2021-10-04 08:00:00,1678.33333333333,-18.7704294165428,-0.0612288865274126,-0.0612326144936208
2021-10-04 09:30:00,1678.39583333333,-20.5689221025974,-0.346811758793983,-0.346815487811288
2021-10-04 10:00:00,1678.41666666667,-20.7308484858586,-0.372300559940181,-0.372304289306998
2021-10-04 10:30:00,1678.4375,-20.8026204827273,-0.383427658904294,-0.383431388620191
2021-10-04 11:00:00,1678.45833333333,-21.7627254443414,-0.536066790000874,-0.536070520065428
2021-10-04 12:00:00,1678.5,-21.0782634621521,-0.426418824592001,-0.426422555352584
2021-10-04 12:30:00,1678.52083333333,-20.3542828646465,-0.310781790992682,-0.310785522100639
2021-10-04 13:00:00,1678.54166666667,-20.3475091086364,-0.309396275960279,-0.309400007415181
2021-10-04 13:30:00,1678.5625,-19.6612152562152,-0.199762680207401,-0.199766412008818
2021-10-04 14:30:00,1678.60416666667,-18.9424941235294,-0.0846567697578835,-0.0846605022510533
2021-10-04 15:00:00,1678.625,-18.5436666070707,-0.0208166356800427,-0.0208203685184475
2021-10-04 15:30:00,1678.64583333333,-18.5324317815909,-0.0187202506419706,-0.0187239838251824
2021-10-04 16:00:00,1678.66666666667,-18.3482857168831,0.0109210619420414,0.01091732841445
2021-10-04 17:00:00,1678.70833333333,-18.047389564193,0.0594675904154657,0.0594638562004014
2021-10-04 17:30:00,1678.72916666667,-17.7809393676768,0.102220140493342,0.102216405935181
2021-10-04 18:00:00,1678.75,-17.7692954495455,0.104381911751855,0.104378176851026
2021-10-04 18:30:00,1678.77083333333,-17.5381521187384,0.141510139682383,0.141506404439312
2021-10-04 19:30:00,1678.8125,-17.3008701415584,0.179923318491987,0.17991958256572
2021-10-04 20:00:00,1678.83333333333,-17.4996161626263,0.148569995355904,0.14856625908868
2021-10-04 20:30:00,1678.85416666667,-17.5568750038636,0.139755724293769,0.139751987686016
2021-10-04 21:00:00,1678.875,-18.41875091171,0.00276542271054242,0.00276168576268626
2021-10-04 22:00:00,1678.91666666667,-17.980645369606,0.0731703709107132,0.0731666332839356
2021-10-04 22:30:00,1678.9375,-17.8572423757576,0.0931358317608245,0.093132093795231
2021-10-04 23:00:00,1678.95833333333,-17.8416431961364,0.0959281109881748,0.0959243726841899
2021-10-04 23:30:00,1678.97916666667,-18.1787180037106,0.042539215012355,0.0425354763704066
2021-10-05 00:30:00,1679.02083333333,-18.6164045048237,-0.0265697051051612,-0.0265734444217532
2021-10-05 01:00:00,1679.04166666667,-18.4416595042553,0.00157478881902495,0.00157104916575262
2021-10-05 01:30:00,1679.0625,-18.5011500306818,-0.00759456127014085,-0.00759830125966243
2021-10-05 02:00:00,1679.08333333333,-18.9823202440075,-0.08393774403467,-0.0839414843600162
2021-10-05 03:00:00,1679.125,-19.3937373281426,-0.148861499206412,-0.148865240202121
2021-10-05 03:30:00,1679.14583333333,-19.6218829617021,-0.184897557480737,-0.184901298810991
2021-10-05 04:00:00,1679.16666666667,-19.6195750379545,-0.184222156763581,-0.184225898427948
2021-10-05 04:30:00,1679.1875,-20.2153464756554,-0.278821183132072,-0.278824925130121
2021-10-05 05:30:00,1679.22916666667,-20.3008839106742,-0.291831651244612,-0.291835393908749
2021-10-05 06:00:00,1679.25,-20.1334894265957,-0.264857673378516,-0.264861416375053
2021-10-05 06:30:00,1679.27083333333,-20.4420954202273,-0.313710869337225,-0.313714612665739
2021-10-05 07:00:00,1679.29166666667,-20.32963980394,-0.295488607549255,-0.295492351209316
2021-10-05 08:00:00,1679.33333333333,-20.5962378653558,-0.337341738730352,-0.33734548305222
2021-10-05 09:00:00,1679.375,-20.7640404414141,-0.363456509404257,-0.363460254386219
2021-10-05 09:30:00,1679.39583333333,-20.7583886365909,-0.36224795974438,-0.362251705055753
2021-10-05 10:00:00,1679.41666666667,-21.0575287456401,-0.40959293761855,-0.409596683258903
2021-10-05 11:00:00,1679.45833333333,-21.1188868393321,-0.418750688954458,-0.418754435251483
2021-10-05 11:30:00,1679.47916666667,-21.2939595323232,-0.446331512566052,-0.446335259190773
2021-10-05 12:00:00,1679.5,-21.1638795809091,-0.425301259862347,-0.425305006814334
2021-10-05 12:30:00,1679.52083333333,-21.1597792671614,-0.424339611509251,-0.424343358788081
2021-10-05 13:30:00,1679.5625,-20.8961892573284,-0.381732477981635,-0.381736225912859
2021-10-05 17:00:00,1679.70833333333,-18.4828307330709,0.00487827344490321,0.00487452324376991
2021-10-05 17:30:00,1679.72916666667,-18.2121859905263,0.0483010571686285,0.0482973066449335
2021-10-05 18:00:00,1679.75,-17.9741521148423,0.0865289480183763,0.0865251971725505
2021-10-05 19:00:00,1679.79166666667,-18.3520556558442,0.0269466169899419,0.0269428655011322
2021-10-05 20:00:00,1679.83333333333,-18.1720370805195,0.0562418433995199,0.0562380912694379
2021-10-05 21:00:00,1679.875,-18.4709406172542,0.00924460040681474,0.00924084763717481
2021-10-05 21:30:00,1679.89583333333,-18.3578787505051,0.0275646504655482,0.0275608973767666
2021-10-05 22:00:00,1679.91666666667,-18.3731931811364,0.0254343058165782,0.025430552409089
2021-10-05 22:30:00,1679.9375,-18.1536660679035,0.0607144280903655,0.0607106743645936
2021-10-05 23:00:00,1679.95833333333,-18.1480074185529,0.0619251923596222,0.0619214383159954
2021-10-05 23:30:00,1679.97916666667,-18.2280504434343,0.0494836597656108,0.049479905404557
2021-10-06,1680,-18.2798627778364,0.0415393373845535,0.0415355827065036
2021-10-06 01:00:00,1680.04166666667,-18.329712477551,0.0342172066050785,0.0342134512943142
2021-10-06 01:30:00,1680.0625,-18.3342133749536,0.0338097528464055,0.0338059972199259
2021-10-06 02:00:00,1680.08333333333,-18.4391027598998,0.017410382170202,0.0174066262284348
2021-10-06 02:30:00,1680.10416666667,-18.44997143,0.0159886194047125,0.0159848631480858
2021-10-06 03:00:00,1680.125,-18.5828348797774,-0.00486695813472582,-0.00487071470578104
2021-10-06 03:30:00,1680.14583333333,-18.7259312477695,-0.0273526060903632,-0.0273563629754254
2021-10-06 04:00:00,1680.16666666667,-18.7670851671679,-0.0335987084073672,-0.0336024656060021
2021-10-06 04:30:00,1680.1875,-18.7661642614286,-0.0331422203242219,-0.0331459778360048
2021-10-06 05:00:00,1680.20833333333,-19.0026203825926,-0.0705000216104325,-0.0705037794349354
2021-10-06 05:30:00,1680.22916666667,-18.1566277544444,0.0645770770092065,0.0645733188724115
2021-10-06 06:00:00,1680.25,-19.0674160300752,-0.0802022371909853,-0.0802059956396415
2021-10-06 06:30:00,1680.27083333333,-19.0831702588652,-0.0824019475973509,-0.0824057063574464
2021-10-06 07:00:00,1680.29166666667,-19.1438851492593,-0.0917638830366174,-0.0917676421077182
2021-10-06 07:30:00,1680.3125,-19.0348741051852,-0.0740883153766189,-0.0740920747583002
2021-10-06 08:30:00,1680.35416666667,-19.1507193050125,-0.0919223564247826,-0.0919261164263411
2021-10-06 09:00:00,1680.375,-19.1298400728,-0.0882861282619452,-0.0882898885727973
2021-10-06 09:30:00,1680.39583333333,-19.1534496177239,-0.091736953797827,-0.091740714417548
2021-10-06 10:00:00,1680.41666666667,-19.204320881903,-0.0995305504409894,-0.0995343113691513
2021-10-06 10:30:00,1680.4375,-19.4096215162907,-0.131924815903742,-0.131928577139917
2021-10-06 11:00:00,1680.45833333333,-19.4180511007299,-0.132957342251164,-0.132961103794924
2021-10-06 11:30:00,1680.47916666667,-19.3883040757463,-0.127908267303717,-0.127912029154635
2021-10-06 12:00:00,1680.5,-19.2418476549356,-0.104267262106583,-0.104271024264226
2021-10-06 14:00:00,1680.58333333333,-18.9417217059369,-0.0552150130181123,-0.0552187763983932
2021-10-06 15:30:00,1680.64583333333,-19.3352875599258,-0.116978437579335,-0.116982201872099
2021-10-06 18:30:00,1680.77083333333,-18.2633933174397,0.0556399485163526,0.0556361824101756
2021-10-06 19:00:00,1680.79166666667,-17.4005022855856,0.19341005634184,0.193406289934925
2021-10-06 19:30:00,1680.8125,-17.3248723202128,0.205768953185653,0.205765186478427
2021-10-06 20:00:00,1680.83333333333,-17.6054081697588,0.161390420647871,0.161386653640763
2021-10-06 20:30:00,1680.85416666667,-17.4373643063197,0.188470996364827,0.188467229058264
2021-10-06 21:00:00,1680.875,-17.4585134914414,0.185413023622025,0.185409256016438
2021-10-06 21:30:00,1680.89583333333,-17.3622736242105,0.201055250142499,0.201051482238312
2021-10-06 22:00:00,1680.91666666667,-17.0024611364815,0.258684822756574,0.258681054554217
2021-10-06 22:30:00,1680.9375,-16.9044703787037,0.274606045944426,0.274602277444328
2021-10-06 23:00:00,1680.95833333333,-16.6432590135135,0.316528467748729,0.316524698951313
2021-10-06 23:30:00,1680.97916666667,-16.4702812416667,0.344395254256979,0.344391485162676
2021-10-07,1681,-16.40045368,0.355830177707489,0.35582640831673
2021-10-07 00:30:00,1681.02083333333,-16.6385055818519,0.31821972170155,0.318215952014759
2021-10-07 01:00:00,1681.04166666667,-16.9618400995496,0.267023723104028,0.267019953121633
2021-10-07 01:30:00,1681.0625,-17.078322925,0.248779385916905,0.248775615639338
2021-10-07 02:00:00,1681.08333333333,-17.3964222309259,0.198417438289202,0.198413667716884
2021-10-07 02:30:00,1681.10416666667,-17.7600946343228,0.140795702604184,0.140791931737546
2021-10-07 03:00:00,1681.125,-17.8658671288288,0.124257645600812,0.124253874440285
2021-10-07 03:30:00,1681.14583333333,-17.9046249614583,0.118395110980875,0.118391339526883
2021-10-07 04:00:00,1681.16666666667,-17.7195851611111,0.148183738039786,0.148179966292758
2021-10-07 04:30:00,1681.1875,-17.7666593072222,0.140996486333481,0.140992714293847
2021-10-07 05:00:00,1681.20833333333,-17.6184203417582,0.164922791611424,0.164919019279607
2021-10-07 05:30:00,1681.22916666667,-17.6789686083333,0.155589180320898,0.155585407697328
2021-10-07 06:00:00,1681.25,-17.6388422627087,0.162293145354319,0.162289372439427
2021-10-07 06:30:00,1681.27083333333,-17.5636029779221,0.174590665305702,0.174586892099913
2021-10-07 07:00:00,1681.29166666667,-17.671981968018,0.157637701429826,0.157633927933568
2021-10-07 07:30:00,1681.3125,-17.669864534375,0.158286935354982,0.158283161568686
2021-10-07 08:30:00,1681.35416666667,-17.8491131671614,0.130356465976482,0.130352691611384
2021-10-07 09:00:00,1681.375,-17.8563226737336,0.129520027032473,0.12951625237862
2021-10-07 09:30:00,1681.39583333333,-18.0134824592511,0.104796439873614,0.104792664931431
2021-10-07 10:00:00,1681.41666666667,-17.9366942082353,0.117340980454159,0.117337205224074
2021-10-07 10:30:00,1681.4375,-18.1364304089054,0.0858350165707609,0.0858312410532052
2021-10-07 11:00:00,1681.45833333333,-18.250607769145,0.0679586753667917,0.0679548995621867
2021-10-07 11:30:00,1681.47916666667,-18.1961035281938,0.0769534719919533,0.0769496959007329
2021-10-07 12:00:00,1681.5,-18.2113412317647,0.0748383651936595,0.0748345888162484
2021-10-07 12:30:00,1681.52083333333,-18.1850426686456,0.0793400534988153,0.0793362768356415
2021-10-07 13:00:00,1681.54166666667,-18.109585350469,0.0916728047115128,0.0916690277630041
2021-10-07 13:30:00,1681.5625,-17.9315901719376,0.120339948410839,0.120336171177427
2021-10-07 14:00:00,1681.58333333333,-17.9480589247059,0.118028886905124,0.118025109387229
2021-10-07 14:30:00,1681.60416666667,-18.5127729941839,0.0283819926420342,0.0283782148400906
2021-10-07 15:00:00,1681.625,-18.7265224567416,-0.00535595099785041,-0.00535972908341764
2021-10-07 15:30:00,1681.64583333333,-19.3111603966592,-0.0981766562254503,-0.0981804345942134
2021-10-07 16:00:00,1681.66666666667,-19.5097882458824,-0.129505640300692,-0.129509418952223
2021-10-07 16:30:00,1681.6875,-19.6363239792135,-0.149350260979394,-0.149354039913263
2021-10-07 20:00:00,1681.83333333333,-18.6128994716946,0.0158713343867865,0.0158675534885152
2021-10-07 20:30:00,1681.85416666667,-18.4722193845725,0.0385946859559183,0.0385909047787323
2021-10-07 21:00:00,1681.875,-18.5163076794872,0.0318843396850995,0.0318805582294234
2021-10-07 21:30:00,1681.89583333333,-18.1966072114228,0.0831258407409968,0.0831220590072584
2021-10-07 22:00:00,1681.91666666667,-17.9340371378479,0.125266466504795,0.125262684493422
2021-10-07 22:30:00,1681.9375,-17.6882467328386,0.16473411641107,0.164730334122493
2021-10-07 23:00:00,1681.95833333333,-18.1257691025641,0.0953495902942501,0.0953458077288912
2021-10-07 23:30:00,1681.97916666667,-18.0203260028,0.112459888732723,0.112456105891016
2021-10-08,1682,-18.4969462955556,0.0368471100087048,0.0368433268910744
2021-10-08 00:30:00,1682.02083333333,-18.6005777557407,0.0206517560310547,0.0206479726379285
2021-10-08 01:00:00,1682.04166666667,-18.7228205282051,0.0014916438428299,0.00148786017463565
2021-10-08 01:30:00,1682.0625,-18.7448223548902,-0.00169997695420349,-0.00170376089703494
2021-10-08 02:00:00,1682.08333333333,-18.9175389011111,-0.0289005232208372,-0.0289043074378842
2021-10-08 02:30:00,1682.10416666667,-19.0266111314815,-0.0459624474765342,-0.045966231967363
2021-10-08 03:00:00,1682.125,-19.1465899102564,-0.0647617557123498,-0.0647655404765358
2021-10-08 03:30:00,1682.14583333333,-19.1449740441118,-0.0641909131848931,-0.0641946982220084
2021-10-08 04:00:00,1682.16666666667,-19.1028333409259,-0.0571643982627611,-0.0571681835723781
2021-10-08 04:30:00,1682.1875,-19.0246166459259,-0.0443909152101292,-0.0443947007918171
2021-10-08 05:00:00,1682.20833333333,-18.7654103538462,-0.00278562319126197,-0.00278940904459918
2021-10-08 05:30:00,1682.22916666667,-18.6903452732535,0.00948587902206549,0.00948209289751278
2021-10-08 06:00:00,1682.25,-18.4162796512963,0.0534583464166096,0.053454560021266
2021-10-08 06:30:00,1682.27083333333,-18.2873703646296,0.0743073425623589,0.0743035558966521
2021-10-08 07:30:00,1682.3125,-18.5142450571429,0.0387934611564081,0.0387896739512611
2021-10-08 08:00:00,1682.33333333333,-18.3733244595918,0.0615559775487151,0.061552190074488
2021-10-08 08:30:00,1682.35416666667,-18.5222913176252,0.0381392516419872,0.0381354638991077
2021-10-08 09:00:00,1682.375,-18.6348107465677,0.0205286637276137,0.0205248757165092
2021-10-08 09:30:00,1682.39583333333,-18.4474489265306,0.0506894095267514,0.0506856212478496
2021-10-08 10:00:00,1682.41666666667,-18.5372183685714,0.0367029836475277,0.0366991951012565
2021-10-08 10:30:00,1682.4375,-18.5039146734694,0.0423222328364465,0.0423184440232365
2021-10-08 11:00:00,1682.45833333333,-18.375230003154,0.0631357758688199,0.0631319867890957
2021-10-08 11:30:00,1682.47916666667,-18.3737958408163,0.0636782583369212,0.0636744689911105
2021-10-08 12:00:00,1682.5,-18.3545224677551,0.0670625760723952,0.0670587864609254
2021-10-08 12:30:00,1682.52083333333,-18.152252821161,0.0995983671638589,0.0995945772871577
2021-10-08 13:00:00,1682.54166666667,-18.2674194456929,0.0815663695916943,0.0815625794501894
2021-10-08 13:30:00,1682.5625,-18.1149999840909,0.10616106289121,0.106157272485332
2021-10-08 14:00:00,1682.58333333333,-18.1192429006122,0.105799363492859,0.105795572823033
2021-10-08 14:30:00,1682.60416666667,-18.5454457097378,0.0382191877147343,0.038215396781387
2021-10-08 15:00:00,1682.625,-18.4898819829588,0.0473848013919445,0.0473810101955038
2021-10-08 15:30:00,1682.64583333333,-19.0260454477273,-0.0377121134306682,-0.0377159048897747
2021-10-08 16:00:00,1682.66666666667,-18.8154490381633,-0.0038496106993306,-0.00385340242067517
2021-10-08 16:30:00,1682.6875,-18.4171347996255,0.0599165122216008,0.0599127202384487
2021-10-08 17:00:00,1682.70833333333,-18.3777434327715,0.066506001040971,0.0665022087964359
2021-10-08 17:30:00,1682.72916666667,-17.9701590568182,0.131748935133234,0.131745142627744
2021-10-08 18:00:00,1682.75,-18.2101653087755,0.0938302551908251,0.0938264624248064
2021-10-08 21:30:00,1682.89583333333,-16.6835510074212,0.339223414986165,0.339219620408425
2021-10-08 22:00:00,1682.91666666667,-16.8538385686456,0.312411256990237,0.312407462155389
2021-10-08 22:30:00,1682.9375,-16.8400000048035,0.31493055770101,0.314926762609485
2021-10-08 23:00:00,1682.95833333333,-16.8009322816129,0.321468916889597,0.321465121541819
2021-10-08 23:30:00,1682.97916666667,-16.8827977654917,0.308742565095902,0.308738769492299
2021-10-09 00:30:00,1683.02083333333,-16.505300574026,0.369507999852086,0.369504203738114
2021-10-09 01:00:00,1683.04166666667,-16.6069183918367,0.353635192878169,0.353631396509654
2021-10-09 01:30:00,1683.0625,-16.7839360851598,0.325751167016126,0.3257473703935
2021-10-09 02:00:00,1683.08333333333,-16.535285443097,0.365676446291253,0.365672649414938
2021-10-09 02:30:00,1683.10416666667,-16.7767236051948,0.327530263922148,0.327526466792572
2021-10-09 03:00:00,1683.125,-17.0436121683673,0.285329849516222,0.285326052133817
2021-10-09 03:30:00,1683.14583333333,-17.1365340454545,0.270842487523642,0.270838689888828
2021-10-09 04:00:00,1683.16666666667,-16.8554601037106,0.315932961693752,0.31592916380696
2021-10-09 04:30:00,1683.1875,-16.6598011100372,0.347416808518039,0.347413010379698
2021-10-09 05:00:00,1683.20833333333,-16.6924848828283,0.342525524348018,0.342521725958557
2021-10-09 05:30:00,1683.22916666667,-16.8040366573394,0.325070545983651,0.325066747343491
2021-10-09 06:00:00,1683.25,-16.4946852819367,0.374665774982286,0.37466197609186
2021-10-09 07:00:00,1683.29166666667,-16.175766206679,0.42610058347179,0.426096784082106
2021-10-09 07:30:00,1683.3125,-15.8431164699029,0.479407362241691,0.479403562603023
2021-10-09 08:00:00,1683.33333333333,-15.8238436708046,0.482793005534054,0.48278920564683
2021-10-09 08:30:00,1683.35416666667,-15.5445102139147,0.527606532052343,0.527602731916984
2021-10-09 09:00:00,1683.375,-15.3975463223062,0.551333526785013,0.551329726401952
2021-10-09 09:30:00,1683.39583333333,-15.2969393858586,0.567675859949548,0.567672059319209
2021-10-09 10:00:00,1683.41666666667,-15.3346407281465,0.561985619950583,0.561981819073395
2021-10-09 10:30:00,1683.4375,-15.3917631513158,0.553201622323965,0.553197821200354
2021-10-09 11:00:00,1683.45833333333,-15.2963339586792,0.568719240505392,0.568715439135788
2021-10-09 11:30:00,1683.47916666667,-15.2807778060606,0.571513060688201,0.571509259073026
2021-10-09 12:00:00,1683.5,-15.3350572100686,0.563182061108972,0.563178259248659
2021-10-09 12:30:00,1683.52083333333,-15.3025880159176,0.568670209481607,0.568666407376581
2021-10-09 13:00:00,1683.54166666667,-15.2599709416667,0.575774956639068,0.575771154289755
2021-10-09 13:30:00,1683.5625,-15.4412525282828,0.547212521312196,0.547208718719024
2021-10-09 14:00:00,1683.58333333333,-15.543291934023,0.53127345617839,0.53126965334179
2021-10-09 14:30:00,1683.60416666667,-15.7005121504673,0.506544082578211,0.506540279498603
2021-10-09 15:00:00,1683.625,-15.7461791171642,0.499585255451186,0.499581452129003
2021-10-09 15:30:00,1683.64583333333,-15.6497551489796,0.51526164982135,0.515257846257017
2021-10-09 16:00:00,1683.66666666667,-15.7785908032184,0.49505405935637,0.495050255550314
2021-10-09 16:30:00,1683.6875,-15.7700410606343,0.496732094732153,0.496728290684802
2021-10-09 17:00:00,1683.70833333333,-15.737491582243,0.502233339081666,0.502229534793449
2021-10-09 17:30:00,1683.72916666667,-15.7973939808081,0.493006967233462,0.493003162704801
2021-10-09 18:00:00,1683.75,-15.8575871575688,0.483734308038959,0.483730503270286
2021-10-09 18:30:00,1683.77083333333,-15.9993352561798,0.461469925301149,0.461466120292889
2021-10-09 19:00:00,1683.79166666667,-15.8103595376404,0.491890116721838,0.491886311474418
2021-10-09 19:30:00,1683.8125,-15.8972929949495,0.478357812968257,0.478354007482105
2021-10-09 20:00:00,1683.83333333333,-16.0842073438127,0.448898515408551,0.448894709684096
2021-10-09 23:00:00,1683.95833333333,-16.2023736394052,0.431972995506747,0.43196918836143
2021-10-09 23:30:00,1683.97916666667,-16.1232905013035,0.444887522232579,0.444883714851943
2021-10-10,1684,-16.1486368472155,0.441166390869992,0.441162583254471
2021-10-10 00:30:00,1684.02083333333,-16.0632160056,0.455090584937177,0.455086777087193
2021-10-10 01:00:00,1684.04166666667,-15.932363110987,0.476252170773701,0.476248362689682
2021-10-10 01:30:00,1684.0625,-15.9101669868275,0.480104688649353,0.480100880331726
2021-10-10 02:00:00,1684.08333333333,-15.9367263857143,0.476190450041746,0.476186641490941
2021-10-10 02:30:00,1684.10416666667,-15.9873628516129,0.468440750592177,0.468436941808616
2021-10-10 03:00:00,1684.125,-15.8089239508349,0.497182953852342,0.497179144836457
2021-10-10 03:30:00,1684.14583333333,-15.6968497178108,0.515353251171845,0.51534944192406
2021-10-10 04:00:00,1684.16666666667,-15.5986949089588,0.531306207290742,0.531302397811484
2021-10-10 04:30:00,1684.1875,-15.4440714515873,0.556254692448265,0.556250882737961
2021-10-10 05:00:00,1684.20833333333,-15.4984166566667,0.547914353281515,0.547910543340595
2021-10-10 05:30:00,1684.22916666667,-15.6288833324074,0.52744784233626,0.527444032165145
2021-10-10 06:30:00,1684.27083333333,-15.8566340235431,0.491800940474328,0.491797129844116
2021-10-10 07:00:00,1684.29166666667,-15.7234000354545,0.513342232162465,0.513338421303338
2021-10-10 07:30:00,1684.3125,-15.7427198415584,0.510581628151488,0.510577817063877
2021-10-10 08:00:00,1684.33333333333,-15.7447951664804,0.510568115007905,0.510564303692239
2021-10-10 08:30:00,1684.35416666667,-15.6591282137529,0.524532042047018,0.524528230503718
2021-10-10 09:00:00,1684.375,-15.6931272581818,0.519433122834983,0.519429311064482
2021-10-10 09:30:00,1684.39583333333,-15.7020296903525,0.5183321444601,0.518328332462826
2021-10-10 10:00:00,1684.41666666667,-15.7491558252319,0.511142135458078,0.511138323234451
2021-10-10 10:30:00,1684.4375,-15.6514382307692,0.527025868536074,0.527022056086524
2021-10-10 11:00:00,1684.45833333333,-15.6558363981818,0.526642520222269,0.526638707547225
2021-10-10 11:30:00,1684.47916666667,-15.539295535316,0.545524878263841,0.545521065363724
2021-10-10 12:00:00,1684.5,-15.3453896044527,0.57673157929017,0.576727766165413
2021-10-10 12:30:00,1684.52083333333,-15.2679324062937,0.589387946307121,0.589384132958152
2021-10-10 13:00:00,1684.54166666667,-15.1793545336364,0.603815877004122,0.60381206343136
2021-10-10 13:30:00,1684.5625,-15.0914572319703,0.618135424500582,0.618131610704457
2021-10-10 14:00:00,1684.58333333333,-14.9313061068646,0.64396508990852,0.643961275889462
2021-10-10 14:30:00,1684.60416666667,-14.8571794983683,0.656091020509854,0.656087206268284
2021-10-10 15:00:00,1684.625,-14.8375364127273,0.659537719108385,0.659533904644735
2021-10-10 15:30:00,1684.64583333333,-14.8842059647495,0.652420799221346,0.652416984536044
2021-10-10 16:00:00,1684.66666666667,-14.8337657830855,0.660773561347693,0.660769746441162
2021-10-10 16:30:00,1684.6875,-14.7874415693925,0.668470678835487,0.668466863708151
2021-10-10 17:00:00,1684.70833333333,-14.8540181545455,0.658182650346707,0.658178834998998
2021-10-10 17:30:00,1684.72916666667,-14.7474526962894,0.675476305021671,0.675472489454013
2021-10-10 18:00:00,1684.75,-14.5453717420074,0.707985678348524,0.707981862561344
2021-10-10 18:30:00,1684.77083333333,-14.3837715701632,0.734046465942717,0.734042649936444
2021-10-10 19:00:00,1684.79166666667,-14.4475999772727,0.724196351612631,0.724192535387689
2021-10-10 19:30:00,1684.8125,-14.3057057668529,0.747118029023119,0.747114212579935
2021-10-10 20:00:00,1684.83333333333,-13.7600649218924,0.834356865553814,0.834353048892814
2021-10-10 20:30:00,1684.85416666667,-14.1200233242424,0.777333126510472,0.777329309632083
2021-10-10 21:00:00,1684.875,-14.1955000363636,0.765627555648729,0.765623738553376
2021-10-11,1685,-14.1723333888889,0.771226221075144,0.771222402686976
2021-10-11 00:30:00,1685.02083333333,-14.3241282984906,0.747363327114395,0.747359508512253
2021-10-11 01:00:00,1685.04166666667,-14.1158831267161,0.780855106714025,0.780851287898333
2021-10-11 01:30:00,1685.0625,-13.9664990736549,0.804970299306941,0.804966480278124
2021-10-11 02:00:00,1685.08333333333,-13.7199999666667,0.844556020616503,0.844552201374989
2021-10-11 02:30:00,1685.10416666667,-13.9087999903774,0.814798310521357,0.814794491067571
2021-10-11 03:00:00,1685.125,-13.9314285573284,0.811511863381038,0.811508043715408
2021-10-11 03:30:00,1685.14583333333,-13.911029798324,0.815079731117369,0.815075911240324
2021-10-11 04:00:00,1685.16666666667,-13.7842222888889,0.835598619901675,0.835594799813638
2021-10-11 04:30:00,1685.1875,-13.8995216681733,0.817549739322856,0.817545919024253
2021-10-11 05:00:00,1685.20833333333,-13.9529426022222,0.809358170270847,0.809354349762105
2021-10-11 06:00:00,1685.25,-14.1108682730983,0.784837438661058,0.784833617733316
2021-10-11 06:30:00,1685.27083333333,-13.8486315526316,0.826930452246464,0.826926631109865
2021-10-11 07:00:00,1685.29166666667,-14.0858884453846,0.789453807120193,0.78944998577516
2021-10-11 07:30:00,1685.3125,-14.1197495307978,0.784378290229863,0.784374468676823
2021-10-11 08:00:00,1685.33333333333,-14.1945640118738,0.772778898881439,0.772775077120817
2021-10-11 08:30:00,1685.35416666667,-14.1110000631579,0.786409335274054,0.786405513306281
2021-10-11 09:00:00,1685.375,-14.2284192417308,0.76802304651962,0.768019224345114
2021-10-11 09:30:00,1685.39583333333,-14.2938608679035,0.757916849620616,0.757913027239811
2021-10-11 10:00:00,1685.41666666667,-14.3822838625232,0.744149734878734,0.744145912292052
2021-10-11 10:30:00,1685.4375,-14.2995263526316,0.757651827365736,0.757648004573604
2021-10-11 11:00:00,1685.45833333333,-14.2915826861538,0.759236051625764,0.759232228628608
2021-10-11 11:30:00,1685.47916666667,-14.3175268871985,0.755421944823714,0.755418121621963
2021-10-11 12:00:00,1685.5,-14.1368330181818,0.784525460658523,0.784521637252598
2021-10-11 12:30:00,1685.52083333333,-14.0925262736842,0.791902440462684,0.791898616853016
2021-10-11 13:00:00,1685.54166666667,-14.1100903969231,0.789423377151089,0.789419553338102
2021-10-11 13:30:00,1685.5625,-14.0493116916512,0.799424412693385,0.799420588677505
2021-10-11 14:00:00,1685.58333333333,-14.0559721705009,0.798682368258786,0.798678544040439
2021-10-11 14:30:00,1685.60416666667,-14.0898946947368,0.7935974907181,0.793593666297716
2021-10-11 15:00:00,1685.625,-14.0495992368015,0.800335620939105,0.800331796317102
2021-10-11 15:30:00,1685.64583333333,-14.1357050102041,0.786937974804005,0.786934149980816
2021-10-11 16:00:00,1685.66666666667,-14.4269703174397,0.740858298402851,0.740854473378899
2021-10-11 16:30:00,1685.6875,-14.5102630894737,0.727908825521106,0.727905000296818
2021-10-11 17:00:00,1685.70833333333,-14.5761846092308,0.717726635541998,0.717722810117799
2021-10-11 17:30:00,1685.72916666667,-14.5122170818182,0.728235893557707,0.728232067934027
2021-10-11 18:00:00,1685.75,-14.8104694057514,0.681043300326627,0.681039474503885
2021-10-11 18:30:00,1685.77083333333,-15.4983683631579,0.571779749815472,0.5717759237941
2021-10-11 19:00:00,1685.79166666667,-15.4905980717308,0.573336837614955,0.573333011395377
2021-10-11 19:30:00,1685.8125,-15.1678218988868,0.625074617227846,0.625070790810487
2021-10-11 20:00:00,1685.83333333333,-15.2011076309833,0.620091510693244,0.62008768407853
2021-10-11 20:30:00,1685.85416666667,-15.1729999263158,0.624888452222534,0.624884625410894
2021-10-11 21:00:00,1685.875,-15.0706480901923,0.641512566622377,0.641508739614231
2021-10-11 21:30:00,1685.89583333333,-15.2812708842301,0.608279628414964,0.608275801210744
2021-10-11 22:00:00,1685.91666666667,-14.555502774026,0.724214460001828,0.724210632601956
2021-10-12 01:30:00,1686.0625,-15.4782009691176,0.579464974209013,0.579461145451509
2021-10-12 02:00:00,1686.08333333333,-15.550526941018,0.568263083450778,0.568259254501029
2021-10-12 02:30:00,1686.10416666667,-15.5538627025974,0.568051411721419,0.568047582579854
2021-10-12 03:00:00,1686.125,-15.6874730944341,0.547086927478621,0.547083098145659
2021-10-12 03:30:00,1686.14583333333,-15.7776911406863,0.533034904037612,0.533031074513686
2021-10-12 04:00:00,1686.16666666667,-15.7531761035821,0.537259971865504,0.537256142151036
2021-10-12 04:30:00,1686.1875,-15.8012658256506,0.529919078732389,0.529915248827804
2021-10-12 05:30:00,1686.22916666667,-15.9302690194805,0.510008532698448,0.510004702414911
2021-10-12 06:00:00,1686.25,-15.926532711215,0.510923650165643,0.510919819693263
2021-10-12 06:30:00,1686.27083333333,-15.9584553716923,0.506158297325302,0.506154466664511
2021-10-12 07:00:00,1686.29166666667,-15.8915231821892,0.517140621584317,0.517136790735538
2021-10-12 07:30:00,1686.3125,-15.9337802472998,0.510729048368852,0.510725217332511
2021-10-12 08:00:00,1686.33333333333,-15.9064298771028,0.515406018112726,0.515402186889251
2021-10-12 08:30:00,1686.35416666667,-16.018329212,0.497900439057095,0.497896607646907
2021-10-12 09:00:00,1686.375,-16.3404767851577,0.446902194091012,0.446898362494535
2021-10-12 09:30:00,1686.39583333333,-16.0346500008333,0.495940741679479,0.495936909897145
2021-10-12 10:00:00,1686.41666666667,-16.088537364486,0.487676597047526,0.487672765079757
2021-10-12 10:30:00,1686.4375,-16.0641723033846,0.491878148166392,0.491874316013613
2021-10-12 11:00:00,1686.45833333333,-16.2680556773655,0.459719588993871,0.459715756656511
2021-10-12 11:30:00,1686.47916666667,-16.2744144886617,0.459026862295891,0.459023029774373
2021-10-12 12:00:00,1686.5,-16.3078131205607,0.454026701297133,0.454022868591878
2021-10-12 12:30:00,1686.52083333333,-16.2859538516923,0.457829191781837,0.457825358893277
2021-10-12 13:00:00,1686.54166666667,-15.8365399020408,0.529741476813378,0.529737643741936
2021-10-12 13:30:00,1686.5625,-15.169400738961,0.636337572254254,0.636333739000354
2021-10-12 14:00:00,1686.58333333333,-16.6497056023365,0.400844327970972,0.400840494535043
2021-10-12 14:30:00,1686.60416666667,-17.5554246827692,0.256883037755635,0.2568792041381
2021-10-12 15:00:00,1686.625,-16.8298144938775,0.372793694109552,0.372789860310832
2021-10-12 15:30:00,1686.64583333333,-16.2479573122449,0.465804421836326,0.465800587856854
2021-10-12 16:00:00,1686.66666666667,-16.242953332243,0.466922050432828,0.466918216273025
2021-10-12 16:30:00,1686.6875,-16.1752215603077,0.478032289185079,0.47802845484537
2021-10-12 17:00:00,1686.70833333333,-15.8789832890538,0.525543804606018,0.525539970086833
2021-10-12 17:30:00,1686.72916666667,-15.7443209957328,0.547316179270726,0.547312344572485
2021-10-12 18:00:00,1686.75,-15.8861121663551,0.525049347523685,0.525045512646815
2021-10-12 18:30:00,1686.77083333333,-16.2852984812308,0.461779313269771,0.461775478214696
2021-10-12 19:00:00,1686.79166666667,-15.4449758792208,0.595963963113465,0.59596012788061
2021-10-12 19:30:00,1686.8125,-15.3551799478664,0.610589205814323,0.610585370404115
2021-10-12 20:00:00,1686.83333333333,-15.1490140247664,0.643752299146828,0.643748463559693
2021-10-12 20:30:00,1686.85416666667,-15.1732645935385,0.640209908411751,0.640206072648113
2021-10-12 21:00:00,1686.875,-14.9878070231911,0.670074201803313,0.670070365863595
2021-10-12 21:30:00,1686.89583333333,-14.6466716204082,0.724738112814973,0.724734276699601
2021-10-12 22:00:00,1686.91666666667,-14.7504131037559,0.70853284557431,0.70852900928371
2021-10-12 22:30:00,1686.9375,-14.8154369138462,0.698495358933225,0.698491522467821
2021-10-12 23:00:00,1686.95833333333,-14.8937410896811,0.686342328079194,0.686338491439414
2021-10-12 23:30:00,1686.97916666667,-15.229705994382,0.633143786488701,0.633139949674968
2021-10-13 03:00:00,1687.125,-15.8044987274809,0.543826014569934,0.543822176550426
2021-10-13 03:30:00,1687.14583333333,-15.7959930868966,0.545502095520239,0.545498257330177
2021-10-13 04:00:00,1687.16666666667,-15.8318323964618,0.540114021351434,0.540110182991243
2021-10-13 05:00:00,1687.20833333333,-16.1617884992579,0.488194166520152,0.488190327820979
2021-10-13 05:30:00,1687.22916666667,-16.3281221937656,0.462018324717438,0.462014485849411
2021-10-13 06:00:00,1687.25,-16.3979258918519,0.451219807290564,0.451215968254107
2021-10-13 06:30:00,1687.27083333333,-16.6261490398113,0.415184985213686,0.415181146009223
2021-10-13 07:00:00,1687.29166666667,-17.1435456562384,0.333084649845138,0.333080810473097
2021-10-13 07:30:00,1687.3125,-17.3247493769231,0.304540109856794,0.304536270317593
2021-10-13 08:00:00,1687.33333333333,-17.4668148933333,0.282230340577751,0.282226500871823
2021-10-13 08:30:00,1687.35416666667,-17.4381210387337,0.287122687885922,0.287118848013686
2021-10-13 09:00:00,1687.375,-18.1797174360595,0.169307274320793,0.169303434282675
2021-10-13 09:30:00,1687.39583333333,-18.2807697928218,0.153531010834243,0.153527170630668
2021-10-13 10:00:00,1687.41666666667,-17.9721036548148,0.203023222989347,0.203019382620742
2021-10-13 10:30:00,1687.4375,-18.3392156150558,0.14486352776792,0.144859687234703
2021-10-13 11:00:00,1687.45833333333,-18.6615858033582,0.0938312553418973,0.0938274146444998
2021-10-13 11:30:00,1687.47916666667,-18.5611169039801,0.110157578260811,0.110153737399655
2021-10-13 12:00:00,1687.5,-18.6677014791045,0.0935001611986159,0.0934963201741244
2021-10-13 12:30:00,1687.52083333333,-18.3213761728119,0.148991638330058,0.148987797142656
2021-10-13 13:00:00,1687.54166666667,-19.1012082520446,0.0250854655691798,0.0250816242192956
2021-10-13 13:30:00,1687.5625,-18.6679652521092,0.0944230461446021,0.0944192046326535
2021-10-13 14:00:00,1687.58333333333,-18.7047185281481,0.0888899103974767,0.0888860687238944
2021-10-13 14:30:00,1687.60416666667,-18.9473134182836,0.0505660846919246,0.0505622428571298
2021-10-13 15:00:00,1687.625,-19.6111784611524,-0.0548663511661051,-0.0548701931616878
2021-10-13 15:30:00,1687.64583333333,-19.6181094517413,-0.0556486968612052,-0.0556525390171515
2021-10-13 16:00:00,1687.66666666667,-19.6318721481203,-0.0575193120302771,-0.0575231543461596
2021-10-13 16:30:00,1687.6875,-20.1589219732342,-0.141156907509054,-0.141160749984454
2021-10-13 17:00:00,1687.70833333333,-20.4659090821892,-0.189738328986326,-0.189742171620814
2021-10-13 17:30:00,1687.72916666667,-19.5808114141439,-0.0484197675923241,-0.0484236103854784
2021-10-13 18:00:00,1687.75,-19.5197259140741,-0.0383669074307301,-0.0383707503821265
2021-10-13 18:30:00,1687.77083333333,-19.2916226877323,-0.00170797818696622,-0.0017118212961803
2021-10-13 19:00:00,1687.79166666667,-18.8893550252788,0.0626954960823619,0.0626916528157574
2021-10-13 19:30:00,1687.8125,-18.8418787477723,0.0705804750428959,0.070576631619319
2021-10-13 20:00:00,1687.83333333333,-18.5003656850746,0.12530574981703,0.125301906236911
2021-10-13 20:30:00,1687.85416666667,-19.2952541469388,-0.000998524588921718,-0.00100236832516143
2021-10-13 21:00:00,1687.875,-18.2849813912477,0.160260698679846,0.16025685478791
2021-10-13 21:30:00,1687.89583333333,-18.1467661497512,0.182600562440918,0.182596718393709
2021-10-13 22:00:00,1687.91666666667,-18.1740814459259,0.178571318906123,0.178567474704068
2021-10-13 22:30:00,1687.9375,-18.453629725188,0.134361206520633,0.134357362164151
2021-10-13 23:00:00,1687.95833333333,-18.4082105507519,0.141918667297697,0.141914822787218
2021-10-13 23:30:00,1687.97916666667,-18.7481378373434,0.088090186981208,0.0880863423171524
2021-10-14,1688,-18.6334323635135,0.106685055766073,0.106681210948865
2021-10-14 00:30:00,1688.02083333333,-18.5512828014981,0.120093769972854,0.120089925002918
2021-10-14 01:00:00,1688.04166666667,-18.8449157308989,0.0736400901558301,0.073636245033593
2021-10-15 22:30:00,1689.9375,-16.2651261424861,0.514028626720285,0.514024769510267
2021-10-15 23:00:00,1689.95833333333,-16.1096527736111,0.539120060643336,0.53911620331992
2021-10-15 23:30:00,1689.97916666667,-16.1105747281013,0.539297629335823,0.539293771899436
2021-10-16,1690,-16.1685621122449,0.530384655806712,0.530380798257769
2021-10-16 00:30:00,1690.02083333333,-16.1130315702602,0.539555190491459,0.539551332830387
2021-10-16 01:00:00,1690.04166666667,-16.2505902958333,0.517966488289074,0.517962630516292
2021-10-16 01:30:00,1690.0625,-16.1975203352792,0.526745093389447,0.526741235505378
2021-10-16 02:00:00,1690.08333333333,-16.131206302974,0.537633509919701,0.537629651924768
2021-10-16 03:00:00,1690.125,-15.4615695755102,0.644956270566107,0.644952412350702
2021-10-16 03:30:00,1690.14583333333,-15.3214545844156,0.667601296327688,0.667597438002684
2021-10-16 04:00:00,1690.16666666667,-15.3853688654545,0.657744334405802,0.657740475971618
2021-10-16 04:30:00,1690.1875,-15.3709721719852,0.66036238781257,0.660358529269627
2021-10-16 05:00:00,1690.20833333333,-15.4353527255159,0.650431190563005,0.650427331911728
2021-10-16 05:30:00,1690.22916666667,-15.592649337013,0.625698419924844,0.625694561165651
2021-10-16 06:00:00,1690.25,-15.6217604299479,0.621385714999275,0.621381856132584
2021-10-16 06:30:00,1690.27083333333,-15.7659553804833,0.598740090278728,0.598736231304967
2021-10-16 07:00:00,1690.29166666667,-15.7541824705773,0.600940278102615,0.600936419022201
2021-10-16 07:30:00,1690.3125,-15.4264090564935,0.653479592937706,0.653475733751062
2021-10-16 08:00:00,1690.33333333333,-15.2751227248042,0.677904410263777,0.677900550971327
2021-10-16 08:30:00,1690.35416666667,-15.222025980334,0.686687576973058,0.68668371757522
2021-10-16 09:00:00,1690.375,-15.097649355102,0.706825700378134,0.706821840875325
2021-10-16 09:30:00,1690.39583333333,-14.7494805415584,0.762614100017278,0.762610240409927
2021-10-16 10:00:00,1690.41666666667,-14.8825844163636,0.741735437148884,0.741731577437409
2021-10-16 10:30:00,1690.4375,-14.8893877369202,0.740976563456283,0.740972703641104
2021-10-16 11:00:00,1690.45833333333,-14.8270055702602,0.75123900790456,0.751235147986102
2021-10-16 11:30:00,1690.47916666667,-14.6799934922078,0.774983078260116,0.774979218238797
2021-10-16 12:00:00,1690.5,-14.7125116893506,0.770127867985672,0.77012400786191
2021-10-16 12:30:00,1690.52083333333,-14.4623784575139,0.810299252795394,0.810295392569616
2021-10-16 13:00:00,1690.54166666667,-14.7543245744841,0.764117030383562,0.764113170056186
2021-10-16 13:30:00,1690.5625,-14.8444428979866,0.75008614007795,0.750082279649397
2021-10-16 14:00:00,1690.58333333333,-14.903527274026,0.74099900011704,0.740995139587734
2021-10-16 14:30:00,1690.60416666667,-14.7966816486891,0.758344648245988,0.758340787616347
2021-10-16 15:00:00,1690.625,-14.9840056086142,0.728828891478718,0.728825030749162
2021-10-16 15:30:00,1690.64583333333,-15.1056510456376,0.709775790555981,0.709771929726932
2021-10-16 16:00:00,1690.66666666667,-15.0862597451948,0.713189962868206,0.713186101940084
2021-10-16 16:30:00,1690.6875,-15.2806360058161,0.682550830070219,0.682546969043446
2021-10-16 17:00:00,1690.70833333333,-15.3123052511236,0.677831061170767,0.677827200045766
2021-10-16 17:30:00,1690.72916666667,-15.3975436100671,0.664577714232953,0.664573853010141
2021-10-16 18:00:00,1690.75,-15.4592857353247,0.655067354115212,0.655063492795011
2021-10-16 18:30:00,1690.77083333333,-15.4413445837079,0.6582506169078,0.65824675549063
2021-10-16 19:00:00,1690.79166666667,-15.5656119683398,0.63877997817197,0.638776116658251
2021-10-16 19:30:00,1690.8125,-15.2695301959732,0.686271280410851,0.686267418801005
2021-10-16 20:00:00,1690.83333333333,-15.3219610238961,0.678244296208764,0.678240434503214
2021-10-16 20:30:00,1690.85416666667,-15.1383033616105,0.707826397003544,0.707822535202708
2021-10-17,1691,-14.6530315387755,0.787408223556391,0.787404361100327
2021-10-17 00:30:00,1691.02083333333,-16.7309609594595,0.456718042733902,0.456714180185915
2021-10-17 01:00:00,1691.04166666667,-17.1103700265,0.396603387449974,0.396599524810484
2021-10-17 01:30:00,1691.0625,-18.1497216858998,0.231359424977903,0.23135556224733
2021-10-17 02:30:00,1691.10416666667,-19.2478773171004,0.0570735053464353,0.0570696424349621
2021-10-17 03:00:00,1691.125,-20.006911191404,-0.0635155757580468,-0.0635194387593416
2021-10-17 03:30:00,1691.14583333333,-20.0071947078947,-0.0632351634396311,-0.0632390265303275
2021-10-17 04:00:00,1691.16666666667,-20.0552950118738,-0.0705719803692809,-0.0705758435489553
2021-10-17 04:30:00,1691.1875,-19.9471595634508,-0.0530203111658259,-0.0530241744340648
2021-10-17 05:00:00,1691.20833333333,-20.0242155272988,-0.06496974719142,-0.064973610547797
2021-10-17 05:30:00,1691.22916666667,-20.0411526421053,-0.0673421885589227,-0.0673460520030208
2021-10-17 06:00:00,1691.25,-20.1782467168831,-0.0888557005132316,-0.0888595640446308
2021-10-17 06:30:00,1691.27083333333,-20.320799655102,-0.111238794354101,-0.111242657972382
2021-10-17 07:00:00,1691.29166666667,-20.5464326292264,-0.146856578365832,-0.14686044207057
2021-10-17 07:30:00,1691.3125,-20.6178263294737,-0.157903916950614,-0.157907780741397
2021-10-17 08:00:00,1691.33333333333,-20.7800426962894,-0.183419352387385,-0.183423216263786
2021-10-17 08:30:00,1691.35416666667,-21.0709721584416,-0.229438857097555,-0.229442721059158
2021-10-17 09:00:00,1691.375,-21.0924125773639,-0.232528545889213,-0.232532409935597
2021-10-17 09:30:00,1691.39583333333,-21.0941105478947,-0.232473229833804,-0.23247709396455
2021-10-17 10:00:00,1691.41666666667,-21.3524490153989,-0.273300909676302,-0.273304773890987
2021-10-17 10:30:00,1691.4375,-21.3154044675325,-0.267073845459385,-0.267077709757596
2021-10-17 11:00:00,1691.45833333333,-21.7163639237822,-0.330621113516378,-0.330624977897688
2021-10-17 11:30:00,1691.47916666667,-21.6972315726316,-0.327247437908594,-0.327251302372588
2021-10-17 12:00:00,1691.5,-21.3510919033771,-0.271781244342149,-0.271785108888406
2021-10-17 12:30:00,1691.52083333333,-21.0651928599251,-0.225911407055191,-0.225915271683292
2021-10-17 13:00:00,1691.54166666667,-21.2947209927326,-0.262149468859134,-0.262153333568656
2021-10-17 13:30:00,1691.5625,-21.1456947115789,-0.238083523623464,-0.238087388413994
2021-10-17 14:00:00,1691.58333333333,-21.4574775559925,-0.287424783056302,-0.287428647927413
2021-10-17 14:30:00,1691.60416666667,-21.6306928720974,-0.314692117914986,-0.314695982866263
2021-10-17 15:00:00,1691.625,-21.5873614720117,-0.307463387886933,-0.307467252917956
2021-10-17 15:30:00,1691.64583333333,-21.4674210105263,-0.288030761423232,-0.288034626533582
2021-10-17 16:00:00,1691.66666666667,-20.9563745301498,-0.206294648493829,-0.206298513683083
2021-10-17 16:30:00,1691.6875,-21.6603620943715,-0.318114309021912,-0.318118174289658
2021-10-17 17:00:00,1691.70833333333,-22.3807959218659,-0.432553852958495,-0.432557718304306
2021-10-17 17:30:00,1691.72916666667,-22.0502420931579,-0.379570294171512,-0.379574159594972
2021-10-17 18:00:00,1691.75,-22.2555695302632,-0.41195298597602,-0.41195685147671
2021-10-17 18:30:00,1691.77083333333,-21.8528052222846,-0.347466210280652,-0.347470075858154
2021-10-17 19:00:00,1691.79166666667,-22.2191399548105,-0.405497443428852,-0.405501309082741
2021-10-17 19:30:00,1691.8125,-21.9468316031579,-0.361792359010689,-0.361796224740555
2021-10-17 20:00:00,1691.83333333333,-22.4253483024345,-0.437694223921592,-0.437698089727007
2021-10-17 20:30:00,1691.85416666667,-22.6840599106742,-0.478580962963863,-0.478584828844413
2021-10-17 21:00:00,1691.875,-22.5237848936047,-0.452722815432268,-0.452726681387533
2021-10-17 21:30:00,1691.89583333333,-22.3409052715789,-0.42326372047025,-0.423267586499811
2021-10-17 22:00:00,1691.91666666667,-23.4224045132959,-0.595221064377538,-0.595224930480973
2021-10-18 01:30:00,1692.0625,-23.535074482235,-0.610885172766033,-0.610889039374878
2021-10-18 02:00:00,1692.08333333333,-23.4324368515789,-0.594208526886597,-0.594212393565965
2021-10-18 02:30:00,1692.10416666667,-24.1659647070501,-0.710733623192165,-0.71073748994164
2021-10-18 03:00:00,1692.125,-24.3684404671004,-0.742661723953551,-0.742665590772715
2021-10-18 03:30:00,1692.14583333333,-24.353724917192,-0.739991076625446,-0.739994943513877
2021-10-18 04:00:00,1692.16666666667,-24.2150052306878,-0.717566464559035,-0.717570331516317
2021-10-18 04:30:00,1692.1875,-23.7578589734694,-0.644416255104547,-0.644420122130265
2021-10-18 05:00:00,1692.20833333333,-23.9541057337662,-0.675352003182945,-0.675355870276674
2021-10-18 05:30:00,1692.22916666667,-24.0551547212034,-0.691122660977119,-0.691126528138444
2021-10-18 06:00:00,1692.25,-24.0318306703704,-0.687080587900116,-0.687084455128618
2021-10-18 06:30:00,1692.27083333333,-23.8222708688312,-0.653371009694822,-0.65337487699008
2021-10-18 07:00:00,1692.29166666667,-23.809923935807,-0.651077565462062,-0.65108143282366
2021-10-18 07:30:00,1692.3125,-24.1658080555874,-0.707443574212834,-0.707447441640357
2021-10-18 08:00:00,1692.33333333333,-23.9400894952632,-0.671159843573635,-0.671163711066658
2021-10-18 08:30:00,1692.35416666667,-23.8741855363636,-0.66033467635977,-0.660338543917879
2021-10-18 09:00:00,1692.375,-24.0979480782931,-0.695653572982113,-0.695657440604889
2021-10-18 09:30:00,1692.39583333333,-23.945346708596,-0.671017412824754,-0.671021280511776
2021-10-18 10:00:00,1692.41666666667,-23.9340527089474,-0.668891601034606,-0.668895468785457
2021-10-18 10:30:00,1692.4375,-24.619221638175,-0.777712814895887,-0.777716682710154
2021-10-18 11:00:00,1692.45833333333,-24.0093525428571,-0.680233529419261,-0.680237397296519
2021-10-18 11:30:00,1692.47916666667,-23.6440515888252,-0.621714107084995,-0.621717975024829
2021-10-18 12:00:00,1692.5,-23.5849316236842,-0.611969518587835,-0.611973386589827
2021-10-18 12:30:00,1692.52083333333,-23.4081580091078,-0.583482603206777,-0.583486471270505
2021-10-18 13:00:00,1692.54166666667,-24.3700797692022,-0.736390658326217,-0.736394526451267
2021-10-18 13:30:00,1692.5625,-24.2279281637931,-0.713419020968254,-0.713422889154208
2021-10-18 14:00:00,1692.58333333333,-24.2218894752632,-0.712130252210651,-0.712134120457091
2021-10-18 14:30:00,1692.60416666667,-24.1540352539889,-0.700994208628084,-0.700998076934592
2021-10-18 15:00:00,1692.625,-24.1572226615955,-0.701175131050823,-0.70117899941698
2021-10-18 15:30:00,1692.64583333333,-23.9481404148997,-0.667541329651874,-0.667545198077261
2021-10-18 16:00:00,1692.66666666667,-23.8064135816754,-0.64463727759296,-0.64464114607716
2021-10-18 16:30:00,1692.6875,-24.7027922001855,-0.78710414972128,-0.787108018263878
2021-10-18 17:00:00,1692.70833333333,-24.5949516507435,-0.769598174692324,-0.7696020432929
2021-10-18 17:30:00,1692.72916666667,-24.9105989014327,-0.819554092820553,-0.81955796147869
2021-10-18 18:00:00,1692.75,-24.570643978534,-0.765072100203556,-0.765075968918836
2021-10-18 18:30:00,1692.77083333333,-23.8269039480226,-0.646266835444601,-0.646270704216604
2021-10-18 19:00:00,1692.79166666667,-23.5496648605405,-0.601775488369916,-0.601779357198227
2021-10-18 19:30:00,1692.8125,-23.4436245654275,-0.584556215394796,-0.584560084278997
2021-10-18 20:00:00,1692.83333333333,-23.7985050464646,-0.640761935616301,-0.640765804555976
2021-10-18 20:30:00,1692.85416666667,-23.8979613554545,-0.656278386919535,-0.656282255914265
2021-10-18 21:00:00,1692.875,-23.618624479368,-0.611452797409954,-0.611456666459322
2021-10-18 21:30:00,1692.89583333333,-23.9389776955473,-0.662158252446216,-0.662162121549801
2021-10-18 22:00:00,1692.91666666667,-23.9110705858586,-0.657385573044427,-0.657389442201815
2021-10-18 22:30:00,1692.9375,-23.9108773068182,-0.65702771105542,-0.657031580266194
2021-10-18 23:00:00,1692.95833333333,-23.8805422475442,-0.65186822636324,-0.651872095626983
2021-10-18 23:30:00,1692.97916666667,-23.8300907053704,-0.643504156039222,-0.643508025355515
2021-10-19 03:00:00,1693.125,-23.7968386057514,-0.635916916262346,-0.635920785934811
2021-10-19 03:30:00,1693.14583333333,-24.125899622119,-0.688009344984825,-0.688013214706501
2021-10-19 04:00:00,1693.16666666667,-24.3468709266129,-0.722882990210528,-0.722886859981001
2021-10-19 04:30:00,1693.1875,-24.3549879375904,-0.723848779259765,-0.723852649078618
2021-10-19 05:00:00,1693.20833333333,-24.0962355890538,-0.682302073561161,-0.682305943427976
2021-10-19 05:30:00,1693.22916666667,-23.541521296475,-0.59360840365135,-0.593612273565708
2021-10-19 06:00:00,1693.25,-23.8777097443548,-0.64683616196147,-0.64684003192296
2021-10-19 06:30:00,1693.27083333333,-23.7536698604819,-0.626749203195272,-0.626753073203471
2021-10-19 07:00:00,1693.29166666667,-23.7217722344444,-0.621340557046844,-0.621344427101339
2021-10-19 07:30:00,1693.3125,-23.4364860654916,-0.575566920078102,-0.575570790178476
2021-10-19 08:00:00,1693.33333333333,-23.5404838137097,-0.591806474484323,-0.591810344630159
2021-10-19 08:30:00,1693.35416666667,-23.4816178088942,-0.582101701872305,-0.582105572063184
2021-10-19 09:00:00,1693.375,-23.6324574174074,-0.605803168588285,-0.605807038823795
2021-10-19 09:30:00,1693.39583333333,-23.8706426094444,-0.643418834486263,-0.643422704765982
2021-10-19 10:00:00,1693.41666666667,-24.0009678435484,-0.663852317357789,-0.663856187681304
2021-10-19 10:30:00,1693.4375,-24.1081826213942,-0.68060427342477,-0.680608143791664
2021-10-19 11:00:00,1693.45833333333,-23.5028907601852,-0.583853398158626,-0.583857268568483
2021-10-19 11:30:00,1693.47916666667,-23.7397944925926,-0.621264868275122,-0.621268738727521
2021-10-19 12:00:00,1693.5,-24.2971209991935,-0.709719900816993,-0.709723771311526
2021-10-19 12:30:00,1693.52083333333,-24.3142235634615,-0.712116858854774,-0.712120729391017
2021-10-19 13:00:00,1693.54166666667,-24.4695759501852,-0.736537098006893,-0.736540968584433
2021-10-19 13:30:00,1693.5625,-25.4002333518519,-0.884463965726141,-0.884467836344561
2021-10-19 14:00:00,1693.58333333333,-25.6992097225806,-0.931763579496061,-0.931767450154946
2021-10-19 14:30:00,1693.60416666667,-25.4896586853365,-0.898054399504018,-0.898058270202947
2021-10-19 15:00:00,1693.625,-25.8202560211503,-0.950391227106906,-0.950395097845471
2021-10-19 15:30:00,1693.64583333333,-26.2508417898305,-1.01865626933044,-1.01866014010822
2021-10-19 16:00:00,1693.66666666667,-26.1060805467742,-0.99526810728828,-0.995271978104857
2021-10-19 16:30:00,1693.6875,-26.1406947185096,-1.0004545629024,-1.00045843375736
2021-10-19 17:00:00,1693.70833333333,-25.4371796388889,-0.888056487237259,-0.888060358130187
2021-10-19 18:00:00,1693.75,-25.0283529986928,-0.822274827801331,-0.822278698768946
2021-10-19 18:30:00,1693.77083333333,-24.0267250275,-0.662387113539579,-0.66239098454391
2021-10-19 19:00:00,1693.79166666667,-23.747295025974,-0.61754603804321,-0.617549909083845
2021-10-19 19:30:00,1693.8125,-23.2243357799629,-0.533910566019389,-0.533914437095911
2021-10-19 20:00:00,1693.83333333333,-22.3537973749455,-0.394905471771484,-0.394909342883478
2021-10-19 20:30:00,1693.85416666667,-22.1466750125,-0.361583013422445,-0.361586884569492
2021-10-19 21:00:00,1693.875,-21.055996280705,-0.187509380309791,-0.187513251491482
2021-10-19 21:30:00,1693.89583333333,-20.9484991053803,-0.17005725805245,-0.170061129268362
2021-10-19 22:00:00,1693.91666666667,-20.3026230740741,-0.0668409856630044,-0.0668448569127256
2021-10-19 22:30:00,1693.9375,-19.9924444037037,-0.0171015291641148,-0.0171054004472293
2021-10-19 23:00:00,1693.95833333333,-19.8145462701852,0.011565556842995,0.0115616855269062
2021-10-20,1694,-19.3842984518657,0.0807599546866273,0.0807560833058264
2021-10-20 00:30:00,1694.02083333333,-19.7442810422658,0.0237422974193555,0.023738426006827
2021-10-20 01:00:00,1694.04166666667,-19.5915454714286,0.0484010230219358,0.0483971515780917
2021-10-20 01:30:00,1694.0625,-19.4425658852713,0.0724614309288512,0.0724575594541068
2021-10-20 04:30:00,1694.1875,-19.8592119016729,0.00805682094664129,0.00805294929522093
2021-10-20 05:00:00,1694.20833333333,-19.944890544898,-0.00526390251748077,-0.00526777419689115
2021-10-20 05:30:00,1694.22916666667,-19.6248796675926,0.0460420175614766,0.046038145854488
2021-10-20 06:00:00,1694.25,-19.6172430406542,0.0475865093001949,0.0475826375660401
2021-10-20 06:30:00,1694.27083333333,-19.3878126077922,0.0844629257468493,0.0844590539859498
2021-10-20 07:00:00,1694.29166666667,-19.1730556773655,0.119001855655449,0.118997983868216
2021-10-20 07:30:00,1694.3125,-18.881848762963,0.165719335487097,0.165715463673946
2021-10-20 08:00:00,1694.33333333333,-18.7802777657407,0.1822276909974,0.182223819158749
2021-10-20 08:30:00,1694.35416666667,-18.72923701,0.190686555689795,0.190682683826056
2021-10-20 09:00:00,1694.375,-18.5421685231481,0.220814747872783,0.220810875984368
2021-10-20 09:30:00,1694.39583333333,-18.4431419996914,0.236917805046546,0.236913933133876
2021-10-20 10:00:00,1694.41666666667,-18.4529490310185,0.235683611802971,0.235679739866457
2021-10-20 10:30:00,1694.4375,-18.1007550955473,0.292116443852067,0.292112571892124
2021-10-20 11:00:00,1694.45833333333,-18.2836147853704,0.263314863585244,0.26331099160229
2021-10-20 11:30:00,1694.47916666667,-18.2172839212963,0.274209529136259,0.274205657130705
2021-10-20 12:00:00,1694.5,-18.2360511865116,0.271548014344517,0.271544142316778
2021-10-20 12:30:00,1694.52083333333,-17.9236759542593,0.321637748461081,0.321633876411571
2021-10-20 13:00:00,1694.54166666667,-17.7068611062963,0.356504657452957,0.356500785382091
2021-10-20 13:30:00,1694.5625,-17.6941852064815,0.358852098463678,0.358848226371871
2021-10-20 14:00:00,1694.58333333333,-17.6021393822115,0.373843237455888,0.373839365343557
2021-10-20 14:30:00,1694.60416666667,-18.0280964686456,0.306316154856739,0.306312282724296
2021-10-20 15:00:00,1694.625,-17.9973666738889,0.31153963099823,0.311535758846089
2021-10-20 15:30:00,1694.64583333333,-18.1188395354938,0.292517127386301,0.292513255214876
2021-10-20 16:00:00,1694.66666666667,-18.0688519138889,0.300808413406338,0.300804541216043
2021-10-20 16:30:00,1694.6875,-17.9791796824074,0.315421498225522,0.315417626016773
2021-10-20 17:00:00,1694.70833333333,-18.015459252037,0.309970383165683,0.309966510938896
2021-10-20 17:30:00,1694.72916666667,-17.9294814376543,0.323994968748312,0.323991096503898
2021-10-20 18:00:00,1694.75,-17.9565555388889,0.320010315345309,0.320006443083682
2021-10-20 18:30:00,1694.77083333333,-17.8480740464815,0.337619776797647,0.337615904519222
2021-10-20 19:00:00,1694.79166666667,-17.770859245,0.350248443918394,0.350244571623584
2021-10-20 19:30:00,1694.8125,-17.2403641777778,0.435084993125567,0.435081120814787
2021-10-20 20:00:00,1694.83333333333,-16.9476203657407,0.482047609274038,0.482043736947705
2021-10-20 20:30:00,1694.85416666667,-16.3420444259259,0.578844618681427,0.578840746339951
2021-10-20 21:00:00,1694.875,-16.1008998024119,0.617587470683047,0.617583598326842
2021-10-20 21:30:00,1694.89583333333,-16.1330711752322,0.612790900819663,0.612787028449144
2021-10-20 22:00:00,1694.91666666667,-16.1038664087558,0.617771605430393,0.617767733045973
2021-10-20 22:30:00,1694.9375,-15.869487042037,0.655436782061838,0.655432909663931
2021-10-20 23:30:00,1694.97916666667,-16.3407179983302,0.581026140599725,0.581022268176089
2021-10-21,1695,-16.5643862137725,0.545724044559554,0.545720172123672
2021-10-21 00:30:00,1695.02083333333,-16.5991127215686,0.540520508981009,0.540516636533294
2021-10-21 01:00:00,1695.04166666667,-16.6118126230056,0.53882583890744,0.53882196644831
2021-10-21 01:30:00,1695.0625,-16.5703636541744,0.54575713389233,0.545753261422191
2021-10-21 02:00:00,1695.08333333333,-15.4199850338323,0.729341726104918,0.729337853624191
2021-10-21 02:30:00,1695.10416666667,-15.0971706941463,0.781094748266587,0.781090875775682
2021-10-21 06:00:00,1695.25,-16.0393959280669,0.633297176643252,0.633293304092677
2021-10-21 06:30:00,1695.27083333333,-16.2315260236059,0.603019270733566,0.603015398176118
2021-10-21 07:00:00,1695.29166666667,-16.3326245089494,0.587242776246633,0.58723890368273
2021-10-21 07:30:00,1695.3125,-16.364439728,0.58250316641491,0.582499293844962
2021-10-21 08:00:00,1695.33333333333,-16.5692912894249,0.550198754371093,0.550194881795512
2021-10-21 08:30:00,1695.35416666667,-16.4627527626394,0.567499016642349,0.567495144061549
2021-10-21 09:00:00,1695.375,-16.3550739268482,0.584980941650838,0.584977069065234
2021-10-21 09:30:00,1695.39583333333,-16.4256922,0.574060020447091,0.57405614785709
2021-10-21 10:00:00,1695.41666666667,-16.0775473085343,0.629848381233851,0.629844508639872
2021-10-21 10:30:00,1695.4375,-16.1782407477778,0.614136485764643,0.614132613167096
2021-10-21 11:00:00,1695.45833333333,-16.2713722875244,0.59962921681846,0.599625344217758
2021-10-21 11:30:00,1695.47916666667,-16.34673075,0.587953222269685,0.58794934966624
2021-10-21 12:00:00,1695.5,-16.3597055748148,0.586214996225432,0.58621112361966
2021-10-21 12:30:00,1695.52083333333,-16.1714426011111,0.616534105695165,0.616530233087473
2021-10-21 13:00:00,1695.54166666667,-15.9715438352827,0.648706815526354,0.64870294291716
2021-10-21 13:30:00,1695.5625,-16.0282692153846,0.639999125842748,0.639995253232463
2021-10-21 14:00:00,1695.58333333333,-16.1498796533333,0.620955210353097,0.620951337742131
2021-10-21 14:30:00,1695.60416666667,-16.0826592292593,0.631992196359052,0.63198832374782
2021-10-21 15:00:00,1695.625,-16.0294786262646,0.640792639026339,0.640788766415255
2021-10-21 15:30:00,1695.64583333333,-16.1820384576923,0.616818493615716,0.616814621005186
2021-10-21 16:00:00,1695.66666666667,-16.00383338,0.645535444704727,0.645531572095171
2021-10-21 16:30:00,1695.6875,-15.7851092607407,0.680707118136666,0.680703245528492
2021-10-21 17:00:00,1695.70833333333,-15.9721459225681,0.651240819203677,0.651236946597298
2021-10-21 17:30:00,1695.72916666667,-15.9729228769231,0.651445834756263,0.651441962152092
2021-10-21 18:00:00,1695.75,-15.8129407403704,0.677259898310365,0.677256025708816
2021-10-21 18:30:00,1695.77083333333,-15.5059277837037,0.726496086476079,0.726492213877558
2021-10-21 19:30:00,1695.8125,-14.9699721636364,0.812531838823971,0.812527966232752
2021-10-21 21:30:00,1695.89583333333,-14.6165046380334,0.870154863300913,0.870150990729239
2021-10-21 22:30:00,1695.9375,-14.3623232484848,0.911303895608346,0.911300023048914
2021-10-21 23:00:00,1695.95833333333,-14.5050800860412,0.88889152132365,0.888887648770956
2021-10-21 23:30:00,1695.97916666667,-14.452434683209,0.897606873045731,0.897603000500188
2021-10-22,1696,-14.4016729147664,0.906022169897245,0.906018297359267
2021-10-22 00:30:00,1696.02083333333,-14.2081817747475,0.937174367028701,0.937170494498697
2021-10-22 01:00:00,1696.04166666667,-14.3001372892449,0.922854717461593,0.922850844939974
2021-10-22 01:30:00,1696.0625,-14.1113637817164,0.953255411022926,0.953251538510105
2021-10-22 02:00:00,1696.08333333333,-13.902847020709,0.98680122823743,0.986797355733817
2021-10-22 02:30:00,1696.10416666667,-13.251272689899,1.09092644215898,1.09092256966499
2021-10-22 03:00:00,1696.125,-13.3825560297483,1.07034187888562,1.07033800640166
2021-10-22 03:30:00,1696.14583333333,-12.7285764889925,1.1748502627899,1.17484639031638
2021-10-22 04:00:00,1696.16666666667,-12.903322756903,1.14734204225261,1.14733816978994
2021-10-22 07:00:00,1696.29166666667,-12.9205277296296,1.1465753753691,1.1465715029802
2021-10-22 07:30:00,1696.3125,-12.9754558132558,1.1381543397072,1.13815046733203
2021-10-22 08:00:00,1696.33333333333,-12.6491208066914,1.19046879552719,1.19046492316617
2021-10-22 08:30:00,1696.35416666667,-12.4820519276438,1.21741205213736,1.21740817979089
2021-10-22 09:00:00,1696.375,-12.467825640367,1.22000738333009,1.22000351099859
2021-10-22 09:30:00,1696.39583333333,-12.636839527907,1.19341243236155,1.19340856004543
2021-10-22 10:00:00,1696.41666666667,-12.4545613438662,1.22277856802408,1.22277469572375
2021-10-22 10:30:00,1696.4375,-12.5140222506494,1.21363550231694,1.21363163003281
2021-10-22 11:00:00,1696.45833333333,-12.5221835357798,1.21266451150464,1.21266063923711
2021-10-22 11:30:00,1696.47916666667,-12.5941763440835,1.20152512190013,1.20152124964961
2021-10-22 12:00:00,1696.5,-12.6744888964815,1.18906039953779,1.18905652730471
2021-10-22 12:30:00,1696.52083333333,-12.59691112,1.20174772777599,1.20174385556075
2021-10-22 13:00:00,1696.54166666667,-13.1579541155963,1.11270231899349,1.1126984467965
2021-10-22 13:30:00,1696.5625,-13.3580417614849,1.0811573636578,1.08115349147948
2021-10-22 14:00:00,1696.58333333333,-14.1934166603704,0.948410703188749,0.948406831029492
2021-10-22 14:30:00,1696.60416666667,-15.213301865,0.786271427372322,0.786267555232547
2021-10-22 15:00:00,1696.625,-15.7467522761468,0.701621569938687,0.701617697818808
2021-10-22 15:30:00,1696.64583333333,-15.8627610257541,0.683470475623812,0.683466603524236
2021-10-22 16:00:00,1696.66666666667,-16.3009277572222,0.613999392664892,0.613995520586028
2021-10-22 16:30:00,1696.6875,-16.2385129988889,0.624271306795158,0.624267434737422
2021-10-22 17:00:00,1696.70833333333,-16.5488531311927,0.575163108471713,0.575159236435506
2021-10-22 17:30:00,1696.72916666667,-16.4831345955916,0.585961332639537,0.585957460625274
2021-10-22 18:00:00,1696.75,-16.9366429820561,0.514046344991929,0.514042473000024
2021-10-22 18:30:00,1696.77083333333,-16.8720149654851,0.524670864487958,0.524666992518816
2021-10-22 19:00:00,1696.79166666667,-17.4204903423077,0.437627583116452,0.437623711170484
2021-10-22 19:30:00,1696.8125,-17.4066967490741,0.440154158268206,0.440150286345825
2021-10-22 20:00:00,1696.83333333333,-17.4634515468284,0.431442332067691,0.431438460169301
2021-10-22 20:30:00,1696.85416666667,-17.876389508427,0.365990281038616,0.365986409164629
2021-10-22 21:00:00,1696.875,-18.2527788605769,0.306360457275201,0.306356585426031
2021-10-22 21:30:00,1696.89583333333,-18.1404675793981,0.324581001252791,0.324577129428845
2021-10-22 22:30:00,1696.9375,-18.3720464038961,0.288348904966777,0.28834503319451
2021-10-22 23:00:00,1696.95833333333,-18.8381098541899,0.214433963514656,0.214430091768838
2021-10-22 23:30:00,1696.97916666667,-18.9150176307018,0.202511806442933,0.20250793472398
2021-10-23,1697,-18.8533470975207,0.212665280544262,0.212661408852581
2021-10-23 00:30:00,1697.02083333333,-18.7689349592937,0.226441515947885,0.226437644283885
2021-10-23 01:00:00,1697.04166666667,-19.345719848423,0.134888599719019,0.13488472808311
2021-10-23 01:30:00,1697.0625,-18.9359648675439,0.200492197058595,0.200488325451189
2021-10-23 02:00:00,1697.08333333333,-19.0287511880282,0.186040613209219,0.186036741630719
2021-10-23 02:30:00,1697.10416666667,-19.3446463037037,0.136047646047873,0.136043774498695
2021-10-23 03:00:00,1697.125,-19.5380092690167,0.105574145158211,0.105570273638762
2021-10-23 03:30:00,1697.14583333333,-20.1163596912281,0.01377187438167,0.0137680028923574
2021-10-23 04:00:00,1697.16666666667,-20.0436126920188,0.0256898951913218,0.0256860237325557
2021-10-23 04:30:00,1697.1875,-19.8948259168519,0.0497211136793024,0.0497172422514953
2021-10-23 05:00:00,1697.20833333333,-20.229416625,-0.00325003936511777,-0.00325391076156338
2021-10-23 08:30:00,1697.35416666667,-19.3728717085526,0.135504071080862,0.135500199915428
2021-10-23 09:00:00,1697.375,-19.3264552931915,0.14322767946145,0.143223808330651
2021-10-23 09:30:00,1697.39583333333,-19.1223599777366,0.176069655913485,0.176065784817732
2021-10-23 10:00:00,1697.41666666667,-19.3033134868275,0.147573086019805,0.147569214959505
2021-10-23 10:30:00,1697.4375,-19.4800658309211,0.119745771235118,0.119741900210683
2021-10-23 11:00:00,1697.45833333333,-19.432872292766,0.12759320200769,0.127589331019522
2021-10-23 11:30:00,1697.47916666667,-19.496170693692,0.117839194364131,0.117835323412646
2021-10-23 12:00:00,1697.5,-19.9516226802974,0.0456148466801179,0.0456109757657201
2021-10-23 12:30:00,1697.52083333333,-19.9701908200658,0.0429864143536961,0.0429825434767942
2021-10-23 13:00:00,1697.54166666667,-19.9368297659574,0.0486303460328017,0.0486264751938041
2021-10-23 13:30:00,1697.5625,-20.2303444196296,0.00220275014242763,0.00219887934174591
2021-10-23 14:00:00,1697.58333333333,-20.4237611418519,-0.0282791675095584,-0.0282830382715224
2021-10-23 14:30:00,1697.60416666667,-20.3166347753289,-0.0108843501675993,-0.010888220890431
2021-10-23 15:00:00,1697.625,-20.4978898084746,-0.0394288897310729,-0.0394327604143673
2021-10-23 15:30:00,1697.64583333333,-20.7729240403704,-0.0829125165706872,-0.0829163872140362
2021-10-23 16:00:00,1697.66666666667,-20.7597611411111,-0.0804861284097391,-0.0804899990127346
2021-10-23 16:30:00,1697.6875,-20.8911118213816,-0.101080850723075,-0.101084721285305
2021-10-23 17:00:00,1697.70833333333,-20.9224914902542,-0.105750113506386,-0.10575398402745
2021-10-23 17:30:00,1697.72916666667,-20.8060259526902,-0.0868675233206995,-0.0868713938001829
2021-10-23 18:00:00,1697.75,-21.07822408,-0.129899326803949,-0.129903197241447
2021-10-23 18:30:00,1697.77083333333,-21.1226710391447,-0.136650200597589,-0.136654070992694
2021-10-23 19:00:00,1697.79166666667,-21.2825381470339,-0.161787580761945,-0.161791451114249
2021-10-23 19:30:00,1697.8125,-21.8379481727778,-0.249935224637799,-0.249939094946891
2021-10-23 20:00:00,1697.83333333333,-21.9599500362963,-0.269040632831927,-0.269044503097402
2021-10-23 20:30:00,1697.85416666667,-22.2234933865132,-0.310693695326168,-0.310697565547619
2021-10-23 21:00:00,1697.875,-22.3826638468085,-0.335720076233869,-0.335723946410888
2021-10-23 22:00:00,1697.91666666667,-22.2183691881262,-0.308888628634861,-0.308892498721793
2021-10-23 22:30:00,1697.9375,-22.4586833735763,-0.346841246291652,-0.346845116332927
2021-10-23 23:00:00,1697.95833333333,-22.1307119488673,-0.294265554679232,-0.294269424674445
2021-10-23 23:30:00,1697.97916666667,-21.8887644208889,-0.25539352586494,-0.255397395813683
2021-10-24,1698,-21.5120431609756,-0.195051939860018,-0.195055809761885
2021-10-24 00:30:00,1698.02083333333,-20.2458596411538,0.00698162510925233,0.00697775525466891
2021-10-24 01:00:00,1698.04166666667,-20.7151067867314,-0.0674401497816405,-0.0674440195885327
2021-10-24 01:30:00,1698.0625,-21.3625200488889,-0.170243909107707,-0.170247778866498
2021-10-24 02:00:00,1698.08333333333,-20.4509981058271,-0.0247081709945476,-0.024712040704833
2021-10-24 02:30:00,1698.10416666667,-20.2760825469043,0.00348564890861298,0.00348177924724007
2021-10-24 03:00:00,1698.125,-20.2626504857605,0.00595503734644952,0.00595116773439623
2021-10-24 03:30:00,1698.14583333333,-20.142226604,0.025468304352977,0.0254644347906502
2021-10-24 04:00:00,1698.16666666667,-20.1255505520599,0.0284544729742246,0.0284506034620312
2021-10-24 04:30:00,1698.1875,-19.8290374174157,0.0760188938474771,0.0760150243858274
2021-10-24 05:00:00,1698.20833333333,-20.3468220255663,-0.00613489265362975,-0.00613876206433227
2021-10-24 05:30:00,1698.22916666667,-20.3556977831111,-0.00721913066287147,-0.00722300002221998
2021-10-24 06:00:00,1698.25,-20.597290258427,-0.0453753032398063,-0.0453791725473941
2021-10-24 06:30:00,1698.27083333333,-20.6247472071161,-0.049419528567927,-0.0494233978233473
2021-10-24 10:00:00,1698.41666666667,-22.3184669256513,-0.316922354766851,-0.316926223645712
2021-10-24 10:30:00,1698.4375,-22.097750095,-0.28143228255288,-0.281436151376319
2021-10-24 11:00:00,1698.45833333333,-22.1439332437848,-0.288459563340092,-0.288463432107705
2021-10-24 11:30:00,1698.47916666667,-22.2585223282528,-0.306383954154567,-0.306387822865948
2021-10-24 12:00:00,1698.5,-21.7873487074148,-0.230995923052142,-0.230999791706882
2021-10-24 12:30:00,1698.52083333333,-21.718250075,-0.21965872060704,-0.219662589204739
2021-10-24 13:00:00,1698.54166666667,-23.1537751068773,-0.448009138822228,-0.448013007362477
2021-10-24 13:30:00,1698.5625,-24.7199274962825,-0.697168584197882,-0.697172452680271
2021-10-24 14:00:00,1698.58333333333,-25.2816787365462,-0.786326204558432,-0.786330072982559
2021-10-24 14:30:00,1698.60416666667,-25.273365895122,-0.784672205174055,-0.784676073539515
2021-10-24 15:00:00,1698.625,-25.3368256042672,-0.794451620270067,-0.794455488576449
2021-10-24 15:30:00,1698.64583333333,-25.6060388961111,-0.837007724051358,-0.837011592298263
2021-10-24 16:00:00,1698.66666666667,-26.5954929987976,-0.994298699662361,-0.994302567849381
2021-10-24 16:30:00,1698.6875,-26.6267561585366,-0.998949169338715,-0.998953037465441
2021-10-24 17:00:00,1698.70833333333,-26.3520370309259,-0.954856438035678,-0.954860306101706
2021-10-24 17:30:00,1698.72916666667,-26.088094422037,-0.912480409962389,-0.912484277967315
2021-10-24 18:00:00,1698.75,-24.9965843403614,-0.738272288222995,-0.738276156166409
2021-10-24 18:30:00,1698.77083333333,-24.7143414560976,-0.692981005524506,-0.692984873406011
2021-10-24 19:00:00,1698.79166666667,-23.9402944403704,-0.569344969457743,-0.569348837276928
2021-10-24 19:30:00,1698.8125,-23.1491647788889,-0.442987651980357,-0.442991519736814
2021-10-24 20:00:00,1698.83333333333,-21.9989599308617,-0.259429396994405,-0.259433264687732
2021-10-24 20:30:00,1698.85416666667,-21.6205365682927,-0.19881648051641,-0.198820348146202
2021-10-24 21:30:00,1698.89583333333,-20.8045862630798,-0.0681753942374611,-0.0681792617389668
2021-10-24 22:00:00,1698.91666666667,-20.3922151948052,-0.00215457328465503,-0.00215844072140654
2021-10-24 22:30:00,1698.9375,-19.6091571807466,0.122916946509886,0.12291307913829
2021-10-24 23:00:00,1698.95833333333,-19.53133329,0.135644169930533,0.135640302624498
2021-10-24 23:30:00,1698.97916666667,-19.6781797998127,0.11258124138632,0.112577374146252
2021-10-25,1699,-19.4290168996248,0.152602898202485,0.152599031028791
2021-10-25 00:30:00,1699.02083333333,-19.5071369144841,0.140488156083111,0.14048428897619
2021-10-25 01:00:00,1699.04166666667,-19.4572666733333,0.148762356479217,0.14875848943948
2021-10-25 01:30:00,1699.0625,-19.3417335893058,0.167496697896332,0.167492830924181
2021-10-25 02:00:00,1699.08333333333,-19.4156891631086,0.15604536389522,0.15604149699106
2021-10-25 02:30:00,1699.10416666667,-19.4327956214286,0.153650137758442,0.153646270922676
2021-10-25 03:00:00,1699.125,-19.4306332933333,0.154324446167793,0.15432057940083
2021-10-25 03:30:00,1699.14583333333,-18.7169340322034,0.26834709954085,0.268343232843089
2021-10-25 04:00:00,1699.16666666667,-18.0001029941948,0.38286865022472,0.382864783596571
2021-10-25 04:30:00,1699.1875,-18.2452505846336,0.344146320928801,0.344142454370665
2021-10-25 05:00:00,1699.20833333333,-18.3018334033333,0.335462497453055,0.335458630965338
2021-10-25 05:30:00,1699.22916666667,-18.3595973754682,0.326590518280225,0.32658665186333
2021-10-25 06:00:00,1699.25,-18.2834026426966,0.339058259374359,0.339054393028695
2021-10-25 06:30:00,1699.27083333333,-18.0993552156746,0.368707014540052,0.368703148266015
2021-10-25 07:00:00,1699.29166666667,-18.1484665533333,0.361213414636374,0.361209548434375
2021-10-25 07:30:00,1699.3125,-18.3017322294007,0.337127956914213,0.337124090784654
2021-10-25 08:00:00,1699.33333333333,-18.5745459590994,0.293998411495859,0.293994545439144
2021-10-25 11:30:00,1699.47916666667,-18.1677421,0.361111765135042,0.361107899599549
2021-10-25 12:00:00,1699.5,-18.1963935446809,0.356877466101658,0.356873600642243
2021-10-25 12:30:00,1699.52083333333,-18.0920808903371,0.373824445357976,0.373820579975037
2021-10-25 13:00:00,1699.54166666667,-17.9982825057621,0.389096496181558,0.389092630875504
2021-10-25 13:30:00,1699.5625,-17.9102968801484,0.4034425725614,0.403438707332633
2021-10-25 14:00:00,1699.58333333333,-17.8506169840426,0.413279528173462,0.413275663022384
2021-10-25 14:30:00,1699.60416666667,-17.9020808759551,0.405411201057711,0.405407335984726
2021-10-25 15:00:00,1699.625,-17.9257296398148,0.401973845803631,0.401969980809145
2021-10-25 15:30:00,1699.64583333333,-18.0977444587037,0.3749016740028,0.374897809087211
2021-10-25 16:00:00,1699.66666666667,-18.0899574361702,0.376472066030547,0.376468201194264
2021-10-25 16:30:00,1699.6875,-18.1389327495516,0.369000179342971,0.368996314586395
2021-10-25 17:00:00,1699.70833333333,-18.0743710530612,0.379614821379684,0.379610956703218
2021-10-25 17:30:00,1699.72916666667,-17.9281479421348,0.40323818696684,0.403234322370887
2021-10-25 18:00:00,1699.75,-17.8129148276596,0.421924825805629,0.421920961290596
2021-10-25 18:30:00,1699.77083333333,-17.7370583008969,0.434338747872745,0.434334883439031
2021-10-25 19:00:00,1699.79166666667,-17.6335409040892,0.451159068052521,0.451155203700528
2021-10-25 19:30:00,1699.8125,-17.6559222272222,0.447923633882265,0.447919769612398
2021-10-25 20:30:00,1699.85416666667,-17.8118268153846,0.423747779721254,0.423743915616846
2021-10-25 21:00:00,1699.875,-17.7669218641379,0.431231102005653,0.431227237984581
2021-10-25 21:30:00,1699.89583333333,-17.7685528682746,0.431301214878536,0.431297350941201
2021-10-25 22:00:00,1699.91666666667,-17.9234738127341,0.406952132209118,0.406948268355922
2021-10-25 22:30:00,1699.9375,-18.1464747222222,0.371757863911461,0.371754000142807
2021-10-25 23:00:00,1699.95833333333,-18.0916367583908,0.380823528090054,0.380819664406344
2021-10-25 23:30:00,1699.97916666667,-18.0854044606742,0.382146276289497,0.382142412691135
2021-10-26,1700,-18.1351629719101,0.374549649935835,0.374545786423225
2021-10-26 00:30:00,1700.02083333333,-18.0506060292929,0.388349572646971,0.388345709220512
2021-10-26 01:00:00,1700.04166666667,-18.0505908,0.388681941251291,0.388678077911387
2021-10-26 01:30:00,1700.0625,-17.9798125206439,0.400286915496719,0.400283052243771
2021-10-26 02:00:00,1700.08333333333,-17.9221891050562,0.409796311698885,0.409792448533296
2021-10-26 02:30:00,1700.10416666667,-17.8270202606061,0.425286722662696,0.425282859584869
2021-10-26 03:00:00,1700.125,-17.8161333406897,0.427350963890429,0.427347100900768
2021-10-26 03:30:00,1700.14583333333,-17.8126416350844,0.428237143222509,0.428233280321414
2021-10-26 04:00:00,1700.16666666667,-17.6323033292135,0.45729511334024,0.457291250528112
2021-10-26 04:30:00,1700.1875,-17.6408888909091,0.456257377291491,0.456253514568733
2021-10-26 05:00:00,1700.20833333333,-17.5717172928736,0.467606413256091,0.467602550623104
2021-10-26 05:30:00,1700.22916666667,-17.5079288116105,0.478097915731735,0.478094053188921
2021-10-26 06:00:00,1700.25,-17.1466666829588,0.535977183632038,0.535973321179802
2021-10-26 06:30:00,1700.27083333333,-17.2986969787879,0.512088602282573,0.512084739921315
2021-10-26 07:00:00,1700.29166666667,-17.3222459563218,0.508667187484734,0.508663325214855
2021-10-26 07:30:00,1700.3125,-17.4278951501873,0.492167150245918,0.492163288067822
2021-10-26 08:00:00,1700.33333333333,-17.2762720260788,0.51665077775857,0.516646915672653
2021-10-26 08:30:00,1700.35416666667,-16.9172019363636,0.574180855742535,0.574176993749201
2021-10-26 09:00:00,1700.375,-16.8090114917241,0.591745627547873,0.591741765647527
2021-10-26 09:30:00,1700.39583333333,-16.8382116271536,0.587423982288608,0.587420120481649
2021-10-26 13:00:00,1700.54166666667,-16.5840983710575,0.630214116894064,0.630210255752052
2021-10-26 13:30:00,1700.5625,-16.4704295507042,0.648651601035675,0.648647739990262
2021-10-26 14:00:00,1700.58333333333,-16.4582901501961,0.650915376182582,0.650911515234164
2021-10-26 14:30:00,1700.60416666667,-16.4369239692022,0.654648984153023,0.654645123302003
2021-10-26 15:00:00,1700.625,-16.3151540100186,0.674376985795032,0.674373125041815
2021-10-26 15:30:00,1700.64583333333,-16.4541302383803,0.652567933442591,0.652564072787574
2021-10-26 16:00:00,1700.66666666667,-16.4487372615686,0.653756998613998,0.653753138057582
2021-10-26 16:30:00,1700.6875,-16.815327139777,0.595688929086493,0.595685068629081
2021-10-26 17:30:00,1700.72916666667,-16.9113415609155,0.581053682886534,0.581049822628325
2021-10-26 18:00:00,1700.75,-16.8941758125,0.584118158451105,0.584114298293102
2021-10-26 18:30:00,1700.77083333333,-17.4096888703704,0.502326519275734,0.502322659218335
2021-10-26 19:00:00,1700.79166666667,-18.9316963231481,0.26019960345635,0.260195743499956
2021-10-26 20:00:00,1700.83333333333,-19.9052696546075,0.105768593118648,0.105764733365463
2021-10-26 20:30:00,1700.85416666667,-19.9806081918367,0.0940970682536403,0.0940932086026645
2021-10-26 21:00:00,1700.875,-19.7978330307978,0.123543239522699,0.123539379974329
2021-10-26 21:30:00,1700.89583333333,-19.6376512116883,0.149390274783435,0.14938641533807
2021-10-26 22:00:00,1700.91666666667,-19.9627244965986,0.0979358246688267,0.0979319653268683
2021-10-26 22:30:00,1700.9375,-20.0924162963265,0.0776057841876628,0.0776019249495135
2021-10-26 23:00:00,1700.95833333333,-20.3159313571429,0.0423296305474961,0.0423257714135496
2021-10-26 23:30:00,1700.97916666667,-20.9758924202226,-0.0624726838054777,-0.0624765428348152
2021-10-27,1701,-21.3264319761905,-0.11798393166411,-0.117987790588441
2021-10-27 00:30:00,1701.02083333333,-21.4573507994764,-0.138509440610029,-0.138513299428955
2021-10-27 01:00:00,1701.04166666667,-23.1560407851852,-0.408782016867912,-0.408785875581033
2021-10-27 01:30:00,1701.0625,-23.8009888633333,-0.511192755066287,-0.511196613673199
2021-10-27 02:00:00,1701.08333333333,-25.0232696211604,-0.705573002580625,-0.705576861080936
2021-10-27 02:30:00,1701.10416666667,-25.2516098170732,-0.74161780921616,-0.741621667609463
2021-10-27 03:00:00,1701.125,-25.8347012820037,-0.834174747474532,-0.834178605760431
2021-10-27 03:30:00,1701.14583333333,-25.5483148227778,-0.78822323207609,-0.788227090254186
2021-10-27 04:00:00,1701.16666666667,-25.5642653176871,-0.790434210568243,-0.790438068638136
2021-10-27 04:30:00,1701.1875,-25.5899431130081,-0.794194756052781,-0.794198614014068
2021-10-27 05:00:00,1701.20833333333,-25.2186148077778,-0.734711947141829,-0.734715804994118
2021-10-27 05:30:00,1701.22916666667,-24.2598833818519,-0.581655402508579,-0.581659260251463
2021-10-27 06:00:00,1701.25,-23.9276190527211,-0.528395515288287,-0.528399372921372
2021-10-27 06:30:00,1701.27083333333,-23.8376828788618,-0.513738677628054,-0.513742535150939
2021-10-27 07:00:00,1701.29166666667,-23.5916666668519,-0.474218179650576,-0.474222037062863
2021-10-27 07:30:00,1701.3125,-23.2734184975926,-0.423191080604682,-0.423194937905968
2021-10-27 08:00:00,1701.33333333333,-22.982544235034,-0.37652466583942,-0.376528523029312
2021-10-27 08:30:00,1701.35416666667,-22.9341789235772,-0.368490101708266,-0.36849395878636
2021-10-27 09:00:00,1701.375,-22.6334269333333,-0.320250160753811,-0.320254017719711
2021-10-27 09:30:00,1701.39583333333,-22.2232148675926,-0.254573153059531,-0.254577009912838
2021-10-27 10:00:00,1701.41666666667,-22.0460612414966,-0.226022522897641,-0.226026379637956
2021-10-27 10:30:00,1701.4375,-21.9355162796748,-0.208082702146962,-0.208086558773883
2021-10-27 11:00:00,1701.45833333333,-21.9732657884758,-0.213766298174727,-0.213770154687862
2021-10-27 14:30:00,1701.60416666667,-22.0398958656134,-0.222071072510609,-0.222074928216054
2021-10-27 15:00:00,1701.625,-21.9104894236287,-0.201126620730135,-0.201130476318604
2021-10-27 15:30:00,1701.64583333333,-21.8191845861538,-0.186251783791661,-0.186255639262755
2021-10-27 16:00:00,1701.66666666667,-21.8345158145251,-0.188364150403875,-0.188368005757196
2021-10-27 16:30:00,1701.6875,-21.7469925998145,-0.174091732832428,-0.174095588067576
2021-10-27 17:00:00,1701.70833333333,-21.6983297932347,-0.166009808188899,-0.166013663305477
2021-10-27 17:30:00,1701.72916666667,-21.6284923553846,-0.154554751837141,-0.154558606834753
2021-10-27 18:00:00,1701.75,-21.6613395330241,-0.159457430339742,-0.159461285217989
2021-10-27 18:30:00,1701.77083333333,-21.5664129687037,-0.144005662708836,-0.144009517467321
2021-10-27 19:30:00,1701.8125,-20.951936594274,-0.0454593479291091,-0.0454632024468729
2021-10-27 20:00:00,1701.83333333333,-20.968039968,-0.0476947358342144,-0.0476985902310227
2021-10-27 20:30:00,1701.85416666667,-20.697086288743,-0.00420173250308086,-0.00420558677853617
2021-10-27 21:00:00,1701.875,-20.4383502200375,0.0373449942554988,0.037341140101794
2021-10-27 21:30:00,1701.89583333333,-19.9323582066253,0.118279767174934,0.118275913143377
2021-10-27 22:00:00,1701.91666666667,-19.939480018,0.117475138563079,0.117471284654068
2021-10-27 22:30:00,1701.9375,-19.8426610483146,0.133228348043783,0.133224494257718
2021-10-27 23:00:00,1701.95833333333,-19.770632944382,0.145032352244318,0.145028498581592
2021-10-27 23:30:00,1701.97916666667,-19.6982292572314,0.156896184427762,0.156892330888774
2021-10-28 00:30:00,1702.02083333333,-19.6847003692884,0.159711083858842,0.159707230568521
2021-10-28 01:00:00,1702.04166666667,-19.5162696365169,0.186872084701643,0.18686823153625
2021-10-28 01:30:00,1702.0625,-19.5683069004175,0.178912373264107,0.178908520224042
2021-10-28 02:00:00,1702.08333333333,-19.73478,0.152722948521648,0.152719095607306
2021-10-28 02:30:00,1702.10416666667,-19.6282621586142,0.170021172812361,0.170017320024139
2021-10-28 03:00:00,1702.125,-19.71279027397,0.156885636682197,0.156881784020491
2021-10-28 03:30:00,1702.14583333333,-19.7457768572314,0.151960700416522,0.15195684788173
2021-10-28 04:00:00,1702.16666666667,-19.830539934,0.138787728662452,0.138783876254968
2021-10-28 04:30:00,1702.1875,-19.6876030166667,0.161887525571062,0.161883673291289
2021-10-28 05:00:00,1702.20833333333,-19.7013539799625,0.160026827967192,0.160022975815522
2021-10-28 05:30:00,1702.22916666667,-19.9401301683884,0.122319447994908,0.122315595971738
2021-10-28 06:00:00,1702.25,-19.915659982,0.126547400407857,0.126543548513586
2021-10-28 06:30:00,1702.27083333333,-20.0049288329588,0.112656639608093,0.11265278784311
2021-10-28 07:00:00,1702.29166666667,-20.0447022687266,0.106650530492078,0.106646678856785
2021-10-28 07:30:00,1702.3125,-20.0970888700413,0.0986351317223273,0.0986312802171223
2021-10-28 08:00:00,1702.33333333333,-20.101359936,0.098284568707941,0.0982807173332174
2021-10-28 08:30:00,1702.35416666667,-20.0372060041198,0.108834153293621,0.108830302049775
2021-10-28 09:00:00,1702.375,-19.9227448765478,0.127397706607747,0.127393855495178
2021-10-28 09:30:00,1702.39583333333,-20.0491218681818,0.10759557188887,0.107591720907967
2021-10-28 10:00:00,1702.41666666667,-20.154859962,0.09108122476104,0.0910773739122031
2021-10-28 10:30:00,1702.4375,-20.6249943859287,0.0165182782223064,0.0165144275059344
2021-10-28 11:00:00,1702.45833333333,-21.0546741305243,-0.0516002126536582,-0.0516040632371726
2021-10-28 11:30:00,1702.47916666667,-21.1095071689162,-0.0600053590679258,-0.0600092095181868
2021-10-28 12:00:00,1702.5,-21.13709999,-0.0640711231478187,-0.0640749734644273
2021-10-28 12:30:00,1702.52083333333,-21.1281577185529,-0.0623168246703152,-0.0623206748528821
2021-10-28 18:30:00,1702.77083333333,-20.5347018981366,0.036178259463819,0.0361744109206413
2021-10-28 19:00:00,1702.79166666667,-20.5440546236364,0.0350180987223295,0.035014250318339
2021-10-28 20:00:00,1702.83333333333,-19.8484591154275,0.14648641729855,0.146482569174111
2021-10-28 20:30:00,1702.85416666667,-19.3482694990706,0.226496702464692,0.226492854480622
2021-10-28 21:00:00,1702.875,-19.1999473791498,0.250454239490029,0.250450391646725
2021-10-28 21:30:00,1702.89583333333,-19.2302500159091,0.245956720576891,0.245952872874741
2021-10-28 22:00:00,1702.91666666667,-19.1250353731844,0.263047196533779,0.263043348973184
2021-10-28 22:30:00,1702.9375,-18.6713754576208,0.335645248820722,0.335641401402074
2021-10-28 23:00:00,1702.95833333333,-18.6514279839757,0.339152594495153,0.339148747218846
2021-10-28 23:30:00,1702.97916666667,-18.7322500818182,0.326607270699582,0.326603423566011
2021-10-29,1703,-18.9164096683426,0.297600206347527,0.297596359357089
2021-10-29 00:30:00,1703.02083333333,-19.1287341834572,0.264106443938639,0.264102597091722
2021-10-29 01:00:00,1703.04166666667,-19.4089250748988,0.219801514435106,0.219797667732111
2021-10-29 01:30:00,1703.0625,-19.4735454613636,0.209837115533739,0.209833268975056
2021-10-29 02:00:00,1703.08333333333,-19.5487528057621,0.198186201735803,0.198182355321827
2021-10-29 02:30:00,1703.10416666667,-19.7700762009294,0.163258891659712,0.163255045390837
2021-10-29 03:00:00,1703.125,-19.9379551641548,0.136845312767293,0.136841466643916
2021-10-29 03:30:00,1703.14583333333,-20.0023181613636,0.126921896176195,0.126918050198702
2021-10-29 04:00:00,1703.16666666667,-19.9568063216015,0.134501614531368,0.134497768700161
2021-10-29 04:30:00,1703.1875,-20.1094553784387,0.110514155306595,0.110510309622065
2021-10-29 05:00:00,1703.20833333333,-20.2270202109312,0.0921156329059026,0.0921117873684424
2021-10-29 05:30:00,1703.22916666667,-20.2517043931818,0.0885130592345595,0.088509213844563
2021-10-29 06:00:00,1703.25,-20.1694637959184,0.101943674079359,0.101939828837222
2021-10-29 06:30:00,1703.27083333333,-20.1832979817505,0.10006950200844,0.100065656914552
2021-10-29 07:00:00,1703.29166666667,-20.3481801779352,0.0741332685930127,0.0741294236477717
2021-10-29 07:30:00,1703.3125,-20.3466220444444,0.0747110932382677,0.0747072484420646
2021-10-29 08:00:00,1703.33333333333,-20.4314044601113,0.0615348012635715,0.0615309566167994
2021-10-29 08:30:00,1703.35416666667,-20.5403970187384,0.0445018107331489,0.0444979662362012
2021-10-29 09:00:00,1703.375,-20.5736633022312,0.0395320644228923,0.0395282200761655
2021-10-29 09:30:00,1703.39583333333,-20.5513555355556,0.0434152984525279,0.0434114542564087
2021-10-29 10:00:00,1703.41666666667,-20.8017026003717,0.00386441737501881,0.00386057332990686
2021-10-29 10:30:00,1703.4375,-20.8986085020408,-0.0112431824126044,-0.0112470263063193
2021-10-29 11:00:00,1703.45833333333,-21.1784028665992,-0.0554850507253876,-0.0554888944673125
2021-10-29 11:30:00,1703.47916666667,-21.2228224044444,-0.0622315466757467,-0.0622353902654885
2021-10-29 12:00:00,1703.5,-21.3024748875233,-0.0745906817568153,-0.074594525193978
2021-10-29 12:30:00,1703.52083333333,-21.1649963152134,-0.0523606903691845,-0.0523645336533818
2021-10-29 13:00:00,1703.54166666667,-21.2949878453441,-0.0727388832992077,-0.0727427264300403
2021-10-29 13:30:00,1703.5625,-21.3139112666667,-0.0754238530292546,-0.075427696006333
2021-10-29 14:00:00,1703.58333333333,-21.2118961185529,-0.0588432281698552,-0.0588470709927869
2021-10-29 14:30:00,1703.60416666667,-20.9947751126394,-0.0239261638950437,-0.0239300065634361
2021-10-29 15:00:00,1703.625,-21.0631032463563,-0.0344813575793099,-0.0344852000927671
2021-10-29 15:30:00,1703.64583333333,-20.8731554244444,-0.00389301303739092,-0.00389685539552384
2021-10-29 16:30:00,1703.6875,-20.2889944369888,0.0898232728706683,0.089819430824361
2021-10-29 20:00:00,1703.83333333333,-19.2679091077922,0.254789279047464,0.254785438104903
2021-10-29 20:30:00,1703.85416666667,-18.9927431256757,0.298952874358828,0.298949033575512
2021-10-29 21:00:00,1703.875,-18.9609892107527,0.304340746883801,0.304336906260125
2021-10-29 21:30:00,1703.89583333333,-18.8816604751391,0.317307315762968,0.317303475299322
2021-10-29 22:00:00,1703.91666666667,-18.7228663981447,0.34293276368947,0.342928923386245
2021-10-29 22:30:00,1703.9375,-18.4296351256757,0.389974146261678,0.389970306119264
2021-10-29 23:00:00,1703.95833333333,-18.6252171847312,0.359147209103985,0.359143369122775
2021-10-29 23:30:00,1703.97916666667,-18.4189277442593,0.392338682255128,0.392334842435513
2021-10-30,1704,-18.2631518407407,0.41748330608149,0.417479466423865
2021-10-30 00:30:00,1704.02083333333,-18.2195676121622,0.424755709083663,0.424751869588416
2021-10-30 01:00:00,1704.04166666667,-18.1057140316129,0.443222063195284,0.443218223862806
2021-10-30 01:30:00,1704.0625,-17.7882383513966,0.494125556377543,0.494121717208225
2021-10-30 02:00:00,1704.08333333333,-17.6649111296296,0.514101054428628,0.514097215422861
2021-10-30 02:30:00,1704.10416666667,-17.5182027567568,0.537801179557841,0.537797340716017
2021-10-30 03:00:00,1704.125,-17.4503139522581,0.548945284075816,0.548941445398328
2021-10-30 03:30:00,1704.14583333333,-17.4718203644444,0.545848659606989,0.545844821094225
2021-10-30 04:00:00,1704.16666666667,-17.3101150185529,0.571937791997214,0.571933953649566
2021-10-30 04:30:00,1704.1875,-16.8404729202703,0.647081461928291,0.647077623746152
2021-10-30 05:00:00,1704.20833333333,-17.0586330424893,0.612657739408948,0.612653901392704
2021-10-30 05:30:00,1704.22916666667,-15.9539111268519,0.788970063613165,0.788966225763208
2021-10-30 06:00:00,1704.25,-15.4888388940741,0.863385728939252,0.863381891255977
2021-10-30 06:30:00,1704.27083333333,-15.4031891554054,0.877359112474573,0.877355274958366
2021-10-30 07:00:00,1704.29166666667,-15.3751053750538,0.882162190331279,0.882158352982531
2021-10-30 07:30:00,1704.3125,-15.2267201494403,0.906129366963421,0.906125529782526
2021-10-30 08:00:00,1704.33333333333,-15.156808887384,0.917595577656624,0.917591740643967
2021-10-30 08:30:00,1704.35416666667,-15.1722192383562,0.915469986914547,0.91546615007052
2021-10-30 09:00:00,1704.375,-15.2286923149321,0.90680306708959,0.906799230414587
2021-10-30 09:30:00,1704.39583333333,-15.4534277888889,0.871331819527057,0.871327983021465
2021-10-30 10:00:00,1704.41666666667,-15.5886036951852,0.850127467458645,0.850123631122854
2021-10-30 10:30:00,1704.4375,-15.662797322973,0.838637628258445,0.838633792092849
2021-10-30 11:00:00,1704.45833333333,-15.6460752776344,0.841630713037727,0.841626877042708
2021-10-30 11:30:00,1704.47916666667,-15.7753617847866,0.82136452330456,0.821360687480512
2021-10-30 12:00:00,1704.5,-15.976291822119,0.789685460212874,0.789681624560191
2021-10-30 12:30:00,1704.52083333333,-15.9846712534247,0.788679838414676,0.788676002933743
2021-10-30 13:00:00,1704.54166666667,-15.950173438758,0.79450458465275,0.794500749343958
2021-10-30 13:30:00,1704.5625,-15.6810963142593,0.837697974650279,0.83769413951402
2021-10-30 14:00:00,1704.58333333333,-15.4786778122222,0.87027259048243,0.870268755519088
2021-10-30 14:30:00,1704.60416666667,-15.284547869863,0.901526824820476,0.901522990030443
2021-10-30 15:00:00,1704.625,-15.2811673793991,0.902394527103082,0.902390692486751
2021-10-30 15:30:00,1704.64583333333,-15.0421296146296,0.940802593487418,0.940798759045176
2021-10-30 16:00:00,1704.66666666667,-14.9154635521495,0.961309759253979,0.961305924986215
2021-10-30 16:30:00,1704.6875,-14.5571304565217,1.01872164076991,1.01871780667701
2021-10-30 17:00:00,1704.70833333333,-14.5392912396146,1.02189259585922,1.02188876194158
2021-10-30 17:30:00,1704.72916666667,-14.4407220348881,1.03792388743137,1.03792005368938
2021-10-30 21:30:00,1704.89583333333,-14.9345955181818,0.961882360486911,0.961878528164086
2021-10-30 22:00:00,1704.91666666667,-14.9738248240876,0.955962174537406,0.955958342393727
2021-10-30 22:30:00,1704.9375,-14.9324528218868,0.962881825878653,0.96287799391451
2021-10-30 23:00:00,1704.95833333333,-14.6390871864564,1.0099442343397,1.00994040255547
2021-10-30 23:30:00,1704.97916666667,-14.3879758957328,1.05027548671993,1.05027165511602
2021-10-31,1705,-14.5847436175824,1.01925928352157,1.01925545209836
2021-10-31 00:30:00,1705.02083333333,-14.7050226362264,1.0004277765457,1.00042394530357
2021-10-31 01:00:00,1705.04166666667,-15.0046845985158,0.953020429557801,0.953016598497151
2021-10-31 01:30:00,1705.0625,-15.1332207628942,0.9328735355234,0.932869704644616
2021-10-31 02:00:00,1705.08333333333,-15.1672270897436,0.92778530317512,0.927781472478585
2021-10-31 02:30:00,1705.10416666667,-15.2072180379699,0.921743707338272,0.921739876824379
2021-10-31 03:00:00,1705.125,-15.1927203822222,0.924382175983887,0.924378345653022
2021-10-31 03:30:00,1705.14583333333,-15.2904684988889,0.90913980376076,0.90913597361331
2021-10-31 04:00:00,1705.16666666667,-15.607032830292,0.859039843008337,0.85903601304469
2021-10-31 04:30:00,1705.1875,-15.6534285819549,0.851977920879017,0.851974091099564
2021-10-31 05:00:00,1705.20833333333,-15.9971057703154,0.797558844205401,0.797555014610523
2021-10-31 05:30:00,1705.22916666667,-16.3120129682746,0.7477228382826,0.747719008872691
2021-10-31 06:00:00,1705.25,-16.4735511142336,0.72231862262107,0.722314793396515
2021-10-31 06:30:00,1705.27083333333,-16.511898154717,0.716538828731821,0.716534999693006
2021-10-31 07:00:00,1705.29166666667,-16.7237699779221,0.683116403546095,0.68311257469341
2021-10-31 07:30:00,1705.3125,-16.8863401375465,0.65754775915212,0.657543930485954
2021-10-31 08:00:00,1705.33333333333,-17.1084322388278,0.622497217426772,0.622493388947505
2021-10-31 08:30:00,1705.35416666667,-17.1421590136364,0.617453397284286,0.617449568992313
2021-10-31 09:00:00,1705.375,-18.0180983168831,0.478244509931502,0.478240681827207
2021-10-31 09:30:00,1705.39583333333,-18.4790577314711,0.405142205775018,0.405138377858787
2021-10-31 10:00:00,1705.41666666667,-19.6443933897059,0.219832252990815,0.219828425263036
2021-10-31 10:30:00,1705.4375,-19.8511390898496,0.187226355849584,0.187222528310646
2021-10-31 11:00:00,1705.45833333333,-19.7874833437037,0.197695592591288,0.197691765241572
2021-10-31 11:30:00,1705.47916666667,-19.9053048340149,0.179255366094225,0.179251538934125
2021-10-31 12:00:00,1705.5,-19.7351135761905,0.206695766365073,0.206691939394972
2021-10-31 12:30:00,1705.52083333333,-19.6783458601504,0.216067705506206,0.216063878726491
2021-10-31 13:00:00,1705.54166666667,-19.4327304607807,0.255523205642917,0.255519379053974
2021-10-31 13:30:00,1705.5625,-18.8037777727778,0.356044599842483,0.356040773444702
2021-10-31 14:00:00,1705.58333333333,-18.4726300677656,0.409125437440496,0.40912161123426
2021-10-31 14:30:00,1705.60416666667,-18.4523333086142,0.412687487186863,0.412683661172559
2021-10-31 15:00:00,1705.625,-18.1880740553704,0.455112926500389,0.455109100678403
2021-10-31 15:30:00,1705.64583333333,-18.1761226765799,0.457345530988765,0.457341705359483
2021-10-31 16:00:00,1705.66666666667,-18.3405751106227,0.431476871867954,0.431473046431764
2021-10-31 16:30:00,1705.6875,-18.3241011438202,0.434429907487282,0.434426082244571
2021-10-31 17:00:00,1705.70833333333,-18.5833357868275,0.393462354290327,0.39345852924148
2021-10-31 18:00:00,1705.75,-19.3379590914498,0.273907713058734,0.27390388839877
2021-10-31 18:30:00,1705.77083333333,-18.7491795704225,0.368029391194631,0.368025566729688
2021-10-31 19:00:00,1705.79166666667,-18.8696837770751,0.349161654230981,0.349157829961445
2021-10-31 19:30:00,1705.8125,-18.6312211881041,0.38747757387276,0.387473749799019
2021-10-31 23:00:00,1705.95833333333,-17.5135921914339,0.567816986984467,0.567813164292075
2021-10-31 23:30:00,1705.97916666667,-17.737524538806,0.532472977642025,0.532469155148506
2021-11-01,1706,-17.6584442888889,0.54539908074575,0.545395258451492
2021-11-01 00:30:00,1706.02083333333,-17.8870927558442,0.509303768464399,0.50929994636979
2021-11-01 01:00:00,1706.04166666667,-17.939358074397,0.501306406846511,0.50130258495193
2021-11-01 01:30:00,1706.0625,-17.7478791538462,0.532137665735608,0.532133844041447
2021-11-01 02:00:00,1706.08333333333,-17.7011632149425,0.539908067192022,0.539904245698665
2021-11-01 02:30:00,1706.10416666667,-17.5989294890538,0.556522480739909,0.556518659447735
2021-11-01 03:00:00,1706.125,-17.8747272786642,0.512916192631662,0.512912371541062
2021-11-01 03:30:00,1706.14583333333,-18.2950404424242,0.446288491015726,0.446284670127082
2021-11-01 04:00:00,1706.16666666667,-18.2236939122449,0.457982518815156,0.457978698128848
2021-11-01 04:30:00,1706.1875,-18.2354389412963,0.456439990633436,0.456436170149855
2021-11-01 05:00:00,1706.20833333333,-18.2391462816667,0.456177860742948,0.45617404046248
2021-11-01 05:30:00,1706.22916666667,-18.3241212434343,0.442969729387529,0.442965909310552
2021-11-01 06:00:00,1706.25,-18.223290199093,0.459360616240786,0.45935679636769
2021-11-01 06:30:00,1706.27083333333,-18.3705407512963,0.43623191609657,0.436228096427735
2021-11-01 07:00:00,1706.29166666667,-18.5158425790741,0.413413637718132,0.413409818253941
2021-11-01 07:30:00,1706.3125,-18.8262018939394,0.364301572224549,0.364297752965391
2021-11-01 08:00:00,1706.33333333333,-18.7606908940909,0.375065904954402,0.375062085900662
2021-11-01 08:30:00,1706.35416666667,-19.0041888535185,0.336604878095926,0.336601059247981
2021-11-01 09:00:00,1706.375,-19.7295129503704,0.221388591630623,0.221384772988864
2021-11-01 09:30:00,1706.39583333333,-19.7033535030303,0.225884159136219,0.225880340701026
2021-11-01 10:00:00,1706.41666666667,-19.5773514891156,0.246284707165586,0.246280888937339
2021-11-01 10:30:00,1706.4375,-19.3393703477778,0.284523598492623,0.284519780471714
2021-11-01 11:00:00,1706.45833333333,-19.2596055311111,0.297558504471715,0.297554686658526
2021-11-01 11:30:00,1706.47916666667,-20.1068182323232,0.162925217616657,0.162921400011566
2021-11-01 12:00:00,1706.5,-20.0178730160998,0.177422544150318,0.177418726753715
2021-11-01 12:30:00,1706.52083333333,-20.7799240607407,0.0563555463051712,0.0563517291174366
2021-11-01 13:00:00,1706.54166666667,-22.68574626,-0.24691502575636,-0.246918842734847
2021-11-01 13:30:00,1706.5625,-22.8469898515152,-0.272272990881858,-0.272276807650706
2021-11-01 14:00:00,1706.58333333333,-22.6635532594104,-0.242723168460929,-0.242726985019756
2021-11-01 14:30:00,1706.60416666667,-22.2900444107407,-0.182894711800181,-0.18289852814861
2021-11-01 15:00:00,1706.625,-22.2271981364815,-0.172555037347456,-0.172558853485097
2021-11-01 15:30:00,1706.64583333333,-21.805204122449,-0.105002883440583,-0.105006699367057
2021-11-01 16:00:00,1706.66666666667,-21.9767714692308,-0.132005490662812,-0.132009306377736
2021-11-01 16:30:00,1706.6875,-22.9221944246296,-0.282283861571782,-0.282287677074773
2021-11-01 17:30:00,1706.72916666667,-23.2342164324627,-0.331332864250436,-0.331336679328411
2021-11-01 18:00:00,1706.75,-23.4657172535354,-0.367882965917833,-0.367886780782724
2021-11-01 18:30:00,1706.77083333333,-22.9530137644495,-0.285880801554892,-0.285884616206319
2021-11-01 19:00:00,1706.79166666667,-23.2743992425373,-0.336749618150429,-0.336753432588008
2021-11-01 19:30:00,1706.8125,-23.0889906500935,-0.306885789628651,-0.306889603852001
2021-11-01 20:00:00,1706.83333333333,-23.1933434414141,-0.323181169129225,-0.32318498313796
2021-11-01 20:30:00,1706.85416666667,-22.9507391606407,-0.284206051669052,-0.284209865462797
2021-11-01 21:00:00,1706.875,-22.2175746182836,-0.167084346583988,-0.167088160162354
2021-11-02 00:30:00,1707.02083333333,-20.3373376703154,0.134734873290276,0.134731061230247
2021-11-02 01:00:00,1707.04166666667,-19.819755080705,0.217514116886058,0.21751030504446
2021-11-02 01:30:00,1707.0625,-19.8766719046875,0.208775180368013,0.20877136874523
2021-11-02 02:00:00,1707.08333333333,-19.8224303843882,0.217743834503082,0.217740023099497
2021-11-02 02:30:00,1707.10416666667,-19.5993288899329,0.253611990122552,0.25360817893854
2021-11-02 03:00:00,1707.125,-19.9565695706865,0.197031209401373,0.197027398437323
2021-11-02 03:30:00,1707.14583333333,-20.1936249171875,0.159596025160376,0.159592214416666
2021-11-02 04:00:00,1707.16666666667,-20.2359600771008,0.153179892598102,0.153176082075113
2021-11-02 04:30:00,1707.1875,-20.0592444077778,0.181658700433304,0.181654890131418
2021-11-02 05:00:00,1707.20833333333,-20.1390833464815,0.169268162594535,0.169264352514136
2021-11-02 05:30:00,1707.22916666667,-19.9752969125,0.19568730740201,0.195683497543472
2021-11-02 06:00:00,1707.25,-19.8086996014706,0.222554213569567,0.222550403933277
2021-11-02 06:30:00,1707.27083333333,-19.8126740975926,0.222248895560905,0.222245086147242
2021-11-02 07:00:00,1707.29166666667,-19.8559870294444,0.215676923182517,0.215673113991861
2021-11-02 07:30:00,1707.3125,-20.19632808125,0.161788145547166,0.161784336579899
2021-11-02 08:00:00,1707.33333333333,-20.1819199717895,0.164411149279298,0.164407340535803
2021-11-02 08:30:00,1707.35416666667,-21.4724907424074,-0.040849928711285,-0.0408537372306336
2021-11-02 09:00:00,1707.375,-21.2790611183333,-0.00970869695689422,-0.00971250525170922
2021-11-02 09:30:00,1707.39583333333,-20.8901250375,0.0525768394142173,0.0525730313443131
2021-11-02 10:00:00,1707.41666666667,-20.8443592359244,0.0601950913675917,0.0601912835229821
2021-11-02 10:30:00,1707.4375,-20.6547314824074,0.0907306413303552,0.0907268337114141
2021-11-02 11:00:00,1707.45833333333,-21.2595260434944,-0.00528586490959998,-0.00528967230248584
2021-11-02 11:30:00,1707.47916666667,-21.603265703125,-0.0597161526187857,-0.0597199597852393
2021-11-02 12:00:00,1707.5,-21.2616764806723,-0.00497307353404064,-0.00497688047368169
2021-11-02 12:30:00,1707.52083333333,-20.8790907431481,0.0563007657898788,0.0562969590774336
2021-11-02 13:00:00,1707.54166666667,-20.6225610851852,0.0974937676081994,0.0974899611233269
2021-11-02 13:30:00,1707.5625,-22.290593715625,-0.167897392424277,-0.1679011986812
2021-11-02 14:00:00,1707.58333333333,-22.3994155943038,-0.184905179504342,-0.18490898553293
2021-11-02 14:30:00,1707.60416666667,-22.2194370164815,-0.155906861559648,-0.155910667359523
2021-11-02 15:00:00,1707.625,-23.7935631773234,-0.406338696107304,-0.406342501678087
2021-11-02 15:30:00,1707.64583333333,-23.3419999539683,-0.33407677833008,-0.334080583671388
2021-11-02 16:00:00,1707.66666666667,-23.3654842903564,-0.337490290496948,-0.337494095608405
2021-11-02 17:00:00,1707.70833333333,-23.245767672119,-0.317764271631577,-0.317768076282192
2021-11-02 17:30:00,1707.72916666667,-22.6815546849722,-0.227557223042156,-0.227561027461781
2021-11-02 18:00:00,1707.75,-22.5876351621622,-0.212268273769272,-0.212272077957528
2021-11-02 18:30:00,1707.77083333333,-22.4348358151188,-0.187599740831871,-0.187603544788375
2021-11-02 19:00:00,1707.79166666667,-22.9063859215213,-0.262390536450218,-0.262394340174594
2021-11-02 19:30:00,1707.8125,-22.154979370412,-0.142363477083166,-0.142367280575039
2021-11-02 20:00:00,1707.83333333333,-22.1551014086957,-0.142055473596006,-0.142059276854989
2021-11-02 20:30:00,1707.85416666667,-21.8362737381466,-0.090938568146312,-0.090942371172031
2021-11-02 21:00:00,1707.875,-21.7557527730337,-0.0777841057915006,-0.0777879085835758
2021-11-02 21:30:00,1707.89583333333,-21.4305299754682,-0.0256484813239521,-0.0256522838820016
2021-11-02 22:00:00,1707.91666666667,-20.3564347217391,0.145783045858129,0.145779243534481
2021-11-02 22:30:00,1707.9375,-20.0606989036559,0.193221343968722,0.193217541879851
2021-11-03 02:00:00,1708.08333333333,-20.4409981276438,0.134930586032711,0.134926785597904
2021-11-03 02:30:00,1708.10416666667,-19.4968181747681,0.285666378709238,0.285662578512237
2021-11-03 03:00:00,1708.125,-19.3322857196911,0.312203752715347,0.312199952756531
2021-11-03 03:30:00,1708.14583333333,-19.2685964264286,0.322676723813362,0.322672924093112
2021-11-03 04:00:00,1708.16666666667,-19.2689406430427,0.322949095819748,0.322945296338439
2021-11-03 04:30:00,1708.1875,-19.2337161300557,0.32888757661824,0.32888377737625
2021-11-03 05:00:00,1708.20833333333,-19.1821544544402,0.337428563805108,0.337424764802815
2021-11-03 05:30:00,1708.22916666667,-19.0815428192857,0.353783229263296,0.353779430501077
2021-11-03 06:00:00,1708.25,-19.2753704096296,0.323233500312706,0.323229701790939
2021-11-03 06:30:00,1708.27083333333,-19.6489666751852,0.264046477517121,0.264042679236186
2021-11-03 07:00:00,1708.29166666667,-19.6692316621622,0.261145364433259,0.261141566393531
2021-11-03 07:30:00,1708.3125,-19.6202099594306,0.269281655030335,0.269277857232191
2021-11-03 08:00:00,1708.33333333333,-19.92370185,0.221262262759383,0.2212584652032
2021-11-03 08:30:00,1708.35416666667,-20.525438892963,0.125732188995989,0.125728391682146
2021-11-03 09:00:00,1708.375,-20.7453861436293,0.0910214863486258,0.0910176892774979
2021-11-03 09:30:00,1708.39583333333,-20.7234571171429,0.0948418318290728,0.0948380350010413
2021-11-03 10:00:00,1708.41666666667,-21.0340981375926,0.0456835154617246,0.0456797188771631
2021-11-03 10:30:00,1708.4375,-21.3773185012963,-0.00866472932183672,-0.00866852566255126
2021-11-03 11:00:00,1708.45833333333,-21.4492393555985,-0.0197947841798799,-0.0197985802763705
2021-11-03 11:30:00,1708.47916666667,-21.3615765345196,-0.00550306134720827,-0.00550685719909494
2021-11-03 12:00:00,1708.5,-21.9038425801852,-0.091559473021821,-0.0915632686287335
2021-11-03 12:30:00,1708.52083333333,-22.1163370455556,-0.1250830522184,-0.125086847579955
2021-11-03 13:00:00,1708.54166666667,-24.0080849042471,-0.426112912949817,-0.426116708065642
2021-11-03 13:30:00,1708.5625,-23.2010035516014,-0.297217367704337,-0.297221162574054
2021-11-03 14:00:00,1708.58333333333,-23.6884155729128,-0.374535558038622,-0.374539352661856
2021-11-03 14:30:00,1708.60416666667,-24.7513055709259,-0.543527817394473,-0.543531611770844
2021-11-03 15:00:00,1708.625,-24.3312529442688,-0.476286273042671,-0.476290067171808
2021-11-03 15:30:00,1708.64583333333,-23.8172562035587,-0.394079380361792,-0.394083174243314
2021-11-03 16:30:00,1708.6875,-24.8882838860853,-0.56404121509014,-0.564045008475308
2021-11-03 17:00:00,1708.70833333333,-25.5537903666048,-0.669730077209515,-0.669733870345942
2021-11-03 17:30:00,1708.72916666667,-26.1619070535316,-0.766276720538782,-0.766280513426089
2021-11-03 18:00:00,1708.75,-26.4640703303704,-0.814084783385616,-0.814088576023434
2021-11-03 18:30:00,1708.77083333333,-26.0024861463822,-0.740227346363859,-0.740231138751805
2021-11-03 19:00:00,1708.79166666667,-25.9852862263941,-0.737160656626072,-0.737164448763774
2021-11-03 19:30:00,1708.8125,-25.7335795704545,-0.696736892778093,-0.696740684665176
2021-11-03 20:00:00,1708.83333333333,-25.0416851711111,-0.586190923392412,-0.586194715028499
2021-11-03 20:30:00,1708.85416666667,-24.959273470412,-0.572736000036506,-0.572739791421219
2021-11-03 21:00:00,1708.875,-23.722026252809,-0.375314970212029,-0.375318761344999
2021-11-03 21:30:00,1708.89583333333,-23.7501893973485,-0.379474732030359,-0.379478522911204
2021-11-03 22:00:00,1708.91666666667,-23.7344111544444,-0.376634616145366,-0.376638406773714
2021-11-03 22:30:00,1708.9375,-22.8723557878277,-0.238981966452386,-0.238985756827862
2021-11-03 23:00:00,1708.95833333333,-23.1706816220974,-0.286178888084565,-0.286182678206795
2021-11-03 23:30:00,1708.97916666667,-22.2682841473485,-0.142099745381507,-0.142103535250111
2021-11-04,1709,-22.5793221548077,-0.19132175901516,-0.19132554862977
2021-11-04 03:30:00,1709.14583333333,-23.3508010895911,-0.311933438345882,-0.311937226172013
2021-11-04 04:00:00,1709.16666666667,-22.8650075411654,-0.234219752287718,-0.234223539856855
2021-11-04 04:30:00,1709.1875,-23.6086732041394,-0.352359814453824,-0.352363601765591
2021-11-04 05:00:00,1709.20833333333,-23.7078874625,-0.367838324635517,-0.367842111689541
2021-11-04 05:30:00,1709.22916666667,-24.2831428784787,-0.459150548755809,-0.459154335551713
2021-11-04 06:00:00,1709.25,-24.1281783849765,-0.434138236858776,-0.434142023396192
2021-11-04 06:30:00,1709.27083333333,-24.8427778122004,-0.547648096363367,-0.547651882641916
2021-11-04 07:00:00,1709.29166666667,-25.3646790765432,-0.630461018287168,-0.630464804306477
2021-11-04 07:30:00,1709.3125,-24.5247421120594,-0.49633215468512,-0.496335940444816
2021-11-04 08:00:00,1709.33333333333,-24.2103240868519,-0.44591885120643,-0.445922636706139
2021-11-04 08:30:00,1709.35416666667,-25.7262701498911,-0.68708387258223,-0.687087657821576
2021-11-04 09:00:00,1709.375,-25.7781234777778,-0.695017892627587,-0.695021677606202
2021-11-04 09:30:00,1709.39583333333,-26.5045157636364,-0.81040646839149,-0.810410253108994
2021-11-04 10:00:00,1709.41666666667,-26.3571222157407,-0.786600354141763,-0.786604138597786
2021-11-04 10:30:00,1709.4375,-26.7349912707424,-0.846468965656163,-0.846472749850331
2021-11-04 11:00:00,1709.45833333333,-26.4914197518519,-0.807341667465665,-0.807345451397603
2021-11-04 11:30:00,1709.47916666667,-26.0025610898148,-0.729139969933652,-0.729143753602989
2021-11-04 12:00:00,1709.5,-25.8485925637037,-0.704286528260124,-0.704290311666489
2021-11-04 12:30:00,1709.52083333333,-24.86299780131,-0.546954450787047,-0.546958233930062
2021-11-04 13:00:00,1709.54166666667,-24.6873702975309,-0.518650754396183,-0.518654537275478
2021-11-04 13:30:00,1709.5625,-25.1072388527778,-0.585210023771218,-0.58521380638642
2021-11-04 14:00:00,1709.58333333333,-27.0825369892593,-0.899550355022023,-0.899554137372754
2021-11-04 14:30:00,1709.60416666667,-28.5623660132898,-1.13496212068878,-1.13496590277467
2021-11-04 15:00:00,1709.625,-28.9068395098765,-1.18951095763432,-1.189514739455
2021-11-04 16:00:00,1709.66666666667,-28.1410834795918,-1.06687345492562,-1.06687723621476
2021-11-04 16:30:00,1709.6875,-28.6559330498141,-1.14856337682352,-1.14856715784633
2021-11-04 17:00:00,1709.70833333333,-28.5322676584582,-1.12853742735806,-1.12854120811416
2021-11-04 17:30:00,1709.72916666667,-28.7546143142857,-1.16363146262177,-1.1636352431108
2021-11-04 18:00:00,1709.75,-29.5061356598513,-1.28302342250579,-1.28302720272738
2021-11-04 18:30:00,1709.77083333333,-29.3483513232342,-1.25756235584908,-1.25756613580285
2021-11-04 19:00:00,1709.79166666667,-29.3454557185745,-1.25677519335228,-1.25677897303786
2021-11-04 19:30:00,1709.8125,-28.7658285671429,-1.16411430183085,-1.16411808124786
2021-11-04 20:00:00,1709.83333333333,-26.5108178320792,-0.804563626744407,-0.80456740589248
2021-11-04 20:30:00,1709.85416666667,-25.0899999940075,-0.577900494872286,-0.577904273751052
2021-11-04 21:00:00,1709.875,-25.7740909062771,-0.686550849764085,-0.686554628373176
2021-11-04 21:30:00,1709.89583333333,-25.8630286314286,-0.700392895326753,-0.700396673665791
2021-11-04 22:00:00,1709.91666666667,-24.3162996522472,-0.453672084745906,-0.453675862814521
2021-11-04 22:30:00,1709.9375,-23.7531854198502,-0.363641824997137,-0.363645602794959
2021-11-04 23:00:00,1709.95833333333,-24.2888814599138,-0.4486528456825,-0.448656623209154
2021-11-04 23:30:00,1709.97916666667,-23.9933428628571,-0.401247613513612,-0.401251390768728
2021-11-05,1710,-23.8663189589118,-0.380686911271406,-0.380690688254614
2021-11-05 00:30:00,1710.02083333333,-24.5119156977528,-0.483205248482326,-0.483209025193255
2021-11-05 01:00:00,1710.04166666667,-24.5153383547414,-0.483424814523391,-0.48342859096167
2021-11-05 01:30:00,1710.0625,-24.7308428928571,-0.517429194800906,-0.517432970966163
2021-11-05 04:30:00,1710.1875,-24.9544258888889,-0.551092647648727,-0.551096422168061
2021-11-05 05:00:00,1710.20833333333,-24.7375814418557,-0.516223659914213,-0.516227434157926
2021-11-05 05:30:00,1710.22916666667,-24.9412337651206,-0.54834012753062,-0.548343901498345
2021-11-05 06:00:00,1710.25,-24.8400649573284,-0.531898390532799,-0.531902164224166
2021-11-05 06:30:00,1710.27083333333,-24.3722963314815,-0.457057059975881,-0.457060833390519
2021-11-05 07:00:00,1710.29166666667,-24.0401030606186,-0.403812999827136,-0.403816772964675
2021-11-05 07:30:00,1710.3125,-24.3078259094444,-0.446136025769465,-0.446139798629535
2021-11-05 08:00:00,1710.33333333333,-23.8864055961111,-0.378678073068546,-0.378681845650772
2021-11-05 08:30:00,1710.35416666667,-24.3773887759259,-0.456566668441396,-0.456570440745413
2021-11-05 09:00:00,1710.375,-24.1544361954733,-0.420724806658702,-0.42072857868414
2021-11-05 09:30:00,1710.39583333333,-24.0894574355556,-0.41004830706123,-0.410052078807718
2021-11-05 10:00:00,1710.41666666667,-24.07199626,-0.406941412334897,-0.406945183802063
2021-11-05 10:30:00,1710.4375,-24.3831482277778,-0.456182845939982,-0.456186617127462
2021-11-05 11:00:00,1710.45833333333,-24.2121460888889,-0.428616805608857,-0.428620576516274
2021-11-05 11:30:00,1710.47916666667,-24.4009888759259,-0.458374338978012,-0.458378109605002
2021-11-05 12:00:00,1710.5,-24.329894472963,-0.446723712118343,-0.446727482464535
2021-11-05 12:30:00,1710.52083333333,-25.4262222111111,-0.621044286525979,-0.621048056591003
2021-11-05 13:00:00,1710.54166666667,-25.0244053726337,-0.556709379260351,-0.556713149043836
2021-11-05 13:30:00,1710.5625,-26.1650629672222,-0.738091771470833,-0.738095540972414
2021-11-05 14:00:00,1710.58333333333,-26.4987365679035,-0.79092105683034,-0.790924826049643
2021-11-05 15:00:00,1710.625,-27.2032969296875,-0.902507770941471,-0.902511539595117
2021-11-05 15:30:00,1710.64583333333,-27.1502147103158,-0.893726638213471,-0.893730406583734
2021-11-05 16:00:00,1710.66666666667,-28.5842828676768,-1.12184964346068,-1.12185341154719
2021-11-05 16:30:00,1710.6875,-28.67109544,-1.13535389151347,-1.13535765931586
2021-11-05 17:00:00,1710.70833333333,-28.3940445556586,-1.0908944512074,-1.0908982187253
2021-11-05 17:30:00,1710.72916666667,-27.5165862808905,-0.950789704898573,-0.950793472131615
2021-11-05 18:00:00,1710.75,-28.5587878363636,-1.11648816175217,-1.11649192869999
2021-11-05 18:30:00,1710.77083333333,-28.8521590318182,-1.16289742756552,-1.16290119422774
2021-11-05 19:00:00,1710.79166666667,-27.2869554558442,-0.913234424605563,-0.913238190981817
2021-11-05 19:30:00,1710.8125,-26.0645277764815,-0.718175887445082,-0.718179653535008
2021-11-05 20:00:00,1710.83333333333,-26.9454183571429,-0.858177472722554,-0.858181238525778
2021-11-05 20:30:00,1710.85416666667,-25.6383854959184,-0.649641310791193,-0.649645076307349
2021-11-05 21:00:00,1710.875,-25.3570388803704,-0.604497721406449,-0.604501486635169
2021-11-05 21:30:00,1710.89583333333,-24.6264351885185,-0.487787179405788,-0.487790944346704
2021-11-05 22:00:00,1710.91666666667,-25.1364545707071,-0.568708800389785,-0.568712565042525
2021-11-05 22:30:00,1710.9375,-24.7451971391924,-0.506056401654588,-0.506060166018792
2021-11-05 23:00:00,1710.95833333333,-23.9120890512059,-0.373016898400335,-0.373020662475628
2021-11-05 23:30:00,1710.97916666667,-24.4568029849442,-0.459465448665784,-0.459469212451802
2021-11-06,1711,-25.0009899515152,-0.545830073577017,-0.545833837073391
2021-11-06 00:30:00,1711.02083333333,-24.7961995340136,-0.512882086910712,-0.512885850117076
2021-11-06 01:00:00,1711.04166666667,-25.1572732115242,-0.570076675928527,-0.570080438844509
2021-11-06 01:30:00,1711.0625,-25.1028129509259,-0.561076432676892,-0.561080195302131
2021-11-06 02:00:00,1711.08333333333,-25.5587474151515,-0.63338245488257,-0.633386217216693
2021-11-06 02:30:00,1711.10416666667,-25.2302460111617,-0.58072730381408,-0.580731065856723
2021-11-06 03:00:00,1711.125,-25.3320241311688,-0.596616009543121,-0.596619771293916
2021-11-06 06:00:00,1711.25,-25.0966352229508,-0.557171105438016,-0.557174865430017
2021-11-06 06:30:00,1711.27083333333,-25.0544610454237,-0.5501282564566,-0.550132016154185
2021-11-06 07:00:00,1711.29166666667,-24.7748456804833,-0.505260878116266,-0.505264637519066
2021-11-06 07:30:00,1711.3125,-24.7486245135688,-0.500759398116177,-0.500763157223831
2021-11-06 08:00:00,1711.33333333333,-24.78790165,-0.506691866202585,-0.506695625014721
2021-11-06 08:30:00,1711.35416666667,-24.6305491976271,-0.481301121877727,-0.481304880393982
2021-11-06 09:00:00,1711.375,-24.6051226490706,-0.476926289947527,-0.476930048167535
2021-11-06 09:30:00,1711.39583333333,-24.915927358473,-0.526113359367524,-0.526117117290915
2021-11-06 10:00:00,1711.41666666667,-25.0019508836066,-0.53949264722596,-0.539496404852371
2021-11-06 10:30:00,1711.4375,-24.6771080888514,-0.487420658481518,-0.487424415810586
2021-11-06 11:00:00,1711.45833333333,-24.9431722324074,-0.52948058908646,-0.529484346117813
2021-11-06 11:30:00,1711.47916666667,-24.4938661678439,-0.457581556174157,-0.457585312907432
2021-11-06 12:00:00,1711.5,-24.4753114495902,-0.454301542439424,-0.454305298874256
2021-11-06 12:30:00,1711.52083333333,-24.2241080662162,-0.41396045202914,-0.41396420816516
2021-11-06 13:00:00,1711.54166666667,-23.8353914651206,-0.351713429740368,-0.351717185577214
2021-11-06 13:30:00,1711.5625,-24.285664852963,-0.423118134256844,-0.423121889794153
2021-11-06 14:30:00,1711.60416666667,-25.2650590688976,-0.578488063077478,-0.578491818014607
2021-11-06 15:00:00,1711.625,-25.7454049556338,-0.654683404451583,-0.654687159088076
2021-11-06 15:30:00,1711.64583333333,-25.6345772627561,-0.636704394314251,-0.636708148649739
2021-11-06 16:00:00,1711.66666666667,-26.8861226630112,-0.835752413703983,-0.835756167738105
2021-11-06 16:30:00,1711.6875,-27.5833622090551,-0.946499136668173,-0.946502890400566
2021-11-06 17:00:00,1711.70833333333,-27.2500739419014,-0.893082064867694,-0.893085818297987
2021-11-06 17:30:00,1711.72916666667,-27.2716459638418,-0.896194513054454,-0.896198266182285
2021-11-06 18:00:00,1711.75,-28.0571250014925,-1.02099791712987,-1.02100166995488
2021-11-06 18:30:00,1711.77083333333,-26.5062677173228,-0.773621297994749,-0.77362505051656
2021-11-06 19:00:00,1711.79166666667,-26.0025230371025,-0.693050487419892,-0.693054239638148
2021-11-06 19:30:00,1711.8125,-25.7040185427509,-0.645174607634284,-0.645178359548623
2021-11-06 20:00:00,1711.83333333333,-24.29098695,-0.419753787173557,-0.419757538783608
2021-11-06 20:30:00,1711.85416666667,-23.6369646114173,-0.315243705895283,-0.315247457200684
2021-11-06 21:00:00,1711.875,-23.3138768133803,-0.263451756053557,-0.263455507053945
2021-11-06 21:30:00,1711.89583333333,-23.4127727897579,-0.278882145710048,-0.278885896405056
2021-11-06 22:00:00,1711.91666666667,-23.5817565011152,-0.305477584354977,-0.305481334744243
2021-11-06 22:30:00,1711.9375,-24.3103149775591,-0.421213705719432,-0.421217455802591
2021-11-06 23:00:00,1711.95833333333,-24.2210634257042,-0.406672127962446,-0.406675877739136
2021-11-06 23:30:00,1711.97916666667,-24.2086933275093,-0.404377843559021,-0.404381593028877
2021-11-07,1712,-23.6241617076208,-0.310937842762835,-0.310941591925494
2021-11-07 00:30:00,1712.02083333333,-23.2385236165354,-0.249181746164869,-0.249185495019962
2021-11-07 01:00:00,1712.04166666667,-23.3394084672535,-0.264929124841021,-0.26493287338819
2021-11-07 01:30:00,1712.0625,-23.5786988927509,-0.302724633496976,-0.302728381735856
2021-11-07 02:00:00,1712.08333333333,-23.4467676157993,-0.281384282725768,-0.281388030655996
2021-11-07 02:30:00,1712.10416666667,-23.0586102346457,-0.219226953546824,-0.219230701168036
2021-11-07 03:00:00,1712.125,-23.062,-0.219443387746546,-0.219447135058378
2021-11-07 03:30:00,1712.14583333333,-23.0843339428571,-0.22267766613717,-0.222681413139257
2021-11-07 04:00:00,1712.16666666667,-23.0621929660482,-0.218827081261043,-0.218830827953024
2021-11-07 07:30:00,1712.3125,-22.9180000232353,-0.193593115889569,-0.193596860400646
2021-11-07 08:00:00,1712.33333333333,-23.076339986,-0.21849346090119,-0.218497205099259
2021-11-07 08:30:00,1712.35416666667,-23.1800946248609,-0.234698348398992,-0.234702092283688
2021-11-07 09:00:00,1712.375,-23.0222040942486,-0.209222997057805,-0.209226740628771
2021-11-07 09:30:00,1712.39583333333,-23.1357266701595,-0.226983971215234,-0.226987714472101
2021-11-07 10:00:00,1712.41666666667,-22.949829978,-0.197047265716049,-0.197051008658458
2021-11-07 10:30:00,1712.4375,-22.9684730853432,-0.199693920201528,-0.199697662829118
2021-11-07 11:00:00,1712.45833333333,-23.4313970352505,-0.273114854194623,-0.27311859650703
2021-11-07 11:30:00,1712.47916666667,-23.3694474833333,-0.262923088105969,-0.262926830102829
2021-11-07 12:00:00,1712.5,-23.4208415356436,-0.270787063048972,-0.27079080472993
2021-11-07 12:30:00,1712.52083333333,-23.0373463003704,-0.209372887625533,-0.209376628990221
2021-11-07 13:00:00,1712.54166666667,-22.8085333816667,-0.172599739733692,-0.172603480781751
2021-11-07 14:00:00,1712.58333333333,-23.1839331679287,-0.231755093149383,-0.231758833563099
2021-11-07 14:30:00,1712.60416666667,-23.3453934247191,-0.257152813148934,-0.257156553244932
2021-11-07 15:00:00,1712.625,-23.7839907286245,-0.326698686929355,-0.326702426707281
2021-11-07 15:30:00,1712.64583333333,-24.4338624734201,-0.429900754294149,-0.429904493753635
2021-11-07 16:00:00,1712.66666666667,-24.8701804412027,-0.499083576585196,-0.499087315725884
2021-11-07 16:30:00,1712.6875,-25.0958763539326,-0.534714179247316,-0.534717918068845
2021-11-07 17:00:00,1712.70833333333,-24.7694953383613,-0.482398557005503,-0.482402295507512
2021-11-07 17:30:00,1712.72916666667,-24.3322379429368,-0.412420272556183,-0.412424010738308
2021-11-07 18:00:00,1712.75,-24.8017029941995,-0.486883546197369,-0.486887284059255
2021-11-07 18:30:00,1712.77083333333,-25.2787304123596,-0.562551534709018,-0.562555272250297
2021-11-07 19:00:00,1712.79166666667,-24.339247194052,-0.412568391036294,-0.41257212825661
2021-11-07 19:30:00,1712.8125,-24.1209014027881,-0.377462979327643,-0.377466716226635
2021-11-07 20:00:00,1712.83333333333,-23.1266146935412,-0.218749649431029,-0.218753386008335
2021-11-07 20:30:00,1712.85416666667,-22.8874045404494,-0.180320579101868,-0.180324315357127
2021-11-07 21:00:00,1712.875,-22.6315222907063,-0.139235656488495,-0.13923939242135
2021-11-07 21:30:00,1712.89583333333,-22.2321359728119,-0.075290457936575,-0.0752941935466612
2021-11-07 22:00:00,1712.91666666667,-22.3645946721604,-0.0960685754034609,-0.0960723106904206
2021-11-07 22:30:00,1712.9375,-22.1222472235955,-0.0571398304171409,-0.057143565380614
2021-11-07 23:00:00,1712.95833333333,-22.3194757992565,-0.0882358850082178,-0.0882396196478442
2021-11-07 23:30:00,1712.97916666667,-21.8512676962825,-0.0133274259965628,-0.0133311603119792
2021-11-08,1713,-21.8600646538975,-0.0144062388849314,-0.0144099728757845
2021-11-08 00:30:00,1713.02083333333,-21.6606853146067,0.0176775561733389,0.0176738225074156
2021-11-08 01:00:00,1713.04166666667,-21.7962305154275,-0.00359239230643515,-0.00359612564707221
2021-11-08 01:30:00,1713.0625,-22.0110167576208,-0.0374855203019843,-0.0374892533169755
2021-11-08 02:00:00,1713.08333333333,-22.0727990895089,-0.0470050410872276,-0.0470087737762131
2021-11-08 02:30:00,1713.10416666667,-22.1061011539326,-0.0519876599940942,-0.0519913923567115
2021-11-08 03:00:00,1713.125,-21.8327899284387,-0.00812658782994452,-0.00813031986584059
2021-11-08 03:30:00,1713.14583333333,-22.3169184037106,-0.0849262264372646,-0.0849299581460736
2021-11-08 04:00:00,1713.16666666667,-22.2444632538975,-0.0730617210320453,-0.0730654524134111
2021-11-08 04:30:00,1713.1875,-22.0761333466667,-0.0459243235033337,-0.0459280545568973
2021-11-08 05:00:00,1713.20833333333,-22.0931855263451,-0.0483184501832617,-0.048322180908664
2021-11-08 05:30:00,1713.22916666667,-22.3131187508349,-0.0830316976118652,-0.0830354280087439
2021-11-08 09:00:00,1713.375,-24.2468215509294,-0.388816741398276,-0.388820469485467
2021-11-08 09:30:00,1713.39583333333,-24.9177941617647,-0.49538108950854,-0.495384817264338
2021-11-08 10:00:00,1713.41666666667,-24.3229397638554,-0.400298316250764,-0.400302043674813
2021-11-08 10:30:00,1713.4375,-22.2138107205937,-0.0639905356109713,-0.0639942627029151
2021-11-08 11:00:00,1713.45833333333,-22.9570259562152,-0.182063262700705,-0.182066989460182
2021-11-08 11:30:00,1713.47916666667,-24.6113529647059,-0.445276772124513,-0.445280498551167
2021-11-08 12:00:00,1713.5,-23.2826448714286,-0.233290683988807,-0.233294410082285
2021-11-08 12:30:00,1713.52083333333,-23.7065695647495,-0.300500277118054,-0.30050400287799
2021-11-08 13:30:00,1713.5625,-22.811758891502,-0.157312548395554,-0.157316273487342
2021-11-08 14:00:00,1713.58333333333,-22.4461817727273,-0.0987540166385139,-0.0987577413956871
2021-11-08 14:30:00,1713.60416666667,-22.2430587323887,-0.0660745617398803,-0.0660782861620849
2021-11-08 15:30:00,1713.64583333333,-22.2660702223909,-0.0690967680853919,-0.0691004918365874
2021-11-08 16:00:00,1713.66666666667,-22.2785680998081,-0.07076595793379,-0.070769681348945
2021-11-08 16:30:00,1713.6875,-22.1046148369393,-0.0427333741312639,-0.0427370972100211
2021-11-08 17:00:00,1713.70833333333,-22.1460149253731,-0.0490067593634866,-0.0490104821054859
2021-11-08 17:30:00,1713.72916666667,-21.828879671519,0.00183476532526164,0.00183104292037417
2021-11-08 18:00:00,1713.75,-21.5757139800525,0.0424858666516396,0.0424821445842177
2021-11-08 18:30:00,1713.77083333333,-21.5097716616438,0.0533121244560278,0.0533084027264347
2021-11-08 19:00:00,1713.79166666667,-21.5977874725,0.0396127158052327,0.0396089944138219
2021-11-08 19:30:00,1713.8125,-21.0619573413729,0.125292385036125,0.125288663983253
2021-11-08 20:00:00,1713.83333333333,-20.6972856975881,0.183706358396036,0.183702637682063
2021-11-08 20:30:00,1713.85416666667,-20.7168903552511,0.180904815760203,0.180901095385482
2021-11-08 21:00:00,1713.875,-20.5068937125,0.2146788977484,0.214675177713287
2021-11-08 21:30:00,1713.89583333333,-19.8292226064935,0.322953829290108,0.32295010959496
2021-11-08 22:00:00,1713.91666666667,-19.6059962868275,0.358835354925808,0.358831635570981
2021-11-08 22:30:00,1713.9375,-19.697502277169,0.344579771934299,0.344576052920149
2021-11-08 23:00:00,1713.95833333333,-19.5787500203125,0.363818451201988,0.363814732528876
2021-11-08 23:30:00,1713.97916666667,-19.6639555572222,0.350566481358279,0.350562763026556
2021-11-09,1714,-19.6943610868519,0.346044164980045,0.346040446990067
2021-11-09 00:30:00,1714.02083333333,-19.7329498009132,0.340218234577937,0.34021451693006
2021-11-09 01:00:00,1714.04166666667,-19.7123831629283,0.343815767092702,0.343812049787282
2021-11-09 01:30:00,1714.0625,-19.7079889022222,0.344837001371464,0.344833284408857
2021-11-09 02:00:00,1714.08333333333,-19.7518944703704,0.338164011378457,0.338160294759021
2021-11-09 02:30:00,1714.10416666667,-19.7026757881279,0.346325753959693,0.34632203768378
2021-11-09 03:00:00,1714.125,-19.635289664486,0.357381555836528,0.357377839904495
2021-11-09 03:30:00,1714.14583333333,-19.7497870298148,0.339463160801043,0.339459445213244
2021-11-09 04:00:00,1714.16666666667,-19.7492444392593,0.339870685762694,0.339866970519485
2021-11-09 04:30:00,1714.1875,-19.80698633379,0.330993423373841,0.330989708475576
2021-11-09 05:00:00,1714.20833333333,-19.7827196520249,0.335180158526688,0.335176443973727
2021-11-09 05:30:00,1714.22916666667,-19.8262018625926,0.328574419409088,0.328570705201781
2021-11-09 06:00:00,1714.25,-19.5953685125926,0.365667317770304,0.365663603909007
2021-11-09 06:30:00,1714.27083333333,-19.6711415593607,0.353917570631684,0.353913857116751
2021-11-09 07:00:00,1714.29166666667,-19.5956635844237,0.366262191905478,0.366258478737268
2021-11-09 07:30:00,1714.3125,-19.8127555740741,0.332000181274116,0.331996468452976
2021-11-09 10:30:00,1714.4375,-19.8293079569573,0.331288186372003,0.331284475640752
2021-11-09 11:00:00,1714.45833333333,-19.7644540851528,0.34194015949543,0.341936449113736
2021-11-09 11:30:00,1714.47916666667,-19.8079322493548,0.335334734066534,0.335331024034748
2021-11-09 12:00:00,1714.5,-19.7067142647495,0.351779480701999,0.351775771020475
2021-11-09 13:00:00,1714.54166666667,-20.2253117135436,0.269807751534405,0.269804042554469
2021-11-09 13:30:00,1714.5625,-19.8349828952991,0.3323079767975,0.332304268168884
2021-11-09 14:00:00,1714.58333333333,-19.6937081934426,0.35513367533626,0.355129967059323
2021-11-09 14:30:00,1714.60416666667,-20.1980556543599,0.275111273928005,0.275107566003098
2021-11-09 15:00:00,1714.625,-19.6832690189239,0.357437634265795,0.357433926693271
2021-11-09 15:30:00,1714.64583333333,-19.3875940448718,0.404859322235424,0.404855615015637
2021-11-09 16:00:00,1714.66666666667,-19.6231508357377,0.367655382258036,0.367651675391342
2021-11-09 16:30:00,1714.6875,-19.4684452749536,0.392620485572769,0.392616779059514
2021-11-09 17:00:00,1714.70833333333,-19.287668487037,0.421738725747516,0.421735019588061
2021-11-09 17:30:00,1714.72916666667,-19.3165341388889,0.417460747160066,0.417457041354759
2021-11-09 18:00:00,1714.75,-18.9647222330065,0.473824947221382,0.473821241770576
2021-11-09 18:30:00,1714.77083333333,-18.7772610964815,0.504007923900809,0.504004218804858
2021-11-09 19:00:00,1714.79166666667,-18.5621703996296,0.538592280867575,0.538588576126834
2021-11-09 19:30:00,1714.8125,-18.4910213773504,0.550246597754105,0.55024289336892
2021-11-09 20:00:00,1714.83333333333,-18.2822843297386,0.58381875689891,0.583815052869641
2021-11-09 20:30:00,1714.85416666667,-18.192005557963,0.598520399510992,0.598516695837987
2021-11-09 21:00:00,1714.875,-18.0275333577778,0.625041079706838,0.62503737639045
2021-11-09 21:30:00,1714.89583333333,-17.8932735252137,0.646748879528114,0.646745176568695
2021-11-09 22:00:00,1714.91666666667,-17.7867026,0.664045787958276,0.664042085356181
2021-11-09 22:30:00,1714.9375,-17.6593426301852,0.684654377345006,0.684650675100581
2021-11-09 23:00:00,1714.95833333333,-17.5824721946296,0.697219919098341,0.697216217211945
2021-11-09 23:30:00,1714.97916666667,-17.6058889713675,0.693809607480432,0.693805905952413
2021-11-10,1715,-17.5738489987755,0.699233566833316,0.699229865664025
2021-11-10 00:30:00,1715.02083333333,-17.6075011204494,0.694192699756772,0.694188998946562
2021-11-10 01:00:00,1715.04166666667,-17.6245370309259,0.691798778088689,0.691795077637915
2021-11-10 01:30:00,1715.0625,-17.5230213534188,0.708290180154273,0.70828648006328
2021-11-10 02:00:00,1715.08333333333,-17.3838594826797,0.730778618712661,0.730774918981806
2021-11-10 02:30:00,1715.10416666667,-17.44060553,0.72205875689356,0.722055057523191
2021-11-10 03:00:00,1715.125,-17.5710807955769,0.701593748844858,0.701590049835328
2021-11-10 03:30:00,1715.14583333333,-17.6956410153846,0.682070982699704,0.682067284051363
2021-11-10 04:00:00,1715.16666666667,-17.6873071686275,0.683718307170687,0.683714608883889
2021-11-10 04:30:00,1715.1875,-17.7965832874074,0.666630250889639,0.666626552964729
2021-11-10 05:00:00,1715.20833333333,-17.8780573875926,0.653971046801011,0.653967349238347
2021-11-10 05:30:00,1715.22916666667,-17.8436823729614,0.65976666021155,0.659762963011479
2021-11-10 06:00:00,1715.25,-17.8121107586319,0.665115660631319,0.665111963794191
2021-11-10 06:30:00,1715.27083333333,-17.917914827963,0.648580587113324,0.648576890639494
2021-11-10 07:00:00,1715.29166666667,-18.1548259238889,0.61116004116691,0.611156345056725
2021-11-10 07:30:00,1715.3125,-18.1910943635193,0.605701984307842,0.605698288561649
2021-11-10 08:00:00,1715.33333333333,-18.1639609456026,0.610343859180636,0.610340163798793
2021-11-10 08:30:00,1715.35416666667,-17.9369999611111,0.64681837868401,0.646814683666862
2021-11-10 12:00:00,1715.5,-16.9892521521368,0.80003075920597,0.800027066751501
2021-11-10 12:30:00,1715.52083333333,-16.8451311770492,0.82330856834649,0.823304876259521
2021-11-10 13:00:00,1715.54166666667,-16.9415120818182,0.808274226267882,0.808270534548759
2021-11-10 13:30:00,1715.5625,-17.0153117179963,0.796837066479267,0.796833375128335
2021-11-10 14:00:00,1715.58333333333,-17.2130855008547,0.765650706556786,0.765647015574401
2021-11-10 14:30:00,1715.60416666667,-17.1938688193443,0.769031052657225,0.769027362043733
2021-11-10 15:00:00,1715.625,-17.3509035300557,0.744334395969226,0.744330705724977
2021-11-10 15:30:00,1715.64583333333,-18.0302666759259,0.636430416201172,0.636426726326518
2021-11-10 16:00:00,1715.66666666667,-19.8293546854701,0.350153435342926,0.350149745838213
2021-11-10 16:30:00,1715.6875,-19.4673561784314,0.408139050736583,0.408135361602159
2021-11-10 17:00:00,1715.70833333333,-20.145620395,0.300410040655469,0.300406351891684
2021-11-10 17:30:00,1715.72916666667,-20.8446166538889,0.189378371156952,0.189374682764154
2021-11-10 18:00:00,1715.75,-21.1170341782051,0.146300968612885,0.146297280591422
2021-11-10 18:30:00,1715.77083333333,-21.0520522794118,0.156971504937727,0.156967817287953
2021-11-10 19:00:00,1715.79166666667,-21.1287407625926,0.145073817791682,0.14507013051394
2021-11-10 19:30:00,1715.8125,-20.5877333811111,0.231575492875413,0.231571805970053
2021-11-10 20:30:00,1715.85416666667,-20.6228200632653,0.226623693106089,0.226620006946536
2021-11-10 21:00:00,1715.875,-20.2758901377649,0.282208599244955,0.282204913458828
2021-11-10 21:30:00,1715.89583333333,-20.002550035,0.326070563446516,0.326066878034166
2021-11-10 22:00:00,1715.91666666667,-20.1751039033395,0.298901268781699,0.298897583743471
2021-11-10 22:30:00,1715.9375,-20.1787477113173,0.298639436768629,0.298635752104871
2021-11-10 23:00:00,1715.95833333333,-20.2027784131021,0.295129927293515,0.295126243004575
2021-11-10 23:30:00,1715.97916666667,-20.017400085,0.32497939517502,0.324975711261245
2021-11-11,1716,-20.2169666076067,0.293506842460716,0.293503158922454
2021-11-11 00:30:00,1716.02083333333,-20.1345296237037,0.306957619024239,0.306953935861841
2021-11-11 01:00:00,1716.04166666667,-19.9969306323699,0.329195711917836,0.329192029131645
2021-11-11 01:30:00,1716.0625,-19.7925713904762,0.362068729519293,0.362065047109657
2021-11-11 02:00:00,1716.08333333333,-20.2186499766667,0.294512519633524,0.29450883760079
2021-11-11 02:30:00,1716.10416666667,-20.128687017037,0.309162065771014,0.30915838411553
2021-11-11 03:00:00,1716.125,-19.9075800339844,0.344702917520456,0.344699236242568
2021-11-11 03:30:00,1716.14583333333,-19.7713332333333,0.366725450494012,0.366721769594071
2021-11-11 04:00:00,1716.16666666667,-20.0478074298148,0.323001202570913,0.322997522049263
2021-11-11 04:30:00,1716.1875,-19.7873592494444,0.364809041812823,0.36480536166981
2021-11-11 05:00:00,1716.20833333333,-20.0023243523166,0.330883174098438,0.33087949433441
2021-11-11 05:30:00,1716.22916666667,-19.7432379857143,0.37247401299406,0.372470333609365
2021-11-11 06:00:00,1716.25,-19.7270092490741,0.375377426606487,0.375373747601466
2021-11-11 06:30:00,1716.27083333333,-19.6291740624074,0.391280774703203,0.391277096078208
2021-11-11 07:00:00,1716.29166666667,-19.818955191423,0.361366606814954,0.361362928570329
2021-11-11 07:30:00,1716.3125,-19.4368097142857,0.422560724589155,0.422557046725247
2021-11-11 08:00:00,1716.33333333333,-19.7573314719697,0.371819418277467,0.371815740794621
2021-11-11 08:30:00,1716.35416666667,-19.9625111288889,0.339452159557589,0.339448482456155
2021-11-11 09:00:00,1716.375,-19.8885067144509,0.351559091387513,0.35155541466783
2021-11-11 09:30:00,1716.39583333333,-19.7083808285714,0.380571217887305,0.380567541549726
2021-11-11 10:00:00,1716.41666666667,-20.0339199267578,0.329030519463824,0.329026843508691
2021-11-11 10:30:00,1716.4375,-21.5753683789474,0.083794560395841,0.0837908848234999
2021-11-11 13:30:00,1716.5625,-20.1278799058161,0.316287127093691,0.31628345382536
2021-11-11 14:00:00,1716.58333333333,-19.9079377422641,0.351641729148581,0.351638056265459
2021-11-11 14:30:00,1716.60416666667,-20.3482104842105,0.281823592986186,0.281819920488622
2021-11-11 15:00:00,1716.625,-20.0559587120079,0.328697103384242,0.328693431272574
2021-11-11 15:30:00,1716.64583333333,-21.2109053753247,0.14503083676309,0.14502716503767
2021-11-11 16:00:00,1716.66666666667,-21.8928311617811,0.036717101756535,0.0367134304177039
2021-11-11 17:00:00,1716.70833333333,-22.4150482155844,-0.0458374843705108,-0.04584115493513
2021-11-11 17:30:00,1716.72916666667,-22.6763214131579,-0.0871410578962293,-0.0871447280732226
2021-11-11 18:00:00,1716.75,-22.7887889022222,-0.104739807976705,-0.104743477765735
2021-11-11 18:30:00,1716.77083333333,-23.0939963025974,-0.153042195962608,-0.153045865363323
2021-11-11 19:00:00,1716.79166666667,-22.4155306454545,-0.044644795280914,-0.0446484642929731
2021-11-11 19:30:00,1716.8125,-22.4474648092593,-0.0494146261173211,-0.0494182947403806
2021-11-11 20:00:00,1716.83333333333,-21.7735148375926,0.0582633578390717,0.058259689605356
2021-11-11 20:30:00,1716.85416666667,-21.0263092537037,0.177610980709925,0.1776073128659
2021-11-11 21:00:00,1716.875,-20.7533777492593,0.221406371300516,0.221402703846519
2021-11-11 21:30:00,1716.89583333333,-20.3566000227778,0.284930521020384,0.284926853956766
2021-11-11 22:00:00,1716.91666666667,-20.426525932963,0.274108415323234,0.274104748650335
2021-11-11 22:30:00,1716.9375,-20.1965658860853,0.31105832426379,0.311054657981953
2021-11-11 23:00:00,1716.95833333333,-20.2435259514815,0.303894628763397,0.303890962872966
2021-11-11 23:30:00,1716.97916666667,-20.3841666446296,0.281807509611025,0.281803844112346
2021-11-12,1717,-21.0704925215613,0.172792317982066,0.172788652875478
2021-11-12 00:30:00,1717.02083333333,-20.4336530482375,0.274558279411952,0.274554614697802
2021-11-12 01:00:00,1717.04166666667,-20.0557860838649,0.335069702273316,0.335066037951945
2021-11-12 01:30:00,1717.0625,-19.7289962909259,0.387444462356549,0.3874407984283
2021-11-12 02:00:00,1717.08333333333,-19.491491416381,0.425596038226553,0.42559237469177
2021-11-12 02:30:00,1717.10416666667,-19.2079221953704,0.471085664457194,0.471082001316221
2021-11-12 03:00:00,1717.125,-18.7691501622889,0.541299176570353,0.541295513823527
2021-11-12 03:30:00,1717.14583333333,-18.5219146248609,0.581000755020807,0.580997092668478
2021-11-12 04:00:00,1717.16666666667,-18.1813612612663,0.635567896794363,0.63556423483687
2021-11-12 04:30:00,1717.1875,-18.0485351657407,0.657043903208059,0.657040241645744
2021-11-12 05:00:00,1717.20833333333,-18.0595648412963,0.65560354933487,0.655599888168079
2021-11-12 05:30:00,1717.22916666667,-17.8444092325926,0.690194639685902,0.690190978914974
2021-11-12 06:00:00,1717.25,-17.6470537222222,0.721950128418508,0.721946468043782
2021-11-12 06:30:00,1717.27083333333,-17.4145166483333,0.759310032086501,0.759306372108325
2021-11-12 07:00:00,1717.29166666667,-17.2220073640741,0.790293446947331,0.790289787366044
2021-11-12 07:30:00,1717.3125,-17.1686999833333,0.799101865746807,0.799098206562752
2021-11-12 08:00:00,1717.33333333333,-16.6406296255556,0.883540332663734,0.883536673877255
2021-11-12 08:30:00,1717.35416666667,-16.8411231498134,0.851918019095202,0.851914360706638
2021-11-12 09:00:00,1717.375,-16.8534617409346,0.850268887356004,0.850265229365693
2021-11-12 09:30:00,1717.39583333333,-16.7841511238806,0.861626499308985,0.861622841717276
2021-11-12 10:00:00,1717.41666666667,-16.6166011130435,0.88863368333655,0.888630026143781
2021-11-12 10:30:00,1717.4375,-16.4177777749529,0.920622697145107,0.920619040351618
2021-11-12 11:00:00,1717.45833333333,-16.2491657702448,0.947798990317156,0.947795333923292
2021-11-12 11:30:00,1717.47916666667,-16.1596871815642,0.962369240086555,0.962365584092655
2021-11-12 12:00:00,1717.5,-15.534019235989,1.06235480385638,1.06235114826278
2021-11-12 14:30:00,1717.60416666667,-14.3037716863014,1.25991467509679,1.25991102150983
2021-11-12 15:00:00,1717.625,-14.0463284116883,1.30124158247154,1.30123792928693
2021-11-12 15:30:00,1717.64583333333,-14.2271617061338,1.27275068519349,1.27274703241158
2021-11-12 16:00:00,1717.66666666667,-14.3568754553903,1.25240313395035,1.25239948157146
2021-11-12 16:30:00,1717.6875,-14.118313528757,1.29072212696581,1.2907184749903
2021-11-12 17:00:00,1717.70833333333,-13.7168550182156,1.35499062808034,1.35498697650854
2021-11-12 17:30:00,1717.72916666667,-13.0509814621521,1.46138060073496,1.46137694956721
2021-11-12 18:00:00,1717.75,-14.7105176413729,1.19733110658598,1.19732745582262
2021-11-12 18:30:00,1717.77083333333,-18.1707680534323,0.646426514086448,0.646422863727818
2021-11-12 19:00:00,1717.79166666667,-18.2174897985158,0.639299443298504,0.639295793344945
2021-11-12 19:30:00,1717.8125,-18.0226629853704,0.670651196122182,0.670647546574033
2021-11-12 20:00:00,1717.83333333333,-17.7591113037106,0.712950835243616,0.712947186101221
2021-11-12 20:30:00,1717.85416666667,-17.5432796331481,0.747648608087327,0.74764495935102
2021-11-12 21:00:00,1717.875,-17.4208000138889,0.767475297998718,0.767471649668841
2021-11-12 21:30:00,1717.89583333333,-17.6078812304267,0.737988691062093,0.737985043138984
2021-11-12 22:00:00,1717.91666666667,-17.7546610872222,0.714922085002306,0.714918437486304
2021-11-12 22:30:00,1717.9375,-18.0047407325926,0.675399714232734,0.675396067124179
2021-11-12 23:00:00,1717.95833333333,-18.55734693859,0.587684611555193,0.587680964854427
2021-11-12 23:30:00,1717.97916666667,-19.3898907531481,0.455375213135818,0.455371566843178
2021-11-13,1718,-20.2213089709812,0.323245088387312,0.323241442503135
2021-11-13 00:30:00,1718.02083333333,-20.531790752963,0.274100475405344,0.274096829929969
2021-11-13 01:00:00,1718.04166666667,-20.8519574001852,0.223413021697141,0.223409376630908
2021-11-13 01:30:00,1718.0625,-21.1409314794444,0.177694531542999,0.177690886886249
2021-11-13 02:00:00,1718.08333333333,-21.0974314990741,0.184939361824504,0.184935717577573
2021-11-13 02:30:00,1718.10416666667,-20.9530278118738,0.208258189817322,0.208254545980548
2021-11-13 03:00:00,1718.125,-20.9524963162963,0.208658039937546,0.20865439651127
2021-11-13 03:30:00,1718.14583333333,-21.061387059879,0.191626814190496,0.19162317117505
2021-11-13 04:00:00,1718.16666666667,-21.2389710981443,0.163652662496519,0.163649019892248
2021-11-13 04:30:00,1718.1875,-21.3189722135436,0.151223505093644,0.151219862900884
2021-11-13 05:00:00,1718.20833333333,-21.4045629325926,0.137903884739244,0.137900242958331
2021-11-13 05:30:00,1718.22916666667,-21.4658657233209,0.128453313586732,0.128449672218004
2021-11-13 06:00:00,1718.25,-21.4061380151119,0.138282952228281,0.13827931127208
2021-11-13 06:30:00,1718.27083333333,-21.4498787697761,0.131629955577453,0.13162631503411
2021-11-13 07:00:00,1718.29166666667,-21.502970179291,0.123487357669665,0.123483717539524
2021-11-13 07:30:00,1718.3125,-21.5943625902804,0.109243347559005,0.109239707842401
2021-11-13 08:00:00,1718.33333333333,-21.2926317349533,0.157624119365376,0.157620480062645
2021-11-13 08:30:00,1718.35416666667,-21.8294141751866,0.0724290885988518,0.0724254497103321
2021-11-13 09:00:00,1718.375,-21.9104981628731,0.0598271115520918,0.0598234730781236
2021-11-13 09:30:00,1718.39583333333,-21.9358880916045,0.0560972024375992,0.0560935643785132
2021-11-13 10:00:00,1718.41666666667,-21.9593214203008,0.0526789456076845,0.0526753079638242
2021-11-13 10:30:00,1718.4375,-22.0755565573284,0.0344772588536168,0.0344736216253159
2021-11-13 11:00:00,1718.45833333333,-22.0608256077922,0.0371385276992106,0.037134890886806
2021-11-13 11:30:00,1718.47916666667,-22.0404731187384,0.0406952761869798,0.0406916397908084
2021-11-13 12:00:00,1718.5,-22.0022477087523,0.0470991580908494,0.0470955221112508
2021-11-13 12:30:00,1718.52083333333,-21.9214601191095,0.0602831899286118,0.0602795543659164
2021-11-13 13:00:00,1718.54166666667,-21.709968435436,0.0942884416070847,0.0942848064616353
2021-11-13 13:30:00,1718.5625,-21.5440426822951,0.121034972208195,0.121031337480325
2021-11-13 16:00:00,1718.66666666667,-21.1948044007246,0.178240539665786,0.178236907030858
2021-11-13 16:30:00,1718.6875,-20.7641354200371,0.247160640068816,0.247157007853484
2021-11-13 17:00:00,1718.70833333333,-20.7607174072491,0.248019319903186,0.248015688107785
2021-11-13 17:30:00,1718.72916666667,-20.9513580545455,0.217964280405718,0.217960649030584
2021-11-13 18:00:00,1718.75,-20.7215547100186,0.254886233116092,0.254882602161564
2021-11-13 18:30:00,1718.77083333333,-20.8894636942272,0.228452291464525,0.228448660930932
2021-11-13 19:00:00,1718.79166666667,-20.1584092609259,0.345223828408144,0.345220198295827
2021-11-13 19:30:00,1718.8125,-19.7482685066667,0.410873550686682,0.410869920995974
2021-11-13 20:00:00,1718.83333333333,-19.8856333331481,0.389305206394025,0.389301577125261
2021-11-13 20:30:00,1718.85416666667,-19.5276259164815,0.446649978088759,0.446646349242274
2021-11-13 21:00:00,1718.875,-18.519935177963,0.60748973084067,0.607486102416802
2021-11-13 21:30:00,1718.89583333333,-18.4971203162963,0.611438016179979,0.611434388179057
2021-11-13 22:00:00,1718.91666666667,-21.262707367037,0.171191847780618,0.171188220202982
2021-11-13 22:30:00,1718.9375,-23.4566994285714,-0.177998866875565,-0.178002494029583
2021-11-13 23:00:00,1718.95833333333,-25.278935212037,-0.46796857732013,-0.467972204050194
2021-11-13 23:30:00,1718.97916666667,-26.789724072963,-0.708324607026845,-0.708328233332622
2021-11-14,1719,-26.9447612750538,-0.732708465271125,-0.732712091152276
2021-11-14 00:30:00,1719.02083333333,-26.9018684827778,-0.72556197063653,-0.725565596092729
2021-11-14 01:00:00,1719.04166666667,-27.2347629474074,-0.778278691276304,-0.778282316307209
2021-11-14 01:30:00,1719.0625,-27.1941407659259,-0.7714939800184,-0.77149760462368
2021-11-14 02:00:00,1719.08333333333,-27.0371222127778,-0.746167280363265,-0.746170904542586
2021-11-14 02:30:00,1719.10416666667,-26.9504666487037,-0.732049491977544,-0.732053115730573
2021-11-14 03:00:00,1719.125,-27.135583302037,-0.761225248904545,-0.761228872230945
2021-11-14 03:30:00,1719.14583333333,-26.8772722455556,-0.719762691687236,-0.719766314586675
2021-11-14 04:00:00,1719.16666666667,-26.9550872085343,-0.731845286517894,-0.731848908990039
2021-11-14 04:30:00,1719.1875,-26.8096870559259,-0.708369590911714,-0.708373212956231
2021-11-14 05:00:00,1719.20833333333,-26.6892277585185,-0.68886702839065,-0.688870650007206
2021-11-14 05:30:00,1719.22916666667,-26.6831778135185,-0.687589994535072,-0.687593615723334
2021-11-14 06:00:00,1719.25,-26.1398111037037,-0.600718053180242,-0.600721673939873
2021-11-14 06:30:00,1719.27083333333,-25.9457499994444,-0.569490781557483,-0.569494401888153
2021-11-14 07:00:00,1719.29166666667,-25.8576203898148,-0.555138509918273,-0.555142129819649
2021-11-14 07:30:00,1719.3125,-25.8443489421642,-0.552711234206209,-0.552714853677959
2021-11-14 08:00:00,1719.33333333333,-25.8353283949627,-0.550961167242835,-0.550964786284624
2021-11-14 08:30:00,1719.35416666667,-25.6512089748134,-0.521317762000541,-0.521321380612038
2021-11-14 09:00:00,1719.375,-25.6261102420561,-0.517006503247636,-0.517010121428504
2021-11-14 09:30:00,1719.39583333333,-25.3553784363636,-0.473565757833497,-0.473569375583407
2021-11-14 10:00:00,1719.41666666667,-25.2139512442777,-0.450723367199375,-0.450726984517995
2021-11-14 10:30:00,1719.4375,-25.3036104204082,-0.464693237629321,-0.464696854516318
2021-11-14 11:00:00,1719.45833333333,-25.4479144946097,-0.487368116881968,-0.487371733337009
2021-11-14 11:30:00,1719.47916666667,-25.5440241622677,-0.502365630282039,-0.502369246304792
2021-11-14 12:00:00,1719.5,-25.4263635927644,-0.483309429729794,-0.483313045319924
2021-11-14 12:30:00,1719.52083333333,-25.2196772257885,-0.450071393651581,-0.450075008808759
2021-11-14 13:00:00,1719.54166666667,-25.0306363825603,-0.419644339786462,-0.419647954510357
2021-11-14 13:30:00,1719.5625,-25.3760872261596,-0.474362231297862,-0.474365845588138
2021-11-14 14:00:00,1719.58333333333,-25.4081372961039,-0.479155193356547,-0.479158807212878
2021-11-14 14:30:00,1719.60416666667,-25.5439832888683,-0.50048295788491,-0.500486571306962
2021-11-14 15:00:00,1719.625,-25.6456817454545,-0.516371033328599,-0.516374646316038
2021-11-14 17:30:00,1719.72916666667,-25.865872006679,-0.549885261327339,-0.549888872136753
2021-11-14 18:00:00,1719.75,-25.9844323081633,-0.568459668538244,-0.568463278911057
2021-11-14 18:30:00,1719.77083333333,-26.2250946153989,-0.606485050631927,-0.606488660567811
2021-11-14 19:00:00,1719.79166666667,-26.2054248781076,-0.603039390146967,-0.603042999645591
2021-11-14 19:30:00,1719.8125,-26.0591724734694,-0.579429058487215,-0.579432667548246
2021-11-14 20:00:00,1719.83333333333,-24.8479166207407,-0.386162954713138,-0.38616656333625
2021-11-14 20:30:00,1719.85416666667,-24.3068370355556,-0.299656447545971,-0.299660055730832
2021-11-14 21:00:00,1719.875,-23.0352888759259,-0.0967858127790771,-0.0967894205253522
2021-11-14 21:30:00,1719.89583333333,-23.3149463131481,-0.141023376452354,-0.141026983759716
2021-11-14 22:00:00,1719.91666666667,-23.2752870362963,-0.134393597776999,-0.134397204645119
2021-11-14 22:30:00,1719.9375,-22.9590203640741,-0.0837001017831961,-0.0837037082117397
2021-11-14 23:00:00,1719.95833333333,-23.1049870307407,-0.106640745463038,-0.106644351451682
2021-11-14 23:30:00,1719.97916666667,-23.0974574207407,-0.105129361090523,-0.105132966638934
2021-11-15,1720,-22.8988963435185,-0.0731865660271154,-0.0731901711349603
2021-11-15 00:30:00,1720.02083333333,-22.9274999962963,-0.0774313133783686,-0.0774349180453208
2021-11-15 01:00:00,1720.04166666667,-22.7859018403704,-0.0545628296056808,-0.0545664338314108
2021-11-15 01:30:00,1720.0625,-22.6485703703704,-0.0323740706209477,-0.0323776744051227
2021-11-15 02:00:00,1720.08333333333,-22.5892170742115,-0.022607329164091,-0.0226109325063879
2021-11-15 02:30:00,1720.10416666667,-22.5616096578067,-0.0178977677887851,-0.0179013706888683
2021-11-15 03:00:00,1720.125,-22.6904018703704,-0.0381028178640395,-0.0381064203215827
2021-11-15 03:30:00,1720.14583333333,-22.6251759246296,-0.027400675504283,-0.0274042775189571
2021-11-15 04:00:00,1720.16666666667,-22.3624926072222,0.0147565283968846,0.0147529268254089
2021-11-15 04:30:00,1720.1875,-23.3265814509259,-0.138511988544002,-0.138515589671948
2021-11-15 05:00:00,1720.20833333333,-24.8410555305556,-0.379457305830407,-0.379460906514499
2021-11-15 05:30:00,1720.22916666667,-25.5824592261111,-0.497251997478502,-0.497255597718407
2021-11-15 06:00:00,1720.25,-25.4933129305556,-0.482739521051714,-0.482743120847105
2021-11-15 06:30:00,1720.27083333333,-25.3112722012963,-0.453428934022594,-0.453432533373143
2021-11-15 07:00:00,1720.29166666667,-25.0482444875926,-0.41121710160723,-0.411220700512608
2021-11-15 07:30:00,1720.3125,-24.8348097141791,-0.37690549916987,-0.376909097629746
2021-11-15 08:00:00,1720.33333333333,-24.7065783083955,-0.356166893273213,-0.356170491287265
2021-11-15 08:30:00,1720.35416666667,-24.7529866057361,-0.363248556113648,-0.36325215368154
2021-11-15 09:00:00,1720.375,-24.5712578218924,-0.333987858161576,-0.333991455282985
2021-11-15 09:30:00,1720.39583333333,-24.5335139834264,-0.327664104211123,-0.32766770088572
2021-11-15 10:00:00,1720.41666666667,-24.6606270912801,-0.347602218967563,-0.34760581519502
2021-11-15 10:30:00,1720.4375,-24.8108401644981,-0.371220214103393,-0.37122380988338
2021-11-15 11:00:00,1720.45833333333,-24.8744786684601,-0.381046857918636,-0.381050453250831
2021-11-15 11:30:00,1720.47916666667,-24.8037087374768,-0.369462181466126,-0.369465776350195
2021-11-15 12:00:00,1720.5,-24.8337643853432,-0.373939131284488,-0.373942725720106
2021-11-15 12:30:00,1720.52083333333,-24.9737291276438,-0.395924717937314,-0.395928311924154
2021-11-15 13:00:00,1720.54166666667,-24.9153005705009,-0.386306149802999,-0.386309743340734
2021-11-15 13:30:00,1720.5625,-24.9706976011132,-0.394820118767699,-0.394823711855998
2021-11-15 14:00:00,1720.58333333333,-25.1096208275093,-0.416639910077826,-0.416643502716369
2021-11-15 14:30:00,1720.60416666667,-24.9072597517625,-0.38409290787863,-0.384096500067083
2021-11-15 15:00:00,1720.625,-25.4476375394052,-0.46986477713564,-0.469868368873679
2021-11-15 15:30:00,1720.64583333333,-27.0728640880819,-0.728453869059327,-0.728457460346625
2021-11-15 16:00:00,1720.66666666667,-27.8964134189944,-0.85933524713223,-0.859338837968461
2021-11-15 19:00:00,1720.79166666667,-29.5873191473098,-1.12683486344203,-1.126838451565
2021-11-15 19:30:00,1720.8125,-29.2480800696462,-1.07248349699281,-1.07248708466242
2021-11-15 20:00:00,1720.83333333333,-29.4182462858209,-1.09928079802514,-1.09928438524107
2021-11-15 20:30:00,1720.85416666667,-29.28503343829,-1.0777496375963,-1.07775322435823
2021-11-15 21:00:00,1720.875,-28.6452689977737,-0.975524486642296,-0.975528072949898
2021-11-15 21:30:00,1720.89583333333,-28.3771836756957,-0.932508125127097,-0.932511710980043
2021-11-15 22:00:00,1720.91666666667,-28.3342000394444,-0.925350663329336,-0.925354248727302
2021-11-15 22:30:00,1720.9375,-28.18592008829,-0.901419463666137,-0.901423048608793
2021-11-15 23:00:00,1720.95833333333,-28.4130000007421,-0.937283398896579,-0.937286983383606
2021-11-15 23:30:00,1720.97916666667,-29.3105111157407,-1.0799475442151,-1.07995112824616
2021-11-16,1721,-28.8805647894444,-1.0111468109818,-1.01115039455658
2021-11-16 00:30:00,1721.02083333333,-28.936127742037,-1.01968809332994,-1.01969167644812
2021-11-16 01:00:00,1721.04166666667,-28.6184055459259,-0.968764825278642,-0.968768407939888
2021-11-16 01:30:00,1721.0625,-28.728151862963,-0.985937637429144,-0.985941219633129
2021-11-16 02:00:00,1721.08333333333,-28.6102778212963,-0.96685040440051,-0.966853986146913
2021-11-16 02:30:00,1721.10416666667,-28.166831497963,-0.895899314906772,-0.895902896195268
2021-11-16 03:00:00,1721.125,-28.1521629224074,-0.893252867746025,-0.89325644857629
2021-11-16 03:30:00,1721.14583333333,-27.3774240922222,-0.769526726609016,-0.769530306980725
2021-11-16 04:00:00,1721.16666666667,-28.00583335,-0.869323119372822,-0.86932669928565
2021-11-16 04:30:00,1721.1875,-28.5825444144444,-0.960883993815669,-0.96088757326929
2021-11-16 05:00:00,1721.20833333333,-28.8259481788889,-0.999348818043875,-0.999352397037967
2021-11-16 05:30:00,1721.22916666667,-28.5820610883333,-0.960187901746988,-0.960191480281227
2021-11-16 06:00:00,1721.25,-28.5471465662338,-0.954316505879764,-0.954320083953826
2021-11-16 06:30:00,1721.27083333333,-28.7457536596296,-0.985645311218202,-0.985648888831763
2021-11-16 07:00:00,1721.29166666667,-29.2100703542593,-1.059301886932,-1.05930546408474
2021-11-16 07:30:00,1721.3125,-28.8988018707407,-1.00940723058328,-1.00941080727487
2021-11-16 08:00:00,1721.33333333333,-28.8687666013283,-1.00431326731319,-1.0043168435433
2021-11-16 08:30:00,1721.35416666667,-28.5857643879406,-0.95892153023294,-0.958925106001256
2021-11-16 09:00:00,1721.375,-29.1874219433085,-1.05445676768235,-1.05446034298854
2021-11-16 09:30:00,1721.39583333333,-29.4768422897959,-1.10025243584625,-1.10025601069
2021-11-16 10:00:00,1721.41666666667,-29.1343524736549,-1.04538440478996,-1.04538797917095
2021-11-16 10:30:00,1721.4375,-29.5723988966605,-1.11485639570753,-1.11485996962543
2021-11-16 11:00:00,1721.45833333333,-29.3813487814471,-1.08411289986327,-1.08411647331776
2021-11-16 11:30:00,1721.47916666667,-29.153651193692,-1.04753147683052,-1.04753504982127
2021-11-16 12:00:00,1721.5,-29.0246528439623,-1.02667295436274,-1.02667652688943
2021-11-16 12:30:00,1721.52083333333,-28.7415807330241,-0.981270413086838,-0.981273985149151
2021-11-16 13:00:00,1721.54166666667,-28.7856047961039,-0.987974567573883,-0.987978139171492
2021-11-16 13:30:00,1721.5625,-29.5553487756957,-1.1102864649043,-1.11029003603688
2021-11-16 14:00:00,1721.58333333333,-29.4193896306122,-1.0883192488215,-1.08832281948873
2021-11-16 14:30:00,1721.60416666667,-29.6970927797774,-1.13224877343436,-1.13225234363593
2021-11-16 15:00:00,1721.625,-29.5243135573284,-1.10441617598221,-1.10441974571778
2021-11-16 15:30:00,1721.64583333333,-29.3924248855288,-1.08309751416227,-1.08310108343152
2021-11-16 16:00:00,1721.66666666667,-29.2697701005607,-1.06324985884562,-1.06325342764824
2021-11-16 16:30:00,1721.6875,-29.1013887753271,-1.03611797475998,-1.03612154309564
2021-11-16 17:00:00,1721.70833333333,-28.8698673349533,-0.998927867023349,-0.998931434891725
2021-11-16 17:30:00,1721.72916666667,-28.8510667755725,-0.995624389492902,-0.995627956893676
2021-11-16 20:30:00,1721.85416666667,-28.3177773274583,-0.908820670484372,-0.908824235072777
2021-11-16 21:00:00,1721.875,-27.6601134026022,-0.80374609635865,-0.8037496604772
2021-11-16 21:30:00,1721.89583333333,-26.8263005675325,-0.670610917124991,-0.670614480773371
2021-11-16 22:00:00,1721.91666666667,-26.617946060223,-0.637111738670462,-0.637115301848349
2021-11-16 22:30:00,1721.9375,-27.5850185935065,-0.790858970003336,-0.790862532710405
2021-11-16 23:00:00,1721.95833333333,-27.1265870409259,-0.717522424061049,-0.717525986296983
2021-11-16 23:30:00,1721.97916666667,-26.7997166581481,-0.665143708808756,-0.665147270573235
2021-11-17,1722,-26.4306592557407,-0.606044613546866,-0.606048174839565
2021-11-17 00:30:00,1722.02083333333,-26.2192777788889,-0.572063448307313,-0.572067009127918
2021-11-17 01:00:00,1722.04166666667,-25.9012203694444,-0.521088773217397,-0.521092333565583
2021-11-17 01:30:00,1722.0625,-26.0187704218519,-0.539506720574114,-0.539510280449562
2021-11-17 02:00:00,1722.08333333333,-26.0683110951852,-0.547090767766523,-0.547094327168915
2021-11-17 02:30:00,1722.10416666667,-25.9660814796296,-0.530497742043969,-0.530501300972984
2021-11-17 03:00:00,1722.125,-26.1370499985185,-0.557425416970674,-0.557428975425989
2021-11-17 03:30:00,1722.14583333333,-25.9798814948148,-0.53208067234851,-0.532084230329811
2021-11-17 04:00:00,1722.16666666667,-25.842012955,-0.509810468446106,-0.509814025953068
2021-11-17 04:30:00,1722.1875,-25.9554425825926,-0.527572284912263,-0.527575841944569
2021-11-17 05:00:00,1722.20833333333,-25.8961094437848,-0.517812911991603,-0.517816468548934
2021-11-17 05:30:00,1722.22916666667,-25.9565740603704,-0.527137449912594,-0.527141005994631
2021-11-17 06:00:00,1722.25,-26.1431259601852,-0.55654782499357,-0.556551380599989
2021-11-17 06:30:00,1722.27083333333,-26.3888907514815,-0.595390898879206,-0.595394454009695
2021-11-17 07:00:00,1722.29166666667,-26.3471833237037,-0.588439485751902,-0.588443040406136
2021-11-17 07:30:00,1722.3125,-26.4747940024575,-0.608460610948132,-0.608464165125795
2021-11-17 08:00:00,1722.33333333333,-26.5422967931354,-0.618906549615614,-0.618910103316387
2021-11-17 08:30:00,1722.35416666667,-26.4999591621521,-0.611854873654065,-0.611858426877629
2021-11-17 09:00:00,1722.375,-26.6321113152134,-0.632599588057765,-0.632603140803799
2021-11-17 09:30:00,1722.39583333333,-26.7152393011132,-0.645534760713077,-0.645538312981268
2021-11-17 10:00:00,1722.41666666667,-27.0129480623377,-0.692652847372705,-0.692656399162729
2021-11-17 10:30:00,1722.4375,-27.0078755040892,-0.691537696661528,-0.691541247973068
2021-11-17 11:00:00,1722.45833333333,-26.942011112616,-0.68073840670686,-0.680741957539599
2021-11-17 11:30:00,1722.47916666667,-26.9467643680891,-0.681188601646073,-0.681192151999693
2021-11-17 12:00:00,1722.5,-26.9844860782931,-0.68689073829413,-0.686894288168309
2021-11-17 12:30:00,1722.52083333333,-26.8457458265306,-0.664482401648864,-0.664485951043291
2021-11-17 13:00:00,1722.54166666667,-26.5019888920223,-0.609414804323862,-0.609418353238214
2021-11-17 13:30:00,1722.5625,-25.9916511868275,-0.527810814616382,-0.527814363050342
2021-11-17 14:00:00,1722.58333333333,-24.7623654628942,-0.331677935222573,-0.331681483175825
2021-11-17 14:30:00,1722.60416666667,-26.1284823820037,-0.548994595079215,-0.548998142551441
2021-11-17 15:00:00,1722.625,-26.1827681018553,-0.557335650989861,-0.55733919798074
2021-11-17 15:30:00,1722.64583333333,-25.7878654042991,-0.494120714597622,-0.494124261106844
2021-11-17 16:00:00,1722.66666666667,-25.9319270962617,-0.516763234231307,-0.516766780258547
2021-11-17 16:30:00,1722.6875,-26.0403663549533,-0.53373111845309,-0.533734663998035
2021-11-17 17:00:00,1722.70833333333,-26.0857701459813,-0.54065745133377,-0.540660996396102
2021-11-17 17:30:00,1722.72916666667,-26.1081738626168,-0.543919899670451,-0.543923444249854
2021-11-17 18:00:00,1722.75,-25.9916728964486,-0.525054776555755,-0.525058320651909
2021-11-17 18:30:00,1722.77083333333,-25.8932000280374,-0.509061586118311,-0.509065129730906
2021-11-17 19:00:00,1722.79166666667,-25.5985458237383,-0.461816612541008,-0.46182015566972
2021-11-29 10:30:00,1734.4375,-26.8083488024119,-0.491279393512361,-0.491282619679503
2021-11-29 11:00:00,1734.45833333333,-26.8446753526902,-0.496790434880588,-0.496793660403332
2021-11-29 11:30:00,1734.47916666667,-26.9316771836735,-0.510374149536462,-0.510377374414555
2021-11-29 12:00:00,1734.5,-26.9409609903525,-0.511577392276,-0.511580616509187
2021-11-29 12:30:00,1734.52083333333,-27.7501018659259,-0.640198502606995,-0.640201726195018
2021-11-29 13:00:00,1734.54166666667,-27.86093335,-0.65757849281582,-0.657581715758429
2021-11-29 13:30:00,1734.5625,-27.0841815151852,-0.533565891047246,-0.533569113344187
2021-11-29 14:00:00,1734.58333333333,-26.7881907490741,-0.486138936115763,-0.486142157766777
2021-11-29 14:30:00,1734.60416666667,-26.6628259342593,-0.465892882227247,-0.465896103232082
2021-11-29 15:00:00,1734.625,-26.9117055488889,-0.505264298494341,-0.505267518852746
2021-11-29 15:30:00,1734.64583333333,-26.9510592359259,-0.511258149906817,-0.51126136961853
2021-11-29 16:00:00,1734.66666666667,-27.0834759487037,-0.532077072999682,-0.532080292064457
2021-11-29 16:30:00,1734.6875,-27.1344481618519,-0.539921894311574,-0.539925112729157
2021-11-29 17:00:00,1734.70833333333,-27.6110110992593,-0.615563687376798,-0.615566905146927
2021-11-29 17:30:00,1734.72916666667,-27.8487203685185,-0.653155985699905,-0.653159202822334
2021-11-29 18:00:00,1734.75,-27.9033444401852,-0.661582746528594,-0.661585963003067
2021-11-29 18:30:00,1734.77083333333,-28.1557629862963,-0.701518373834827,-0.701521589661086
2021-11-29 22:00:00,1734.91666666667,-30.2021372323529,-1.02558529411966,-1.02558850540137
2021-11-29 22:30:00,1734.9375,-30.419137595539,-1.05987930366038,-1.05988251429186
2021-11-29 23:00:00,1734.95833333333,-30.3871373,-1.05450739599613,-1.05451060597712
2021-11-29 23:30:00,1734.97916666667,-30.2805985053903,-1.03726151786775,-1.03726472719801
2021-11-30,1735,-30.2346329293249,-1.02966506247905,-1.02966827115832
2021-11-30 00:30:00,1735.02083333333,-30.3050766499065,-1.04061275700801,-1.04061596503604
2021-11-30 01:00:00,1735.04166666667,-30.261600017757,-1.03341292374738,-1.03341613112391
2021-11-30 01:30:00,1735.0625,-30.1105449331461,-1.00907583197732,-1.0090790387021
2021-11-30 02:00:00,1735.08333333333,-30.0363514175701,-0.99698290896036,-0.996986115033148
2021-11-30 02:30:00,1735.10416666667,-29.8706878665421,-0.970318809844944,-0.970322015265487
2021-11-30 03:00:00,1735.125,-29.7593333535581,-0.952306245249691,-0.952309450017734
2021-11-30 03:30:00,1735.14583333333,-29.6187172550562,-0.929632355155627,-0.929635559270915
2021-11-30 04:00:00,1735.16666666667,-29.5692093259813,-0.921472127578194,-0.921475331040484
2021-11-30 04:30:00,1735.1875,-29.5317831562617,-0.91523659895489,-0.915239801763927
2021-11-30 05:00:00,1735.20833333333,-29.5598467706542,-0.919433705830512,-0.919436907986043
2021-11-30 05:30:00,1735.22916666667,-29.4627757037383,-0.903696834675972,-0.903700036177752
2021-11-30 06:00:00,1735.25,-29.4206124022472,-0.896706875951556,-0.896710076799331
2021-11-30 06:30:00,1735.27083333333,-29.4880833554924,-0.90718179854779,-0.907184998741304
2021-11-30 07:00:00,1735.29166666667,-29.4708402240602,-0.904161773147318,-0.904164972686329
2021-11-30 07:30:00,1735.3125,-29.3673215125234,-0.887398052447835,-0.88740125133209
2021-11-30 08:00:00,1735.33333333333,-29.4253133223265,-0.896363139515406,-0.896366337744651
2021-11-30 08:30:00,1735.35416666667,-29.6787172102996,-0.936457576614468,-0.93646077418846
2021-11-30 09:00:00,1735.375,-29.8217457557439,-0.958969209143338,-0.958972406061823
2021-11-30 09:30:00,1735.39583333333,-29.8539268780488,-0.963822834358325,-0.963826030621049
2021-11-30 10:00:00,1735.41666666667,-29.8621626257944,-0.964862010734421,-0.964865206341142
2021-11-30 10:30:00,1735.4375,-29.8701364429907,-0.965859527861961,-0.965862722812426
2021-11-30 11:00:00,1735.45833333333,-29.9635355616105,-0.980465423062269,-0.980468617356226
2021-11-30 11:30:00,1735.47916666667,-29.8656904257036,-0.964606038395894,-0.964609232033099
2021-11-30 12:00:00,1735.5,-29.8858280151402,-0.967541452768597,-0.967544645748799
2021-11-30 12:30:00,1735.52083333333,-30.0051757315888,-0.986281177885924,-0.986284370208867
2021-11-30 13:00:00,1735.54166666667,-30.0658905513915,-0.995680707317462,-0.995683898982906
2021-11-30 13:30:00,1735.5625,-29.8491765929368,-0.96088570080328,-0.960888891810973
2021-11-30 14:00:00,1735.58333333333,-29.5884193128015,-0.919074628391038,-0.919077818740728
2021-11-30 14:30:00,1735.60416666667,-29.2730240842301,-0.868559758502366,-0.868562948193808
2021-11-30 15:00:00,1735.625,-28.8794229706865,-0.805586702040109,-0.805589891073057
2021-11-30 15:30:00,1735.64583333333,-28.8913487918367,-0.807214442893315,-0.807217631267513
2021-11-30 16:00:00,1735.66666666667,-28.2722894131725,-0.708325857365316,-0.708329045080522
2021-11-30 16:30:00,1735.6875,-28.0885557750929,-0.678785040295541,-0.678788227351506
2021-11-30 17:00:00,1735.70833333333,-28.3026122846011,-0.712612544931011,-0.712615731327483
2021-11-30 17:30:00,1735.72916666667,-28.3681317280148,-0.722778055754769,-0.722781241491503
2021-11-30 18:00:00,1735.75,-28.3195603248609,-0.714768880188074,-0.714772065264826
2021-11-30 18:30:00,1735.77083333333,-28.3892633877551,-0.7256009786165,-0.725604163033012
2021-11-30 19:00:00,1735.79166666667,-28.3985194959184,-0.726803901028177,-0.726807084784212
2021-11-30 19:30:00,1735.8125,-28.0931911016698,-0.677893354502615,-0.677896537597921
2021-11-30 20:00:00,1735.83333333333,-27.8788307704615,-0.643474152563953,-0.643477334998281
2021-11-30 20:30:00,1735.85416666667,-27.5369906476636,-0.588747395898854,-0.588750577671958
2021-11-30 21:00:00,1735.875,-27.667831235,-0.609319081348892,-0.609322262460529
2021-11-30 23:30:00,1735.97916666667,-28.8833223663551,-0.80159212843923,-0.801595306239809
2021-12-01,1736,-28.7838974485356,-0.785482758340729,-0.785485935478361
2021-12-01 00:30:00,1736.02083333333,-28.5411168981447,-0.746536800980372,-0.746539977454801
2021-12-01 01:00:00,1736.04166666667,-28.371218944898,-0.719201160913002,-0.719204336723992
2021-12-01 01:30:00,1736.0625,-28.373706874397,-0.719326782676015,-0.719329957823315
2021-12-01 02:00:00,1736.08333333333,-28.3841910972171,-0.720726287233898,-0.720729461717261
2021-12-01 02:30:00,1736.10416666667,-28.4775398769944,-0.73532624252029,-0.735329416339473
2021-12-01 03:00:00,1736.125,-28.0993969907236,-0.67481730609545,-0.67482047925021
2021-12-01 03:30:00,1736.14583333333,-28.1892671781076,-0.688863254410315,-0.688866426900398
2021-12-01 04:00:00,1736.16666666667,-28.0867346896104,-0.672259386657184,-0.672262558482351
2021-12-01 04:30:00,1736.1875,-28.0167439439703,-0.660839509523866,-0.660842680683872
2021-12-01 05:00:00,1736.20833333333,-27.6094833035185,-0.595692364892376,-0.59569553538697
2021-12-01 05:30:00,1736.22916666667,-27.5500537027778,-0.585955021248322,-0.585958191077264
2021-12-01 06:00:00,1736.25,-27.5625685309259,-0.587678544370474,-0.587681713533521
2021-12-01 06:30:00,1736.27083333333,-27.5285777505556,-0.581993758688582,-0.581996927185481
2021-12-01 07:00:00,1736.29166666667,-27.7535573998148,-0.617563215411088,-0.617566383241603
2021-12-01 07:30:00,1736.3125,-27.8533684703704,-0.633193296034769,-0.633196463198651
2021-12-01 08:00:00,1736.33333333333,-27.8234018840741,-0.628149771151442,-0.628152937648446
2021-12-01 08:30:00,1736.35416666667,-27.1076759568519,-0.51386436121129,-0.513867527041173
2021-12-01 09:00:00,1736.375,-26.9745740592593,-0.492391443580836,-0.492394608743356
2021-12-01 09:30:00,1736.39583333333,-27.1851981675926,-0.525674392399133,-0.525677556894039
2021-12-01 10:00:00,1736.41666666667,-26.8838444875926,-0.477398981778731,-0.477402145605786
2021-12-01 10:30:00,1736.4375,-26.7942851805556,-0.462862634265264,-0.462865797424222
2021-12-01 11:00:00,1736.45833333333,-26.1279203548148,-0.356440823607523,-0.356443986098135
2021-12-01 11:30:00,1736.47916666667,-26.5264296314815,-0.419654286647457,-0.419657448469487
2021-12-01 12:00:00,1736.5,-26.2306869953704,-0.372272992107581,-0.372276153260785
2021-12-01 12:30:00,1736.52083333333,-25.9580314831481,-0.32856956118265,-0.328572721666778
2021-12-01 13:00:00,1736.54166666667,-25.5545666666667,-0.264028182926866,-0.264031342741682
2021-12-01 13:30:00,1736.5625,-25.4927481209259,-0.253911368094841,-0.253914527240099
2021-12-01 14:00:00,1736.58333333333,-25.48510554,-0.252424891557236,-0.252428050032688
2021-12-01 14:30:00,1736.60416666667,-25.668500971243,-0.281370975295261,-0.281374133100672
2021-12-01 15:00:00,1736.625,-25.8529573341373,-0.310486134657074,-0.3104892917922
2021-12-01 15:30:00,1736.64583333333,-25.897353722963,-0.317289708549172,-0.317292865013764
2021-12-01 16:00:00,1736.66666666667,-26.0597685566667,-0.342893773570153,-0.342896929363975
2021-12-01 16:30:00,1736.6875,-26.1958777498148,-0.364307399809219,-0.364310554932027
2021-12-01 17:00:00,1736.70833333333,-26.2585592162963,-0.374024005309254,-0.3740271597608
2021-12-01 17:30:00,1736.72916666667,-26.4003037275926,-0.39633547897339,-0.39633863275344
2021-12-01 18:00:00,1736.75,-26.4203703711111,-0.399263650008215,-0.399266803116527
2021-12-01 18:30:00,1736.77083333333,-26.4730372945896,-0.407385137631786,-0.407388290068109
2021-12-01 19:00:00,1736.79166666667,-26.553983211194,-0.420011557797723,-0.420014709561824
2021-12-01 19:30:00,1736.8125,-26.7543376990672,-0.451659917460996,-0.451663068552631
2021-12-01 20:00:00,1736.83333333333,-26.7478246408582,-0.450354198001,-0.450357348419921
2021-12-01 20:30:00,1736.85416666667,-26.7926822291589,-0.457231928072125,-0.457235077818099
2021-12-01 21:00:00,1736.875,-26.9082854583955,-0.475379558166536,-0.475382707239322
2021-12-01 21:30:00,1736.89583333333,-26.7933190197761,-0.456797344304366,-0.456800492703714
2021-12-01 22:00:00,1736.91666666667,-26.932022376306,-0.478624979020122,-0.478628126745799
2021-12-01 22:30:00,1736.9375,-27.3226231315385,-0.540580118327702,-0.540583265379465
2021-12-02 01:00:00,1737.04166666667,-26.8428122622677,-0.462807739071916,-0.462810882750493
2021-12-02 01:30:00,1737.0625,-26.9082745536178,-0.472968503272453,-0.472971646275674
2021-12-02 02:00:00,1737.08333333333,-26.5998720408163,-0.423572406212826,-0.423575548540443
2021-12-02 02:30:00,1737.10416666667,-26.6676753337687,-0.434106232094868,-0.434109373746649
2021-12-02 03:00:00,1737.125,-26.7310687845725,-0.443937636249444,-0.443940777225147
2021-12-02 03:30:00,1737.14583333333,-26.4652096545455,-0.401318938302065,-0.401322078601448
2021-12-02 04:00:00,1737.16666666667,-26.5161222607407,-0.409162273650377,-0.409165413273205
2021-12-02 05:00:00,1737.20833333333,-26.3189047761905,-0.377211437201481,-0.37721457547047
2021-12-02 05:30:00,1737.22916666667,-26.4093401394052,-0.391350984231484,-0.3913541218232
2021-12-02 06:00:00,1737.25,-26.1633885128253,-0.351903912884401,-0.351907049798602
2021-12-02 06:30:00,1737.27083333333,-26.1647156312268,-0.351848591838913,-0.351851728075357
2021-12-02 07:00:00,1737.29166666667,-26.202076229368,-0.357533499417676,-0.35753663497613
2021-12-02 07:30:00,1737.3125,-26.1810574477778,-0.353918599672629,-0.353921734552852
2021-12-02 08:00:00,1737.33333333333,-25.8042319022263,-0.293623497784806,-0.293626631986553
2021-12-02 08:30:00,1737.35416666667,-24.6156141324675,-0.104009384118299,-0.10401251764134
2021-12-02 09:00:00,1737.375,-23.3379461912801,0.0997904158046359,0.0997872829605432
2021-12-02 09:30:00,1737.39583333333,-23.4721208388476,0.0786826126962433,0.0786794805313394
2021-12-02 10:00:00,1737.41666666667,-24.8223376948052,-0.136141652964075,-0.136144784449557
2021-12-02 10:30:00,1737.4375,-25.2933748124304,-0.210912027826273,-0.210915158632093
2021-12-02 11:00:00,1737.45833333333,-25.1367869966667,-0.185701372116077,-0.185704502241992
2021-12-02 11:30:00,1737.47916666667,-24.7832022729128,-0.12910903804563,-0.129112167491409
2021-12-02 12:00:00,1737.5,-24.2175852133333,-0.0387398712504441,-0.0387430000158472
2021-12-02 12:30:00,1737.52083333333,-23.1858814542593,0.125877169918266,0.125874041833479
2021-12-02 13:00:00,1737.54166666667,-22.8015963037037,0.187359894135437,0.187356766731501
2021-12-02 13:30:00,1737.5625,-22.0169536792593,0.312619780048046,0.312616653325196
2021-12-02 14:00:00,1737.58333333333,-21.9272166622222,0.327180636083137,0.327177510041618
2021-12-02 14:30:00,1737.60416666667,-21.902901862037,0.331319616158768,0.331316490798809
2021-12-02 15:00:00,1737.625,-21.4307722333333,0.406795748333809,0.406792623655649
2021-12-02 15:30:00,1737.64583333333,-20.2302388559259,0.598307048072065,0.598303924075945
2021-12-02 16:00:00,1737.66666666667,-18.3263796027778,0.901858592255612,0.901855468941765
2021-12-02 16:30:00,1737.6875,-17.578923955102,1.02119414550754,1.0211910228762
2021-12-02 17:00:00,1737.70833333333,-17.2393296407407,1.07555702666614,1.07555390471756
2021-12-02 17:30:00,1737.72916666667,-17.2493481792593,1.07422626025579,1.07422313899019
2021-12-02 18:00:00,1737.75,-17.3977741040741,1.05084702799921,1.05084390741682
2021-12-02 18:30:00,1737.77083333333,-17.7913796109259,0.988410442780228,0.988407322881299
2021-12-02 19:00:00,1737.79166666667,-18.3493296264815,0.899793589512652,0.899790470297415
2021-12-02 19:30:00,1737.8125,-18.2549944199627,0.915086167849039,0.915083049317727
2021-12-02 20:00:00,1737.83333333333,-18.7171492216418,0.841729419767457,0.841726301920313
2021-12-02 20:30:00,1737.85416666667,-19.0980522520522,0.781316066441171,0.781312949278423
2021-12-02 21:00:00,1737.875,-19.0540597052239,0.78858881169926,0.788585695221147
2021-12-02 21:30:00,1737.89583333333,-18.3847555994403,0.895474064615024,0.895470948821784
2021-12-02 22:00:00,1737.91666666667,-17.9859645160448,0.959266329179338,0.959263214071203
2021-12-02 22:30:00,1737.9375,-17.9039010723881,0.972603583788695,0.972600469365898
2021-12-02 23:00:00,1737.95833333333,-17.6346063402985,1.01576684580224,1.01576373206503
2021-12-02 23:30:00,1737.97916666667,-17.3837184392857,1.05599781579673,1.05599470274532
2021-12-03 02:30:00,1738.10416666667,-23.415424077963,0.096727399609539,0.0967242906779243
2021-12-03 03:00:00,1738.125,-23.3678757495362,0.104565734710152,0.104562626465989
2021-12-03 03:30:00,1738.14583333333,-23.7539647495362,0.0433252625641975,0.0433221550077231
2021-12-03 04:00:00,1738.16666666667,-23.7018998074211,0.0518829555280171,0.0518798486594623
2021-12-03 04:30:00,1738.1875,-23.4669926059369,0.0895674800574088,0.0895643738770051
2021-12-03 05:00:00,1738.20833333333,-23.5945788254174,0.0695064725378675,0.069503367045856
2021-12-03 05:30:00,1738.22916666667,-23.8009666759259,0.0368922378022323,0.0368891329988387
2021-12-03 06:00:00,1738.25,-24.2742573975926,-0.0382398861555667,-0.0382429902701062
2021-12-03 06:30:00,1738.27083333333,-24.8475018624074,-0.129294783973338,-0.129297887398788
2021-12-03 07:00:00,1738.29166666667,-25.0159629390741,-0.155867469977928,-0.155870572714057
2021-12-03 07:30:00,1738.3125,-25.1980611138889,-0.184612626678588,-0.184615728725167
2021-12-03 08:00:00,1738.33333333333,-26.0952648274074,-0.327274677967493,-0.32727777932428
2021-12-03 08:30:00,1738.35416666667,-26.71444628,-0.42564765569597,-0.425650756362741
2021-12-03 09:00:00,1738.375,-27.1578147777778,-0.49601357540136,-0.49601667537788
2021-12-03 09:30:00,1738.39583333333,-27.4296648331481,-0.53905655601272,-0.53905965529875
2021-12-03 10:00:00,1738.41666666667,-27.5644629766667,-0.560267140511435,-0.560270239106751
2021-12-03 10:30:00,1738.4375,-27.8262926101852,-0.601714003563497,-0.601717101467866
2021-12-03 11:00:00,1738.45833333333,-28.2573166755556,-0.670113731969723,-0.670116829182906
2021-12-03 11:30:00,1738.47916666667,-28.211138925,-0.662494941569995,-0.662498038091768
2021-12-03 12:00:00,1738.5,-28.7134555377778,-0.7422517667292,-0.742254862559328
2021-12-03 12:30:00,1738.52083333333,-28.9008333533333,-0.771838687984467,-0.771841783122713
2021-12-03 13:00:00,1738.54166666667,-29.6517240644444,-0.891193687781283,-0.891196782227423
2021-12-03 13:30:00,1738.5625,-29.2597481274074,-0.828489285441569,-0.828492379195371
2021-12-03 14:00:00,1738.58333333333,-29.5697037003704,-0.877603145907354,-0.87760623896858
2021-12-03 14:30:00,1738.60416666667,-29.6599481064815,-0.891716932172493,-0.891720024540919
2021-12-03 15:00:00,1738.625,-29.7888759274074,-0.91199308578214,-0.911996177457532
2021-12-03 15:30:00,1738.64583333333,-30.2458129475926,-0.984521410987624,-0.984524501969746
2021-12-03 16:00:00,1738.66666666667,-30.2618055468519,-0.986807046623254,-0.986810136911882
2021-12-03 16:30:00,1738.6875,-29.7304925824074,-0.901906586671206,-0.90190967626611
2021-12-03 17:00:00,1738.70833333333,-29.4389213743446,-0.855197231688321,-0.855200320589263
2021-12-03 17:30:00,1738.72916666667,-29.5414944951852,-0.871275421848786,-0.871278510055543
2021-12-03 18:00:00,1738.75,-29.3945616052239,-0.847607198110743,-0.847610285623082
2021-12-03 18:30:00,1738.77083333333,-29.1559496233209,-0.80933450146718,-0.809337588284864
2021-12-03 19:00:00,1738.79166666667,-29.200083941791,-0.816103564516307,-0.816106650639115
2021-12-03 19:30:00,1738.8125,-28.5062691386916,-0.705316877174785,-0.705319962602487
2021-12-03 20:00:00,1738.83333333333,-28.6834373661682,-0.733278481075569,-0.733281565807927
2021-12-03 20:30:00,1738.85416666667,-28.4672897069159,-0.698584655241878,-0.69858773927867
2021-12-03 21:00:00,1738.875,-28.0907126972015,-0.638334391358188,-0.638337474699181
2021-12-03 21:30:00,1738.89583333333,-28.1869517131274,-0.653404130395988,-0.653407213040948
2021-12-03 22:00:00,1738.91666666667,-28.477175039851,-0.6993757809577,-0.699378862906404
2021-12-03 22:30:00,1738.9375,-28.2709237949814,-0.666258749701604,-0.666261830953822
2021-12-03 23:00:00,1738.95833333333,-28.1741154249534,-0.650576118874242,-0.650579199429742
2021-12-03 23:30:00,1738.97916666667,-28.2109163815985,-0.656177621555406,-0.656180701413963
2021-12-04,1739,-27.9082862195167,-0.60770757678589,-0.607710655947272
2021-12-04 00:30:00,1739.02083333333,-27.7543735953532,-0.582928414439698,-0.582931492903672
2021-12-04 01:00:00,1739.04166666667,-27.468130120632,-0.53706892542533,-0.537072003191675
2021-12-04 04:00:00,1739.16666666667,-28.1085937345084,-0.637532565250892,-0.637535638826647
2021-12-04 04:30:00,1739.1875,-27.7879350526902,-0.586191216824255,-0.586194289700781
2021-12-04 05:00:00,1739.20833333333,-27.7347657894052,-0.577461196579183,-0.577464268756249
2021-12-04 05:30:00,1739.22916666667,-27.8962875883117,-0.60293168865337,-0.602934760130754
2021-12-04 06:00:00,1739.25,-27.7127514338318,-0.573434274895149,-0.57343734567262
2021-12-04 06:30:00,1739.27083333333,-27.3373722542593,-0.51337620290427,-0.513379272981596
2021-12-04 07:00:00,1739.29166666667,-27.35460553,-0.515861648401704,-0.515864717778665
2021-12-04 07:30:00,1739.3125,-27.1010278211111,-0.475206783347409,-0.475209852023776
2021-12-04 08:00:00,1739.33333333333,-26.91133521,-0.444728932880069,-0.444732000855613
2021-12-04 08:30:00,1739.35416666667,-26.3551111009259,-0.355862425750406,-0.355865493024904
2021-12-04 09:00:00,1739.375,-26.2039017972222,-0.331515139469276,-0.331518206042499
2021-12-04 09:30:00,1739.39583333333,-26.0636296414815,-0.30891022163216,-0.308913287503877
2021-12-04 10:00:00,1739.41666666667,-26.1320221924074,-0.319545813672282,-0.319548878842273
2021-12-04 10:30:00,1739.4375,-26.4175740759259,-0.364775115603358,-0.364778180071395
2021-12-04 11:30:00,1739.47916666667,-25.8878500309259,-0.279871281548337,-0.279874344611783
2021-12-04 12:00:00,1739.5,-25.8812592772222,-0.278562271873088,-0.278565334233904
2021-12-04 12:30:00,1739.52083333333,-25.9441128957407,-0.288315873475698,-0.288318935133651
2021-12-04 13:00:00,1739.54166666667,-26.1146648012963,-0.315225962356037,-0.315229023310907
2021-12-04 13:30:00,1739.5625,-26.2376629077778,-0.334560770284824,-0.334563830536384
2021-12-04 14:00:00,1739.58333333333,-26.329281462963,-0.348896866524516,-0.348899926072538
2021-12-04 14:30:00,1739.60416666667,-26.86516109,-0.434004142274356,-0.434007201118617
2021-12-04 15:00:00,1739.625,-27.166157415,-0.481694413482191,-0.481697471622467
2021-12-04 15:30:00,1739.64583333333,-27.3244611135185,-0.506653720677709,-0.50665677811377
2021-12-04 16:00:00,1739.66666666667,-27.14199443,-0.477328135885205,-0.47733119261683
2021-12-04 16:30:00,1739.6875,-26.9572703925926,-0.447643026427469,-0.447646082454433
2021-12-04 17:00:00,1739.70833333333,-27.0964000511111,-0.469548115616047,-0.469551170938122
2021-12-04 17:30:00,1739.72916666667,-26.9911500298148,-0.452523420661941,-0.452526475278905
2021-12-04 18:00:00,1739.75,-27.0931407374074,-0.468512395438348,-0.468515449349979
2021-12-04 18:30:00,1739.77083333333,-26.9467888635185,-0.444940293070878,-0.444943346276943
2021-12-04 19:00:00,1739.79166666667,-26.785242605,-0.418947787961634,-0.418950840461918
2021-12-04 19:30:00,1739.8125,-26.5845354311567,-0.386716994677265,-0.38672004647154
2021-12-04 20:00:00,1739.83333333333,-26.4346324716418,-0.362579422694736,-0.362582473782776
2021-12-04 20:30:00,1739.85416666667,-26.0527313464552,-0.301484450818971,-0.301487501200554
2021-12-04 21:00:00,1739.875,-25.7164837298279,-0.247662189201411,-0.247665238876317
2021-12-04 21:30:00,1739.89583333333,-25.5288810436803,-0.217519244985909,-0.217522293953906
2021-12-04 22:00:00,1739.91666666667,-25.9402787962825,-0.282797572502447,-0.282800620763318
2021-12-04 22:30:00,1739.9375,-25.9827156327138,-0.289300236228181,-0.289303283781702
2021-12-04 23:00:00,1739.95833333333,-26.1478643027881,-0.315351056596828,-0.315354103442771
2021-12-04 23:30:00,1739.97916666667,-26.1105111960967,-0.309143273101575,-0.309146319239721
2021-12-05,1740,-25.546420048513,-0.21902581719692,-0.219028862627048
2021-12-05 00:30:00,1740.02083333333,-25.4908977747212,-0.209923820268049,-0.209926864989928
2021-12-05 01:00:00,1740.04166666667,-25.1402193200744,-0.153803306790814,-0.153806350804229
2021-12-05 01:30:00,1740.0625,-24.9771635600372,-0.127571296659507,-0.127574339964232
2021-12-05 02:00:00,1740.08333333333,-24.9317657944238,-0.120082363169801,-0.120085405765612
2021-12-05 02:30:00,1740.10416666667,-25.0301002176252,-0.135490144154011,-0.135493186040688
2021-12-05 05:30:00,1740.22916666667,-24.6899796384045,-0.0797684729994661,-0.0797715106266701
2021-12-05 06:00:00,1740.25,-24.6812950040816,-0.0781285611453635,-0.0781315980618822
2021-12-05 06:30:00,1740.27083333333,-24.8540074144712,-0.105385402488691,-0.105388438694295
2021-12-05 07:00:00,1740.29166666667,-25.0581873808905,-0.137655122373621,-0.137658157868097
2021-12-05 07:30:00,1740.3125,-25.2925454393321,-0.17473230829525,-0.174735343078374
2021-12-05 08:00:00,1740.33333333333,-25.49602965,-0.206891342648405,-0.206894376719951
2021-12-05 08:30:00,1740.35416666667,-25.4887907398148,-0.205482107741806,-0.20548514110156
2021-12-05 09:00:00,1740.375,-25.4271611088889,-0.195408466663327,-0.195411499311069
2021-12-05 09:30:00,1740.39583333333,-25.4534962751852,-0.19934775518623,-0.199350787121731
2021-12-05 10:00:00,1740.41666666667,-25.4449741211111,-0.197734322240561,-0.197737353463608
2021-12-05 10:30:00,1740.4375,-25.5989796237037,-0.222011735754946,-0.222014766265316
2021-12-05 11:00:00,1740.45833333333,-25.6515666566667,-0.230133189223975,-0.230136219021443
2021-12-05 11:30:00,1740.47916666667,-25.6661573944444,-0.232201880391605,-0.232204909475959
2021-12-05 12:00:00,1740.5,-25.6025518233333,-0.221813918380301,-0.22181694675132
2021-12-05 12:30:00,1740.52083333333,-25.5030499727778,-0.205707728141386,-0.205710755798842
2021-12-05 13:00:00,1740.54166666667,-25.1344944188889,-0.146741165464865,-0.146744192408546
2021-12-05 13:30:00,1740.5625,-24.9952537061111,-0.124304695653867,-0.124307721883551
2021-12-05 14:00:00,1740.58333333333,-25.0017388781481,-0.125082538269374,-0.125085563784837
2021-12-05 14:30:00,1740.60416666667,-25.3954148138889,-0.187540221104835,-0.187543245905864
2021-12-05 15:00:00,1740.625,-25.7401111116667,-0.242195487514792,-0.242198511601168
2021-12-05 15:30:00,1740.64583333333,-26.069162952037,-0.294358655616119,-0.294361678987615
2021-12-05 16:00:00,1740.66666666667,-26.2347314905556,-0.320478891874026,-0.32048191453043
2021-12-05 16:30:00,1740.6875,-26.3979111288889,-0.34621864962678,-0.346221671567872
2021-12-05 17:00:00,1740.70833333333,-26.4789907498148,-0.358879890970981,-0.358882912196536
2021-12-05 17:30:00,1740.72916666667,-26.8737110498148,-0.4215043916899,-0.421507412199708
2021-12-05 18:00:00,1740.75,-26.5921648087037,-0.376399224240899,-0.37640224403474
2021-12-05 18:30:00,1740.77083333333,-26.6714266576994,-0.388771118515872,-0.38877413759352
2021-12-05 19:00:00,1740.79166666667,-26.249359257037,-0.321280980228893,-0.321283998590138
2021-12-05 19:30:00,1740.8125,-25.4041629644444,-0.186386182281671,-0.186389199926287
2021-12-05 20:00:00,1740.83333333333,-24.6504814616667,-0.0660698309794575,-0.0660728479072307
2021-12-05 20:30:00,1740.85416666667,-24.6944933042065,-0.0728266748902529,-0.0728296911009684
2021-12-05 21:00:00,1740.875,-24.789897770632,-0.0877704758069801,-0.0877734913004122
2021-12-05 21:30:00,1740.89583333333,-24.7465055615242,-0.0806039424531017,-0.0806069572290404
2021-12-05 22:00:00,1740.91666666667,-24.7016170624535,-0.0731991243990541,-0.073202138457282
2021-12-05 22:30:00,1740.9375,-24.8247843894052,-0.0925657949179763,-0.0925688082582681
2021-12-05 23:00:00,1740.95833333333,-24.8263067284387,-0.0925544073578594,-0.0925574199800028
2021-12-05 23:30:00,1740.97916666667,-24.89352786171,-0.103008960126824,-0.103011972030604
2021-12-06,1741,-24.8454953171322,-0.0951035951431886,-0.0951066063283807
2021-12-06 00:30:00,1741.02083333333,-24.8602081618959,-0.0971936910432026,-0.0971967015095976
2021-12-06 01:00:00,1741.04166666667,-25.0694498252788,-0.130272442317332,-0.130275452064713
2021-12-06 01:30:00,1741.0625,-25.2588178384758,-0.160185382502881,-0.160188391531023
2021-12-06 02:00:00,1741.08333333333,-25.6981921697761,-0.229924583440296,-0.229927591748989
2021-12-06 02:30:00,1741.10416666667,-25.5828122557621,-0.211291112317799,-0.211294119906827
2021-12-06 03:00:00,1741.125,-25.2582160130354,-0.159329406208235,-0.159332413077375
2021-12-06 03:30:00,1741.14583333333,-24.800042732342,-0.0860888582126157,-0.0860918643616593
2021-12-06 04:00:00,1741.16666666667,-24.3393376128015,-0.0124450622296163,-0.0124480676583469
2021-12-06 07:00:00,1741.29166666667,-21.3641635817844,0.463019541722918,0.463016540620613
2021-12-06 07:30:00,1741.3125,-20.4827996430427,0.603674057052721,0.603671056672246
2021-12-06 08:00:00,1741.33333333333,-20.0723228380334,0.669315839467666,0.669312839809232
2021-12-06 08:30:00,1741.35416666667,-19.3657625118738,0.782123862344908,0.782120863408726
2021-12-06 09:00:00,1741.375,-18.054573280334,0.991249625850147,0.99124662763644
2021-12-06 09:30:00,1741.39583333333,-17.8851407611111,1.0184926530633,1.01848965557228
2021-12-06 10:00:00,1741.41666666667,-18.0083166753704,0.999122871582252,0.999119874814126
2021-12-06 10:30:00,1741.4375,-17.7309592955556,1.0435582539019,1.04355525785689
2021-12-06 11:00:00,1741.45833333333,-17.463890737037,1.08635454343295,1.08635154811127
2021-12-06 11:30:00,1741.47916666667,-17.3542648414815,1.10407002800767,1.10406703340953
2021-12-06 12:00:00,1741.5,-17.2853239168539,1.11530429137136,1.11530129749698
2021-12-06 12:30:00,1741.52083333333,-17.0062036866667,1.16002019200693,1.16001719885652
2021-12-06 13:00:00,1741.54166666667,-16.7748166483333,1.19713208473675,1.19712909231052
2021-12-06 13:30:00,1741.5625,-16.5892944368519,1.22693760140841,1.22693460970659
2021-12-06 14:00:00,1741.58333333333,-16.4690462912963,1.24634483633517,1.24634184535796
2021-12-06 14:30:00,1741.60416666667,-16.3090722011111,1.27208036620059,1.2720773759482
2021-12-06 15:00:00,1741.625,-16.111485207037,1.30380758207235,1.303804592545
2021-12-06 15:30:00,1741.64583333333,-15.6041444640741,1.38487871500195,1.38487572619985
2021-12-06 16:00:00,1741.66666666667,-14.4721851888889,1.56545194994849,1.56544896187185
2021-12-06 16:30:00,1741.6875,-14.0913018590741,1.62637817351095,1.62637518615999
2021-12-06 17:00:00,1741.70833333333,-14.2124777792593,1.60732592318009,1.60732293655502
2021-12-06 17:30:00,1741.72916666667,-14.2400092535185,1.60319122338195,1.60318823748299
2021-12-06 18:00:00,1741.75,-14.0384555385185,1.63554988128488,1.63554689611224
2021-12-06 18:30:00,1741.77083333333,-14.0035703537037,1.64135804653878,1.64135506209267
2021-12-06 19:00:00,1741.79166666667,-13.9837166488889,1.64477160956774,1.64476862584837
2021-12-06 19:30:00,1741.8125,-14.0436962957407,1.63546758587482,1.6354646028824
2021-12-06 20:00:00,1741.83333333333,-14.0307115713472,1.63778676187892,1.63778377961367
2021-12-06 20:30:00,1741.85416666667,-14.0960743501859,1.62762504781437,1.62762206627649
2021-12-06 21:00:00,1741.875,-14.105468416171,1.62637911285544,1.62637613204516
2021-12-06 21:30:00,1741.89583333333,-14.2213290033457,1.60817290810877,1.60816992802629
2021-12-06 22:00:00,1741.91666666667,-14.2266542734201,1.60757498145408,1.60757200209961
2021-12-06 22:30:00,1741.9375,-13.9177193381041,1.6570388531481,1.65703587452185
2021-12-06 23:00:00,1741.95833333333,-13.4482528009294,1.73207544675985,1.73207246886204
2021-12-06 23:30:00,1741.97916666667,-13.2960613468401,1.75656981589918,1.75656683873002
2021-12-07,1742,-13.2801077946097,1.75936131287471,1.75935833643441
2021-12-07 00:30:00,1742.02083333333,-13.2855985280669,1.75873664274346,1.75873366703223
2021-12-07 01:00:00,1742.04166666667,-13.8787360650558,1.66449933976558,1.66449636478363
2021-12-07 01:30:00,1742.0625,-15.0684739947955,1.47522309074801,1.47522011649555
2021-12-07 02:00:00,1742.08333333333,-19.9924925611524,0.691073190585957,0.691070217063203
2021-12-07 02:30:00,1742.10416666667,-20.1003289817844,0.674144470740428,0.674141497947583
2021-12-07 03:00:00,1742.125,-20.2732936730483,0.646840693609224,0.646837721546507
2021-12-07 03:30:00,1742.14583333333,-20.1168661561338,0.672009253364078,0.672006282031691
2021-12-07 04:00:00,1742.16666666667,-20.0370018421933,0.68498116287574,0.684978192273896
2021-12-07 04:30:00,1742.1875,-19.8473531459108,0.715441725619259,0.715438755748171
2021-12-07 05:00:00,1742.20833333333,-20.0517806306691,0.683125593750896,0.683122624610771
2021-12-07 05:30:00,1742.22916666667,-21.8804157037453,0.39207195499246,0.392068986583505
2021-12-07 08:30:00,1742.35416666667,-25.7495157781076,-0.222784667901295,-0.222787631918814
2021-12-07 09:00:00,1742.375,-25.8557699486085,-0.239462340685237,-0.239465303970113
2021-12-07 09:30:00,1742.39583333333,-26.335022303154,-0.315558968384175,-0.315561930936205
2021-12-07 10:00:00,1742.41666666667,-25.7064721898148,-0.215181948979235,-0.215184910798213
2021-12-07 10:30:00,1742.4375,-25.9508721490741,-0.253866577671464,-0.253869538757176
2021-12-07 11:00:00,1742.45833333333,-26.0480166518519,-0.269093384658786,-0.269096345011027
2021-12-07 11:30:00,1742.47916666667,-26.0869369508349,-0.275045112148814,-0.275048071767377
2021-12-07 12:00:00,1742.5,-26.047707395,-0.268547589726368,-0.268550548611038
2021-12-07 12:30:00,1742.52083333333,-26.2661409781076,-0.303096067305332,-0.303099025455906
2021-12-07 13:00:00,1742.54166666667,-26.2020759609259,-0.292642393851622,-0.292645351267894
2021-12-07 13:30:00,1742.5625,-26.0731185040741,-0.271851386287799,-0.271854342969557
2021-12-07 14:00:00,1742.58333333333,-26.6521351894444,-0.363841243440986,-0.363844199388025
2021-12-07 14:30:00,1742.60416666667,-27.2429351809259,-0.457708267643913,-0.457711222856028
2021-12-07 15:00:00,1742.625,-27.0844314614815,-0.432210753232283,-0.432213707709258
2021-12-07 15:30:00,1742.64583333333,-27.419492635,-0.48533855700647,-0.485341510748103
2021-12-07 16:00:00,1742.66666666667,-27.4004526896104,-0.482057877554568,-0.482060830560656
2021-12-07 16:30:00,1742.6875,-27.304966707037,-0.466599367842821,-0.466602320113151
2021-12-07 17:00:00,1742.70833333333,-27.371679637963,-0.476979339085348,-0.476982290619714
2021-12-07 17:30:00,1742.72916666667,-27.3561740348148,-0.474261917251631,-0.474264868049831
2021-12-07 18:00:00,1742.75,-27.6828868098113,-0.526060205797777,-0.526063155859596
2021-12-07 18:30:00,1742.77083333333,-26.9337215509804,-0.406470432939127,-0.406473382264364
2021-12-07 19:00:00,1742.79166666667,-27.289835197963,-0.462952457873697,-0.462955406462148
2021-12-07 19:30:00,1742.8125,-27.6208759458647,-0.515440430350272,-0.515443378201723
2021-12-07 20:00:00,1742.83333333333,-27.2141635524164,-0.450403878516925,-0.450406825631177
2021-12-07 20:30:00,1742.85416666667,-27.1962634398887,-0.447305479230482,-0.447308425607329
2021-12-07 21:00:00,1742.875,-25.7120964994434,-0.210629804822404,-0.210632750461634
2021-12-07 21:30:00,1742.89583333333,-25.6430167187384,-0.199378604609173,-0.199381549510584
2021-12-07 22:00:00,1742.91666666667,-25.0543345737918,-0.105354454899124,-0.105357399062514
2021-12-07 22:30:00,1742.9375,-24.0120722438889,0.0609252639356278,0.0609223205104732
2021-12-07 23:00:00,1742.95833333333,-23.9522147972222,0.0707071043278774,0.0707041616411556
2021-12-07 23:30:00,1742.97916666667,-24.0227499711111,0.0597172285495355,0.0597142866014516
2021-12-08,1743,-24.296161112037,0.0164089876769491,0.0164060464677154
2021-12-08 00:30:00,1743.02083333333,-24.6865370433333,-0.045531906485226,-0.0455348469554091
2021-12-08 01:00:00,1743.04166666667,-24.5422462959259,-0.0223000952811455,-0.0223030350120759
2021-12-08 01:30:00,1743.0625,-23.8742000161111,0.0843662678553064,0.0843633288638412
2021-12-08 02:00:00,1743.08333333333,-23.9706147964815,0.06925335911722,0.0692504208654168
2021-12-08 02:30:00,1743.10416666667,-23.9897685324074,0.0664481112455824,0.0664451737336459
2021-12-08 03:00:00,1743.125,-23.7261074405556,0.108695388785021,0.108692452013163
2021-12-08 03:30:00,1743.14583333333,-24.0058610996296,0.0643762293827923,0.0643732933512119
2021-12-08 04:00:00,1743.16666666667,-24.0497055390741,0.0576374984313872,0.0576345631402864
2021-12-08 04:30:00,1743.1875,-23.860972265,0.0879484845950221,0.0879455500446119
2021-12-08 05:00:00,1743.20833333333,-24.0835907016667,0.0527307703978604,0.0527278365883375
2021-12-08 05:30:00,1743.22916666667,-24.1202055575926,0.0471434806189281,0.0471405475504961
2021-12-08 06:00:00,1743.25,-24.273640767963,0.0229465459499459,0.0229436136228156
2021-12-08 06:30:00,1743.27083333333,-24.426779662963,-0.00120326444595786,-0.00120619603158778
2021-12-08 07:00:00,1743.29166666667,-25.0065346855535,-0.0933134078407379,-0.0933163386846664
2021-12-08 10:00:00,1743.41666666667,-24.8256073942593,-0.0630217459615617,-0.0630246723510018
2021-12-08 10:30:00,1743.4375,-24.8202319194805,-0.0619207369238303,-0.0619236625701419
2021-12-08 11:00:00,1743.45833333333,-25.0387235875696,-0.0964820029829419,-0.0964849278859299
2021-12-08 11:30:00,1743.47916666667,-25.300948077551,-0.138010018112592,-0.138012942272051
2021-12-08 12:00:00,1743.5,-24.6265398884972,-0.0303318574652142,-0.0303347808809413
2021-12-08 12:30:00,1743.52083333333,-24.2604898018553,0.0282245577576662,0.0282216350858713
2021-12-08 13:00:00,1743.54166666667,-25.4918833011111,-0.16769301119086,-0.167695933118523
2021-12-08 13:30:00,1743.5625,-26.5816870483333,-0.341055310875124,-0.341058232058447
2021-12-08 14:00:00,1743.58333333333,-26.4573555394444,-0.321005076072614,-0.321007996511402
2021-12-08 14:30:00,1743.60416666667,-26.2349093001852,-0.285325174087085,-0.285328093781134
2021-12-08 15:00:00,1743.625,-26.6306388985185,-0.34812120429643,-0.348124123245536
2021-12-08 15:30:00,1743.64583333333,-26.4860407364815,-0.324842715695467,-0.324845633899432
2021-12-08 16:00:00,1743.66666666667,-26.1077759412963,-0.264341045025711,-0.264343962484337
2021-12-08 16:30:00,1743.6875,-26.0353074044444,-0.252553016438321,-0.252555933151398
2021-12-08 17:00:00,1743.70833333333,-26.2449073861111,-0.285698784055863,-0.285701700023199
2021-12-08 17:30:00,1743.72916666667,-26.2406759305556,-0.284781130583808,-0.284784045805199
2021-12-08 18:00:00,1743.75,-26.1046204001852,-0.262863887488418,-0.262866801963661
2021-12-08 18:30:00,1743.77083333333,-26.236824057963,-0.283680604495288,-0.283683518224185
2021-12-08 19:00:00,1743.79166666667,-26.2476883321224,-0.285167950741224,-0.285170863723578
2021-12-08 19:30:00,1743.8125,-25.5903345369888,-0.180207760823305,-0.180210673058907
2021-12-08 20:00:00,1743.83333333333,-25.3046319635688,-0.13445195593339,-0.134454867422048
2021-12-08 20:30:00,1743.85416666667,-25.3782137908922,-0.145930492684572,-0.145933403426084
2021-12-08 21:00:00,1743.875,-25.2201263797398,-0.120504034077738,-0.120506944071901
2021-12-08 21:30:00,1743.89583333333,-25.2245966503717,-0.120973210260821,-0.120976119507438
2021-12-08 22:00:00,1743.91666666667,-24.3313958864312,0.0215571709031878,0.0215542624043131
2021-12-08 22:30:00,1743.9375,-23.6405464925651,0.131852754233295,0.13184984648237
2021-12-08 23:00:00,1743.95833333333,-23.8869423208178,0.0928444239035827,0.0928415169007993
2021-12-08 23:30:00,1743.97916666667,-23.5660501799257,0.144205392409199,0.144202486154759
2021-12-09,1744,-24.0345852174242,0.0698099671912394,0.069807061685344
2021-12-09 00:30:00,1744.02083333333,-24.422514932342,0.00825494735932775,0.00825204260217338
2021-12-09 01:00:00,1744.04166666667,-24.7063754232342,-0.0367218508498057,-0.0367247548580224
2021-12-09 01:30:00,1744.0625,-24.7298178652416,-0.0402139479384512,-0.0402168511975245
2021-12-09 02:00:00,1744.08333333333,-25.276291822119,-0.127025419306443,-0.127028321816181
2021-12-09 02:30:00,1744.10416666667,-25.7451542678439,-0.201473401712505,-0.201476303472708
2021-12-09 03:00:00,1744.125,-26.1656115228625,-0.268210482906038,-0.268213383916504
2021-12-09 03:30:00,1744.14583333333,-26.6748401652416,-0.34908898983212,-0.349091890092655
2021-12-09 04:00:00,1744.16666666667,-26.8069739918216,-0.369896103444682,-0.369899002955089
2021-12-09 04:30:00,1744.1875,-27.2485929092937,-0.440004493549171,-0.440007392309245
2021-12-09 05:00:00,1744.20833333333,-27.1738178358736,-0.427851032264935,-0.427853930274483
2021-12-09 05:30:00,1744.22916666667,-27.4389907066914,-0.469851601841621,-0.469854499100448
2021-12-09 06:00:00,1744.25,-27.548750933829,-0.487094906664169,-0.487097803172073
2021-12-09 06:30:00,1744.27083333333,-28.0407955347584,-0.565236465891675,-0.565239361648461
2021-12-09 07:00:00,1744.29166666667,-28.3819461987013,-0.619340593632292,-0.619343488637765
2021-12-09 07:30:00,1744.3125,-28.5330667929499,-0.643172876009534,-0.643175770263489
2021-12-09 08:00:00,1744.33333333333,-29.5720166944341,-0.80843708205078,-0.808439975553025
2021-12-09 08:30:00,1744.35416666667,-29.4257180280148,-0.7848904248303,-0.784893317580642
2021-12-09 11:00:00,1744.45833333333,-30.8208372271318,-1.00592924471358,-1.00593213370143
2021-12-09 11:30:00,1744.47916666667,-31.3931038756957,-1.09685103990556,-1.09685392814033
2021-12-09 12:00:00,1744.5,-31.6775361434137,-1.14192069335354,-1.14192358083503
2021-12-09 12:30:00,1744.52083333333,-32.1073748617811,-1.21015377914474,-1.21015666587275
2021-12-09 13:00:00,1744.54166666667,-32.2907550892393,-1.23912593208814,-1.23912881806248
2021-12-09 13:30:00,1744.5625,-32.5796419729128,-1.2849054516702,-1.28490833689067
2021-12-09 14:00:00,1744.58333333333,-32.2065184661111,-1.22522632390677,-1.22522920837318
2021-12-09 14:30:00,1744.60416666667,-31.3238462985185,-1.08437581131834,-1.08437869503049
2021-12-09 15:00:00,1744.625,-29.6547426083333,-0.818246276186865,-0.818249159144555
2021-12-09 15:30:00,1744.64583333333,-27.7511388944444,-0.51476080073311,-0.51476368293615
2021-12-09 16:00:00,1744.66666666667,-27.1874092627778,-0.424718305128915,-0.424721186577112
2021-12-09 16:30:00,1744.6875,-29.147337082037,-0.736696325985745,-0.736699206678899
2021-12-09 17:00:00,1744.70833333333,-29.5818722205556,-0.805678283858805,-0.805681163796724
2021-12-09 17:30:00,1744.72916666667,-29.5244259122222,-0.796287326825622,-0.796290206008115
2021-12-09 18:00:00,1744.75,-29.9623726554307,-0.865812918101118,-0.865815796527983
2021-12-09 18:30:00,1744.77083333333,-30.1318271618959,-0.892567585410297,-0.892570463081346
2021-12-09 19:00:00,1744.79166666667,-30.4331375942379,-0.940327077182924,-0.940329954097964
2021-12-09 19:30:00,1744.8125,-31.1494535258364,-1.05419732283133,-1.05420019899016
2021-12-09 20:00:00,1744.83333333333,-30.5602676860595,-0.960100284678836,-0.960103160081266
2021-12-09 20:30:00,1744.85416666667,-31.0787658215613,-1.04245817669028,-1.04246105133612
2021-12-09 21:00:00,1744.875,-30.26564681171,-0.912688587225174,-0.912691461114221
2021-12-09 21:30:00,1744.89583333333,-30.7689219230483,-0.9926216033758,-0.992624476507868
2021-12-09 22:00:00,1744.91666666667,-31.1697918410781,-1.05624148048177,-1.05624435285666
2021-12-09 22:30:00,1744.9375,-29.7980389988848,-0.837481366606276,-0.837484238223798
2021-12-09 23:00:00,1744.95833333333,-30.2839851128253,-0.914654105468101,-0.914656976328063
2021-12-09 23:30:00,1744.97916666667,-30.2337248998141,-0.906408874788132,-0.906411744890342
2021-12-10,1745,-30.4802368649895,-0.94543974572227,-0.945442615066528
2021-12-10 00:30:00,1745.02083333333,-30.7270186156134,-0.984513675253613,-0.984516543839734
2021-12-10 01:00:00,1745.04166666667,-30.3937435135688,-0.931184215252108,-0.931187083079899
2021-12-10 01:30:00,1745.0625,-29.9928141330855,-0.867077461992398,-0.867080329061659
2021-12-10 02:00:00,1745.08333333333,-29.9202565460967,-0.855280651769047,-0.855283518079591
2021-12-10 02:30:00,1745.10416666667,-30.2321821535316,-0.904732370878482,-0.904735236430118
2021-12-10 03:00:00,1745.125,-29.8672509330855,-0.846360395351552,-0.846363260144081
2021-12-10 03:30:00,1745.14583333333,-29.730851317658,-0.824393749581344,-0.824396613614582
2021-12-10 04:00:00,1745.16666666667,-29.9163847282528,-0.853711346710029,-0.853714209983784
2021-12-10 04:30:00,1745.1875,-29.5484331046468,-0.794858464190144,-0.794861326704216
2021-12-10 05:00:00,1745.20833333333,-29.8127695375465,-0.836729602769712,-0.836732464523914
2021-12-10 05:30:00,1745.22916666667,-29.8553903317844,-0.843281363557447,-0.843284224551591
2021-12-10 06:00:00,1745.25,-29.8050705100186,-0.83502769971756,-0.835030559951447
2021-12-10 06:30:00,1745.27083333333,-29.3406586738404,-0.760808964015216,-0.760811823488662
2021-12-10 07:00:00,1745.29166666667,-29.1575547202226,-0.731402857009912,-0.731405715722724
2021-12-10 07:30:00,1745.3125,-28.9919795842301,-0.704789185188254,-0.704792043140236
2021-12-10 08:00:00,1745.33333333333,-29.2883320910946,-0.751760999012892,-0.751763856203858
2021-12-10 08:30:00,1745.35416666667,-29.453823757885,-0.777886669569343,-0.777889525999104
2021-12-10 09:00:00,1745.375,-29.4237420866419,-0.772857449718825,-0.772860305387184
2021-12-10 09:30:00,1745.39583333333,-29.5622188981447,-0.79467979875492,-0.794682653661692
2021-12-10 10:00:00,1745.41666666667,-29.4037392491139,-0.769196853580848,-0.76919970772584
2021-12-10 12:30:00,1745.52083333333,-29.6858765231481,-0.812957637280703,-0.812960487613947
2021-12-10 13:00:00,1745.54166666667,-28.395875670872,-0.607223049437921,-0.607225899008247
2021-12-10 13:30:00,1745.5625,-28.8012225790353,-0.671558653723575,-0.67156150253079
2021-12-10 14:00:00,1745.58333333333,-28.8321929324675,-0.6762558877108,-0.676258735754718
2021-12-10 14:30:00,1745.60416666667,-28.2594972083488,-0.584788766591546,-0.584791613871979
2021-12-10 15:00:00,1745.625,-27.0325306176252,-0.389095911337074,-0.389098757853826
2021-12-10 15:30:00,1745.64583333333,-26.381423019295,-0.285137887581961,-0.285140733334851
2021-12-10 16:00:00,1745.66666666667,-25.4084333344444,-0.129903899948644,-0.129906744937481
2021-12-10 16:30:00,1745.6875,-24.4457056025926,0.0236952686829125,0.023692424458321
2021-12-10 17:00:00,1745.70833333333,-24.1533277514815,0.0705071396862859,0.0705042962261256
2021-12-10 17:30:00,1745.72916666667,-23.3472573837037,0.199150513069544,0.199147670374001
2021-12-10 18:00:00,1745.75,-23.9589832659851,0.101937847997314,0.101935006066583
2021-12-10 18:30:00,1745.77083333333,-23.2865650343866,0.209290175254757,0.20928733408902
2021-12-10 19:00:00,1745.79166666667,-22.913178436803,0.26900646681521,0.269003626414657
2021-12-10 19:30:00,1745.8125,-23.2825334641264,0.210403404018669,0.210400564383491
2021-12-10 20:00:00,1745.83333333333,-22.9711078159851,0.260249106550767,0.260246267681149
2021-12-10 20:30:00,1745.85416666667,-23.6656375986989,0.149845307282264,0.149842469178391
2021-12-10 21:00:00,1745.875,-24.4164609568773,0.0304738183866654,0.0304709810487322
2021-12-10 21:30:00,1745.89583333333,-24.434910783829,0.0277698735210199,0.027767036949207
2021-12-10 22:00:00,1745.91666666667,-24.0109405081784,0.0955436842710773,0.0955408484655744
2021-12-10 22:30:00,1745.9375,-23.7436914609665,0.138351608418031,0.138348773379028
2021-12-10 23:00:00,1745.95833333333,-23.8493048466543,0.12176219760402,0.1217593633317
2021-12-10 23:30:00,1745.97916666667,-23.9692527795539,0.102889200197498,0.102886366692048
2021-12-11,1746,-24.0771991377358,0.0859279792117755,0.0859251464733879
2021-12-11 00:30:00,1746.02083333333,-24.426529698513,0.0305139992182674,0.0305111672471221
2021-12-11 01:00:00,1746.04166666667,-24.6286635630112,-0.00145152493769163,-0.00145435614140565
2021-12-11 01:30:00,1746.0625,-24.668479547026,-0.00755977783670292,-0.00756260827279698
2021-12-11 02:00:00,1746.08333333333,-24.622802998513,-4.9092338429868e-05,-5.19220067201065e-05
2021-12-11 02:30:00,1746.10416666667,-24.4783345613383,0.0231991284631412,0.0231962995628388
2021-12-11 03:00:00,1746.125,-24.6747285905204,-0.00785236839896064,-0.00785519653108224
2021-12-11 03:30:00,1746.14583333333,-25.1511394068773,-0.0835108227799377,-0.0835136501436973
2021-12-11 04:00:00,1746.16666666667,-24.9538513130112,-0.0518486425773202,-0.0518514691725342
2021-12-11 04:30:00,1746.1875,-24.5385408728625,0.0145445699110256,0.0145417440845473
2021-12-11 05:00:00,1746.20833333333,-23.4977969733706,0.180569696106714,0.180566871049155
2021-12-11 05:30:00,1746.22916666667,-23.6662003693878,0.153976710717864,0.153973886429407
2021-12-11 06:00:00,1746.25,-23.5261112564007,0.17652671909748,0.176523895578317
2021-12-11 06:30:00,1746.27083333333,-23.346046364193,0.205444814275761,0.205441991526072
2021-12-11 07:00:00,1746.29166666667,-23.4982133469388,0.1814380509287,0.181435228948669
2021-12-11 07:30:00,1746.3125,-23.4395101983302,0.191022966738501,0.191020145528318
2021-12-11 08:00:00,1746.33333333333,-23.2430575040816,0.222551400118122,0.222548579677968
2021-12-11 08:30:00,1746.35416666667,-23.0392133133581,0.255257220650225,0.255254400980283
2021-12-11 09:00:00,1746.375,-22.9132374844156,0.275558471956915,0.275555653057376
2021-12-11 09:30:00,1746.39583333333,-22.7057810532468,0.308839557847447,0.308836739718491
2021-12-11 10:00:00,1746.41666666667,-22.1878478358071,0.391579734053777,0.391576916695585
2021-12-11 10:30:00,1746.4375,-21.7106771654917,0.467826323736147,0.467823507148909
2021-12-11 11:00:00,1746.45833333333,-21.9063246586271,0.436892415509222,0.43688959969312
2021-12-11 11:30:00,1746.47916666667,-22.3474652985149,0.366851189874964,0.366848374830178
2021-12-11 14:00:00,1746.58333333333,-19.282468848249,0.856270025905034,0.856267214719602
2021-12-11 14:30:00,1746.60416666667,-18.7560544044218,0.940360513723424,0.94035770331041
2021-12-11 15:00:00,1746.625,-18.2919573007421,1.01452372081762,1.01452091117722
2021-12-11 15:30:00,1746.64583333333,-17.8347531987013,1.08758878388926,1.08758597502164
2021-12-11 16:00:00,1746.66666666667,-17.4093432341373,1.15558893417499,1.15558612608033
2021-12-11 16:30:00,1746.6875,-16.8698163430427,1.2417679084112,1.24176510108969
2021-12-11 17:00:00,1746.70833333333,-15.7594055594444,1.41888901065902,1.41888620411085
2021-12-11 17:30:00,1746.72916666667,-17.0986245587361,1.20578225390234,1.20577944812768
2021-12-11 18:00:00,1746.75,-17.9789386921933,1.06577928612781,1.06577648112686
2021-12-11 18:30:00,1746.77083333333,-19.4026189697026,0.83921761919566,0.839214814968585
2021-12-11 19:00:00,1746.79166666667,-19.4920910667286,0.825196184712438,0.825193381259422
2021-12-11 19:30:00,1746.8125,-19.3097955105948,0.854467447412683,0.854464644733914
2021-12-11 20:00:00,1746.83333333333,-19.0771300786245,0.891762583125605,0.891759781221259
2021-12-11 20:30:00,1746.85416666667,-18.889704467658,0.921850898791066,0.921848097661324
2021-12-11 21:00:00,1746.875,-18.5075706319703,0.982956289533154,0.982953489178205
2021-12-11 21:30:00,1746.89583333333,-18.5496691492565,0.976481078992913,0.976478279412933
2021-12-11 22:00:00,1746.91666666667,-18.4274628245353,0.996179662877198,0.996176864072366
2021-12-11 22:30:00,1746.9375,-18.3308419938662,1.01180237492407,1.01179957689457
2021-12-11 23:00:00,1746.95833333333,-18.3025594724907,1.01653866108432,1.01653586383033
2021-12-11 23:30:00,1746.97916666667,-18.2804368256506,1.02029359041885,1.02029079394055
2021-12-12,1747,-18.200734695229,1.03322088819496,1.03321809249254
2021-12-12 00:30:00,1747.02083333333,-18.1472379133829,1.04197357074684,1.04197077582048
2021-12-12 01:00:00,1747.04166666667,-18.0995892462825,1.0497945599416,1.04979176579147
2021-12-12 01:30:00,1747.0625,-18.0408605641264,1.05938051892402,1.05937772555031
2021-12-12 02:00:00,1747.08333333333,-18.0032602347584,1.0656006316506,1.06559783905349
2021-12-12 02:30:00,1747.10416666667,-17.9816189555762,1.06927837169046,1.06927557987012
2021-12-12 03:00:00,1747.125,-17.9600092815985,1.07295099238147,1.07294820133808
2021-12-12 03:30:00,1747.14583333333,-17.9496821782528,1.07482620686149,1.07482341659524
2021-12-12 04:00:00,1747.16666666667,-17.7765985217472,1.10262857189162,1.10262578240268
2021-12-12 04:30:00,1747.1875,-18.1694628561338,1.04027493283357,1.04027214412213
2021-12-12 05:00:00,1747.20833333333,-17.9695584383488,1.07234969486122,1.07234690692745
2021-12-12 05:30:00,1747.22916666667,-19.4865120458256,0.83092766181231,0.830924874656393
2021-12-12 06:00:00,1747.25,-19.7474322738404,0.78959255889457,0.789589772516686
2021-12-12 06:30:00,1747.27083333333,-19.5176716168831,0.826423186776069,0.826420401176396
2021-12-12 07:00:00,1747.29166666667,-18.8870797719852,0.927106424482603,0.927103639661317
2021-12-12 07:30:00,1747.3125,-18.4987291630798,0.989200375304667,0.989197591261953
2021-12-12 08:00:00,1747.33333333333,-18.0966530387755,1.05348072562655,1.05347794236258
2021-12-12 08:30:00,1747.35416666667,-17.7156920293135,1.11439733812392,1.11439455563888
2021-12-12 09:00:00,1747.375,-17.1952096755102,1.19753971550806,1.19753693380212
2021-12-12 09:30:00,1747.39583333333,-16.948419312616,1.23708267815693,1.23707989723027
2021-12-12 10:00:00,1747.41666666667,-16.6380964768089,1.28674632411279,1.28674354396559
2021-12-12 10:30:00,1747.4375,-16.5233896159555,1.3052481204104,1.30524534104284
2021-12-12 11:00:00,1747.45833333333,-16.2733172602968,1.34531365167651,1.34531087308877
2021-12-12 11:30:00,1747.47916666667,-16.1258515862709,1.3690337801174,1.36903100230964
2021-12-12 12:00:00,1747.5,-16.0744396974026,1.37745238679494,1.37744960976736
2021-12-12 12:30:00,1747.52083333333,-16.3111020400742,1.339980477351,1.33997770110377
2021-12-12 13:00:00,1747.54166666667,-15.75846654,1.42824419309338,1.42824141762667
2021-12-12 15:30:00,1747.64583333333,-15.2458460118738,1.51104615875021,1.51104338718879
2021-12-12 16:00:00,1747.66666666667,-16.5817477022263,1.29846403864072,1.29846126786088
2021-12-12 16:30:00,1747.6875,-26.2405425678639,-0.239960997343388,-0.239963767341462
2021-12-12 17:00:00,1747.70833333333,-15.4780148408163,1.47474516357654,1.47474239436041
2021-12-12 17:30:00,1747.72916666667,-15.339517619666,1.49703558737598,1.49703281894196
2021-12-12 18:00:00,1747.75,-15.7970352424861,1.42438033511394,1.42437756746222
2021-12-12 18:30:00,1747.77083333333,-15.818914638961,1.42112247809456,1.4211197112253
2021-12-12 19:00:00,1747.79166666667,-14.6867940499072,1.60169755787679,1.60169479179017
2021-12-12 19:30:00,1747.8125,-13.9262796325926,1.72307542336168,1.72307265805788
2021-12-12 20:00:00,1747.83333333333,-13.4392111035185,1.80089307782805,1.80089031330724
2021-12-12 20:30:00,1747.85416666667,-13.051194427037,1.86293161574962,1.86292885201198
2021-12-12 21:00:00,1747.875,-13.2735981462963,1.82772966274344,1.82772689978915
2021-12-12 21:30:00,1747.89583333333,-13.4004222133333,1.80775353093729,1.80775076876652
2021-12-12 22:00:00,1747.91666666667,-13.5063240827778,1.79111023442845,1.79110747304137
2021-12-12 22:30:00,1747.9375,-14.6803759288889,1.6043097975639,1.6043070369607
2021-12-12 23:00:00,1747.95833333333,-14.9736907714815,1.55781130895671,1.55780854913755
2021-12-12 23:30:00,1747.97916666667,-15.688729635,1.4441317966292,1.44412903759425
2021-12-13,1748,-16.6164889137037,1.29656568430325,1.2965629260527
2021-12-13 00:30:00,1748.02083333333,-17.4838888803704,1.15861476764253,1.15861201017654
2021-12-13 01:00:00,1748.04166666667,-17.2357499918519,1.19836990188581,1.19836714520456
2021-12-13 01:30:00,1748.0625,-19.3553240922222,0.86094657906839,0.860943823172065
2021-12-13 02:00:00,1748.08333333333,-21.9763129440741,0.443647442059962,0.443644686948726
2021-12-13 02:30:00,1748.10416666667,-22.5056666837037,0.359547187144919,0.359544432818944
2021-12-13 03:00:00,1748.125,-23.8316129718519,0.148549083975154,0.148546330434618
2021-12-13 03:30:00,1748.14583333333,-22.6966648068519,0.329573139727541,0.329570386972615
2021-12-13 04:00:00,1748.16666666667,-22.7692999792593,0.318228220798293,0.318225468829148
2021-12-13 04:30:00,1748.1875,-23.3123777646296,0.23194137133221,0.231938620149027
2021-12-13 05:00:00,1748.20833333333,-22.3949586208647,0.378312640229775,0.378309889832722
2021-12-13 05:30:00,1748.22916666667,-22.3143981085185,0.391371644947314,0.391368895336562
2021-12-13 06:00:00,1748.25,-22.2679944842593,0.398989346789103,0.398986597964829
2021-12-13 06:30:00,1748.27083333333,-21.8477573961111,0.466158900350982,0.466156152313358
2021-12-13 07:00:00,1748.29166666667,-21.9260851744444,0.453906628149493,0.453903880898687
2021-12-13 07:30:00,1748.3125,-21.9014203751852,0.458061060876999,0.458058314413192
2021-12-13 08:00:00,1748.33333333333,-22.0543518088889,0.433924200470986,0.433921454794345
2021-12-13 08:30:00,1748.35416666667,-22.5832276242537,0.349899045072973,0.349896300183669
2021-12-13 09:00:00,1748.375,-22.9401660425373,0.293263553530729,0.293260809428938
2021-12-13 09:30:00,1748.39583333333,-23.1560409916045,0.259099487043711,0.259096743729603
2021-12-13 10:00:00,1748.41666666667,-22.7299645626866,0.327198647390637,0.327195904864381
2021-12-13 10:30:00,1748.4375,-22.9007947718284,0.300210067283489,0.300207325545263
2021-12-13 11:00:00,1748.45833333333,-22.4154906710821,0.377744065140066,0.377741324190039
2021-12-13 11:30:00,1748.47916666667,-23.1905074906716,0.254507953234459,0.254505213072798
2021-12-13 12:00:00,1748.5,-22.7349384102612,0.327304968049924,0.327302228676806
2021-12-13 12:30:00,1748.52083333333,-22.3102052248134,0.395189716192679,0.395186977608274
2021-12-13 13:00:00,1748.54166666667,-21.816199604291,0.474109526147566,0.474106788352041
2021-12-13 13:30:00,1748.5625,-23.8379999945896,0.152259554125721,0.152256817119255
2021-12-13 14:00:00,1748.58333333333,-23.9583389518727,0.133313660535255,0.133310924318014
2021-12-13 17:00:00,1748.70833333333,-23.6845679407855,0.178268886665877,0.178266155187566
2021-12-13 18:00:00,1748.75,-24.8534319375587,-0.0074849083768791,-0.00748763827418397
2021-12-13 18:30:00,1748.77083333333,-23.7732910531716,0.164805713495296,0.164802984388745
2021-12-13 19:00:00,1748.79166666667,-23.5937873011194,0.193624109637654,0.193621381322027
2021-12-13 19:30:00,1748.8125,-23.3728060139925,0.229049819786568,0.22904709226204
2021-12-13 20:00:00,1748.83333333333,-22.9265112046642,0.300368048034218,0.300365321300955
2021-12-13 20:30:00,1748.85416666667,-22.5409291248134,0.362014608061718,0.362011882119886
2021-12-13 21:00:00,1748.875,-22.782701884507,0.323723006777316,0.323720281627092
2022-01-26 18:30:00,1792.77083333333,-36.7899684399628,-1.66553694831843,-1.66553783467721
2022-01-26 19:00:00,1792.79166666667,-37.5289629482375,-1.78326347723139,-1.78326436273106
2022-01-26 19:30:00,1792.8125,-38.8627959766234,-1.99574832558976,-1.99574921023042
2022-01-26 20:00:00,1792.83333333333,-43.1402367105263,-2.67715210308748,-2.67715298686924
2022-01-26 20:30:00,1792.85416666667,-41.3650317117537,-2.39436520818657,-2.39436609110951
2022-01-26 21:00:00,1792.875,-41.9832029141527,-2.49284497057945,-2.49284585264367
2022-01-26 21:30:00,1792.89583333333,-41.473943944403,-2.41172441898405,-2.41172530018966
2022-01-26 22:00:00,1792.91666666667,-41.2483226916045,-2.37578767649985,-2.37578855684694
2022-01-26 22:30:00,1792.9375,-41.0392052026119,-2.34248011349297,-2.34248099298164
2022-01-26 23:00:00,1792.95833333333,-40.9805930105948,-2.33314826995583,-2.33314914858617
2022-01-26 23:30:00,1792.97916666667,-40.9669084362617,-2.33097354612952,-2.33097442390164
2022-01-27,1793,-40.41867278,-2.24364457106249,-2.24364544797649
2022-01-27 03:00:00,1793.125,-39.9313785222635,-2.16605286830031,-2.16605374006763
2022-01-27 03:30:00,1793.14583333333,-40.2390425899814,-2.21507015763057,-2.21507102854046
2022-01-27 04:00:00,1793.16666666667,-40.2596691232342,-2.21836228070134,-2.21836315075391
2022-01-27 04:30:00,1793.1875,-40.3906012187384,-2.23922627676503,-2.23922714596036
2022-01-27 05:00:00,1793.20833333333,-40.7875714055659,-2.30247044899035,-2.30247131732854
2022-01-27 05:30:00,1793.22916666667,-40.5608981951852,-2.26636790047605,-2.26636876795721
2022-01-27 06:00:00,1793.25,-40.6592004037106,-2.28203428652296,-2.28203515314719
2022-01-27 06:30:00,1793.27083333333,-40.8286289842301,-2.30903127255348,-2.30903213832088
2022-01-27 07:00:00,1793.29166666667,-40.5019239940631,-2.25699394432678,-2.25699480923745
2022-01-27 07:30:00,1793.3125,-40.9512021378479,-2.32857140196109,-2.32857226601512
2022-01-27 08:00:00,1793.33333333333,-40.9136208107807,-2.32259191606738,-2.32259277926488
2022-01-27 08:30:00,1793.35416666667,-40.8608222348148,-2.31418842964322,-2.3141892919843
2022-01-27 09:00:00,1793.375,-40.836399967963,-2.31030542763161,-2.31030628911635
2022-01-27 09:30:00,1793.39583333333,-41.0554388881481,-2.34520608478697,-2.34520694541549
2022-01-27 10:00:00,1793.41666666667,-41.0301076491651,-2.34117851904761,-2.34117937882
2022-01-27 10:30:00,1793.4375,-40.9277852418519,-2.32488632326409,-2.32488718218045
2022-01-27 11:00:00,1793.45833333333,-41.1592667381481,-2.3617694459546,-2.36177030401504
2022-01-27 11:30:00,1793.47916666667,-40.9464481009259,-2.32787535796096,-2.32787621516556
2022-01-27 12:00:00,1793.5,-40.8956815211111,-2.31979639660332,-2.3197972529522
2022-01-27 12:30:00,1793.52083333333,-40.8521555716667,-2.31287099092351,-2.31287184641677
2022-01-27 13:00:00,1793.54166666667,-41.068150032037,-2.34728749006816,-2.3472883447059
2022-01-27 13:30:00,1793.5625,-41.1511889309259,-2.36052419134058,-2.3605250451229
2022-01-27 14:00:00,1793.58333333333,-40.6371870755556,-2.27865199188917,-2.27865284481617
2022-01-27 14:30:00,1793.60416666667,-39.7014241177778,-2.12959306550981,-2.12959391758159
2022-01-27 15:00:00,1793.625,-38.7416166662963,-1.97670395218104,-1.97670480339771
2022-01-27 15:30:00,1793.64583333333,-38.2518258825926,-1.89868894798793,-1.89868979834959
2022-01-27 16:00:00,1793.66666666667,-38.298468801084,-1.90612833397443,-1.90612918348118
2022-01-27 16:30:00,1793.6875,-38.0072801252319,-1.85975102364002,-1.85975187229196
2022-01-27 17:00:00,1793.70833333333,-37.5842429664193,-1.79237027382491,-1.79237112162214
2022-01-27 17:30:00,1793.72916666667,-37.4421144577861,-1.76973859079839,-1.76973943774102
2022-01-27 18:00:00,1793.75,-36.7980768506718,-1.66715254778645,-1.66715339387457
2022-01-27 18:30:00,1793.77083333333,-36.5041298102041,-1.62033630029213,-1.62033714552586
2022-01-27 19:00:00,1793.79166666667,-35.9492556261111,-1.5319542904271,-1.53195513480654
2022-01-27 19:30:00,1793.8125,-35.6538740581481,-1.48490975781749,-1.48491060134273
2022-01-27 20:00:00,1793.83333333333,-35.3718593398148,-1.43999469197401,-1.43999553464516
2022-01-27 20:30:00,1793.85416666667,-35.0886629892593,-1.39489150933985,-1.39489235115702
2022-01-27 21:00:00,1793.875,-34.7434407422222,-1.33990767513712,-1.3399085161004
2022-01-27 21:30:00,1793.89583333333,-34.7380869559259,-1.33906524766866,-1.33906608777817
2022-01-27 22:00:00,1793.91666666667,-35.21952413,-1.41576908611678,-1.41576992537261
2022-01-27 22:30:00,1793.9375,-35.0570315112963,-1.38989456647664,-1.38989540487889
2022-01-27 23:00:00,1793.95833333333,-33.2865296653704,-1.10786314589686,-1.10786398344565
2022-01-27 23:30:00,1793.97916666667,-32.903496307037,-1.04685656495127,-1.04685740164669
2022-01-28,1794,-32.4757157753271,-0.978721845367177,-0.978722681209337
2022-01-28 00:30:00,1794.02083333333,-31.9158490384906,-0.889545816971826,-0.889546651960829
2022-01-28 01:00:00,1794.04166666667,-30.5892964491557,-0.678236302444755,-0.678237136580705
2022-01-28 01:30:00,1794.0625,-29.7677565880668,-0.547375794468545,-0.547376627751546
2022-01-28 04:00:00,1794.16666666667,-25.5771538615385,0.120131548891986,0.120130719872164
2022-01-28 04:30:00,1794.1875,-26.964881264564,-0.10094650536145,-0.100947333528951
2022-01-28 05:00:00,1794.20833333333,-25.7295806987013,0.0958255522346112,0.0958247249193267
2022-01-28 05:30:00,1794.22916666667,-25.6899907474954,0.10211993640545,0.102119109942278
2022-01-28 06:00:00,1794.25,-26.0581688435993,0.043456461204479,0.0434556355933123
2022-01-28 06:30:00,1794.27083333333,-27.3393432070501,-0.160648089860921,-0.160648914620187
2022-01-28 07:00:00,1794.29166666667,-27.2700851577778,-0.149627910580018,-0.149628734487488
2022-01-28 07:30:00,1794.3125,-27.3668666862963,-0.165058072729582,-0.165058895785362
2022-01-28 08:00:00,1794.33333333333,-27.5341036957407,-0.191711961371826,-0.191712783576021
2022-01-28 08:30:00,1794.35416666667,-27.8687814881481,-0.245039404426498,-0.245040225779214
2022-01-28 09:00:00,1794.375,-27.7243536975926,-0.22204510376994,-0.222045924271283
2022-01-28 09:30:00,1794.39583333333,-28.3631762365492,-0.323823258352801,-0.323824078002877
2022-01-28 10:00:00,1794.41666666667,-28.9939722559259,-0.424322900656857,-0.424323719455772
2022-01-28 10:30:00,1794.4375,-28.8613488014842,-0.403209393257099,-0.403210211204958
2022-01-28 11:00:00,1794.45833333333,-30.0793870431481,-0.597257377269098,-0.597258194366008
2022-01-28 11:30:00,1794.47916666667,-29.8772018425926,-0.565062870047337,-0.565063686293406
2022-01-28 12:00:00,1794.5,-30.3953926009259,-0.647624885885248,-0.647625701280581
2022-01-28 12:30:00,1794.52083333333,-30.5592388751852,-0.673739690208637,-0.67374050475334
2022-01-28 13:00:00,1794.54166666667,-30.6725981553704,-0.691811998312998,-0.691812812007178
2022-01-28 13:30:00,1794.5625,-30.4393166748148,-0.65466430353139,-0.654665116375155
2022-01-28 14:00:00,1794.58333333333,-29.161615948423,-0.45113999454521,-0.451140806538665
2022-01-28 14:30:00,1794.60416666667,-29.1534777448148,-0.449858020693591,-0.449858831836843
2022-01-28 15:00:00,1794.625,-29.2999703822222,-0.47320896832514,-0.473209778618298
2022-01-28 15:30:00,1794.64583333333,-29.1674330986989,-0.452110368160634,-0.452111177603804
2022-01-28 16:00:00,1794.66666666667,-29.0795129407407,-0.438119425987134,-0.438120234580424
2022-01-28 16:30:00,1794.6875,-29.2261241207407,-0.461489611551992,-0.461490419295509
2022-01-28 17:00:00,1794.70833333333,-29.1635703607407,-0.451539790703739,-0.45154059759759
2022-01-28 17:30:00,1794.72916666667,-29.1854111059259,-0.455034192839643,-0.455034998883936
2022-01-28 18:00:00,1794.75,-29.2593685218519,-0.466830935864625,-0.466831741059468
2022-01-28 18:30:00,1794.77083333333,-29.0760259507407,-0.437639725079746,-0.437640529425247
2022-01-28 19:00:00,1794.79166666667,-29.693035438806,-0.535945287256041,-0.535946090752307
2022-01-28 19:30:00,1794.8125,-30.2123507378731,-0.618688213302391,-0.618689015949531
2022-01-28 20:00:00,1794.83333333333,-30.6645913748134,-0.690746215728502,-0.690747017526624
2022-01-28 20:30:00,1794.85416666667,-31.4164776453358,-0.810538099701618,-0.81053890065083
2022-01-28 21:00:00,1794.875,-31.3154380851429,-0.794458407315382,-0.794459207415792
2022-01-28 21:30:00,1794.89583333333,-31.4844160378731,-0.821392815678469,-0.821393614930187
2022-01-28 22:00:00,1794.91666666667,-31.4477518432836,-0.815568400999899,-0.815569199403032
2022-01-28 22:30:00,1794.9375,-31.2714216386194,-0.787495209088074,-0.787496006642732
2022-01-28 23:00:00,1794.95833333333,-31.4109765560547,-0.809742860838697,-0.809743657544987
2022-01-28 23:30:00,1794.97916666667,-31.2080932755597,-0.777439980922972,-0.777440776781004
2022-01-29,1795,-31.4979079851464,-0.823624360887673,-0.823625155897557
2022-01-29 00:30:00,1795.02083333333,-31.5744804512059,-0.835839217043193,-0.835840011205037
2022-01-29 01:00:00,1795.04166666667,-31.4413821961039,-0.814653495452491,-0.814654288766405
2022-01-29 01:30:00,1795.0625,-31.153909074397,-0.768875865259356,-0.768876657725448
2022-01-29 02:00:00,1795.08333333333,-31.3657959252319,-0.802646753504633,-0.802647545123014
2022-01-29 02:30:00,1795.10416666667,-31.567632641744,-0.834816766131866,-0.834817556902645
2022-01-29 03:00:00,1795.125,-31.3483669793814,-0.799904986838727,-0.799905776762013
2022-01-29 05:30:00,1795.22916666667,-31.0693961924528,-0.755553497491963,-0.755554283179434
2022-01-29 06:00:00,1795.25,-31.3149629040816,-0.794690555259099,-0.794691340099739
2022-01-29 06:30:00,1795.27083333333,-31.7719925604824,-0.867513929185823,-0.867514713179741
2022-01-29 07:00:00,1795.29166666667,-32.5182949556586,-0.98641877505838,-0.986419558205685
2022-01-29 07:30:00,1795.3125,-33.0763450604824,-1.07533501448909,-1.0753357967899
2022-01-29 08:00:00,1795.33333333333,-33.3898794571429,-1.12529984481179,-1.12530062626621
2022-01-29 08:30:00,1795.35416666667,-33.7165351657407,-1.17735502743672,-1.17735580804485
2022-01-29 09:00:00,1795.375,-34.1954425385185,-1.25366412689798,-1.25366490665995
2022-01-29 09:30:00,1795.39583333333,-34.3539592396296,-1.27893488133677,-1.27893566025268
2022-01-29 10:00:00,1795.41666666667,-34.5160037346296,-1.30476773378979,-1.30476851185975
2022-01-29 10:30:00,1795.4375,-34.792772277963,-1.34887632704981,-1.34887710427394
2022-01-29 11:00:00,1795.45833333333,-34.969448132037,-1.37704020130517,-1.37704097768357
2022-01-29 11:30:00,1795.47916666667,-35.1663018327778,-1.40841853887324,-1.40841931440603
2022-01-29 12:00:00,1795.5,-35.3012407098148,-1.42993391869706,-1.42993469338435
2022-01-29 12:30:00,1795.52083333333,-35.2799630412963,-1.42656400909399,-1.42656478293589
2022-01-29 13:00:00,1795.54166666667,-35.6870777198148,-1.4914374244202,-1.49143819741683
2022-01-29 13:30:00,1795.5625,-35.8469648290741,-1.51692742920088,-1.51692820135234
2022-01-29 14:00:00,1795.58333333333,-36.1761185405556,-1.56938184258231,-1.56938261388872
2022-01-29 14:30:00,1795.60416666667,-36.4989814262963,-1.62083424083194,-1.62083501129341
2022-01-29 15:00:00,1795.625,-36.380342542037,-1.6019552095196,-1.60195597913624
2022-01-29 15:30:00,1795.64583333333,-36.5738425022222,-1.63280023708457,-1.63280100585649
2022-01-29 16:00:00,1795.66666666667,-36.6336778777778,-1.64235251869611,-1.64235328662343
2022-01-29 16:30:00,1795.6875,-37.275353795,-1.74459253227936,-1.74459329936219
2022-01-29 17:00:00,1795.70833333333,-38.3282444342593,-1.91233946283338,-1.91234022907183
2022-01-29 17:30:00,1795.72916666667,-38.7716438339518,-1.98299412126299,-1.98299488665718
2022-01-29 18:00:00,1795.75,-38.8831704033333,-2.0007813185495,-2.00078208309953
2022-01-29 18:30:00,1795.77083333333,-38.9256241205556,-2.00756527900991,-2.0075660427159
2022-01-29 19:00:00,1795.79166666667,-39.1758093022222,-2.04744112808422,-2.04744189094628
2022-01-29 19:30:00,1795.8125,-39.2663610892593,-2.06188738119581,-2.06188814321406
2022-01-29 20:00:00,1795.83333333333,-39.20592407,-2.05228112744096,-2.05228188861551
2022-01-29 20:30:00,1795.85416666667,-39.4872481061567,-2.09711777191281,-2.09711853224377
2022-01-29 21:00:00,1795.875,-39.6463843304104,-2.12248992850113,-2.12249068798861
2022-01-29 21:30:00,1795.89583333333,-39.9743488442164,-2.17475667012864,-2.17475742877277
2022-01-29 22:00:00,1795.91666666667,-40.3750373975701,-2.23860852108957,-2.23860927889044
2022-01-29 22:30:00,1795.9375,-40.4599981018692,-2.25216481793424,-2.25216557489198
2022-01-29 23:00:00,1795.95833333333,-40.4685988977612,-2.25355704466027,-2.253557800775
2022-01-29 23:30:00,1795.97916666667,-40.4380612478664,-2.24871460685916,-2.24871536213098
2022-01-30,1796,-40.501955966318,-2.25891543067081,-2.25891618509984
2022-01-30 00:30:00,1796.02083333333,-40.5500780089054,-2.26660377379574,-2.26660452738209
2022-01-30 01:00:00,1796.04166666667,-40.5931688141002,-2.27349075505556,-2.27349150779935
2022-01-30 01:30:00,1796.0625,-41.1513784818182,-2.36243665706961,-2.36243740897096
2022-01-30 02:00:00,1796.08333333333,-41.899484229128,-2.48163325810582,-2.48163400916483
2022-01-30 02:30:00,1796.10416666667,-42.2069703640074,-2.53063895784786,-2.53063970806465
2022-01-30 03:00:00,1796.125,-42.0199888166976,-2.50087572029971,-2.5008764696744
2022-01-30 03:30:00,1796.14583333333,-41.8730334218924,-2.47748879528102,-2.47748954381371
2022-01-30 04:00:00,1796.16666666667,-41.8864452940631,-2.47964860832132,-2.47964935601214
2022-01-30 04:30:00,1796.1875,-42.4090793871233,-2.56292800287212,-2.56292874972118
2022-01-30 07:00:00,1796.29166666667,-41.3132701342618,-2.38848362332976,-2.38848436597176
2022-01-30 07:30:00,1796.3125,-41.7415346306542,-2.45673058058817,-2.4567313223891
2022-01-30 08:00:00,1796.33333333333,-41.9480241576994,-2.48964874455147,-2.48964948551144
2022-01-30 08:30:00,1796.35416666667,-42.0414322324675,-2.50455307015954,-2.50455381027868
2022-01-30 09:00:00,1796.375,-41.6135991868275,-2.43642343060007,-2.43642416987849
2022-01-30 09:30:00,1796.39583333333,-41.7852949601113,-2.46379927812148,-2.4638000165593
2022-01-30 10:00:00,1796.41666666667,-42.2353803814471,-2.53552291331074,-2.53552365090807
2022-01-30 10:30:00,1796.4375,-42.6426952035316,-2.60043327926421,-2.60043401602117
2022-01-30 11:00:00,1796.45833333333,-42.9451056846011,-2.64863242651421,-2.64863316243092
2022-01-30 11:30:00,1796.47916666667,-42.9555648305556,-2.65032363523134,-2.6503243703079
2022-01-30 12:00:00,1796.5,-42.8508277707407,-2.63366412382851,-2.63366485806506
2022-01-30 12:30:00,1796.52083333333,-42.8784554872222,-2.63809053365572,-2.63809126705236
2022-01-30 13:00:00,1796.54166666667,-42.9326148574074,-2.64674357265106,-2.64674430520791
2022-01-30 13:30:00,1796.5625,-43.0504351237037,-2.66553795565977,-2.66553868737695
2022-01-30 14:00:00,1796.58333333333,-43.4288500246296,-2.72584536795585,-2.72584609883349
2022-01-30 14:30:00,1796.60416666667,-43.3770500325926,-2.71761935812956,-2.71762008816776
2022-01-30 15:00:00,1796.625,-43.8835240272222,-2.79832691108887,-2.79832764028775
2022-01-30 15:30:00,1796.64583333333,-44.4053518277778,-2.88148045406105,-2.88148118242073
2022-01-30 16:00:00,1796.66666666667,-44.4635185964815,-2.89077258107487,-2.89077330859546
2022-01-30 16:30:00,1796.6875,-44.6912425907407,-2.92707541303751,-2.92707613971913
2022-01-30 17:00:00,1796.70833333333,-44.7395851127778,-2.93480276603376,-2.93480349187654
2022-01-30 17:30:00,1796.72916666667,-45.0508388938889,-2.98441218822355,-2.98441291322759
2022-01-30 18:00:00,1796.75,-45.3745370085185,-3.03600411937574,-3.03600484354117
2022-01-30 18:30:00,1796.77083333333,-45.8973240044444,-3.11931116932641,-3.11931189265334
2022-01-30 19:00:00,1796.79166666667,-46.1444481544444,-3.15870504866223,-3.15870577115078
2022-01-30 19:30:00,1796.8125,-45.7797124230056,-3.10062932937201,-3.1006300510223
2022-01-30 20:00:00,1796.83333333333,-45.4709074164815,-3.05146353225579,-3.05146425306795
2022-01-30 20:30:00,1796.85416666667,-45.1141055433333,-2.99465191771005,-2.99465263768418
2022-01-30 21:00:00,1796.875,-44.7328759038889,-2.93394906025629,-2.93394977939252
2022-01-30 21:30:00,1796.89583333333,-44.8083073985185,-2.94599276551205,-2.94599348381049
2022-01-30 22:00:00,1796.91666666667,-44.884901922963,-2.95822185996078,-2.95822257742156
2022-01-30 22:30:00,1796.9375,-44.6897816666045,-2.92716671336569,-2.92716742998892
2022-01-30 23:00:00,1796.95833333333,-44.541931351577,-2.90364181990958,-2.90364253569538
2022-01-30 23:30:00,1796.97916666667,-44.3751706907236,-2.87710461255156,-2.87710532750005
2022-01-31,1797,-44.3615984338912,-2.87497054512253,-2.87497125923383
2022-01-31 00:30:00,1797.02083333333,-44.4045657786642,-2.8818433943277,-2.88184410760193
2022-01-31 01:00:00,1797.04166666667,-44.1936474640074,-2.84827219424684,-2.84827290668411
2022-01-31 01:30:00,1797.0625,-44.3201706907236,-2.86845579053389,-2.86845650213434
2022-01-31 02:00:00,1797.08333333333,-44.4141094795918,-2.88344878027022,-2.88344949103395
2022-01-31 02:30:00,1797.10416666667,-44.4625055944238,-2.89118690716728,-2.89118761709442
2022-01-31 03:00:00,1797.125,-44.5520074377323,-2.90547332366168,-2.90547403275234
2022-01-31 03:30:00,1797.14583333333,-44.8999573053803,-2.96093081279621,-2.96093152105051
2022-01-31 04:00:00,1797.16666666667,-45.1217587803339,-2.99629289049633,-2.99629359791441
2022-01-31 04:30:00,1797.1875,-45.0597977827458,-2.98645152120571,-2.98645222778767
2022-01-31 05:00:00,1797.20833333333,-44.6299535638219,-2.918006209524,-2.91800691526996
2022-01-31 05:30:00,1797.22916666667,-44.307600117757,-2.86668437243079,-2.86668507734088
2022-01-31 06:00:00,1797.25,-45.4804411941176,-3.05354820889844,-3.05354891297278
2022-01-31 08:30:00,1797.35416666667,-43.3433766116883,-2.7132611328073,-2.71326183270468
2022-01-31 09:00:00,1797.375,-42.9703060567718,-2.65386084752984,-2.65386154659219
2022-01-31 09:30:00,1797.39583333333,-42.9404990931354,-2.64914281527106,-2.6491435134985
2022-01-31 10:00:00,1797.41666666667,-42.7525862695733,-2.61923852416522,-2.61923922155788
2022-01-31 10:30:00,1797.4375,-42.7304267762523,-2.61573897463577,-2.61573967119376
2022-01-31 11:00:00,1797.45833333333,-42.4606672520446,-2.57279668086375,-2.57279737658719
2022-01-31 11:30:00,1797.47916666667,-42.528627777037,-2.58365354987999,-2.58365424476902
2022-01-31 12:00:00,1797.5,-42.5906679653061,-2.59356742263331,-2.59356811668804
2022-01-31 12:30:00,1797.52083333333,-42.9195000255556,-2.64598154884976,-2.64598224207031
2022-01-31 13:00:00,1797.54166666667,-42.4562722368519,-2.5722200927122,-2.57222078509868
2022-01-31 13:30:00,1797.5625,-41.9422722218519,-2.49037070223912,-2.49037139379167
2022-01-31 14:00:00,1797.58333333333,-40.1855770037106,-2.21055919545231,-2.21055988617105
2022-01-31 14:30:00,1797.60416666667,-39.5021166266667,-2.10171488338709,-2.10171557327214
2022-01-31 15:00:00,1797.625,-38.165809222037,-1.88887169087885,-1.88887237993033
2022-01-31 15:30:00,1797.64583333333,-37.7742684327778,-1.82653061292085,-1.82653130113888
2022-01-31 16:00:00,1797.66666666667,-37.6535592101852,-1.80733331464824,-1.80733400203295
2022-01-31 16:30:00,1797.6875,-36.1656981701852,-1.57034787245087,-1.57034855900238
2022-01-31 17:00:00,1797.70833333333,-36.7120574453704,-1.65741529770903,-1.65741598342745
2022-01-31 17:30:00,1797.72916666667,-36.751435235,-1.66372032758654,-1.66372101247201
2022-01-31 18:00:00,1797.75,-36.9587444309259,-1.69677706805235,-1.69677775210498
2022-01-31 18:30:00,1797.77083333333,-37.3749408324074,-1.76310980719184,-1.76311049041177
2022-01-31 19:00:00,1797.79166666667,-38.5821555587037,-1.95545244829693,-1.95545313068427
2022-01-31 19:30:00,1797.8125,-39.0766666227778,-2.03426100425023,-2.0342616858051
2022-01-31 20:00:00,1797.83333333333,-39.8220797092593,-2.15303854921353,-2.15303922993606
2022-01-31 20:30:00,1797.85416666667,-40.3802278261111,-2.24198476823161,-2.24198544812192
2022-01-31 21:00:00,1797.875,-40.3739648101852,-2.24102000799749,-2.24102068705571
2022-01-31 21:30:00,1797.89583333333,-40.7078093227778,-2.2942347376316,-2.29423541585785
2022-01-31 22:00:00,1797.91666666667,-40.3364432081439,-2.23510902792232,-2.23510970531672
2022-01-31 22:30:00,1797.9375,-40.2369443202226,-2.21929207922974,-2.21929275579242
2022-01-31 23:00:00,1797.95833333333,-40.1696549307978,-2.20860624418241,-2.20860691991349
2022-01-31 23:30:00,1797.97916666667,-40.1593738031776,-2.20700198349254,-2.20700265839215
2022-02-01,1798,-40.0756003340149,-2.19369045778529,-2.19369113185354
2022-02-01 00:30:00,1798.02083333333,-40.3211446918367,-2.2328396147558,-2.23284028799283
2022-02-01 01:00:00,1798.04166666667,-40.2986047706865,-2.22928287201,-2.22928354441591
2022-02-01 01:30:00,1798.0625,-40.2371762160793,-2.21953125966008,-2.21953193123502
2022-02-01 02:00:00,1798.08333333333,-40.3390797489796,-2.23579868306076,-2.23579935380485
2022-02-01 02:30:00,1798.10416666667,-40.5667327844156,-2.2720982095647,-2.27209887947805
2022-02-01 03:00:00,1798.125,-40.4460110426716,-2.25290150259372,-2.25290217167647
2022-02-01 03:30:00,1798.14583333333,-40.8302633953618,-2.31414764720519,-2.31414831545746
2022-02-01 04:00:00,1798.16666666667,-40.7489832284387,-2.30123424624096,-2.30123491366288
2022-02-01 04:30:00,1798.1875,-40.6979109513915,-2.29313310119041,-2.2931337677821
2022-02-01 05:00:00,1798.20833333333,-40.6740971740187,-2.28937437208233,-2.28937503784391
2022-02-01 05:30:00,1798.22916666667,-40.9174093005607,-2.32816910781995,-2.32816977275155
2022-02-01 06:00:00,1798.25,-40.7960243520599,-2.30886745634236,-2.30886812044411
2022-02-01 06:30:00,1798.27083333333,-40.8341514071028,-2.31497629847017,-2.31497696174219
2022-02-01 07:00:00,1798.29166666667,-40.1920936661049,-2.2127313339674,-2.21273199640981
2022-02-01 10:00:00,1798.41666666667,-40.279502771243,-2.22686988777832,-2.22687054524574
2022-02-01 10:30:00,1798.4375,-40.5353097959184,-2.26765624407496,-2.26765690071367
2022-02-01 11:00:00,1798.45833333333,-40.6824442343866,-2.29113109714056,-2.29113175295067
2022-02-01 11:30:00,1798.47916666667,-40.8414413487896,-2.31649580036568,-2.31649645534732
2022-02-01 12:00:00,1798.5,-40.9904730935065,-2.34027313047965,-2.34027378463295
2022-02-01 12:30:00,1798.52083333333,-40.9032160916201,-2.32640961180143,-2.32641026512651
2022-02-01 13:00:00,1798.54166666667,-38.401243064564,-1.92788022211977,-1.92788087461676
2022-02-01 13:30:00,1798.5625,-36.765350092963,-1.66731812157073,-1.66731877323975
2022-02-01 14:00:00,1798.58333333333,-35.6846159404453,-1.49519333500742,-1.4951939858486
2022-02-01 14:30:00,1798.60416666667,-34.0351981611111,-1.23247695768164,-1.23247760769512
2022-02-01 15:00:00,1798.625,-32.5150333101852,-0.990350781589992,-0.990351430775886
2022-02-01 15:30:00,1798.64583333333,-31.8858370146296,-0.89015665043412,-0.890157298792559
2022-02-01 16:00:00,1798.66666666667,-31.1848851944444,-0.778531930290797,-0.778532577821909
2022-02-01 16:30:00,1798.6875,-30.0760129605556,-0.601925314098166,-0.601925960802077
2022-02-01 17:00:00,1798.70833333333,-29.7853185007407,-0.555655119349224,-0.555655765226062
2022-02-01 17:30:00,1798.72916666667,-28.3665018627778,-0.329674372800319,-0.329675017850213
2022-02-01 18:00:00,1798.75,-28.4548777438889,-0.343790588942364,-0.343791233165439
2022-02-01 18:30:00,1798.77083333333,-28.3143333216667,-0.321439754513449,-0.321440397909834
2022-02-01 19:00:00,1798.79166666667,-28.2311888701852,-0.308232893776688,-0.308233536346513
2022-02-01 19:30:00,1798.8125,-27.8409648351852,-0.246108153272124,-0.246108795015515
2022-02-01 20:00:00,1798.83333333333,-28.3859018592593,-0.332955355080307,-0.332955995997392
2022-02-01 20:30:00,1798.85416666667,-28.4324518040741,-0.340409256328686,-0.340409896419594
2022-02-01 21:00:00,1798.875,-28.017911192963,-0.274411219831885,-0.274411859096744
2022-02-01 21:30:00,1798.89583333333,-28.7276295020794,-0.387508550046437,-0.387509188485375
2022-02-01 22:00:00,1798.91666666667,-29.2269833005566,-0.467094780692006,-0.467095418305152
2022-02-01 22:30:00,1798.9375,-28.4439127868275,-0.342390019266843,-0.342390656054326
2022-02-01 23:00:00,1798.95833333333,-28.7721131951763,-0.394711627151497,-0.394712263113445
2022-02-01 23:30:00,1798.97916666667,-27.8627309658627,-0.249885553754695,-0.249886188891237
2022-02-02,1799,-28.9777217217069,-0.427543660820273,-0.427544295131538
2022-02-02 00:30:00,1799.02083333333,-28.1020872105751,-0.288093857611152,-0.288094491097269
2022-02-02 01:00:00,1799.04166666667,-29.2882189254174,-0.477085004838047,-0.477085637499146
2022-02-02 01:30:00,1799.0625,-29.4036994207792,-0.495520764970928,-0.495521396807137
2022-02-02 02:00:00,1799.08333333333,-28.5274368072491,-0.355971256410189,-0.355971887421638
2022-02-02 02:30:00,1799.10416666667,-29.9089647667904,-0.576089516844238,-0.576090147031057
2022-02-02 03:00:00,1799.125,-30.5043172634508,-0.67096958148518,-0.670970210847497
2022-02-02 03:30:00,1799.14583333333,-30.4017013174397,-0.654662891681074,-0.654663520219019
2022-02-02 04:00:00,1799.16666666667,-31.3394711716141,-0.804090520563233,-0.804091148276936
2022-02-02 04:30:00,1799.1875,-30.933596727881,-0.739474769843041,-0.739475396732633
2022-02-02 05:00:00,1799.20833333333,-31.2385794831776,-0.788099196149472,-0.788099822215082
2022-02-02 05:30:00,1799.22916666667,-31.673295315514,-0.857390311565912,-0.85739093680767
2022-02-02 06:00:00,1799.25,-30.8264467254206,-0.722527415891087,-0.722528040309124
2022-02-02 06:30:00,1799.27083333333,-31.3574206401869,-0.807152747067617,-0.807153370662061
2022-02-02 07:00:00,1799.29166666667,-31.2918672583178,-0.796750970817456,-0.79675159358844
2022-02-02 07:30:00,1799.3125,-30.4574111985047,-0.663862565711318,-0.66386318765897
2022-02-02 08:00:00,1799.33333333333,-29.1961925379439,-0.462990690538828,-0.46299131166328
2022-02-02 08:30:00,1799.35416666667,-26.3405281250936,-0.0081225848133657,-0.00812320511474873
2022-02-02 11:30:00,1799.47916666667,-28.9051298372913,-0.416915586715114,-0.416916202080829
2022-02-02 12:00:00,1799.5,-28.4614953669759,-0.346286394733764,-0.346287009277327
2022-02-02 12:30:00,1799.52083333333,-27.6653988762523,-0.21950986818224,-0.219510481903781
2022-02-02 13:00:00,1799.54166666667,-26.8692634050093,-0.0927272491552633,-0.092727862054916
2022-02-02 13:30:00,1799.5625,-23.2240463810761,0.487915980060279,0.487915367982384
2022-02-02 14:00:00,1799.58333333333,-22.7489146656772,0.563562237106081,0.563561625849812
2022-02-02 14:30:00,1799.60416666667,-23.6377352124074,0.421929806964831,0.421929196530056
2022-02-02 15:00:00,1799.625,-22.9490925988889,0.531588268398435,0.531587658785022
2022-02-02 15:30:00,1799.64583333333,-22.3524689981609,0.626587918214733,0.62658730942255
2022-02-02 16:00:00,1799.66666666667,-21.4730851457407,0.766631361073183,0.766630753102097
2022-02-02 16:30:00,1799.6875,-21.8266388496296,0.710266853028411,0.710266245878291
2022-02-02 17:00:00,1799.70833333333,-22.4164796153704,0.616261530071673,0.616260923742387
2022-02-02 17:30:00,1799.72916666667,-20.4491407757407,0.929616628542676,0.92961602303409
2022-02-02 18:00:00,1799.75,-21.9333036818519,0.693144915337347,0.69314431064933
2022-02-02 18:30:00,1799.77083333333,-20.489979602963,0.923023853772106,0.923023249904525
2022-02-02 19:00:00,1799.79166666667,-24.0556740742593,0.354962440573041,0.354961837525762
2022-02-02 19:30:00,1799.8125,-23.5163944448148,0.440826218009535,0.440825615782427
2022-02-02 20:00:00,1799.83333333333,-24.0179944985185,0.360877001023274,0.360876399616203
2022-02-02 20:30:00,1799.85416666667,-25.4067500092593,0.139603168692608,0.139602568105441
2022-02-02 21:00:00,1799.875,-28.3164669037807,-0.323961016032549,-0.323961615799946
2022-02-02 21:30:00,1799.89583333333,-28.7885120046382,-0.399202459091672,-0.399203058039431
2022-02-02 22:00:00,1799.91666666667,-28.9215213602968,-0.420435382710695,-0.42043598083895
2022-02-02 22:30:00,1799.9375,-28.8562356758813,-0.410079881785329,-0.410080479094212
2022-02-02 23:00:00,1799.95833333333,-28.592085361039,-0.368045220159648,-0.368045816649294
2022-02-02 23:30:00,1799.97916666667,-29.3710203458256,-0.492174909198504,-0.492175504869047
2022-02-03,1800,-29.219472235,-0.468078093197986,-0.468078688049559
2022-02-03 00:30:00,1800.02083333333,-28.0534963198148,-0.282382320060964,-0.2823829140937
2022-02-03 01:00:00,1800.04166666667,-30.6424111661111,-0.694843445533871,-0.694844038747905
2022-02-03 01:30:00,1800.0625,-30.5626314546296,-0.682179737879822,-0.682180330275288
2022-02-03 02:00:00,1800.08333333333,-31.5021502539889,-0.831891128409177,-0.831891719986209
2022-02-03 02:30:00,1800.10416666667,-28.2590890521336,-0.315314652819334,-0.315315243578066
2022-02-03 03:00:00,1800.125,-30.1762759890741,-0.620769510308012,-0.620770100248579
2022-02-03 03:30:00,1800.14583333333,-29.648789995539,-0.536786339964302,-0.536786929086838
2022-02-03 04:00:00,1800.16666666667,-30.3446629505556,-0.647685241332098,-0.647685829636738
2022-02-03 04:30:00,1800.1875,-30.0197996172542,-0.595980239514109,-0.595980827000986
2022-02-03 05:00:00,1800.20833333333,-27.2715370248148,-0.158226120892613,-0.158226707561863
2022-02-03 05:30:00,1800.22916666667,-25.293094437037,0.156895003901248,0.15689441804949
2022-02-03 06:00:00,1800.25,-23.2933970380334,0.475401918356065,0.475401333321664
2022-02-03 06:30:00,1800.27083333333,-24.0509444868519,0.354677641241403,0.354677057024224
2022-02-03 07:00:00,1800.29166666667,-23.8743778187037,0.382758293544581,0.382757710144489
2022-02-03 07:30:00,1800.3125,-23.2279462220779,0.485688647787084,0.485688065203944
2022-02-03 08:00:00,1800.33333333333,-22.0416222111111,0.674624132515427,0.674623550749105
2022-02-03 08:30:00,1800.35416666667,-21.7078441589981,0.727748319832079,0.727747738882437
2022-02-03 09:00:00,1800.375,-22.214242595,0.647031675271145,0.647031095138049
2022-02-03 09:30:00,1800.39583333333,-20.4007555651852,0.935874326319089,0.935873747002403
2022-02-03 10:00:00,1800.41666666667,-20.83466355,0.866705228612039,0.866704650111627
2022-02-03 13:00:00,1800.54166666667,-20.5301131875696,0.91493439034657,0.914933816740949
2022-02-03 13:30:00,1800.5625,-21.5993636413729,0.744553965117892,0.744553392327593
2022-02-03 14:00:00,1800.58333333333,-22.9196586710575,0.534181842692267,0.534181270717153
2022-02-03 14:30:00,1800.60416666667,-23.2074489272727,0.488288351667584,0.488287780507518
2022-02-03 15:00:00,1800.625,-22.6682653135436,0.574132272243586,0.574131701898432
2022-02-03 15:30:00,1800.64583333333,-23.3359722403704,0.467717550409263,0.467716980878884
2022-02-03 16:00:00,1800.66666666667,-23.4114479518587,0.455645567559343,0.455644998843601
2022-02-03 16:30:00,1800.6875,-24.2511851811111,0.321826061950438,0.321825494049198
2022-02-03 17:00:00,1800.70833333333,-24.1487180113173,0.338100273598206,0.33809970651133
2022-02-03 17:30:00,1800.72916666667,-24.4744314827778,0.286164886295027,0.286164320022378
2022-02-03 18:00:00,1800.75,-25.0036122482375,0.201816896847857,0.201816331389297
2022-02-03 18:30:00,1800.77083333333,-24.7822263263451,0.237034600256661,0.237034035612053
2022-02-03 19:00:00,1800.79166666667,-25.5483036872222,0.114948580269775,0.114948016438982
2022-02-03 19:30:00,1800.8125,-26.1839183595547,0.013645243007527,0.0136446799904106
2022-02-03 20:00:00,1800.83333333333,-25.8564823805195,0.0657564459315659,0.0657558837279896
2022-02-03 20:30:00,1800.85416666667,-25.9605406344045,0.0491301924222487,0.0491296310320735
2022-02-03 21:00:00,1800.875,-25.697627112987,0.090962688189467,0.0909621276125555
2022-02-03 21:30:00,1800.89583333333,-25.4934479483271,0.123438642187586,0.1234380824238
2022-02-03 22:00:00,1800.91666666667,-24.7983277249534,0.234121740912403,0.234121181961604
2022-02-03 22:30:00,1800.9375,-24.0806969568773,0.348390668742125,0.348390110604176
2022-02-03 23:00:00,1800.95833333333,-23.5765157942486,0.428656805144285,0.428656247819047
2022-02-03 23:30:00,1800.97916666667,-23.007595545269,0.519235807525849,0.519235251013184
2022-02-04,1801,-21.8946401102041,0.69647988709187,0.69647933139164
2022-02-04 00:30:00,1801.02083333333,-21.2029684621521,0.80661304160546,0.806612486717525
2022-02-04 01:00:00,1801.04166666667,-20.7434526734694,0.879763485099868,0.87976293102409
2022-02-04 01:30:00,1801.0625,-20.6442746120594,0.895511754424263,0.895511201160503
2022-02-04 02:00:00,1801.08333333333,-20.4068682521336,0.933279773774679,0.9332792213228
2022-02-04 02:30:00,1801.10416666667,-20.3502912866419,0.94224142466817,0.94224087302803
2022-02-04 03:00:00,1801.125,-19.8312560447124,1.02487289278248,1.02487234195394
2022-02-04 03:30:00,1801.14583333333,-19.2004597814953,1.12530785476616,1.12530730474908
2022-02-04 04:00:00,1801.16666666667,-18.8626504656075,1.17906966998723,1.17906912078148
2022-02-04 04:30:00,1801.1875,-18.521775273221,1.2333197648511,1.23331921645653
2022-02-04 05:00:00,1801.20833333333,-19.1007046553271,1.14104421702688,1.14104366944335
2022-02-04 05:30:00,1801.22916666667,-18.6065327306542,1.21971435756279,1.21971381079017
2022-02-04 06:00:00,1801.25,-18.1288972072897,1.29575012089868,1.29574957493682
2022-02-04 06:30:00,1801.27083333333,-17.9352486192523,1.32654644584855,1.32654590069732
2022-02-04 07:00:00,1801.29166666667,-17.6746056278505,1.36801491048821,1.36801436614747
2022-02-04 07:30:00,1801.3125,-17.6803009364486,1.36705537697478,1.36705483344438
2022-02-04 08:00:00,1801.33333333333,-17.7962018740187,1.34853989138401,1.34853934866382
2022-02-04 08:30:00,1801.35416666667,-17.6919644596262,1.36509248595337,1.36509194404324
2022-02-04 09:00:00,1801.375,-17.7833140106542,1.35048782054805,1.35048727944785
2022-02-04 09:30:00,1801.39583333333,-17.9825121181308,1.31870268642295,1.31870214613253
2022-02-04 10:00:00,1801.41666666667,-18.4406355190654,1.24567045141793,1.24566991193716
2022-02-04 10:30:00,1801.4375,-18.9702654276636,1.1612470620486,1.16124652337733
2022-02-04 11:00:00,1801.45833333333,-20.0193876425094,0.994068060471139,0.994067522609235
2022-02-04 11:30:00,1801.47916666667,-20.6545094450943,0.892839503836134,0.892838966783451
2022-02-07 20:30:00,1804.85416666667,-23.8093037433962,0.380126321531153,0.380125913645806
2022-02-07 21:30:00,1804.89583333333,-20.5810727604478,0.894241508078816,0.894241101763345
2022-02-07 22:00:00,1804.91666666667,-20.2977434290262,0.93930374217432,0.939303336643553
2022-02-07 22:30:00,1804.9375,-20.1219813101124,0.96723032720366,0.96722992245744
2022-02-07 23:00:00,1804.95833333333,-19.9437974015009,0.995542589826938,0.99554218586511
2022-02-07 23:30:00,1804.97916666667,-19.8479361739212,1.01074067530679,1.0107402721292
2022-02-08,1805,-19.8147314605556,1.0159574180803,1.01595701568678
2022-02-08 00:30:00,1805.02083333333,-19.7584073975926,1.02485697455845,1.02485657294885
2022-02-08 01:00:00,1805.04166666667,-19.6544962896296,1.0413370661131,1.04133666528727
2022-02-08 01:30:00,1805.0625,-19.5921184688889,1.05120076014416,1.05120036010194
2022-02-08 02:00:00,1805.08333333333,-19.596074095,1.0504973735095,1.05049697425073
2022-02-08 02:30:00,1805.10416666667,-19.4504499837037,1.07362203076521,1.07362163228973
2022-02-08 03:00:00,1805.125,-19.465890712037,1.07108882880828,1.07108843111593
2022-02-08 03:30:00,1805.14583333333,-19.4080946361781,1.08022218694376,1.0802217900344
2022-02-08 04:00:00,1805.16666666667,-19.4304222288889,1.07659167227684,1.07659127615029
2022-02-08 04:30:00,1805.1875,-19.3623135382189,1.08736760704692,1.08736721170304
2022-02-08 05:00:00,1805.20833333333,-19.4041222057407,1.08063351298577,1.0806331184244
2022-02-08 05:30:00,1805.22916666667,-19.5285740594444,1.06073418519449,1.06073379141547
2022-02-08 06:00:00,1805.25,-19.6005852003704,1.04918858531948,1.04918819232265
2022-02-08 06:30:00,1805.27083333333,-19.6196148283333,1.04608286322622,1.04608247101142
2022-02-08 07:00:00,1805.29166666667,-19.6610482413729,1.03940808707523,1.0394076956423
2022-02-08 07:30:00,1805.3125,-19.7696110824074,1.02203942999769,1.02203903934648
2022-02-08 08:00:00,1805.33333333333,-19.8282388864815,1.01262534492624,1.01262495505659
2022-02-08 08:30:00,1805.35416666667,-19.9196077918216,0.997995463969567,0.997995074881319
2022-02-08 09:00:00,1805.375,-20.0052314455556,0.98428069065263,0.984280302345626
2022-02-08 09:30:00,1805.39583333333,-20.1115796385185,0.967264368389357,0.967263980863438
2022-02-08 10:00:00,1805.41666666667,-20.1793925809259,0.956386624049774,0.95638623730478
2022-02-08 10:30:00,1805.4375,-20.3163129422222,0.93449990347826,0.934499517514034
2022-02-08 11:00:00,1805.45833333333,-20.4628852181481,0.911075511000582,0.911075125816967
2022-02-08 11:30:00,1805.47916666667,-20.5020240687037,0.904765224958991,0.904764840555824
2022-02-08 12:00:00,1805.5,-20.6299072198516,0.88431779342632,0.884317409803446
2022-02-08 12:30:00,1805.52083333333,-20.7483925885185,0.865367320379357,0.865366937536616
2022-02-08 13:00:00,1805.54166666667,-20.817102014059,0.854346075673329,0.854345693610561
2022-02-08 13:30:00,1805.5625,-20.8178003845149,0.85415892568395,0.854158544400996
2022-02-08 14:00:00,1805.58333333333,-20.8423943680374,0.850165072506812,0.850164692003515
2022-02-08 14:30:00,1805.60416666667,-20.9195495499065,0.837798067931762,0.83779768820796
2022-02-08 15:00:00,1805.625,-20.737356286194,0.866745341140809,0.866744962196346
2022-02-08 15:30:00,1805.64583333333,-20.5835233428037,0.891174680135017,0.89117430196973
2022-02-08 16:00:00,1805.66666666667,-20.4756327789077,0.908285250333686,0.908284872947417
2022-02-08 16:30:00,1805.6875,-20.3764757270522,0.924004450921946,0.924004074314536
2022-02-08 17:00:00,1805.70833333333,-20.4272574203358,0.915838187369998,0.915837811541287
2022-02-08 17:30:00,1805.72916666667,-20.3333768509328,0.930716610759796,0.930716235709623
2022-02-08 18:00:00,1805.75,-20.2573899201493,0.942744449858702,0.942744075586909
2022-02-08 18:30:00,1805.77083333333,-20.190003751306,0.95340206657238,0.953401693078806
2022-02-08 19:00:00,1805.79166666667,-20.1722429465421,0.956154212473232,0.956153839757717
2022-02-08 19:30:00,1805.8125,-20.2496604695896,0.943744267895955,0.943743895958339
2022-02-08 20:00:00,1805.83333333333,-20.2674533472015,0.940832457112797,0.94083208595292
2022-02-08 20:30:00,1805.85416666667,-20.1858249547486,0.953758410876253,0.953758040493953
2022-02-08 21:00:00,1805.875,-20.3048249078212,0.9347240110136,0.934723641408719
2022-02-08 21:30:00,1805.89583333333,-20.433365,0.91416974537135,0.914169376543727
2022-02-08 22:00:00,1805.91666666667,-20.6196033374302,0.884423993236149,0.884423625185622
2022-02-08 22:30:00,1805.9375,-20.7176647724395,0.868724769886371,0.86872440261278
2022-02-08 23:00:00,1805.95833333333,-20.8170708434701,0.85281123028496,0.852810863788146
2022-02-08 23:30:00,1805.97916666667,-20.8807089824627,0.842595433054855,0.842595067334654
2022-02-09,1806,-21.1085679573557,0.806219024559081,0.806218659615334
2022-02-09 00:30:00,1806.02083333333,-21.2757523320298,0.779508008494512,0.779507644327058
2022-02-09 01:00:00,1806.04166666667,-21.6282644165736,0.723274041077795,0.723273677686471
2022-02-09 01:30:00,1806.0625,-22.0302011111732,0.659166583237402,0.659166220622048
2022-02-09 02:00:00,1806.08333333333,-22.3720409340782,0.604632485291636,0.604632123452092
2022-02-09 02:30:00,1806.10416666667,-22.7517541927374,0.5440650072632,0.544064646199303
2022-02-09 03:00:00,1806.125,-23.1068622111732,0.487417046893491,0.487416686605081
2022-02-09 03:30:00,1806.14583333333,-23.4450558519553,0.433463444289283,0.433463084776197
2022-02-09 04:00:00,1806.16666666667,-23.7747541664804,0.380863038556849,0.380862679818925
2022-02-09 04:30:00,1806.1875,-24.037223510987,0.338972141129359,0.338971783166436
2022-02-09 05:00:00,1806.20833333333,-24.278782143203,0.300412220461319,0.300411863273235
2022-02-09 05:30:00,1806.22916666667,-24.4742327623836,0.269197224577846,0.269196868164439
2022-02-09 06:00:00,1806.25,-24.7281303309125,0.228671473265178,0.228671117626287
2022-02-09 06:30:00,1806.27083333333,-24.9561359489758,0.192270213543484,0.192269858678946
2022-02-09 07:00:00,1806.29166666667,-25.0879758191806,0.171188111566188,0.171187757475841
2022-02-09 07:30:00,1806.3125,-25.2513910461825,0.145075918086555,0.145075564770236
2022-02-09 08:00:00,1806.33333333333,-25.3988789649907,0.121500841593852,0.1215004890514
2022-02-09 08:30:00,1806.35416666667,-25.576905033892,0.0930609013884631,0.0930605496197136
2022-02-09 09:00:00,1806.375,-25.7006100535448,0.0732742285772432,0.0732738775820357
2022-02-09 09:30:00,1806.39583333333,-25.8710260921788,0.0460463425027307,0.0460459922809017
2022-02-09 10:00:00,1806.41666666667,-26.0230279497207,0.0217517340861733,0.0217513846375593
2022-02-09 10:30:00,1806.4375,-26.0831732210428,0.0120898309576157,0.012089482282055
2022-02-09 11:00:00,1806.45833333333,-26.1467337057728,0.00188376736429696,0.00188341946162629
2022-02-09 11:30:00,1806.47916666667,-26.1532588689013,0.000763356742256915,0.000763009612312571
2022-02-09 12:00:00,1806.5,-26.1393593912477,0.00289649148492199,0.00289614512754177
2022-02-09 12:30:00,1806.52083333333,-26.0684338985102,0.0141137966847377,0.014113451099759
2022-02-09 13:00:00,1806.54166666667,-25.9904850389925,0.0264498147448066,0.0264494699320648
2022-02-09 13:30:00,1806.5625,-25.8815977543762,0.0437142315556884,0.0437138875150208
2022-02-09 14:00:00,1806.58333333333,-25.8995940217877,0.0407658933900424,0.0407655501212856
2022-02-09 14:30:00,1806.60416666667,-25.9305288689013,0.0357563157762648,0.0357559732792545
2022-02-09 15:00:00,1806.625,-25.5118398534451,0.102372026331568,0.102371684606141
2022-02-09 15:30:00,1806.64583333333,-25.4924731141002,0.105375298507164,0.105374957553158
2022-02-09 16:00:00,1806.66666666667,-25.6207467653846,0.0848592365257846,0.084858896343034
2022-02-09 19:30:00,1806.8125,-26.9211224508349,-0.122868586081527,-0.122868920870079
2022-02-09 20:00:00,1806.83333333333,-26.6385176198516,-0.0779323272319886,-0.0779326612505987
2022-02-09 20:30:00,1806.85416666667,-25.9293024326531,0.0349631518946325,0.0349628186457995
2022-02-09 21:00:00,1806.875,-24.5157439957328,0.260060899715942,0.260060567236723
2022-02-09 21:30:00,1806.89583333333,-24.3762003888683,0.282207060374993,0.282206728665223
2022-02-09 22:00:00,1806.91666666667,-23.8605185077778,0.364272202614233,0.364271871673745
2022-02-09 22:30:00,1806.9375,-23.4149073892593,0.435174908015983,0.435174577844614
2022-02-09 23:00:00,1806.95833333333,-23.5116962577778,0.41967279360138,0.419672464198965
2022-02-09 23:30:00,1806.97916666667,-23.7498833327778,0.381645729584416,0.381645400950789
2022-02-10,1807,-23.8103963116667,0.371922161791838,0.371921833926833
2022-02-10 00:30:00,1807.02083333333,-23.8562000124074,0.364541678276219,0.364541351179673
2022-02-10 01:00:00,1807.04166666667,-24.4625788272727,0.26786106425394,0.267860737925685
2022-02-10 01:30:00,1807.0625,-24.8485518814815,0.206291131186968,0.206290805626841
2022-02-10 02:00:00,1807.08333333333,-24.7046370257407,0.229132606628214,0.229132281836049
2022-02-10 02:30:00,1807.10416666667,-24.2390037242593,0.303223946179511,0.303223622155141
2022-02-10 03:00:00,1807.125,-24.1191521198516,0.322231900097569,0.322231576840829
2022-02-10 03:30:00,1807.14583333333,-23.9674388875926,0.346315319922319,0.346314997433045
2022-02-10 04:00:00,1807.16666666667,-23.9611055487037,0.347239504675052,0.347239182953075
2022-02-10 04:30:00,1807.1875,-23.6270018398148,0.400377629440508,0.400377308485663
2022-02-10 05:00:00,1807.20833333333,-23.0991796424074,0.484375133714417,0.484374813526539
2022-02-10 05:30:00,1807.22916666667,-22.2155314655556,0.625055856656156,0.625055537235078
2022-02-10 06:00:00,1807.25,-21.7943462562963,0.69206578425433,0.692065465599885
2022-02-10 06:30:00,1807.27083333333,-21.4892629675926,0.740580478826683,0.740580160938706
2022-02-10 07:00:00,1807.29166666667,-21.2626753512059,0.776590642602429,0.776590325480752
2022-02-10 07:30:00,1807.3125,-21.1329481357407,0.797170761202183,0.797170444846641
2022-02-10 08:00:00,1807.33333333333,-20.9369110811111,0.828313970486035,0.828313654896461
2022-02-10 08:30:00,1807.35416666667,-20.6294259257407,0.877210827790423,0.87721051296665
2022-02-10 09:00:00,1807.375,-20.3152110866667,0.92717961445927,0.927179300401131
2022-02-10 09:30:00,1807.39583333333,-19.8448088756957,1.00202904703708,1.00202873374441
2022-02-10 10:00:00,1807.41666666667,-19.5665222077778,1.04627422228175,1.04627390975438
2022-02-10 10:30:00,1807.4375,-19.7331436893657,1.01964509734773,1.01964478558549
2022-02-10 11:00:00,1807.45833333333,-19.436121511028,1.06687462475076,1.06687431375349
2022-02-10 11:30:00,1807.47916666667,-19.637488788806,1.03471024163583,1.03470993140336
2022-02-10 12:00:00,1807.5,-19.1796138470149,1.10756350120846,1.10756319174062
2022-02-10 12:30:00,1807.52083333333,-19.0642873076493,1.12584844150408,1.12584813280071
2022-02-10 13:00:00,1807.54166666667,-18.248309673694,1.25574748789151,1.25574717995243
2022-02-10 13:30:00,1807.5625,-18.2600746132463,1.25378643684507,1.25378612967012
2022-02-10 14:00:00,1807.58333333333,-18.7485820972015,1.1758798438412,1.17587953743021
2022-02-10 14:30:00,1807.60416666667,-20.4862232923664,0.898985244058494,0.8989849384113
2022-02-10 15:00:00,1807.625,-21.224912819666,0.781224244904247,0.78122394002068
2022-02-10 15:30:00,1807.64583333333,-21.1655677163265,0.790590618781707,0.790590314661599
2022-02-10 16:00:00,1807.66666666667,-20.6534285890538,0.87208729034062,0.8720869869838
2022-02-10 16:30:00,1807.6875,-20.8039647332096,0.848019203713024,0.848018901119328
2022-02-10 17:00:00,1807.70833333333,-20.8804100257885,0.835753728807022,0.83575342697628
2022-02-10 17:30:00,1807.72916666667,-21.0172093788785,0.813873695062232,0.813873393994274
2022-02-10 18:00:00,1807.75,-21.2821872646067,0.771574615611884,0.771574315306544
2022-02-10 21:00:00,1807.875,-24.4716864745826,0.262955244429589,0.262954948696412
2022-02-10 21:30:00,1807.89583333333,-24.6382819799629,0.236327751781751,0.236327456810011
2022-02-10 22:00:00,1807.91666666667,-24.5089739923933,0.256837783249285,0.256837489038812
2022-02-10 22:30:00,1807.9375,-24.3903914432282,0.275639130958041,0.275638837508667
2022-02-10 23:00:00,1807.95833333333,-24.2900185621521,0.291539551782339,0.291539259093895
2022-02-10 23:30:00,1807.97916666667,-24.2992573975926,0.289978634102033,0.289978342174347
2022-02-11,1808,-23.9727406783333,0.341903702498281,0.341903411331185
2022-02-11 00:30:00,1808.02083333333,-24.0088888627778,0.336055878858965,0.336055588452291
2022-02-11 01:00:00,1808.04166666667,-24.5256278048148,0.253649490399794,0.25364920075337
2022-02-11 01:30:00,1808.0625,-25.6107610709259,0.0806973662462379,0.0806970773598966
2022-02-11 02:00:00,1808.08333333333,-26.6816388927778,-0.0899839691260457,-0.0899842572524748
2022-02-11 02:30:00,1808.10416666667,-26.3861204166667,-0.0429975114540696,-0.0429977988207575
2022-02-11 03:30:00,1808.14583333333,-26.3129907285185,-0.0315279343284087,-0.0315282201761218
2022-02-11 04:00:00,1808.16666666667,-26.0849370538889,0.00471099133103026,0.00471070624254855
2022-02-11 04:30:00,1808.1875,-26.1984388792593,-0.0134602318579663,-0.0134605161873851
2022-02-11 05:00:00,1808.20833333333,-26.6638907272222,-0.0876974587608792,-0.087697742331406
2022-02-11 05:30:00,1808.22916666667,-26.6872388903704,-0.0915073663356224,-0.0915076491474286
2022-02-11 06:00:00,1808.25,-26.7496388790741,-0.101538371212184,-0.101538653265439
2022-02-11 06:30:00,1808.27083333333,-26.4175870585185,-0.0487330345659348,-0.0487333158608092
2022-02-11 07:00:00,1808.29166666667,-26.6132314903704,-0.0799902015871264,-0.0799904821237917
2022-02-11 07:30:00,1808.3125,-26.7451740407407,-0.101099726915171,-0.101100006693796
2022-02-11 08:00:00,1808.33333333333,-26.8629518653704,-0.119952914847824,-0.11995319386858
2022-02-11 08:30:00,1808.35416666667,-26.9671944368519,-0.136650040807224,-0.136650319070284
2022-02-11 09:00:00,1808.375,-26.9576289350649,-0.135217572880298,-0.135217850385831
2022-02-11 09:30:00,1808.39583333333,-27.0688296311111,-0.153023360071518,-0.153023636819695
2022-02-11 10:00:00,1808.41666666667,-27.1783036981481,-0.170554207518304,-0.170554483509298
2022-02-11 10:30:00,1808.4375,-27.321381502037,-0.193438267738083,-0.193438542972062
2022-02-11 11:00:00,1808.45833333333,-27.5313451147388,-0.226977398566286,-0.226977673043422
2022-02-11 11:30:00,1808.47916666667,-27.5701828639925,-0.233256170513919,-0.233256444234386
2022-02-11 12:00:00,1808.5,-27.5657555647388,-0.232642902760143,-0.232643175724111
2022-02-11 12:30:00,1808.52083333333,-27.4836753716418,-0.219659586957195,-0.219659859164834
2022-02-11 13:00:00,1808.54166666667,-27.1668955156716,-0.169288560559268,-0.169288832010752
2022-02-11 13:30:00,1808.5625,-26.8479477600746,-0.118572299609721,-0.11857257030522
2022-02-11 14:00:00,1808.58333333333,-27.5290533961832,-0.22716537200565,-0.227165641945335
2022-02-11 14:30:00,1808.60416666667,-28.713445251577,-0.415932412172717,-0.415932681356763
2022-02-11 15:00:00,1808.625,-29.029897964193,-0.466436240027885,-0.466436508456461
2022-02-11 15:30:00,1808.64583333333,-29.1317941007421,-0.482761165351554,-0.482761433024833
2022-02-11 16:30:00,1808.6875,-29.8750940011765,-0.601355306606947,-0.60135557277015
2022-02-11 17:00:00,1808.70833333333,-29.4070038539499,-0.526881349616706,-0.526881615025128
2022-02-11 17:30:00,1808.72916666667,-29.2857025836431,-0.50765122185247,-0.507651486506285
2022-02-11 18:00:00,1808.75,-28.7285436269017,-0.418988766471042,-0.418989030370421
2022-02-11 18:30:00,1808.77083333333,-28.4057161398887,-0.367655594962652,-0.367655858107768
2022-02-11 19:00:00,1808.79166666667,-28.4071116886406,-0.367971498022568,-0.367971760413595
2022-02-11 19:30:00,1808.8125,-27.56280013,-0.233565767787321,-0.233566029424431
2022-02-11 22:30:00,1808.9375,-26.0708851705556,0.00353274702791939,0.00353248991068211
2022-02-11 23:00:00,1808.95833333333,-25.8447272048237,0.0394653756534572,0.039465119288927
2022-02-11 23:30:00,1808.97916666667,-25.7486234241187,0.0546801664971724,0.0546799108851729
2022-02-12,1809,-25.340847616171,0.119544420848753,0.119544165989114
2022-02-12 00:30:00,1809.02083333333,-25.330450841744,0.121105798044103,0.12110554393665
2022-02-12 01:00:00,1809.04166666667,-25.6701821174721,0.0668914135116366,0.0668911601561943
2022-02-12 01:30:00,1809.0625,-25.186746255,0.143808029219724,0.14380777661612
2022-02-12 02:00:00,1809.08333333333,-24.3521610901852,0.276662866618682,0.276662614766743
2022-02-12 02:30:00,1809.10416666667,-23.3600296409259,0.434614826618412,0.434614575517962
2022-02-12 03:00:00,1809.125,-22.6877384074212,0.541615898603174,0.541615648254042
2022-02-12 03:30:00,1809.14583333333,-21.9816037014815,0.654008146860498,0.654007897262508
2022-02-12 04:00:00,1809.16666666667,-21.3606222418519,0.752835309069995,0.752835060222973
2022-02-12 04:30:00,1809.1875,-21.1538514811881,0.785678297887395,0.785678049791167
2022-02-12 05:00:00,1809.20833333333,-21.0383129294444,0.803987817593635,0.803987570248027
2022-02-12 05:30:00,1809.22916666667,-21.1087166674074,0.792676484650689,0.792676238055525
2022-02-12 06:00:00,1809.25,-21.0115426211111,0.808060299483464,0.808060053638572
2022-02-12 06:30:00,1809.27083333333,-21.0405611151852,0.80334143945886,0.803341194364064
2022-02-12 07:00:00,1809.29166666667,-21.026207412963,0.80553168831324,0.805531443968365
2022-02-12 07:30:00,1809.3125,-20.8659036951852,0.830971765970356,0.830971522375228
2022-02-12 08:00:00,1809.33333333333,-20.4142574038889,0.902822810825349,0.902822567979793
2022-02-12 08:30:00,1809.35416666667,-20.3855277911111,0.907302813622633,0.907302571526474
2022-02-12 09:00:00,1809.375,-20.1577555640741,0.943490334173875,0.943490092826939
2022-02-12 09:30:00,1809.39583333333,-20.2061980909259,0.935676534120722,0.935676293522833
2022-02-12 10:00:00,1809.41666666667,-20.4496666368519,0.896794836950006,0.896794597100988
2022-02-12 10:30:00,1809.4375,-20.6274351525926,0.868379088639268,0.868378849538947
2022-02-12 11:00:00,1809.45833333333,-20.8542888612963,0.832143921126481,0.832143682774681
2022-02-12 11:30:00,1809.47916666667,-21.0020944511111,0.808501062567734,0.808500824964278
2022-02-12 12:00:00,1809.5,-21.2185000048148,0.773930067877891,0.773929831022607
2022-02-12 12:30:00,1809.52083333333,-21.2645243715356,0.766500805182172,0.766500569074883
2022-02-12 13:00:00,1809.54166666667,-21.4388958743494,0.738625639152138,0.738625403792668
2022-02-12 13:30:00,1809.5625,-21.368097517782,0.749806094099215,0.749805859487388
2022-02-12 14:00:00,1809.58333333333,-21.3194155983302,0.757463271997904,0.757463038133545
2022-02-12 14:30:00,1809.60416666667,-21.586335816141,0.714844691098823,0.714844457981755
2022-02-12 15:00:00,1809.625,-21.2397625248609,0.769955951821854,0.769955719451902
2022-02-12 15:30:00,1809.64583333333,-21.6726227444238,0.700902784501303,0.700902552878291
2022-02-12 16:00:00,1809.66666666667,-22.2801669734694,0.604022216877871,0.604021986001621
2022-02-12 16:30:00,1809.6875,-23.0008590304267,0.489117006662963,0.4891167765333
2022-02-12 17:00:00,1809.70833333333,-22.7501076235622,0.528963321704605,0.528963092321355
2022-02-12 17:30:00,1809.72916666667,-23.6798404467532,0.380757542586762,0.380757313949744
2022-02-12 18:00:00,1809.75,-23.8240779671614,0.357681613816406,0.357681385925447
2022-02-12 18:30:00,1809.77083333333,-23.9574174539889,0.336341636885553,0.336341409740476
2022-02-12 19:00:00,1809.79166666667,-25.4765401747664,0.0942452878036077,0.0942450614042341
2022-02-12 19:30:00,1809.8125,-27.0855028349533,-0.162162740499373,-0.162162966153219
2022-02-12 20:00:00,1809.83333333333,-28.0956355411215,-0.323176841855629,-0.323177066764122
2022-02-12 20:30:00,1809.85416666667,-28.1184897138318,-0.326916879957659,-0.32691710412098
2022-02-12 21:00:00,1809.875,-28.4646588102941,-0.382161329092442,-0.382161552510764
2022-02-13,1810,-29.6393098137291,-0.569883226114059,-0.56988344506612
2022-02-13 00:30:00,1810.02083333333,-29.9723840434137,-0.623042441695447,-0.623042659903753
2022-02-13 01:00:00,1810.04166666667,-29.8438218799629,-0.60266276249121,-0.602662979955937
2022-02-13 01:30:00,1810.0625,-30.5154211504638,-0.709749484039675,-0.709749700761002
2022-02-13 02:00:00,1810.08333333333,-30.7914285307978,-0.753818247295855,-0.75381846327396
2022-02-13 02:30:00,1810.10416666667,-30.6821481748148,-0.73651051131864,-0.7365107265537
2022-02-13 03:00:00,1810.125,-30.8684296294444,-0.766286095464437,-0.76628630995663
2022-02-13 03:30:00,1810.14583333333,-31.0228166435185,-0.790980984905,-0.790981198654503
2022-02-13 04:00:00,1810.16666666667,-30.8917648487037,-0.770205380565974,-0.770205593572967
2022-02-13 04:30:00,1810.1875,-30.9857778187037,-0.78528286653751,-0.785283078802171
2022-02-13 05:00:00,1810.20833333333,-30.8282857204082,-0.760295527829527,-0.760295739352034
2022-02-13 05:30:00,1810.22916666667,-31.2095555137037,-0.821133455873472,-0.821133666654004
2022-02-13 06:00:00,1810.25,-31.0219739842301,-0.791353074094729,-0.791353284133463
2022-02-13 06:30:00,1810.27083333333,-30.900233764193,-0.772061372349823,-0.772061581646938
2022-02-13 07:00:00,1810.29166666667,-31.1704962592593,-0.815216095627436,-0.815216304183112
2022-02-13 07:30:00,1810.3125,-31.0551796507407,-0.796947904527925,-0.79694811234234
2022-02-13 08:00:00,1810.33333333333,-31.5499111227778,-0.875860920959284,-0.875861128032617
2022-02-13 08:30:00,1810.35416666667,-31.2645926075926,-0.830511529330254,-0.830511735662683
2022-02-13 09:00:00,1810.375,-31.4499722425926,-0.860144801716739,-0.860145007308444
2022-02-13 09:30:00,1810.39583333333,-31.8819795962894,-0.929066158246076,-0.929066363097234
2022-02-13 10:00:00,1810.41666666667,-30.5900834948052,-0.723368574740625,-0.723368778851417
2022-02-13 10:30:00,1810.4375,-29.2148407285185,-0.504393920256587,-0.504394123627192
2022-02-13 11:00:00,1810.45833333333,-28.8509963548148,-0.446535864740638,-0.446536067371235
2022-02-13 11:30:00,1810.47916666667,-28.8406055061111,-0.444983320598175,-0.444983522488945
2022-02-13 12:00:00,1810.5,-28.8404703762963,-0.445064632049129,-0.445064833200249
2022-02-13 12:30:00,1810.52083333333,-29.1078795998148,-0.487766062408953,-0.487766262820603
2022-02-13 13:00:00,1810.54166666667,-29.2648787791667,-0.512879206051874,-0.512879405724234
2022-02-13 13:30:00,1810.5625,-29.331812629128,-0.52364499056705,-0.5236451895003
2022-02-13 14:00:00,1810.58333333333,-29.3460723252319,-0.52601985692391,-0.52602005511823
2022-02-13 14:30:00,1810.60416666667,-29.5602170554731,-0.56023666423869,-0.56023686169426
2022-02-13 15:00:00,1810.625,-29.0332523423006,-0.476394319778003,-0.476394516495003
2022-02-13 15:30:00,1810.64583333333,-28.9303524840445,-0.460105921900472,-0.46010611787908
2022-02-13 16:00:00,1810.66666666667,-29.1751205825603,-0.49920139012425,-0.499201585364648
2022-02-13 16:30:00,1810.6875,-29.4967049666048,-0.550533859653032,-0.5505340541554
2022-02-13 17:00:00,1810.70833333333,-29.6335232100186,-0.572433063056315,-0.572433256820833
2022-02-13 17:30:00,1810.72916666667,-29.6651465469388,-0.577574754781416,-0.577574947808264
2022-02-13 18:00:00,1810.75,-30.5981762660482,-0.726311239431793,-0.726311431721153
2022-02-13 18:30:00,1810.77083333333,-30.639904644486,-0.7330628956514,-0.73306308720345
2022-02-13 19:00:00,1810.79166666667,-30.9902579364486,-0.788978833202432,-0.788979024017355
2022-02-13 19:30:00,1810.8125,-31.2472448560748,-0.83002155296587,-0.830021743043845
2022-02-13 20:00:00,1810.83333333333,-31.3452897435514,-0.845744805458919,-0.845744994800127
2022-02-13 20:30:00,1810.85416666667,-31.6155794205607,-0.888906888032352,-0.888907076636976
2022-02-13 21:00:00,1810.875,-31.6981924699065,-0.902172061709088,-0.902172249577307
2022-02-13 21:30:00,1810.89583333333,-31.6573233949533,-0.89576655673585,-0.895766743867844
2022-02-13 22:00:00,1810.91666666667,-31.6888707533708,-0.900897153327507,-0.90089733972346
2022-02-13 22:30:00,1810.9375,-31.6642434228302,-0.897079193790781,-0.897079379450872
2022-02-14 01:00:00,1811.04166666667,-31.7499999547619,-0.911267908711546,-0.91126809069505
2022-02-14 01:30:00,1811.0625,-31.9074508328386,-0.936455809433979,-0.93645599068271
2022-02-14 02:00:00,1811.08333333333,-31.64646193859,-0.8949860672739,-0.894986247788039
2022-02-14 02:30:00,1811.10416666667,-31.6035250231911,-0.888252273024754,-0.888252452804485
2022-02-14 03:00:00,1811.125,-31.7340741909091,-0.90915504763534,-0.909155226680843
2022-02-14 03:30:00,1811.14583333333,-31.7786493215213,-0.916362208527195,-0.916362386838652
2022-02-14 04:00:00,1811.16666666667,-31.8161758824074,-0.922446639041407,-0.922446816619003
2022-02-14 04:30:00,1811.1875,-32.5295092564815,-1.03618768963938,-1.03618786648329
2022-02-14 05:00:00,1811.20833333333,-32.9509295655556,-1.10342689216759,-1.103427068278
2022-02-14 05:30:00,1811.22916666667,-33.1990444677778,-1.14305853131388,-1.14305870669098
2022-02-14 06:00:00,1811.25,-33.3004055611111,-1.15931229559414,-1.1593124702381
2022-02-14 06:30:00,1811.27083333333,-33.490433347037,-1.18969083911507,-1.18969101302608
2022-02-14 07:00:00,1811.29166666667,-33.6406537307407,-1.21372814674982,-1.21372831992806
2022-02-14 07:30:00,1811.3125,-33.8537277644444,-1.24777819746648,-1.24777836991213
2022-02-14 08:00:00,1811.33333333333,-34.1799647525926,-1.29985529940097,-1.29985547111422
2022-02-14 08:30:00,1811.35416666667,-34.3241537153704,-1.32293213249366,-1.32293230347469
2022-02-14 09:00:00,1811.375,-34.5909888448148,-1.36554669926045,-1.36554686950944
2022-02-14 09:30:00,1811.39583333333,-34.9933500083333,-1.4297507717697,-1.42975094128683
2022-02-14 10:00:00,1811.41666666667,-35.0313148696296,-1.43590636458498,-1.43590653337045
2022-02-14 10:30:00,1811.4375,-35.036470377963,-1.43683551566557,-1.43683568371955
2022-02-14 11:00:00,1811.45833333333,-34.6857258262963,-1.38106964448205,-1.38106981180472
2022-02-14 11:30:00,1811.47916666667,-34.1068351103704,-1.28896003790661,-1.28896020449816
2022-02-14 12:00:00,1811.5,-34.325929607037,-1.32397015754395,-1.32397032340456
2022-02-14 12:30:00,1811.52083333333,-34.4271799474954,-1.34020773046734,-1.34020789559719
2022-02-14 13:00:00,1811.54166666667,-34.2112950269017,-1.3059255412454,-1.30592570564468
2022-02-14 13:30:00,1811.5625,-34.3559702576994,-1.32908095335593,-1.32908111702482
2022-02-14 14:00:00,1811.58333333333,-34.8804231343228,-1.41273532738148,-1.41273549032016
2022-02-14 14:30:00,1811.60416666667,-34.9073320378479,-1.41713070246872,-1.41713086467739
2022-02-14 15:00:00,1811.625,-35.0553747814471,-1.44082289635683,-1.44082305783565
2022-02-14 15:30:00,1811.64583333333,-35.0503246178108,-1.44012739221963,-1.4401275529688
2022-02-14 16:00:00,1811.66666666667,-35.3800780283859,-1.49276644819451,-1.49276660821421
2022-02-14 16:30:00,1811.6875,-36.1354248437848,-1.61320294916351,-1.61320310845393
2022-02-14 17:00:00,1811.70833333333,-36.2170390179963,-1.62631347039118,-1.62631362895249
2022-02-14 17:30:00,1811.72916666667,-36.755911009833,-1.71226560017204,-1.71226575800444
2022-02-14 18:00:00,1811.75,-36.9959158906542,-1.75060809702342,-1.75060825412708
2022-02-14 18:30:00,1811.77083333333,-36.8817009308411,-1.73252323154726,-1.73252338792237
2022-02-14 19:00:00,1811.79166666667,-36.9488111837383,-1.74332371343441,-1.74332386908116
2022-02-14 19:30:00,1811.8125,-37.3327083880374,-1.80458869444696,-1.80458884936553
2022-02-14 20:00:00,1811.83333333333,-37.1990879923221,-1.78341286332594,-1.78341301751652
2022-02-14 20:30:00,1811.85416666667,-36.8200261041122,-1.72313813841411,-1.72313829187687
2022-02-14 21:00:00,1811.875,-36.292201888972,-1.63916557985982,-1.63916573259496
2022-02-14 21:30:00,1811.89583333333,-35.6348112315888,-1.53455310579729,-1.53455325780499
2022-02-14 22:00:00,1811.91666666667,-35.5924653869159,-1.52791782123481,-1.52791797251525
2022-02-14 22:30:00,1811.9375,-35.6625674383895,-1.53919567818763,-1.539195828741
2022-02-14 23:00:00,1811.95833333333,-35.4262056001869,-1.50165372980054,-1.50165387962703
2022-02-14 23:30:00,1811.97916666667,-35.4970337078652,-1.5130474705882,-1.51304761968799
2022-02-15,1812,-35.7416535716146,-1.55212647357169,-1.55212662194496
2022-02-15 02:30:00,1812.10416666667,-36.0688743809045,-1.60480907012886,-1.60480921487233
2022-02-15 03:00:00,1812.125,-35.8404063011132,-1.56852549289288,-1.56852563691095
2022-02-15 03:30:00,1812.14583333333,-35.8687605923933,-1.57315401405722,-1.57315415735008
2022-02-15 04:00:00,1812.16666666667,-35.9434860378479,-1.58516960436489,-1.58516974693271
2022-02-15 04:30:00,1812.1875,-35.9064368730483,-1.57937953051511,-1.5793796723581
2022-02-15 05:00:00,1812.20833333333,-36.1938070602968,-1.62526980239791,-1.62526994351623
2022-02-15 05:30:00,1812.22916666667,-36.1406797351852,-1.61691868834094,-1.61691882873479
2022-02-15 06:00:00,1812.25,-35.6926222990741,-1.54565503646834,-1.5456551761379
2022-02-15 06:30:00,1812.27083333333,-35.1863759264815,-1.46512195650585,-1.46512209545132
2022-02-15 07:00:00,1812.29166666667,-34.4558925796296,-1.34886787736112,-1.34886801558268
2022-02-15 07:30:00,1812.3125,-33.5818463711111,-1.20974424280644,-1.20974438030427
2022-02-15 08:00:00,1812.33333333333,-33.1443962907407,-1.14017079449363,-1.14017093126791
2022-02-15 08:30:00,1812.35416666667,-32.8518129711111,-1.09367483570689,-1.09367497175782
2022-02-15 09:00:00,1812.375,-32.914474132037,-1.10376968753672,-1.10376982286448
2022-02-15 09:30:00,1812.39583333333,-33.6803988576994,-1.22589503877742,-1.2258951733822
2022-02-15 10:00:00,1812.41666666667,-34.0708667022222,-1.28820995151957,-1.28821008540156
2022-02-15 10:30:00,1812.4375,-34.2519351477778,-1.31716750132543,-1.31716763448481
2022-02-15 11:00:00,1812.45833333333,-34.1147031263451,-1.29541967022269,-1.29541980265965
2022-02-15 11:30:00,1812.47916666667,-33.5948258983333,-1.21271629519849,-1.21271642691322
2022-02-15 12:00:00,1812.5,-33.3149554467532,-1.16824628208665,-1.16824641307933
2022-02-15 12:30:00,1812.52083333333,-32.8236957675325,-1.09010192485077,-1.09010205512159
2022-02-15 13:00:00,1812.54166666667,-32.7622950046382,-1.08043451105406,-1.08043464060322
2022-02-15 13:30:00,1812.5625,-33.0728014814471,-1.13001229718286,-1.13001242601053
2022-02-15 14:00:00,1812.58333333333,-33.6719072538033,-1.22556426818565,-1.22556439629203
2022-02-15 14:30:00,1812.60416666667,-34.0592078070501,-1.28737562726783,-1.2873757546531
2022-02-15 15:00:00,1812.625,-34.4236512276438,-1.34554593961185,-1.34554606627619
2022-02-15 15:30:00,1812.64583333333,-34.3924712133581,-1.34069326687505,-1.34069339281866
2022-02-15 16:00:00,1812.66666666667,-34.093970293692,-1.29325629367856,-1.29325641890162
2022-02-15 16:30:00,1812.6875,-34.2871298413729,-1.32414129506057,-1.32414141956327
2022-02-15 17:00:00,1812.70833333333,-34.0895547606679,-1.29278210168578,-1.29278222546831
2022-02-15 17:30:00,1812.72916666667,-33.9145588439252,-1.2650198960197,-1.26502001908225
2022-02-15 18:00:00,1812.75,-33.638742015514,-1.22119695781639,-1.22119708015915
2022-02-15 18:30:00,1812.77083333333,-32.9207420663551,-1.1069340432132,-1.10693416483636
2022-02-15 19:00:00,1812.79166666667,-32.4609607452336,-1.03380565129258,-1.03380577219632
2022-02-15 19:30:00,1812.8125,-31.9810673463551,-0.957473501708149,-0.957473621892656
2022-02-15 20:00:00,1812.83333333333,-31.5849776284112,-0.894491449064207,-0.894491568529671
2022-02-15 20:30:00,1812.85416666667,-31.4724280564486,-0.876677654962069,-0.876677773708682
2022-02-15 21:00:00,1812.875,-31.2420897328972,-0.840100139209422,-0.84010025723737
2022-02-15 21:30:00,1812.89583333333,-31.2743626097196,-0.845356885977602,-0.845357003287075
2022-02-15 22:00:00,1812.91666666667,-30.6267495674766,-0.742307430605109,-0.742307547196296
2022-02-15 22:30:00,1812.9375,-30.3233177728972,-0.694086404547992,-0.694086520421081
2022-02-15 23:00:00,1812.95833333333,-30.0790392542056,-0.655288648203038,-0.655288763358217
2022-02-15 23:30:00,1812.97916666667,-30.0078411069159,-0.644062829284504,-0.644062943721964
2022-02-16,1813,-29.8041392487342,-0.61172918509391,-0.611729298813838
2022-02-16 00:30:00,1813.02083333333,-29.8611794231776,-0.620932043576902,-0.620932156579488
2022-02-16 01:00:00,1813.04166666667,-30.117650491215,-0.661904496457243,-0.661904608742677
2022-02-16 01:30:00,1813.0625,-30.0039477123077,-0.643908101505606,-0.643908213074076
2022-02-16 04:00:00,1813.16666666667,-30.4948706142132,-0.722696822740739,-0.722696930727232
2022-02-16 04:30:00,1813.1875,-30.2822430059369,-0.688942294566277,-0.688942401836943
2022-02-16 05:00:00,1813.20833333333,-29.9822527881041,-0.641270950671341,-0.641271057226369
2022-02-16 05:30:00,1813.22916666667,-29.9617940881262,-0.638129287724608,-0.63812939356419
2022-02-16 06:00:00,1813.25,-30.1103543170686,-0.661912571320053,-0.661912676444377
2022-02-16 06:30:00,1813.27083333333,-29.9819146654917,-0.641569686368377,-0.641569790777634
2022-02-16 07:00:00,1813.29166666667,-30.016196297037,-0.647148528452766,-0.647148632147147
2022-02-16 07:30:00,1813.3125,-30.0984333105556,-0.660366807491947,-0.66036691047164
2022-02-16 08:00:00,1813.33333333333,-30.1175499577778,-0.663530077395374,-0.663530179660569
2022-02-16 08:30:00,1813.35416666667,-30.1231113395176,-0.664534094127447,-0.664534195678338
2022-02-16 09:00:00,1813.375,-30.0808404489796,-0.657918505995718,-0.657918606832492
2022-02-16 09:30:00,1813.39583333333,-30.0616480372439,-0.654979446305813,-0.654979546428661
2022-02-16 10:00:00,1813.41666666667,-29.801966667037,-0.613730433936388,-0.613730533345502
2022-02-16 10:30:00,1813.4375,-29.5912003604824,-0.580273736408177,-0.580273835103747
2022-02-16 11:00:00,1813.45833333333,-29.4056629677778,-0.550836133116089,-0.550836231098303
2022-02-16 11:30:00,1813.47916666667,-29.3561077942379,-0.543060704727244,-0.543060801996297
2022-02-16 12:00:00,1813.5,-29.3149053549165,-0.536615983068857,-0.536616079624937
2022-02-16 12:30:00,1813.52083333333,-28.7950315198516,-0.453918676189334,-0.453918772032633
2022-02-16 13:00:00,1813.54166666667,-27.5816753016698,-0.260749240278291,-0.260749335409001
2022-02-16 13:30:00,1813.5625,-26.0539425024119,-0.0174995004991993,-0.0174995949175095
2022-02-16 14:00:00,1813.58333333333,-24.8327587918367,0.1769166402495,0.176916546543399
2022-02-16 14:30:00,1813.60416666667,-24.3616512311688,0.251845004180103,0.251844911186017
2022-02-16 15:00:00,1813.625,-23.9303914519481,0.320425477941575,0.320425385659315
2022-02-16 15:30:00,1813.64583333333,-23.6727866337662,0.361342482220013,0.361342390649388
2022-02-16 16:00:00,1813.66666666667,-23.5636010751391,0.378616082310875,0.378615991451691
2022-02-16 16:30:00,1813.6875,-23.4972207977737,0.389070660444682,0.389070570296749
2022-02-16 17:00:00,1813.70833333333,-23.3811589143925,0.407439443872347,0.407439354435474
2022-02-16 17:30:00,1813.72916666667,-23.2775607418692,0.423822639221437,0.423822550495431
2022-02-16 18:00:00,1813.75,-23.0516205441122,0.459694896600606,0.459694808585278
2022-02-16 18:30:00,1813.77083333333,-22.6050318269159,0.530716510803218,0.530716423498375
2022-02-16 19:00:00,1813.79166666667,-21.8003420816822,0.658783764689603,0.65878367809505
2022-02-16 19:30:00,1813.8125,-21.301786928785,0.738083449278719,0.738083363394267
2022-02-16 20:00:00,1813.83333333333,-21.3244486153271,0.734352808922096,0.734352723747553
2022-02-16 20:30:00,1813.85416666667,-21.5079569685981,0.704999069672899,0.70499898520807
2022-02-16 21:00:00,1813.875,-21.4971663738318,0.706597181770318,0.706597098015015
2022-02-16 21:30:00,1813.89583333333,-21.3995701005607,0.722023390577279,0.722023307531308
2022-02-16 22:00:00,1813.91666666667,-20.8806317837383,0.804569578124974,0.804569495788142
2022-02-16 22:30:00,1813.9375,-20.3462205497196,0.889580502561533,0.889580420933647
2022-02-16 23:00:00,1813.95833333333,-19.5122597624299,1.02230977503382,1.02230969411469
2022-02-16 23:30:00,1813.97916666667,-18.6976691846729,1.15195324943875,1.15195316922818
2022-02-17,1814,-18.4447124883721,1.19212793534621,1.19212785584401
2022-02-17 00:30:00,1814.02083333333,-18.0568467192523,1.25379362314596,1.25379354435194
2022-02-17 01:00:00,1814.04166666667,-17.9847645097196,1.26515465444077,1.26515457635473
2022-02-17 01:30:00,1814.0625,-17.7974560740187,1.29487119612199,1.29487111874374
2022-02-17 02:00:00,1814.08333333333,-17.84912712,1.28651802582488,1.28651794915423
2022-02-17 02:30:00,1814.10416666667,-17.9110056151402,1.27653869182934,1.27653861586609
2022-02-17 03:00:00,1814.125,-17.9403185237037,1.27174696930985,1.27174689405382
2022-02-17 05:30:00,1814.22916666667,-17.7398223562874,1.30307373035388,1.30307365863101
2022-02-17 06:00:00,1814.25,-18.0159981365492,1.25895591786646,1.25895584684963
2022-02-17 06:30:00,1814.27083333333,-17.865591841744,1.28279282515048,1.28279275483952
2022-02-17 07:00:00,1814.29166666667,-17.9405880983302,1.27072283531064,1.27072276570533
2022-02-17 07:30:00,1814.3125,-17.8148163345084,1.2906352249971,1.29063515609727
2022-02-17 08:00:00,1814.33333333333,-17.4898015276438,1.3422870642416,1.34228699604704
2022-02-17 08:30:00,1814.35416666667,-17.275764837037,1.37625990069546,1.37625983320599
2022-02-17 09:00:00,1814.375,-16.7993370007407,1.45203172461701,1.45203165783242
2022-02-17 09:30:00,1814.39583333333,-16.5114304653061,1.49777186105886,1.49777179497896
2022-02-17 10:00:00,1814.41666666667,-16.4393592707407,1.50912916394468,1.50912909856929
2022-02-17 10:30:00,1814.4375,-16.3816256829868,1.51820236631852,1.51820230164744
2022-02-17 11:00:00,1814.45833333333,-16.212547322449,1.54501276107995,1.54501269711298
2022-02-17 11:30:00,1814.47916666667,-16.1380760560297,1.55675206867154,1.55675200540848
2022-02-17 12:00:00,1814.5,-16.1776755728889,1.55031970951703,1.5503196469577
2022-02-17 12:30:00,1814.52083333333,-15.504187390538,1.65748262099039,1.65748255913458
2022-02-17 13:00:00,1814.54166666667,-15.3106178183673,1.68819404548465,1.68819398433217
2022-02-17 13:30:00,1814.5625,-15.0920314777778,1.72289054965963,1.7228904892103
2022-02-17 14:00:00,1814.58333333333,-15.0299648007407,1.7326532501901,1.73265319044372
2022-02-17 14:30:00,1814.60416666667,-14.9905685355556,1.7388044285382,1.73880436949455
2022-02-17 15:00:00,1814.625,-15.0429777583333,1.7303308176907,1.73033075934961
2022-02-17 15:30:00,1814.64583333333,-15.2339257883117,1.69978776651279,1.69978770887406
2022-02-17 16:00:00,1814.66666666667,-14.8206444444444,1.76549877705241,1.76549872011585
2022-02-17 16:30:00,1814.6875,-15.2549518307407,1.69618818786988,1.69618813163529
2022-02-17 17:00:00,1814.70833333333,-15.2532263437848,1.69633783769712,1.69633778216431
2022-02-17 17:30:00,1814.72916666667,-15.1594759496296,1.71114701172563,1.71114695689439
2022-02-17 18:00:00,1814.75,-14.7255974137291,1.78013873253229,1.78013867840243
2022-02-17 18:30:00,1814.77083333333,-14.905420395,1.75136725384933,1.75136720042067
2022-02-17 19:00:00,1814.79166666667,-14.7805499887037,1.77113354031398,1.7711334875863
2022-02-17 19:30:00,1814.8125,-15.0468814772222,1.72858097616359,1.72858092413671
2022-02-17 20:00:00,1814.83333333333,-14.9971055646296,1.73638443770719,1.73638438638091
2022-02-17 20:30:00,1814.85416666667,-14.5790537272222,1.80285440806714,1.80285435744127
2022-02-17 21:00:00,1814.875,-14.5389537155556,1.80911627333262,1.80911622340695
2022-02-17 21:30:00,1814.89583333333,-14.2747370498148,1.85107997259981,1.85107992337416
2022-02-17 22:00:00,1814.91666666667,-14.188401855,1.86470691729955,1.86470686877371
2022-02-17 22:30:00,1814.9375,-14.4445092590741,1.82378240216615,1.82378235433995
2022-02-17 23:00:00,1814.95833333333,-14.4840240968519,1.81736112852322,1.81736108139644
2022-02-17 23:30:00,1814.97916666667,-14.1244129496296,1.87452080042709,1.87452075399954
2022-02-18,1815,-14.0077481488889,1.89297883665621,1.89297879092769
2022-02-18 00:30:00,1815.02083333333,-13.4981500005556,1.97403132690028,1.9740312818706
2022-02-18 01:00:00,1815.04166666667,-13.4417036972222,1.98289629537265,1.98289625104161
2022-02-18 01:30:00,1815.0625,-13.1837240996296,2.02386555261968,2.02386550898708
2022-02-18 02:00:00,1815.08333333333,-13.0272129616667,2.04867070273434,2.04867065979999
2022-02-18 02:30:00,1815.10416666667,-13.0850093190299,2.03933640671031,2.03933636447401
2022-02-18 03:00:00,1815.125,-13.0893488929104,2.03851770552584,2.0385176639874
2022-02-18 03:30:00,1815.14583333333,-13.2320634238806,2.01565566583873,2.01565562499795
2022-02-18 04:00:00,1815.16666666667,-13.4184404574669,1.98583804934564,1.98583800920231
2022-02-18 07:00:00,1815.29166666667,-14.5505037209259,1.80473154458769,1.80473150862499
2022-02-18 07:30:00,1815.3125,-14.0935440714822,1.8773971593341,1.87739712406749
2022-02-18 08:00:00,1815.33333333333,-14.2115843953618,1.85846475862183,1.85846472405111
2022-02-18 08:30:00,1815.35416666667,-14.7617773625232,1.7706900242234,1.77068999034836
2022-02-18 09:00:00,1815.375,-14.4677124369202,1.81740606668616,1.8174060335066
2022-02-18 09:30:00,1815.39583333333,-14.0320296981447,1.88668181923234,1.88668178674808
2022-02-18 10:00:00,1815.41666666667,-13.6485076461832,1.94764822835409,1.94764819656492
2022-02-18 10:30:00,1815.4375,-13.266085344898,2.00843933768348,2.0084393065892
2022-02-18 11:00:00,1815.45833333333,-13.0154118847866,2.04824265375732,2.04824262335775
2022-02-18 11:30:00,1815.47916666667,-12.7986103762523,2.08265003504894,2.08265000534386
2022-02-18 12:00:00,1815.5,-14.5587884894249,1.80212304115462,1.80212301214384
2022-02-18 12:30:00,1815.52083333333,-16.0919536166976,1.5577592694829,1.55775924116623
2022-02-18 13:00:00,1815.54166666667,-19.0151095018553,1.09196886813466,1.0919688405119
2022-02-18 13:30:00,1815.5625,-20.0042820141002,0.934263291515439,0.934263264586383
2022-02-18 14:00:00,1815.58333333333,-20.7641540235622,0.813085340242793,0.813085314007246
2022-02-18 14:30:00,1815.60416666667,-21.4354879391466,0.706011462004173,0.706011436461937
2022-02-18 15:00:00,1815.625,-21.8129758499072,0.645747353745559,0.645747328896435
2022-02-18 15:30:00,1815.64583333333,-22.8048467315888,0.487611490615846,0.487611466459637
2022-02-18 16:00:00,1815.66666666667,-23.4633494816822,0.382581300536002,0.382581277072506
2022-02-18 16:30:00,1815.6875,-23.9118018865421,0.311012172032046,0.31101214926107
2022-02-18 17:00:00,1815.70833333333,-24.1284513132959,0.276369315081968,0.276369293003309
2022-02-18 17:30:00,1815.72916666667,-24.2529813173832,0.256401039501348,0.256401018114808
2022-02-18 18:00:00,1815.75,-24.7196673209346,0.181926960222997,0.181926939528377
2022-02-18 18:30:00,1815.77083333333,-24.8143719826168,0.166709666069362,0.166709646066465
2022-02-18 19:00:00,1815.79166666667,-25.0181666610487,0.134114145849683,0.134114126538307
2022-02-18 19:30:00,1815.8125,-24.9687932199248,0.141848379568359,0.141848360948308
2022-02-18 20:00:00,1815.83333333333,-25.220947487242,0.101548925449791,0.101548907520864
2022-02-18 20:30:00,1815.85416666667,-25.7451048653558,0.0179190730141666,0.0179190557761645
2022-02-18 21:00:00,1815.875,-25.6508483146067,0.0328028929990708,0.0328028764517947
2022-02-18 21:30:00,1815.89583333333,-26.0496603,-0.0308595655330726,-0.0308595813898219
2022-02-18 22:00:00,1815.91666666667,-26.4571236546816,-0.0959003017151183,-0.0959003168815417
2022-02-18 22:30:00,1815.9375,-26.8146629105461,-0.152988201602228,-0.152988216078522
2022-02-18 23:00:00,1815.95833333333,-26.895711304717,-0.166031017943929,-0.166031031730295
2022-02-18 23:30:00,1815.97916666667,-27.4240170931559,-0.250322365097447,-0.250322378194085
2022-02-19,1816,-27.2149326669159,-0.217147032376847,-0.217147044783956
2022-02-19 00:30:00,1816.02083333333,-27.637228028972,-0.284551059379036,-0.284551071096816
2022-02-19 01:00:00,1816.04166666667,-28.2006972257944,-0.374444287382607,-0.37444429841126
2022-02-19 01:30:00,1816.0625,-28.4097364654206,-0.407876678146388,-0.407876688486109
2022-02-19 02:00:00,1816.08333333333,-28.2590785205607,-0.384009158582136,-0.384009168233129
2022-02-19 02:30:00,1816.10416666667,-28.2233570093458,-0.378451203220214,-0.378451212182678
2022-02-19 03:00:00,1816.125,-28.5940523454206,-0.437635850232684,-0.43763585850682
2022-02-19 03:30:00,1816.14583333333,-28.0252504447124,-0.347158024203034,-0.34715803178904
2022-02-19 04:00:00,1816.16666666667,-28.418946193692,-0.410006869718013,-0.410006876616093
2022-02-19 04:30:00,1816.1875,-28.2703432209648,-0.386467249451401,-0.386467255661752
2022-02-19 05:00:00,1816.20833333333,-28.2296691858736,-0.380120894180171,-0.380120899702993
2022-02-19 05:30:00,1816.22916666667,-28.2582152029685,-0.384801450773281,-0.384801455608777
2022-02-19 08:30:00,1816.35416666667,-27.7133766226345,-0.298809478441378,-0.298809479157125
2022-02-19 09:00:00,1816.375,-26.9851428827458,-0.182935235063264,-0.18293523509309
2022-02-19 09:30:00,1816.39583333333,-26.6579269263462,-0.130943519115869,-0.130943518459974
2022-02-19 10:00:00,1816.41666666667,-26.6819758326531,-0.134908654747322,-0.134908653405909
2022-02-19 10:30:00,1816.4375,-27.162050119295,-0.211519067261765,-0.211519065235033
2022-02-19 11:00:00,1816.45833333333,-27.3015565684601,-0.233876887789285,-0.233876885077435
2022-02-19 11:30:00,1816.47916666667,-27.1199573166976,-0.205082448572855,-0.205082445176091
2022-02-19 12:00:00,1816.5,-27.2224405340149,-0.221542657552292,-0.221542653470813
2022-02-19 12:30:00,1816.52083333333,-27.5883569026022,-0.279968063627014,-0.279968058861023
2022-02-19 13:00:00,1816.54166666667,-27.7599258009276,-0.30743388663409,-0.307433881183788
2022-02-19 13:30:00,1816.5625,-27.361881290167,-0.244159994331869,-0.244159988197457
2022-02-19 14:00:00,1816.58333333333,-26.6484081215213,-0.13063819921294,-0.13063819239462
2022-02-19 14:30:00,1816.60416666667,-25.7816549025974,0.00730110967480668,0.00730111717683224
2022-02-19 15:00:00,1816.625,-25.1462074448598,0.108393137752682,0.108393145938212
2022-02-19 15:30:00,1816.64583333333,-24.4467345652336,0.21968435354912,0.219684362417952
2022-02-19 16:00:00,1816.66666666667,-23.8609981123364,0.312857167565853,0.312857177117784
2022-02-19 16:30:00,1816.6875,-23.2639251949533,0.407835780769439,0.407835791004269
2022-02-19 17:00:00,1816.70833333333,-23.5574000781308,0.360949385257729,0.360949396175256
2022-02-19 17:30:00,1816.72916666667,-24.1464765990654,0.266973329938528,0.266973341538547
2022-02-19 18:00:00,1816.75,-24.3048672923364,0.24160572708475,0.241605739367062
2022-02-19 18:30:00,1816.77083333333,-25.782620577757,0.00606261283141307,0.00606262579581462
2022-02-19 19:00:00,1816.79166666667,-26.994998155514,-0.187206069170355,-0.187206055524067
2022-02-19 19:30:00,1816.8125,-26.9049270841121,-0.172993858217791,-0.172993843889819
2022-02-19 20:00:00,1816.83333333333,-27.3391532547664,-0.242302680179115,-0.24230266516966
2022-02-19 20:30:00,1816.85416666667,-26.9437159095327,-0.179445618739358,-0.179445603048626
2022-02-19 21:00:00,1816.875,-28.761641106729,-0.469178899554908,-0.469178883183099
2022-02-19 21:30:00,1816.89583333333,-30.129224311215,-0.687172486644418,-0.687172469591735
2022-02-19 22:00:00,1816.91666666667,-30.815119613271,-0.796572811249422,-0.796572793516069
2022-02-19 22:30:00,1816.9375,-31.0296011046816,-0.830876686438095,-0.830876668024273
2022-02-19 23:00:00,1816.95833333333,-31.520773855514,-0.909257784459714,-0.909257765365626
2022-02-19 23:30:00,1816.97916666667,-31.7837420500935,-0.951285841055013,-0.951285821280865
2022-02-20,1817,-32.0564093743925,-0.994859083390689,-0.994859062936681
2022-02-20 00:30:00,1817.02083333333,-32.1669214945794,-1.01260099326059,-1.01260097212693
2022-02-20 01:00:00,1817.04166666667,-32.1694055566355,-1.01313406368191,-1.01313404186879
2022-02-20 01:30:00,1817.0625,-32.4918635824299,-1.06463932257623,-1.06463930008387
2022-02-20 02:00:00,1817.08333333333,-32.2990748207477,-1.03406550739843,-1.03406548422702
2022-02-20 02:30:00,1817.10416666667,-32.7006392183178,-1.09817268257856,-1.09817265872831
2022-02-20 03:00:00,1817.125,-32.8985438766355,-1.12983682309732,-1.12983679856843
2022-02-20 03:30:00,1817.14583333333,-33.1167760424528,-1.16473925740869,-1.16473923220136
2022-02-20 04:00:00,1817.16666666667,-33.0082894280148,-1.14759526385213,-1.14759523796658
2022-02-20 04:30:00,1817.1875,-33.2420427155844,-1.1849704385405,-1.18497041197691
2022-02-20 05:00:00,1817.20833333333,-33.8123358411874,-1.27595675719168,-1.27595672995026
2022-02-20 05:30:00,1817.22916666667,-34.5794444454732,-1.39829602949469,-1.39829600157566
2022-02-20 06:00:00,1817.25,-34.649167042115,-1.40954131965251,-1.40954129105606
2022-02-20 06:30:00,1817.27083333333,-34.4182263456401,-1.37289083957457,-1.37289081030091
2022-02-20 07:00:00,1817.29166666667,-34.544562361825,-1.39315490233534,-1.39315487238467
2022-02-20 10:00:00,1817.41666666667,-34.720358794052,-1.42199352037748,-1.42199348636905
2022-02-20 10:30:00,1817.4375,-34.7414498197026,-1.42549273082203,-1.42549269613803
2022-02-20 11:00:00,1817.45833333333,-34.5838014816327,-1.40051873995168,-1.4005187045923
2022-02-20 11:30:00,1817.47916666667,-34.4678144641929,-1.38218153426666,-1.38218149823212
2022-02-20 12:00:00,1817.5,-34.5534888050186,-1.39596923408236,-1.39596919737285
2022-02-20 12:30:00,1817.52083333333,-35.370974002963,-1.52633503339955,-1.52633499601528
2022-02-20 13:00:00,1817.54166666667,-36.4098513507435,-1.69196886737873,-1.69196882931991
2022-02-20 13:30:00,1817.5625,-36.9441612164815,-1.77722484786398,-1.77722480913081
2022-02-20 14:00:00,1817.58333333333,-37.5298463061111,-1.87066504517618,-1.87066500576886
2022-02-20 14:30:00,1817.60416666667,-38.0966201223464,-1.96109277005214,-1.96109272997089
2022-02-20 15:00:00,1817.625,-38.4476022250929,-2.01714482767362,-2.01714478691864
2022-02-20 15:30:00,1817.64583333333,-38.042385858256,-1.95273403559546,-1.95273399416694
2022-02-20 16:00:00,1817.66666666667,-37.5852944990741,-1.88005962704198,-1.88005958494014
2022-02-20 16:30:00,1817.6875,-36.5497463925926,-1.71523675212905,-1.71523670935409
2022-02-20 17:00:00,1817.70833333333,-35.6618332840741,-1.57393234473308,-1.57393230128522
2022-02-20 17:30:00,1817.72916666667,-35.0183148283333,-1.4715602869937,-1.47156024287312
2022-02-20 18:00:00,1817.75,-34.49128521,-1.38774509110123,-1.38774504630816
2022-02-20 18:30:00,1817.77083333333,-34.1234519111111,-1.32929008944542,-1.32929004398005
2022-02-20 19:00:00,1817.79166666667,-33.4516962855556,-1.22242015073244,-1.22242010459498
2022-02-20 19:30:00,1817.8125,-32.3204555348148,-1.04235400997301,-1.04235396316367
2022-02-20 20:00:00,1817.83333333333,-31.349238902037,-0.887779932291521,-0.8877798848105
2022-02-20 20:30:00,1817.85416666667,-30.2867481231481,-0.718665924622017,-0.718665876469525
2022-02-20 21:00:00,1817.875,-29.7962055831481,-0.640663786823693,-0.640663737999933
2022-02-20 21:30:00,1817.89583333333,-29.2399055440741,-0.552186539108565,-0.552186489613745
2022-02-20 22:00:00,1817.91666666667,-28.888072222963,-0.496281092338017,-0.496281042172345
2022-02-20 22:30:00,1817.9375,-28.4161629642593,-0.421247569541662,-0.421247518705342
2022-02-20 23:00:00,1817.95833333333,-28.3420648192593,-0.409585748061284,-0.409585696554523
2022-02-20 23:30:00,1817.97916666667,-27.9715222394444,-0.350700222876133,-0.350700170699138
2022-02-21,1818,-27.3789666533333,-0.256447973720587,-0.256447920873562
2022-02-21 00:30:00,1818.02083333333,-26.6972352038889,-0.147990052377481,-0.147989998860633
2022-02-21 01:00:00,1818.04166666667,-26.1790445102041,-0.0655843968444914,-0.0655843426580293
2022-02-21 01:30:00,1818.0625,-25.4513988820037,0.0501874729048344,0.0501875277607056
2022-02-21 02:00:00,1818.08333333333,-24.4978320701493,0.201948642143481,0.201948697668554
2022-02-21 02:30:00,1818.10416666667,-23.5418134427239,0.354100280860132,0.3541003370542
2022-02-21 03:00:00,1818.125,-22.8450391354478,0.464954007641615,0.464954064504472
2022-02-21 03:30:00,1818.14583333333,-21.9880167865672,0.601335255508005,0.601335313039445
2022-02-21 04:00:00,1818.16666666667,-21.7637965977612,0.636910560626699,0.636910618826513
2022-02-21 04:30:00,1818.1875,-21.8717014927239,0.619577996139154,0.619578055007136
2022-02-21 05:00:00,1818.20833333333,-21.4292611451493,0.689915715668397,0.68991577520434
2022-02-21 05:30:00,1818.22916666667,-21.7839701735075,0.633266863574263,0.633266923777959
2022-02-21 06:00:00,1818.25,-21.5908955044776,0.663880239560917,0.663880300432159
2022-02-21 06:30:00,1818.27083333333,-21.9933283320896,0.599628739427805,0.599628800966388
2022-02-21 07:00:00,1818.29166666667,-22.3444272257463,0.543554665328292,0.543554727534005
2022-02-21 07:30:00,1818.3125,-22.6171641768657,0.499963598362509,0.499963661235147
2022-02-21 08:00:00,1818.33333333333,-22.5104560459813,0.5168182978236,0.516818361362955
2022-02-21 08:30:00,1818.35416666667,-23.0196949662162,0.435552085604023,0.435552149809886
2022-02-21 11:30:00,1818.47916666667,-25.0137643576994,0.117028645928763,0.117028714129319
2022-02-21 12:00:00,1818.5,-25.0307903090909,0.114171567987199,0.114171636852811
2022-02-21 12:30:00,1818.52083333333,-24.8586864474954,0.141442898283062,0.141442967813522
2022-02-21 13:00:00,1818.54166666667,-23.5230174295938,0.354070883369119,0.354070953564215
2022-02-21 13:30:00,1818.5625,-22.2034360174397,0.56413599527449,0.564136066134017
2022-02-21 14:00:00,1818.58333333333,-22.6257296585185,0.496719060364393,0.496719131888142
2022-02-21 14:30:00,1818.60416666667,-22.5722703964815,0.505089796847985,0.505089869035746
2022-02-21 15:00:00,1818.625,-22.4575740422222,0.523215539850509,0.523215612702075
2022-02-21 15:30:00,1818.64583333333,-22.4882615953618,0.518181416497018,0.518181490012182
2022-02-21 16:00:00,1818.66666666667,-22.2763259557407,0.551797235136217,0.551797309314767
2022-02-21 16:30:00,1818.6875,-22.3155925751852,0.545396248417151,0.545396323258882
2022-02-21 17:00:00,1818.70833333333,-22.0925648146296,0.58077883791266,0.580778913417362
2022-02-21 17:30:00,1818.72916666667,-22.0223259238889,0.591821945322294,0.591822021489756
2022-02-21 18:00:00,1818.75,-21.9138258987037,0.608959972870013,0.608960049700029
2022-02-21 18:30:00,1818.77083333333,-21.5550314777778,0.665969970620582,0.665970048112943
2022-02-21 19:00:00,1818.79166666667,-21.4447055607407,0.683398652259631,0.683398730414125
2022-02-21 19:30:00,1818.8125,-21.3908259174074,0.691835296295877,0.691835375112299
2022-02-21 20:00:00,1818.83333333333,-21.0496240488889,0.746042470282277,0.746042549760416
2022-02-21 20:30:00,1818.85416666667,-20.6228666448148,0.813878596394633,0.813878676534279
2022-02-21 21:00:00,1818.875,-20.5266796451852,0.829054515041052,0.829054595841997
2022-02-21 21:30:00,1818.89583333333,-20.4552805799599,0.840281592233636,0.840281673695672
2022-02-21 22:00:00,1818.91666666667,-20.8504962896296,0.777176496566116,0.777176578689029
2022-02-21 22:30:00,1818.9375,-20.9035555477778,0.768577062383387,0.768577145166972
2022-02-21 23:00:00,1818.95833333333,-20.9553944831481,0.760171920758264,0.760172004202311
2022-02-21 23:30:00,1818.97916666667,-20.9256185261111,0.764767984102497,0.764768068206795
2022-02-22,1819,-20.8736648403704,0.772896869782494,0.772896954546834
2022-02-22 00:30:00,1819.02083333333,-21.0007648083333,0.752502274797214,0.752502360221388
2022-02-22 01:00:00,1819.04166666667,-21.0160203851852,0.749924465583822,0.749924551667616
2022-02-22 01:30:00,1819.0625,-21.0039351625926,0.751701959621498,0.751702046364706
2022-02-22 02:00:00,1819.08333333333,-20.9057761669776,0.767190961591412,0.767191048993824
2022-02-22 02:30:00,1819.10416666667,-20.775152986194,0.787851425857299,0.787851513918703
2022-02-22 03:00:00,1819.125,-20.8473588581308,0.776200971499003,0.776201060219189
2022-02-22 03:30:00,1819.14583333333,-20.6789850412313,0.80287492793079,0.802875017309551
2022-02-22 04:00:00,1819.16666666667,-20.6103376735075,0.813662284199355,0.813662374236477
2022-02-22 04:30:00,1819.1875,-20.3779533143925,0.850532954680264,0.85053304537554
2022-02-22 05:00:00,1819.20833333333,-20.1825503578358,0.881512355800512,0.88151244715373
2022-02-22 05:30:00,1819.22916666667,-20.2389496320896,0.872379376124917,0.872379468135866
2022-02-22 06:00:00,1819.25,-20.2373308648598,0.872488606450389,0.872488699118859
2022-02-22 06:30:00,1819.27083333333,-20.103266755597,0.893696368960137,0.89369646228592
2022-02-22 07:00:00,1819.29166666667,-20.007388788785,0.908820946259575,0.908821040242456
2022-02-22 07:30:00,1819.3125,-19.9062462869403,0.924784062341336,0.924784156981108
2022-02-22 08:00:00,1819.33333333333,-19.9258072316794,0.921518927734707,0.92151902303116
2022-02-22 08:30:00,1819.35416666667,-19.41435133829,1.00284504954077,1.00284514549369
2022-02-22 09:00:00,1819.375,-19.4911391673469,0.990463420641763,0.99046351725094
2022-02-22 09:30:00,1819.39583333333,-19.6605547525046,0.963326018668892,0.963326115934118
2022-02-22 10:00:00,1819.41666666667,-19.6458029802974,0.965526503017557,0.965526600938617
2022-02-22 13:00:00,1819.54166666667,-18.318239303525,1.17610923384668,1.17610933569832
2022-02-22 13:30:00,1819.5625,-17.5592207634508,1.29687120951144,1.29687131201744
2022-02-22 14:00:00,1819.58333333333,-17.2453228159555,1.34672505152844,1.34672515468859
2022-02-22 14:30:00,1819.60416666667,-17.0527996382189,1.37724370084492,1.37724380465901
2022-02-22 15:00:00,1819.625,-16.7438905376623,1.42630260571473,1.42630271018253
2022-02-22 15:30:00,1819.64583333333,-16.4760018712963,1.46882682100081,1.46882692612212
2022-02-22 16:00:00,1819.66666666667,-16.1932018535185,1.51372632013845,1.51372642591306
2022-02-22 16:30:00,1819.6875,-15.8761592662963,1.56408057999393,1.56408068642164
2022-02-22 17:00:00,1819.70833333333,-15.600438877037,1.60785207913909,1.60785218621967
2022-02-22 17:30:00,1819.72916666667,-15.2371240522222,1.66557732943811,1.66557743717136
2022-02-22 18:00:00,1819.75,-15.0053944503704,1.70234085467995,1.70234096306565
2022-02-22 18:30:00,1819.77083333333,-14.6171555609259,1.76403631629135,1.76403642532928
2022-02-22 19:00:00,1819.79166666667,-14.3562944461111,1.80544030241045,1.80544041210041
2022-02-22 19:30:00,1819.8125,-14.1872240712963,1.83222185310415,1.83222196344594
2022-02-22 20:00:00,1819.83333333333,-14.3202259185185,1.81088297803362,1.81088308902701
2022-02-22 20:30:00,1819.85416666667,-14.338938882037,1.80775029889951,1.80775041054429
2022-02-22 21:00:00,1819.875,-14.4878073927778,1.78388364319181,1.78388375548776
2022-02-22 21:30:00,1819.89583333333,-14.5976592598148,1.766232261837,1.76623237478392
2022-02-22 22:00:00,1819.91666666667,-14.8323185301852,1.72869886709081,1.72869898068849
2022-02-22 22:30:00,1819.9375,-14.871140742963,1.72236235073477,1.72236246498299
2022-02-22 23:00:00,1819.95833333333,-15.0154796155556,1.69921685025427,1.69921696515282
2022-02-22 23:30:00,1819.97916666667,-15.2039518590741,1.66904076745406,1.66904088300272
2022-02-23,1820,-15.8775518242593,1.56158338714069,1.56158350333926
2022-02-23 00:30:00,1820.02083333333,-16.1786481414815,1.51346599938963,1.51346611623789
2022-02-23 01:00:00,1820.04166666667,-16.0483537131481,1.53406936094834,1.53406947844607
2022-02-23 01:30:00,1820.0625,-16.1926036744444,1.51093750033147,1.51093761847848
2022-02-23 02:00:00,1820.08333333333,-15.942018507963,1.55070305302843,1.55070317182448
2022-02-23 02:30:00,1820.10416666667,-15.1092147992593,1.68321633088628,1.68321645033117
2022-02-23 03:00:00,1820.125,-14.2162499951852,1.82531320957249,1.82531332966601
2022-02-23 03:30:00,1820.14583333333,-13.5878675343284,1.92526182727399,1.92526194801592
2022-02-23 04:00:00,1820.16666666667,-12.7668246152985,2.05590128902319,2.05590141041332
2022-02-23 04:30:00,1820.1875,-12.5229832113806,2.09459203234264,2.09459215438075
2022-02-23 05:00:00,1820.20833333333,-12.3712537399254,2.11860917441897,2.11860929710486
2022-02-23 05:30:00,1820.22916666667,-12.2839084185047,2.13236977082727,2.13236989416072
2022-02-23 06:00:00,1820.25,-12.2194384322761,2.14248620545436,2.14248632943516
2022-02-23 06:30:00,1820.27083333333,-12.1047369416045,2.16060445011684,2.16060457474476
2022-02-23 07:00:00,1820.29166666667,-12.0876772425373,2.16316818310195,2.1631683083768
2022-02-23 07:30:00,1820.3125,-12.0597576379771,2.16746180231374,2.1674619282353
2022-02-23 08:00:00,1820.33333333333,-12.0986493625232,2.16111222459543,2.16111235116348
2022-02-23 08:30:00,1820.35416666667,-12.071987019666,2.16520535222066,2.16520547943499
2022-02-23 09:00:00,1820.375,-12.1165398823748,2.15795374228824,2.15795387014862
2022-02-23 09:30:00,1820.39583333333,-12.1595881474954,2.15094171142683,2.15094183993307
2022-02-23 10:00:00,1820.41666666667,-12.2013840619666,2.1441290765386,2.14412920569047
2022-02-23 10:30:00,1820.4375,-12.3303209660482,2.12343471537303,2.12343484517033
2022-02-23 11:00:00,1820.45833333333,-12.480538041744,2.09935030332168,2.09935043376418
2022-02-23 11:30:00,1820.47916666667,-12.6317771507491,2.07510297631303,2.07510310740052
2022-02-23 16:00:00,1820.66666666667,-12.7783543502783,2.05035497272571,2.05035510960849
2022-02-23 17:00:00,1820.70833333333,-13.8580994309568,1.87803896371129,1.87803910187956
2022-02-23 17:30:00,1820.72916666667,-13.8733896174397,1.87544714691374,1.87544728572443
2022-02-23 18:00:00,1820.75,-14.9040612267161,1.71110423979941,1.7111043792523
2022-02-23 18:30:00,1820.77083333333,-15.0423710387755,1.68891510063272,1.68891524072759
2022-02-23 19:00:00,1820.79166666667,-15.8524341209647,1.55971508146946,1.55971522220612
2022-02-23 19:30:00,1820.8125,-16.7629163379182,1.41451811837587,1.41451825975408
2022-02-23 20:00:00,1820.83333333333,-17.2264092851852,1.34052676138576,1.34052690340531
2022-02-23 20:30:00,1820.85416666667,-18.2230185225926,1.18160949444324,1.18160963710392
2022-02-23 21:00:00,1820.875,-19.3646685216667,0.999587026577884,0.999587169879476
2022-02-23 21:30:00,1820.89583333333,-20.2244654595661,0.862463848851958,0.862463992794243
2022-02-23 22:00:00,1820.91666666667,-20.2619666574074,0.856332866238652,0.856333010821421
2022-02-23 22:30:00,1820.9375,-21.6444916734694,0.635938524331121,0.635938669554155
2022-02-23 23:00:00,1820.95833333333,-21.4692041074211,0.663704736124801,0.663704881987883
2022-02-23 23:30:00,1820.97916666667,-22.2859070671004,0.533446044440564,0.533446190943481
2022-02-24,1821,-22.715961097963,0.464780699600253,0.46478084674279
2022-02-24 00:30:00,1821.02083333333,-23.7256703387037,0.303775761797112,0.303775909579048
2022-02-24 01:00:00,1821.04166666667,-23.9421000011111,0.26914072392946,0.269140872350585
2022-02-24 01:30:00,1821.0625,-23.9852537235185,0.262108563368837,0.262108712428933
2022-02-24 02:00:00,1821.08333333333,-24.2901666490741,0.213377870950463,0.213378020649312
2022-02-24 02:30:00,1821.10416666667,-23.9563666631481,0.266394498043506,0.266394648380894
2022-02-24 03:00:00,1821.125,-24.0243092614815,0.255413140674434,0.255413291650146
2022-02-24 03:30:00,1821.14583333333,-24.1706037125926,0.231950173487505,0.231950325101321
2022-02-24 04:00:00,1821.16666666667,-24.2076423191011,0.225891636762404,0.225891789014112
2022-02-24 04:30:00,1821.1875,-24.3695777868519,0.199936837149977,0.199936990039359
2022-02-24 05:00:00,1821.20833333333,-24.7090815022222,0.145695185180985,0.145695338707823
2022-02-24 05:30:00,1821.22916666667,-24.5817574262963,0.165819430368309,0.165819584532389
2022-02-24 06:00:00,1821.25,-24.7040129844444,0.146185357917301,0.146185512718406
2022-02-24 06:30:00,1821.27083333333,-24.1666131080374,0.231634764031448,0.231634919469359
2022-02-24 07:00:00,1821.29166666667,-23.9756791152985,0.26189180375144,0.261891959825944
2022-02-24 07:30:00,1821.3125,-24.0483395619403,0.250157957393636,0.250158114104515
2022-02-24 08:00:00,1821.33333333333,-24.1412891860075,0.235191927076797,0.235192084423832
2022-02-24 08:30:00,1821.35416666667,-24.2567033255597,0.216647179913858,0.216647337896835
2022-02-24 09:00:00,1821.375,-24.2887425449627,0.211384013655973,0.211384172274676
2022-02-24 09:30:00,1821.39583333333,-24.8664589546642,0.119193977600837,0.119194136855044
2022-02-24 10:00:00,1821.41666666667,-25.1761249815298,0.0697044556688851,0.0697046155583844
2022-02-24 10:30:00,1821.4375,-25.9612648366071,-0.0555284902708102,-0.0555283297462373
2022-02-24 11:00:00,1821.45833333333,-27.1289719809346,-0.241704782149097,-0.241704620989671
2022-02-24 11:30:00,1821.47916666667,-27.3717220585821,-0.280534855672874,-0.280534693878807
2022-02-24 12:00:00,1821.5,-27.6169104445896,-0.319753456793613,-0.319753294365122
2022-02-24 12:30:00,1821.52083333333,-27.6846224482243,-0.33070004668786,-0.330699883625168
2022-02-24 13:00:00,1821.54166666667,-28.1957019851064,-0.41227550475614,-0.412275341059459
2022-02-24 15:30:00,1821.64583333333,-29.3445645137097,-0.596092288308257,-0.596092121444904
2022-02-24 16:00:00,1821.66666666667,-28.8912830413408,-0.52404496777799,-0.524044800281954
2022-02-24 16:30:00,1821.6875,-28.8559907144712,-0.518583719973791,-0.518583551845291
2022-02-24 17:00:00,1821.70833333333,-28.3814674201117,-0.443152768295855,-0.443152599535111
2022-02-24 17:30:00,1821.72916666667,-28.2620630866419,-0.424292623966689,-0.424292454573915
2022-02-24 18:00:00,1821.75,-28.2831131987013,-0.427807076266764,-0.427806906242178
2022-02-24 18:30:00,1821.77083333333,-28.345445255102,-0.437897874866329,-0.437897704210153
2022-02-24 19:00:00,1821.79166666667,-28.7411870105556,-0.501101179828398,-0.501101008540846
2022-02-24 19:30:00,1821.8125,-28.611769890167,-0.480646403607778,-0.48064623168907
2022-02-24 20:00:00,1821.83333333333,-28.9158685196296,-0.52925109913744,-0.529250926587797
2022-02-24 20:30:00,1821.85416666667,-28.8732207445269,-0.52261894761323,-0.522618774432866
2022-02-24 21:00:00,1821.875,-28.4713944151852,-0.458769498687183,-0.458769324876315
2022-02-24 21:30:00,1821.89583333333,-27.0762876055659,-0.236689862383605,-0.236689687942458
2022-02-24 22:00:00,1821.91666666667,-25.3342629548148,0.0406539310035927,0.0406541060748066
2022-02-24 22:30:00,1821.9375,-24.3644555453704,0.194982863115084,0.194983038816144
2022-02-24 23:00:00,1821.95833333333,-24.2233307382692,0.217301961607658,0.217302137938343
2022-02-24 23:30:00,1821.97916666667,-24.0016166657407,0.252458884814767,0.252459061774862
2022-02-25,1822,-23.0149317981176,0.409476099500728,0.409476277090013
2022-02-25 00:30:00,1822.02083333333,-23.2632611700405,0.369754560454175,0.369754738672431
2022-02-25 01:00:00,1822.04166666667,-22.6509925614815,0.46712679189661,0.46712697074362
2022-02-25 01:30:00,1822.0625,-22.4897204292593,0.492654859596182,0.492655039071726
2022-02-25 02:00:00,1822.08333333333,-22.2992537166667,0.522833542057608,0.522833722161463
2022-02-25 02:30:00,1822.10416666667,-22.7667018485185,0.448205816911872,0.448205997643825
2022-02-25 03:00:00,1822.125,-23.3456296424074,0.355819199226699,0.355819380586529
2022-02-25 03:30:00,1822.14583333333,-24.1113259538889,0.233680120530618,0.233680302518105
2022-02-25 04:00:00,1822.16666666667,-23.878864574397,0.270548172631908,0.270548355246835
2022-02-25 04:30:00,1822.1875,-24.3351463325926,0.197698848065781,0.197699031307928
2022-02-25 05:00:00,1822.20833333333,-24.9112796357407,0.105756984112758,0.105757167981902
2022-02-25 05:30:00,1822.22916666667,-25.1162407264815,0.0729430162327794,0.072943200728706
2022-02-25 06:00:00,1822.25,-24.7394729705773,0.132798766747288,0.132798951869776
2022-02-25 06:30:00,1822.27083333333,-23.7684981271375,0.287312028368205,0.287312214117034
2022-02-25 07:00:00,1822.29166666667,-24.0137885352505,0.248073263713892,0.248073450088845
2022-02-25 07:30:00,1822.3125,-24.7293731440299,0.133916194291699,0.133916381292555
2022-02-25 08:00:00,1822.33333333333,-24.7625937022263,0.128460103250402,0.128460290876938
2022-02-25 08:30:00,1822.35416666667,-23.5290167150558,0.324805663973427,0.324805852225428
2022-02-25 09:00:00,1822.375,-21.9832915975701,0.570876542459919,0.570876731337165
2022-02-25 09:30:00,1822.39583333333,-21.0543476633645,0.718693635250858,0.718693824753126
2022-02-25 10:00:00,1822.41666666667,-21.3709682416822,0.668091308682524,0.668091498809598
2022-02-25 10:30:00,1822.4375,-21.8363719637383,0.593787618596946,0.593787809348604
2022-02-25 11:00:00,1822.45833333333,-22.2576131183178,0.526518954693113,0.526519146069132
2022-02-25 11:30:00,1822.47916666667,-22.6253813091589,0.467768469769918,0.467768661770083
2022-02-25 12:00:00,1822.5,-22.7086112760748,0.454345024918372,0.454345217542461
2022-02-25 12:30:00,1822.52083333333,-22.739429908785,0.449270640746528,0.44927083399432
2022-02-25 13:00:00,1822.54166666667,-22.8936896936449,0.424531890532725,0.424532084404
2022-02-25 13:30:00,1822.5625,-22.9965177306542,0.407986152234552,0.407986346729092
2022-02-25 14:00:00,1822.58333333333,-23.043050471215,0.400408192640346,0.400408387757926
2022-02-25 14:30:00,1822.60416666667,-23.2965333735802,0.35986282215312,0.359863017893525
2022-02-25 17:00:00,1822.70833333333,-23.2477866305732,0.366799865473012,0.366800064324219
2022-02-25 17:30:00,1822.72916666667,-23.1219480721707,0.386680061828875,0.386680261301583
2022-02-25 18:00:00,1822.75,-22.8115009061225,0.435968439226516,0.435968639320502
2022-02-25 18:30:00,1822.77083333333,-22.7933228263451,0.438698040263631,0.438698240978672
2022-02-25 19:00:00,1822.79166666667,-22.7739740176252,0.441614037220658,0.441614238556536
2022-02-25 19:30:00,1822.8125,-22.8111038769944,0.435532839974869,0.435533041931365
2022-02-25 20:00:00,1822.83333333333,-22.9764248914657,0.409030598119766,0.409030800696652
2022-02-25 20:30:00,1822.85416666667,-23.1713111198148,0.377818494592989,0.37781869779005
2022-02-25 21:00:00,1822.875,-23.4107870483333,0.339503118013015,0.339503321830029
2022-02-25 21:30:00,1822.89583333333,-23.567199972037,0.314419635527359,0.314419839964102
2022-02-25 22:00:00,1822.91666666667,-23.6897037135185,0.29473780809243,0.294738013148682
2022-02-25 22:30:00,1822.9375,-23.8895000338889,0.262743115718536,0.262743321394079
2022-02-25 23:00:00,1822.95833333333,-23.9913444672222,0.246352127080915,0.246352333375522
2022-02-25 23:30:00,1822.97916666667,-24.1555951818731,0.220019671388122,0.220019878301576
2022-02-26,1823,-24.2364342674322,0.206974645993138,0.206974853525215
2022-02-26 00:30:00,1823.02083333333,-24.412335187963,0.178786100552729,0.178786308703207
2022-02-26 01:00:00,1823.04166666667,-24.676864827963,0.136478834985043,0.136479043753701
2022-02-26 01:30:00,1823.0625,-24.638203715,0.142469971269074,0.142470180655694
2022-02-26 02:00:00,1823.08333333333,-24.6022055353704,0.148036798632455,0.148037008636808
2022-02-26 02:30:00,1823.10416666667,-24.7991647888889,0.116493238704875,0.116493449326746
2022-02-26 03:00:00,1823.125,-24.7191888605556,0.129065549452924,0.129065760692088
2022-02-26 03:30:00,1823.14583333333,-24.6626389222222,0.13790598158033,0.137906193436565
2022-02-26 04:00:00,1823.16666666667,-24.6233333414815,0.143999273568526,0.143999486041611
2022-02-26 04:30:00,1823.1875,-24.5697944614815,0.152359838669966,0.15236005175968
2022-02-26 05:00:00,1823.20833333333,-24.9976463022222,0.0840344163411586,0.0840346300472747
2022-02-26 05:30:00,1823.22916666667,-25.5457606810761,-0.00344901583715851,-0.00344880151485705
2022-02-26 06:00:00,1823.25,-25.8624860836735,-0.0540721203097471,-0.0540719053714845
2022-02-26 06:30:00,1823.27083333333,-26.1815306181818,-0.105064765696793,-0.105064550142793
2022-02-26 07:00:00,1823.29166666667,-26.4425528506493,-0.146814518427485,-0.146814302257968
2022-02-26 07:30:00,1823.3125,-26.8563773533457,-0.212905883500532,-0.21290566671572
2022-02-26 08:00:00,1823.33333333333,-27.104510228757,-0.252602555420689,-0.252602338020808
2022-02-26 08:30:00,1823.35416666667,-27.2175232007421,-0.270774631623996,-0.270774413609263
2022-02-26 09:00:00,1823.375,-27.447435493271,-0.307568954563184,-0.307568735933825
2022-02-26 09:30:00,1823.39583333333,-27.6072691594393,-0.333199803657994,-0.333199584414233
2022-02-26 10:00:00,1823.41666666667,-27.6208729076635,-0.335536223718872,-0.335536003860929
2022-02-26 10:30:00,1823.4375,-27.6473520475655,-0.339923804245436,-0.339923583773532
2022-02-26 11:00:00,1823.45833333333,-27.6090411250467,-0.3339903828774,-0.333990161791763
2022-02-26 11:30:00,1823.47916666667,-27.7562584389513,-0.357611843479491,-0.357611621780339
2022-02-26 12:00:00,1823.5,-27.7514400550562,-0.357014010080826,-0.357013787768384
2022-02-26 12:30:00,1823.52083333333,-27.8842766321495,-0.378344811621131,-0.378344588695625
2022-02-26 13:00:00,1823.54166666667,-27.9825999850467,-0.394177733145283,-0.394177509606931
2022-02-26 13:30:00,1823.5625,-27.7846130543925,-0.362808315992741,-0.362808091841766
2022-02-26 14:00:00,1823.58333333333,-27.4039775596262,-0.302342953272482,-0.302342728509112
2022-02-26 14:30:00,1823.60416666667,-26.9536691811215,-0.230778751580081,-0.230778526204534
2022-02-26 15:00:00,1823.625,-26.6287308192523,-0.179186184303272,-0.179185958315774
2022-02-26 15:30:00,1823.64583333333,-26.0585476880374,-0.0885260511675626,-0.0885258245683391
2022-02-26 16:00:00,1823.66666666667,-25.6223904404762,-0.0192164382054234,-0.019216210994693
2022-02-26 18:30:00,1823.77083333333,-25.2089292862475,0.0457939616403841,0.0457941919052847
2022-02-26 19:00:00,1823.79166666667,-24.5214804922078,0.155133891206285,0.155134122081351
2022-02-26 19:30:00,1823.8125,-24.7477068387755,0.118924616972277,0.118924848457285
2022-02-26 20:00:00,1823.83333333333,-24.7636512055659,0.116213311431147,0.116213543525868
2022-02-26 20:30:00,1823.85416666667,-24.2862133411874,0.192098046958422,0.192098279662637
2022-02-26 21:00:00,1823.875,-24.4213469693878,0.170399605054981,0.170399838368465
2022-02-26 21:30:00,1823.89583333333,-24.4549573107607,0.164873794403134,0.164874028325659
2022-02-26 22:00:00,1823.91666666667,-24.0459555705556,0.229856303774848,0.229856538306195
2022-02-26 22:30:00,1823.9375,-23.8611388583333,0.259125877137746,0.25912611227769
2022-02-26 23:00:00,1823.95833333333,-23.7784184809259,0.272131330581557,0.272131566329871
2022-02-26 23:30:00,1823.97916666667,-23.3411611092593,0.341614679765577,0.341614916122041
2022-02-27,1824,-23.3784145477407,0.335508017022097,0.335508253986485
2022-02-27 00:30:00,1824.02083333333,-23.6120407022222,0.298118939531819,0.298119177103903
2022-02-27 01:00:00,1824.04166666667,-23.6888478764378,0.285711136927084,0.285711375106645
2022-02-27 01:30:00,1824.0625,-23.8448740894444,0.260683584118612,0.260683822905424
2022-02-27 02:00:00,1824.08333333333,-23.9903574324074,0.237335417350795,0.237335656744632
2022-02-27 02:30:00,1824.10416666667,-24.0776240912963,0.223261109289062,0.223261349289702
2022-02-27 03:00:00,1824.125,-24.2461110866667,0.19624824293769,0.196248483544908
2022-02-27 03:30:00,1824.14583333333,-24.2772925714815,0.191108141913062,0.191108383126629
2022-02-27 04:00:00,1824.16666666667,-24.3109815255556,0.185568498640705,0.185568740460402
2022-02-27 04:30:00,1824.1875,-24.5831929209647,0.142031959431991,0.142032201857591
2022-02-27 05:00:00,1824.20833333333,-24.9632708988868,0.0813120959877002,0.0813123390189762
2022-02-27 05:30:00,1824.22916666667,-25.0681799530612,0.0644267381992017,0.064426981835933
2022-02-27 06:00:00,1824.25,-25.1549109996289,0.0504370494986358,0.0504372937405956
2022-02-27 06:30:00,1824.27083333333,-25.1904155860853,0.0446076720090067,0.0446079168559667
2022-02-27 07:00:00,1824.29166666667,-25.1201706437848,0.0556241695506084,0.0556244150023486
2022-02-27 07:30:00,1824.3125,-25.1723877237477,0.0471322789854349,0.0471325250417285
2022-02-27 08:00:00,1824.33333333333,-25.676009277551,-0.0332687672668214,-0.0332685206062011
2022-02-27 08:30:00,1824.35416666667,-25.7733756951402,-0.0489531804081402,-0.0489529331434152
2022-02-27 09:00:00,1824.375,-25.6936854121723,-0.0364324350043542,-0.0364321871357514
2022-02-27 09:30:00,1824.39583333333,-25.5676179747191,-0.0165238761076434,-0.0165236276353914
2022-02-27 10:00:00,1824.41666666667,-25.6735234157009,-0.0335688628522987,-0.0335686137766177
2022-02-27 10:30:00,1824.4375,-25.690792493271,-0.0364941138784456,-0.036493864199563
2022-02-27 11:00:00,1824.45833333333,-25.6864000190654,-0.0359687645184154,-0.0359685142365582
2022-02-27 11:30:00,1824.47916666667,-25.6834112181308,-0.0356671215825327,-0.0356668706979248
2022-02-27 12:00:00,1824.5,-25.7050429788785,-0.0392876519633649,-0.0392874004762299
2022-02-27 12:30:00,1824.52083333333,-25.8220541751402,-0.0581022948051184,-0.0581020427156874
2022-02-27 13:00:00,1824.54166666667,-26.4034523704673,-0.150894218656527,-0.150893965965021
2022-02-27 13:30:00,1824.5625,-26.6233981099065,-0.186106608166034,-0.186106354872679
2022-02-27 14:00:00,1824.58333333333,-26.6595888106542,-0.1920467888554,-0.192046534960425
2022-02-27 14:30:00,1824.60416666667,-26.7653663424299,-0.209072301589773,-0.209072047093401
2022-02-27 15:00:00,1824.625,-27.2434448082243,-0.285405719276289,-0.285405464178745
2022-02-27 15:30:00,1824.64583333333,-27.220938282243,-0.281995690138459,-0.281995434439974
2022-02-27 16:00:00,1824.66666666667,-27.0369233601869,-0.252857358157317,-0.252857101858112
2022-02-27 16:30:00,1824.6875,-27.7895776005607,-0.372931193151312,-0.372930936251615
2022-02-27 17:00:00,1824.70833333333,-28.6743925302804,-0.514058420424051,-0.514058162924089
2022-02-27 17:30:00,1824.72916666667,-29.4934004466667,-0.644702643446103,-0.644702385346101
2022-02-27 20:00:00,1824.83333333333,-29.2390463706865,-0.605063739929096,-0.605063478832289
2022-02-27 20:30:00,1824.85416666667,-29.7566270729128,-0.68769099185736,-0.687690730161871
2022-02-27 21:00:00,1824.875,-29.7822597048237,-0.691950664474128,-0.691950402180183
2022-02-27 21:30:00,1824.89583333333,-29.7798719641929,-0.691746771540615,-0.691746508648444
2022-02-27 22:00:00,1824.91666666667,-29.604009303154,-0.663908299615516,-0.663908036125342
2022-02-27 22:30:00,1824.9375,-29.4348367181818,-0.637135661362694,-0.637135397274743
2022-02-27 23:00:00,1824.95833333333,-29.5572370548148,-0.656810897634602,-0.656810632949105
2022-02-27 23:30:00,1824.97916666667,-29.0246444651852,-0.572145392415686,-0.572145127132868
2022-02-28,1825,-28.9288629416667,-0.557064301884905,-0.55706403600499
2022-02-28 00:30:00,1825.02083333333,-28.1658684937037,-0.435695815374975,-0.435695548898195
2022-02-28 01:00:00,1825.04166666667,-28.2463981592593,-0.448701422602033,-0.448701155528611
2022-02-28 01:30:00,1825.0625,-29.7754370733333,-0.692455687878594,-0.692455420208758
2022-02-28 02:00:00,1825.08333333333,-28.845531472037,-0.544498434279974,-0.544498166013953
2022-02-28 02:30:00,1825.10416666667,-29.9039204022222,-0.713278019998698,-0.713277751136717
2022-02-28 03:00:00,1825.125,-30.9634314551852,-0.882236460247608,-0.882236190789894
2022-02-28 03:30:00,1825.14583333333,-31.1978278111111,-0.919753639168468,-0.919753369115253
2022-02-28 04:00:00,1825.16666666667,-31.8520718200378,-1.02415294876499,-1.0241526781165
2022-02-28 04:30:00,1825.1875,-33.3615342601113,-1.26478926509431,-1.26478899385076
2022-02-28 05:00:00,1825.20833333333,-33.573536119295,-1.2987392831853,-1.29873901134694
2022-02-28 05:30:00,1825.22916666667,-33.9903265790352,-1.36531237114536,-1.3653120987124
2022-02-28 06:00:00,1825.25,-34.1712912974026,-1.39431834941382,-1.39431807638649
2022-02-28 06:30:00,1825.27083333333,-34.0269072248609,-1.37149613220248,-1.37149585858101
2022-02-28 07:00:00,1825.29166666667,-34.2704953729128,-1.41047826636887,-1.41047799215348
2022-02-28 07:30:00,1825.3125,-34.4239647884972,-1.43510452141776,-1.43510424660869
2022-02-28 08:00:00,1825.33333333333,-35.0847009684112,-1.5405388338651,-1.54053855846258
2022-02-28 08:30:00,1825.35416666667,-35.7401850543925,-1.6451365833146,-1.64513630731885
2022-02-28 09:00:00,1825.375,-35.9509382811215,-1.67888848837093,-1.67888821178218
2022-02-28 09:30:00,1825.39583333333,-36.4544280497196,-1.75927363301314,-1.75927335583162
2022-02-28 10:00:00,1825.41666666667,-36.1904804543925,-1.71740555641199,-1.71740527863792
2022-02-28 10:30:00,1825.4375,-35.9693869704673,-1.68236426960834,-1.68236399124195
2022-02-28 11:00:00,1825.45833333333,-36.5622616919626,-1.77698879880406,-1.77698851984558
2022-02-28 11:30:00,1825.47916666667,-38.2726691828037,-2.04963719594049,-2.04963691639015
2022-02-28 12:00:00,1825.5,-37.4833737957009,-1.92408123746025,-1.92408095731828
2022-02-28 12:30:00,1825.52083333333,-37.5612598371963,-1.93666799938949,-1.93666771865611
2022-02-28 13:00:00,1825.54166666667,-37.4792561542056,-1.92378431306123,-1.92378403173667
2022-02-28 13:30:00,1825.5625,-37.7563215871028,-1.96810069257834,-1.96810041066284
2022-02-28 14:00:00,1825.58333333333,-38.6770355801869,-2.11495084675864,-2.11495056425242
2022-02-28 14:30:00,1825.60416666667,-39.2364224353271,-2.20424142869889,-2.20424114560217
2022-02-28 15:00:00,1825.625,-39.5620692117757,-2.25629714809014,-2.25629686440316
2022-02-28 15:30:00,1825.64583333333,-40.4503046635514,-2.39797374449086,-2.39797346021386
2022-02-28 16:00:00,1825.66666666667,-40.3376018474766,-2.38020025851425,-2.38019997364743
2022-02-28 16:30:00,1825.6875,-41.3985908969407,-2.54939682440352,-2.54939653894712
2022-02-28 17:00:00,1825.70833333333,-40.6793868798131,-2.43500746156468,-2.43500717551894
2022-02-28 17:30:00,1825.72916666667,-41.4880261431776,-2.56400472402858,-2.56400443739371
2022-02-28 18:00:00,1825.75,-41.9435868611215,-2.63675642077425,-2.63675613355049
2022-02-28 18:30:00,1825.77083333333,-42.6988221243446,-2.75724658559245,-2.75724629778004
2022-02-28 21:30:00,1825.89583333333,-41.2103803426716,-2.52122270696125,-2.52122241562168
2022-02-28 22:00:00,1825.91666666667,-40.9350798050093,-2.47754847362503,-2.4775481816984
2022-02-28 22:30:00,1825.9375,-41.5122764090909,-2.56967774284641,-2.56967745033294
2022-02-28 23:00:00,1825.95833333333,-41.9139536506494,-2.63384675083917,-2.63384645773911
2022-02-28 23:30:00,1825.97916666667,-40.9927639817844,-2.48728221329091,-2.48728191960448
2022-03-01,1826,-40.6060578785448,-2.42586138829835,-2.42586109402578
2022-03-01 00:30:00,1826.02083333333,-40.1468584649907,-2.35289242574787,-2.35289213088938
2022-03-01 01:00:00,1826.04166666667,-40.3065446347584,-2.37851247744032,-2.37851218199615
2022-03-01 01:30:00,1826.0625,-40.0022714394052,-2.33022356925109,-2.33022327322147
2022-03-01 02:00:00,1826.08333333333,-39.6874759387037,-2.28025854881034,-2.2802582521955
2022-03-01 02:30:00,1826.10416666667,-39.5746709328996,-2.26247085703818,-2.26247055983834
2022-03-01 03:00:00,1826.125,-39.2870945599258,-2.21684206004523,-2.21684176226064
2022-03-01 03:30:00,1826.14583333333,-37.1656235977528,-1.87907264290901,-1.87907234453988
2022-03-01 04:00:00,1826.16666666667,-39.0248308070632,-2.17542820154811,-2.17542790259467
2022-03-01 04:30:00,1826.1875,-39.22559372282,-2.20759249747241,-2.2075921979349
2022-03-01 05:00:00,1826.20833333333,-39.1317435572491,-2.19282481737669,-2.19282451725534
2022-03-01 05:30:00,1826.22916666667,-38.5879913109914,-2.10638751266822,-2.10638721196326
2022-03-01 06:00:00,1826.25,-39.3179906975836,-2.22285985163406,-2.22285955034571
2022-03-01 06:30:00,1826.27083333333,-38.7327625170686,-2.12981559758124,-2.12981529570974
2022-03-01 07:00:00,1826.29166666667,-39.0697055962963,-2.18367398247627,-2.18367368002184
2022-03-01 07:30:00,1826.3125,-39.0429796503704,-2.17959973003433,-2.17959942699721
2022-03-01 08:00:00,1826.33333333333,-38.8107383042672,-2.14278682570923,-2.14278652208965
2022-03-01 08:30:00,1826.35416666667,-38.7205222912313,-2.12859875664027,-2.12859845243846
2022-03-01 09:00:00,1826.375,-38.5657941278293,-2.10413395409871,-2.10413364931489
2022-03-01 09:30:00,1826.39583333333,-37.3977537216667,-1.91824788531839,-1.9182475799528
2022-03-01 10:00:00,1826.41666666667,-37.3186252289425,-1.90582636063356,-1.90582605468643
2022-03-01 10:30:00,1826.4375,-37.3211944361111,-1.90641943603514,-1.9064191295067
2022-03-01 11:00:00,1826.45833333333,-37.8404148168519,-1.98931551067983,-1.98931520357031
2022-03-01 11:30:00,1826.47916666667,-37.8328556481481,-1.9882953247191,-1.98829501702873
2022-03-01 12:00:00,1826.5,-37.5916703538889,-1.95005842804589,-1.9500581197749
2022-03-01 12:30:00,1826.52083333333,-37.0277625090909,-1.86041169646737,-1.860411387616
2022-03-01 13:00:00,1826.54166666667,-37.2024055325926,-1.88841674398,-1.88841643454847
2022-03-01 13:30:00,1826.5625,-35.8134296277778,-1.66733627680028,-1.66733596678882
2022-03-01 14:00:00,1826.58333333333,-32.5668278124074,-1.1503347725329,-1.15033446194175
2022-03-01 18:00:00,1826.75,-25.2855936769944,0.00809162541316932,0.00809194063357377
2022-03-01 18:30:00,1826.77083333333,-24.1685658790352,0.185849586436943,0.185849902234961
2022-03-01 19:00:00,1826.79166666667,-23.5007773204082,0.292043317893985,0.292043634269388
2022-03-01 19:30:00,1826.8125,-22.9154564042672,0.385099797285228,0.385100114237786
2022-03-01 20:00:00,1826.83333333333,-22.5259814183673,0.446957782373517,0.446958099902993
2022-03-01 20:30:00,1826.85416666667,-22.4215621313544,0.463406093286916,0.463406411393083
2022-03-01 21:00:00,1826.875,-22.1946629581481,0.499365439982549,0.499365758665175
2022-03-01 21:30:00,1826.89583333333,-21.4231889368519,0.62207585154857,0.622076170807421
2022-03-01 22:00:00,1826.91666666667,-20.9446592144444,0.698119929393594,0.69812024922844
2022-03-01 22:30:00,1826.9375,-20.2712480889724,0.805208656468927,0.805208976879537
2022-03-01 23:00:00,1826.95833333333,-19.4349350278293,0.938247680789704,0.938248001775843
2022-03-01 23:30:00,1826.97916666667,-19.1176716194805,0.988601627006224,0.988601948567664
2022-03-02,1827,-18.9800983410042,1.01033070965437,1.01033103179088
2022-03-02 00:30:00,1827.02083333333,-18.5282504178108,1.08212387034343,1.08212419305477
2022-03-02 01:00:00,1827.04166666667,-18.5135714423006,1.08427560783707,1.08427593112302
2022-03-02 01:30:00,1827.0625,-19.614292622037,0.908743206122065,0.908743529982384
2022-03-02 02:00:00,1827.08333333333,-22.8377277787037,0.395060853589256,0.395061178023711
2022-03-02 02:30:00,1827.10416666667,-24.9571370359259,0.0572505184370568,0.0572508434454214
2022-03-02 03:00:00,1827.125,-24.8371884677239,0.0761713878202179,0.0761717134022579
2022-03-02 03:30:00,1827.14583333333,-23.7304086078358,0.252295089867333,0.252295416022814
2022-03-02 04:00:00,1827.16666666667,-23.2435279630597,0.329668306680019,0.329668633408711
2022-03-02 04:30:00,1827.1875,-22.9545671789179,0.375512651002277,0.37551297830395
2022-03-02 05:00:00,1827.20833333333,-22.3182220354478,0.476695474779227,0.476695802653642
2022-03-02 05:30:00,1827.22916666667,-22.2282686347015,0.490837606274551,0.490837934721482
2022-03-02 06:00:00,1827.25,-22.7370653156716,0.409598324694916,0.409598653714127
2022-03-02 06:30:00,1827.27083333333,-23.0190690238806,0.364487228585821,0.364487558177078
2022-03-02 07:00:00,1827.29166666667,-23.7452536972015,0.248617690181885,0.248618020344959
2022-03-02 07:30:00,1827.3125,-23.6640783817164,0.261361077832925,0.261361408567585
2022-03-02 08:00:00,1827.33333333333,-24.0249855790865,0.203680308181385,0.203680639487392
2022-03-02 08:30:00,1827.35416666667,-24.8769869679104,0.0677677858262105,0.0677681177033377
2022-03-02 09:00:00,1827.375,-25.4229160470149,-0.0193872959065442,-0.0193869634585317
2022-03-02 09:30:00,1827.39583333333,-25.8116996337687,-0.0815090854245607,-0.0815087524058994
2022-03-02 10:00:00,1827.41666666667,-26.1199720501866,-0.130805484964537,-0.130805151375454
2022-03-02 10:30:00,1827.4375,-26.270871261194,-0.155032317388319,-0.155031983229048
2022-03-02 11:00:00,1827.45833333333,-26.618636211194,-0.210620099658704,-0.210619764929483
2022-03-02 11:30:00,1827.47916666667,-26.7888302208955,-0.237920801163434,-0.237920465864491
2022-03-02 12:00:00,1827.5,-26.923009298694,-0.25948439517333,-0.259484059304898
2022-03-02 12:30:00,1827.52083333333,-27.1045298781716,-0.288589621101387,-0.288589284663705
2022-03-02 13:00:00,1827.54166666667,-27.0506063658582,-0.280188531801593,-0.280188194794888
2022-03-02 13:30:00,1827.5625,-27.0590634565299,-0.281724813956681,-0.281724476381186
2022-03-02 14:00:00,1827.58333333333,-27.2236492516791,-0.30813260710374,-0.308132268959693
2022-03-02 14:30:00,1827.60416666667,-27.7877481330224,-0.398183217151494,-0.398182878439125
2022-03-02 15:00:00,1827.625,-28.1362718877095,-0.453892652218963,-0.453892312938506
2022-03-02 15:30:00,1827.64583333333,-28.7935512543762,-0.558787173639788,-0.55878683379148
2022-03-02 16:00:00,1827.66666666667,-29.2148957225326,-0.626097193826152,-0.626096853410221
2022-03-02 16:30:00,1827.6875,-29.4555579434783,-0.664624499589943,-0.664624158606622
2022-03-02 20:30:00,1827.85416666667,-28.2706492289474,-0.477388307923214,-0.477387962409207
2022-03-02 21:00:00,1827.875,-27.9770931096834,-0.430815119320367,-0.430814773241076
2022-03-02 21:30:00,1827.89583333333,-27.9879219167286,-0.432730763428068,-0.432730416783732
2022-03-02 22:00:00,1827.91666666667,-27.822808548513,-0.406618789694176,-0.406618442485022
2022-03-02 22:30:00,1827.9375,-27.7152583594796,-0.389676767922747,-0.389676420149011
2022-03-02 23:00:00,1827.95833333333,-27.5279962810761,-0.360036681570525,-0.360036333232444
2022-03-02 23:30:00,1827.97916666667,-27.5790372210037,-0.368358532667253,-0.368358183765056
2022-03-03,1828,-27.1170731014614,-0.294958407500689,-0.294958058034613
2022-03-03 00:30:00,1828.02083333333,-27.2857481553704,-0.322019649612956,-0.322019299583239
2022-03-03 01:00:00,1828.04166666667,-27.1363444077778,-0.298410807604064,-0.298410457010934
2022-03-03 01:30:00,1828.0625,-26.9382148007407,-0.267039997602047,-0.267039646445742
2022-03-03 02:00:00,1828.08333333333,-26.7797105679035,-0.241981634238842,-0.241981282519596
2022-03-03 02:30:00,1828.10416666667,-26.6226512413729,-0.217153541670316,-0.217153189388361
2022-03-03 03:00:00,1828.125,-26.6602541621521,-0.223335380369143,-0.223335027524716
2022-03-03 03:30:00,1828.14583333333,-26.541990725974,-0.204687693158991,-0.204687339752329
2022-03-03 04:00:00,1828.16666666667,-26.3346790306122,-0.171854650739695,-0.171854296771027
2022-03-03 04:30:00,1828.1875,-26.0678218909091,-0.129536072574061,-0.129535718043625
2022-03-03 05:00:00,1828.20833333333,-26.0780241122449,-0.131353344676521,-0.131352989584553
2022-03-03 05:30:00,1828.22916666667,-25.9487866313544,-0.110957868609005,-0.110957512955735
2022-03-03 06:00:00,1828.25,-25.5971595636364,-0.055135668452834,-0.0551353122384995
2022-03-03 06:30:00,1828.27083333333,-24.4087662025974,0.133983904202162,0.133984260977323
2022-03-03 07:00:00,1828.29166666667,-24.317133580334,0.148388611445404,0.148388968781161
2022-03-03 07:30:00,1828.3125,-24.9376635549533,0.0493452121437282,0.0493455700398452
2022-03-03 08:00:00,1828.33333333333,-26.0419887921495,-0.126767214129202,-0.126766855672963
2022-03-03 08:30:00,1828.35416666667,-27.2128878721495,-0.31348499702733,-0.313484638011201
2022-03-03 09:00:00,1828.375,-27.6620280056075,-0.385226159830789,-0.385225800255003
2022-03-03 09:30:00,1828.39583333333,-28.4712373906542,-0.514326707564857,-0.514326347429655
2022-03-03 10:00:00,1828.41666666667,-28.6675607642991,-0.545794171524667,-0.545793810830279
2022-03-03 10:30:00,1828.4375,-29.723493497757,-0.714198116583234,-0.714197755329896
2022-03-03 11:00:00,1828.45833333333,-30.7109251981308,-0.871689893888227,-0.871689532076178
2022-03-03 11:30:00,1828.47916666667,-31.0833981469159,-0.931218398351742,-0.931218035981214
2022-03-03 12:00:00,1828.5,-31.9572653930841,-1.07061946840976,-1.07061910548099
2022-03-03 12:30:00,1828.52083333333,-31.4491738029907,-0.989873603980608,-0.989873240493831
2022-03-03 13:00:00,1828.54166666667,-31.9412897257944,-1.06846160678589,-1.06846124274134
2022-03-03 13:30:00,1828.5625,-32.5287925613084,-1.16224490859504,-1.16224454399295
2022-03-03 14:00:00,1828.58333333333,-33.5479887642991,-1.32479736795627,-1.32479700279689
2022-03-03 14:30:00,1828.60416666667,-34.7105028306542,-1.51018056096304,-1.51018019524658
2022-03-03 15:00:00,1828.625,-34.8154374373832,-1.52709068586202,-1.52709031958874
2022-03-03 15:30:00,1828.64583333333,-35.429338302243,-1.62507959493991,-1.62507922811004
2022-03-03 16:00:00,1828.66666666667,-36.4641906242991,-1.79012646748656,-1.79012610010032
2022-03-03 16:30:00,1828.6875,-37.2654897164486,-1.91796823910441,-1.91796787116206
2022-03-03 17:00:00,1828.70833333333,-37.2452411190654,-1.9149369721621,-1.91493660366386
2022-03-03 17:30:00,1828.72916666667,-37.0906093985047,-1.89049847311138,-1.89049810405749
2022-03-03 18:00:00,1828.75,-36.8545626637383,-1.85309059953815,-1.85309022992884
2022-03-03 18:30:00,1828.77083333333,-37.0297809273408,-1.88119762949583,-1.88119725933134
2022-03-03 19:00:00,1828.79166666667,-36.9268579003738,-1.86499664847341,-1.86499627775398
2022-03-03 19:30:00,1828.8125,-37.0586964908434,-1.88619345621796,-1.88619308494382
2022-03-03 22:00:00,1828.91666666667,-36.7892566098684,-1.84424705029299,-1.84424667624886
2022-03-03 22:30:00,1828.9375,-36.2862452466543,-1.76431237829431,-1.76431200369689
2022-03-03 23:00:00,1828.95833333333,-36.3253933879406,-1.77074419796717,-1.7707438228167
2022-03-03 23:30:00,1828.97916666667,-36.0288789843575,-1.72370482951952,-1.72370445381624
2022-03-04,1829,-36.1663640322176,-1.74580197894876,-1.74580160269289
2022-03-04 00:30:00,1829.02083333333,-36.6073933458256,-1.81625404192368,-1.81625366511548
2022-03-04 01:00:00,1829.04166666667,-36.7911630501852,-1.84572456037499,-1.84572418301468
2022-03-04 01:30:00,1829.0625,-36.9015086299424,-1.86349865835271,-1.86349828044053
2022-03-04 02:00:00,1829.08333333333,-37.081665993692,-1.89239391842906,-1.89239353996525
2022-03-04 02:30:00,1829.10416666667,-37.5665268981447,-1.96982876527951,-1.96982838626429
2022-03-04 03:00:00,1829.125,-37.8473655474954,-2.01476281606537,-2.01476243649899
2022-03-04 03:30:00,1829.14583333333,-37.6771224042672,-1.98783930988967,-1.98783892977238
2022-03-04 04:00:00,1829.16666666667,-37.7016845365492,-1.99194851823274,-1.99194813756475
2022-03-04 04:30:00,1829.1875,-37.8400760703154,-2.01419092647061,-2.01419054525218
2022-03-04 05:00:00,1829.20833333333,-37.3244507814471,-1.93224808236368,-1.93224770059504
2022-03-04 05:30:00,1829.22916666667,-37.1311947842301,-1.90165899163003,-1.90165860931141
2022-03-04 06:00:00,1829.25,-36.8529702792208,-1.85753445170442,-1.85753406883606
2022-03-04 06:30:00,1829.27083333333,-36.254007511236,-1.762316172077,-1.76231578865915
2022-03-04 07:00:00,1829.29166666667,-35.8750692142056,-1.70214804267332,-1.7021476587062
2022-03-04 07:30:00,1829.3125,-35.7178505575701,-1.6773001051713,-1.67729972065515
2022-03-04 08:00:00,1829.33333333333,-35.7015252850467,-1.67489667916044,-1.6748962940955
2022-03-04 08:30:00,1829.35416666667,-35.6620429487851,-1.66880441104048,-1.66880402542699
2022-03-04 09:00:00,1829.375,-35.7137832093458,-1.67724406245047,-1.67724367628866
2022-03-04 09:30:00,1829.39583333333,-35.6724486093458,-1.67085691670279,-1.67085652999291
2022-03-04 10:00:00,1829.41666666667,-35.8137682252336,-1.69356681268982,-1.69356642543209
2022-03-04 10:30:00,1829.4375,-35.7037289633645,-1.67623515441746,-1.67623476661213
2022-03-04 11:00:00,1829.45833333333,-35.7610486328972,-1.68556398808029,-1.6855635997276
2022-03-04 11:30:00,1829.47916666667,-35.6753513730841,-1.67211021723751,-1.67210982833769
2022-03-04 12:00:00,1829.5,-35.7420000463551,-1.6829253569187,-1.68292496747199
2022-03-04 12:30:00,1829.52083333333,-35.9457757682243,-1.71558502792432,-1.71558463793096
2022-03-04 13:00:00,1829.54166666667,-36.4194224414953,-1.79123542880607,-1.79123503826629
2022-03-04 13:30:00,1829.5625,-36.5128580379439,-1.80631802788575,-1.80631763679979
2022-03-04 14:00:00,1829.58333333333,-36.7581028657944,-1.84558404042637,-1.84558364879448
2022-03-04 14:30:00,1829.60416666667,-36.8743738136449,-1.86430451610518,-1.86430412392759
2022-03-04 15:00:00,1829.625,-37.036869379021,-1.89038870075149,-1.89038830802843
2022-03-04 15:30:00,1829.64583333333,-36.8110485891589,-1.8546139068503,-1.85461351358202
2022-03-04 16:00:00,1829.66666666667,-36.7357475973832,-1.84281711865975,-1.84281672484648
2022-03-04 16:30:00,1829.6875,-36.1957247636704,-1.75698990323931,-1.75698950888129
2022-03-04 17:00:00,1829.70833333333,-35.302489735514,-1.61489582709541,-1.61489543219288
2022-03-04 17:30:00,1829.72916666667,-34.4858990704673,-1.48501134700163,-1.48501095155482
2022-03-04 18:00:00,1829.75,-33.562577497757,-1.33812465125598,-1.33812425526514
2022-03-04 18:30:00,1829.77083333333,-33.1914710603738,-1.27920631537235,-1.27920591883771
2022-03-04 19:00:00,1829.79166666667,-32.9844934931354,-1.24643391995049,-1.24643352287228
2022-03-04 19:30:00,1829.8125,-32.9657235808905,-1.24364323259817,-1.24364283497665
2022-03-04 20:00:00,1829.83333333333,-32.5928349218924,-1.18444126993853,-1.18444087177392
2022-03-04 20:30:00,1829.85416666667,-32.6286251454545,-1.19034223940022,-1.19034184069277
2022-03-04 21:00:00,1829.875,-32.351951004,-1.14646750628078,-1.14646710703072
2022-03-05,1830,-31.0261150435993,-0.936460796066111,-0.936460393565428
2022-03-05 00:30:00,1830.02083333333,-30.9214271942164,-0.919984259858567,-0.91998385681695
2022-03-05 01:00:00,1830.04166666667,-30.4724906847015,-0.848668759939602,-0.848668356357286
2022-03-05 01:30:00,1830.0625,-30.3401716149254,-0.827790738255917,-0.827790334133141
2022-03-05 02:00:00,1830.08333333333,-30.6351137841418,-0.874975831070384,-0.874975426407392
2022-03-05 02:30:00,1830.10416666667,-30.5097164184701,-0.855200629372219,-0.855200224169244
2022-03-05 03:00:00,1830.125,-30.4948190145522,-0.853028244295117,-0.8530278385524
2022-03-05 03:30:00,1830.14583333333,-30.2582369602612,-0.815541429718354,-0.815541023436135
2022-03-05 04:00:00,1830.16666666667,-30.3172780093284,-0.825147680460107,-0.825147273638623
2022-03-05 04:30:00,1830.1875,-30.0940447807836,-0.789787530733418,-0.789787123372908
2022-03-05 05:00:00,1830.20833333333,-30.2729235412313,-0.818484201853491,-0.818483793954198
2022-03-05 05:30:00,1830.22916666667,-30.0146884037313,-0.777548410283874,-0.777548001846033
2022-03-05 06:00:00,1830.25,-30.037973894403,-0.781459149554594,-0.781458740578445
2022-03-05 06:30:00,1830.27083333333,-30.1205056203358,-0.794807950009204,-0.794807540494988
2022-03-05 07:00:00,1830.29166666667,-29.9625391378731,-0.769845307546371,-0.769844897494325
2022-03-05 07:30:00,1830.3125,-29.9786436779851,-0.772612396890013,-0.772611986300376
2022-03-05 08:00:00,1830.33333333333,-30.1130877498134,-0.794231151694173,-0.794230740567189
2022-03-05 08:30:00,1830.35416666667,-30.1128189947761,-0.794390150376619,-0.794389738712521
2022-03-05 09:00:00,1830.375,-30.1318265134328,-0.797619966673059,-0.79761955447209
2022-03-05 09:30:00,1830.39583333333,-29.9800224126866,-0.773639463348169,-0.773639050610569
2022-03-05 10:00:00,1830.41666666667,-30.0676145020484,-0.787795037570736,-0.787794624296743
2022-03-05 10:30:00,1830.4375,-30.1267206387337,-0.797412872537341,-0.797412458727193
2022-03-05 11:00:00,1830.45833333333,-29.8878808189944,-0.759567797065598,-0.75956738271954
2022-03-05 11:30:00,1830.47916666667,-29.7501638635009,-0.737831759441912,-0.737831344560178
2022-03-05 12:00:00,1830.5,-29.748666681378,-0.737795722344533,-0.737795306927365
2022-03-05 12:30:00,1830.52083333333,-29.6819627150838,-0.727372291189226,-0.727371875236866
2022-03-05 13:00:00,1830.54166666667,-30.068081918622,-0.789084007813444,-0.789083591326128
2022-03-05 13:30:00,1830.5625,-30.1175876718284,-0.797173054457862,-0.797172637435829
2022-03-05 14:00:00,1830.58333333333,-29.572856583054,-0.710599840705999,-0.710599423149495
2022-03-05 14:30:00,1830.60416666667,-28.5465530581006,-0.5473118868875,-0.547311468796759
2022-03-05 15:00:00,1830.625,-27.3099311199255,-0.350520152674843,-0.350519734050106
2022-03-05 15:30:00,1830.64583333333,-26.7386108217877,-0.259711538255058,-0.259711119096568
2022-03-05 16:00:00,1830.66666666667,-26.6125251301676,-0.239829207899879,-0.239828788207873
2022-03-05 16:30:00,1830.6875,-26.7814562664804,-0.266943362107154,-0.266942941881871
2022-03-05 17:00:00,1830.70833333333,-26.731486039851,-0.259186465792197,-0.259186045033883
2022-03-05 17:30:00,1830.72916666667,-26.959720701676,-0.295747900014707,-0.295747478723596
2022-03-05 18:00:00,1830.75,-26.795985107635,-0.269868285342886,-0.269867863519221
2022-03-05 18:30:00,1830.77083333333,-26.8482085638734,-0.278391194653399,-0.278390772297421
2022-03-05 19:00:00,1830.79166666667,-26.9477430067039,-0.29445087085682,-0.294450447968767
2022-03-05 19:30:00,1830.8125,-27.1430912547486,-0.325773847594169,-0.325773424174281
2022-03-05 20:00:00,1830.83333333333,-27.1211768702048,-0.322486824569108,-0.322486400617631
2022-03-05 20:30:00,1830.85416666667,-27.4078379480447,-0.368356186054987,-0.368355761572155
2022-03-05 21:00:00,1830.875,-27.2588789724395,-0.344831054542782,-0.344830629528836
2022-03-05 21:30:00,1830.89583333333,-26.7968547057728,-0.271434491233209,-0.271434065688394
2022-03-05 22:00:00,1830.91666666667,-26.6573538080074,-0.249416223831689,-0.249415797756242
2022-03-06 01:00:00,1831.04166666667,-26.5856969912639,-0.239229140079856,-0.239228710825675
2022-03-06 01:30:00,1831.0625,-24.7153413990724,0.0585148684276185,0.058515298210748
2022-03-06 02:00:00,1831.08333333333,-24.3085427802974,0.123113112640983,0.123113542952814
2022-03-06 02:30:00,1831.10416666667,-23.7440837702048,0.212826677330486,0.212827108170784
2022-03-06 03:00:00,1831.125,-23.0778052053803,0.318760077349846,0.318760508718368
2022-03-06 03:30:00,1831.14583333333,-22.5501911261596,0.402604033247005,0.402604465143506
2022-03-06 04:00:00,1831.16666666667,-22.2625241107407,0.448224157963518,0.448224590387763
2022-03-06 04:30:00,1831.1875,-21.6840445300557,0.540170839723665,0.540171272675412
2022-03-06 05:00:00,1831.20833333333,-21.9382814798148,0.499465090719407,0.49946552419841
2022-03-06 05:30:00,1831.22916666667,-21.8252110731481,0.517271573707258,0.517272007713281
2022-03-06 06:00:00,1831.25,-21.321912793321,0.597241543408761,0.597241977941562
2022-03-06 06:30:00,1831.27083333333,-21.0915925872222,0.633725818575765,0.633726253635097
2022-03-06 07:00:00,1831.29166666667,-21.3601611172222,0.590736669280451,0.59073710486608
2022-03-06 07:30:00,1831.3125,-21.798255580597,0.520741825389941,0.520742261501625
2022-03-06 08:00:00,1831.33333333333,-21.718005545,0.533319538364097,0.533319975001589
2022-03-06 08:30:00,1831.35416666667,-21.7849924784644,0.522442204738905,0.52244264190197
2022-03-06 09:00:00,1831.375,-19.5694888890741,0.875167150316263,0.875167588004657
2022-03-06 09:30:00,1831.39583333333,-18.2635333435185,1.08300035037894,1.08300078859242
2022-03-06 10:00:00,1831.41666666667,-17.9812629477778,1.12775968240693,1.12776012114526
2022-03-06 10:30:00,1831.4375,-18.370481472037,1.06555025752006,1.06555069678299
2022-03-06 11:00:00,1831.45833333333,-18.4863370457407,1.04688765392703,1.04688809371432
2022-03-06 11:30:00,1831.47916666667,-18.260270377037,1.0826934158396,1.08269385615101
2022-03-06 12:00:00,1831.5,-17.4242018505556,1.21567281758584,1.21567325842113
2022-03-06 12:30:00,1831.52083333333,-16.5145222327778,1.36037842678032,1.36037886813925
2022-03-06 13:00:00,1831.54166666667,-15.4869685053704,1.5238613739009,1.52386181578323
2022-03-06 13:30:00,1831.5625,-15.1133814816667,1.58316686584328,1.58316730824876
2022-03-06 14:00:00,1831.58333333333,-15.2167574146296,1.56649172602602,1.56649216895441
2022-03-06 14:30:00,1831.60416666667,-15.0978296353704,1.58522963453419,1.58523007798525
2022-03-06 15:00:00,1831.625,-14.7937648142593,1.6334599142447,1.63346035821819
2022-03-06 15:30:00,1831.64583333333,-14.892642595,1.61750105769316,1.61750150218884
2022-03-06 16:00:00,1831.66666666667,-14.4876351912963,1.68181137929341,1.68181182431103
2022-03-06 16:30:00,1831.6875,-14.3251814703704,1.70748263410924,1.70748307964856
2022-03-06 17:00:00,1831.70833333333,-13.6762425918519,1.81065123041837,1.81065167647915
2022-03-06 17:30:00,1831.72916666667,-12.735477591791,1.96030784469885,1.96030829128085
2022-03-06 18:00:00,1831.75,-12.9337705324627,1.92851162332964,1.92851207043262
2022-03-06 18:30:00,1831.77083333333,-12.8228544921642,1.94597252191399,1.94597296953769
2022-03-06 19:00:00,1831.79166666667,-13.0808134375,1.90467128003127,1.90467172817547
2022-03-06 19:30:00,1831.8125,-12.9216473958955,1.92981825502464,1.92981870368908
2022-03-06 20:00:00,1831.83333333333,-13.2173302348881,1.88250738669879,1.88250783588324
2022-03-06 20:30:00,1831.85416666667,-13.1006940363806,1.90087914412212,1.90087959382634
2022-03-06 21:00:00,1831.875,-12.8747126947761,1.93666956943416,1.9366700196579
2022-03-06 21:30:00,1831.89583333333,-12.8071380608209,1.94722560149893,1.94722605224195
2022-03-06 22:00:00,1831.91666666667,-12.6169477651119,1.9773143046111,1.97731475587315
2022-03-06 22:30:00,1831.9375,-12.3404496166045,2.02115181888489,2.02115227066574
2022-03-06 23:00:00,1831.95833333333,-12.1046011649326,2.05851371596492,2.05851416826432
2022-03-06 23:30:00,1831.97916666667,-12.2320603616981,2.03800035361241,2.03800080643012
2022-03-07 02:30:00,1832.10416666667,-12.3683227962894,2.01503760490654,2.01503806082901
2022-03-07 03:00:00,1832.125,-12.310051948423,2.02411053225341,2.02411098869248
2022-03-07 03:30:00,1832.14583333333,-12.8069740159555,1.94474074023186,1.9447411971873
2022-03-07 04:00:00,1832.16666666667,-13.7963135393321,1.78692840443594,1.7869288619075
2022-03-07 04:30:00,1832.1875,-13.8700092530612,1.77497869070332,1.77497914869076
2022-03-07 05:00:00,1832.20833333333,-15.7075695682746,1.4820439943579,1.48204445286098
2022-03-07 05:30:00,1832.22916666667,-17.3064240601852,1.2271352151566,1.22713567417507
2022-03-07 06:00:00,1832.25,-18.3170983153989,1.06592387691883,1.06592433645245
2022-03-07 06:30:00,1832.27083333333,-18.8678348747681,0.977980851269991,0.977981311318523
2022-03-07 07:00:00,1832.29166666667,-19.007172914684,0.955573812751198,0.955574273314397
2022-03-07 07:30:00,1832.3125,-19.3746715929499,0.896820530514582,0.896820991592199
2022-03-07 08:00:00,1832.33333333333,-19.6118571627087,0.858826128631159,0.858826590222956
2022-03-07 08:30:00,1832.35416666667,-19.6910296414815,0.846003234131516,0.846003696237248
2022-03-07 09:00:00,1832.375,-19.717026022119,0.84165123916381,0.841651701783232
2022-03-07 09:30:00,1832.39583333333,-19.8634860673469,0.818109205467691,0.818109668600562
2022-03-07 10:00:00,1832.41666666667,-19.6506574125926,0.851802027583503,0.85180249122958
2022-03-07 10:30:00,1832.4375,-19.8329257391466,0.822555527415493,0.822555991574527
2022-03-07 11:00:00,1832.45833333333,-19.935353692037,0.80602756503376,0.806028029705514
2022-03-07 11:30:00,1832.47916666667,-20.07942672282,0.782865421217425,0.782865886401653
2022-03-07 12:00:00,1832.5,-19.9962426088889,0.795905412215719,0.795905877912175
2022-03-07 12:30:00,1832.52083333333,-19.9753884555762,0.799016105233699,0.799016571442143
2022-03-07 13:00:00,1832.54166666667,-19.98612453829,0.7970943603929,0.797094827113089
2022-03-07 13:30:00,1832.5625,-19.9470854555762,0.803101744316858,0.803102211548542
2022-03-07 14:00:00,1832.58333333333,-19.7180779306122,0.83937114621432,0.839371613957262
2022-03-07 14:30:00,1832.60416666667,-19.5707222177778,0.862633265486503,0.862633733740456
2022-03-07 15:00:00,1832.625,-15.9946363801484,1.43209445327482,1.43209492203954
2022-03-07 15:30:00,1832.64583333333,-15.8088555516667,1.46147753980293,1.46147800907817
2022-03-07 16:00:00,1832.66666666667,-17.5353116864564,1.18623982105164,1.18624029083717
2022-03-07 16:30:00,1832.6875,-17.7612055331481,1.15004265661969,1.15004312691525
2022-03-07 17:00:00,1832.70833333333,-17.7031577820037,1.15907750116338,1.15907797196874
2022-03-07 18:30:00,1832.77083333333,-14.1067402532468,1.73135222991796,1.73135270225123
2022-03-07 19:30:00,1832.8125,-13.4724564022263,1.83196887973203,1.83196935308268
2022-03-07 20:00:00,1832.83333333333,-13.5892755489796,1.81314676024326,1.81314723410224
2022-03-07 20:30:00,1832.85416666667,-13.6194090622727,1.80813363383409,1.80813410820115
2022-03-07 21:00:00,1832.875,-13.7963766539889,1.77972964355281,1.77973011842771
2022-03-07 21:30:00,1832.89583333333,-13.8345825935065,1.77343039340492,1.77343086878741
2022-03-07 22:00:00,1832.91666666667,-13.8642525323232,1.76849084407324,1.76849131996308
2022-03-07 22:30:00,1832.9375,-13.7832795534091,1.78117670043489,1.78117717683183
2022-03-07 23:30:00,1832.97916666667,-13.8087555688889,1.77669168848138,1.77669216589181
2022-03-08,1833,-13.6509851975926,1.80161115398981,1.8016116319066
2022-03-08 00:30:00,1833.02083333333,-13.7240673423077,1.7897555586689,1.78975603709183
2022-03-08 01:00:00,1833.04166666667,-13.6455779791284,1.80204532283912,1.80204580176793
2022-03-08 04:00:00,1833.16666666667,-20.2664140440529,0.746057632400667,0.746058114359634
2022-03-08 04:30:00,1833.1875,-20.7996352517647,0.660900836040345,0.660901318503477
2022-03-08 05:00:00,1833.20833333333,-20.871868293321,0.649179694164478,0.649180177131536
2022-03-08 05:30:00,1833.22916666667,-22.0229944205937,0.465590022959231,0.465590506429971
2022-03-08 06:00:00,1833.25,-21.9497489160793,0.477043537891773,0.477044021865946
2022-03-08 06:30:00,1833.27083333333,-21.9583999458824,0.475450786653792,0.475451271131154
2022-03-08 07:00:00,1833.29166666667,-22.9776363725417,0.312870969817861,0.312871454798169
2022-03-08 07:30:00,1833.3125,-23.3619239391466,0.251438870456458,0.251439355939462
2022-03-08 08:00:00,1833.33333333333,-23.8203810993392,0.178191412187111,0.17819189817257
2022-03-08 08:30:00,1833.35416666667,-23.9668139732558,0.154649556078512,0.154650042566183
2022-03-08 09:00:00,1833.375,-24.3423926114815,0.0946045263733136,0.0946050133629462
2022-03-08 09:30:00,1833.39583333333,-24.597409277963,0.0537650153577743,0.0537655028491261
2022-03-08 10:00:00,1833.41666666667,-24.6056035118943,0.0522444046931092,0.0522448926859369
2022-03-08 10:30:00,1833.4375,-24.732255805814,0.0318532509116565,0.0318537394057081
2022-03-08 11:00:00,1833.45833333333,-24.376525917037,0.0883058340685307,0.0883063230635655
2022-03-08 11:30:00,1833.47916666667,-25.1027425674074,-0.0275965290870022,-0.0275960395912277
2022-03-08 12:00:00,1833.5,-25.4030638973568,-0.0756535527756538,-0.0756530627793891
2022-03-08 12:30:00,1833.52083333333,-25.4297324976744,-0.0801175904769847,-0.0801170999804733
2022-03-08 13:00:00,1833.54166666667,-25.6523135356215,-0.115790708865154,-0.115790217868639
2022-03-08 13:30:00,1833.5625,-25.60838518,-0.109008779750239,-0.109008288253972
2022-03-08 14:00:00,1833.58333333333,-25.2814757914097,-0.05714785917733,-0.0571473671815537
2022-03-08 14:30:00,1833.60416666667,-25.1958604581395,-0.043725343336631,-0.0437248508415881
2022-03-08 15:00:00,1833.625,-25.1055361532468,-0.0295527742116253,-0.0295522812175676
2022-03-08 15:30:00,1833.64583333333,-25.1944203098148,-0.0439283302944712,-0.0439278368016381
2022-03-08 16:00:00,1833.66666666667,-26.1392180524229,-0.194651621484794,-0.194651127493431
2022-03-08 16:30:00,1833.6875,-25.5359301872093,-0.0987638582452083,-0.098763363755568
2022-03-08 17:00:00,1833.70833333333,-25.99467902282,-0.17205938954084,-0.172058894553164
2022-03-08 17:30:00,1833.72916666667,-26.4512857363636,-0.245013768382099,-0.245013272896631
2022-03-08 18:00:00,1833.75,-27.132176980531,-0.353696922322076,-0.353696426339068
2022-03-08 18:30:00,1833.77083333333,-26.7188255639535,-0.288066527512265,-0.288066031031956
2022-03-08 19:00:00,1833.79166666667,-26.8884814703704,-0.315309704918057,-0.315309207940694
2022-03-08 19:30:00,1833.8125,-26.7360890779221,-0.291250447185463,-0.291249949711297
2022-03-08 20:00:00,1833.83333333333,-27.1185474205298,-0.352393382740963,-0.352392884770237
2022-03-08 20:30:00,1833.85416666667,-26.8216322367816,-0.305311719014266,-0.305311220547224
2022-03-08 21:00:00,1833.875,-26.0402374853432,-0.18105220286653,-0.181051703903424
2022-03-08 21:30:00,1833.89583333333,-25.6298907464815,-0.115900989177012,-0.115900489718081
2022-03-08 22:30:00,1833.9375,-24.5217564855603,0.0601906937877185,0.0601911942375528
2022-03-08 23:00:00,1833.95833333333,-23.1409460054054,0.279937208439904,0.279937709384822
2022-03-08 23:30:00,1833.97916666667,-23.5071152412639,0.221388517130122,0.221389018569879
2022-03-09,1834,-22.3364665107807,0.407655937327732,0.407656439262076
2022-03-09 00:30:00,1834.02083333333,-21.4254008443966,0.552571501181102,0.552572003609794
2022-03-09 01:00:00,1834.04166666667,-20.9787297121622,0.623508595178262,0.623509098101053
2022-03-09 01:30:00,1834.0625,-21.8179851490706,0.489596579095923,0.489597082512562
2022-03-09 02:00:00,1834.08333333333,-21.9144897868275,0.474005207449064,0.474005711359309
2022-03-09 05:30:00,1834.22916666667,-23.8554368561338,0.163281675261976,0.163282182620556
2022-03-09 06:00:00,1834.25,-24.7918163244898,0.0138969347373936,0.0138974425876018
2022-03-09 06:30:00,1834.27083333333,-23.0785734569388,0.28659883737928,0.286599345720877
2022-03-09 07:00:00,1834.29166666667,-23.5907235851577,0.204793957133606,0.204794465966341
2022-03-09 07:30:00,1834.3125,-23.076366166171,0.286512374372645,0.28651288369627
2022-03-09 08:00:00,1834.33333333333,-23.3323672530612,0.245512042805799,0.245512552620071
2022-03-09 08:30:00,1834.35416666667,-22.7532699543967,0.337543392545421,0.337543902850093
2022-03-09 09:00:00,1834.375,-23.1699795477695,0.270941904511854,0.270942415306673
2022-03-09 09:30:00,1834.39583333333,-23.0359889031481,0.292067269700199,0.292067780984925
2022-03-09 10:00:00,1834.41666666667,-24.1037552102041,0.121751805496393,0.121752317270777
2022-03-09 10:30:00,1834.4375,-23.4094928922607,0.232128672250896,0.232129184514688
2022-03-09 11:00:00,1834.45833333333,-23.2048962746296,0.264501354881191,0.264501867634147
2022-03-09 11:30:00,1834.47916666667,-23.6622281606679,0.191428265739496,0.19142877898137
2022-03-09 12:00:00,1834.5,-23.889449022449,0.155011939115187,0.155012452845726
2022-03-09 12:30:00,1834.52083333333,-23.8419817144603,0.162353546171929,0.162354060390892
2022-03-09 13:00:00,1834.54166666667,-24.6841672589219,0.0279727300458003,0.0279732447529386
2022-03-09 13:30:00,1834.5625,-24.6392370111111,0.0349100055701393,0.0349105207652033
2022-03-09 14:00:00,1834.58333333333,-25.5631429306122,-0.112489100674766,-0.112488584992022
2022-03-09 14:30:00,1834.60416666667,-25.6459592376782,-0.125902118551805,-0.125901602381625
2022-03-09 15:00:00,1834.625,-26.5452750760223,-0.269384183159762,-0.269383666502402
2022-03-09 15:30:00,1834.64583333333,-26.137994454731,-0.204724585927409,-0.204724068783108
2022-03-09 16:00:00,1834.66666666667,-26.4357345714286,-0.252375383934466,-0.252374866303473
2022-03-09 16:30:00,1834.6875,-25.6318105922607,-0.124530392040368,-0.124529873922935
2022-03-09 17:00:00,1834.70833333333,-25.5440129774074,-0.110764929538998,-0.110764410935368
2022-03-09 17:30:00,1834.72916666667,-24.130512022449,0.114185934628585,0.114186453718165
2022-03-09 18:00:00,1834.75,-23.8210817020408,0.163257469981806,0.163257989557083
2022-03-09 18:30:00,1834.77083333333,-23.869641499389,0.1553008360325,0.155301356093232
2022-03-09 19:00:00,1834.79166666667,-24.1144147711111,0.116087167707367,0.116087688253305
2022-03-09 19:30:00,1834.8125,-23.9132296203704,0.147914907104852,0.147915428135746
2022-03-09 20:00:00,1834.83333333333,-24.0190408714286,0.130837812677586,0.13083833419319
2022-03-09 20:30:00,1834.85416666667,-24.2730285238289,0.090156024021388,0.0901565460214568
2022-03-09 21:00:00,1834.875,-24.2685592746296,0.0906465169084841,0.0906470393927635
2022-03-09 22:00:00,1834.91666666667,-24.2988534632653,0.0853774449813022,0.0853779684332701
2022-03-09 22:30:00,1834.9375,-24.2009999666667,0.100743852648835,0.100744376584272
2022-03-09 23:00:00,1834.95833333333,-24.3662309152577,0.0742006327298275,0.074201157148488
2022-03-09 23:30:00,1834.97916666667,-24.6871855304267,0.0228504340068322,0.0228509589084704
2022-03-10,1835,-24.670972203525,0.0252112419925147,0.0252117673768761
2022-03-10 00:30:00,1835.02083333333,-24.8427963574074,-0.00238254246374892,-0.00238201659690784
2022-03-10 01:00:00,1835.04166666667,-25.1868556816495,-0.0574135999904013,-0.0574130736413265
2022-03-10 01:30:00,1835.0625,-25.6031984923933,-0.123959555893605,-0.123959029062549
2022-03-10 02:00:00,1835.08333333333,-25.7056166759259,-0.140497181641393,-0.140496654328601
2022-03-10 02:30:00,1835.10416666667,-25.6581111148148,-0.133151934995357,-0.133151407201076
2022-03-10 03:00:00,1835.125,-25.9310205479424,-0.176849113140721,-0.176848584865206
2022-03-10 03:30:00,1835.14583333333,-26.053598172037,-0.196598413886382,-0.196597885129876
2022-03-10 07:00:00,1835.29166666667,-26.7700240722222,-0.312286194608267,-0.312285662491776
2022-03-10 07:30:00,1835.3125,-26.6074658094017,-0.286613841444476,-0.286613308848983
2022-03-10 08:00:00,1835.33333333333,-26.8129245836066,-0.319566952219396,-0.319566419145148
2022-03-10 08:30:00,1835.35416666667,-26.7180871857143,-0.304682755106366,-0.304682221553608
2022-03-10 09:00:00,1835.375,-27.0558735842007,-0.358715924808497,-0.358715390777485
2022-03-10 09:30:00,1835.39583333333,-27.1324871508547,-0.371144162627555,-0.371143628118533
2022-03-10 10:00:00,1835.41666666667,-27.3969114337705,-0.413490868595487,-0.413490333608702
2022-03-10 10:30:00,1835.4375,-27.5009645433645,-0.430290418857807,-0.430289883393511
2022-03-10 11:00:00,1835.45833333333,-27.6561502857143,-0.455235520837264,-0.455234984895705
2022-03-10 11:30:00,1835.47916666667,-27.352768272103,-0.40713053834443,-0.407130001925853
2022-03-10 12:00:00,1835.5,-27.5914131731148,-0.445370917411835,-0.445370380516496
2022-03-10 12:30:00,1835.52083333333,-26.7236759435185,-0.307363919132104,-0.307363381760247
2022-03-10 13:00:00,1835.54166666667,-25.393534319666,-0.0956956570718122,-0.0956951192236842
2022-03-10 13:30:00,1835.5625,-24.7464764403433,0.00715678970934042,0.0071573280334839
2022-03-10 14:00:00,1835.58333333333,-24.7243137088235,0.010462906280937,0.010463445080854
2022-03-10 14:30:00,1835.60416666667,-24.6301704075926,0.0252354924676433,0.0252360317430846
2022-03-10 15:00:00,1835.625,-24.5164926111111,0.0431198511581485,0.0431203909088586
2022-03-10 15:30:00,1835.64583333333,-24.2240940337607,0.08947447143666,0.0894750116623944
2022-03-10 16:00:00,1835.66666666667,-24.2773823823529,0.0807608308886668,0.0807613715891787
2022-03-10 16:30:00,1835.6875,-23.9651518657407,0.130274520309183,0.130275061484217
2022-03-10 17:00:00,1835.70833333333,-23.8772875675325,0.144046424369023,0.144046966018336
2022-03-10 17:30:00,1835.72916666667,-23.6034935291846,0.187436982495526,0.187437524618869
2022-03-10 18:00:00,1835.75,-23.5089771006536,0.202268402887868,0.202268945484985
2022-03-10 18:30:00,1835.77083333333,-24.1352185512963,0.102282491717848,0.102283034788496
2022-03-10 19:00:00,1835.79166666667,-24.5450537114815,0.036770170945587,0.0367707144895171
2022-03-10 19:30:00,1835.8125,-24.4780901296137,0.0472121442188524,0.0472126882358093
2022-03-10 20:00:00,1835.83333333333,-24.5928399026144,0.0287069639460397,0.0287075084357807
2022-03-10 20:30:00,1835.85416666667,-24.6364437986891,0.0215352864771877,0.0215358314394637
2022-03-10 21:30:00,1835.89583333333,-24.5062044830855,0.0418311526145443,0.041831698521133
2022-03-10 22:00:00,1835.91666666667,-24.2185422329317,0.0874301504441432,0.0874306968225186
2022-03-10 22:30:00,1835.9375,-24.4077266304498,0.0570670504228314,0.0570675972727376
2022-03-10 23:00:00,1835.95833333333,-23.8324458570896,0.14848371233125,0.148484259652444
2022-03-10 23:30:00,1835.97916666667,-24.0610408990706,0.111842296337798,0.11184284413003
2022-03-11,1836,-24.0450522196787,0.114163155912169,0.114163704175183
2022-03-11 00:30:00,1836.02083333333,-24.2868965689655,0.0754109437668862,0.0754114925004379
2022-03-11 01:00:00,1836.04166666667,-23.950833003154,0.128719789505342,0.128720338709184
2022-03-11 01:30:00,1836.0625,-24.2070389682746,0.0876795897807882,0.0876801394546628
2022-03-11 02:00:00,1836.08333333333,-24.3905261088353,0.0582234648609236,0.0582240150045887
2022-03-11 02:30:00,1836.10416666667,-24.615079352069,0.0222253945544297,0.0222259451676334
2022-03-11 03:00:00,1836.125,-24.7294368288104,0.00378150274205402,0.00378205382454433
2022-03-11 03:30:00,1836.14583333333,-24.7583209510204,-0.00104650843951559,-0.00104595688798648
2022-03-11 04:00:00,1836.16666666667,-24.6714778839357,0.0125608185363013,0.012561370556622
2022-03-11 04:30:00,1836.1875,-24.8362241462069,-0.0139103002112824,-0.0139097477224268
2022-03-11 05:00:00,1836.20833333333,-24.5963933083488,0.0240679164683583,0.0240684694255058
2022-03-11 08:30:00,1836.35416666667,-24.8284731137291,-0.0144940108672262,-0.0144934546390518
2022-03-11 09:00:00,1836.375,-24.935485857783,-0.0317689095097173,-0.0317683528152555
2022-03-11 09:30:00,1836.39583333333,-25.0773771666667,-0.0546000739311635,-0.054599516770662
2022-03-11 10:00:00,1836.41666666667,-24.939556535807,-0.0328730119136544,-0.0328724542873612
2022-03-11 10:30:00,1836.4375,-24.9185743680297,-0.0297584859778475,-0.0297579278860195
2022-03-11 11:00:00,1836.45833333333,-24.9788160021226,-0.0395830551128011,-0.0395824965556818
2022-03-11 11:30:00,1836.47916666667,-24.9156227578947,-0.0297444452832909,-0.0297438862611327
2022-03-11 12:00:00,1836.5,-25.0512578782931,-0.0515794213547458,-0.0515788618678014
2022-03-11 12:30:00,1836.52083333333,-24.7995888785185,-0.0117166596119579,-0.011716099660475
2022-03-11 13:00:00,1836.54166666667,-24.4202758936321,0.0484797949027177,0.0484803553184906
2022-03-11 13:30:00,1836.5625,-24.4481120965517,0.0438170076030497,0.0438175684828556
2022-03-11 14:00:00,1836.58333333333,-24.1876426098148,0.0850814374786535,0.0850819988222488
2022-03-11 14:30:00,1836.60416666667,-23.8255166687037,0.142539727996473,0.142540289803605
2022-03-11 15:00:00,1836.625,-23.6020448014151,0.1779102403153,0.177910802585716
2022-03-11 15:30:00,1836.64583333333,-23.618426066087,0.175071892184923,0.175072454918375
2022-03-11 16:00:00,1836.66666666667,-23.0490796074074,0.265540303856062,0.265540867052302
2022-03-11 16:30:00,1836.6875,-23.1543240866667,0.24854581197536,0.248546375634129
2022-03-11 18:00:00,1836.75,-22.8230185764378,0.300635593022741,0.300636158067611
2022-03-11 18:30:00,1836.77083333333,-22.6375974359926,0.329944002098785,0.329944567605187
2022-03-11 19:00:00,1836.79166666667,-22.4812827494949,0.354615647340712,0.354616213308398
2022-03-11 19:30:00,1836.8125,-22.3839136479545,0.369897133884737,0.369897700313449
2022-03-11 20:00:00,1836.83333333333,-22.4130482476809,0.365026405554255,0.36502697244375
2022-03-11 21:00:00,1836.875,-22.3239254136194,0.378764350693135,0.378764918503435
2022-03-11 21:30:00,1836.89583333333,-21.9316767161616,0.441020028321549,0.441020596591877
2022-03-11 22:00:00,1836.91666666667,-21.6789382029748,0.481051549156005,0.481052117886112
2022-03-11 22:30:00,1836.9375,-21.5517406951493,0.501084213408916,0.501084782598544
2022-03-11 23:00:00,1836.95833333333,-21.7559476633645,0.468323823117909,0.468324392766812
2022-03-11 23:30:00,1836.97916666667,-22.3971920262626,0.365942978886148,0.365943548994077
2022-03-12,1837,-22.1629388462766,0.403029434251251,0.403030004817951
2022-03-12 00:30:00,1837.02083333333,-22.2337537145522,0.391518246926472,0.391518817951693
2022-03-12 01:00:00,1837.04166666667,-22.0023675425373,0.428147816709602,0.428148388193096
2022-03-12 01:30:00,1837.0625,-22.2626262242424,0.386457925422344,0.386458497363853
2022-03-12 02:00:00,1837.08333333333,-22.0888374645309,0.413912017220548,0.413912589619826
2022-03-12 02:30:00,1837.10416666667,-21.9365391796642,0.437942576540289,0.437943149397087
2022-03-12 03:00:00,1837.125,-22.1634720083955,0.401561264011971,0.401561837326033
2022-03-12 03:30:00,1837.14583333333,-21.253333279798,0.546316178712294,0.546316752483371
2022-03-12 04:00:00,1837.16666666667,-20.9598123613272,0.59284335122715,0.592843925454994
2022-03-12 04:30:00,1837.1875,-19.7478227860075,0.785683152767105,0.785683727451456
2022-03-12 05:00:00,1837.20833333333,-18.5919477514925,0.969583783526353,0.969584358666966
2022-03-12 05:30:00,1837.22916666667,-18.8229797636364,0.932549046351207,0.932549621947832
2022-03-12 06:00:00,1837.25,-18.892773471167,0.921199602052752,0.921200178105133
2022-03-12 06:30:00,1837.27083333333,-18.1562275798507,1.03830054782931,1.03830112433719
2022-03-12 10:00:00,1837.41666666667,-16.6907607033395,1.27012872484388,1.27012930453328
2022-03-12 10:30:00,1837.4375,-16.311894242115,1.33025040894099,1.33025098908388
2022-03-12 11:00:00,1837.45833333333,-15.8975713642857,1.39602024156655,1.39602082216269
2022-03-12 11:30:00,1837.47916666667,-15.9912152552381,1.38087052098133,1.38087110203045
2022-03-12 12:00:00,1837.5,-15.8179721625232,1.40823600370029,1.40823658520216
2022-03-12 12:30:00,1837.52083333333,-15.6703692012987,1.43151691126508,1.43151749321943
2022-03-12 13:00:00,1837.54166666667,-15.5779284785714,1.44601035096238,1.44601093336897
2022-03-12 13:30:00,1837.5625,-15.6299142779048,1.43749645866104,1.43749704151961
2022-03-12 14:00:00,1837.58333333333,-15.593848137037,1.44300921956111,1.44300980287142
2022-03-12 14:30:00,1837.60416666667,-15.5735259237037,1.44601387778825,1.44601446155004
2022-03-12 15:00:00,1837.625,-15.8985001,1.39401249065839,1.39401307487141
2022-03-12 15:30:00,1837.64583333333,-16.1535627140684,1.35314798164491,1.35314856630891
2022-03-12 16:00:00,1837.66666666667,-18.1174740283333,1.04006256984945,1.04006315496417
2022-03-12 16:30:00,1837.6875,-20.6311499961111,0.639399172234352,0.639399757799544
2022-03-12 17:00:00,1837.70833333333,-22.0615716571429,0.411298876174119,0.411299462189533
2022-03-12 17:30:00,1837.72916666667,-22.3993099013308,0.357263745675338,0.357264332140724
2022-03-12 18:00:00,1837.75,-23.6149389151852,0.163379904660323,0.163380491575421
2022-03-12 18:30:00,1837.77083333333,-24.5680518638889,0.0113149768940476,0.0113155642586145
2022-03-12 19:00:00,1837.79166666667,-25.2264287142857,-0.0937983632870024,-0.0937977754732199
2022-03-12 19:30:00,1837.8125,-25.4554847948669,-0.130520681505627,-0.130520093242887
2022-03-12 20:30:00,1837.85416666667,-26.4001869072897,-0.281479695183593,-0.281479106023685
2022-03-12 21:00:00,1837.875,-27.0618560678505,-0.387117836415431,-0.387117246807323
2022-03-12 21:30:00,1837.89583333333,-26.91489984,-0.363941458767079,-0.363940868711015
2022-03-12 22:00:00,1837.91666666667,-26.7956634307393,-0.345180951346451,-0.345180360842684
2022-03-12 22:30:00,1837.9375,-26.5281498187266,-0.302799862854093,-0.302799271902883
2022-03-12 23:00:00,1837.95833333333,-26.798140228785,-0.346043632442083,-0.346043041043678
2022-03-12 23:30:00,1837.97916666667,-26.915400035,-0.364957390922123,-0.364956799076772
2022-03-13,1838,-27.114925173348,-0.396976158796139,-0.3969755665041
2022-03-13 00:30:00,1838.02083333333,-27.4263140250467,-0.446814979313504,-0.446814386575025
2022-03-13 01:00:00,1838.04166666667,-27.6866205697196,-0.488516434955017,-0.488515841770351
2022-03-13 01:30:00,1838.0625,-27.676599965,-0.487154665626465,-0.487154071995868
2022-03-13 02:00:00,1838.08333333333,-27.8435980456311,-0.513992182451274,-0.513991588374996
2022-03-13 02:30:00,1838.10416666667,-28.1208747641121,-0.558397248139278,-0.558396653617569
2022-03-13 03:00:00,1838.125,-28.4552282126556,-0.611894760731042,-0.611894165764161
2022-03-13 03:30:00,1838.14583333333,-28.077399825,-0.551941280869423,-0.551940685457615
2022-03-13 04:00:00,1838.16666666667,-28.5132019497087,-0.621599806014782,-0.621599210158303
2022-03-13 04:30:00,1838.1875,-28.6809252629907,-0.648553267854227,-0.648552671553332
2022-03-13 05:00:00,1838.20833333333,-29.1578990728972,-0.724770637696872,-0.724770040951811
2022-03-13 05:30:00,1838.22916666667,-29.770100115,-0.822529885130047,-0.82252928794107
2022-03-13 06:00:00,1838.25,-29.7632402597656,-0.821672372065259,-0.821671774432626
2022-03-13 06:30:00,1838.27083333333,-30.064661671028,-0.869924367861284,-0.869923769785241
2022-03-13 07:00:00,1838.29166666667,-30.1964157662921,-0.891148321748591,-0.891147723229393
2022-03-13 07:30:00,1838.3125,-30.77815008,-0.984054528741296,-0.984053929779197
2022-03-13 08:00:00,1838.33333333333,-30.7426191759766,-0.978630028159857,-0.978629428755109
2022-03-13 11:30:00,1838.47916666667,-31.2311892923933,-1.05811109508937,-1.05811049259315
2022-03-13 12:00:00,1838.5,-31.264879435436,-1.06371421741003,-1.06371361447319
2022-03-13 12:30:00,1838.52083333333,-30.8245310875598,-0.993802751817223,-0.993802148440011
2022-03-13 13:00:00,1838.54166666667,-30.7627514848485,-0.984197640272461,-0.984197036455129
2022-03-13 13:30:00,1838.5625,-30.2528255912801,-0.903202586726319,-0.903201982469121
2022-03-13 14:00:00,1838.58333333333,-29.5615992465677,-0.793326324106154,-0.793325719409343
2022-03-13 14:30:00,1838.60416666667,-29.1278947904306,-0.724473564686809,-0.724472959550635
2022-03-13 15:00:00,1838.625,-29.0199060721212,-0.707507637355936,-0.707507031780659
2022-03-13 15:30:00,1838.64583333333,-28.4354148027778,-0.61463459539252,-0.614633989378385
2022-03-13 16:00:00,1838.66666666667,-28.1331796377778,-0.566725234786132,-0.566724628333397
2022-03-13 16:30:00,1838.6875,-27.7892870354067,-0.512179896838601,-0.51217928994752
2022-03-13 17:00:00,1838.70833333333,-27.2716909239394,-0.429963547932049,-0.429962940602873
2022-03-13 17:30:00,1838.72916666667,-27.2438777959259,-0.425770060434955,-0.425769452667935
2022-03-13 18:00:00,1838.75,-27.3597111011111,-0.44445963450776,-0.444459026303157
2022-03-13 18:30:00,1838.77083333333,-27.2621770052632,-0.429159711200509,-0.429159102558569
2022-03-13 19:00:00,1838.79166666667,-27.062575760303,-0.397600500150337,-0.397599891071316
2022-03-13 20:00:00,1838.83333333333,-27.03496446,-0.393677066125075,-0.393676456172653
2022-03-13 20:30:00,1838.85416666667,-27.7984485884112,-0.515538289250222,-0.515537678861477
2022-03-13 21:00:00,1838.875,-27.2540186516279,-0.429047949065659,-0.429047338240852
2022-03-13 21:30:00,1838.89583333333,-27.722609341875,-0.503932600580877,-0.503931989320255
2022-03-13 22:00:00,1838.91666666667,-27.6011625758879,-0.48482394553636,-0.484823333840175
2022-03-13 22:30:00,1838.9375,-26.0776486005607,-0.242365063945308,-0.242364451813819
2022-03-13 23:00:00,1838.95833333333,-26.5930748336449,-0.324710896411316,-0.324710283844773
2022-03-13 23:30:00,1838.97916666667,-26.0223187,-0.234027183432997,-0.234026570431652
2022-03-14,1839,-25.8636067361423,-0.208982482897901,-0.208981869462014
2022-03-14 00:30:00,1839.02083333333,-25.70325608,-0.183676819224647,-0.183676205354468
2022-03-14 01:00:00,1839.04166666667,-26.5413458280374,-0.31742350711832,-0.3174228928141
2022-03-14 01:30:00,1839.0625,-26.2479873215873,-0.27092976117796,-0.270929146439958
2022-03-14 02:00:00,1839.08333333333,-26.7643421011278,-0.353424001949132,-0.353423386777598
2022-03-14 02:30:00,1839.10416666667,-27.2513955016949,-0.431250593702337,-0.431249978097522
2022-03-14 03:00:00,1839.125,-27.273830970892,-0.435063298527558,-0.435062682489725
2022-03-14 03:30:00,1839.14583333333,-27.4687280659375,-0.466349345124036,-0.466348728653432
2022-03-14 04:00:00,1839.16666666667,-27.3250753280603,-0.443704242903892,-0.44370362600077
2022-03-14 04:30:00,1839.1875,-27.2080600924953,-0.425302595306705,-0.425301977971323
2022-03-14 05:00:00,1839.20833333333,-26.8215701378505,-0.36397351382872,-0.363972896061329
2022-03-14 05:30:00,1839.22916666667,-26.736934385625,-0.350730103912821,-0.350729485713674
2022-03-14 06:00:00,1839.25,-26.7127533011299,-0.347117247145254,-0.347116628514611
2022-03-14 06:30:00,1839.27083333333,-26.6766311948669,-0.341602258423486,-0.341601639361597
2022-03-14 07:00:00,1839.29166666667,-26.4970887205607,-0.313240383898475,-0.313239764405591
2022-03-14 07:30:00,1839.3125,-26.4946352468553,-0.31308899500438,-0.313088375080759
2022-03-14 08:00:00,1839.33333333333,-26.3322071229755,-0.287453611272246,-0.28745299091814
2022-03-14 08:30:00,1839.35416666667,-26.0400521872651,-0.241152734935057,-0.241152114150719
2022-03-14 09:00:00,1839.375,-25.7018263441315,-0.187512811315653,-0.187512190101343
2022-03-14 09:30:00,1839.39583333333,-26.0600439100313,-0.244816901604767,-0.244816279960734
2022-03-14 13:00:00,1839.54166666667,-24.4721061556797,0.00646201507448763,0.00646263971945937
2022-03-14 13:30:00,1839.5625,-24.0978756957328,0.0658367705265133,0.0658373955991688
2022-03-14 14:00:00,1839.58333333333,-23.8367707717884,0.107190466366905,0.107191091866997
2022-03-14 14:30:00,1839.60416666667,-23.6959855640288,0.129377064582357,0.129377690509631
2022-03-14 15:00:00,1839.625,-24.0032825189591,0.0801837732524542,0.0801843996066495
2022-03-14 15:30:00,1839.64583333333,-24.8063988834879,-0.0479939851381761,-0.0479933583573097
2022-03-14 16:00:00,1839.66666666667,-25.2772506160401,-0.123241830976763,-0.123241203769478
2022-03-14 16:30:00,1839.6875,-25.5442000507143,-0.166007975783563,-0.16600734815012
2022-03-14 17:00:00,1839.70833333333,-26.75607261527,-0.359301131134624,-0.35930050307527
2022-03-14 17:30:00,1839.72916666667,-27.1993729296846,-0.430160258476623,-0.430159629991615
2022-03-14 18:00:00,1839.75,-27.5533132859649,-0.486784361268718,-0.486783732358316
2022-03-14 18:30:00,1839.77083333333,-27.3156454404255,-0.449164935348199,-0.449164306012652
2022-03-14 19:30:00,1839.8125,-28.5978108449438,-0.653897505667315,-0.653896875482246
2022-03-14 20:00:00,1839.83333333333,-28.4847054257036,-0.636121204907836,-0.636120574298384
2022-03-14 20:30:00,1839.85416666667,-28.431990099505,-0.627965169609464,-0.627964538575884
2022-03-14 21:00:00,1839.875,-28.3542307861538,-0.615819689713969,-0.615819058256522
2022-03-14 21:30:00,1839.89583333333,-27.5513719678505,-0.488165420936693,-0.48816478905563
2022-03-14 22:00:00,1839.91666666667,-26.4521219559099,-0.313295903599378,-0.313295271294951
2022-03-14 22:30:00,1839.9375,-25.8610518622222,-0.219379890751466,-0.219379258023936
2022-03-14 23:00:00,1839.95833333333,-25.3017922661538,-0.130531393235631,-0.130530760085247
2022-03-14 23:30:00,1839.97916666667,-25.1367621782772,-0.104484018394186,-0.104483384821205
2022-03-15 00:30:00,1840.02083333333,-24.3879195557471,0.0143228335571141,0.0143234679745237
2022-03-15 01:00:00,1840.04166666667,-24.3011231038462,0.0279072935726515,0.0279079284118965
2022-03-15 01:30:00,1840.0625,-24.3835850938318,0.0145286826675521,0.0145293179283702
2022-03-15 02:00:00,1840.08333333333,-24.2535861558052,0.0349951692790427,0.0349958049611865
2022-03-15 02:30:00,1840.10416666667,-22.9528666266667,0.241958202554078,0.24195883865729
2022-03-15 03:00:00,1840.125,-22.8575538023077,0.256899006278538,0.256899642802561
2022-03-15 03:30:00,1840.14583333333,-22.4309831953271,0.324609331445799,0.324609968390381
2022-03-15 04:00:00,1840.16666666667,-21.4678504981308,0.477794300999648,0.477794938364535
2022-03-15 04:30:00,1840.1875,-20.9604272088889,0.558384356223373,0.558384994008303
2022-03-15 05:00:00,1840.20833333333,-20.7977384853846,0.584057868817164,0.58405850702189
2022-03-15 05:30:00,1840.22916666667,-20.6458389513109,0.608012575899293,0.608013214523558
2022-03-15 06:00:00,1840.25,-20.4759288219101,0.634836303793577,0.634836942837123
2022-03-15 06:30:00,1840.27083333333,-19.9294691298765,0.721644566239268,0.721645205701841
2022-03-15 07:00:00,1840.29166666667,-20.0440538876923,0.703147895601631,0.70314853548298
2022-03-15 07:30:00,1840.3125,-19.7946897134579,0.742628470121416,0.742629110421278
2022-03-15 08:00:00,1840.33333333333,-19.8062546453184,0.740542771807705,0.740543412525832
2022-03-15 08:30:00,1840.35416666667,-20.0206641669136,0.706143705655743,0.706144346791877
2022-03-15 09:00:00,1840.375,-20.2253308092308,0.673296607428167,0.673297248982051
2022-03-15 09:30:00,1840.39583333333,-20.1899700971963,0.678685958599496,0.678686600570877
2022-03-15 10:00:00,1840.41666666667,-20.3688617018692,0.649944682967362,0.649945325355987
2022-03-15 10:30:00,1840.4375,-20.2492761435323,0.668750953084831,0.668751595890437
2022-03-15 11:00:00,1840.45833333333,-20.4113845661538,0.642683091151524,0.642683734373865
2022-03-15 14:30:00,1840.60416666667,-20.6045575903346,0.610201144127835,0.610201790260141
2022-03-15 15:30:00,1840.64583333333,-20.8175559891791,0.575781247888315,0.575781894849738
2022-03-15 16:00:00,1840.66666666667,-20.9732467847866,0.550734924423936,0.550735571799538
2022-03-15 17:00:00,1840.70833333333,-20.0825167587361,0.692139279487505,0.692139927690692
2022-03-15 17:30:00,1840.72916666667,-19.8267936561338,0.732631246390216,0.732631895006813
2022-03-15 18:30:00,1840.77083333333,-19.9604332044554,0.710852321273302,0.71085297071595
2022-03-15 19:00:00,1840.79166666667,-19.8241850977778,0.732311598610221,0.732312248465514
2022-03-15 19:30:00,1840.8125,-19.8120981572222,0.733991834407448,0.733992484675124
2022-03-15 20:00:00,1840.83333333333,-19.7176777738889,0.748787767457668,0.748788418137475
2022-03-15 20:30:00,1840.85416666667,-18.6655643136139,0.916144813057365,0.916145464149051
2022-03-15 21:00:00,1840.875,-19.0402499816176,0.85621165895901,0.856212310462314
2022-03-15 21:30:00,1840.89583333333,-18.2638259757407,0.979651019583321,0.979651671497989
2022-03-15 22:00:00,1840.91666666667,-18.5169500031481,0.939082563885539,0.939083216211319
2022-03-15 22:30:00,1840.9375,-19.6456054516129,0.759041248287145,0.759041901023773
2022-03-15 23:00:00,1840.95833333333,-19.6103650255474,0.764409298406524,0.764409951553749
2022-03-15 23:30:00,1840.97916666667,-19.9362722094444,0.712246197380599,0.712246850938167
2022-03-16,1841,-19.0529183840445,0.852719160522309,0.85271981448996
2022-03-16 00:30:00,1841.02083333333,-17.0840173647643,1.16612048865984,1.16612114303732
2022-03-16 01:00:00,1841.04166666667,-17.0046642328467,1.17851540934315,1.1785160641302
2022-03-16 01:30:00,1841.0625,-17.8479796307407,1.04392849520562,1.04392915040199
2022-03-16 02:00:00,1841.08333333333,-18.234567706308,0.98209849125762,0.982099146863051
2022-03-16 02:30:00,1841.10416666667,-19.903546347619,0.715982675166024,0.715983331180263
2022-03-16 03:00:00,1841.125,-20.0171897649635,0.69763279313708,0.697633449559867
2022-03-16 03:30:00,1841.14583333333,-20.3956411185047,0.637098739091625,0.637099395922705
2022-03-16 04:00:00,1841.16666666667,-20.2498469708955,0.660077289497893,0.660077946737013
2022-03-16 04:30:00,1841.1875,-20.2402907313283,0.661352965313657,0.661353622960554
2022-03-16 05:00:00,1841.20833333333,-20.0294233437956,0.694697572409176,0.694698230463598
2022-03-16 05:30:00,1841.22916666667,-20.5372891384328,0.613547391550463,0.613548050012157
2022-03-16 06:00:00,1841.25,-20.4713078033582,0.623811390145785,0.62381204901449
2022-03-16 06:30:00,1841.27083333333,-20.5594937817043,0.609516347187645,0.609517006463106
2022-03-16 07:00:00,1841.29166666667,-20.4461240248175,0.627329198562236,0.627329858244201
2022-03-16 07:30:00,1841.3125,-20.4378261484112,0.6284039459983,0.628404606086505
2022-03-16 08:00:00,1841.33333333333,-20.7059458003738,0.585445105373123,0.585445765867316
2022-03-16 08:30:00,1841.35416666667,-20.5222481182957,0.614461010705783,0.61446167160571
2022-03-16 09:00:00,1841.375,-20.3584306080292,0.640309912264951,0.64031057357035
2022-03-16 09:30:00,1841.39583333333,-20.2935951748134,0.65039082005049,0.650391481761111
2022-03-16 10:00:00,1841.41666666667,-20.2421529811567,0.658338097069317,0.658338759184903
2022-03-16 10:30:00,1841.4375,-20.4555112568922,0.624102391982132,0.624103054502421
2022-03-16 11:00:00,1841.45833333333,-20.3952627270073,0.63345236848258,0.63345303140732
2022-03-16 11:30:00,1841.47916666667,-20.9245973745318,0.548881245459533,0.54888190878847
2022-03-16 12:00:00,1841.5,-20.9121735033582,0.55061256360545,0.55061322733832
2022-03-16 12:30:00,1841.52083333333,-20.9311745446746,0.547337792759843,0.547338456896396
2022-03-16 15:30:00,1841.64583333333,-24.2037653256983,0.0245227586957427,0.0245234252489982
2022-03-16 16:00:00,1841.66666666667,-23.6727921977839,0.108858721090314,0.108859388045459
2022-03-16 16:30:00,1841.6875,-24.0485204241636,0.0487564320851426,0.0487570994419118
2022-03-16 17:00:00,1841.70833333333,-23.2883401276952,0.169605104814916,0.169605772573058
2022-03-16 18:00:00,1841.75,-21.5890475587302,0.439806208983291,0.439806877543407
2022-03-16 18:30:00,1841.77083333333,-21.7131432381089,0.419788853970463,0.419789522931185
2022-03-16 19:00:00,1841.79166666667,-21.4886208267658,0.45530653237489,0.455307201735959
2022-03-16 19:30:00,1841.8125,-22.2804386583643,0.328920406259971,0.328921076021127
2022-03-16 20:00:00,1841.83333333333,-22.8097089952381,0.244358206176708,0.244358876337697
2022-03-16 20:30:00,1841.85416666667,-22.8242893667622,0.241786407911654,0.241787078472223
2022-03-16 21:00:00,1841.875,-21.7124804774674,0.418649146392916,0.4186498173528
2022-03-16 21:30:00,1841.89583333333,-21.7858459844156,0.406712679210594,0.406713350569543
2022-03-16 22:00:00,1841.91666666667,-20.7275397185185,0.575052256779135,0.57505292853689
2022-03-16 22:30:00,1841.9375,-19.9173000191429,0.703874575691469,0.703875247847771
2022-03-16 23:00:00,1841.95833333333,-20.3985139257885,0.626967334969996,0.626968007524591
2022-03-16 23:30:00,1841.97916666667,-20.8689944425651,0.551769853650808,0.551770526603442
2022-03-17,1842,-21.0778466280423,0.518249875228461,0.518250548578869
2022-03-17 00:30:00,1842.02083333333,-20.310357176,0.640261740158679,0.640262413906611
2022-03-17 01:00:00,1842.04166666667,-20.5737392575419,0.598054955937391,0.598055630082588
2022-03-17 01:30:00,1842.0625,-19.426345751487,0.780585653831905,0.780586328374109
2022-03-17 02:00:00,1842.08333333333,-18.9306666597884,0.859297702682343,0.859298377621297
2022-03-17 02:30:00,1842.10416666667,-18.8562457882857,0.870902938937284,0.870903614272735
2022-03-17 03:00:00,1842.125,-18.6568290535316,0.902420028481912,0.902420704213596
2022-03-17 03:30:00,1842.14583333333,-18.5909330665427,0.912667090474135,0.912667766601801
2022-03-17 04:00:00,1842.16666666667,-18.6817830608466,0.897944328647995,0.897945005171386
2022-03-17 04:30:00,1842.1875,-18.6702942722857,0.899524131111129,0.899524808029984
2022-03-17 05:00:00,1842.20833333333,-18.6605602846011,0.900824315619057,0.900824992933121
2022-03-17 05:30:00,1842.22916666667,-18.9003643193309,0.862372837943877,0.862373515652896
2022-03-17 06:00:00,1842.25,-19.032894205291,0.841010131969784,0.841010810073493
2022-03-17 06:30:00,1842.27083333333,-18.9038542562857,0.861315610801411,0.86131628929956
2022-03-17 07:00:00,1842.29166666667,-18.9087254664193,0.860288869494444,0.860289548386776
2022-03-17 07:30:00,1842.3125,-18.8385772826816,0.871212694479983,0.871213373766236
2022-03-17 08:00:00,1842.33333333333,-18.9758306634921,0.849097225292402,0.849097904972321
2022-03-17 08:30:00,1842.35416666667,-18.9312428554286,0.855949110741631,0.855949790814963
2022-03-17 09:00:00,1842.375,-18.9684323109462,0.849773742998846,0.849774423465325
2022-03-17 09:30:00,1842.39583333333,-17.9978664274583,1.00413444428161,1.00413512514099
2022-03-17 10:00:00,1842.41666666667,-17.5458518730159,1.07588947168403,1.07589015293604
2022-03-17 10:30:00,1842.4375,-17.5423657008571,1.07619353069681,1.07619421234121
2022-03-17 11:00:00,1842.45833333333,-17.2426951657993,1.1236798938406,1.12368057587712
2022-03-17 11:30:00,1842.47916666667,-16.7367198612245,1.20403067769274,1.20403136012112
2022-03-17 12:00:00,1842.5,-16.4883756507936,1.2433405676701,1.24334125049009
2022-03-17 12:30:00,1842.52083333333,-16.5448628542857,1.23409051913412,1.23409120234546
2022-03-17 13:00:00,1842.54166666667,-15.9166400627087,1.3339151857079,1.33391586931034
2022-03-17 13:30:00,1842.5625,-15.5114101129213,1.3982168568566,1.39821754084987
2022-03-17 17:30:00,1842.72916666667,-14.1498766383178,1.61309337123849,1.61309405834919
2022-03-17 18:00:00,1842.75,-13.4469196300935,1.72482248963699,1.72482317713621
2022-03-17 18:30:00,1842.77083333333,-13.2247089555556,1.75996829748044,1.75996898536792
2022-03-17 19:00:00,1842.79166666667,-13.1406143168571,1.77311204609603,1.77311273437151
2022-03-17 19:30:00,1842.8125,-13.0063413777365,1.79424915784011,1.79424984650334
2022-03-17 20:00:00,1842.83333333333,-12.7911412708178,1.82827794929153,1.82827863834225
2022-03-17 20:30:00,1842.85416666667,-12.7850529449735,1.82899500866186,1.82899569809981
2022-03-17 21:00:00,1842.875,-12.7581428708571,1.83302891152181,1.83302960134673
2022-03-17 21:30:00,1842.89583333333,-12.7994285716141,1.82619910285364,1.82619979306528
2022-03-17 22:00:00,1842.91666666667,-12.7920389686456,1.82712322902805,1.82712391962615
2022-03-17 22:30:00,1842.9375,-12.8425925830688,1.81881688347268,1.81881757445698
2022-03-17 23:00:00,1842.95833333333,-12.8085028597143,1.82399420635251,1.82399489772276
2022-03-17 23:30:00,1842.97916666667,-12.9936932895911,1.79423996839476,1.79424066015069
2022-03-18,1843,-13.0825491871985,1.77983181457437,1.77983250671572
2022-03-18 00:30:00,1843.02083333333,-13.1778200941799,1.76440166951387,1.76440236204039
2022-03-18 01:00:00,1843.04166666667,-13.2140200025714,1.75838150111145,1.7583821940229
2022-03-18 01:30:00,1843.0625,-13.2078886938776,1.75910465024358,1.75910534353967
2022-03-18 02:00:00,1843.08333333333,-13.1698667909944,1.76490791825436,1.76490861193486
2022-03-18 02:30:00,1843.10416666667,-13.2131534555556,1.7577585978345,1.75775929189914
2022-03-18 03:00:00,1843.125,-13.2797942897143,1.74688886600854,1.74688956045705
2022-03-18 03:30:00,1843.14583333333,-13.3141205738404,1.74116678962757,1.74116748445971
2022-03-18 04:00:00,1843.16666666667,-13.426721185316,1.72297548152896,1.72297617674446
2022-03-18 04:30:00,1843.1875,-13.4148729846561,1.72460888273375,1.72460957833236
2022-03-18 05:00:00,1843.20833333333,-13.4569342948571,1.71765438496406,1.71765508094552
2022-03-18 05:30:00,1843.22916666667,-13.5019851617811,1.71022357333462,1.71022426969867
2022-03-18 06:00:00,1843.25,-13.7823977613383,1.66529939419957,1.66530009094596
2022-03-18 06:30:00,1843.27083333333,-13.8346508037037,1.6567211202986,1.65672181742706
2022-03-18 07:00:00,1843.29166666667,-13.820882846,1.6586599636484,1.65866066115868
2022-03-18 07:30:00,1843.3125,-13.9391038790353,1.63957279124556,1.63957348913739
2022-03-18 08:00:00,1843.33333333333,-14.4180167267658,1.56302707983256,1.5630277781057
2022-03-18 08:30:00,1843.35416666667,-14.7135185534392,1.51569879999992,1.51569949865411
2022-03-18 09:00:00,1843.375,-14.7511343251429,1.5094518779034,1.50945257693837
2022-03-18 09:30:00,1843.39583333333,-15.041771787384,1.46289834461536,1.46289904403086
2022-03-18 10:00:00,1843.41666666667,-15.3456114992565,1.41424160848266,1.41424230827843
2022-03-18 10:30:00,1843.4375,-15.7618888449735,1.34767340191808,1.34767410209386
2022-03-18 11:00:00,1843.45833333333,-15.7550057008571,1.34851488880113,1.34851558935666
2022-03-18 11:30:00,1843.47916666667,-15.8684341328386,1.33019058068976,1.3301912816248
2022-03-18 12:00:00,1843.5,-15.7756456276438,1.34471670312265,1.34471740443692
2022-03-18 12:30:00,1843.52083333333,-15.1649361696809,1.44174792856374,1.44174863025698
2022-03-18 13:00:00,1843.54166666667,-15.0591885782857,1.45833829296084,1.45833899503281
2022-03-18 13:30:00,1843.5625,-14.6945176209647,1.51617525976478,1.51617596221521
2022-03-18 14:00:00,1843.58333333333,-14.7204805124304,1.51178390052295,1.51178460335159
2022-03-18 14:30:00,1843.60416666667,-14.6733067128834,1.51904319367423,1.51904389688082
2022-03-18 15:00:00,1843.625,-14.7046422378299,1.51379582061321,1.51379652419748
2022-03-18 15:30:00,1843.64583333333,-14.833590313594,1.49299862376777,1.49299932772947
2022-03-18 18:30:00,1843.77083333333,-15.1789944423792,1.43643987532276,1.43644058154362
2022-03-18 19:30:00,1843.8125,-15.5332420735568,1.37949550390745,1.37949621087929
2022-03-18 20:00:00,1843.83333333333,-15.5124229972171,1.38255565073683,1.38255635808378
2022-03-18 20:30:00,1843.85416666667,-15.7086394063197,1.35104181528302,1.35104252300482
2022-03-18 21:30:00,1843.89583333333,-15.5223840272727,1.3801993647991,1.38020007326981
2022-03-18 22:00:00,1843.91666666667,-14.6177272751391,1.52405518775709,1.52405589660188
2022-03-18 22:30:00,1843.9375,-14.4799999912963,1.54573852413473,1.54573923335332
2022-03-18 23:30:00,1843.97916666667,-14.5930777696296,1.52721149397743,1.52721220394288
2022-03-19,1844,-14.6617370318519,1.51601708360464,1.51601779394313
2022-03-19 00:30:00,1844.02083333333,-14.8039257946197,1.49310929715708,1.49311000786835
2022-03-19 01:30:00,1844.0625,-14.6653777681481,1.51466584477788,1.51466655623393
2022-03-19 02:00:00,1844.08333333333,-14.9296462998148,1.47231044182433,1.47231115365239
2022-03-19 02:30:00,1844.10416666667,-14.8666185155556,1.48209350192674,1.48209421412653
2022-03-19 03:30:00,1844.14583333333,-14.9185111137037,1.4733121302667,1.47331284320921
2022-03-19 04:00:00,1844.16666666667,-14.9772333472222,1.46370010384803,1.46370081716151
2022-03-19 04:30:00,1844.1875,-15.1676308018553,1.4331120467801,1.43311276046429
2022-03-19 05:30:00,1844.22916666667,-15.4974962762963,1.38004880665167,1.3800495210765
2022-03-19 06:00:00,1844.25,-15.5621740559259,1.3694877623637,1.36948847715847
2022-03-19 06:30:00,1844.27083333333,-15.6140259405556,1.36096981861786,1.36097053378231
2022-03-19 07:30:00,1844.3125,-15.4983907355556,1.3788745655095,1.37887528141252
2022-03-19 08:00:00,1844.33333333333,-15.5893648412963,1.36412420309111,1.36412491936303
2022-03-19 08:30:00,1844.35416666667,-15.6613814859259,1.35239370421027,1.35239442085082
2022-03-19 09:30:00,1844.39583333333,-15.2407796044444,1.41887927208136,1.41887998945842
2022-03-19 10:00:00,1844.41666666667,-14.8754388738889,1.47681989511313,1.47682061285806
2022-03-19 10:30:00,1844.4375,-14.9720888964815,1.46116498759195,1.46116570570449
2022-03-19 11:30:00,1844.47916666667,-14.976942612037,1.45987458736149,1.45987530620846
2022-03-19 12:00:00,1844.5,-15.4649833381481,1.38187064097934,1.38187136019314
2022-03-19 12:30:00,1844.52083333333,-16.3473703688889,1.24104697316531,1.24104769274568
2022-03-19 13:30:00,1844.5625,-15.9323265248609,1.30664596784327,1.306646688156
2022-03-19 14:00:00,1844.58333333333,-15.5602055603704,1.36566610045648,1.36566682113501
2022-03-19 14:30:00,1844.60416666667,-15.3138463077778,1.40465222932651,1.40465295037058
2022-03-19 16:00:00,1844.66666666667,-15.075947936803,1.44177194280045,1.44177266493957
2022-03-19 16:30:00,1844.6875,-14.8054665459108,1.48460045320399,1.4846011757076
2022-03-19 20:00:00,1844.83333333333,-14.5376858847584,1.52544048253964,1.52544120758749
2022-03-19 20:30:00,1844.85416666667,-14.3875853652439,1.54909165103184,1.54909237644212
2022-03-19 21:00:00,1844.875,-14.3909626770667,1.54829361858033,1.54829434435278
2022-03-19 21:30:00,1844.89583333333,-14.3502918180297,1.55451241852289,1.55451314465725
2022-03-19 22:00:00,1844.91666666667,-14.3709405204461,1.55096289583825,1.55096362233426
2022-03-19 22:30:00,1844.9375,-14.3504084969512,1.553973419585,1.5539741464424
2022-03-19 23:00:00,1844.95833333333,-14.3609839816,1.55202842245342,1.55202914967195
2022-03-19 23:30:00,1844.97916666667,-14.4810055820037,1.53264850830264,1.53264923588203
2022-03-20,1845,-14.5546222146296,1.52066086614597,1.52066159408598
2022-03-20 00:30:00,1845.02083333333,-14.6158292817073,1.51065000414803,1.5106507324484
2022-03-20 01:00:00,1845.04166666667,-14.6311196808511,1.50795362769682,1.50795435635728
2022-03-20 01:30:00,1845.0625,-14.6461203722222,1.50530332946654,1.50530405848683
2022-03-20 02:00:00,1845.08333333333,-14.7157090472062,1.49395705403656,1.49395778341642
2022-03-20 02:30:00,1845.10416666667,-16.0870609835366,1.27523888845051,1.27523961818969
2022-03-20 03:00:00,1845.125,-16.2105451609043,1.25530687627483,1.25530760637308
2022-03-20 03:30:00,1845.14583333333,-16.0626166774074,1.27861102262907,1.27861175308611
2022-03-20 04:00:00,1845.16666666667,-16.0060055546296,1.28736817589701,1.28736890671259
2022-03-20 04:30:00,1845.1875,-15.9444816969512,1.29690785911162,1.29690859028547
2022-03-20 05:00:00,1845.20833333333,-15.9288058037234,1.29914385662544,1.29914458815732
2022-03-20 05:30:00,1845.22916666667,-15.9536240903704,1.29492903018072,1.29492976207035
2022-03-20 06:00:00,1845.25,-16.0587333248148,1.27792372624169,1.27792445848883
2022-03-20 06:30:00,1845.27083333333,-16.1060429251534,1.27012587322021,1.27012660582459
2022-03-20 07:00:00,1845.29166666667,-16.1269680933511,1.26653100702703,1.2665317399884
2022-03-20 07:30:00,1845.3125,-16.0490499848148,1.27868187341942,1.27868260673751
2022-03-20 08:00:00,1845.33333333333,-15.9987907401852,1.28642659102681,1.28642732470136
2022-03-20 08:30:00,1845.35416666667,-16.3478598310976,1.23055794745159,1.23055868148234
2022-03-20 09:00:00,1845.375,-16.2784175369681,1.24135839465473,1.24135912904143
2022-03-20 09:30:00,1845.39583333333,-16.3716703648148,1.22624132076443,1.22624205550682
2022-03-20 10:00:00,1845.41666666667,-16.400578083829,1.22137439682777,1.22137513192558
2022-03-20 10:30:00,1845.4375,-16.502250045122,1.20491600526635,1.20491674071933
2022-03-20 11:00:00,1845.45833333333,-16.3274787265957,1.2324951539319,1.23249588973979
2022-03-20 11:30:00,1845.47916666667,-16.4538476122677,1.21210238110571,1.21210311726825
2022-03-20 12:00:00,1845.5,-16.6151296448148,1.18614784730218,1.1861485838191
2022-03-20 12:30:00,1845.52083333333,-16.5061340542683,1.20324866030394,1.20324939717499
2022-03-20 13:00:00,1845.54166666667,-16.4067473417553,1.21881870050469,1.21881943772961
2022-03-20 13:30:00,1845.5625,-16.3070907312963,1.23443166401116,1.23443240158969
2022-03-20 14:00:00,1845.58333333333,-17.3311038927644,1.07104315826503,1.07104389619692
2022-03-20 15:00:00,1845.625,-19.3057240890805,0.75595958054572,0.755960319183523
2022-03-20 15:30:00,1845.64583333333,-19.3267095646575,0.752353887350746,0.752354626341124
2022-03-20 16:00:00,1845.66666666667,-20.2890000343228,0.598797564467581,0.598798303810266
2022-03-20 16:30:00,1845.6875,-20.7836790517625,0.519732008656811,0.519732748351552
2022-03-20 17:00:00,1845.70833333333,-20.8866551936782,0.503064929438311,0.503065669484845
2022-03-20 17:30:00,1845.72916666667,-21.4465260493151,0.413614124460696,0.413614864858762
2022-03-20 18:00:00,1845.75,-22.0898311283859,0.31087211673998,0.31087285748932
2022-03-20 21:30:00,1845.89583333333,-22.1049888296089,0.306614147402983,0.306614890603971
2022-03-20 22:00:00,1845.91666666667,-22.5271722997175,0.239096400604502,0.239097144154681
2022-03-20 22:30:00,1845.9375,-22.7228756297297,0.207657030945644,0.207657774844763
2022-03-20 23:00:00,1845.95833333333,-22.8143692220779,0.192818275976748,0.192819020224544
2022-03-20 23:30:00,1845.97916666667,-23.8550185280148,0.0267782665991101,0.0267790111953212
2022-03-21,1846,-24.372338979096,-0.0558951531445963,-0.0558944082002274
2022-03-21 00:30:00,1846.02083333333,-24.7630054369565,-0.118392572147783,-0.118391826855513
2022-03-21 01:00:00,1846.04166666667,-24.9198701493507,-0.143645276874835,-0.143644531234933
2022-03-21 01:30:00,1846.0625,-24.9060166721707,-0.141702522825728,-0.141701776838445
2022-03-21 02:00:00,1846.08333333333,-24.9488414243626,-0.148788722005046,-0.148787975670644
2022-03-21 02:30:00,1846.10416666667,-24.5478925419355,-0.0851815348161661,-0.0851807881349081
2022-03-21 03:00:00,1846.125,-25.514311112963,-0.239397030818961,-0.239396283791105
2022-03-21 03:30:00,1846.14583333333,-25.926487065,-0.3053213522329,-0.305320604858702
2022-03-21 04:00:00,1846.16666666667,-25.833669450565,-0.290799908284316,-0.290799160564044
2022-03-21 04:30:00,1846.1875,-25.8923548112903,-0.30041306716176,-0.300412319095666
2022-03-21 05:00:00,1846.20833333333,-25.469429622963,-0.233305391993546,-0.233304643581892
2022-03-21 05:30:00,1846.22916666667,-25.1000315037037,-0.174724687728339,-0.174723938971388
2022-03-21 06:00:00,1846.25,-25.0014774206215,-0.159289702489992,-0.159288953388001
2022-03-21 06:30:00,1846.27083333333,-25.0527096198925,-0.16771584955111,-0.167715100104337
2022-03-21 07:00:00,1846.29166666667,-25.3999370618519,-0.223294320741916,-0.223293570950628
2022-03-21 07:30:00,1846.3125,-25.0988463244444,-0.175595313076981,-0.17559456294143
2022-03-21 08:00:00,1846.33333333333,-25.4722655686441,-0.235346297874841,-0.23534554739529
2022-03-21 08:30:00,1846.35416666667,-25.4171290543011,-0.226828114431345,-0.226827363608057
2022-03-21 09:00:00,1846.375,-25.0674517998148,-0.171389450912242,-0.171388699745474
2022-03-21 09:30:00,1846.39583333333,-24.9054352,-0.145845334064634,-0.145844582554643
2022-03-21 10:00:00,1846.41666666667,-24.2072062341808,-0.0348822743723355,-0.0348815225193894
2022-03-21 10:30:00,1846.4375,-23.8420648745946,0.0230196214088684,0.0230203736045174
2022-03-21 11:00:00,1846.45833333333,-23.3176055596296,0.106300911156778,0.106301663694867
2022-03-21 11:30:00,1846.47916666667,-23.7582208070501,0.0358450633207948,0.0358458162010616
2022-03-21 12:00:00,1846.5,-25.7267062228814,-0.278001664285462,-0.278000911063275
2022-03-21 12:30:00,1846.52083333333,-26.0883440844086,-0.33587649829167,-0.33587574472782
2022-03-21 13:00:00,1846.54166666667,-26.6307666514815,-0.4225505351219,-0.422549781216656
2022-03-21 13:30:00,1846.5625,-27.8082592714815,-0.610391755217765,-0.610391000971378
2022-03-21 14:30:00,1846.60416666667,-28.1658956557692,-0.6678953052448,-0.667894550316915
2022-03-21 15:00:00,1846.625,-28.219545945977,-0.676707848905349,-0.676707093637104
2022-03-21 15:30:00,1846.64583333333,-27.9224115042308,-0.629640203959749,-0.629639448351404
2022-03-21 16:00:00,1846.66666666667,-28.5008940667286,-0.722059043352048,-0.722058287403866
2022-03-21 16:30:00,1846.6875,-28.2868736447802,-0.688231660790641,-0.688230904502877
2022-03-21 17:00:00,1846.70833333333,-27.9641552747126,-0.637088687183834,-0.63708793055675
2022-03-21 17:30:00,1846.72916666667,-27.6126275733706,-0.581356436250305,-0.581355679284165
2022-03-21 18:00:00,1846.75,-27.4666896133829,-0.558374847730047,-0.558374090425108
2022-03-21 19:00:00,1846.79166666667,-26.736120574026,-0.442527752235855,-0.4425269942541
2022-03-21 23:00:00,1846.95833333333,-27.7112081933086,-0.599994986104204,-0.599994225425583
2022-03-21 23:30:00,1846.97916666667,-27.8611336074211,-0.624145408934971,-0.624144647920416
2022-03-22 00:30:00,1847.02083333333,-28.4576716109462,-0.719708941468631,-0.719708179782982
2022-03-22 01:00:00,1847.04166666667,-27.7024656593692,-0.59967149868914,-0.599670736668337
2022-03-22 02:30:00,1847.10416666667,-26.0931947801484,-0.34411612755886,-0.34411536453415
2022-03-22 03:00:00,1847.125,-26.3890203790741,-0.391509038390777,-0.391508275031952
2022-03-22 03:30:00,1847.14583333333,-26.2154722246296,-0.364130443938895,-0.364129680246216
2022-03-22 04:30:00,1847.1875,-27.0416962787037,-0.496284234332095,-0.496283469972488
2022-03-22 05:00:00,1847.20833333333,-26.8171537077778,-0.460782399832568,-0.460781635139885
2022-03-22 05:30:00,1847.22916666667,-27.1191277672222,-0.509155109717357,-0.509154344691863
2022-03-22 06:30:00,1847.27083333333,-25.8686740992593,-0.310493206258711,-0.310492440568371
2022-03-22 07:00:00,1847.29166666667,-25.1833370298148,-0.20158675429376,-0.20158598827139
2022-03-22 07:30:00,1847.3125,-28.152755577037,-0.674885552570661,-0.674884786216518
2022-03-22 08:30:00,1847.35416666667,-30.1672259411111,-0.996328930758953,-0.996328163742047
2022-03-22 09:00:00,1847.375,-30.0868647690741,-0.983795846462139,-0.983795079114242
2022-03-22 09:30:00,1847.39583333333,-30.1076425562963,-0.98737433928644,-0.987373571607812
2022-03-22 10:30:00,1847.4375,-30.956985182963,-1.12321258537891,-1.12321181703961
2022-03-22 11:00:00,1847.45833333333,-30.817735227037,-1.1012987500633,-1.10129798139404
2022-03-22 11:30:00,1847.47916666667,-31.5579444061111,-1.21948345192381,-1.21948268292487
2022-03-22 12:30:00,1847.52083333333,-32.4401036764815,-1.36054996079535,-1.36054919113781
2022-03-22 13:00:00,1847.54166666667,-33.482685187037,-1.52690299642782,-1.52690222644137
2022-03-22 14:00:00,1847.58333333333,-34.0994423719331,-1.62569117368939,-1.62569040304591
2022-03-22 15:00:00,1847.625,-34.3954721903346,-1.67338752543823,-1.67338675413876
2022-03-22 15:30:00,1847.64583333333,-33.0868531899628,-1.46519298094001,-1.46519220931294
2022-03-22 16:00:00,1847.66666666667,-32.6770091639405,-1.4001740003192,-1.40017322836478
2022-03-22 17:00:00,1847.70833333333,-33.6677509013011,-1.55853900271051,-1.55853823010218
2022-03-22 17:30:00,1847.72916666667,-33.0471858262082,-1.45995221274517,-1.45995143981029
2022-03-22 18:00:00,1847.75,-32.9244238139405,-1.44066587447369,-1.4406651012125
2022-03-22 19:00:00,1847.79166666667,-33.7000056243494,-1.56475629114284,-1.56475551722983
2022-03-22 19:30:00,1847.8125,-33.7365576724907,-1.57084900048379,-1.57084822624526
2022-03-22 20:00:00,1847.83333333333,-33.5856914185874,-1.54708590828894,-1.54708513372515
2022-03-22 21:00:00,1847.875,-33.6278885198885,-1.55434816000201,-1.55434738478848
2022-03-23 00:30:00,1848.02083333333,-29.5211465814471,-0.902034150221303,-0.9020333727419
2022-03-23 01:00:00,1848.04166666667,-29.6120891059369,-0.916792046432622,-0.916791268630567
2022-03-23 01:30:00,1848.0625,-31.3051975160494,-1.18677618068125,-1.1867754025568
2022-03-23 02:00:00,1848.08333333333,-29.4016725225,-0.883814111023566,-0.883813332576982
2022-03-23 02:30:00,1848.10416666667,-29.298556596846,-0.867658559936927,-0.867657781168477
2022-03-23 03:00:00,1848.125,-28.2937476981447,-0.707862741309001,-0.707861962218937
2022-03-23 03:30:00,1848.14583333333,-28.8095539978417,-0.790302077827604,-0.790301298416189
2022-03-23 04:00:00,1848.16666666667,-27.14823250825,-0.525923469066885,-0.525922689334383
2022-03-23 04:30:00,1848.1875,-28.0522462937037,-0.670204670162876,-0.670203890109544
2022-03-23 05:00:00,1848.20833333333,-27.9379833537037,-0.652273728508147,-0.652272948134244
2022-03-23 05:30:00,1848.22916666667,-29.707870523741,-0.934489313071617,-0.934488532377411
2022-03-23 06:00:00,1848.25,-27.7953167201995,-0.630089486243927,-0.630088705229672
2022-03-23 06:30:00,1848.27083333333,-28.361790707037,-0.720600625150187,-0.720599843816145
2022-03-23 07:00:00,1848.29166666667,-28.5563592364815,-0.751867026073609,-0.751866244420045
2022-03-23 07:30:00,1848.3125,-29.8674675964029,-0.9609990869983,-0.96099830502547
2022-03-23 08:00:00,1848.33333333333,-28.791882767581,-0.789929284474315,-0.789928502182478
2022-03-23 08:30:00,1848.35416666667,-28.9907783998138,-0.821885197199431,-0.821884414588856
2022-03-23 09:00:00,1848.375,-28.0492647911111,-0.672173169901819,-0.672172386972759
2022-03-23 09:30:00,1848.39583333333,-28.5366906633094,-0.750092290023449,-0.750091506776166
2022-03-23 10:00:00,1848.41666666667,-27.5215985209476,-0.588659283646988,-0.588658500081747
2022-03-23 10:30:00,1848.4375,-27.8360444592593,-0.639022710530339,-0.639021926647398
2022-03-23 11:00:00,1848.45833333333,-29.1951595350649,-0.85580274441933,-0.855801960218946
2022-03-23 11:30:00,1848.47916666667,-29.5696330676259,-0.915728743667124,-0.915727959149566
2022-03-23 12:00:00,1848.5,-29.3417481431421,-0.879698677054588,-0.879697892220109
2022-03-23 12:30:00,1848.52083333333,-29.8957699513915,-0.968226978491451,-0.968226193340315
2022-03-23 13:30:00,1848.5625,-30.1040577106145,-1.00195203047952,-1.00195124469585
2022-03-23 14:00:00,1848.58333333333,-30.217644390604,-1.02031890132935,-1.02031811522981
2022-03-23 14:30:00,1848.60416666667,-30.0963778840617,-1.00127355836096,-1.00127277194581
2022-03-23 15:00:00,1848.625,-30.3462924176909,-1.04135768693269,-1.04135690020219
2022-03-23 15:30:00,1848.64583333333,-30.1093256555556,-1.00388134371315,-1.00388055666755
2022-03-23 16:00:00,1848.66666666667,-30.461134247651,-1.06019740168915,-1.06019661432872
2022-03-23 16:30:00,1848.6875,-30.2027892125964,-1.0193156173223,-1.0193148296473
2022-03-23 17:00:00,1848.70833333333,-30.3073643243494,-1.03624733813964,-1.03624655015033
2022-03-23 17:30:00,1848.72916666667,-30.0943884726766,-1.00259302997303,-1.00259224166967
2022-03-23 18:00:00,1848.75,-29.933201295302,-0.977188761011492,-0.977187972394344
2022-03-23 18:30:00,1848.77083333333,-29.5540822722365,-0.917067859640226,-0.917067070709551
2022-03-23 19:00:00,1848.79166666667,-29.2869609328996,-0.87478833563251,-0.874787546388571
2022-03-23 19:30:00,1848.8125,-28.9619553719331,-0.823287880029997,-0.823287090473052
2022-03-23 20:00:00,1848.83333333333,-28.8313893067114,-0.802761841289096,-0.802761051419407
2022-03-23 20:30:00,1848.85416666667,-28.9233788296392,-0.81768913298701,-0.817688342804839
2022-03-23 21:00:00,1848.875,-28.3534405046468,-0.727170911659979,-0.727170121165583
2022-03-23 21:30:00,1848.89583333333,-28.114427477881,-0.689369392959272,-0.689368602152914
2022-03-23 22:00:00,1848.91666666667,-27.3859597181208,-0.573597451622723,-0.573596660504666
2022-03-23 22:30:00,1848.9375,-27.186260292268,-0.542058749807379,-0.542057958377882
2022-03-24 02:00:00,1849.08333333333,-21.5112379126394,0.360059607806975,0.360060401409246
2022-03-24 02:30:00,1849.10416666667,-20.5002430263451,0.520837728971579,0.5208385228832
2022-03-24 03:00:00,1849.125,-20.2282245517964,0.563896313913905,0.563897108134618
2022-03-24 03:30:00,1849.14583333333,-20.089902382439,0.585656916183754,0.585657710713301
2022-03-24 04:00:00,1849.16666666667,-20.0492286228625,0.591861991315371,0.591862786153486
2022-03-24 04:30:00,1849.1875,-18.4605955467532,0.84465802611729,0.844658821263713
2022-03-24 05:00:00,1849.20833333333,-18.1532993922156,0.893336108044687,0.893336903499158
2022-03-24 05:30:00,1849.22916666667,-18.1416342136585,0.894919898662958,0.894920694425214
2022-03-24 06:00:00,1849.25,-18.4505666359259,0.845432196828261,0.845432992898043
2022-03-24 06:30:00,1849.27083333333,-19.2927369898148,0.710999245924379,0.711000042301428
2022-03-24 07:00:00,1849.29166666667,-19.1401140366366,0.735037514259473,0.735038310943524
2022-03-24 07:30:00,1849.3125,-19.0936213368932,0.742169091947363,0.742169888938158
2022-03-24 08:00:00,1849.33333333333,-18.9816697445269,0.759728252609921,0.759729049907198
2022-03-24 08:30:00,1849.35416666667,-18.7440352721707,0.797308720506688,0.797309518110183
2022-03-24 09:00:00,1849.375,-18.7382963404192,0.797947997742319,0.797948795651774
2022-03-24 09:30:00,1849.39583333333,-18.7443076813187,0.796715382855548,0.796716181070705
2022-03-24 10:00:00,1849.41666666667,-18.9101115185874,0.770027643850471,0.770028442371063
2022-03-24 10:30:00,1849.4375,-19.1078241040741,0.738256753230212,0.738257552055982
2022-03-24 11:00:00,1849.45833333333,-18.9970269930931,0.75563161253563,0.755632411666316
2022-03-24 11:30:00,1849.47916666667,-18.9130291529126,0.768737263700212,0.76873806313555
2022-03-24 12:00:00,1849.5,-18.9822574292593,0.757433819888879,0.757434619628612
2022-03-24 13:00:00,1849.54166666667,-18.8811022563197,0.772997056182424,0.772997856530158
2022-03-24 13:30:00,1849.5625,-18.665090115407,0.80713241954085,0.807133220192198
2022-03-24 14:00:00,1849.58333333333,-18.5728659376289,0.821548206936818,0.821549007891516
2022-03-24 14:30:00,1849.60416666667,-18.567579101676,0.822114748714098,0.822115549971882
2022-03-24 15:00:00,1849.625,-18.5669888128492,0.821933062273954,0.821933863834566
2022-03-24 15:30:00,1849.64583333333,-18.4449883799419,0.841092033678283,0.841092835541464
2022-03-24 16:00:00,1849.66666666667,-18.5436546417526,0.825098578089466,0.825099380254948
2022-03-24 16:30:00,1849.6875,-18.4448476143123,0.84056269379718,0.840563496264709
2022-03-24 17:00:00,1849.70833333333,-18.297185866171,0.863809336662071,0.863810139431384
2022-03-24 17:30:00,1849.72916666667,-18.3272195916914,0.858748898861929,0.858749701932762
2022-03-24 18:00:00,1849.75,-18.2265866111732,0.874503696017883,0.874504499389977
2022-03-24 18:30:00,1849.77083333333,-18.1075390416357,0.893191885707357,0.893192689380454
2022-03-24 19:00:00,1849.79166666667,-18.0231654154275,0.90635642682485,0.906357230798681
2022-03-24 19:30:00,1849.8125,-17.936938918314,0.919816067015933,0.919816871290245
2022-03-24 20:00:00,1849.83333333333,-17.8880670278351,0.927325027125723,0.927325831700252
2022-03-24 20:30:00,1849.85416666667,-17.7486096836431,0.949264250230521,0.949265055105003
2022-03-24 21:00:00,1849.875,-17.7360595052045,0.950987006661929,0.950987811836106
2022-03-24 21:30:00,1849.89583333333,-17.8028720944767,0.940067153039335,0.940067958512949
2022-03-24 22:00:00,1849.91666666667,-17.7660979510309,0.94564867555441,0.945649481327191
2022-03-24 22:30:00,1849.9375,-17.8108067118959,0.938249848810965,0.93825065488266
2022-03-24 23:00:00,1849.95833333333,-17.6490669184015,0.963738359969943,0.963739166340288
2022-03-24 23:30:00,1849.97916666667,-17.5106453389535,0.985512198665562,0.985513005334294
2022-03-25,1850,-17.4759926022388,0.990755522292556,0.990756329259417
2022-03-25 03:30:00,1850.14583333333,-17.6865918647495,0.95526693812554,0.955267747171987
2022-03-25 04:00:00,1850.16666666667,-17.3775177223464,1.00422527492759,1.00422608427007
2022-03-25 04:30:00,1850.1875,-17.215523932696,1.02975354248364,1.0297543521219
2022-03-25 05:00:00,1850.20833333333,-17.2585999733333,1.02261397561788,1.02261478555166
2022-03-25 05:30:00,1850.22916666667,-17.2375436090909,1.02569068280324,1.02569149303227
2022-03-25 06:00:00,1850.25,-17.6525631856877,0.959300117147323,0.959300927671349
2022-03-25 06:30:00,1850.27083333333,-17.8900401606119,0.92119215100715,0.921192961825912
2022-03-25 07:00:00,1850.29166666667,-18.0376669533333,0.897397319330649,0.897398130443879
2022-03-25 07:30:00,1850.3125,-18.1691240838889,0.87617826265861,0.876179074066053
2022-03-25 08:00:00,1850.33333333333,-18.2354527044527,0.86533416047187,0.865334972173263
2022-03-25 08:30:00,1850.35416666667,-18.1549980782443,0.877872670726598,0.877873482721678
2022-03-25 09:00:00,1850.375,-18.12374984375,0.882572503991034,0.882573316279541
2022-03-25 09:30:00,1850.39583333333,-18.1065231946197,0.88503862509583,0.885039437677506
2022-03-25 10:00:00,1850.41666666667,-18.0247685483333,0.897784038704532,0.897784851579109
2022-03-25 10:30:00,1850.4375,-17.9370247944656,0.911483457911001,0.911484271078224
2022-03-25 11:00:00,1850.45833333333,-17.97581254375,0.905026254760159,0.905027068219766
2022-03-25 11:30:00,1850.47916666667,-17.8453074716667,0.925537455583332,0.925538269335058
2022-03-25 12:30:00,1850.52083333333,-17.570580712987,0.96874473352082,0.968745547856006
2022-03-25 13:00:00,1850.54166666667,-17.0494494391386,1.05148277729989,1.05148359192641
2022-03-25 13:30:00,1850.5625,-16.88920022,1.07673198856716,1.07673280348476
2022-03-25 14:00:00,1850.58333333333,-16.6682755446764,1.11164678009403,1.11164759530245
2022-03-25 14:30:00,1850.60416666667,-16.4836914732342,1.14077242421871,1.14077323971768
2022-03-25 15:00:00,1850.625,-16.8891441812734,1.07590472452585,1.07590554031511
2022-03-25 15:30:00,1850.64583333333,-16.85799978,1.0805871931812,1.08058800926049
2022-03-25 16:00:00,1850.66666666667,-17.0404136970315,1.05124960599193,1.051250422361
2022-03-25 16:30:00,1850.6875,-17.8184852122222,0.927023274660248,0.927024091318825
2022-03-25 17:00:00,1850.70833333333,-18.6029007524345,0.8017862725534,0.801787089501226
2022-03-25 17:30:00,1850.72916666667,-18.6311664333333,0.797004420369197,0.797005237606007
2022-03-25 18:00:00,1850.75,-19.2217129405556,0.702650767754736,0.702651585280274
2022-03-25 18:30:00,1850.77083333333,-19.320951745269,0.686562720296078,0.686563538110081
2022-03-25 19:00:00,1850.79166666667,-19.5940038099437,0.642786033403837,0.642786851506042
2022-03-25 19:30:00,1850.8125,-19.2568330833333,0.696218210359256,0.696219028749406
2022-03-25 20:00:00,1850.83333333333,-18.8052741064815,0.767872454480368,0.767873273158199
2022-03-25 21:30:00,1850.89583333333,-18.4936159478664,0.816681174431592,0.816681993970899
2022-03-25 22:00:00,1850.91666666667,-17.1549089195167,1.02965848611732,1.02965930594326
2022-03-25 22:30:00,1850.9375,-18.1397769802005,0.872488563002828,0.872489383115144
2022-03-25 23:00:00,1850.95833333333,-17.9918500078571,0.895773635532806,0.895774455931239
2022-03-25 23:30:00,1850.97916666667,-17.4450315445269,0.982602345039529,0.982603165723813
2022-03-26,1851,-17.6392541781076,0.951382615697001,0.951383436666877
2022-03-26 00:30:00,1851.02083333333,-18.5266541401003,0.809739180066964,0.809740001322171
2022-03-26 01:00:00,1851.04166666667,-18.1399291141844,0.871064703033561,0.871065524573835
2022-03-26 01:30:00,1851.0625,-18.6065444555556,0.796452433237185,0.796453255062267
2022-03-26 04:30:00,1851.1875,-20.0917814915966,0.558171127856842,0.558171951385286
2022-03-26 05:00:00,1851.20833333333,-20.2532499980952,0.532168530796338,0.532169354607765
2022-03-26 05:30:00,1851.22916666667,-21.8053358309833,0.284639537730447,0.28464036182459
2022-03-26 06:00:00,1851.25,-22.5767829612245,0.161466785726985,0.161467610103585
2022-03-26 06:30:00,1851.27083333333,-23.4676052710526,0.0192774202210406,0.0192782448798372
2022-03-26 07:00:00,1851.29166666667,-23.3977176207059,0.030129775854714,0.0301306007954429
2022-03-26 07:30:00,1851.3125,-21.6489332404453,0.308431518308618,0.308432343531021
2022-03-26 08:00:00,1851.33333333333,-21.0493079866419,0.403671328735285,0.403672154239103
2022-03-26 08:30:00,1851.35416666667,-21.5775964429825,0.319233617171602,0.319234442956568
2022-03-26 09:00:00,1851.375,-21.3116117501176,0.361324123966415,0.361324950032272
2022-03-26 09:30:00,1851.39583333333,-22.0931462694444,0.236544009817648,0.236544836164134
2022-03-26 10:00:00,1851.41666666667,-21.0926055677778,0.395649690030656,0.395650516657507
2022-03-26 10:30:00,1851.4375,-21.2558334114035,0.369366147536059,0.369366974443016
2022-03-26 11:00:00,1851.45833333333,-20.5156572821596,0.486995441739953,0.486996268926758
2022-03-26 12:00:00,1851.5,-22.8182323449814,0.119630819391208,0.119631647136916
2022-03-26 12:30:00,1851.52083333333,-23.2238752765363,0.0547301333201056,0.054730961344876
2022-03-26 13:00:00,1851.54166666667,-23.1557596945736,0.0652994553869923,0.0653002836905603
2022-03-26 13:30:00,1851.5625,-23.1028924234719,0.0734396490542356,0.0734404776363426
2022-03-26 14:00:00,1851.58333333333,-23.2740556723562,0.0458915592459322,0.04589238810632
2022-03-26 14:30:00,1851.60416666667,-23.3424052031599,0.0347217066890576,0.0347225358274565
2022-03-26 15:00:00,1851.625,-23.7004961379845,-0.0226042200556831,-0.0226033906395259
2022-03-26 15:30:00,1851.64583333333,-23.389934000489,0.0265867040093821,0.0265875337030334
2022-03-26 16:00:00,1851.66666666667,-24.0142189283859,-0.0731442388981953,-0.0731434089273139
2022-03-26 16:30:00,1851.6875,-24.3775547111317,-0.131305857871936,-0.131305027624083
2022-03-26 17:00:00,1851.70833333333,-24.4052634844961,-0.136001915738143,-0.136001085213576
2022-03-26 17:30:00,1851.72916666667,-24.2489780519512,-0.111387626412487,-0.111386795611477
2022-03-26 18:00:00,1851.75,-23.9892448383178,-0.0702940928921463,-0.0702932618149451
2022-03-26 18:30:00,1851.77083333333,-24.0503227090056,-0.0803060555813755,-0.0803052242282473
2022-03-26 19:00:00,1851.79166666667,-22.4160400384,0.179754066297398,0.179754897926188
2022-03-26 19:30:00,1851.8125,-22.692878062439,0.135371234659663,0.135372066563858
2022-03-26 20:00:00,1851.83333333333,-23.5423426794008,-0.000231483549809008,-0.000230651370467461
2022-03-26 20:30:00,1851.85416666667,-24.3861420762617,-0.134931789225753,-0.134930956771536
2022-03-26 21:00:00,1851.875,-24.7266800224,-0.189462247205459,-0.189461414476617
2022-03-26 21:30:00,1851.89583333333,-24.9234450031785,-0.22108963006595,-0.221088797062749
2022-03-26 22:00:00,1851.91666666667,-25.2029270816822,-0.265893966673082,-0.265893133395786
2022-03-26 22:30:00,1851.9375,-24.8528242872897,-0.210405044050805,-0.210404210499671
2022-03-26 23:00:00,1851.95833333333,-24.3387760296,-0.128799552863703,-0.128798719038991
2022-03-26 23:30:00,1851.97916666667,-24.2332000107317,-0.112264042079807,-0.112263207981786
2022-03-27,1852,-23.9790223979439,-0.0720562520153431,-0.0720554176442653
2022-03-27 00:30:00,1852.02083333333,-23.9021906020561,-0.0600998381036767,-0.0600990034598065
2022-03-27 01:00:00,1852.04166666667,-24.3621760112,-0.133658849320648,-0.133658014404249
2022-03-27 01:30:00,1852.0625,-23.8773243582927,-0.0567047020752267,-0.0567038668865585
2022-03-27 02:00:00,1852.08333333333,-24.2550991093458,-0.117167618102454,-0.117166782641774
2022-03-27 02:30:00,1852.10416666667,-24.3649850476636,-0.134955715466386,-0.134954879733964
2022-03-27 06:00:00,1852.25,-24.4890669136943,-0.156706062371094,-0.156705224743754
2022-03-27 06:30:00,1852.27083333333,-24.3710222395556,-0.138185134117721,-0.138184296220723
2022-03-27 07:00:00,1852.29166666667,-24.484484235807,-0.15654344421017,-0.156542606043779
2022-03-27 07:30:00,1852.3125,-24.3845799566915,-0.140912414441221,-0.140911576005694
2022-03-27 08:00:00,1852.33333333333,-24.7181369611465,-0.194332137144204,-0.1943312984398
2022-03-27 08:30:00,1852.35416666667,-24.6290978235556,-0.180432052632931,-0.180431213659919
2022-03-27 09:00:00,1852.375,-24.4660018756957,-0.154734725493477,-0.15473388625211
2022-03-27 09:30:00,1852.39583333333,-24.4546697784787,-0.153213548346983,-0.153212708837526
2022-03-27 10:00:00,1852.41666666667,-24.8419522133758,-0.215192011117988,-0.215191171340705
2022-03-27 10:30:00,1852.4375,-24.7240442261062,-0.196693338682925,-0.196692498638073
2022-03-27 11:30:00,1852.47916666667,-25.1985565858998,-0.272851985117016,-0.272851144537814
2022-03-27 12:00:00,1852.5,-25.6440037367347,-0.344096368725247,-0.344095527879257
2022-03-27 12:30:00,1852.52083333333,-26.7064691083333,-0.513632255744656,-0.513631414632142
2022-03-27 13:00:00,1852.54166666667,-26.6810419134884,-0.509866139386514,-0.509865298007741
2022-03-27 13:30:00,1852.5625,-26.8811317263451,-0.542025103354228,-0.542024261709453
2022-03-27 14:00:00,1852.58333333333,-27.369701325974,-0.620139163311303,-0.620138321400788
2022-03-27 14:30:00,1852.60416666667,-27.7419660237654,-0.679725829061672,-0.679724986885681
2022-03-27 15:00:00,1852.625,-27.5667767753488,-0.652102749696135,-0.652101907254924
2022-03-27 15:30:00,1852.64583333333,-28.1930371120594,-0.752151221663006,-0.752150378956838
2022-03-27 16:00:00,1852.66666666667,-28.0994582855288,-0.737528860179098,-0.737528017208238
2022-03-27 16:30:00,1852.6875,-28.0297280971875,-0.72670566342415,-0.726704820188855
2022-03-27 17:00:00,1852.70833333333,-27.9796215233645,-0.719008582071653,-0.719007738572185
2022-03-27 17:30:00,1852.72916666667,-28.8662915975701,-0.860540749732168,-0.860539905968791
2022-03-27 18:00:00,1852.75,-28.6652710603738,-0.828803085232596,-0.828802241205565
2022-03-27 18:30:00,1852.77083333333,-28.9719218375,-0.877937883369603,-0.877937039079182
2022-03-27 19:00:00,1852.79166666667,-29.0957534883721,-0.897949523489882,-0.897948678936336
2022-03-27 19:30:00,1852.8125,-28.4119925033645,-0.789311139002603,-0.789310294186189
2022-03-27 20:00:00,1852.83333333333,-28.7609869119626,-0.845191486103619,-0.845190641024599
2022-03-27 20:30:00,1852.85416666667,-28.32614687875,-0.77620650581714,-0.776205660475779
2022-03-27 21:00:00,1852.875,-28.2406186227907,-0.76286720056363,-0.762866354960184
2022-03-27 21:30:00,1852.89583333333,-28.3191607431776,-0.77566448276627,-0.775663636900999
2022-03-27 22:00:00,1852.91666666667,-29.2083552366541,-0.917599326525194,-0.917598480398363
2022-03-27 22:30:00,1852.9375,-28.9352500075,-0.874379053059655,-0.874378206671524
2022-03-27 23:00:00,1852.95833333333,-28.975302315814,-0.881045058246729,-0.881044211597558
2022-03-27 23:30:00,1852.97916666667,-29.031214968785,-0.890237686782814,-0.890236839872868
2022-03-28,1853,-29.5511196345794,-0.973344633610514,-0.973343786440051
2022-03-28 00:30:00,1853.02083333333,-29.281703175,-0.930712220145456,-0.930711372714733
2022-03-28 01:00:00,1853.04166666667,-29.3343581906977,-0.939386081849563,-0.939385234158849
2022-03-28 01:30:00,1853.0625,-30.1352710439252,-1.06725801075098,-1.06725716280053
2022-03-28 02:00:00,1853.08333333333,-30.2621439138318,-1.08775494756008,-1.08775409935015
2022-03-28 02:30:00,1853.10416666667,-30.956500095625,-1.19865244037461,-1.19865159190548
2022-03-28 03:00:00,1853.125,-30.8824092669767,-1.18713583413873,-1.18713498541065
2022-03-28 03:30:00,1853.14583333333,-31.1589495323365,-1.23147507056161,-1.23147422157484
2022-03-28 04:00:00,1853.16666666667,-31.2831009456075,-1.25153871272915,-1.25153786348395
2022-03-28 07:30:00,1853.3125,-31.5932064025794,-1.30294400961728,-1.3029431585704
2022-03-28 08:00:00,1853.33333333333,-31.5376855628571,-1.29438620241615,-1.29438535111292
2022-03-28 08:30:00,1853.35416666667,-31.7030742345083,-1.3210194966924,-1.3210186451331
2022-03-28 09:00:00,1853.375,-31.4750927755102,-1.28498870646318,-1.28498785464806
2022-03-28 09:30:00,1853.39583333333,-31.9893987936508,-1.36720490016729,-1.36720404809662
2022-03-28 10:00:00,1853.41666666667,-32.06522876,-1.37957160382131,-1.37957075149535
2022-03-28 11:00:00,1853.45833333333,-31.3994118680891,-1.27408054366475,-1.27407969082898
2022-03-28 11:30:00,1853.47916666667,-32.7859703139147,-1.49524740556323,-1.49524655247295
2022-03-28 12:00:00,1853.5,-33.4834494463035,-1.60664349860011,-1.60664264525557
2022-03-28 12:30:00,1853.52083333333,-33.362999728,-1.58774299937636,-1.58774214577783
2022-03-28 13:00:00,1853.54166666667,-34.0253877510204,-1.6935491698909,-1.69354831603865
2022-03-28 13:30:00,1853.5625,-34.9587550736549,-1.8425225945621,-1.84252174045638
2022-03-28 14:00:00,1853.58333333333,-35.1337179929961,-1.87068171386979,-1.87068085951086
2022-03-28 14:30:00,1853.60416666667,-34.98180008,-1.84676854100252,-1.84676768639065
2022-03-28 15:00:00,1853.625,-34.3233914348794,-1.74217109053582,-1.74217023567126
2022-03-28 15:30:00,1853.64583333333,-33.6935427531599,-1.64212332058391,-1.64212246546692
2022-03-28 16:00:00,1853.66666666667,-33.2776090196464,-1.57615241264636,-1.57615155727722
2022-03-28 16:30:00,1853.6875,-32.495320288,-1.4518209495664,-1.45182009394535
2022-03-28 17:00:00,1853.70833333333,-32.5762074042991,-1.46499407372534,-1.46499321785265
2022-03-28 17:30:00,1853.72916666667,-32.6295196386916,-1.4737745572795,-1.47377370115544
2022-03-28 18:00:00,1853.75,-32.7594390246063,-1.49475867256687,-1.49475781619169
2022-03-28 18:30:00,1853.77083333333,-32.372519688,-1.4334100677318,-1.43340921110575
2022-03-28 19:00:00,1853.79166666667,-33.1192041882022,-1.55264542186517,-1.55264456498853
2022-03-28 19:30:00,1853.8125,-32.6109233880374,-1.47196396447706,-1.47196310735008
2022-03-28 20:00:00,1853.83333333333,-32.5931788104126,-1.46942533548652,-1.46942447810947
2022-03-28 20:30:00,1853.85416666667,-32.278199996,-1.41953713773532,-1.41953628010845
2022-03-28 21:00:00,1853.875,-32.8655392895131,-1.51338891691414,-1.51338805903772
2022-03-28 21:30:00,1853.89583333333,-33.0272977709738,-1.53944542610069,-1.53944456797498
2022-03-28 22:00:00,1853.91666666667,-33.3585509854902,-1.5925026248421,-1.59250176646736
2022-03-28 22:30:00,1853.9375,-33.47723998,-1.61169824885446,-1.61169739023094
2022-03-28 23:00:00,1853.95833333333,-35.0324224736449,-1.85972837119707,-1.85972751232505
2022-03-28 23:30:00,1853.97916666667,-35.3181795080374,-1.90553816807891,-1.90553730895864
2022-03-29,1854,-35.5540430701961,-1.94339995648754,-1.94339909711928
2022-03-29 00:30:00,1854.02083333333,-35.5237913125,-1.9388694415452,-1.93886858192921
2022-03-29 01:00:00,1854.04166666667,-36.5069306492509,-2.09577290936425,-2.0957720495008
2022-03-29 01:30:00,1854.0625,-36.5645571521576,-2.10524157856622,-2.10524071845557
2022-03-29 02:00:00,1854.08333333333,-36.7526279667323,-2.13549017699421,-2.13548931663662
2022-03-29 02:30:00,1854.10416666667,-36.695560152,-2.12668807371776,-2.12668721311348
2022-03-29 03:00:00,1854.125,-37.1201812616822,-2.1946194174075,-2.19461855655679
2022-03-29 03:30:00,1854.14583333333,-37.1901793663551,-2.20605912003044,-2.20605825893357
2022-03-29 04:00:00,1854.16666666667,-36.7250254380392,-2.1322487783842,-2.13224791704144
2022-03-29 04:30:00,1854.1875,-36.474999696,-2.09270856752012,-2.09270770593172
2022-03-29 05:00:00,1854.20833333333,-36.4288934642991,-2.08565293731436,-2.08565207548058
2022-03-29 05:30:00,1854.22916666667,-36.4784934633645,-2.09384343496355,-2.09384257288465
2022-03-29 09:00:00,1854.375,-36.1563320892393,-2.04454876443117,-2.04454790064376
2022-03-29 10:00:00,1854.41666666667,-36.4717890954128,-2.09538061996386,-2.09537975569065
2022-03-29 10:30:00,1854.4375,-36.1872674193023,-2.05034586296028,-2.05034499844455
2022-03-29 11:00:00,1854.45833333333,-36.263404383859,-2.06276434163898,-2.06276347688101
2022-03-29 11:30:00,1854.47916666667,-36.9133617987013,-2.16659288456316,-2.1665920195632
2022-03-29 12:00:00,1854.5,-37.5510825385321,-2.2684721728321,-2.26847130759041
2022-03-29 12:30:00,1854.52083333333,-37.1821396239535,-2.20998927796086,-2.20998841247771
2022-03-29 13:00:00,1854.54166666667,-37.2538404580705,-2.22170130349062,-2.22170043776627
2022-03-29 13:30:00,1854.5625,-37.6123839558442,-2.27910762662928,-2.27910676066398
2022-03-29 17:00:00,1854.70833333333,-37.1722505398887,-2.21102624648498,-2.21102537884037
2022-03-29 17:30:00,1854.72916666667,-36.8013878246753,-2.15223808777031,-2.15223721988684
2022-03-29 18:00:00,1854.75,-37.344359452809,-2.23902444896033,-2.23902358083827
2022-03-29 18:30:00,1854.77083333333,-36.3414688875556,-2.07955391398669,-2.0795530456263
2022-03-29 19:00:00,1854.79166666667,-36.4222096239332,-2.09270667563697,-2.0927058070385
2022-03-29 19:30:00,1854.8125,-36.3837328972171,-2.08686806608266,-2.08686719724637
2022-03-29 20:00:00,1854.83333333333,-36.8412134393258,-2.16003585969257,-2.16003499061873
2022-03-29 20:30:00,1854.85416666667,-35.9303710931111,-2.01522889515825,-2.01522802584712
2022-03-29 21:00:00,1854.875,-36.3176703859259,-2.077216877138,-2.07721600758983
2022-03-29 21:30:00,1854.89583333333,-35.8286185112963,-1.99960154760398,-1.99960067781904
2022-03-29 22:00:00,1854.91666666667,-36.918269511236,-2.17347476982353,-2.17347389980208
2022-03-29 22:30:00,1854.9375,-35.8646896592018,-2.00592984138133,-2.00592897112363
2022-03-29 23:00:00,1854.95833333333,-35.084909242037,-1.88200141417381,-1.88200054368012
2022-03-29 23:30:00,1854.97916666667,-35.1407180103896,-1.89118299690381,-1.89118212617438
2022-03-30,1855,-35.9864834955056,-2.02620530465187,-2.02620443368698
2022-03-30 00:30:00,1855.02083333333,-34.3958489562222,-1.77310740291927,-1.77310653171917
2022-03-30 01:00:00,1855.04166666667,-34.6347870433333,-1.81146178345671,-1.81146091202167
2022-03-30 01:30:00,1855.0625,-33.9412504137291,-1.70127233067638,-1.70127145900664
2022-03-30 02:00:00,1855.08333333333,-35.6350454840909,-1.97138657909279,-1.97138570718862
2022-03-30 02:30:00,1855.10416666667,-34.4373733206667,-1.78088808622729,-1.78088721408896
2022-03-30 03:00:00,1855.125,-35.059146570872,-1.88022860325184,-1.88022773087961
2022-03-30 03:30:00,1855.14583333333,-34.4352081234201,-1.78112641190218,-1.7811255392963
2022-03-30 04:00:00,1855.16666666667,-35.2518988651685,-1.91151753510961,-1.91151666227034
2022-03-30 04:30:00,1855.1875,-34.2809600388889,-1.75713804585676,-1.75713717278438
2022-03-30 05:00:00,1855.20833333333,-33.3921152624535,-1.61583625256084,-1.61583537925559
2022-03-30 05:30:00,1855.22916666667,-32.8491225404453,-1.52962899379928,-1.52962812026143
2022-03-30 06:00:00,1855.25,-33.5959774842697,-1.64889544502234,-1.64889457125214
2022-03-30 06:30:00,1855.27083333333,-32.2746116020089,-1.43869289571308,-1.43869202171081
2022-03-30 07:00:00,1855.29166666667,-31.2071463362963,-1.2689369510622,-1.26893607682811
2022-03-30 07:30:00,1855.3125,-30.650183342037,-1.18050443802924,-1.18050356356359
2022-03-30 08:00:00,1855.33333333333,-31.3076291033708,-1.28552816252053,-1.28552728782358
2022-03-30 08:30:00,1855.35416666667,-29.8893946855876,-1.05989460606133,-1.05989373113334
2022-03-30 09:30:00,1855.39583333333,-30.0314749558442,-1.08311265872664,-1.08311178333735
2022-03-30 10:00:00,1855.41666666667,-29.6042820198516,-1.01535288297057,-1.01535200735103
2022-03-30 10:30:00,1855.4375,-30.662636359596,-1.18424190456927,-1.18424102871973
2022-03-30 11:00:00,1855.45833333333,-29.4775567790909,-0.995750354188834,-0.995749478109551
2022-03-30 11:30:00,1855.47916666667,-30.0164777135688,-1.08189337250181,-1.08189249619305
2022-03-30 12:00:00,1855.5,-31.0873016733706,-1.25276897748039,-1.25276810094241
2022-03-30 12:30:00,1855.52083333333,-32.8400201141414,-1.53227091515712,-1.53227003839019
2022-03-30 13:00:00,1855.54166666667,-32.6622345138952,-1.50424223409007,-1.50424135709445
2022-03-30 13:30:00,1855.5625,-33.6005138975881,-1.65400355703284,-1.65400267980878
2022-03-30 14:00:00,1855.58333333333,-34.0063268533333,-1.71894265197356,-1.71894177452133
2022-03-30 14:30:00,1855.60416666667,-34.8242947663158,-1.84953838057279,-1.84953750289265
2022-03-30 15:00:00,1855.625,-34.3843234412301,-1.77974354401088,-1.77974266610308
2022-03-30 18:30:00,1855.77083333333,-33.672144703154,-1.66834485173851,-1.66834397224443
2022-03-30 19:00:00,1855.79166666667,-33.694192955102,-1.67215049782722,-1.67214961810758
2022-03-30 19:30:00,1855.8125,-33.7172796193548,-1.67612161780203,-1.67612073785708
2022-03-30 20:00:00,1855.83333333333,-33.4965348341085,-1.64125026765301,-1.64124938748301
2022-03-30 20:30:00,1855.85416666667,-33.5335504139925,-1.64744038185674,-1.64743950146195
2022-03-30 21:00:00,1855.875,-33.4457155726766,-1.63374178869474,-1.63374090807542
2022-03-30 21:30:00,1855.89583333333,-31.8979175684588,-1.38747007428832,-1.38746919344473
2022-03-30 22:00:00,1855.91666666667,-31.4677846534615,-1.31924326116784,-1.31924238010024
2022-03-30 22:30:00,1855.9375,-29.65974078,-1.03151430153006,-1.03151342023872
2022-03-30 23:00:00,1855.95833333333,-28.1380351631481,-0.789399284591619,-0.789398403076786
2022-03-30 23:30:00,1855.97916666667,-27.9549641154122,-0.760529764881054,-0.760528883142999
2022-03-31,1856,-26.552819977,-0.537461084386353,-0.537460202425329
2022-03-31 00:30:00,1856.02083333333,-25.594605562037,-0.385110779762359,-0.385109897578628
2022-03-31 01:00:00,1856.04166666667,-27.2212430567718,-0.644529285170179,-0.644528402764004
2022-03-31 01:30:00,1856.0625,-28.3250716985663,-0.820664020311185,-0.820663137682824
2022-03-31 02:00:00,1856.08333333333,-28.194919205,-0.800224732345696,-0.800223849495406
2022-03-31 02:30:00,1856.10416666667,-28.0934314664815,-0.784351813880442,-0.784350930808491
2022-03-31 03:00:00,1856.125,-27.4130555683333,-0.676261651404718,-0.676260768111359
2022-03-31 03:30:00,1856.14583333333,-27.0120431316547,-0.612674341439154,-0.61267345792465
2022-03-31 04:00:00,1856.16666666667,-26.8215134888889,-0.582617144381312,-0.582616260645926
2022-03-31 04:30:00,1856.1875,-26.5978738077922,-0.547285547942526,-0.547284663986515
2022-03-31 05:00:00,1856.20833333333,-25.5482337538033,-0.380371555180317,-0.380370671003941
2022-03-31 05:30:00,1856.22916666667,-23.4002652430108,-0.0384931076809158,-0.0384922232844377
2022-03-31 06:00:00,1856.25,-22.8666283168582,0.046221111491329,0.0462219961076545
2022-03-31 06:30:00,1856.27083333333,-21.5465444146296,0.256216842722048,0.256217727557958
2022-03-31 07:00:00,1856.29166666667,-20.4800981666667,0.425807861178244,0.425808746233475
2022-03-31 07:30:00,1856.3125,-19.9733906767025,0.506232042329488,0.506232927603783
2022-03-31 08:00:00,1856.33333333333,-19.7923141099617,0.534782931589544,0.534783817082643
2022-03-31 09:00:00,1856.375,-19.3667569725417,0.60198485403186,0.601985739961787
2022-03-31 09:30:00,1856.39583333333,-18.8618849591837,0.682116430187394,0.682117316335344
2022-03-31 10:00:00,1856.41666666667,-18.6879515512111,0.709529197041482,0.709530083407192
2022-03-31 10:30:00,1856.4375,-18.4442159032,0.748061457682382,0.748062344265596
2022-03-31 11:00:00,1856.45833333333,-17.0514174222635,0.969640195847632,0.969641082648089
2022-03-31 11:30:00,1856.47916666667,-15.8662560319109,1.15814214424551,1.15814303126295
2022-03-31 12:00:00,1856.5,-15.4503771529412,1.22409678602193,1.2240976732561
2022-03-31 12:30:00,1856.52083333333,-15.299591978,1.24782175852575,1.24782264597638
2022-03-31 13:00:00,1856.54166666667,-14.9173710562152,1.30841455814474,1.30841544581157
2022-03-31 13:30:00,1856.5625,-14.535909093321,1.36888640236417,1.36888729024694
2022-03-31 14:00:00,1856.58333333333,-13.80669474,1.48475539821861,1.48475628631706
2022-03-31 14:30:00,1856.60416666667,-13.6762319744,1.50524278564353,1.5052436739574
2022-03-31 15:00:00,1856.625,-13.1747701018692,1.58483054333069,1.58483143185973
2022-03-31 15:30:00,1856.64583333333,-12.928347671028,1.62379028314785,1.62379117189179
2022-03-31 16:00:00,1856.66666666667,-12.6368561308772,1.66992951176825,1.66993040072684
2022-03-31 16:30:00,1856.6875,-12.5445920072,1.68433161809532,1.68433250726828
2022-03-31 20:00:00,1856.83333333333,-11.1573784667904,1.90324481862531,1.90324570929168
2022-03-31 20:30:00,1856.85416666667,-11.2770445320965,1.88388587593364,1.88388676681231
2022-03-31 21:00:00,1856.875,-11.3840063301688,1.86655067995343,1.86655157104414
2022-03-31 21:30:00,1856.89583333333,-11.3177231,1.87681348867545,1.87681437997795
2022-03-31 22:00:00,1856.91666666667,-11.1198905478664,1.90803214633154,1.90803303784556
2022-03-31 22:30:00,1856.9375,-11.2534805274583,1.88645490582149,1.88645579754677
2022-03-31 23:00:00,1856.95833333333,-11.196943035443,1.89516505542018,1.89516594735647
2022-03-31 23:30:00,1856.97916666667,-11.1507845953846,1.90222176267735,1.90222265482438
2022-04-01,1857,-11.2638111011111,1.88392014240574,1.88392103476326
2022-04-01 00:30:00,1857.02083333333,-12.196794455,1.73499875839884,1.73499965096659
2022-04-01 01:00:00,1857.04166666667,-13.1841244580169,1.57741986251524,1.57742075529295
2022-04-01 01:30:00,1857.0625,-12.7733939590909,1.64255295186664,1.64255384485406
2022-04-01 02:00:00,1857.08333333333,-11.6954925794444,1.81396678752757,1.81396768072442
2022-04-01 02:30:00,1857.10416666667,-12.5087537175926,1.68411703093599,1.68411792434203
2022-04-01 03:00:00,1857.125,-14.3874198388186,1.38454744750693,1.3845483411219
2022-04-01 03:30:00,1857.14583333333,-14.2157273151515,1.41160140977714,1.41160230360077
2022-04-01 04:00:00,1857.16666666667,-14.930837017963,1.2973870920438,1.29738798607584
2022-04-01 04:30:00,1857.1875,-15.8906741144444,1.14418747404606,1.14418836828625
2022-04-01 05:00:00,1857.20833333333,-16.5354050603376,1.04118443948617,1.04118533393424
2022-04-01 05:30:00,1857.22916666667,-16.6027879727273,1.03015330775181,1.03015420240751
2022-04-01 06:00:00,1857.25,-16.5950296201852,1.03109218176453,1.0310930766276
2022-04-01 06:30:00,1857.27083333333,-16.7512925742593,1.00590229300625,1.00590318807643
2022-04-01 07:00:00,1857.29166666667,-16.7815210567511,1.00078973425944,1.00079062953646
2022-04-01 07:30:00,1857.3125,-16.6037272560606,1.02881522253964,1.02881611802326
2022-04-01 08:30:00,1857.35416666667,-16.5187513925788,1.0417574020048,1.04175829790081
2022-04-01 09:00:00,1857.375,-17.027440530855,0.960425513749262,0.960426409851083
2022-04-01 09:30:00,1857.39583333333,-17.2527024944215,0.924243725778664,0.924244622086039
2022-04-01 10:00:00,1857.41666666667,-17.2192545472727,0.929274560313504,0.929275456826164
2022-04-01 10:30:00,1857.4375,-17.2387439667904,0.925872383398097,0.925873280115791
2022-04-01 11:00:00,1857.45833333333,-17.6481669998145,0.860353452127263,0.860354349049729
2022-04-01 11:30:00,1857.47916666667,-18.6690619855372,0.697426550791748,0.697427447918724
2022-04-01 12:00:00,1857.5,-18.8490908218182,0.668450176959409,0.668451074290637
2022-04-01 12:30:00,1857.52083333333,-19.2067588450835,0.611175702739241,0.611176600274466
2022-04-01 13:00:00,1857.54166666667,-18.5581057736549,0.714208847113266,0.714209744852218
2022-04-01 13:30:00,1857.5625,-18.1545646014583,0.778195439897933,0.778196337840363
2022-04-01 14:00:00,1857.58333333333,-18.0650908727273,0.792150813658467,0.792151711804112
2022-04-01 14:30:00,1857.60416666667,-18.050687844486,0.794147320379066,0.794148218727663
2022-04-01 15:00:00,1857.625,-18.099036265942,0.786147425552722,0.786148324104015
2022-04-01 15:30:00,1857.64583333333,-18.698983375625,0.69027741478354,0.690278313537273
2022-04-01 16:00:00,1857.66666666667,-18.7241090581818,0.685976817439102,0.685977716395005
2022-04-01 16:30:00,1857.6875,-18.6534803570093,0.696929911197369,0.696930810355193
2022-04-01 17:00:00,1857.70833333333,-18.9068951247191,0.656262598182765,0.656263497542246
2022-04-01 17:30:00,1857.72916666667,-19.4355833666667,0.571743973431958,0.571744872992835
2022-04-01 18:00:00,1857.75,-19.3221819072727,0.589510646412069,0.589511546174086
2022-04-01 21:00:00,1857.875,-21.272796896875,0.27698566224035,0.276986563203752
2022-04-01 21:30:00,1857.89583333333,-21.2541221115789,0.279661955648145,0.279662856810875
2022-04-01 22:00:00,1857.91666666667,-22.5695873245353,0.0698087437093481,0.0698096450711365
2022-04-01 22:30:00,1857.9375,-22.8730018739777,0.0211758754984358,0.0211767770590324
2022-04-01 23:00:00,1857.95833333333,-24.009328128125,-0.160140472636428,-0.160139570877286
2022-04-01 23:30:00,1857.97916666667,-24.0417974723629,-0.165611676310271,-0.165610774352844
2022-04-02,1858,-24.4708571246753,-0.234260049547574,-0.23425914739212
2022-04-02 00:30:00,1858.02083333333,-24.8530111254174,-0.295436369011,-0.295435466657775
2022-04-02 01:00:00,1858.04166666667,-24.216312496875,-0.19430878654715,-0.194307883996422
2022-04-02 01:30:00,1858.0625,-23.7774222481092,-0.124692270301972,-0.124691367553991
2022-04-02 02:00:00,1858.08333333333,-24.5903184914815,-0.254486286722101,-0.25448538377713
2022-04-02 02:30:00,1858.10416666667,-24.3620240555556,-0.218417933769766,-0.218417030628066
2022-04-02 03:00:00,1858.125,-24.8851093359375,-0.302044956419425,-0.302044053081253
2022-04-02 03:30:00,1858.14583333333,-24.6673468293617,-0.267654446998466,-0.26765354346408
2022-04-02 04:00:00,1858.16666666667,-25.1403648631481,-0.34330582106986,-0.343304917339523
2022-04-02 04:30:00,1858.1875,-25.1250888312963,-0.34117165127808,-0.341170747352046
2022-04-02 05:00:00,1858.20833333333,-25.7184531375,-0.435994371976039,-0.435993467854569
2022-04-02 05:30:00,1858.22916666667,-25.5352226397059,-0.407105035090257,-0.407104130773613
2022-04-02 06:00:00,1858.25,-25.6214259198148,-0.421136741183955,-0.421135836672394
2022-04-02 06:30:00,1858.27083333333,-25.5010000011111,-0.402252317827548,-0.402251413121329
2022-04-02 07:30:00,1858.3125,-26.5788108716216,-0.574547531406681,-0.574546626311922
2022-04-02 08:00:00,1858.33333333333,-26.3932193694624,-0.545282332548883,-0.545281427260243
2022-04-02 08:30:00,1858.35416666667,-26.8353283868275,-0.6160103244408,-0.616009418958541
2022-04-02 09:00:00,1858.375,-27.0221966762523,-0.64607833536214,-0.646077429686517
2022-04-02 09:30:00,1858.39583333333,-27.3283109189189,-0.695142361199631,-0.695141455330905
2022-04-02 10:00:00,1858.41666666667,-27.0247032010753,-0.647077292324768,-0.6470763862632
2022-04-02 10:30:00,1858.4375,-28.8923654769944,-0.944897134345756,-0.944896228091598
2022-04-02 11:00:00,1858.45833333333,-29.5738237187384,-1.05375387528148,-1.05375296883499
2022-04-02 11:30:00,1858.47916666667,-30.1549323824324,-1.14662490591922,-1.14662399928067
2022-04-02 12:00:00,1858.5,-29.8127074834409,-1.09240828935353,-1.09240738252317
2022-04-02 12:30:00,1858.52083333333,-29.4684163695167,-1.03786257239199,-1.03786166537008
2022-04-02 13:00:00,1858.54166666667,-29.2584560923364,-1.00471590279929,-1.00471499558609
2022-04-02 13:30:00,1858.5625,-29.6462142957143,-1.06678626333899,-1.06678535593476
2022-04-02 14:00:00,1858.58333333333,-29.1124128505376,-0.982051562310161,-0.982050654715153
2022-04-02 14:30:00,1858.60416666667,-29.0779476828037,-0.976861536075463,-0.976860628289943
2022-04-02 15:00:00,1858.625,-28.9942878476635,-0.963834813094893,-0.963833905119116
2022-04-02 15:30:00,1858.64583333333,-29.43290002,-1.03400644301598,-1.03400553485021
2022-04-02 16:00:00,1858.66666666667,-28.6134773967742,-0.903772279847031,-0.903771371491522
2022-04-02 16:30:00,1858.6875,-28.5506074573832,-0.894057548666387,-0.894056640121399
2022-04-02 17:00:00,1858.70833333333,-28.0920859680374,-0.821315291613588,-0.821314382879376
2022-04-02 17:30:00,1858.72916666667,-28.8115713414286,-0.936230418347627,-0.936229509424456
2022-04-02 18:00:00,1858.75,-27.6221225817204,-0.747051022227142,-0.747050113115267
2022-04-02 18:30:00,1858.77083333333,-27.1941027665421,-0.679167849754297,-0.679166940453978
2022-04-02 19:00:00,1858.79166666667,-27.4360149835514,-0.71800537736966,-0.718004467881158
2022-04-02 22:30:00,1858.9375,-23.4012361834646,-0.0773687593132054,-0.0773678485146503
2022-04-02 23:00:00,1858.95833333333,-22.2125579087719,0.111687413153163,0.111688324137838
2022-04-02 23:30:00,1858.97916666667,-21.8083673714286,0.175774080183234,0.175774991353763
2022-04-03,1859,-21.1430593595547,0.281456899270529,0.281457810626657
2022-04-03 00:30:00,1859.02083333333,-20.6585511401575,0.358338134019827,0.358339045561296
2022-04-03 01:00:00,1859.04166666667,-19.9094666996491,0.47736650170542,0.477367413431967
2022-04-03 01:30:00,1859.0625,-20.1781335714286,0.434266309928515,0.434267221839886
2022-04-03 02:00:00,1859.08333333333,-20.5526400326531,0.374305747839895,0.374306659935834
2022-04-03 02:30:00,1859.10416666667,-20.7316180826772,0.345492953342231,0.345493865622474
2022-04-03 03:00:00,1859.125,-20.2231154251748,0.426196278834166,0.426197191298456
2022-04-03 03:30:00,1859.14583333333,-20.5639203664815,0.371604248947203,0.371605161595282
2022-04-03 04:00:00,1859.16666666667,-20.180429973,0.432392935558004,0.432393848389611
2022-04-03 04:30:00,1859.1875,-20.9459882204724,0.310137304654952,0.310138217669832
2022-04-03 05:00:00,1859.20833333333,-20.0054930185315,0.459657159563228,0.459658072761125
2022-04-03 05:30:00,1859.22916666667,-20.3408111377778,0.405938992886117,0.405939906266763
2022-04-03 06:00:00,1859.25,-20.4884721725926,0.382114686091397,0.382115599654543
2022-04-03 07:00:00,1859.29166666667,-21.2069697375,0.267053770543494,0.267054684470855
2022-04-03 07:30:00,1859.3125,-20.4577526534545,0.386102645926481,0.386103560035564
2022-04-03 08:00:00,1859.33333333333,-21.3947453486989,0.236537050867429,0.236537965157979
2022-04-03 08:30:00,1859.35416666667,-21.4031150714286,0.234901711359114,0.234902625830864
2022-04-03 09:00:00,1859.375,-21.9099810564394,0.15385551350041,0.153856428153109
2022-04-03 09:30:00,1859.39583333333,-21.1463891098182,0.275194124536764,0.275195039370152
2022-04-03 10:00:00,1859.41666666667,-21.8714953975881,0.159381995532436,0.159382910546251
2022-04-03 10:30:00,1859.4375,-21.6313803361781,0.197330269790225,0.197331184984212
2022-04-03 11:00:00,1859.45833333333,-22.7049052863636,0.0260147040749359,0.0260156194488393
2022-04-03 11:30:00,1859.47916666667,-21.9740727290909,0.142134531369893,0.142135446923446
2022-04-03 12:00:00,1859.5,-24.6523061309833,-0.284812332095689,-0.284811416362736
2022-04-03 12:30:00,1859.52083333333,-24.1528990418692,-0.205558841829327,-0.205557925917235
2022-04-03 13:00:00,1859.54166666667,-24.0499922603846,-0.189468181140003,-0.189467265049033
2022-04-03 13:30:00,1859.5625,-24.2387636694545,-0.219842111831636,-0.219841195562044
2022-04-03 14:00:00,1859.58333333333,-24.9482953373832,-0.333173571051246,-0.333172654603286
2022-04-03 14:30:00,1859.60416666667,-24.8552939805243,-0.318660993033575,-0.318660076407515
2022-04-03 15:00:00,1859.625,-25.1872422738462,-0.37184324503643,-0.37184232823252
2022-04-03 15:30:00,1859.64583333333,-25.0481054578182,-0.349981349510374,-0.349980432528873
2022-04-03 16:00:00,1859.66666666667,-24.883571971215,-0.324073793207909,-0.32407287604908
2022-04-03 16:30:00,1859.6875,-24.3830056461682,-0.244636012564279,-0.244635095228376
2022-04-03 17:00:00,1859.70833333333,-23.9976808023077,-0.183556329143949,-0.183555411631227
2022-04-03 17:30:00,1859.72916666667,-23.9117999894545,-0.17017834072805,-0.170177423038776
2022-04-03 18:00:00,1859.75,-23.8420915403738,-0.159376668257746,-0.159375750392171
2022-04-03 18:30:00,1859.77083333333,-23.698755175514,-0.136846062989309,-0.136845144947692
2022-04-03 19:00:00,1859.79166666667,-23.0828500369231,-0.0390349611241613,-0.0390340429067635
2022-04-03 19:30:00,1859.8125,-23.1592291138182,-0.0515052762239274,-0.0515043578310041
2022-04-03 20:00:00,1859.83333333333,-22.6381925437383,0.0311931014756067,0.0311940200438003
2022-04-03 20:30:00,1859.85416666667,-22.4426217089888,0.0620445083096025,0.0620454270527996
2022-04-04,1860,-20.0972686302483,0.433537458668187,0.433538378629229
2022-04-04 00:30:00,1860.02083333333,-20.05866312,0.439383805374729,0.439384725508717
2022-04-04 01:00:00,1860.04166666667,-21.3416827512059,0.234694276302337,0.234695196609011
2022-04-04 01:30:00,1860.0625,-23.5775602794063,-0.121786242941945,-0.121785322462841
2022-04-04 02:00:00,1860.08333333333,-24.5504797315315,-0.277076684359902,-0.277075763708625
2022-04-04 02:30:00,1860.10416666667,-24.7649263631579,-0.311541909637353,-0.311540988814163
2022-04-04 03:00:00,1860.125,-25.0682838571429,-0.360170744965262,-0.360169823970413
2022-04-04 03:30:00,1860.14583333333,-24.8308107857143,-0.322644930839667,-0.322644009673418
2022-04-04 04:00:00,1860.16666666667,-24.2826396103604,-0.235624732792254,-0.235623811454867
2022-04-04 04:30:00,1860.1875,-24.2951666947917,-0.237924214233627,-0.237923292725355
2022-04-04 05:00:00,1860.20833333333,-24.3038314677778,-0.239608472685955,-0.239607551007056
2022-04-04 05:30:00,1860.22916666667,-24.0523759427778,-0.199855427729257,-0.199854505879993
2022-04-04 06:30:00,1860.27083333333,-23.5990924854626,-0.128255186474926,-0.128254264285694
2022-04-04 07:00:00,1860.29166666667,-23.5510588423529,-0.120907530273181,-0.120906607914356
2022-04-04 07:30:00,1860.3125,-23.5072825189591,-0.114238113933865,-0.114237191405702
2022-04-04 08:00:00,1860.33333333333,-23.6379165076067,-0.135352430688917,-0.135351507991673
2022-04-04 08:30:00,1860.35416666667,-23.6831762218062,-0.142866610226359,-0.142865687360295
2022-04-04 09:00:00,1860.375,-23.6093765,-0.131414582199142,-0.13141365916451
2022-04-04 09:30:00,1860.39583333333,-23.8011799679035,-0.162273377729422,-0.162272454526482
2022-04-04 10:00:00,1860.41666666667,-24.0469869843866,-0.201735022734508,-0.20173409936352
2022-04-04 10:30:00,1860.4375,-23.9958347867841,-0.193890898280418,-0.193889974741638
2022-04-04 11:00:00,1860.45833333333,-24.1302353635294,-0.215605508894625,-0.215604585188309
2022-04-04 11:30:00,1860.47916666667,-24.5576579756506,-0.283998784618784,-0.283997860745193
2022-04-04 12:00:00,1860.5,-24.7517959137291,-0.315229690498138,-0.315228766457523
2022-04-04 12:30:00,1860.52083333333,-25.692657025167,-0.465414176910517,-0.465413252703139
2022-04-04 13:00:00,1860.54166666667,-25.9598940917647,-0.508289916960136,-0.508288992586256
2022-04-04 13:30:00,1860.5625,-26.3444840798131,-0.569860106579864,-0.569859182039735
2022-04-04 14:00:00,1860.58333333333,-26.725685307635,-0.630890509556025,-0.630889584849905
2022-04-04 15:30:00,1860.64583333333,-27.1786388056367,-0.703960921695393,-0.703959996492845
2022-04-04 16:30:00,1860.6875,-27.0430482525046,-0.682971206195746,-0.682970280663535
2022-04-04 17:00:00,1860.70833333333,-27.1648979525046,-0.702686996326633,-0.702686070629975
2022-04-04 17:30:00,1860.72916666667,-27.4753608889724,-0.752449054820857,-0.752448128960012
2022-04-04 18:00:00,1860.75,-27.489885695,-0.755068002624412,-0.755067076599635
2022-04-04 19:00:00,1860.79166666667,-28.0044227100559,-0.837644523217014,-0.837643596865143
2022-04-04 20:00:00,1860.83333333333,-28.0621041174721,-0.84744379844671,-0.847442871768775
2022-04-04 20:30:00,1860.85416666667,-28.5050966522305,-0.918318185886396,-0.918317259045817
2022-04-04 21:30:00,1860.89583333333,-28.0717625018553,-0.84989860040043,-0.849897673235327
2022-04-04 22:30:00,1860.9375,-26.8120632133829,-0.649838636511039,-0.649837709022445
2022-04-05 01:30:00,1861.0625,-24.0753530117647,-0.215712913212878,-0.215711984759977
2022-04-05 02:00:00,1861.08333333333,-23.0626514792079,-0.054694685401624,-0.0546937567889036
2022-04-05 02:30:00,1861.10416666667,-23.7059591204461,-0.157479946684447,-0.157479017912167
2022-04-05 03:30:00,1861.14583333333,-22.2832912795918,0.0685401356285621,0.068541064719198
2022-04-05 04:00:00,1861.16666666667,-23.5940589235294,-0.140572113736048,-0.140571184486626
2022-04-05 04:30:00,1861.1875,-22.5548653368317,0.0246660961036779,0.0246670255116367
2022-04-05 05:00:00,1861.20833333333,-22.2533197540892,0.0723964076731114,0.0723973372393479
2022-04-05 06:30:00,1861.27083333333,-22.7272825068773,-0.0040248075495945,-0.00402387751006572
2022-04-05 07:00:00,1861.29166666667,-23.52540905,-0.131473227508965,-0.131472297312191
2022-04-05 07:30:00,1861.3125,-22.6380020806911,0.00958500165336734,0.00958593200713731
2022-04-05 08:00:00,1861.33333333333,-22.4379925818182,0.0411402786801341,0.0411412091906411
2022-04-05 09:00:00,1861.375,-22.977250457885,-0.0453767759437366,-0.0453758451205288
2022-04-05 09:30:00,1861.39583333333,-23.8622271386364,-0.186660704057246,-0.186659773078068
2022-04-05 10:00:00,1861.41666666667,-23.1924202068687,-0.0802665353443479,-0.0802656042094658
2022-04-05 10:30:00,1861.4375,-22.7661061776536,-0.0126610036870963,-0.0126600723967575
2022-04-05 11:30:00,1861.47916666667,-22.8531780805195,-0.0271449465992129,-0.0271440149987397
2022-04-05 12:00:00,1861.5,-24.4705226659091,-0.285095823464424,-0.285094891709267
2022-04-05 12:30:00,1861.52083333333,-24.598414982996,-0.305775933126941,-0.305775001217354
2022-04-05 13:00:00,1861.54166666667,-25.6940280080224,-0.480614686588915,-0.480613754525163
2022-04-05 14:00:00,1861.58333333333,-26.8170895505597,-0.660132954423332,-0.660132022052005
2022-04-05 14:30:00,1861.60416666667,-27.2731364454545,-0.733088496516144,-0.733087563991419
2022-04-05 15:00:00,1861.625,-27.1034908393075,-0.706370819387599,-0.706369886709729
2022-04-05 15:30:00,1861.64583333333,-26.6385751252319,-0.632616446345242,-0.63261551351448
2022-04-05 16:30:00,1861.6875,-26.6288163103896,-0.631676054747087,-0.631675121611321
2022-04-05 17:00:00,1861.70833333333,-26.6332272636364,-0.632685884808281,-0.632684951520396
2022-04-05 17:30:00,1861.72916666667,-26.3846578949393,-0.593395811926449,-0.593394878486705
2022-04-05 18:00:00,1861.75,-25.6431840347584,-0.475585744401655,-0.475584810810304
2022-04-05 19:00:00,1861.79166666667,-24.9211423078652,-0.36117860696514,-0.361177673071348
2022-04-05 19:30:00,1861.8125,-25.0179765813953,-0.376911753227738,-0.376910819183105
2022-04-05 20:00:00,1861.83333333333,-24.7801356251012,-0.339330939144836,-0.339330004949622
2022-04-05 20:30:00,1861.85416666667,-24.4149220801484,-0.281459623555766,-0.28145868921023
2022-04-05 21:30:00,1861.89583333333,-23.6706938491651,-0.163518589251165,-0.163517654605745
2022-04-05 22:00:00,1861.91666666667,-23.0034545545455,-0.0575344843398131,-0.0575335495448425
2022-04-05 22:30:00,1861.9375,-21.962240390101,0.10802404185025,0.108024976794523
2022-04-05 23:00:00,1861.95833333333,-21.3017346910946,0.212935394745011,0.212936329838329
2022-04-06,1862,-20.9274165493433,0.271949060374931,0.271949995765566
2022-04-06 03:00:00,1862.125,-21.530340558952,0.174055368749668,0.174056305026113
2022-04-06 03:30:00,1862.14583333333,-21.3701812644013,0.199260799407446,0.199261735830631
2022-04-06 04:00:00,1862.16666666667,-21.7605937085343,0.136759716350021,0.136760652919686
2022-04-06 05:00:00,1862.20833333333,-21.6110148679035,0.159971402391908,0.159972339253777
2022-04-06 06:00:00,1862.25,-21.5810640405983,0.164126091707202,0.164127028860244
2022-04-06 06:30:00,1862.27083333333,-21.3024983593443,0.208193491188835,0.208194428487083
2022-04-06 07:00:00,1862.29166666667,-21.2396133587361,0.217902762054962,0.217903699498156
2022-04-06 08:00:00,1862.33333333333,-21.5147551142857,0.173455648414561,0.173456586146885
2022-04-06 08:30:00,1862.35416666667,-22.2403974854701,0.0575518195183616,0.057552757394863
2022-04-06 09:00:00,1862.375,-22.3406983534426,0.0412652970581887,0.0412662350786184
2022-04-06 09:30:00,1862.39583333333,-22.6197007152416,-0.00348854293369999,-0.00348760476960353
2022-04-06 10:30:00,1862.4375,-21.9719573538033,0.0990801832407449,0.0990811216914136
2022-04-06 11:00:00,1862.45833333333,-21.9292477410256,0.105575165346941,0.10557610394051
2022-04-06 11:30:00,1862.47916666667,-22.2542973986928,0.0534857911612594,0.0534867298974714
2022-04-06 12:00:00,1862.5,-21.4720221683333,0.177794021281173,0.177794960159779
2022-04-06 13:00:00,1862.54166666667,-21.9894759531481,0.0947455925445887,0.0947465317072111
2022-04-06 13:30:00,1862.5625,-21.7708333435897,0.129266618634258,0.129267557938502
2022-04-06 14:00:00,1862.58333333333,-21.3672730490132,0.193245122584987,0.193246062030604
2022-04-06 14:30:00,1862.60416666667,-19.4186463124074,0.503353773407238,0.503354712993965
2022-04-06 15:30:00,1862.64583333333,-17.947022235436,0.737166454603025,0.737167394471212
2022-04-06 16:00:00,1862.66666666667,-17.5568461811966,0.799012673872346,0.799013613880877
2022-04-06 16:30:00,1862.6875,-17.5110097836601,0.806005298450833,0.806006238599459
2022-04-06 17:00:00,1862.70833333333,-18.0829259192593,0.714589461778105,0.714590402066565
2022-04-06 18:00:00,1862.75,-18.2328166738889,0.690093258655934,0.6900941992233
2022-04-06 18:30:00,1862.77083333333,-18.6026153666667,0.63087475149062,0.63087569219706
2022-04-06 19:00:00,1862.79166666667,-18.7592941343137,0.605606359586105,0.605607300431357
2022-04-06 19:30:00,1862.8125,-18.6785352050302,0.618161921407604,0.618162862391412
2022-04-06 20:30:00,1862.85416666667,-18.8239073922222,0.594385118399463,0.594386059659625
2022-04-06 21:00:00,1862.875,-19.3709358910256,0.506933571327139,0.506934512725092
2022-04-06 21:30:00,1862.89583333333,-19.3256196659016,0.513842921160949,0.513843862696443
2022-04-06 22:00:00,1862.91666666667,-20.1107018442593,0.388469171034505,0.38847011270728
2022-04-06 23:00:00,1862.95833333333,-19.9671110938889,0.41072396155171,0.410724903498286
2022-04-06 23:30:00,1862.97916666667,-19.7942350324786,0.437953521209167,0.437954463292258
2022-04-07,1863,-19.8281762262295,0.432236903611424,0.432237845830781
2022-04-07 00:30:00,1863.02083333333,-19.8773822025974,0.424088554560174,0.424089496915542
2022-04-07 01:30:00,1863.0625,-20.1315299316479,0.382982914136157,0.38298385676277
2022-04-07 04:30:00,1863.1875,-21.5775478511962,0.150771077451427,0.150772020885672
2022-04-07 05:00:00,1863.20833333333,-21.5819916433333,0.149753012055065,0.14975395562302
2022-04-07 06:00:00,1863.25,-21.4522268771267,0.169804178985459,0.169805122820076
2022-04-07 07:00:00,1863.29166666667,-21.8717360613383,0.102355452306576,0.10235639640683
2022-04-07 07:30:00,1863.3125,-21.7712377920746,0.118054531297096,0.118055475529793
2022-04-07 08:00:00,1863.33333333333,-21.6980459577982,0.129403635602502,0.129404579967385
2022-04-07 08:30:00,1863.35416666667,-20.8821799606679,0.259061224736233,0.259062169233043
2022-04-07 09:30:00,1863.39583333333,-20.8994693003724,0.255686006136345,0.255686950896251
2022-04-07 10:00:00,1863.41666666667,-20.646769204662,0.295630744852313,0.295631689743381
2022-04-07 10:30:00,1863.4375,-20.5026908218182,0.318271927207101,0.318272872229083
2022-04-07 11:00:00,1863.45833333333,-19.9968905820037,0.398535620028847,0.398536565181483
2022-04-07 12:00:00,1863.5,-19.6507421434137,0.45305590063573,0.453056846048914
2022-04-07 12:30:00,1863.52083333333,-19.7618528189252,0.435045124514721,0.435046070057801
2022-04-07 13:00:00,1863.54166666667,-19.7405363118182,0.438130053538797,0.438130999211507
2022-04-07 13:30:00,1863.5625,-19.8385539026022,0.42220493585102,0.422205881653116
2022-04-07 14:30:00,1863.60416666667,-19.7210911286245,0.440295030061934,0.440295976122034
2022-04-07 15:00:00,1863.625,-19.9190699025641,0.408445905782262,0.408446851970979
2022-04-07 15:30:00,1863.64583333333,-19.8845909654545,0.413627421508992,0.413628367826078
2022-04-07 16:00:00,1863.66666666667,-19.7243747573284,0.438838934920984,0.438839881366179
2022-04-07 17:00:00,1863.70833333333,-20.9047802325885,0.250177294946342,0.250178241646997
2022-04-07 17:30:00,1863.72916666667,-20.8847855752914,0.253051297023372,0.253052243851372
2022-04-07 18:00:00,1863.75,-20.9217181472727,0.246856711513966,0.246857658469064
2022-04-07 18:30:00,1863.77083333333,-20.3362100234201,0.339817334413022,0.339818281494963
2022-04-07 19:30:00,1863.8125,-19.618666070872,0.45350000197027,0.453500949305122
2022-04-07 20:00:00,1863.83333333333,-19.4161002426573,0.485457526033313,0.485458473494246
2022-04-07 20:30:00,1863.85416666667,-19.3035909490909,0.503068940689252,0.503069888276004
2022-04-07 21:00:00,1863.875,-18.100264455121,0.694448275838738,0.694449223551056
2022-04-07 22:00:00,1863.91666666667,-17.098313548423,0.853436783811611,0.853437731774305
2022-04-07 22:30:00,1863.9375,-16.2318313659763,0.991156462535356,0.991157410622861
2022-04-07 23:00:00,1863.95833333333,-15.9510181581818,1.03557861618827,1.03557956440032
2022-04-07 23:30:00,1863.97916666667,-15.657278287384,1.08205995765255,1.0820609059889
2022-04-08 00:30:00,1864.02083333333,-15.5527402697588,1.09808956246873,1.09809051105292
2022-04-08 01:00:00,1864.04166666667,-15.2429393892774,1.14712931796499,1.14713026667271
2022-04-08 01:30:00,1864.0625,-15.1047909163636,1.16882468358809,1.16882563241909
2022-04-08 02:00:00,1864.08333333333,-15.2059480372913,1.15239845845869,1.15239940741273
2022-04-08 03:00:00,1864.125,-15.1647167050657,1.15834287642302,1.15834382562235
2022-04-08 06:00:00,1864.25,-16.0556400857143,1.01454593377957,1.01454688370869
2022-04-08 07:00:00,1864.29166666667,-15.8528793619666,1.04622148479698,1.04622243496733
2022-04-08 07:30:00,1864.3125,-15.9547777111111,1.02967675905057,1.02967770934116
2022-04-08 08:00:00,1864.33333333333,-15.7359811296226,1.0642189267636,1.06421987717418
2022-04-08 08:30:00,1864.35416666667,-16.123565887384,1.00216407568359,1.00216502621389
2022-04-08 09:30:00,1864.39583333333,-15.9189258020408,1.03413862891695,1.03413957968595
2022-04-08 10:00:00,1864.41666666667,-15.8422223222222,1.04604511174092,1.0460460626289
2022-04-08 10:30:00,1864.4375,-15.8133565992453,1.05033096775183,1.05033191875852
2022-04-08 11:00:00,1864.45833333333,-15.6656684959259,1.07354527594049,1.07354622706564
2022-04-08 12:00:00,1864.5,-15.5219537212963,1.09581400421155,1.09581495557287
2022-04-08 12:30:00,1864.52083333333,-15.3759999777778,1.11875191411663,1.11875286559565
2022-04-08 13:00:00,1864.54166666667,-15.2802900131827,1.13368591637183,1.13368686796829
2022-04-08 13:30:00,1864.5625,-15.7250722231481,1.06251909125479,1.06252004296846
2022-04-08 14:30:00,1864.60416666667,-15.306265296846,1.12860981844682,1.12861077039411
2022-04-08 15:00:00,1864.625,-15.2743334222222,1.13338377474374,1.13338472680746
2022-04-08 15:30:00,1864.64583333333,-15.0453069721281,1.16955500019718,1.16955595237709
2022-04-08 16:00:00,1864.66666666667,-16.0031740738889,1.01665319714933,1.01665414944517
2022-04-08 17:00:00,1864.70833333333,-17.1249555472222,0.837326715935464,0.8373276684624
2022-04-08 17:30:00,1864.72916666667,-18.8984444888889,0.554495658611769,0.554496611253871
2022-04-08 18:00:00,1864.75,-18.8218568546139,0.566383084561519,0.566384037318541
2022-04-08 18:30:00,1864.77083333333,-19.6145092781481,0.439799910811153,0.439800863682835
2022-04-08 19:30:00,1864.8125,-19.8010519304267,0.409457268709126,0.409458221809376
2022-04-08 20:00:00,1864.83333333333,-20.3954444555556,0.314456926730017,0.314457879944174
2022-04-08 20:30:00,1864.85416666667,-19.934580026177,0.387559734542548,0.387560687870354
2022-04-08 21:00:00,1864.875,-19.9875037318519,0.378815688160974,0.378816641602174
2022-04-08 22:00:00,1864.91666666667,-19.4602666531481,0.46217829587143,0.462179249538668
2022-04-08 22:30:00,1864.9375,-18.4274444555556,0.62639423664619,0.626395190426066
2022-04-08 23:00:00,1864.95833333333,-17.1191751288136,0.834489064972177,0.834490018864442
2022-04-08 23:30:00,1864.97916666667,-15.9096716027829,1.02685039374551,1.02685134774991
2022-04-09 00:30:00,1865.02083333333,-15.9397296316667,1.02143512316628,1.02143607739419
2022-04-09 01:00:00,1865.04166666667,-16.7544443333333,0.891336931217145,0.891337885556422
2022-04-09 01:30:00,1865.0625,-16.2315112984906,0.974326942834193,0.974327897284596
2022-04-09 02:00:00,1865.08333333333,-16.5552573914815,0.922440327620897,0.922441282182174
2022-04-09 03:00:00,1865.125,-16.6994100033395,0.898849341048215,0.898850295830466
2022-04-09 03:30:00,1865.14583333333,-18.1928888888889,0.660623346158697,0.660624301051064
2022-04-09 04:00:00,1865.16666666667,-17.0255909119318,0.84626097033196,0.846261925334183
2022-04-09 07:30:00,1865.3125,-16.8922662899441,0.865302213585097,0.865303169349261
2022-04-09 08:30:00,1865.35416666667,-16.5440297903346,0.920148363150659,0.920149319130243
2022-04-09 09:00:00,1865.375,-16.7241773453202,0.891136587813549,0.891137543900471
2022-04-09 09:30:00,1865.39583333333,-16.4978985238806,0.926868788562531,0.926869744756539
2022-04-09 10:00:00,1865.41666666667,-16.6268081973929,0.906019172168092,0.906020128468927
2022-04-09 11:00:00,1865.45833333333,-16.3033929247672,0.956910921581697,0.956911878095435
2022-04-09 11:30:00,1865.47916666667,-16.4028382696078,0.940754885815464,0.940755842435271
2022-04-09 12:00:00,1865.5,-16.2345773979167,0.967244605734572,0.967245562460203
2022-04-09 12:30:00,1865.52083333333,-15.3290018515829,1.11118904434432,1.11119000117552
2022-04-09 13:30:00,1865.5625,-15.696294993692,1.05205009075974,1.05205104780131
2022-04-09 14:00:00,1865.58333333333,-16.4609556413793,0.929924602710132,0.929925559856526
2022-04-09 14:30:00,1865.60416666667,-16.4266606818452,0.93507327812147,0.935074235372415
2022-04-09 15:00:00,1865.625,-16.0657889109259,0.992245837289754,0.992246794645011
2022-04-09 16:00:00,1865.66666666667,-16.6202944327778,0.903283460900642,0.903284418463759
2022-04-09 16:30:00,1865.6875,-16.8972082491667,0.858856213465492,0.858857171132158
2022-04-09 17:00:00,1865.70833333333,-16.7666606559524,0.87933782424578,0.87933878201575
2022-04-09 17:30:00,1865.72916666667,-19.6093419923792,0.426181906357273,0.426182864230288
2022-04-09 18:30:00,1865.77083333333,-18.5782949866419,0.58979882575735,0.589799783835707
2022-04-09 19:00:00,1865.79166666667,-21.6674314014706,0.0973823315887697,0.0973832897694162
2022-04-09 19:30:00,1865.8125,-22.3312626892537,-0.00868135799809783,-0.00868039971540707
2022-04-09 20:00:00,1865.83333333333,-23.614052039777,-0.213345544563747,-0.213344586179264
2022-04-09 21:00:00,1865.875,-22.5498759624074,-0.0444514932722033,-0.0444505346849028
2022-04-09 21:30:00,1865.89583333333,-22.7625539382353,-0.0786462786996117,-0.0786453200112737
2022-04-09 22:00:00,1865.91666666667,-22.8735386422619,-0.0966412883656144,-0.096640329576497
2022-04-09 22:30:00,1865.9375,-22.950840707037,-0.109270664596152,-0.109269705706507
2022-04-09 23:30:00,1865.97916666667,-21.791594827881,0.0747677231824022,0.0747686822723543
2022-04-10,1866,-22.250240229902,0.00138997585613623,0.00139093504586771
2022-04-10 00:30:00,1866.02083333333,-22.4065118860119,-0.0238194525723124,-0.0238184932830594
2022-04-10 01:00:00,1866.04166666667,-22.8408574040741,-0.0933262807902344,-0.0933253214017114
2022-04-10 02:00:00,1866.08333333333,-23.0016110996296,-0.119565117407254,-0.119564157820939
2022-04-10 02:30:00,1866.10416666667,-23.0114559147059,-0.121448784639908,-0.121447824955078
2022-04-10 03:00:00,1866.125,-22.7920862803571,-0.0868184609834021,-0.0868175012003012
2022-04-10 03:30:00,1866.14583333333,-22.8987309510204,-0.104122483752506,-0.104121523871386
2022-04-10 05:00:00,1866.20833333333,-23.0354813539033,-0.126853479799667,-0.12685251962601
2022-04-10 05:30:00,1866.22916666667,-23.6088270906542,-0.218503454155981,-0.218502493885316
2022-04-10 06:00:00,1866.25,-23.6444468328125,-0.224493327769204,-0.224492367401776
2022-04-10 09:00:00,1866.375,-24.9503394729128,-0.434417419361917,-0.434416458419212
2022-04-10 10:00:00,1866.41666666667,-25.0406667190476,-0.449438375014574,-0.449437413882117
2022-04-10 10:30:00,1866.4375,-25.4431628884712,-0.513872233995346,-0.513871272768392
2022-04-10 11:00:00,1866.45833333333,-25.432871475,-0.512548770094371,-0.512547808773165
2022-04-10 11:30:00,1866.47916666667,-25.2886326923933,-0.489887428585709,-0.489886467170508
2022-04-10 12:30:00,1866.52083333333,-25.0985111546468,-0.46023303291615,-0.460232071313706
2022-04-10 13:00:00,1866.54166666667,-25.7811437348624,-0.56929299220248,-0.569292030506794
2022-04-10 13:30:00,1866.5625,-25.4533500271429,-0.517391355611614,-0.51739039382293
2022-04-10 14:00:00,1866.58333333333,-26.3385555422222,-0.658721395850215,-0.658720433968791
2022-04-10 15:00:00,1866.625,-26.989181492037,-0.76299901409479,-0.762998052028629
2022-04-10 15:30:00,1866.64583333333,-26.8774461280702,-0.745515761072362,-0.745514798914207
2022-04-10 16:00:00,1866.66666666667,-26.7140992751773,-0.719810794633202,-0.71980983238331
2022-04-10 16:30:00,1866.6875,-27.2835777383333,-0.810845458337381,-0.810844495996002
2022-04-10 17:30:00,1866.72916666667,-26.8556771814471,-0.743313369646962,-0.743312407123354
2022-04-10 18:00:00,1866.75,-27.6068170343358,-0.863286923142205,-0.863285960527861
2022-04-10 18:30:00,1866.77083333333,-27.5455177390071,-0.853838373196033,-0.853837410491197
2022-04-10 19:00:00,1866.79166666667,-27.5609406339518,-0.856611756395152,-0.856610793600082
2022-04-10 20:00:00,1866.83333333333,-27.6555772735568,-0.872320550800656,-0.872319587825863
2022-04-10 20:30:00,1866.85416666667,-27.2221848263291,-0.803597429243557,-0.803596466179281
2022-04-10 21:00:00,1866.875,-27.1172199375887,-0.7871930856976,-0.787192122544085
2022-04-10 21:30:00,1866.89583333333,-27.0851335805195,-0.782398377531973,-0.782397414289469
2022-04-10 22:30:00,1866.9375,-27.8541651285714,-0.905539095038997,-0.905538131619279
2022-04-10 23:00:00,1866.95833333333,-26.3380050243719,-0.664330477790279,-0.664329514282323
2022-04-10 23:30:00,1866.97916666667,-25.4672978595745,-0.525943008079828,-0.52594204448389
2022-04-11,1867,-24.781450002963,-0.417003791268326,-0.417002827584658
2022-04-11 01:00:00,1867.04166666667,-25.2155907194444,-0.486796490214543,-0.486795526356157
2022-04-11 01:30:00,1867.0625,-25.4904762263158,-0.530902883520857,-0.530901919575484
2022-04-11 02:00:00,1867.08333333333,-25.02758571,-0.457481061949436,-0.457480097917333
2022-04-11 02:30:00,1867.10416666667,-26.1682166968519,-0.639501394528055,-0.639500430409471
2022-04-11 03:30:00,1867.14583333333,-26.3310184944444,-0.666069937988012,-0.666068973697205
2022-04-11 04:30:00,1867.1875,-26.1436577195599,-0.636857464131128,-0.63685649966911
2022-04-11 05:00:00,1867.20833333333,-25.6106202007752,-0.55226137112414,-0.552260406576885
2022-04-11 05:30:00,1867.22916666667,-25.0842360788104,-0.468725201540579,-0.468724236908343
2022-04-11 06:30:00,1867.27083333333,-26.1471744077922,-0.638686528851575,-0.638685564050121
2022-04-11 07:00:00,1867.29166666667,-25.3829877566176,-0.517268343850458,-0.517267378964773
2022-04-11 07:30:00,1867.3125,-25.1451231169231,-0.479693663786993,-0.47969269881732
2022-04-11 10:30:00,1867.4375,-27.0453215444238,-0.784301271288131,-0.7843003058198
2022-04-11 11:30:00,1867.47916666667,-27.8363401037175,-0.910946230384747,-0.910945264752192
2022-04-11 12:00:00,1867.5,-28.6720686244898,-1.04439599769062,-1.04439503197633
2022-04-11 13:00:00,1867.54166666667,-28.8001855558442,-1.06544044577621,-1.06543947989919
2022-04-11 14:00:00,1867.58333333333,-29.1817398081784,-1.12685776782106,-1.12685680178231
2022-04-11 14:30:00,1867.60416666667,-29.0415176437848,-1.10483805307593,-1.1048370869567
2022-04-11 15:30:00,1867.64583333333,-28.6816537083333,-1.04814711879588,-1.0481461525164
2022-04-11 16:30:00,1867.6875,-27.8825240890741,-0.921480973983942,-0.921480007545236
2022-04-11 17:00:00,1867.70833333333,-28.0460537661111,-0.94784930314758,-0.947848336629625
2022-04-11 18:00:00,1867.75,-27.8369795990724,-0.9151796031291,-0.91517863645341
2022-04-11 19:00:00,1867.79166666667,-28.3776314661111,-1.00194192209099,-1.00194095525855
2022-04-11 19:30:00,1867.8125,-28.099577822963,-0.957965870273743,-0.957964903363305
2022-04-11 20:30:00,1867.85416666667,-27.9849146521336,-0.940336223778231,-0.940335256712548
2022-04-11 21:30:00,1867.89583333333,-27.610087037037,-0.881262320567269,-0.88126135334733
2022-04-11 22:00:00,1867.91666666667,-26.2312555348148,-0.661931725636504,-0.661930758339814
2022-04-11 23:00:00,1867.95833333333,-23.9801484077922,-0.303965342511213,-0.303964375061754
2022-04-12,1868,-22.8589346865306,-0.125991910716787,-0.125990943115568
2022-04-12 00:30:00,1868.02083333333,-23.2301076024119,-0.18543842561123,-0.185437457934497
2022-04-12 01:30:00,1868.0625,-24.1525630240741,-0.3330231346397,-0.333022166812692
2022-04-12 02:30:00,1868.10416666667,-24.1562304804833,-0.334244387767433,-0.334243419791152
2022-04-12 03:00:00,1868.125,-23.787358853271,-0.275801432528677,-0.275800464478126
2022-04-12 04:30:00,1868.1875,-17.5176066502783,0.722018713707188,0.722019681979047
2022-04-12 05:30:00,1868.22916666667,-18.5114092340909,0.563067858557201,0.563068826975358
2022-04-12 06:00:00,1868.25,-17.9295799414498,0.655434938116363,0.655435906607292
2022-04-12 07:00:00,1868.29166666667,-18.3564249012987,0.58680065438927,0.586801623025007
2022-04-12 08:00:00,1868.33333333333,-17.9687342118959,0.64792235992081,0.647923328700361
2022-04-12 08:30:00,1868.35416666667,-17.5656423117978,0.711816292939388,0.711817261790471
2022-04-12 12:00:00,1868.5,-16.6016833464815,0.863142535431994,0.863143504776869
2022-04-12 12:30:00,1868.52083333333,-16.9706149971264,0.804052323756315,0.804053293170742
2022-04-12 13:00:00,1868.54166666667,-16.8172109945205,0.828170524924499,0.828171494408226
2022-04-12 13:30:00,1868.5625,-15.5607039182495,1.02801380407309,1.02801477362587
2022-04-12 14:30:00,1868.60416666667,-16.058693317658,0.948045255171421,0.948046224861562
2022-04-12 15:00:00,1868.625,-15.630178162069,1.01598874007107,1.01598970982952
2022-04-12 15:30:00,1868.64583333333,-15.5114547868493,1.034582143195,1.03458311302152
2022-04-12 16:00:00,1868.66666666667,-15.4441669849722,1.04498179298798,1.0449827628823
2022-04-12 17:00:00,1868.70833333333,-15.9039241174074,0.971103373922447,0.971104343951666
2022-04-12 17:30:00,1868.72916666667,-16.7282931195402,0.839461368670466,0.839462338766755
2022-04-12 18:00:00,1868.75,-16.6677623368852,0.84878450191829,0.848785472081399
2022-04-12 18:30:00,1868.77083333333,-17.9444481190741,0.645088051258801,0.64508902148849
2022-04-12 19:30:00,1868.8125,-18.3467518192593,0.580361709440174,0.580362679802267
2022-04-12 20:00:00,1868.83333333333,-18.5728851045977,0.544018933903573,0.544019904331503
2022-04-12 20:30:00,1868.85416666667,-18.4509097893443,0.563130077831414,0.563131048324927
2022-04-12 21:00:00,1868.875,-18.3237290890538,0.583070413984039,0.583071384542894
2022-04-12 22:00:00,1868.91666666667,-18.8160611211111,0.504002201042978,0.504003171731762
2022-04-12 22:30:00,1868.9375,-18.6630115626437,0.52806337704066,0.528064347794044
2022-04-12 23:00:00,1868.95833333333,-18.2609426453552,0.591793485683209,0.591794456500947
2022-04-12 23:30:00,1868.97916666667,-17.3100555609259,0.7429506914168,0.74295166229863
2022-04-13 00:30:00,1869.02083333333,-17.3020110777778,0.743592523451856,0.743593494461155
2022-04-13 01:00:00,1869.04166666667,-18.0206839350575,0.628787550249091,0.628788521321748
2022-04-13 01:30:00,1869.0625,-17.8146803314208,0.661284169092836,0.661285140228603
2022-04-13 02:00:00,1869.08333333333,-18.4949703927778,0.55259354482503,0.552594516023666
2022-04-13 03:00:00,1869.125,-18.9344981337037,0.481936512302486,0.481937483626113
2022-04-13 04:00:00,1869.16666666667,-18.7546561222222,0.50994540875295,0.509946380200575
2022-04-13 04:30:00,1869.1875,-18.3074756083095,0.580861508836548,0.580862480345807
2022-04-13 05:00:00,1869.20833333333,-18.8880389714286,0.488057246194929,0.488058217765575
2022-04-13 06:00:00,1869.25,-18.6426387253259,0.526509386864212,0.526510358556879
2022-04-13 06:30:00,1869.27083333333,-19.3870793809524,0.407599268636684,0.407600240389998
2022-04-13 07:00:00,1869.29166666667,-19.252214252,0.428763161743735,0.428764133557443
2022-04-13 07:30:00,1869.3125,-19.4598140856877,0.395372113102114,0.395373084975969
2022-04-13 08:30:00,1869.35416666667,-19.6320856461825,0.367288551597042,0.367289523590457
2022-04-13 09:00:00,1869.375,-19.4934338285714,0.389055553277831,0.389056525330659
2022-04-13 09:30:00,1869.39583333333,-19.0288045735632,0.462750965377174,0.462751937489162
2022-04-13 10:00:00,1869.41666666667,-19.5914662492509,0.372798169836639,0.372799142007541
2022-04-13 13:30:00,1869.5625,-23.3919999808905,-0.234873077128243,-0.23487210455183
2022-04-13 14:00:00,1869.58333333333,-24.0100205472603,-0.333644808157947,-0.333643835524585
2022-04-13 14:30:00,1869.60416666667,-24.0328156069672,-0.337596718516398,-0.337595745826341
2022-04-13 15:00:00,1869.625,-24.3208831174397,-0.383806747703187,-0.383805774956674
2022-04-13 16:00:00,1869.66666666667,-24.2811357232342,-0.378116380625223,-0.378115407766549
2022-04-13 16:30:00,1869.6875,-22.9878897217241,-0.172422120643926,-0.172421147729535
2022-04-13 17:00:00,1869.70833333333,-22.7686897665306,-0.137824191057446,-0.137823218087584
2022-04-13 17:30:00,1869.72916666667,-21.0261316758813,0.139445750468596,0.13944672349367
2022-04-13 18:30:00,1869.77083333333,-19.5407829278293,0.375421169563779,0.375422142698564
2022-04-13 19:00:00,1869.79166666667,-18.6883673397959,0.510890691616151,0.510891664805418
2022-04-13 19:30:00,1869.8125,-18.520182903252,0.537361674791819,0.53736264803532
2022-04-13 20:00:00,1869.83333333333,-17.6166092677778,0.680980655431897,0.680981628729393
2022-04-13 21:00:00,1869.875,-16.7903018775926,0.811970040620651,0.811971014025393
2022-04-13 21:30:00,1869.89583333333,-16.3003809517007,0.889693766939698,0.88969474039769
2022-04-13 22:00:00,1869.91666666667,-16.174979701626,0.909349221131962,0.90935019464296
2022-04-13 22:30:00,1869.9375,-15.5001833394444,1.01652368204975,1.01652465561351
2022-04-13 23:30:00,1869.97916666667,-14.9603573981481,1.10187609512503,1.10187706879358
2022-04-14,1870,-14.5083979459184,1.17355239557941,1.17355336929998
2022-04-14 00:30:00,1870.02083333333,-14.4642357727642,1.18026627098706,1.18026724475942
2022-04-14 01:00:00,1870.04166666667,-14.1749036946296,1.22603586042759,1.22603683425148
2022-04-14 02:00:00,1870.08333333333,-13.8409554721707,1.27859153524477,1.27859250917099
2022-04-14 02:30:00,1870.10416666667,-13.6700748197279,1.30549164707711,1.30549262105413
2022-04-14 03:00:00,1870.125,-13.6346734604082,1.31080978383263,1.3108107578602
2022-04-14 04:00:00,1870.16666666667,-16.7951839998141,0.806695465763938,0.806696439891872
2022-04-14 05:00:00,1870.20833333333,-16.6803420535316,0.82434703229805,0.824348006525371
2022-04-14 05:30:00,1870.22916666667,-16.7372297831715,0.814963317513122,0.814964291789766
2022-04-14 06:00:00,1870.25,-16.7836869213043,0.807241176789092,0.807242151114819
2022-04-14 06:30:00,1870.27083333333,-16.6973729352505,0.820669544449002,0.820670518823567
2022-04-14 07:30:00,1870.3125,-16.2901447307978,0.884898184857783,0.884899159329277
2022-04-14 08:00:00,1870.33333333333,-15.8853430686084,0.94906178743195,0.949062761951547
2022-04-14 08:30:00,1870.35416666667,-15.7574260821739,0.969117436879088,0.969118411446536
2022-04-14 09:00:00,1870.375,-15.5801577037106,0.997034771970766,0.997035746585821
2022-04-14 10:00:00,1870.41666666667,-15.5248265029851,1.00520570428172,1.00520667899126
2022-04-14 10:30:00,1870.4375,-15.5265113152104,1.00461558934347,1.00461656409988
2022-04-14 11:00:00,1870.45833333333,-15.4612173926087,1.01469520851907,1.01469618332212
2022-04-14 11:30:00,1870.47916666667,-15.4706872541199,1.01286487729165,1.01286585214108
2022-04-14 15:00:00,1870.625,-14.5605241552045,1.15560135151062,1.15560232667788
2022-04-14 15:30:00,1870.64583333333,-14.2320809791498,1.20760060079578,1.20760157600747
2022-04-14 16:00:00,1870.66666666667,-14.0766888955556,1.23203266159208,1.23203363684795
2022-04-14 16:30:00,1870.6875,-13.9980111708178,1.24424404444744,1.24424501974725
2022-04-14 17:30:00,1870.72916666667,-13.7447681011132,1.28394169948572,1.28394267487267
2022-04-14 18:00:00,1870.75,-13.7036693490872,1.2901666481189,1.29016762354906
2022-04-14 18:30:00,1870.77083333333,-13.7163778288889,1.28782004068158,1.2878210161547
2022-04-14 19:00:00,1870.79166666667,-13.5747365565863,1.3100614335069,1.31006240902273
2022-04-14 20:00:00,1870.83333333333,-13.4693246525046,1.32620922253559,1.32621019813612
2022-04-14 20:30:00,1870.85416666667,-13.3467388562753,1.34541498800962,1.34541596365214
2022-04-14 21:00:00,1870.875,-13.3301087456522,1.34774191166682,1.34774288735108
2022-04-14 21:30:00,1870.89583333333,-12.8193333322222,1.42878650984218,1.42878748556794
2022-04-14 22:30:00,1870.9375,-12.8747610992593,1.41931217070426,1.41931314651228
2022-04-14 23:00:00,1870.95833333333,-12.9621416904858,1.40507001411219,1.40507098996096
2022-04-14 23:30:00,1870.97916666667,-12.9156304369565,1.41215689889436,1.41215787478365
2022-04-15,1871,-13.082227777037,1.3852954072898,1.38529638321936
2022-04-15 01:00:00,1871.04166666667,-12.8180870181481,1.42672831114559,1.42672928715497
2022-04-15 01:30:00,1871.0625,-12.9109331676113,1.41161536175359,1.41161633780252
2022-04-15 02:00:00,1871.08333333333,-12.8689999978261,1.41797282926339,1.41797380535162
2022-04-15 02:30:00,1871.10416666667,-12.9516722185185,1.40448054409741,1.40448152022469
2022-04-15 04:00:00,1871.16666666667,-13.3954758167286,1.3328145406066,1.33281551684958
2022-04-15 04:30:00,1871.1875,-12.6999980375746,1.44328200719274,1.44328298347381
2022-04-15 05:00:00,1871.20833333333,-12.6189118176471,1.45587643462095,1.45587741093984
2022-04-15 05:30:00,1871.22916666667,-12.7917847727273,1.42801495930798,1.42801593566447
2022-04-15 06:30:00,1871.27083333333,-12.9481966460111,1.40245298218233,1.40245395861329
2022-04-15 07:00:00,1871.29166666667,-13.2139821331349,1.35979040032641,1.35979137679421
2022-04-15 07:30:00,1871.3125,-13.1937142742857,1.36269629638667,1.3626972728911
2022-04-15 08:00:00,1871.33333333333,-13.5822986929499,1.30047170799495,1.30047268453576
2022-04-15 09:00:00,1871.375,-13.735523183859,1.27541723822015,1.27541821483297
2022-04-15 09:30:00,1871.39583333333,-14.0111769389662,1.23118251206324,1.23118348871171
2022-04-15 10:00:00,1871.41666666667,-14.0625429771429,1.22267695518433,1.22267793186821
2022-04-15 10:30:00,1871.4375,-14.4737732565056,1.15684474325479,1.15684571997383
2022-04-15 11:30:00,1871.47916666667,-14.5990853513915,1.13623649524265,1.13623747203127
2022-04-15 12:00:00,1871.5,-15.4184305333333,1.00539121513762,1.00539219196067
2022-04-15 12:30:00,1871.52083333333,-16.9558572028571,0.760155016810117,0.760155993667362
2022-04-15 13:00:00,1871.54166666667,-17.9486048456401,0.601686552617322,0.601687529508502
2022-04-15 16:00:00,1871.66666666667,-21.0841704306818,0.100249879671551,0.100250856761295
2022-04-15 16:30:00,1871.6875,-21.279627829148,0.0687901538956125,0.0687911310176035
2022-04-15 17:00:00,1871.70833333333,-22.6115037340824,-0.143701875787439,-0.143700898633449
2022-04-15 18:00:00,1871.75,-22.6325354509328,-0.147698806834025,-0.147697829616761
2022-04-15 18:30:00,1871.77083333333,-23.5851764176471,-0.29977851078835,-0.299777533539816
2022-04-15 19:00:00,1871.79166666667,-23.0099954936937,-0.208475119321408,-0.208474142041846
2022-04-15 19:30:00,1871.8125,-23.0528007896617,-0.215617397829371,-0.215616420519018
2022-04-15 20:30:00,1871.85416666667,-22.5254022945489,-0.132249239611645,-0.132248262240443
2022-04-15 21:00:00,1871.875,-22.0823067125,-0.0619872313348833,-0.0619862539336236
2022-04-15 21:30:00,1871.89583333333,-22.0274451785235,-0.0535712077080213,-0.0535702302769401
2022-04-15 22:00:00,1871.91666666667,-22.0194145126394,-0.0526153981479311,-0.0526144206872771
2022-04-15 23:00:00,1871.95833333333,-18.7541684898148,0.466893594389751,0.46689457190883
2022-04-15 23:30:00,1871.97916666667,-20.0845617662921,0.254637443785148,0.254638421333073
2022-04-16,1872,-19.9863367763496,0.269961180781612,0.269962158358148
2022-04-16 00:30:00,1872.02083333333,-19.3182671187384,0.376061557449334,0.376062535054231
2022-04-16 01:30:00,1872.0625,-18.8771203927778,0.445689282589372,0.445690260250272
2022-04-16 02:00:00,1872.08333333333,-18.5578540213483,0.496224977438945,0.496225955127486
2022-04-16 02:30:00,1872.10416666667,-18.3189977980044,0.533951255295877,0.533952233011812
2022-04-16 03:30:00,1872.14583333333,-17.3063401065056,0.694620902131205,0.694621879901207
2022-04-16 04:30:00,1872.1875,-16.9560111839851,0.749781011495899,0.749781989318994
2022-04-16 05:00:00,1872.20833333333,-16.7419495808081,0.783557374561697,0.783558352410982
2022-04-16 05:30:00,1872.22916666667,-16.7364795061364,0.784104935382947,0.784105913258173
2022-04-16 06:00:00,1872.25,-17.1343599218924,0.720398452189864,0.720399430090797
2022-04-16 07:00:00,1872.29166666667,-16.9881802501859,0.743037213304552,0.74303819125616
2022-04-16 07:30:00,1872.3125,-16.5331818030303,0.815194874749956,0.815195852726545
2022-04-16 08:00:00,1872.33333333333,-16.4897000195455,0.821797615113734,0.821798593115063
2022-04-16 08:30:00,1872.35416666667,-16.296576991954,0.852238290156648,0.852239268182468
2022-04-16 09:30:00,1872.39583333333,-16.0870408076067,0.884969564378028,0.884970542452115
2022-04-16 10:00:00,1872.41666666667,-15.9904041434343,0.900039825699606,0.90004080379746
2022-04-16 10:30:00,1872.4375,-15.8231704409091,0.926356223403954,0.926357201525334
2022-04-16 11:00:00,1872.45833333333,-15.7613209680891,0.935884815772531,0.935885793917202
2022-04-16 12:00:00,1872.5,-15.7189795768089,0.941981617422545,0.941982595613067
2022-04-16 12:30:00,1872.52083333333,-15.8027474545455,0.928313195332115,0.928314173545197
2022-04-16 13:00:00,1872.54166666667,-15.7045363620455,0.943634131176015,0.943635109411416
2022-04-16 13:30:00,1872.5625,-15.6005111509294,0.959881238243176,0.959882216500662
2022-04-16 14:30:00,1872.60416666667,-15.497535322119,0.975636928642417,0.975637906943342
2022-04-16 17:30:00,1872.72916666667,-14.9952580806452,1.05370422965777,1.05370520808322
2022-04-16 18:00:00,1872.75,-14.9896769192308,1.05426893288346,1.05426991132883
2022-04-16 18:30:00,1872.77083333333,-15.6465528755102,0.949303722248944,0.94930470071398
2022-04-16 19:30:00,1872.8125,-15.6605194858998,0.946429963789511,0.946430942293168
2022-04-16 20:00:00,1872.83333333333,-13.3621971204301,1.31222989304539,1.312230871568
2022-04-16 20:30:00,1872.85416666667,-13.1732115196154,1.34201094688841,1.34201192542972
2022-04-16 21:00:00,1872.875,-13.5647569486085,1.27931297142479,1.27931394998457
2022-04-16 22:00:00,1872.91666666667,-16.4206709973978,0.823714740892924,0.823715719488919
2022-04-16 22:30:00,1872.9375,-18.594935509319,0.477028277604357,0.477029256218095
2022-04-16 23:00:00,1872.95833333333,-18.8420996367816,0.437330261452366,0.437331240083613
2022-04-16 23:30:00,1872.97916666667,-21.5395185209259,0.00730489038302132,0.00730586903153083
2022-04-17 00:30:00,1873.02083333333,-22.3286277601852,-0.119050069191688,-0.119049090509368
2022-04-17 01:00:00,1873.04166666667,-21.5745232616487,0.000754637763545923,0.000755616462406794
2022-04-17 01:30:00,1873.0625,-21.3684023229885,0.0332651510054482,0.0332661297206167
2022-04-17 02:00:00,1873.08333333333,-21.3108740707407,0.0421047221280108,0.0421057008592466
2022-04-17 03:30:00,1873.14583333333,-21.3472955622677,0.0353284652777993,0.0353294440557831
2022-04-17 04:00:00,1873.16666666667,-21.2768269754325,0.0462293574128499,0.0462303362059341
2022-04-17 04:30:00,1873.1875,-21.3280602441767,0.0377430362049295,0.0377440150128741
2022-04-17 05:00:00,1873.20833333333,-21.3330278207792,0.0366268520792629,0.0366278309018343
2022-04-17 06:00:00,1873.25,-21.5809629012987,-0.00351913671832618,-0.00351815786722745
2022-04-17 06:30:00,1873.27083333333,-21.7681764910035,-0.0336673029304902,-0.0336663240654909
2022-04-17 07:00:00,1873.29166666667,-21.7528560184,-0.0315516688550724,-0.0315506899764122
2022-04-17 07:30:00,1873.3125,-21.9282467460111,-0.0598164857881283,-0.0598155068960406
2022-04-17 08:30:00,1873.35416666667,-22.1145380584416,-0.0901427837836216,-0.0901418048654112
2022-04-17 09:00:00,1873.375,-22.3062110480969,-0.121001438035254,-0.121000459104335
2022-04-17 09:30:00,1873.39583333333,-22.384919962,-0.133864854657219,-0.133863875713832
2022-04-17 10:00:00,1873.41666666667,-22.5041113102041,-0.153177172314151,-0.153176193358541
2022-04-17 11:00:00,1873.45833333333,-22.4770704897959,-0.149519712522081,-0.149518733542738
2022-04-17 11:30:00,1873.47916666667,-22.2691142141868,-0.116717240636462,-0.116716261645615
2022-04-17 12:00:00,1873.5,-22.1909999764,-0.104598718317477,-0.104597739315358
2022-04-17 12:30:00,1873.52083333333,-22.4306048235622,-0.14309309339004,-0.143092114376897
2022-04-17 13:30:00,1873.5625,-23.0839609948052,-0.247823561928505,-0.247822582894022
2022-04-17 14:00:00,1873.58333333333,-23.4682698937716,-0.309369455950362,-0.309368476905566
2022-04-17 14:30:00,1873.60416666667,-23.2402400328,-0.273369367875849,-0.27336838882099
2022-04-17 15:00:00,1873.625,-24.1351131697588,-0.41624854971672,-0.416247570652026
2022-04-17 16:00:00,1873.66666666667,-24.209381988015,-0.428730188358114,-0.428729209274474
2022-04-17 19:00:00,1873.79166666667,-25.8719366976793,-0.695528503529267,-0.695527524394529
2022-04-17 19:30:00,1873.8125,-26.3297078046154,-0.768777196896448,-0.768776217754026
2022-04-17 20:00:00,1873.83333333333,-26.1726227063197,-0.74407887687428,-0.744077897724418
2022-04-17 21:00:00,1873.875,-27.2511097237918,-0.916533584537096,-0.916532605373065
2022-04-17 21:30:00,1873.89583333333,-27.2333628761603,-0.91403200563195,-0.914031026461189
2022-04-17 22:00:00,1873.91666666667,-26.4548307276923,-0.790336803958101,-0.790335824780856
2022-04-17 22:30:00,1873.9375,-27.0666171228625,-0.888120359103813,-0.888119379920323
2022-04-17 23:30:00,1873.97916666667,-25.2021263442379,-0.591756793762016,-0.591755814566743
2022-04-18,1874,-24.8330485337553,-0.533288037597222,-0.533287058396412
2022-04-18 00:30:00,1874.02083333333,-24.1497273530303,-0.424760107103054,-0.424759127896953
2022-04-18 01:00:00,1874.04166666667,-24.9242555790741,-0.548468647975012,-0.548467668763856
2022-04-18 02:00:00,1874.08333333333,-24.4326147962963,-0.470801258942545,-0.470800279721991
2022-04-18 03:00:00,1874.125,-23.1123470954545,-0.261133085497462,-0.261132106268463
2022-04-18 03:30:00,1874.14583333333,-22.7707036666667,-0.207034778852087,-0.207033799619219
2022-04-18 04:00:00,1874.16666666667,-23.0211448714953,-0.247255996273068,-0.247255017036576
2022-04-18 05:00:00,1874.20833333333,-23.0355324332096,-0.25019951047618,-0.250198531233148
2022-04-18 05:30:00,1874.22916666667,-23.1748264369835,-0.272714955552248,-0.272713976306306
2022-04-18 06:00:00,1874.25,-23.1347818872727,-0.26666165955386,-0.266660680305246
2022-04-18 06:30:00,1874.27083333333,-23.6099017092764,-0.342674434723878,-0.342673455472823
2022-04-18 07:30:00,1874.3125,-23.6715362020408,-0.353144605130207,-0.353143625874991
2022-04-18 08:00:00,1874.33333333333,-24.9492685956612,-0.557014192099477,-0.557013212842541
2022-04-18 08:30:00,1874.35416666667,-24.3295090763636,-0.458611979814338,-0.458611000555919
2022-04-18 09:00:00,1874.375,-24.1206104076067,-0.425660213029163,-0.425659233769493
2022-04-18 10:00:00,1874.41666666667,-24.076144930855,-0.419228766706717,-0.419227787445263
2022-04-18 10:30:00,1874.4375,-24.2102974942149,-0.440925361303738,-0.440924382041752
2022-04-18 11:00:00,1874.45833333333,-24.1563819181818,-0.432662585135214,-0.432661605872928
2022-04-18 11:30:00,1874.47916666667,-24.3918867669759,-0.470504707658896,-0.470503728396552
2022-04-18 12:30:00,1874.52083333333,-26.1123580602968,-0.745229132201218,-0.745228152939466
2022-04-18 13:00:00,1874.54166666667,-27.534341620911,-0.972078215720768,-0.972077236459672
2022-04-18 13:30:00,1874.5625,-27.5796907927273,-0.979628475371532,-0.979627496111322
2022-04-18 14:00:00,1874.58333333333,-27.7714081615955,-1.01049531139402,-1.01049433213494
2022-04-18 15:00:00,1874.625,-29.0890556397032,-1.22104979436747,-1.22104881511136
2022-04-18 15:30:00,1874.64583333333,-29.6023697195991,-1.3031472699774,-1.30314629072312
2022-04-18 16:00:00,1874.66666666667,-29.5207895,-1.29047767637669,-1.2904766971245
2022-04-18 16:30:00,1874.6875,-28.6712170714286,-1.15546639284582,-1.15546541359593
2022-04-18 17:30:00,1874.72916666667,-28.5985558013011,-1.14454387666115,-1.1445428974166
2022-04-18 20:30:00,1874.85416666667,-26.360398874397,-0.789961729276678,-0.789960750053834
2022-04-18 21:30:00,1874.89583333333,-25.8316753168831,-0.70638844520311,-0.706387465989385
2022-04-18 22:00:00,1874.91666666667,-25.1408550086957,-0.596666680670293,-0.596665701461496
2022-04-18 22:30:00,1874.9375,-24.7022765834043,-0.527127245611934,-0.527126266408288
2022-04-18 23:00:00,1874.95833333333,-24.7181168994434,-0.529977058012936,-0.529976078814678
2022-04-19,1875,-23.3491558569573,-0.312553514670358,-0.312552535483599
2022-04-19 00:30:00,1875.02083333333,-24.3544203666667,-0.473019359623289,-0.473018380442628
2022-04-19 01:00:00,1875.04166666667,-24.2018276651064,-0.449037740466839,-0.449036761292518
2022-04-19 01:30:00,1875.0625,-22.4892722916667,-0.176552969934428,-0.176551990766677
2022-04-19 03:00:00,1875.125,-22.1350390178439,-0.121103030803532,-0.121102051656923
2022-04-19 03:30:00,1875.14583333333,-22.6255062202532,-0.199561398584379,-0.199560419445285
2022-04-19 04:00:00,1875.16666666667,-22.5619760607843,-0.189767607538489,-0.18976662840716
2022-04-19 04:30:00,1875.1875,-21.5656604769944,-0.0313804485901558,-0.0313794694668136
2022-04-19 05:30:00,1875.22916666667,-20.0189925823748,0.214351551084855,0.214352530191508
2022-04-19 06:00:00,1875.25,-19.9934303632911,0.218096955258717,0.218097934356668
2022-04-19 06:30:00,1875.27083333333,-20.0794826052174,0.204062079428189,0.204063058517208
2022-04-19 07:00:00,1875.29166666667,-21.9372597269017,-0.0922098524067953,-0.0922088733269497
2022-04-19 08:00:00,1875.33333333333,-22.0288215472119,-0.107449182854102,-0.107448203793305
2022-04-19 08:30:00,1875.35416666667,-22.3462910987342,-0.158349067476004,-0.158348088425088
2022-04-19 09:00:00,1875.375,-22.2500630456522,-0.143346644446063,-0.143345665405257
2022-04-19 09:30:00,1875.39583333333,-21.4164508723562,-0.0108784204754609,-0.0108774414450012
2022-04-19 10:30:00,1875.4375,-20.4452559996289,0.143179985995771,0.143180965004818
2022-04-19 11:00:00,1875.45833333333,-19.7354303911392,0.255928872925043,0.255929851923038
2022-04-19 11:30:00,1875.47916666667,-19.4872108730435,0.295143563599453,0.295144542586153
2022-04-19 12:00:00,1875.5,-18.7234063257885,0.416491301718627,0.416492280693797
2022-04-19 13:00:00,1875.54166666667,-17.8876790599258,0.548969459962403,0.548970438913813
2022-04-19 13:30:00,1875.5625,-17.1067341898734,0.673047615571938,0.673048594511118
2022-04-19 14:00:00,1875.58333333333,-16.8260826447826,0.717428671023134,0.717429649949842
2022-04-19 14:30:00,1875.60416666667,-15.6394638380334,0.906130942737516,0.906131921651518
2022-04-19 15:30:00,1875.64583333333,-18.1778701996289,0.501107043377457,0.501108022265346
2022-04-19 16:00:00,1875.66666666667,-19.150139164557,0.345896902744426,0.345897881618903
2022-04-19 16:30:00,1875.6875,-19.3539869597826,0.3130967878016,0.313097766662435
2022-04-19 17:00:00,1875.70833333333,-21.4112100557621,-0.0149473527208769,-0.0149463738739171
2022-04-19 18:00:00,1875.75,-23.9817959103896,-0.425097625774039,-0.425096646955548
2022-04-19 18:30:00,1875.77083333333,-25.5518101075949,-0.675529087479136,-0.675528108675227
2022-04-19 19:00:00,1875.79166666667,-25.2369434854348,-0.625697703257469,-0.625696724468382
2022-04-19 22:00:00,1875.91666666667,-26.7023525252319,-0.861101297023921,-0.861100318328682
2022-04-19 23:00:00,1875.95833333333,-27.276395164193,-0.953201117693768,-0.953200139031681
2022-04-19 23:30:00,1875.97916666667,-26.3103459638783,-0.799636021556368,-0.799635042911214
2022-04-20,1876,-26.2748504901869,-0.794308814192972,-0.794307835564986
2022-04-20 00:30:00,1876.02083333333,-25.640734712987,-0.693620979795129,-0.693620001184539
2022-04-20 01:30:00,1876.0625,-25.9379025564103,-0.741614598846276,-0.741613620271194
2022-04-20 02:30:00,1876.10416666667,-27.9933759116788,-1.06970760232135,-1.0697066237827
2022-04-20 03:00:00,1876.125,-27.9993485018939,-1.07098637711802,-1.07098539859794
2022-04-20 03:30:00,1876.14583333333,-28.2119684111524,-1.10518423235524,-1.10518325385397
2022-04-20 04:30:00,1876.1875,-28.1019796048237,-1.08831768477567,-1.08831670631271
2022-04-20 05:00:00,1876.20833333333,-28.7094087547445,-1.18540897846685,-1.18540800002339
2022-04-20 05:30:00,1876.22916666667,-28.2708980833962,-1.11588132586484,-1.11588034744113
2022-04-20 06:00:00,1876.25,-28.6455324673469,-1.17588827628981,-1.17588729788607
2022-04-20 07:00:00,1876.29166666667,-28.5749795369202,-1.1653040384769,-1.16530306011382
2022-04-20 07:30:00,1876.3125,-28.843985440146,-1.20848434009049,-1.20848336174809
2022-04-20 08:00:00,1876.33333333333,-28.3424943483019,-1.1289239342494,-1.1289229559279
2022-04-20 08:30:00,1876.35416666667,-29.3777142766234,-1.29416270649793,-1.29416172819758
2022-04-20 09:30:00,1876.39583333333,-29.7590297072356,-1.35556156596503,-1.35556058770767
2022-04-20 10:00:00,1876.41666666667,-30.3778065244526,-1.45446069604123,-1.45445971780572
2022-04-20 10:30:00,1876.4375,-29.7310871155303,-1.35176538721093,-1.35176440899749
2022-04-20 11:00:00,1876.45833333333,-29.9929665888683,-1.39381054383536,-1.39380956564423
2022-04-20 12:00:00,1876.5,-29.9438312011132,-1.38663842268833,-1.38663744454252
2022-04-20 12:30:00,1876.52083333333,-29.3921423616788,-1.2990816080945,-1.2990806299717
2022-04-20 13:00:00,1876.54166666667,-29.4172565924528,-1.30340994882228,-1.30340897072273
2022-04-20 13:30:00,1876.5625,-29.6764248636364,-1.34502327944997,-1.3450223013739
2022-04-20 14:30:00,1876.60416666667,-29.9449480723562,-1.38845453998216,-1.38845356195374
2022-04-20 15:00:00,1876.625,-29.6268466839416,-1.33810844307435,-1.3381074650701
2022-04-20 15:30:00,1876.64583333333,-29.2063055992453,-1.27144364318103,-1.2714426652012
2022-04-20 16:00:00,1876.66666666667,-29.5011725133581,-1.31874386253226,-1.31874288457707
2022-04-20 17:00:00,1876.70833333333,-29.9760761918216,-1.39505181753501,-1.39505083962981
2022-04-20 17:30:00,1876.72916666667,-29.4039379813869,-1.30423754210585,-1.30423656422599
2022-04-20 18:00:00,1876.75,-29.1228754935849,-1.25979185092515,-1.25979087307086
2022-04-20 18:30:00,1876.77083333333,-29.7358051857143,-1.35775976645016,-1.35775878862168
2022-04-20 19:30:00,1876.8125,-29.3475446046468,-1.29656517414028,-1.29656419636411
2022-04-20 20:00:00,1876.83333333333,-29.2541241051095,-1.28201103986871,-1.28201006211906
2022-04-20 20:30:00,1876.85416666667,-28.9894792154717,-1.24018075131195,-1.24017977358903
2022-04-20 23:30:00,1876.97916666667,-26.4181781545455,-0.832537923108854,-0.832536945551246
2022-04-21 00:30:00,1877.02083333333,-24.9483710469388,-0.599052462049664,-0.599051484549017
2022-04-21 01:00:00,1877.04166666667,-23.4492885193833,-0.360575494488653,-0.360574517016831
2022-04-21 01:30:00,1877.0625,-23.3046587788235,-0.337863836801203,-0.337862859358446
2022-04-21 02:30:00,1877.10416666667,-23.1721635851301,-0.317413223260664,-0.317412245876725
2022-04-21 03:30:00,1877.14583333333,-23.474596663197,-0.366247045698518,-0.366246068374332
2022-04-21 04:00:00,1877.16666666667,-23.3776142293103,-0.351125702365927,-0.351124725071958
2022-04-21 04:30:00,1877.1875,-23.3494666013333,-0.346969805549266,-0.346968828285747
2022-04-21 05:00:00,1877.20833333333,-23.4776883792208,-0.367723679532647,-0.367722702299816
2022-04-21 06:00:00,1877.25,-23.8377921810761,-0.425744616715789,-0.425743639545023
2022-04-21 06:30:00,1877.27083333333,-23.9498103426724,-0.443917280899419,-0.443916303760036
2022-04-21 07:00:00,1877.29166666667,-23.7461332146667,-0.411799472383933,-0.411798495276158
2022-04-21 07:30:00,1877.3125,-24.3592658011152,-0.509800047575317,-0.509799070499389
2022-04-21 08:30:00,1877.35416666667,-24.7759610363636,-0.576836165670195,-0.576835188658647
2022-04-21 09:00:00,1877.375,-25.4987629338362,-0.692307177702766,-0.692306200723752
2022-04-21 09:30:00,1877.39583333333,-24.9609999346667,-0.606969313208958,-0.606968336262723
2022-04-21 10:00:00,1877.41666666667,-25.6154934669759,-0.711558778462793,-0.711557801549555
2022-04-21 11:00:00,1877.45833333333,-25.7919480755102,-0.740324516071798,-0.74032353922526
2022-04-21 11:30:00,1877.47916666667,-26.0362844905172,-0.779575696029229,-0.779574719216383
2022-04-21 12:00:00,1877.5,-25.9887066666667,-0.772324741244693,-0.772323764465769
2022-04-21 12:30:00,1877.52083333333,-25.1137958938776,-0.63327906854346,-0.633278091798695
2022-04-21 13:30:00,1877.5625,-25.8389033591078,-0.749445719223884,-0.749444742548125
2022-04-21 14:00:00,1877.58333333333,-26.4556551892241,-0.848023001088116,-0.84802202444721
2022-04-21 14:30:00,1877.60416666667,-26.4491621486487,-0.847316941576031,-0.847315964970203
2022-04-21 15:00:00,1877.625,-27.2198361160149,-0.970414153663274,-0.970413177092753
2022-04-21 16:00:00,1877.66666666667,-26.6522308060606,-0.88065085429055,-0.880649877791352
2022-04-21 16:30:00,1877.6875,-26.3604008450431,-0.834490466639,-0.834489490175802
2022-04-21 17:00:00,1877.70833333333,-26.277653348,-0.821637076604348,-0.821636100177394
2022-04-21 17:30:00,1877.72916666667,-26.1325501732342,-0.798850394199202,-0.79884941780871
2022-04-21 18:30:00,1877.77083333333,-24.9344508526902,-0.608649065099105,-0.608648088782235
2022-04-21 19:00:00,1877.79166666667,-22.7613232553879,-0.262796677632608,-0.262795701352892
2022-04-21 19:30:00,1877.8125,-22.4711999013333,-0.216908223215872,-0.216907246973547
2022-04-21 20:00:00,1877.83333333333,-22.4886245663569,-0.220012399456265,-0.220011423251561
2022-04-21 21:00:00,1877.875,-21.530556641744,-0.0680483578716711,-0.0680473817428869
2022-04-21 21:30:00,1877.89583333333,-20.7762155096983,0.0517902748058029,0.0517912508962686
2022-04-21 22:00:00,1877.91666666667,-20.0318143085714,0.170045458112633,0.170046434164563
2022-04-22 01:00:00,1878.04166666667,-19.3157383734694,0.282145871990691,0.282146847806553
2022-04-22 02:00:00,1878.08333333333,-18.7895370074074,0.365313039266567,0.365314015001895
2022-04-22 02:30:00,1878.10416666667,-18.4343175554639,0.421571192260684,0.421572167955406
2022-04-22 03:00:00,1878.125,-18.0655454142857,0.479988287483856,0.479989263137736
2022-04-22 04:00:00,1878.16666666667,-17.7516233836735,0.529339118117037,0.529340093688549
2022-04-22 04:30:00,1878.1875,-17.8037036685185,0.520714088828024,0.520715064358012
2022-04-22 05:00:00,1878.20833333333,-17.7289958701031,0.532286481124159,0.532287456612379
2022-04-22 05:30:00,1878.22916666667,-17.6155639912801,0.55002763646141,0.550028611907646
2022-04-22 06:30:00,1878.27083333333,-17.5262745784787,0.563594223937082,0.563595199298655
2022-04-22 07:00:00,1878.29166666667,-17.3712037037037,0.587968469416569,0.58796944473547
2022-04-22 07:30:00,1878.3125,-17.3766769606996,0.586767909506216,0.586768884782209
2022-04-22 08:00:00,1878.33333333333,-17.3948055659259,0.58355133314924,0.583552308382095
2022-04-22 09:00:00,1878.375,-17.1997463046296,0.613967028565318,0.613968003711217
2022-04-22 09:30:00,1878.39583333333,-16.4741665888889,0.729223688164654,0.729224663266728
2022-04-22 10:00:00,1878.41666666667,-16.5238230376543,0.72098466250344,0.720985637561467
2022-04-22 10:30:00,1878.4375,-15.8578407411111,0.826747390154958,0.826748365168708
2022-04-22 11:30:00,1878.47916666667,-15.5558296246296,0.874200490128164,0.874201465052661
2022-04-22 12:00:00,1878.5,-18.0391852092593,0.47827141234832,0.478272387227853
2022-04-22 12:30:00,1878.52083333333,-18.4998333436214,0.404561066797021,0.404562041631355
2022-04-22 13:00:00,1878.54166666667,-23.2901259318519,-0.358864744281341,-0.358863769492435
2022-04-22 14:00:00,1878.58333333333,-23.8228333133333,-0.444382997830126,-0.444382023132755
2022-04-22 14:30:00,1878.60416666667,-23.8723704777778,-0.452603111870162,-0.4526021372189
2022-04-22 15:00:00,1878.625,-24.0353003707819,-0.478886778441554,-0.478885803836634
2022-04-22 15:30:00,1878.64583333333,-24.447655562963,-0.544904083212113,-0.544903108653764
2022-04-22 16:30:00,1878.6875,-25.08561483,-0.647189135533856,-0.647188161069323
2022-04-22 17:00:00,1878.70833333333,-25.1217406592593,-0.653272863073659,-0.653271888656389
2022-04-22 17:30:00,1878.72916666667,-25.0998597960825,-0.650116092685477,-0.650115118315686
2022-04-22 18:00:00,1878.75,-25.2838259201852,-0.67975090405882,-0.679749929736736
2022-04-22 19:00:00,1878.79166666667,-26.0545537305556,-0.803186176294023,-0.803185202068052
2022-04-22 19:30:00,1878.8125,-26.2473889425926,-0.834233868221878,-0.834232894044298
2022-04-22 20:00:00,1878.83333333333,-26.2505236721649,-0.835062147149373,-0.835061173020419
2022-04-22 20:30:00,1878.85416666667,-26.171648165,-0.822826146135592,-0.822825172055487
2022-04-22 21:30:00,1878.89583333333,-25.6876277711111,-0.74637922674867,-0.746378252766958
2022-04-22 22:00:00,1878.91666666667,-25.9773148425926,-0.792855535768942,-0.792854561836762
2022-04-22 22:30:00,1878.9375,-25.4458164973196,-0.70851643027876,-0.70851545639634
2022-04-22 23:00:00,1878.95833333333,-24.3400619262664,-0.53269790681686,-0.532696932984442
2022-04-23 02:30:00,1879.10416666667,-23.4803227894249,-0.398043890283191,-0.398042916807084
2022-04-23 03:00:00,1879.125,-22.90450855,-0.306645312158816,-0.306644338734526
2022-04-23 03:30:00,1879.14583333333,-22.7600195904918,-0.283957168141675,-0.283956194769427
2022-04-23 04:00:00,1879.16666666667,-22.1351465270872,-0.1847435018295,-0.184742528509516
2022-04-23 05:00:00,1879.20833333333,-22.0037866365492,-0.164475921918866,-0.164474948704106
2022-04-23 05:30:00,1879.22916666667,-22.1179743367521,-0.182995189370209,-0.182994216208394
2022-04-23 06:00:00,1879.25,-22.1696295655738,-0.191552998019291,-0.19155202491065
2022-04-23 06:30:00,1879.27083333333,-22.4002986972171,-0.228627857846505,-0.228626884791271
2022-04-23 07:30:00,1879.3125,-23.5316666703704,-0.409513814524895,-0.40951284157715
2022-04-23 08:00:00,1879.33333333333,-23.2737094047009,-0.368750165428043,-0.368749192534385
2022-04-23 08:30:00,1879.35416666667,-22.5045523254902,-0.246552029088875,-0.246551056249526
2022-04-23 09:00:00,1879.375,-22.8567185135185,-0.302981498854446,-0.302980526069639
2022-04-23 10:00:00,1879.41666666667,-23.6741389142593,-0.433855466329874,-0.433854493654824
2022-04-23 10:30:00,1879.4375,-24.4022863739316,-0.550179046062756,-0.550178073442922
2022-04-23 11:00:00,1879.45833333333,-24.1559346330065,-0.511264214904841,-0.511263242340462
2022-04-23 11:30:00,1879.47916666667,-25.5041703198148,-0.726368308608016,-0.726367336099307
2022-04-23 12:30:00,1879.52083333333,-25.7775203948148,-0.770571565717496,-0.770570593320817
2022-04-23 13:00:00,1879.54166666667,-27.0041026004274,-0.966296197011906,-0.966295224671577
2022-04-23 13:30:00,1879.5625,-27.0233790578431,-0.969696167805503,-0.969695195521749
2022-04-23 14:00:00,1879.58333333333,-27.8169981724074,-1.09644948513801,-1.09644851291106
2022-04-23 15:00:00,1879.625,-27.5771388903704,-1.05889820414036,-1.0588972320277
2022-04-23 15:30:00,1879.64583333333,-27.2083760290598,-1.00048326551145,-1.00048229345628
2022-04-23 16:00:00,1879.66666666667,-27.4090751565359,-1.03278403637245,-1.03278306437499
2022-04-23 16:30:00,1879.6875,-27.1931629201852,-0.998718326949561,-0.998717355010031
2022-04-23 17:30:00,1879.72916666667,-28.1910999837037,-1.15834896544821,-1.15834799362524
2022-04-23 18:00:00,1879.75,-27.8133991416309,-1.09851023833263,-1.09850926656826
2022-04-23 18:30:00,1879.77083333333,-27.5898032790164,-1.06322055209065,-1.06321958038514
2022-04-23 19:00:00,1879.79166666667,-26.249244412037,-0.849997868536291,-0.849996896889842
2022-04-23 20:00:00,1879.83333333333,-25.4672666307407,-0.72608687530171,-0.726085903774072
2022-04-23 20:30:00,1879.85416666667,-25.938499991453,-0.801484010529597,-0.801483039061699
2022-04-23 21:00:00,1879.875,-25.9392744879085,-0.801936719795197,-0.801935748387272
2022-04-23 21:30:00,1879.89583333333,-24.7896074535185,-0.6191232783448,-0.619122306997074
2022-04-23 22:30:00,1879.9375,-22.615931457963,-0.273513837938815,-0.273512866712157
2022-04-23 23:00:00,1879.95833333333,-21.6810614614035,-0.124917739660275,-0.124916768494492
2022-04-23 23:30:00,1879.97916666667,-21.2491111055556,-0.0564371066382506,-0.0564361355335616
2022-04-24,1880,-22.2672666588889,-0.218959388268574,-0.218958417225205
2022-04-24 04:00:00,1880.16666666667,-23.4809313575139,-0.414932286204184,-0.414931315659513
2022-04-24 04:30:00,1880.1875,-23.9702879251152,-0.493216573128404,-0.493215602647087
2022-04-24 05:00:00,1880.20833333333,-23.8176857704762,-0.469236383482305,-0.469235413064564
2022-04-24 05:30:00,1880.22916666667,-24.1103061434137,-0.516180467232646,-0.516179496878702
2022-04-24 06:30:00,1880.27083333333,-24.2095918621521,-0.532655671247855,-0.53265470102219
2022-04-24 07:00:00,1880.29166666667,-24.2956451380184,-0.546693488341871,-0.546692518180677
2022-04-24 07:30:00,1880.3125,-22.6607428714286,-0.286581864129628,-0.286580894033129
2022-04-24 08:00:00,1880.33333333333,-23.6256363749536,-0.440619570323532,-0.440618600291959
2022-04-24 09:00:00,1880.375,-23.8903796522222,-0.483452345670095,-0.483451375769041
2022-04-24 09:30:00,1880.39583333333,-23.6730370180556,-0.449159009178377,-0.449158039342923
2022-04-24 10:00:00,1880.41666666667,-23.6124952066667,-0.439844162018934,-0.439843192249297
2022-04-24 10:30:00,1880.4375,-24.0456103788497,-0.509169231285484,-0.509168261581896
2022-04-24 11:30:00,1880.47916666667,-24.5360557812268,-0.58795657835943,-0.587955608788606
2022-04-24 12:00:00,1880.5,-24.5715483937788,-0.593940107986498,-0.593939138482388
2022-04-24 12:30:00,1880.52083333333,-24.3393868150943,-0.55728613968138,-0.557285170244223
2022-04-24 13:00:00,1880.54166666667,-23.9322040473098,-0.492751176838944,-0.49275020746895
2022-04-24 14:00:00,1880.58333333333,-22.0361574594444,-0.191368704247237,-0.191367735012248
2022-04-24 14:30:00,1880.60416666667,-19.6878824603687,0.18238362054605,0.182384589713197
2022-04-24 15:00:00,1880.625,-18.8887830367925,0.309351163312801,0.30935213241189
2022-04-24 15:30:00,1880.64583333333,-17.6186925598148,0.51134791171505,0.511348880745849
2022-04-24 16:30:00,1880.6875,-19.1727240609259,0.26313042157965,0.263131390473205
2022-04-24 17:00:00,1880.70833333333,-19.8340921760369,0.157444419029425,0.157445387854019
2022-04-24 17:30:00,1880.72916666667,-19.8025659716981,0.162136971139876,0.162137939895292
2022-04-24 18:00:00,1880.75,-20.2149740798148,0.0961104644991299,0.0961114331851444
2022-04-24 19:00:00,1880.79166666667,-20.0157166722222,0.127193094869112,0.12719406341564
2022-04-24 19:30:00,1880.8125,-19.8770230490783,0.148957471487177,0.148958439963632
2022-04-24 20:00:00,1880.83333333333,-19.852877345283,0.152474277328454,0.152475245734608
2022-04-24 20:30:00,1880.85416666667,-19.9926400571429,0.129880350099859,0.129881318435486
2022-04-24 21:30:00,1880.89583333333,-19.9081314907407,0.142683354606474,0.142684322800387
2022-04-24 22:00:00,1880.91666666667,-19.6673341082949,0.180712906632272,0.180713874754997
2022-04-24 22:30:00,1880.9375,-19.6588302216981,0.181737933613608,0.181738901664915
2022-04-24 23:00:00,1880.95833333333,-18.9516685746296,0.294059635993784,0.294060603973449
2022-04-25,1881,-18.3737555438889,0.385462272913747,0.385463240749473
2022-04-25 01:00:00,1881.04166666667,-17.7931711761261,0.477290435782331,0.477291403473213
2022-04-25 01:30:00,1881.0625,-17.7079681031915,0.490533667908755,0.490534635526888
2022-04-25 02:00:00,1881.08333333333,-17.6369684130112,0.50151428615227,0.501515253697424
2022-04-25 05:00:00,1881.20833333333,-18.5914826896552,0.34748128123932,0.347482248341936
2022-04-25 05:30:00,1881.22916666667,-18.4509019762745,0.369546173363406,0.369547140391491
2022-04-25 06:00:00,1881.25,-18.3797105768089,0.3805572936722,0.380558260625533
2022-04-25 07:00:00,1881.29166666667,-18.2381709862454,0.402445197196567,0.402446163999713
2022-04-25 07:30:00,1881.3125,-18.1810688103448,0.411211880810009,0.411212847537735
2022-04-25 08:00:00,1881.33333333333,-18.191629407451,0.409199831977635,0.409200798629706
2022-04-25 08:30:00,1881.35416666667,-18.0537996888683,0.43082646216505,0.430827428741257
2022-04-25 09:30:00,1881.39583333333,-17.851851544898,0.462337448095267,0.462338414519072
2022-04-25 10:00:00,1881.41666666667,-17.8050688413793,0.469460211040429,0.469461177387704
2022-04-25 10:30:00,1881.4375,-17.9453268123288,0.446787256739404,0.446788223009921
2022-04-25 11:00:00,1881.45833333333,-18.0259203401852,0.43361888676043,0.433619852953966
2022-04-25 12:00:00,1881.5,-18.0497981335185,0.4291555982925,0.429156564331423
2022-04-25 12:30:00,1881.52083333333,-18.645344762069,0.333954819335809,0.333955785297079
2022-04-25 13:00:00,1881.54166666667,-18.6575694565558,0.331677637393846,0.331678603277254
2022-04-25 13:30:00,1881.5625,-19.0325388588889,0.271614960381876,0.271615926187202
2022-04-25 14:30:00,1881.60416666667,-21.8055370194444,-0.170785206234286,-0.170784240585804
2022-04-25 15:00:00,1881.625,-21.8629310172414,-0.18025790577174,-0.180256940202004
2022-04-25 15:30:00,1881.64583333333,-21.4040157088063,-0.107482167584692,-0.107481202093932
2022-04-25 16:00:00,1881.66666666667,-21.6494166614815,-0.14690451678264,-0.14690355137107
2022-04-25 17:00:00,1881.70833333333,-21.2380759561111,-0.0820372634703012,-0.0820362982177879
2022-04-25 17:30:00,1881.72916666667,-20.7653448103448,-0.00706066697787192,-0.00705970180521243
2022-04-25 18:00:00,1881.75,-20.6106223524462,0.0172569147764454,0.01725787986903
2022-04-25 18:30:00,1881.77083333333,-20.6633777687037,0.0085231194458032,0.00852408445807871
2022-04-25 19:30:00,1881.8125,-19.5087296533333,0.191799739479776,0.191800704330797
2022-04-25 20:00:00,1881.83333333333,-19.0584826724138,0.26319457532777,0.263195540097819
2022-04-25 20:30:00,1881.85416666667,-19.0287945272016,0.267594084814428,0.267595049503296
2022-04-25 21:00:00,1881.875,-19.0089981177778,0.270417830466986,0.270418795074454
2022-04-25 22:00:00,1881.91666666667,-19.0349851616667,0.265618393180102,0.265619357624099
2022-04-25 22:30:00,1881.9375,-18.9474484689655,0.279233204857485,0.279234169219414
2022-04-25 23:00:00,1881.95833333333,-19.0135753373777,0.268369298354416,0.268370262634054
2022-04-25 23:30:00,1881.97916666667,-20.8113555605556,-0.0183482280666345,-0.0183472638695002
2022-04-26 01:00:00,1882.04166666667,-22.1642490806691,-0.234854706908772,-0.234853742960486
2022-04-26 01:30:00,1882.0625,-23.5211025076923,-0.451332291359683,-0.451331327494782
2022-04-26 02:00:00,1882.08333333333,-23.4614016086345,-0.442151762210322,-0.442150798429041
2022-04-26 02:30:00,1882.10416666667,-22.6542593024254,-0.313903285560311,-0.313902321862856
2022-04-26 03:30:00,1882.14583333333,-22.719675986406,-0.324983957310525,-0.32498299378139
2022-04-26 06:30:00,1882.27083333333,-23.4887991446429,-0.449485130323011,-0.449484167304122
2022-04-26 07:00:00,1882.29166666667,-23.5104190019048,-0.453259081758927,-0.453258118825845
2022-04-26 07:30:00,1882.3125,-23.6289796176252,-0.472475767658825,-0.472474804811768
2022-04-26 08:30:00,1882.35416666667,-23.5844479425651,-0.466041637110964,-0.466040674436631
2022-04-26 09:00:00,1882.375,-23.091602646875,-0.387860931250942,-0.387859968663295
2022-04-26 09:30:00,1882.39583333333,-22.9981369038217,-0.373301675724925,-0.373300713224188
2022-04-26 10:00:00,1882.41666666667,-22.6631725751391,-0.320271525085514,-0.320270562671908
2022-04-26 11:00:00,1882.45833333333,-21.9981354315399,-0.214990451741352,-0.214989489502659
2022-04-26 11:30:00,1882.47916666667,-20.9788393049107,-0.0529457628688929,-0.0529448007179811
2022-04-26 12:00:00,1882.5,-20.7323548020161,-0.0140105199040157,-0.0140095578411117
2022-04-26 12:30:00,1882.52083333333,-17.9711722140741,0.425517923099355,0.425518885074032
2022-04-26 13:30:00,1882.5625,-16.4101092555556,0.673536529422296,0.673537491219875
2022-04-26 14:00:00,1882.58333333333,-15.6092901799107,0.800777658439308,0.800778620147996
2022-04-26 14:30:00,1882.60416666667,-15.4279493778481,0.829335454013179,0.829336415632771
2022-04-26 15:00:00,1882.625,-14.9652370388889,0.90271593475396,0.902716896284236
2022-04-26 16:00:00,1882.66666666667,-14.5516574125926,0.967939608713412,0.967940570064388
2022-04-26 16:30:00,1882.6875,-14.3119732147321,1.0057915422552,1.0057925035162
2022-04-26 17:00:00,1882.70833333333,-14.1856867237342,1.02557913849517,1.02558009966597
2022-04-26 17:30:00,1882.72916666667,-13.4289796344444,1.14579318502836,1.14579414610876
2022-04-26 18:30:00,1882.77083333333,-13.386092597963,1.15196524910821,1.15196621000712
2022-04-26 19:00:00,1882.79166666667,-13.112370575,1.1952394251194,1.19524038592725
2022-04-26 19:30:00,1882.8125,-13.0820601262658,1.19973796205931,1.19973892277587
2022-04-26 20:00:00,1882.83333333333,-13.2129427897436,1.17855831972376,1.17855928034881
2022-04-26 21:00:00,1882.875,-13.4892648085185,1.13388013988401,1.1338811003254
2022-04-26 21:30:00,1882.89583333333,-13.3814598183036,1.15072360767603,1.15072456802525
2022-04-26 22:00:00,1882.91666666667,-13.2903006183544,1.164915388043,1.16491634829985
2022-04-26 22:30:00,1882.9375,-13.2416573964815,1.17233434162195,1.1723353017862
2022-04-26 23:30:00,1882.97916666667,-13.219401852037,1.17521976977799,1.17522072975639
2022-04-27 00:30:00,1883.02083333333,-13.5962862961538,1.11452190864101,1.11452286843268
2022-04-27 01:00:00,1883.04166666667,-13.5394786652459,1.12324145355742,1.12324241325541
2022-04-27 01:30:00,1883.0625,-13.4457921935065,1.13783582332804,1.13783678293214
2022-04-27 02:30:00,1883.10416666667,-13.4224842194805,1.14088889362859,1.14088985304422
2022-04-27 03:00:00,1883.125,-13.4544487311966,1.13546696966361,1.13546792898468
2022-04-27 03:30:00,1883.14583333333,-13.4143868688525,1.14151889788213,1.14151985710843
2022-04-27 04:00:00,1883.16666666667,-13.4455083454545,1.13623126870504,1.13623222783634
2022-04-27 05:00:00,1883.20833333333,-13.6426567545455,1.1041654730934,1.10416643203407
2022-04-27 08:00:00,1883.33333333333,-16.2797852085919,0.682089275570086,0.682090233933618
2022-04-27 08:30:00,1883.35416666667,-16.3351982760331,0.672931974819633,0.672932933086221
2022-04-27 09:00:00,1883.375,-16.3842263617811,0.664791806005673,0.6647927641751
2022-04-27 10:00:00,1883.41666666667,-16.4389851795918,0.655408767299498,0.655409725273938
2022-04-27 10:30:00,1883.4375,-16.5607898483092,0.635675236434952,0.635676194311581
2022-04-27 11:00:00,1883.45833333333,-16.4950320136,0.64582054635981,0.645821504138403
2022-04-27 11:30:00,1883.47916666667,-16.8805417402597,0.584078611278539,0.584079568958888
2022-04-27 12:30:00,1883.52083333333,-17.252779229128,0.52412099320089,0.524121950684085
2022-04-27 13:00:00,1883.54166666667,-17.490299515942,0.485953881899896,0.485954839284196
2022-04-27 13:30:00,1883.5625,-17.5582160744,0.474804765897483,0.474805723182671
2022-04-27 14:00:00,1883.58333333333,-18.5577648316667,0.315245975081809,0.315246932267656
2022-04-27 15:00:00,1883.625,-18.809968547963,0.274409824668863,0.274410781655405
2022-04-27 15:30:00,1883.64583333333,-19.6113067618357,0.146426115951627,0.146427072838179
2022-04-27 16:00:00,1883.66666666667,-19.4393650111111,0.173486601494443,0.173487558280802
2022-04-27 16:30:00,1883.6875,-19.5379777476809,0.157447564293976,0.157448520979925
2022-04-27 17:30:00,1883.72916666667,-20.314433302037,0.0330977254720658,0.0330986819565413
2022-04-27 18:00:00,1883.75,-20.2646835782609,0.0406929357527175,0.0406938921361289
2022-04-27 18:30:00,1883.77083333333,-20.0803967571429,0.0697200023751704,0.0697209586573017
2022-04-27 19:00:00,1883.79166666667,-19.8488833346296,0.10627030098419,0.106271257164832
2022-04-27 20:00:00,1883.83333333333,-20.5909741075926,-0.0126051974591627,-0.0126042414821603
2022-04-27 20:30:00,1883.85416666667,-21.402811198063,-0.142261378998885,-0.14226042312402
2022-04-27 21:00:00,1883.875,-21.494088072,-0.157131802318791,-0.157130846546277
2022-04-27 21:30:00,1883.89583333333,-22.2751926240741,-0.281892266878192,-0.28189131120826
2022-04-27 22:30:00,1883.9375,-22.3975537007407,-0.302044373575754,-0.302043418111604
2022-04-27 23:00:00,1883.95833333333,-22.1435145214976,-0.261905699214927,-0.261904743853999
2022-04-27 23:30:00,1883.97916666667,-21.9721280544,-0.234933659947367,-0.234932704689869
2022-04-28 00:30:00,1884.02083333333,-22.2064851340149,-0.272926801818472,-0.272925846768493
2022-04-28 01:30:00,1884.0625,-22.6433698741636,-0.343182740169126,-0.343181785327521
2022-04-28 02:00:00,1884.08333333333,-22.728881158042,-0.357134690498886,-0.357133735761794
2022-04-28 02:30:00,1884.10416666667,-22.9426817636364,-0.391523220185267,-0.391522265552896
2022-04-28 03:00:00,1884.125,-22.672875693692,-0.348872859554765,-0.34887190502733
2022-04-28 04:00:00,1884.16666666667,-22.4549035361781,-0.314809613228243,-0.314808658911338
2022-04-28 04:30:00,1884.1875,-22.45476687669,-0.31511777820216,-0.315116823990836
2022-04-28 05:00:00,1884.20833333333,-22.5458728427273,-0.329960957144019,-0.329960003038498
2022-04-28 05:30:00,1884.22916666667,-22.961465638961,-0.396495118494878,-0.396494164495367
2022-04-28 06:30:00,1884.27083333333,-23.4378382728625,-0.473041478603188,-0.473040524816355
2022-04-28 09:30:00,1884.39583333333,-23.3811558701299,-0.465991467695652,-0.465990514551988
2022-04-28 10:30:00,1884.4375,-24.34300742282,-0.619874938059017,-0.619873985131448
2022-04-28 11:00:00,1884.45833333333,-26.3819999785714,-0.945017821651817,-0.945016868832624
2022-04-28 11:30:00,1884.47916666667,-25.6053790371429,-0.821631461040872,-0.821630508330269
2022-04-28 12:00:00,1884.5,-25.7970204398887,-0.85248998171572,-0.852489029113914
2022-04-28 13:00:00,1884.54166666667,-25.4535658350649,-0.798437227877724,-0.79843627549416
2022-04-28 13:30:00,1884.5625,-25.5184997785714,-0.809111153275475,-0.809110201001356
2022-04-28 14:00:00,1884.58333333333,-25.2074791568441,-0.759895245527305,-0.759894293362845
2022-04-28 14:30:00,1884.60416666667,-25.1779055709259,-0.75551404942441,-0.755513097369817
2022-04-28 15:30:00,1884.64583333333,-25.1271962933333,-0.748095812778162,-0.748094860943955
2022-04-28 16:00:00,1884.66666666667,-25.8236425857143,-0.859370095003314,-0.859369143279614
2022-04-28 16:30:00,1884.6875,-25.0565323376426,-0.737498772004981,-0.737497820392002
2022-04-28 17:00:00,1884.70833333333,-25.4567407027778,-0.801582135774656,-0.801581184272617
2022-04-28 18:00:00,1884.75,-25.477708690538,-0.805582113971186,-0.805581162691662
2022-04-28 18:30:00,1884.77083333333,-26.7232144214286,-1.00432194442368,-1.00432099325574
2022-04-28 19:00:00,1884.79166666667,-26.1161558391635,-0.9079469532601,-0.907946002203944
2022-04-28 19:30:00,1884.8125,-25.8752443794297,-0.86989945766147,-0.86989850671732
2022-04-28 20:30:00,1884.85416666667,-26.5955101877095,-0.985298051530316,-0.985297100810813
2022-04-28 21:00:00,1884.875,-26.7807144357143,-1.01513108430592,-1.01513013369906
2022-04-28 21:30:00,1884.89583333333,-26.2012775865019,-0.923156240996325,-0.923155290502327
2022-04-28 22:00:00,1884.91666666667,-26.3016951756506,-0.939482692631221,-0.939481742250288
2022-04-28 23:00:00,1884.95833333333,-25.6979794953445,-0.843970060257799,-0.843969110103643
2022-04-29,1885,-26.9390416166667,-1.0423318378021,-1.04233088787557
2022-04-29 00:30:00,1885.02083333333,-25.2183424628405,-0.768553075660316,-0.768552125847922
2022-04-29 01:00:00,1885.04166666667,-25.7823921754647,-0.85873643748131,-0.858735487783257
2022-04-29 02:00:00,1885.08333333333,-25.7056308276438,-0.847167969278396,-0.847167019809677
2022-04-29 02:30:00,1885.10416666667,-27.1213335208333,-1.07302024973409,-1.07301930038035
2022-04-29 03:00:00,1885.125,-24.9353222926214,-0.725116925339849,-0.7251159761013
2022-04-29 03:30:00,1885.14583333333,-25.6157940313544,-0.833846382620086,-0.833845433496954
2022-04-29 04:30:00,1885.1875,-25.2737551024119,-0.780018972547027,-0.780018023655338
2022-04-29 05:00:00,1885.20833333333,-27.4314166625,-1.12406581358205,-1.12406486480642
2022-04-29 05:30:00,1885.22916666667,-25.5091533873786,-0.8181777092509,-0.818176760591517
2022-04-29 06:00:00,1885.25,-24.7310519701299,-0.694555402915778,-0.694554454372859
2022-04-29 07:00:00,1885.29166666667,-24.3434452816327,-0.633468980442027,-0.633468032132677
2022-04-29 07:30:00,1885.3125,-26.4499999708333,-0.96937444223591,-0.969373494043666
2022-04-29 08:00:00,1885.33333333333,-23.4926666880392,-0.498598927610166,-0.498597979535241
2022-04-29 11:00:00,1885.45833333333,-26.7636994335807,-1.02165544410019,-1.0216544967336
2022-04-29 12:00:00,1885.5,-27.4620760454545,-1.13356685961208,-1.13356591248329
2022-04-29 12:30:00,1885.52083333333,-28.5020478449761,-1.29956486534265,-1.29956391833308
2022-04-29 13:00:00,1885.54166666667,-28.581921200303,-1.31261849862805,-1.3126175517379
2022-04-29 13:30:00,1885.5625,-28.9566233634508,-1.37263856745843,-1.37263762068793
2022-04-29 14:30:00,1885.60416666667,-29.2095902293233,-1.41359585005713,-1.41359490352654
2022-04-29 15:00:00,1885.625,-29.0107704052632,-1.38225344353851,-1.3822524971282
2022-04-29 15:30:00,1885.64583333333,-28.4605151427273,-1.29492711613245,-1.29492616984263
2022-04-29 16:00:00,1885.66666666667,-28.7022833540741,-1.33377068966528,-1.33376974349615
2022-04-29 17:30:00,1885.72916666667,-28.9802019515152,-1.37903246786077,-1.37903152205499
2022-04-29 18:00:00,1885.75,-28.2506318125,-1.26314112986633,-1.26314018418209
2022-04-29 18:30:00,1885.77083333333,-28.4779629200371,-1.29968483960939,-1.29968389404689
2022-04-29 19:30:00,1885.8125,-28.0343970487941,-1.22968386893632,-1.22968292361795
2022-04-29 20:00:00,1885.83333333333,-27.7639697545455,-1.18693429536205,-1.18693335016606
2022-04-29 20:30:00,1885.85416666667,-27.4232158977273,-1.13298164529358,-1.13298070022018
2022-04-29 21:00:00,1885.875,-26.4679870001855,-0.981142677263411,-0.981141732312816
2022-04-29 22:00:00,1885.91666666667,-26.0281020400742,-0.911728029945802,-0.911727085241438
2022-04-29 22:30:00,1885.9375,-26.2288989656566,-0.944044786807243,-0.944043842226306
2022-04-29 23:00:00,1885.95833333333,-24.6701292528345,-0.696061315730929,-0.696060371273642
2022-04-30,1886,-23.7753376708955,-0.554179678218725,-0.554178734009342
2022-04-30 01:00:00,1886.04166666667,-23.7341566882463,-0.548278798539254,-0.548277854578622
2022-04-30 01:30:00,1886.0625,-24.9775050575758,-0.746674714584296,-0.746673770748358
2022-04-30 02:00:00,1886.08333333333,-23.8366819139588,-0.56527039957324,-0.565269455862204
2022-04-30 02:30:00,1886.10416666667,-24.0747312972015,-0.603521458122598,-0.603520514536668
2022-04-30 03:30:00,1886.14583333333,-23.8870839494403,-0.574288328748584,-0.574287385413508
2022-04-30 04:00:00,1886.16666666667,-24.1241212080808,-0.612378138889067,-0.612377195679725
2022-04-30 04:30:00,1886.1875,-22.4857757631579,-0.351718138683654,-0.351717195600256
2022-04-30 05:00:00,1886.20833333333,-21.9410280184701,-0.265269028085174,-0.265268085127942
2022-04-30 06:00:00,1886.25,-22.9824608358209,-0.431829192151782,-0.431828249447484
2022-04-30 06:30:00,1886.27083333333,-23.6665150828283,-0.541129100077289,-0.541128157499779
2022-04-30 07:00:00,1886.29166666667,-21.7192883576659,-0.23126406308263,-0.231263120632116
2022-04-30 07:30:00,1886.3125,-22.4126018637383,-0.342038966136072,-0.342038023812757
2022-04-30 08:30:00,1886.35416666667,-21.1429999996269,-0.140449596662408,-0.140448654594126
2022-04-30 09:00:00,1886.375,-22.0965656535354,-0.292682835341897,-0.292681893401447
2022-04-30 09:30:00,1886.39583333333,-21.2632758702194,-0.160268720043631,-0.160267778231221
2022-05-03 18:00:00,1889.75,-17.1359163405204,0.444273321842861,0.44427424035996
2022-05-03 18:30:00,1889.77083333333,-16.6100821283582,0.527711060735058,0.527711979091082
2022-05-03 19:00:00,1889.79166666667,-16.580858944802,0.532038320675017,0.532039238869767
2022-05-03 19:30:00,1889.8125,-16.5708565903166,0.533303701639764,0.533304619673036
2022-05-03 20:30:00,1889.85416666667,-16.4407676734201,0.553370995220848,0.553371912930571
2022-05-03 21:00:00,1889.875,-16.2311729428571,0.586431623071558,0.586432540619205
2022-05-03 21:30:00,1889.89583333333,-16.2574345874074,0.581920174820122,0.581921092205501
2022-05-03 22:30:00,1889.9375,-16.1566107959032,0.59732561700719,0.597326534067426
2022-05-03 23:30:00,1889.97916666667,-15.9590298587687,0.628144594138434,0.628145510872744
2022-05-04,1890,-15.4364722138889,0.711060516513011,0.711061433084048
2022-05-04 00:30:00,1890.02083333333,-15.2867817383249,0.734578445611533,0.734579362019112
2022-05-04 01:00:00,1890.04166666667,-15.1156933078067,0.761505097518886,0.761506013762808
2022-05-04 02:00:00,1890.08333333333,-15.2996561302974,0.731544013810354,0.731544929726356
2022-05-04 02:30:00,1890.10416666667,-16.3327292583333,0.566646909063803,0.566647824815554
2022-05-04 03:00:00,1890.125,-16.1307791890863,0.598489895668752,0.598490811256048
2022-05-04 03:30:00,1890.14583333333,-16.0902063141264,0.604625393405143,0.604626308827792
2022-05-04 04:30:00,1890.1875,-15.6618346403543,0.67220976735803,0.672210682450779
2022-05-04 05:00:00,1890.20833333333,-15.6714027451389,0.670357811952343,0.670358726879852
2022-05-04 05:30:00,1890.22916666667,-15.3840355545685,0.715807874961798,0.715808789723869
2022-05-04 06:00:00,1890.25,-15.2771096635688,0.732513523717672,0.732514438314095
2022-05-04 07:00:00,1890.29166666667,-15.3391208184015,0.721979699565556,0.721980613830116
2022-05-04 07:30:00,1890.3125,-15.6055347263889,0.679212092942177,0.679213007040503
2022-05-04 08:00:00,1890.33333333333,-15.4995304449239,0.695770983914704,0.695771897846598
2022-05-04 08:30:00,1890.35416666667,-15.7626133951673,0.653534029045269,0.65353494281054
2022-05-04 09:30:00,1890.39583333333,-15.7592886484171,0.653408399730425,0.653409313161853
2022-05-04 10:00:00,1890.41666666667,-15.76317359375,0.652461914291811,0.652462827556018
2022-05-04 10:30:00,1890.4375,-15.7006997302799,0.662086448607873,0.662087361704664
2022-05-04 11:00:00,1890.45833333333,-15.6700297537175,0.66664461514554,0.666645528074723
2022-05-04 12:00:00,1890.5,-15.7249795427509,0.657235951761237,0.6572368643546
2022-05-04 12:30:00,1890.52083333333,-15.8973471923611,0.629450122008678,0.629451034433842
2022-05-04 13:00:00,1890.54166666667,-15.8617360522843,0.634795476378774,0.634796388635543
2022-05-04 13:30:00,1890.5625,-15.7376877442379,0.654228949148128,0.654229861236299
2022-05-04 14:30:00,1890.60416666667,-15.4497100425651,0.699449023317109,0.6994499350675
2022-05-04 15:00:00,1890.625,-15.3238472375,0.719171590040079,0.719172501621282
2022-05-04 15:30:00,1890.64583333333,-15.2517614299492,0.730327457140539,0.730328368552365
2022-05-04 16:00:00,1890.66666666667,-15.0093104092937,0.76862263898679,0.768623550229035
2022-05-04 19:30:00,1890.8125,-14.8188441697588,0.796672385050109,0.796673295099818
2022-05-04 20:00:00,1890.83333333333,-14.7893436631579,0.801044515766549,0.801045425645108
2022-05-04 20:30:00,1890.85416666667,-14.7768279223256,0.802710976089268,0.802711885796489
2022-05-04 21:00:00,1890.875,-14.6500797727273,0.822574755733106,0.822575665268787
2022-05-04 22:30:00,1890.9375,-14.6007918135688,0.829444579615799,0.829445488635691
2022-05-04 23:00:00,1890.95833333333,-14.5568622571856,0.836115358487688,0.836116267335264
2022-05-04 23:30:00,1890.97916666667,-14.4644068431373,0.850516356345192,0.850517265020257
2022-05-05,1891,-14.6268791786245,0.824307196751636,0.82430810525398
2022-05-05 01:00:00,1891.04166666667,-14.783228610223,0.798746265518146,0.798747173674491
2022-05-05 01:30:00,1891.0625,-15.2718472982036,0.720581804828938,0.720582712811984
2022-05-05 02:00:00,1891.08333333333,-15.0769411784314,0.751303349862085,0.751304257671637
2022-05-05 02:30:00,1891.10416666667,-15.6553531513011,0.658834785548727,0.658835693184597
2022-05-05 03:30:00,1891.14583333333,-15.6661635966543,0.656458472958779,0.656459380246686
2022-05-05 04:00:00,1891.16666666667,-15.8776227458084,0.622445802245938,0.622446709359578
2022-05-05 04:30:00,1891.1875,-15.9274314029412,0.614184186031295,0.614185092970467
2022-05-05 05:00:00,1891.20833333333,-15.8418698855019,0.6274871510068,0.627488057771315
2022-05-05 06:00:00,1891.25,-15.8312955288104,0.628517608891018,0.628518515305624
2022-05-05 06:30:00,1891.27083333333,-16.1890539293413,0.571199441314352,0.571200347553717
2022-05-05 07:00:00,1891.29166666667,-16.1640882313725,0.574849511939244,0.574850418003175
2022-05-05 07:30:00,1891.3125,-16.3657843719331,0.542392205564302,0.542393111452597
2022-05-05 08:30:00,1891.35416666667,-16.7104870178439,0.486826941370823,0.486827846907271
2022-05-05 09:00:00,1891.375,-16.9053443634731,0.455459107726465,0.455460013086694
2022-05-05 09:30:00,1891.39583333333,-16.9625588098039,0.446017902322416,0.446018807506234
2022-05-05 10:00:00,1891.41666666667,-16.7268457159851,0.483240279456431,0.483241184463649
2022-05-05 11:00:00,1891.45833333333,-16.8741784671004,0.459116340964069,0.459117245617498
2022-05-05 11:30:00,1891.47916666667,-17.4752754733533,0.363034319601221,0.363035224077469
2022-05-05 12:00:00,1891.5,-17.398583347549,0.374924607561826,0.374925511860686
2022-05-05 12:30:00,1891.52083333333,-19.2573642856877,0.0784926695955576,0.0784935737168481
2022-05-05 13:30:00,1891.5625,-19.9139851516729,-0.0267610670275281,-0.0267601632619698
2022-05-05 14:00:00,1891.58333333333,-20.2896736275449,-0.0869352668509771,-0.0869343632635685
2022-05-05 14:30:00,1891.60416666667,-20.4841674665025,-0.118245015090477,-0.118244111681411
2022-05-05 15:00:00,1891.625,-19.9137342315985,-0.0277013173559601,-0.027700414125438
2022-05-05 16:00:00,1891.66666666667,-19.8056821862454,-0.0111419481525635,-0.0111410452797012
2022-05-05 16:30:00,1891.6875,-20.3161706517964,-0.0927898000447419,-0.0927888973510026
2022-05-05 17:00:00,1891.70833333333,-19.9940441151961,-0.041801470448325,-0.0418005679338955
2022-05-05 17:30:00,1891.72916666667,-20.1646322202627,-0.0693029186786063,-0.0693020163436793
2022-05-05 21:00:00,1891.875,-23.5278608329114,-0.607353657539838,-0.607352756466863
2022-05-05 21:30:00,1891.89583333333,-20.9128178520446,-0.191101948101078,-0.191101047209154
2022-05-05 22:30:00,1891.9375,-21.1588750807692,-0.230952001538494,-0.230951101009244
2022-05-05 23:00:00,1891.95833333333,-19.8442752243119,-0.02186175980275,-0.0218608594551228
2022-05-05 23:30:00,1891.97916666667,-19.0031592338889,0.111802180909311,0.111803081075124
2022-05-06,1892,-16.5884722124074,0.49613712859714,0.496138028580933
2022-05-06 00:30:00,1892.02083333333,-17.7396538278846,0.312426671480556,0.31242757128215
2022-05-06 01:00:00,1892.04166666667,-16.5569034662069,0.50051326349972,0.500514163118923
2022-05-06 01:30:00,1892.0625,-16.5987944659259,0.493513628865038,0.493514528301645
2022-05-06 02:00:00,1892.08333333333,-16.3864296738889,0.527017140953584,0.527018040207416
2022-05-06 02:30:00,1892.10416666667,-17.6537500375,0.324805767790131,0.324806666860995
2022-05-06 03:00:00,1892.125,-16.4985550761468,0.508502834538638,0.508503733426337
2022-05-06 03:30:00,1892.14583333333,-16.3051610777778,0.538984338096611,0.538985236800953
2022-05-06 04:00:00,1892.16666666667,-16.5600777790741,0.498049644398976,0.498050542919775
2022-05-06 04:30:00,1892.1875,-17.3848461711538,0.366337186747868,0.366338085084928
2022-05-06 05:00:00,1892.20833333333,-16.8406399791284,0.452703376283874,0.452704274437007
2022-05-06 05:30:00,1892.22916666667,-17.6510203505556,0.323282975952512,0.323283873921522
2022-05-06 06:00:00,1892.25,-17.629042542037,0.326457846236695,0.32645874402139
2022-05-06 06:30:00,1892.27083333333,-17.2585481221154,0.38515167955015,0.385152577150345
2022-05-06 07:00:00,1892.29166666667,-16.3638945213303,0.52734446276603,0.527345360181534
2022-05-06 07:30:00,1892.3125,-16.6608129387037,0.479718989839436,0.479719887070044
2022-05-06 08:00:00,1892.33333333333,-17.2329074098148,0.388257792812157,0.388258689857691
2022-05-06 08:30:00,1892.35416666667,-17.4682403192308,0.350442971162529,0.350443868022799
2022-05-06 09:00:00,1892.375,-16.9656559768349,0.430178913038869,0.430179809713677
2022-05-06 09:30:00,1892.39583333333,-17.3651185090741,0.366218161201353,0.366219057690507
2022-05-06 10:00:00,1892.41666666667,-17.5123518348148,0.342437720276187,0.342438616579503
2022-05-06 10:30:00,1892.4375,-18.5519321097087,0.176505790781766,0.176506686899047
2022-05-06 11:00:00,1892.45833333333,-17.8601876139588,0.286375152631551,0.286376048562612
2022-05-06 11:30:00,1892.47916666667,-18.3172129292593,0.213244680852372,0.213245576597017
2022-05-06 12:00:00,1892.5,-20.6315555805556,-0.155757751574446,-0.155756856016408
2022-05-06 12:30:00,1892.52083333333,-21.0270679456311,-0.219089129906553,-0.219088234535307
2022-05-06 13:00:00,1892.54166666667,-21.3900800681922,-0.277243178059305,-0.277242282875042
2022-05-06 13:30:00,1892.5625,-21.8304962340741,-0.347727727263309,-0.34772683226623
2022-05-06 14:00:00,1892.58333333333,-22.5735186128731,-0.466417644025794,-0.466416749216079
2022-05-06 14:30:00,1892.60416666667,-22.9669293282828,-0.529414154526516,-0.529413259904354
2022-05-06 15:00:00,1892.625,-23.1763020894737,-0.563093268915457,-0.563092374481046
2022-05-06 15:30:00,1892.64583333333,-22.4419514085981,-0.446436546056191,-0.44643565180972
2022-05-06 16:00:00,1892.66666666667,-21.7196511669776,-0.331699448209309,-0.331698554150962
2022-05-06 16:30:00,1892.6875,-21.5955362681159,-0.312253684320282,-0.312252790450255
2022-05-06 17:00:00,1892.70833333333,-21.8201296568783,-0.348357381185092,-0.348356487503569
2022-05-06 17:30:00,1892.72916666667,-20.7415951684701,-0.176871857287799,-0.176870963794977
2022-05-06 18:00:00,1892.75,-20.7141380583955,-0.172823692132381,-0.172822798828449
2022-05-06 18:30:00,1892.77083333333,-20.9629090444444,-0.212778841304262,-0.212777948189404
2022-05-06 19:00:00,1892.79166666667,-21.049894726087,-0.226961457047584,-0.226960564121989
2022-05-06 22:00:00,1892.91666666667,-20.3599443463822,-0.119005877874079,-0.119004986088072
2022-05-06 22:30:00,1892.9375,-18.4330733055046,0.187620454336113,0.187621345931523
2022-05-06 23:00:00,1892.95833333333,-17.3071557967442,0.3666543356656,0.366655227070225
2022-05-06 23:30:00,1892.97916666667,-16.1178237504638,0.555790217337317,0.555791108550973
2022-05-07,1893,-16.1394211732839,0.552024188476561,0.552025079499054
2022-05-07 00:30:00,1893.02083333333,-16.5324862706422,0.489083112888482,0.489084003719628
2022-05-07 01:00:00,1893.04166666667,-16.0865767474419,0.559791313220618,0.559792203860229
2022-05-07 01:30:00,1893.0625,-16.1009202217069,0.557180901519564,0.557181791967438
2022-05-07 02:00:00,1893.08333333333,-15.8869611324074,0.590939270749283,0.590940161005243
2022-05-07 02:30:00,1893.10416666667,-15.9371559981651,0.582617745619511,0.58261863568337
2022-05-07 03:00:00,1893.125,-15.4658422482599,0.657372935131929,0.657373825003491
2022-05-07 03:30:00,1893.14583333333,-15.5309425894444,0.646676996137904,0.646677885816979
2022-05-07 04:00:00,1893.16666666667,-15.4819351948148,0.65415852057576,0.654159410062168
2022-05-07 04:30:00,1893.1875,-17.3375688779817,0.358229379856421,0.358230269149966
2022-05-07 05:00:00,1893.20833333333,-16.9585359612529,0.418284245078061,0.418285134178555
2022-05-07 05:30:00,1893.22916666667,-19.863768517037,-0.0448467067491087,-0.0448458178418478
2022-05-07 06:00:00,1893.25,-19.3947272487941,0.0295465926296168,0.0295474813434497
2022-05-07 06:30:00,1893.27083333333,-20.1841651477064,-0.0965367188617375,-0.0965358303415141
2022-05-07 07:00:00,1893.29166666667,-20.43059165058,-0.136117907097433,-0.136117018771007
2022-05-07 07:30:00,1893.3125,-21.2630092575926,-0.269047877113042,-0.269046988980616
2022-05-07 08:00:00,1893.33333333333,-22.1322240444444,-0.407839644265261,-0.407838756327008
2022-05-07 08:30:00,1893.35416666667,-22.8409817036697,-0.52107045637282,-0.52106956862893
2022-05-07 09:00:00,1893.375,-23.1047726853828,-0.563417738783104,-0.563416851233769
2022-05-07 09:30:00,1893.39583333333,-23.9213222246296,-0.693819834384043,-0.693818947029453
2022-05-07 10:00:00,1893.41666666667,-24.2920000152134,-0.753194221723384,-0.75319333456372
2022-05-07 10:30:00,1893.4375,-23.5227431137615,-0.630976177894146,-0.6309752909296
2022-05-07 11:00:00,1893.45833333333,-23.2475777225058,-0.587467244565495,-0.587466357796257
2022-05-07 11:30:00,1893.47916666667,-22.2386944561111,-0.427076509204233,-0.427075622630484
2022-05-07 12:00:00,1893.5,-22.4764018637037,-0.465268538797241,-0.465267652419174
2022-05-07 12:30:00,1893.52083333333,-23.2352568440367,-0.586479728863736,-0.586478842681533
2022-05-07 13:00:00,1893.54166666667,-23.2114709658933,-0.583015650566026,-0.583014764579874
2022-05-07 13:30:00,1893.5625,-23.1540018448148,-0.574185787232387,-0.574184901442486
2022-05-07 14:00:00,1893.58333333333,-22.9680258851852,-0.544884672277502,-0.544883786684025
2022-05-07 14:30:00,1893.60416666667,-22.8446880651376,-0.525561837270927,-0.525560951874064
2022-05-07 15:00:00,1893.625,-22.6993991071926,-0.502742149819888,-0.502741264619836
2022-05-07 15:30:00,1893.64583333333,-22.8661799705009,-0.529635387371002,-0.529634502367937
2022-05-07 16:00:00,1893.66666666667,-22.8091743962894,-0.520879264930652,-0.52087838012476
2022-05-07 16:30:00,1893.6875,-22.6614679275229,-0.497674404555933,-0.497673519947409
2022-05-07 17:00:00,1893.70833333333,-22.689884037123,-0.502525976117029,-0.502525091706059
2022-05-07 17:30:00,1893.72916666667,-23.2448726108365,-0.59126089680762,-0.591260012594384
2022-05-07 18:00:00,1893.75,-23.2934822957169,-0.599329277901834,-0.599328393886525
2022-05-07 18:30:00,1893.77083333333,-23.9678653365385,-0.707083781000579,-0.707082897183377
2022-05-07 19:00:00,1893.79166666667,-23.6590647060046,-0.658216401833432,-0.658215518214525
2022-05-07 19:30:00,1893.8125,-24.5460596026071,-0.799840083803748,-0.799839200383334
2022-05-07 20:00:00,1893.83333333333,-24.3189514880597,-0.76398633903906,-0.763985455817313
2022-05-07 23:30:00,1893.97916666667,-23.5463870531481,-0.643188864817726,-0.643187982991889
2022-05-08,1894,-23.1302823176871,-0.577227654527249,-0.577226772901575
2022-05-08 00:30:00,1894.02083333333,-23.0863714110204,-0.570557165856421,-0.570556284431089
2022-05-08 01:00:00,1894.04166666667,-22.9328144764378,-0.546419965261077,-0.546419084036279
2022-05-08 01:30:00,1894.0625,-24.006111303525,-0.717721424259693,-0.717720543235615
2022-05-08 02:00:00,1894.08333333333,-23.9334421435374,-0.706469661189561,-0.706468780366382
2022-05-08 02:30:00,1894.10416666667,-24.0148000583673,-0.719754499759622,-0.719753619137528
2022-05-08 03:00:00,1894.125,-23.703580719295,-0.670501479752946,-0.670500599332135
2022-05-08 03:30:00,1894.14583333333,-21.9201057996289,-0.38671707213464,-0.386716191915285
2022-05-08 04:00:00,1894.16666666667,-21.186244897619,-0.270136906023439,-0.270136026005725
2022-05-08 04:30:00,1894.1875,-21.0127601174797,-0.242825034963581,-0.2428241551477
2022-05-08 05:00:00,1894.20833333333,-20.9590111303704,-0.234587139642259,-0.234586260028396
2022-05-08 05:30:00,1894.22916666667,-20.9613703675926,-0.235287302855243,-0.235286423443577
2022-05-08 06:00:00,1894.25,-21.0926190534014,-0.256519625595039,-0.256518746385761
2022-05-08 06:30:00,1894.27083333333,-21.0334553260163,-0.247419093061484,-0.247418214054773
2022-05-08 07:00:00,1894.29166666667,-21.0999722422222,-0.25833955504289,-0.258338676238937
2022-05-08 07:30:00,1894.3125,-20.918112935,-0.229693485275796,-0.229692606674787
2022-05-08 08:00:00,1894.33333333333,-20.6003775884354,-0.179402243437587,-0.179401365039699
2022-05-08 08:30:00,1894.35416666667,-20.533028452439,-0.168997681925274,-0.168996803730693
2022-05-08 09:00:00,1894.375,-20.5789736945591,-0.176640973820122,-0.176640095829044
2022-05-08 09:30:00,1894.39583333333,-20.5405250307978,-0.170840234169309,-0.170839356381908
2022-05-08 10:00:00,1894.41666666667,-20.8337686697279,-0.217878293297315,-0.217877415713774
2022-05-08 10:30:00,1894.4375,-20.8226504727642,-0.216431272353742,-0.216430394974252
2022-05-08 11:00:00,1894.45833333333,-21.1223222462963,-0.264493293650034,-0.26449241647478
2022-05-08 11:30:00,1894.47916666667,-21.6567129692593,-0.349946189127783,-0.349945312156942
2022-05-08 12:00:00,1894.5,-22.0397440027304,-0.411287355668387,-0.411286478902151
2022-05-08 12:30:00,1894.52083333333,-22.2212723678862,-0.440528980871031,-0.440528104309577
2022-05-08 13:00:00,1894.54166666667,-22.4873703987037,-0.483242591927585,-0.483241715571103
2022-05-08 13:30:00,1894.5625,-22.5809078460526,-0.498467156361507,-0.498466280210183
2022-05-08 14:00:00,1894.58333333333,-22.7390510387755,-0.523983439797951,-0.52398256385196
2022-05-08 14:30:00,1894.60416666667,-22.6717845776423,-0.513591781849522,-0.51359090610905
2022-05-08 15:00:00,1894.625,-22.3288759364815,-0.459290105158683,-0.459289229623926
2022-05-08 15:30:00,1894.64583333333,-22.2103426359259,-0.440731558039469,-0.440730682710599
2022-05-08 16:00:00,1894.66666666667,-22.676738064966,-0.515352552972494,-0.515351677849694
2022-05-08 16:30:00,1894.6875,-22.6319552268293,-0.508542462038731,-0.50854158712219
2022-05-08 17:00:00,1894.70833333333,-22.3441851624074,-0.463024309663392,-0.463023434953295
2022-05-08 17:30:00,1894.72916666667,-22.7530981296296,-0.528488239393093,-0.528487364889617
2022-05-08 18:00:00,1894.75,-23.2106416645051,-0.601699030566218,-0.601698156269552
2022-05-08 18:30:00,1894.77083333333,-23.0701983526316,-0.579650066946297,-0.579649192856619
2022-05-08 19:00:00,1894.79166666667,-23.0836222255556,-0.582112233001388,-0.582111359118887
2022-05-08 19:30:00,1894.8125,-23.9071706673469,-0.713627798941796,-0.713626925266657
2022-05-08 20:30:00,1894.85416666667,-25.3993610450479,-0.951982144991231,-0.951981271731349
2022-05-08 21:00:00,1894.875,-25.2243588282511,-0.924427808612589,-0.924426935560624
2022-05-08 21:30:00,1894.89583333333,-24.855016785316,-0.865914976026407,-0.865914103182529
2022-05-09 01:00:00,1895.04166666667,-21.1173598833024,-0.272768243874592,-0.272767372492466
2022-05-09 01:30:00,1895.0625,-20.7161583138277,-0.209179980241937,-0.209179109069366
2022-05-09 02:00:00,1895.08333333333,-20.4054499675,-0.16000732832493,-0.16000645736209
2022-05-09 02:30:00,1895.10416666667,-21.1163821894249,-0.273582725566845,-0.273581854813918
2022-05-09 03:00:00,1895.125,-21.0601539619666,-0.264948891517523,-0.264948020974703
2022-05-09 03:30:00,1895.14583333333,-21.0888557478958,-0.26984444576929,-0.269843575436749
2022-05-09 04:00:00,1895.16666666667,-21.1062749925,-0.272942659560385,-0.272941789438303
2022-05-09 04:30:00,1895.1875,-21.8154062948052,-0.386231074842678,-0.386230204931245
2022-05-09 05:00:00,1895.20833333333,-21.9864537085185,-0.41380231850304,-0.413801448802437
2022-05-09 05:30:00,1895.22916666667,-21.8733206657315,-0.396103388674801,-0.396102519185204
2022-05-09 06:00:00,1895.25,-21.8273171268293,-0.389098213056177,-0.389097343777773
2022-05-09 06:30:00,1895.27083333333,-21.3979463096296,-0.321022332273634,-0.321021463206606
2022-05-09 07:00:00,1895.29166666667,-21.293588852963,-0.304721288269036,-0.304720419413559
2022-05-09 07:30:00,1895.3125,-21.4402504931864,-0.328407741925287,-0.328406873281549
2022-05-09 08:00:00,1895.33333333333,-21.3784632731707,-0.318888119288924,-0.318887250857101
2022-05-09 08:30:00,1895.35416666667,-21.0878555712963,-0.272917206436774,-0.272916338217047
2022-05-09 09:00:00,1895.375,-21.0411463459259,-0.265799471205269,-0.265798603197832
2022-05-09 09:30:00,1895.39583333333,-21.2023847527054,-0.291807918356549,-0.291807050561571
2022-05-09 10:00:00,1895.41666666667,-21.1175365439024,-0.278614567727036,-0.278613700144698
2022-05-09 10:30:00,1895.4375,-21.10542408,-0.277008049134547,-0.277007181765043
2022-05-09 11:00:00,1895.45833333333,-21.229314805,-0.297066911578938,-0.297066044422437
2022-05-09 11:30:00,1895.47916666667,-21.121731439479,-0.280251761802936,-0.280250894859618
2022-05-09 12:00:00,1895.5,-21.127219402439,-0.281448931228443,-0.281448064498496
2022-05-09 12:30:00,1895.52083333333,-22.0909277927778,-0.435291275222505,-0.43529040870611
2022-05-09 13:00:00,1895.54166666667,-23.1949036705556,-0.611478305892148,-0.611477439589479
2022-05-09 13:30:00,1895.5625,-22.8289298084168,-0.553501268197086,-0.553500402108331
2022-05-09 14:00:00,1895.58333333333,-23.0817317073171,-0.594095627027191,-0.594094761152524
2022-05-09 14:30:00,1895.60416666667,-22.8262073694444,-0.553713228648722,-0.553712362988324
2022-05-09 15:00:00,1895.625,-22.6925944127778,-0.532751375939811,-0.532750510493875
2022-05-09 15:30:00,1895.64583333333,-22.7092485232465,-0.535727149891005,-0.535726284659699
2022-05-09 16:00:00,1895.66666666667,-22.7043169536585,-0.535264285025217,-0.535263420008721
2022-05-09 16:30:00,1895.6875,-23.323064825,-0.63415397618846,-0.634153111386968
2022-05-09 17:00:00,1895.70833333333,-22.9689704038889,-0.578069170317609,-0.578068305731288
2022-05-09 17:30:00,1895.72916666667,-23.4911863961924,-0.661581214843274,-0.661580350472305
2022-05-09 18:00:00,1895.75,-23.262073102439,-0.625405942466822,-0.625405078311391
2022-05-09 18:30:00,1895.77083333333,-24.9013592272222,-0.886868007879076,-0.886867143939363
2022-05-09 19:00:00,1895.79166666667,-25.3801762153989,-0.963466485737719,-0.963465622013898
2022-05-09 20:00:00,1895.83333333333,-25.7540079188119,-1.02366324759763,-1.02366238430614
2022-05-09 20:30:00,1895.85416666667,-25.9506551241379,-1.05531180273792,-1.05531093966286
2022-05-09 21:00:00,1895.875,-25.5044840476548,-0.984558921248025,-0.98455805838959
2022-05-09 21:30:00,1895.89583333333,-25.6932990456075,-1.01495975017121,-1.01495888752956
2022-05-09 22:00:00,1895.91666666667,-26.205843589901,-1.09693090211291,-1.09693003968824
2022-05-09 22:30:00,1895.9375,-26.3658333466667,-1.12273979936533,-1.12273893715782
2022-05-09 23:00:00,1895.95833333333,-25.3591386007491,-0.962694996475823,-0.962694134485644
2022-05-10 02:30:00,1896.10416666667,-24.8937569387755,-0.890815384560625,-0.890814524096804
2022-05-10 03:00:00,1896.125,-24.0981843495344,-0.764402289514007,-0.764401429268956
2022-05-10 03:30:00,1896.14583333333,-23.3387976662921,-0.643753609642786,-0.643752749616677
2022-05-10 04:00:00,1896.16666666667,-23.1319577124722,-0.611125993074901,-0.611125133267914
2022-05-10 04:30:00,1896.1875,-22.1079329560521,-0.448320227890746,-0.448319368303072
2022-05-10 05:00:00,1896.20833333333,-21.5547019358824,-0.360512215693316,-0.360511356325121
2022-05-10 05:30:00,1896.22916666667,-21.6582022662921,-0.377321951277302,-0.377321092128765
2022-05-10 06:00:00,1896.25,-21.5860022311111,-0.366142467349468,-0.366141608420774
2022-05-10 06:30:00,1896.27083333333,-21.2280518157407,-0.309442717899946,-0.309441859191273
2022-05-10 07:00:00,1896.29166666667,-22.063277775,-0.442816791789454,-0.442815933300973
2022-05-10 07:30:00,1896.3125,-22.3126179168539,-0.482858810445687,-0.482857952177585
2022-05-10 08:00:00,1896.33333333333,-22.1305432314856,-0.454176112950509,-0.454175254902957
2022-05-10 08:30:00,1896.35416666667,-22.2818166677778,-0.478595983528739,-0.478595125701921
2022-05-10 09:00:00,1896.375,-22.0627629533333,-0.44402244839112,-0.444021590785215
2022-05-10 09:30:00,1896.39583333333,-22.275786411236,-0.478279089571737,-0.478278232186916
2022-05-10 10:00:00,1896.41666666667,-22.1683348370288,-0.461483803076316,-0.461482945912757
2022-05-10 10:30:00,1896.4375,-22.3380777783333,-0.488845774901621,-0.488844917959515
2022-05-10 11:00:00,1896.45833333333,-22.766066652963,-0.557346482323283,-0.557345625602795
2022-05-10 11:30:00,1896.47916666667,-22.7511705079545,-0.555295263456243,-0.555294406957551
2022-05-10 12:00:00,1896.5,-22.6303392365854,-0.536368477046804,-0.536367620770093
2022-05-10 12:30:00,1896.52083333333,-22.7421055368519,-0.554494623764232,-0.554493767709678
2022-05-10 13:00:00,1896.54166666667,-22.7921166768519,-0.562783103027263,-0.562782247195038
2022-05-10 13:30:00,1896.5625,-23.4839550191011,-0.673315087931912,-0.6733142323222
2022-05-10 14:00:00,1896.58333333333,-23.3426274838137,-0.651123126778953,-0.651122271391925
2022-05-10 14:30:00,1896.60416666667,-22.9699703611111,-0.592080170623175,-0.592079315459014
2022-05-10 15:00:00,1896.625,-22.8400999988889,-0.571713292452386,-0.57171243751127
2022-05-10 15:30:00,1896.64583333333,-23.2843258662921,-0.642800327418065,-0.642799472700165
2022-05-10 16:00:00,1896.66666666667,-23.1972328135255,-0.629247852173418,-0.629246997678911
2022-05-10 16:30:00,1896.6875,-23.2837185442593,-0.643346574600353,-0.643345720329429
2022-05-10 17:00:00,1896.70833333333,-23.1292777761111,-0.619065506963649,-0.619064652916472
2022-05-10 17:30:00,1896.72916666667,-23.3156853314607,-0.649081794170707,-0.649080940347454
2022-05-10 18:00:00,1896.75,-23.2016319432372,-0.631234411648327,-0.631233558049182
2022-05-10 18:30:00,1896.77083333333,-23.9266110983333,-0.747045486113458,-0.747044632738597
2022-05-10 19:30:00,1896.8125,-24.4273940418216,-0.827463240431855,-0.827462387506086
2022-05-10 20:00:00,1896.83333333333,-24.6318586080808,-0.860355888443184,-0.860355035742229
2022-05-10 20:30:00,1896.85416666667,-24.6909430316629,-0.87008934892466,-0.87008849644869
2022-05-10 21:00:00,1896.875,-25.577713801487,-1.01167380888508,-1.01167295663428
2022-05-10 21:30:00,1896.89583333333,-25.1595487039761,-0.945381025662476,-0.94538017363701
2022-05-10 22:00:00,1896.91666666667,-25.0806060777778,-0.933126597498055,-0.933125745698103
2022-05-10 22:30:00,1896.9375,-25.0094373514806,-0.922110530067458,-0.922109678493209
2022-05-10 23:00:00,1896.95833333333,-25.8350687252788,-1.05395533232961,-1.05395448098123
2022-05-10 23:30:00,1896.97916666667,-25.7293272007435,-1.03743173915877,-1.03743088803642
2022-05-11,1897,-25.3650606151515,-0.979724891817189,-0.979724040921074
2022-05-11 00:30:00,1897.02083333333,-25.2420639267123,-0.960452484266201,-0.960451633596486
2022-05-11 04:00:00,1897.16666666667,-23.0454089607807,-0.612770381939015,-0.612769532859002
2022-05-11 04:30:00,1897.1875,-22.9991911057514,-0.605728678014016,-0.605727829161815
2022-05-11 05:00:00,1897.20833333333,-22.7291361946237,-0.563029543485358,-0.563028694861132
2022-05-11 05:30:00,1897.22916666667,-22.4137230734615,-0.513104786033137,-0.513103937637062
2022-05-11 06:00:00,1897.25,-22.611931222119,-0.545000236210508,-0.544999388042765
2022-05-11 06:30:00,1897.27083333333,-22.9980650817844,-0.606832358711662,-0.606831510772426
2022-05-11 07:00:00,1897.29166666667,-22.6215232724014,-0.547169674341141,-0.547168826630581
2022-05-11 07:30:00,1897.3125,-22.5726731203846,-0.539708477345472,-0.539707629863769
2022-05-11 08:00:00,1897.33333333333,-22.4992486320965,-0.528332543163564,-0.528331695910893
2022-05-11 08:30:00,1897.35416666667,-22.2464018401852,-0.488374479898956,-0.488373632875486
2022-05-11 09:00:00,1897.375,-22.5450466397849,-0.536269393325377,-0.536268546531289
2022-05-11 09:30:00,1897.39583333333,-22.1634942168582,-0.475808375145677,-0.47580752858114
2022-05-11 10:00:00,1897.41666666667,-22.5796623604824,-0.54242478525707,-0.542423938922258
2022-05-11 10:30:00,1897.4375,-22.3057167142593,-0.499105547419394,-0.499104701314493
2022-05-11 11:00:00,1897.45833333333,-22.8151011249097,-0.580571319315362,-0.580570473440536
2022-05-11 11:30:00,1897.47916666667,-22.9063524923372,-0.59542817047829,-0.595427324833712
2022-05-11 12:00:00,1897.5,-22.6328425953704,-0.552178263374515,-0.552177417960373
2022-05-11 12:30:00,1897.52083333333,-22.6178348378479,-0.550107903586228,-0.550107058402683
2022-05-11 13:00:00,1897.54166666667,-22.152254521147,-0.476260984868321,-0.476260139915548
2022-05-11 13:30:00,1897.5625,-21.8957433157088,-0.435718896668937,-0.435718051947116
2022-05-11 14:00:00,1897.58333333333,-21.9196204274074,-0.439842839408419,-0.439841994917724
2022-05-11 14:30:00,1897.60416666667,-22.0185259433333,-0.455918832166567,-0.455917987907165
2022-05-11 15:00:00,1897.625,-22.2437921125448,-0.492124138859856,-0.492123294831928
2022-05-11 15:30:00,1897.64583333333,-22.2216331911197,-0.488914423328619,-0.488913579532334
2022-05-11 16:00:00,1897.66666666667,-22.1893610635185,-0.484093638312419,-0.484092794747949
2022-05-11 16:30:00,1897.6875,-21.9541870785185,-0.446950413861182,-0.446949570528714
2022-05-11 17:00:00,1897.70833333333,-22.1658566519713,-0.480989658995174,-0.480988815894869
2022-05-11 17:30:00,1897.72916666667,-22.0053639823755,-0.455743164222626,-0.455742321354657
2022-05-11 18:00:00,1897.75,-21.9097981581481,-0.440839533636461,-0.440838691001014
2022-05-11 19:00:00,1897.79166666667,-22.3515036644981,-0.511843597258958,-0.511842755089052
2022-05-11 19:30:00,1897.8125,-22.1192698899654,-0.475168578243671,-0.475167736306801
2022-05-11 20:00:00,1897.83333333333,-21.9397068650602,-0.446884018440897,-0.446883176737238
2022-05-11 20:30:00,1897.85416666667,-22.1385855070632,-0.478885457732404,-0.478884616262121
2022-05-11 21:00:00,1897.875,-21.9967676533457,-0.45661367286534,-0.456612831628613
2022-05-11 21:30:00,1897.89583333333,-22.3816574031142,-0.518246756660013,-0.518245915657008
2022-05-11 22:00:00,1897.91666666667,-22.1713734441767,-0.485068214333107,-0.485067373564005
2022-05-11 22:30:00,1897.9375,-22.2556394122677,-0.498811656823473,-0.498810816288446
2022-05-11 23:00:00,1897.95833333333,-21.5918233890335,-0.393385074418856,-0.393384234118071
2022-05-11 23:30:00,1897.97916666667,-19.4382491519031,-0.0506389148118128,-0.0506380747454415
2022-05-12,1898,-19.1007659005319,0.00280268213315082,0.00280352196492251
2022-05-12 00:30:00,1898.02083333333,-18.7119646574349,0.0644193010437251,0.0644201406407371
2022-05-12 01:00:00,1898.04166666667,-18.1439570669776,0.154583648403999,0.154584487766079
2022-05-12 01:30:00,1898.0625,-18.3077439083045,0.128172649124979,0.128173488251948
2022-05-12 02:00:00,1898.08333333333,-17.6977751016064,0.225021506845771,0.225022345737456
2022-05-12 05:30:00,1898.22916666667,-18.6235288808194,0.0753118295158229,0.0753126667557288
2022-05-12 06:00:00,1898.25,-17.685837966108,0.224367289384693,0.224368126387933
2022-05-12 06:30:00,1898.27083333333,-17.7111983021322,0.220008026505744,0.220008863272158
2022-05-12 07:00:00,1898.29166666667,-17.5602714771429,0.243731464096725,0.243732300626142
2022-05-12 07:30:00,1898.3125,-17.8272282022263,0.200885783320949,0.200886619613191
2022-05-12 08:00:00,1898.33333333333,-17.5978942621521,0.237099589985591,0.237100426040486
2022-05-12 08:30:00,1898.35416666667,-17.706074647548,0.219547153277218,0.219547989094602
2022-05-12 09:00:00,1898.375,-17.55618578,0.243105362889565,0.243106198469258
2022-05-12 09:30:00,1898.39583333333,-17.3286846191095,0.279027296242201,0.27902813158404
2022-05-12 10:00:00,1898.41666666667,-16.9470185395176,0.339507841301099,0.339508676404906
2022-05-12 10:30:00,1898.4375,-16.4111496010684,0.424553042001228,0.424553876866831
2022-05-12 11:00:00,1898.45833333333,-16.2327464704225,0.452653714139655,0.45265454876689
2022-05-12 11:30:00,1898.47916666667,-17.3290520254647,0.277692411837132,0.277693246225827
2022-05-12 12:00:00,1898.5,-15.7608126300557,0.527195054410757,0.52719588856073
2022-05-12 12:30:00,1898.52083333333,-15.0872686599147,0.634172106572325,0.634172940483416
2022-05-12 13:00:00,1898.54166666667,-15.0868714471429,0.633916429480347,0.633917263152387
2022-05-12 13:30:00,1898.5625,-15.0148185314815,0.645075587340046,0.645076420772856
2022-05-12 14:00:00,1898.58333333333,-15.040283345,0.640700131570137,0.640700964763548
2022-05-12 14:30:00,1898.60416666667,-15.3583011558621,0.58972080461836,0.589721637572207
2022-05-12 15:00:00,1898.625,-15.4186338394366,0.579790932986381,0.579791765700486
2022-05-12 16:00:00,1898.66666666667,-16.6294423596654,0.386270697764049,0.386271529998167
2022-05-12 16:30:00,1898.6875,-16.5954619606679,0.391365059021801,0.391365891015667
2022-05-12 17:00:00,1898.70833333333,-16.2314717647799,0.449030247314541,0.449031079067991
2022-05-12 17:30:00,1898.72916666667,-15.9911868368421,0.486989128623574,0.486989960136437
2022-05-12 18:30:00,1898.77083333333,-15.18687223,0.61447975339243,0.614480584423597
2022-05-12 19:00:00,1898.79166666667,-15.0291889042593,0.63928023249474,0.639281063284811
2022-05-12 19:30:00,1898.8125,-15.0182073195122,0.640711050187428,0.640711880736225
2022-05-12 20:00:00,1898.83333333333,-14.9748271300532,0.647303019569444,0.647303849876799
2022-05-12 20:30:00,1898.85416666667,-14.9347755320965,0.653364772793543,0.653365602859292
2022-05-12 21:00:00,1898.875,-14.8095194769944,0.672999687817047,0.673000517641014
2022-05-12 21:30:00,1898.89583333333,-14.3625950944785,0.743876628194447,0.743877457776462
2022-05-12 22:00:00,1898.91666666667,-14.1667214819629,0.774761032476323,0.774761861816223
2022-05-12 22:30:00,1898.9375,-14.0145722144444,0.798680148364625,0.798680977462234
2022-05-12 23:00:00,1898.95833333333,-13.8107922089054,0.830824108766702,0.830824937621857
2022-05-12 23:30:00,1898.97916666667,-13.9000490822086,0.816287116053356,0.816287944665888
2022-05-13,1899,-13.5354620107595,0.874047819194328,0.874048647564054
2022-05-13 00:30:00,1899.02083333333,-13.6012369593284,0.863251576177969,0.863252404304734
2022-05-13 01:00:00,1899.04166666667,-13.5184832113806,0.87611609187142,0.876116919755054
2022-05-13 01:30:00,1899.0625,-13.6142075459119,0.860548952738485,0.860549780378812
2022-05-13 02:00:00,1899.08333333333,-13.4520212228117,0.88606719696825,0.886068024365102
2022-05-13 02:30:00,1899.10416666667,-13.5201046700935,0.874903333559151,0.874904160712366
2022-05-13 03:00:00,1899.125,-13.6444635553271,0.854774784046698,0.8547756109561
2022-05-13 03:30:00,1899.14583333333,-13.8116455829114,0.827824508774019,0.827825335439438
2022-05-13 04:00:00,1899.16666666667,-13.6587796779661,0.851858129322387,0.851858955743662
2022-05-13 06:30:00,1899.27083333333,-13.2886270728814,0.909234040392501,0.909234865590507
2022-05-13 07:00:00,1899.29166666667,-13.1495010316008,0.931079080449881,0.931079905402733
2022-05-13 07:30:00,1899.3125,-13.3028608283859,0.90633094923365,0.906331773941166
2022-05-13 08:00:00,1899.33333333333,-13.188749067658,0.924191260052596,0.924192084514621
2022-05-13 08:30:00,1899.35416666667,-12.9355370240741,0.964210377158842,0.964211201375207
2022-05-13 09:00:00,1899.375,-12.8121156993802,0.983553771862272,0.983554595832804
2022-05-13 09:30:00,1899.39583333333,-12.6014572475836,1.01679413516094,1.01679495888547
2022-05-13 10:00:00,1899.41666666667,-12.8248831205937,0.980884587263622,0.980885410741989
2022-05-13 10:30:00,1899.4375,-12.745074112963,0.993280604536302,0.993281427768332
2022-05-13 11:00:00,1899.45833333333,-12.6284876132231,1.01153533461281,1.01153615759834
2022-05-13 11:30:00,1899.47916666667,-12.5591843536313,1.02225784281436,1.02225866555323
2022-05-13 12:00:00,1899.5,-12.5902277731481,1.01699508543559,1.01699590792761
2022-05-13 12:30:00,1899.52083333333,-12.7498333425926,0.991252317852519,0.991253140097536
2022-05-13 13:00:00,1899.54166666667,-12.6761419792181,1.00267395057627,1.00267477257412
2022-05-13 13:30:00,1899.5625,-12.7530925887037,0.990098241605519,0.99009906335602
2022-05-13 14:00:00,1899.58333333333,-12.8718166603704,0.970868022530806,0.970868844033803
2022-05-13 14:30:00,1899.60416666667,-12.8691481111111,0.97097576703221,0.970976588287538
2022-05-13 15:00:00,1899.625,-12.9244670808642,0.961846090671083,0.961846911678566
2022-05-13 15:30:00,1899.64583333333,-13.1225639946197,0.929971818194834,0.929972638954306
2022-05-13 16:00:00,1899.66666666667,-13.2436474836735,0.910365871744254,0.910366692255555
2022-05-13 16:30:00,1899.6875,-13.1647037351852,0.922624439652783,0.922625259915739
2022-05-13 17:00:00,1899.70833333333,-13.152078514876,0.924318451147657,0.924319271162108
2022-05-13 18:00:00,1899.75,-13.5506516065913,0.860191180281645,0.860191999798573
2022-05-13 18:30:00,1899.77083333333,-14.357503725,0.731341963906017,0.73134278317394
2022-05-13 19:00:00,1899.79166666667,-14.6028550550725,0.691940257047557,0.691941076066308
2022-05-13 19:30:00,1899.8125,-14.8542799192308,0.651571064589601,0.651571883359001
2022-05-13 20:00:00,1899.83333333333,-15.0678497313544,0.617232241733613,0.617233060253508
2022-05-13 20:30:00,1899.85416666667,-15.212892195539,0.593809907176524,0.593810725446748
2022-05-13 21:00:00,1899.875,-15.7851448985507,0.502332709127057,0.502333527147437
2022-05-13 21:30:00,1899.89583333333,-15.7348123343284,0.510033821938076,0.510034639708446
2022-05-13 22:00:00,1899.91666666667,-15.4022894243043,0.562688091415595,0.562688908935796
2022-05-13 22:30:00,1899.9375,-15.1787866374768,0.597975410325085,0.597976227594944
2022-05-13 23:00:00,1899.95833333333,-14.9654202811594,0.631648021615544,0.631648838634901
2022-05-13 23:30:00,1899.97916666667,-14.9833340393617,0.628477578432795,0.628478395201479
2022-05-14,1900,-14.8828367324675,0.644170135624035,0.644170952141878
2022-05-14 00:30:00,1900.02083333333,-15.0452207695733,0.617985539984465,0.61798635625131
2022-05-14 01:00:00,1900.04166666667,-15.2769710652174,0.580750882956935,0.580751698972615
2022-05-14 01:30:00,1900.0625,-15.3168315434968,0.574084444170299,0.574085259934636
2022-05-14 02:00:00,1900.08333333333,-14.825936912616,0.651967706805397,0.651968522318238
2022-05-14 02:30:00,1900.10416666667,-14.4968515725417,0.704074667073018,0.704075482334197
2022-05-14 03:00:00,1900.125,-14.3154637855072,0.73265333492451,0.732654149933856
2022-05-14 03:30:00,1900.14583333333,-14.1604520347548,0.757030314717719,0.757031129475068
2022-05-14 04:00:00,1900.16666666667,-13.9016289512059,0.797944547420874,0.797945361926065
2022-05-14 04:30:00,1900.1875,-13.8937272662338,0.798886855470512,0.798887669723374
2022-05-14 08:00:00,1900.33333333333,-13.3135275405512,0.889098974338221,0.889099786820183
2022-05-14 08:30:00,1900.35416666667,-13.2080596670175,0.905583915016998,0.905584727245319
2022-05-14 09:00:00,1900.375,-13.2040873618959,0.905900572933858,0.905901384908366
2022-05-14 09:30:00,1900.39583333333,-13.2347346916512,0.900702332131767,0.900703143852299
2022-05-14 10:00:00,1900.41666666667,-13.1333070720472,0.916543759042013,0.91654457050841
2022-05-14 10:30:00,1900.4375,-13.041347394386,0.930876969972505,0.930877781184598
2022-05-14 11:00:00,1900.45833333333,-13.0401632675325,0.930749604768081,0.93075041572571
2022-05-14 11:30:00,1900.47916666667,-13.1241759172222,0.917050366196182,0.917051176899178
2022-05-14 12:00:00,1900.5,-13.1692677145669,0.909551281275296,0.909552091723494
2022-05-14 12:30:00,1900.52083333333,-13.1227727244755,0.916642071141579,0.916642881334822
2022-05-14 13:00:00,1900.54166666667,-13.205374075,0.903167755833904,0.903168565772027
2022-05-14 13:30:00,1900.5625,-13.4198833448148,0.868680448900849,0.868681258583677
2022-05-14 14:00:00,1900.58333333333,-13.5560590385827,0.846671770831195,0.846672580258577
2022-05-14 14:30:00,1900.60416666667,-13.4830664384615,0.857983785713724,0.857984594885495
2022-05-14 15:00:00,1900.625,-13.5822370392593,0.841870113961916,0.841870922877906
2022-05-14 15:30:00,1900.64583333333,-13.6945444355556,0.823663775641874,0.82366458430192
2022-05-14 16:00:00,1900.66666666667,-14.1854015917323,0.74515422443937,0.745155032843316
2022-05-14 16:30:00,1900.6875,-14.0519265853147,0.766101267316955,0.766102075464629
2022-05-14 17:30:00,1900.72916666667,-14.2925892334572,0.72713239686378,0.727133204498428
2022-05-14 18:00:00,1900.75,-14.270308555948,0.730366207198029,0.730367014575917
2022-05-14 18:30:00,1900.77083333333,-14.1229848621212,0.753519493974024,0.753520301094995
2022-05-14 19:00:00,1900.79166666667,-14.1016751861314,0.756598692282873,0.756599499146763
2022-05-14 19:30:00,1900.8125,-14.20109276141,0.740445987857488,0.740446794464122
2022-05-14 20:00:00,1900.83333333333,-13.5534601115028,0.843298952861836,0.843299759211063
2022-05-14 20:30:00,1900.85416666667,-13.1861136272727,0.901502166124609,0.90150297221626
2022-05-14 21:00:00,1900.875,-13.0640618232727,0.920629796323374,0.920630602157293
2022-05-14 21:30:00,1900.89583333333,-13.1856233795918,0.900949678961805,0.900950484537823
2022-05-14 22:00:00,1900.91666666667,-13.5418122819703,0.843893292573342,0.843894097891296
2022-05-14 22:30:00,1900.9375,-13.1053003646388,0.913114748146894,0.913115553206628
2022-05-14 23:00:00,1900.95833333333,-12.9972872247273,0.930006148676976,0.930006953478321
2022-05-14 23:30:00,1900.97916666667,-12.5976883170686,0.993347405369106,0.993348209911901
2022-05-15,1901,-12.2337495454545,1.05100801193579,1.05100881621988
2022-05-15 00:30:00,1901.02083333333,-12.6324697041667,0.987176540966004,0.987177344991222
2022-05-15 01:00:00,1901.04166666667,-12.5155490985455,1.00548704734805,1.00548785111423
2022-05-15 01:30:00,1901.0625,-12.6912838595547,0.977177379841516,0.977178183348496
2022-05-15 02:00:00,1901.08333333333,-12.652033420632,0.983115043506282,0.983115846753906
2022-05-15 02:30:00,1901.10416666667,-12.4445644037879,1.01585008207639,1.01585088506449
2022-05-15 03:00:00,1901.125,-12.3782737094891,1.02609534824912,1.02609615097754
2022-05-15 03:30:00,1901.14583333333,-13.155239309833,0.902009319396108,0.90201012186468
2022-05-15 04:00:00,1901.16666666667,-13.4454192910946,0.85546862287836,0.855469425086924
2022-05-15 04:30:00,1901.1875,-13.4929015276515,0.847589885919773,0.847590687868172
2022-05-15 05:00:00,1901.20833333333,-13.3395163690909,0.871709503978915,0.871710305666981
2022-05-15 05:30:00,1901.22916666667,-13.5491651332096,0.837997594200225,0.837998395627796
2022-05-15 06:00:00,1901.25,-13.9712857226345,0.770438806329196,0.770439607496118
2022-05-15 09:30:00,1901.39583333333,-19.0886598626126,-0.046964287594139,-0.0469634882563016
2022-05-15 10:00:00,1901.41666666667,-19.3924946873684,-0.0956797830625888,-0.0956789839866961
2022-05-15 10:30:00,1901.4375,-19.431999963197,-0.102287356617082,-0.102286557803288
2022-05-15 11:00:00,1901.45833333333,-19.8463080087199,-0.168601243305603,-0.168600444754076
2022-05-15 11:30:00,1901.47916666667,-19.7848941515766,-0.1591322549855,-0.159131456696399
2022-05-15 12:00:00,1901.5,-19.5490736147368,-0.121880121959033,-0.121879323932513
2022-05-15 12:30:00,1901.52083333333,-19.2762226536178,-0.0787289798447162,-0.0787281820809378
2022-05-15 13:00:00,1901.54166666667,-19.4755621940631,-0.110798085984739,-0.110797288483868
2022-05-15 13:30:00,1901.5625,-19.9625540493243,-0.188690375316458,-0.188689578078656
2022-05-15 14:00:00,1901.58333333333,-20.0774062875,-0.207300521552342,-0.207299724577763
2022-05-15 14:30:00,1901.60416666667,-19.909820397963,-0.180918036011061,-0.180917239299871
2022-05-15 15:00:00,1901.625,-19.4609536168831,-0.10972726720109,-0.109726470753449
2022-05-15 15:30:00,1901.64583333333,-19.6716109676712,-0.143599127622432,-0.143598331438493
2022-05-15 16:00:00,1901.66666666667,-19.864218815625,-0.174595653024365,-0.174594857104296
2022-05-15 17:00:00,1901.70833333333,-20.5952360552045,-0.291675027729492,-0.291674232337635
2022-05-15 17:30:00,1901.72916666667,-20.2634591074349,-0.239136571240795,-0.239135776113286
2022-05-15 18:00:00,1901.75,-20.1602251432671,-0.223005138878969,-0.223004344015962
2022-05-15 18:30:00,1901.77083333333,-20.043869,-0.204783297488665,-0.204782502890319
2022-05-15 19:00:00,1901.79166666667,-19.0760371474954,-0.050920730580958,-0.0509199362474462
2022-05-15 19:30:00,1901.8125,-18.4048605507435,0.0556844786930081,0.0556852727615395
2022-05-15 20:00:00,1901.83333333333,-17.5005286297357,0.199431534377915,0.199432328181306
2022-05-15 20:30:00,1901.85416666667,-17.4662705129412,0.204575247967663,0.204576041505749
2022-05-15 21:00:00,1901.875,-17.2977068580705,0.231113966471094,0.231114759743715
2022-05-15 21:30:00,1901.89583333333,-16.92048422282,0.290892246421196,0.2908930394282
2022-05-15 22:00:00,1901.91666666667,-15.9359713581498,0.447412330696953,0.447413123438173
2022-05-15 22:30:00,1901.9375,-15.6751058811765,0.488654905827578,0.488655698302863
2022-05-15 23:00:00,1901.95833333333,-15.511682754731,0.514374881768055,0.514375673977239
2022-05-15 23:30:00,1901.97916666667,-16.4147243910615,0.370206295812032,0.370207087754956
2022-05-16,1902,-17.2161057682819,0.242232298742739,0.24223309041925
2022-05-16 00:30:00,1902.02083333333,-17.4457412482353,0.205337868687658,0.205338660097598
2022-05-16 01:00:00,1902.04166666667,-17.1451243166976,0.252913063751041,0.252913854894239
2022-05-16 01:30:00,1902.0625,-16.6311802884758,0.334471454845655,0.334472245721965
2022-05-16 02:00:00,1902.08333333333,-16.8428304174009,0.300442215311642,0.300443005920905
2022-05-16 02:30:00,1902.10416666667,-17.0250234941176,0.271105542408273,0.271106332750325
2022-05-16 03:00:00,1902.125,-16.9694656942486,0.279642791248419,0.279643581323101
2022-05-16 03:30:00,1902.14583333333,-16.6715825595547,0.32678267633863,0.32678346614579
2022-05-16 04:00:00,1902.16666666667,-16.5104999993392,0.352130169438931,0.352130958978405
2022-05-16 04:30:00,1902.1875,-16.3586822658824,0.376001806339905,0.37600259561154
2022-05-16 05:00:00,1902.20833333333,-16.4097402532468,0.367555233300739,0.367556022304371
2022-05-16 06:00:00,1902.25,-16.2740286330396,0.388548305303118,0.388549093770278
2022-05-16 06:30:00,1902.27083333333,-16.3126118117647,0.382089090527987,0.382089878726677
2022-05-16 07:00:00,1902.29166666667,-16.2979369092764,0.384113963673567,0.384114751603617
2022-05-16 07:30:00,1902.3125,-16.1842671894249,0.401908819532747,0.401909607194012
2022-05-16 11:00:00,1902.45833333333,-16.1316047949907,0.408109349576484,0.408110135351818
2022-05-16 11:30:00,1902.47916666667,-16.0862352382353,0.4150242426065,0.415025028111783
2022-05-16 12:00:00,1902.5,-16.0710534784158,0.417130235937412,0.417131021172494
2022-05-16 12:30:00,1902.52083333333,-16.0281762471243,0.423648175630689,0.423648960595413
2022-05-16 13:00:00,1902.54166666667,-15.8321020495362,0.454570539536794,0.45457132423099
2022-05-16 13:30:00,1902.5625,-15.7360293647059,0.469562629043748,0.469563413467272
2022-05-16 14:00:00,1902.58333333333,-15.6323591222222,0.485765052999655,0.485765837152351
2022-05-16 14:30:00,1902.60416666667,-15.5442666696296,0.499485962019265,0.49948674590097
2022-05-16 15:00:00,1902.625,-15.5821611146296,0.493137106386142,0.493137889996699
2022-05-16 16:00:00,1902.66666666667,-16.5035909318182,0.345728305769873,0.345729088837671
2022-05-16 16:30:00,1902.6875,-16.2090831580122,0.392331475867855,0.392332258664042
2022-05-16 17:00:00,1902.70833333333,-15.740297383829,0.466697294292669,0.466698076817082
2022-05-16 17:30:00,1902.72916666667,-15.3401847626667,0.530123468732062,0.530124250984546
2022-05-16 18:00:00,1902.75,-15.4348182045455,0.514736280182964,0.514737062163369
2022-05-16 18:30:00,1902.77083333333,-15.418356984787,0.517046589067816,0.517047370775979
2022-05-16 19:00:00,1902.79166666667,-14.8290185628942,0.610616684123206,0.610617465558971
2022-05-16 19:30:00,1902.8125,-13.1049999979592,0.884942175347129,0.884942956510347
2022-05-16 20:00:00,1902.83333333333,-12.8076136159091,0.932004178914028,0.932004959804543
2022-05-16 20:30:00,1902.85416666667,-12.3827793504049,0.999368759996355,0.999369540614005
2022-05-16 21:00:00,1902.875,-13.2129350623377,0.86681257948712,0.866813359831748
2022-05-16 21:30:00,1902.89583333333,-13.0001966699443,0.900390213747334,0.900390993818792
2022-05-16 22:00:00,1902.91666666667,-13.0664091090909,0.889530819926767,0.889531599724893
2022-05-16 22:30:00,1902.9375,-12.6979091062626,0.947921467528942,0.947922247053586
2022-05-16 23:00:00,1902.95833333333,-16.3497143179963,0.365874660297007,0.365875439548009
2022-05-16 23:30:00,1902.97916666667,-16.5904609373606,0.327211963259006,0.32721274223621
2022-05-17,1903,-16.2306818954545,0.384213472089498,0.384214250792755
2022-05-17 00:30:00,1903.02083333333,-16.2382606149495,0.38269466593539,0.382695444364539
2022-05-17 01:00:00,1903.04166666667,-16.3915984894052,0.357956361199602,0.357957139354487
2022-05-17 01:30:00,1903.0625,-16.332721706308,0.367024042068056,0.367024819948528
2022-05-17 02:00:00,1903.08333333333,-16.1438636568182,0.396797870603785,0.39679864820969
2022-05-17 02:30:00,1903.10416666667,-16.1043858727273,0.402775355197075,0.402776132528252
2022-05-17 03:00:00,1903.125,-16.146243502974,0.39579608928768,0.395796866343974
2022-05-17 03:30:00,1903.14583333333,-17.0386474532468,0.253324225951695,0.253325002732957
2022-05-17 04:00:00,1903.16666666667,-17.4801818227273,0.182676248237144,0.182677024743214
2022-05-17 04:30:00,1903.1875,-17.3705979717172,0.199821836126863,0.199822612357586
2022-05-17 05:00:00,1903.20833333333,-17.4901486990706,0.18046616122498,0.180466937180208
2022-05-17 05:30:00,1903.22916666667,-17.7209721831169,0.143384695988956,0.143385471668528
2022-05-17 06:00:00,1903.25,-18.7261364159091,-0.0170497645118225,-0.0170489891080544
2022-05-17 06:30:00,1903.27083333333,-18.8404444472727,-0.0355701561045184,-0.0355693809767147
2022-05-17 07:00:00,1903.29166666667,-18.8026363768089,-0.0298583045285518,-0.0298575296768667
2022-05-17 07:30:00,1903.3125,-20.2538571502783,-0.261349772385995,-0.261348997810577
2022-05-17 08:00:00,1903.33333333333,-20.5510227477273,-0.308999386478086,-0.308998612179088
2022-05-17 08:30:00,1903.35416666667,-20.6602323327273,-0.326707433908298,-0.32670665988588
2022-05-17 09:00:00,1903.375,-21.1528311463822,-0.405489619834876,-0.405488846089193
2022-05-17 12:30:00,1903.52083333333,-22.0819202113173,-0.55566895984816,-0.555668188043902
2022-05-17 13:00:00,1903.54166666667,-21.964711490604,-0.537308051516538,-0.537307279990243
2022-05-17 13:30:00,1903.5625,-22.0525589717949,-0.551612702722576,-0.551611931474391
2022-05-17 14:00:00,1903.58333333333,-21.5125491282004,-0.465899193414627,-0.465898422444705
2022-05-17 14:30:00,1903.60416666667,-21.6549629252319,-0.488896217685887,-0.488895446994387
2022-05-17 16:30:00,1903.6875,-19.6869350979592,-0.176629195753829,-0.176628426177541
2022-05-17 18:00:00,1903.75,-21.4445223811567,-0.457544596579643,-0.457543827841359
2022-05-17 18:30:00,1903.77083333333,-22.0218521508772,-0.549823724337724,-0.549822955879084
2022-05-17 19:00:00,1903.79166666667,-22.0851912404412,-0.560223729044131,-0.560222960865287
2022-05-17 19:30:00,1903.8125,-23.1957630225746,-0.737448609603694,-0.737447841704792
2022-05-17 20:30:00,1903.85416666667,-23.202104671215,-0.739078721364589,-0.739077954026041
2022-05-17 21:00:00,1903.875,-23.0144029934509,-0.709487590446552,-0.709486823388403
2022-05-17 21:30:00,1903.89583333333,-22.7536132131387,-0.668253431965596,-0.668252665187998
2022-05-17 22:00:00,1903.91666666667,-23.2951324373134,-0.75482763060228,-0.754826864105391
2022-05-17 23:00:00,1903.95833333333,-23.3047551727103,-0.756980015656167,-0.756979249721145
2022-05-17 23:30:00,1903.97916666667,-23.067167885213,-0.719441868075037,-0.719441102421179
2022-05-18,1904,-23.1920789447368,-0.73964992542426,-0.739649160051712
2022-05-18 00:30:00,1904.02083333333,-22.786951505597,-0.675422430328821,-0.675421665237741
2022-05-18 01:30:00,1904.0625,-22.8603942932927,-0.687740987163821,-0.687740222636123
2022-05-18 02:00:00,1904.08333333333,-22.9359197967419,-0.700081726558717,-0.700080962312934
2022-05-18 02:30:00,1904.10416666667,-22.2397372379562,-0.589488779173374,-0.58948801520967
2022-05-18 03:00:00,1904.125,-22.7958768751866,-0.678391611504341,-0.678390847822855
2022-05-18 04:00:00,1904.16666666667,-23.2284906985075,-0.747925960842296,-0.747925197725706
2022-05-18 04:30:00,1904.1875,-22.8760651511278,-0.692093586653583,-0.692092823819669
2022-05-18 05:00:00,1904.20833333333,-22.3991460729927,-0.616429262858504,-0.616428500307412
2022-05-18 05:30:00,1904.22916666667,-21.3926268320896,-0.45639921344369,-0.456398451175577
2022-05-18 06:30:00,1904.27083333333,-21.2351324352612,-0.431928489490909,-0.431927727789198
2022-05-18 07:00:00,1904.29166666667,-20.5952656598997,-0.330306315917355,-0.330305554499076
2022-05-18 07:30:00,1904.3125,-20.5101824430657,-0.317061518281822,-0.317060757147118
2022-05-18 08:00:00,1904.33333333333,-20.395681001306,-0.299130334962881,-0.299129574111902
2022-05-18 09:00:00,1904.375,-20.4918376960821,-0.315065997061811,-0.315065236778746
2022-05-18 09:30:00,1904.39583333333,-20.6823759373434,-0.345727728705302,-0.345726968706412
2022-05-18 10:00:00,1904.41666666667,-20.4201897992701,-0.304270101609951,-0.304269341895394
2022-05-18 10:30:00,1904.4375,-20.1160559791045,-0.256130137152864,-0.256129377722789
2022-05-18 14:00:00,1904.58333333333,-23.7773236067055,-0.841532910739283,-0.841532153304761
2022-05-18 14:30:00,1904.60416666667,-23.6350618159794,-0.819178941799152,-0.819178184650311
2022-05-18 15:00:00,1904.625,-23.9631279879406,-0.871748511433205,-0.871747754570186
2022-05-18 16:00:00,1904.66666666667,-23.8925631817844,-0.861124149277025,-0.861123392986107
2022-05-18 17:00:00,1904.70833333333,-23.169454770904,-0.746548956162334,-0.746548200444113
2022-05-18 17:30:00,1904.72916666667,-23.0014864621622,-0.720099668035363,-0.720098912603717
2022-05-18 18:00:00,1904.75,-22.8113618001855,-0.690120814783763,-0.690120059638833
2022-05-18 19:00:00,1904.79166666667,-22.2223710749536,-0.596910327066642,-0.596909572495607
2022-05-18 19:30:00,1904.8125,-21.7866581884181,-0.527808967242364,-0.527808212958492
2022-05-18 20:00:00,1904.83333333333,-21.844989107027,-0.53740909624838,-0.537408342251828
2022-05-18 20:30:00,1904.85416666667,-21.7789759077922,-0.527201076005653,-0.527200322296567
2022-05-18 21:30:00,1904.89583333333,-21.2298367423006,-0.440338546246364,-0.440337793112646
2022-05-18 22:00:00,1904.91666666667,-18.7068276661017,-0.0387291995116538,-0.0387284466658478
2022-05-18 22:30:00,1904.9375,-18.3354540032432,0.0201231308691247,0.0201238834268704
2022-05-18 23:00:00,1904.95833333333,-17.9786981272222,0.0766468799763579,0.0766476322459012
2022-05-19,1905,-15.8884972122449,0.409002073650271,0.409002825342959
2022-05-19 00:30:00,1905.02083333333,-16.4520903867232,0.318913689403963,0.318914440807999
2022-05-19 01:00:00,1905.04166666667,-16.4396648891892,0.320585534012624,0.320586285127859
2022-05-19 01:30:00,1905.0625,-16.3589518425926,0.333135676798972,0.333136427625266
2022-05-19 02:30:00,1905.10416666667,-16.5214935172542,0.306627794037159,0.306628544285113
2022-05-19 03:00:00,1905.125,-16.5675282615819,0.298987051828698,0.298987801787267
2022-05-19 03:30:00,1905.14583333333,-16.8743548268817,0.249802029144784,0.249802778813821
2022-05-19 04:00:00,1905.16666666667,-17.0140666922222,0.22723854059639,0.227239289975741
2022-05-19 05:00:00,1905.20833333333,-16.7667704085185,0.2660185673788,0.266019316178344
2022-05-19 05:30:00,1905.22916666667,-15.3280734412429,0.49489686308228,0.494897611591697
2022-05-19 06:00:00,1905.25,-15.1477043704403,0.523322668828391,0.523323417047533
2022-05-19 06:30:00,1905.27083333333,-15.0240073914815,0.542720613051894,0.542721360980621
2022-05-19 07:30:00,1905.3125,-14.429244432037,0.636852761453705,0.636853508801155
2022-05-19 08:00:00,1905.33333333333,-14.1007824581921,0.688870045546296,0.688870792602884
2022-05-19 08:30:00,1905.35416666667,-13.9009462456989,0.720397197302026,0.720397944067605
2022-05-19 09:00:00,1905.375,-14.2692648338889,0.661416926701956,0.661417673176386
2022-05-19 10:00:00,1905.41666666667,-14.6600129640741,0.598556888104651,0.598557633996337
2022-05-19 10:30:00,1905.4375,-16.348344639548,0.329297719848787,0.329298465448878
2022-05-19 11:00:00,1905.45833333333,-16.6047688844086,0.288142472108949,0.288143217417305
2022-05-19 11:30:00,1905.47916666667,-17.4698721916667,0.150024258359564,0.150025003376033
2022-05-19 12:30:00,1905.52083333333,-17.3040056325843,0.175833773329452,0.175834517761714
2022-05-19 15:30:00,1905.64583333333,-18.1548554226069,0.0384544049694354,0.0384551476455764
2022-05-19 17:30:00,1905.72916666667,-18.1486994593692,0.0382103403365357,0.0382110818390111
2022-05-19 19:00:00,1905.79166666667,-17.9349626826493,0.0713406891470064,0.0713414297677089
2022-05-19 19:30:00,1905.8125,-17.57687969198,0.128077629701674,0.128078370028166
2022-05-19 20:00:00,1905.83333333333,-17.5289124386861,0.135412955947188,0.135413695979319
2022-05-19 20:30:00,1905.85416666667,-17.2253544632463,0.183464111185241,0.183464850922865
2022-05-19 21:30:00,1905.89583333333,-16.8924496470149,0.235884525033528,0.235885264181718
2022-05-19 22:00:00,1905.91666666667,-16.5256842182957,0.29400480590238,0.294005544755624
2022-05-19 22:30:00,1905.9375,-16.4292481854015,0.309061465298871,0.309062203857035
2022-05-19 23:00:00,1905.95833333333,-16.3947761246269,0.314247264158888,0.31424800242183
2022-05-20,1906,-16.348115701306,0.321069186490757,0.321069924162807
2022-05-20 00:30:00,1906.02083333333,-16.2911954576441,0.329831130668643,0.329831868045036
2022-05-20 01:00:00,1906.04166666667,-16.247613170073,0.336468373568782,0.336469110649369
2022-05-20 01:30:00,1906.0625,-16.1473589084112,0.352133547138287,0.35213428392293
2022-05-20 02:30:00,1906.10416666667,-16.1482377968165,0.351382869926003,0.351383606118312
2022-05-20 03:00:00,1906.125,-16.2123970183417,0.340856992461272,0.340857728357205
2022-05-20 03:30:00,1906.14583333333,-16.1720584160584,0.346977737859367,0.346978473458781
2022-05-20 04:00:00,1906.16666666667,-16.4850056304673,0.296819845089776,0.296820580392513
2022-05-20 05:00:00,1906.20833333333,-16.691934557757,0.26324569817991,0.263246432888888
2022-05-20 05:30:00,1906.22916666667,-16.86634330401,0.235157217304943,0.235157951716822
2022-05-20 06:00:00,1906.25,-16.8717883591241,0.233984818222211,0.233985552336845
2022-05-20 06:30:00,1906.27083333333,-17.0607659191011,0.203575605049547,0.203576338866801
2022-05-20 07:30:00,1906.3125,-17.2647873067164,0.170465081985176,0.170465815207232
2022-05-20 08:00:00,1906.33333333333,-17.3606516077694,0.154889013001397,0.154889745925636
2022-05-20 08:30:00,1906.35416666667,-17.3083065481752,0.162922846326508,0.162923578952787
2022-05-20 09:00:00,1906.375,-17.5783289527103,0.11960335753278,0.119604089860963
2022-05-20 10:00:00,1906.41666666667,-17.6686629325843,0.104603772415324,0.104604504146873
2022-05-20 10:30:00,1906.4375,-17.3446381721106,0.155916557609201,0.155917289042225
2022-05-20 11:00:00,1906.45833333333,-17.2670510437956,0.167971697333675,0.167972428468032
2022-05-20 11:30:00,1906.47916666667,-16.8475391729478,0.234495738367075,0.234496469202615
2022-05-20 12:30:00,1906.52083333333,-16.7088544546642,0.255979450129265,0.255980180366752
2022-05-20 13:00:00,1906.54166666667,-17.5687017428571,0.118700799555425,0.118701529493668
2022-05-20 13:30:00,1906.5625,-17.2954890540146,0.161919458657901,0.161920188296765
2022-05-20 17:00:00,1906.70833333333,-16.8873215786245,0.224811887951364,0.224812615490571
2022-05-20 18:30:00,1906.77083333333,-15.9282152033395,0.37668650398164,0.376687230618867
2022-05-20 19:00:00,1906.79166666667,-15.0163525597122,0.521643061836389,0.521643788172671
2022-05-20 19:30:00,1906.8125,-14.945492488,0.532627355097878,0.532628081133079
2022-05-20 20:00:00,1906.83333333333,-14.5099220738404,0.601710312680214,0.601711038414187
2022-05-20 21:00:00,1906.875,-14.0263921350844,0.678129674729038,0.678130399860139
2022-05-20 21:30:00,1906.89583333333,-13.9431268634328,0.691090310009219,0.691091034838669
2022-05-20 22:00:00,1906.91666666667,-13.72896499225,0.724902913433132,0.72490363796079
2022-05-20 22:30:00,1906.9375,-13.462022508818,0.767123552443105,0.767124276668837
2022-05-20 23:30:00,1906.97916666667,-12.6630861453184,0.893787846522733,0.893788570144183
2022-05-21,1907,-12.6477239022388,0.895931712706696,0.895932436025791
2022-05-21 00:30:00,1907.02083333333,-12.5801025295,0.906400542082968,0.906401265099574
2022-05-21 01:00:00,1907.04166666667,-12.5004288417603,0.918789360383019,0.918790083096989
2022-05-21 02:00:00,1907.08333333333,-12.367712941651,0.939324723675388,0.939325445783671
2022-05-21 02:30:00,1907.10416666667,-12.4089552291045,0.932451680546637,0.932452402351864
2022-05-21 03:00:00,1907.125,-12.3649874576441,0.939152707381949,0.939153428883985
2022-05-21 03:30:00,1907.14583333333,-12.0038146033708,0.996384777313725,0.996385498512424
2022-05-21 04:30:00,1907.1875,-11.8597565342697,1.01872742329458,1.01872814388619
2022-05-21 05:00:00,1907.20833333333,-11.7634661684211,1.03376366394214,1.03376438423
2022-05-21 05:30:00,1907.22916666667,-11.8081178203008,1.02634778732765,1.02634850731162
2022-05-21 06:00:00,1907.25,-11.8292232482176,1.02268288793676,1.02268360761669
2022-05-21 07:00:00,1907.29166666667,-11.8331816372659,1.02144687536419,1.02144759443563
2022-05-21 07:30:00,1907.3125,-11.7594402955224,1.03289127515113,1.03289199391812
2022-05-21 08:00:00,1907.33333333333,-11.7042455934837,1.04138122905446,1.04138194751686
2022-05-21 08:30:00,1907.35416666667,-11.7621647925094,1.03185210479938,1.03185282295704
2022-05-21 09:30:00,1907.39583333333,-11.741029982397,1.03461392772901,1.0346146452768
2022-05-21 10:00:00,1907.41666666667,-11.759186580597,1.0314191557743,1.03141987301694
2022-05-21 10:30:00,1907.4375,-11.6784874785,1.04397221478931,1.04397293172666
2022-05-21 11:00:00,1907.45833333333,-11.533238264728,1.06680820003004,1.06680891666198
2022-05-21 12:00:00,1907.5,-11.2632396994382,1.1092146698827,1.10921538590336
2022-05-21 12:30:00,1907.52083333333,-11.115888038806,1.13238571856595,1.13238643428077
2022-05-21 13:00:00,1907.54166666667,-11.032372503,1.1453876744088,1.14538838981764
2022-05-21 13:30:00,1907.5625,-10.801202238764,1.18191118150775,1.18191189661046
2022-05-21 14:30:00,1907.60416666667,-10.7241913684803,1.19357504845352,1.19357576294358
2022-05-21 15:00:00,1907.625,-10.6486044701493,1.20531415691806,1.20531487110159
2022-05-21 15:30:00,1907.64583333333,-10.6947562791457,1.19766024996545,1.1976609638423
2022-05-21 18:30:00,1907.77083333333,-10.4174832830669,1.24001969453429,1.2400204065682
2022-05-21 19:30:00,1907.8125,-10.280463810334,1.26124393017521,1.26124464159371
2022-05-21 20:00:00,1907.83333333333,-10.0976823954717,1.29005968002681,1.2900603911374
2022-05-21 20:30:00,1907.85416666667,-10.2360091317352,1.26772271997889,1.26772343078142
2022-05-21 21:00:00,1907.875,-9.66624860990724,1.35818461423417,1.35818532472852
2022-05-21 22:00:00,1907.91666666667,-9.85742194180297,1.32712798218722,1.32712869206477
2022-05-21 22:30:00,1907.9375,-9.47622955371069,1.38755098246099,1.38755169202995
2022-05-21 23:00:00,1907.95833333333,-9.41809545427273,1.39651061472649,1.39651132398672
2022-05-21 23:30:00,1907.97916666667,-9.29790186351852,1.41535641658147,1.41535712553281
2022-05-22 00:30:00,1908.02083333333,-9.27342037803704,1.41865423360305,1.41865494193624
2022-05-22 01:00:00,1908.04166666667,-9.36396550075235,1.4039293528605,1.40393006088441
2022-05-22 01:30:00,1908.0625,-9.35600452506787,1.40489661241546,1.40489732012995
2022-05-22 02:00:00,1908.08333333333,-9.36821665407407,1.40265033044452,1.40265103784945
2022-05-22 03:00:00,1908.125,-9.53723703842593,1.37512364580258,1.37512435258799
2022-05-22 03:30:00,1908.14583333333,-9.69321003965517,1.34997629978636,1.3499770062618
2022-05-22 04:00:00,1908.16666666667,-9.70364708339367,1.34801298442163,1.34801369058696
2022-05-22 04:30:00,1908.1875,-9.79942404664815,1.3324550075531,1.33245571340819
2022-05-22 05:30:00,1908.22916666667,-9.80206296575926,1.33143349562958,1.33143420086378
2022-05-22 06:00:00,1908.25,-9.67030092648903,1.35212279067657,1.35212349560013
2022-05-22 06:30:00,1908.27083333333,-9.71515836701357,1.34467652519189,1.34467722980467
2022-05-22 07:00:00,1908.29166666667,-9.70084786994434,1.34665580330058,1.34665650760243
2022-05-22 08:00:00,1908.33333333333,-9.78161667122222,1.33318863364868,1.33318933732829
2022-05-22 08:30:00,1908.35416666667,-9.95704387376176,1.30494270740952,1.3049434107778
2022-05-22 09:00:00,1908.375,-9.93191856828054,1.30864498802194,1.30864569107877
2022-05-22 09:30:00,1908.39583333333,-9.99598145994434,1.2981395741392,1.29814027688442
2022-05-22 10:30:00,1908.4375,-10.0121351895,1.29496612184504,1.29496682396667
2022-05-22 11:00:00,1908.45833333333,-9.91741379887147,1.30975530496648,1.3097560067761
2022-05-22 11:30:00,1908.47916666667,-9.85611764945701,1.31921987247523,1.31922057397271
2022-05-22 12:00:00,1908.5,-9.86449443387037,1.31758554107339,1.31758624225861
2022-05-22 13:00:00,1908.54166666667,-10.0243859172624,1.29151505405689,1.29151575461716
2022-05-22 13:30:00,1908.5625,-9.90781504257053,1.30978512198209,1.30978582222967
2022-05-22 14:00:00,1908.58333333333,-10.044212671629,1.28775717587644,1.28775787581121
2022-05-22 14:30:00,1908.60416666667,-9.96619443894445,1.2998858792,1.29988657882183
2022-05-22 15:30:00,1908.64583333333,-9.97127223781481,1.29847781686144,1.29847851585697
2022-05-22 16:00:00,1908.66666666667,-9.95204701482759,1.30124090024459,1.30124159892676
2022-05-22 16:30:00,1908.6875,-9.65804974760181,1.34777541621343,1.34777611458213
2022-05-22 20:00:00,1908.83333333333,-10.8519498943228,1.155491449651,1.15549214582155
2022-05-22 21:00:00,1908.875,-11.2101540046382,1.09783120732983,1.09783190287114
2022-05-22 21:30:00,1908.89583333333,-10.7082315143969,1.17748885785038,1.17748955307685
2022-05-22 22:00:00,1908.91666666667,-10.455119968,1.21751079721787,1.21751149212939
2022-05-22 22:30:00,1908.9375,-10.5906140985158,1.1956276245939,1.19562831919033
2022-05-22 23:30:00,1908.97916666667,-10.4547328322635,1.21667603607865,1.2166767300445
2022-05-23,1909,-12.5830701701754,0.877331666765236,0.877332360415596
2022-05-23 00:30:00,1909.02083333333,-12.572799988,0.878669053873213,0.878669747207953
2022-05-23 01:00:00,1909.04166666667,-12.1025732925788,0.953277892466301,0.953278585485283
2022-05-23 02:00:00,1909.08333333333,-11.7723722192593,1.00528209023399,1.00528278262107
2022-05-23 02:30:00,1909.10416666667,-11.5444027402724,1.04129933206226,1.04130002413318
2022-05-23 03:00:00,1909.125,-11.4981539384615,1.04836839054417,1.04836908229879
2022-05-23 03:30:00,1909.14583333333,-11.5632185157407,1.03770519861691,1.03770589005512
2022-05-23 04:30:00,1909.1875,-11.6378185388889,1.02522479650815,1.02522548731312
2022-05-23 05:00:00,1909.20833333333,-11.5462846118908,1.03950800972628,1.03950870021443
2022-05-23 05:30:00,1909.22916666667,-11.5357307192308,1.04089109618369,1.04089178635489
2022-05-23 06:00:00,1909.25,-12.1266166624074,0.946464437612991,0.946465127467114
2022-05-23 07:00:00,1909.29166666667,-12.8268740766667,0.83431687197584,0.834317561195405
2022-05-23 07:30:00,1909.3125,-14.0161984659533,0.644558693368304,0.644559382270389
2022-05-23 08:00:00,1909.33333333333,-14.0340385076923,0.641418859251923,0.641419547836402
2022-05-23 08:30:00,1909.35416666667,-14.4808778088889,0.569939187343629,0.569939875610363
2022-05-23 09:30:00,1909.39583333333,-14.9384777918519,0.496447631805821,0.496448319436679
2022-05-23 10:00:00,1909.41666666667,-15.3106750725681,0.436858639752796,0.436859327065515
2022-05-23 10:30:00,1909.4375,-15.3732692307692,0.426589697323197,0.426590384317652
2022-05-23 11:00:00,1909.45833333333,-16.0089814718519,0.325022685731998,0.325023372408051
2022-05-23 12:00:00,1909.5,-16.9651296488889,0.172112556405396,0.172113242444257
2022-05-23 12:30:00,1909.52083333333,-17.2165146426901,0.131769303175939,0.131769988896011
2022-05-23 13:00:00,1909.54166666667,-17.2207691576923,0.130794162972784,0.130794848373923
2022-05-23 13:30:00,1909.5625,-17.3905555746296,0.103449723689582,0.103450408771669
2022-05-23 14:30:00,1909.60416666667,-17.6386333190741,0.0633362319731846,0.0633369164167702
2022-05-23 15:00:00,1909.625,-18.5806510670565,-0.0870250563949943,-0.0870243722708589
2022-05-23 15:30:00,1909.64583333333,-18.1907308961538,-0.0252076311238691,-0.0252069473193087
2022-05-23 16:00:00,1909.66666666667,-18.4152407472222,-0.0612692960522717,-0.0612686125674229
2022-05-23 17:30:00,1909.72916666667,-18.9948942430427,-0.15449945915171,-0.154498776626773
2022-05-23 18:00:00,1909.75,-19.9547801370937,-0.307706847336219,-0.30770616513151
2022-05-23 18:30:00,1909.77083333333,-19.9514284142857,-0.307469743243573,-0.30746906135922
2022-05-23 21:30:00,1909.89583333333,-18.5330947908922,-0.0833080648522659,-0.0833073848928136
2022-05-23 22:00:00,1909.91666666667,-18.8003461528846,-0.126177863489413,-0.126177183851234
2022-05-23 22:30:00,1909.9375,-18.0638804788506,-0.00915476914476004,-0.00915408982797727
2022-05-23 23:00:00,1909.95833333333,-17.8746067330241,0.0207003119185519,0.0207009909138025
2022-05-24,1910,-17.2268810375465,0.123290910160946,0.12329158851275
2022-05-24 00:30:00,1910.02083333333,-17.9525384519231,0.00739695954728831,0.00739763757717804
2022-05-24 01:00:00,1910.04166666667,-17.1787165548387,0.13037118685976,0.130371864567594
2022-05-24 01:30:00,1910.0625,-18.5206816100559,-0.0837009071947133,-0.0837002298090515
2022-05-24 02:30:00,1910.10416666667,-18.9132513852886,-0.146829600013914,-0.14682892327299
2022-05-24 03:00:00,1910.125,-19.0389614980769,-0.167151256054964,-0.167150579636605
2022-05-24 03:30:00,1910.14583333333,-18.8978505726437,-0.144968077779949,-0.144967401684279
2022-05-24 04:00:00,1910.16666666667,-18.7598515569573,-0.123280576659752,-0.123279900886905
2022-05-24 05:00:00,1910.20833333333,-19.0900926035185,-0.176479735733289,-0.176479060606468
2022-05-24 05:30:00,1910.22916666667,-19.3051747660194,-0.211038161511913,-0.2110374867083
2022-05-24 06:00:00,1910.25,-19.2186413691954,-0.197548960708523,-0.197548286228242
2022-05-24 06:30:00,1910.27083333333,-19.2005555474074,-0.194963455040641,-0.19496278088382
2022-05-24 07:30:00,1910.3125,-19.5288789841713,-0.2478566128806,-0.247855939371094
2022-05-24 08:00:00,1910.33333333333,-19.3159229403846,-0.214227983920789,-0.214227310735128
2022-05-24 08:30:00,1910.35416666667,-19.2415678337931,-0.202678530669467,-0.202677857807783
2022-05-24 09:00:00,1910.375,-19.7959758949907,-0.291291446698253,-0.291290774160676
2022-05-24 10:00:00,1910.41666666667,-20.2563703631481,-0.365223087702693,-0.365222415813706
2022-05-24 10:30:00,1910.4375,-20.7695961548077,-0.447275480526039,-0.447274808961535
2022-05-24 11:00:00,1910.45833333333,-20.6521444669725,-0.428860447354091,-0.428859776114204
2022-05-24 11:30:00,1910.47916666667,-20.4021075894249,-0.389324445854288,-0.389323774939145
2022-05-24 12:30:00,1910.52083333333,-21.6689462011132,-0.59172268681014,-0.591722016544863
2022-05-24 13:00:00,1910.54166666667,-21.7155922427184,-0.599448327538665,-0.599447657598515
2022-05-24 13:30:00,1910.5625,-21.480119315367,-0.562232161895752,-0.56223149228085
2022-05-24 14:00:00,1910.58333333333,-20.8651999835185,-0.464569859810679,-0.464569190521151
2022-05-24 15:00:00,1910.625,-21.1988311948052,-0.518306964703059,-0.518306296064676
2022-05-24 15:30:00,1910.64583333333,-21.5274135173077,-0.570944991021224,-0.570944322708597
2022-05-24 16:00:00,1910.66666666667,-21.0835553046083,-0.500532634886485,-0.500531966899746
2022-05-24 18:30:00,1910.77083333333,-20.1095353949495,-0.34684263958733,-0.346841973231925
2022-05-24 19:00:00,1910.79166666667,-19.69130135,-0.280511911695264,-0.280511245666507
2022-05-24 23:00:00,1910.95833333333,-16.806334568785,0.176713251303296,0.176713914714351
2022-05-24 23:30:00,1910.97916666667,-17.118237777972,0.126733075378214,0.126733738461487
2022-05-25,1911,-16.6913846263736,0.194437369453661,0.194438032209032
2022-05-25 00:30:00,1911.02083333333,-17.088831442803,0.130830143408014,0.130830805835352
2022-05-25 01:30:00,1911.0625,-17.1334601213358,0.12313359636179,0.123134258132692
2022-05-25 02:00:00,1911.08333333333,-17.5830546238908,0.0512193683986277,0.0512200298411263
2022-05-25 02:30:00,1911.10416666667,-17.6261639594262,0.044058572012069,0.0440592331260335
2022-05-25 03:00:00,1911.125,-17.1630168909944,0.117544836583322,0.117545497368627
2022-05-25 04:00:00,1911.16666666667,-16.5123190703154,0.220614837849658,0.220615497977275
2022-05-25 04:30:00,1911.1875,-15.7943639295918,0.334692372737759,0.334693032536343
2022-05-25 05:00:00,1911.20833333333,-15.6012694,0.365159291379813,0.365159950849243
2022-05-25 05:30:00,1911.22916666667,-15.2224740853704,0.425208531999076,0.425209191139223
2022-05-25 06:30:00,1911.27083333333,-14.7007958804124,0.507726158260858,0.50772681674207
2022-05-25 07:00:00,1911.29166666667,-14.4748707482993,0.543423232437704,0.543423890589259
2022-05-25 07:30:00,1911.3125,-14.4263902747967,0.5508533000607,0.550853957882479
2022-05-25 08:00:00,1911.33333333333,-14.1874775316479,0.588619418728006,0.588620076219885
2022-05-25 09:00:00,1911.375,-14.3270674207865,0.565797108906369,0.565797765738063
2022-05-25 09:30:00,1911.39583333333,-14.2241076413194,0.581905986743965,0.581906643245387
2022-05-25 10:00:00,1911.41666666667,-14.005795877551,0.61639057266717,0.61639122883819
2022-05-25 10:30:00,1911.4375,-13.6514777803704,0.672541119286798,0.672541775127292
2022-05-25 11:30:00,1911.47916666667,-13.8241426037037,0.644450494544746,0.644451149723822
2022-05-25 12:00:00,1911.5,-17.8044300392491,0.0100954462396842,0.0100961010878683
2022-05-25 12:30:00,1911.52083333333,-18.0417306195918,-0.0279990665051852,-0.0279984119880219
2022-05-25 13:00:00,1911.54166666667,-18.3890148302412,-0.0836139953741892,-0.0836133411881704
2022-05-25 14:00:00,1911.58333333333,-17.9753432508349,-0.0183002645497338,-0.0182996110263625
2022-05-25 14:30:00,1911.60416666667,-17.538380912585,0.0510160068161633,0.0510166600080142
2022-05-25 15:00:00,1911.625,-17.3206423101626,0.085409835334035,0.0854104881942541
2022-05-25 15:30:00,1911.64583333333,-16.6106840275093,0.198214665625586,0.198215318154051
2022-05-25 16:30:00,1911.6875,-16.2101481540741,0.261436418581223,0.261437070445797
2022-05-25 17:00:00,1911.70833333333,-16.1627958642857,0.26868780582751,0.268688457359959
2022-05-25 17:30:00,1911.72916666667,-16.1914309247967,0.263834408985881,0.263835060186079
2022-05-25 18:00:00,1911.75,-15.8217573822222,0.322431912405764,0.322432563273593
2022-05-25 19:30:00,1911.8125,-15.8443024102041,0.317965536376943,0.317966186246916
2022-05-25 20:00:00,1911.83333333333,-15.5194530847896,0.369422730960011,0.369423380497125
2022-05-25 20:30:00,1911.85416666667,-15.5184695408696,0.369287930453088,0.369288579657208
2022-05-25 21:00:00,1911.875,-15.247981373743,0.412085464392297,0.412086113263313
2022-05-26 00:30:00,1912.02083333333,-14.3841910974026,0.547649455759885,0.547650102295736
2022-05-26 01:00:00,1912.04166666667,-15.8374129477733,0.315859196494927,0.315859842696694
2022-05-26 01:30:00,1912.0625,-15.8246888755556,0.317595225995168,0.317595871862734
2022-05-26 02:00:00,1912.08333333333,-16.3182300662338,0.238682893083825,0.238683538617069
2022-05-26 03:00:00,1912.125,-16.6327954962477,0.187990825601287,0.187991470465512
2022-05-26 03:30:00,1912.14583333333,-16.8827955186235,0.147874942315012,0.147875586844552
2022-05-26 04:00:00,1912.16666666667,-16.8126221511111,0.158762964737905,0.158763608932631
2022-05-26 04:30:00,1912.1875,-18.0840390033395,-0.0440652376233104,-0.0440645937635168
2022-05-26 05:30:00,1912.22916666667,-18.2614740712963,-0.0729117812471305,-0.072911138057561
2022-05-26 06:00:00,1912.25,-17.8307894445344,-0.00459383362683291,-0.00459319077255371
2022-05-26 06:30:00,1912.27083333333,-17.8428477869565,-0.00680510130076772,-0.00680445878190539
2022-05-26 07:00:00,1912.29166666667,-17.7055481411111,0.014776521412882,0.014777163596207
2022-05-26 08:00:00,1912.33333333333,-17.6597796351852,0.0214870276621326,0.0214876691740268
2022-05-26 08:30:00,1912.35416666667,-17.3570263625506,0.0694256999523883,0.0694263411283838
2022-05-26 09:00:00,1912.375,-17.2796521347826,0.0814613856091425,0.0814620264491245
2022-05-26 09:30:00,1912.39583333333,-17.1299239051948,0.105023171770367,0.105023812274215
2022-05-26 10:30:00,1912.4375,-17.4297814592593,0.0566757625836742,0.0566764024148834
2022-05-26 11:00:00,1912.45833333333,-17.9801113568826,-0.031282042038444,-0.0312814025437287
2022-05-26 11:30:00,1912.47916666667,-18.7498261,-0.154187952864779,-0.154187313706683
2022-05-26 12:00:00,1912.5,-18.4736018937037,-0.110474985113337,-0.110474346291975
2022-05-26 13:00:00,1912.54166666667,-18.3571222088889,-0.0924990098597256,-0.0924983717122013
2022-05-26 13:30:00,1912.5625,-19.3110182628803,-0.244744908922547,-0.244744271112115
2022-05-26 14:00:00,1912.58333333333,-19.8371740891304,-0.328851427393973,-0.328850789920759
2022-05-26 14:30:00,1912.60416666667,-18.7635352133333,-0.158109449915473,-0.158108812779596
2022-05-26 15:30:00,1912.64583333333,-19.3588961248609,-0.253529623725984,-0.253528987265128
2022-05-26 16:00:00,1912.66666666667,-18.8690789771255,-0.175790694468705,-0.175790058345545
2022-05-26 16:30:00,1912.6875,-18.7950434086957,-0.164286011088168,-0.164285375302822
2022-05-26 17:00:00,1912.70833333333,-18.1624666711111,-0.0638052634545908,-0.0638046280071723
2022-05-26 18:00:00,1912.75,-17.3909610822222,0.0585179415083256,0.0585185762795263
2022-05-26 19:00:00,1912.79166666667,-15.8363174664683,0.3055958217007,0.305596455795203
2022-05-26 19:30:00,1912.8125,-15.7009428542857,0.326872200338204,0.326872834094184
2022-05-26 20:00:00,1912.83333333333,-14.4569313669759,0.524755282517561,0.524755915934896
2022-05-26 21:00:00,1912.875,-13.975124287013,0.600929992604555,0.600930625344249
2022-05-26 21:30:00,1912.89583333333,-13.8778472244048,0.616137632946126,0.616138265346824
2022-05-26 22:00:00,1912.91666666667,-13.9021999628571,0.611969616297127,0.611970248358706
2022-05-26 22:30:00,1912.9375,-13.765861173546,0.633399932126579,0.633400563848921
2022-05-27 01:30:00,1913.0625,-13.3173333154762,0.703120640832411,0.70312127051687
2022-05-27 02:00:00,1913.08333333333,-13.1993450681319,0.721628104162924,0.721628733507321
2022-05-27 02:30:00,1913.10416666667,-12.9214906990706,0.765602412494392,0.765603041498609
2022-05-27 03:30:00,1913.14583333333,-12.9016270782931,0.768190691898067,0.768191320221584
2022-05-27 04:00:00,1913.16666666667,-12.9449285404762,0.761004819739449,0.761005447722434
2022-05-27 04:30:00,1913.1875,-12.8815286286344,0.770816610429981,0.770817238072317
2022-05-27 05:00:00,1913.20833333333,-12.7365272075047,0.793627637617235,0.793628264918811
2022-05-27 06:00:00,1913.25,-12.7481502953618,0.791200639187216,0.791201265806909
2022-05-27 06:30:00,1913.27083333333,-12.6302381119048,0.809696504937329,0.809697131215911
2022-05-27 07:00:00,1913.29166666667,-12.5838832513216,0.816793295919065,0.816793921856414
2022-05-27 07:30:00,1913.3125,-12.2352666724074,0.872040652568979,0.872041278164982
2022-05-27 08:30:00,1913.35416666667,-12.1772244914657,0.88071196043854,0.880712585351494
2022-05-27 09:00:00,1913.375,-12.056821472619,0.899604907920722,0.899605532491981
2022-05-27 09:30:00,1913.39583333333,-11.9388772046053,0.918106232723557,0.918106856953006
2022-05-27 10:00:00,1913.41666666667,-11.7687759192593,0.944916265781651,0.944916889669161
2022-05-27 11:00:00,1913.45833333333,-11.605637042963,0.970330133362697,0.970330756566004
2022-05-27 11:30:00,1913.47916666667,-11.427916677381,0.998354065934567,0.998354688795594
2022-05-27 12:00:00,1913.5,-11.3502851151316,1.01043383888033,1.01043446139896
2022-05-27 12:30:00,1913.52083333333,-11.2804518616667,1.02127139397014,1.02127201614626
2022-05-27 13:30:00,1913.5625,-11.264420372037,1.02325153260839,1.02325215409914
2022-05-27 14:00:00,1913.58333333333,-11.2058451964286,1.0322958429897,1.03229646413759
2022-05-27 14:30:00,1913.60416666667,-11.2340592100877,1.02751463195326,1.02751525275818
2022-05-27 15:00:00,1913.625,-11.4421518412963,0.994078687087749,0.994079307549582
2022-05-27 16:00:00,1913.66666666667,-12.4956185133333,0.825687589011988,0.825688208787293
2022-05-27 16:30:00,1913.6875,-12.928821402381,0.756391594896475,0.756392214328348
2022-05-27 17:00:00,1913.70833333333,-12.7246820153509,0.788624739449662,0.788625358537988
2022-05-27 17:30:00,1913.72916666667,-12.5847925885185,0.81062287810308,0.810623496847739
2022-05-27 19:00:00,1913.79166666667,-12.4979331951763,0.82360095291874,0.823601570631712
2022-05-27 19:30:00,1913.8125,-12.5916063829787,0.808392635215391,0.808393252584241
2022-05-27 20:00:00,1913.83333333333,-12.3862022669663,0.840827604591052,0.840828221615661
2022-05-27 20:30:00,1913.85416666667,-12.3060912383613,0.853303354500342,0.853303971180594
2022-05-27 21:30:00,1913.89583333333,-12.2053514675728,0.868779460412855,0.868780076404063
2022-05-27 22:00:00,1913.91666666667,-11.8888539067416,0.918911930731346,0.918912546377847
2022-05-27 22:30:00,1913.9375,-11.9446853982022,0.909732175989094,0.909732791290787
2022-05-27 23:00:00,1913.95833333333,-11.8982940151685,0.916836657280347,0.916837272237117
2022-05-28,1914,-11.7689612877419,0.936868232203344,0.936868846469916
2022-05-28 03:00:00,1914.125,-13.7514946071685,0.619337016390046,0.619337628583305
2022-05-28 03:30:00,1914.14583333333,-14.2219615438462,0.544106131336243,0.544106743183556
2022-05-28 04:00:00,1914.16666666667,-14.5688627048237,0.488559422095702,0.488560033596942
2022-05-28 05:00:00,1914.20833333333,-14.6431545506518,0.476154643645599,0.476155254454379
2022-05-28 05:30:00,1914.22916666667,-14.4587921193548,0.505238782849005,0.505239393311379
2022-05-28 06:00:00,1914.25,-14.4300423053846,0.509533780498355,0.50953439061421
2022-05-28 06:30:00,1914.27083333333,-14.1583712902985,0.552526358705203,0.552526968474432
2022-05-28 07:30:00,1914.3125,-14.1817471819703,0.548233124207268,0.5482337332829
2022-05-28 08:00:00,1914.33333333333,-16.6522115197133,0.154401760239528,0.15440236896819
2022-05-28 08:30:00,1914.35416666667,-16.7336872509653,0.141138048257614,0.141138656639193
2022-05-28 09:00:00,1914.375,-16.5583320530612,0.168787746632533,0.168788354666922
2022-05-28 10:00:00,1914.41666666667,-16.3207296101852,0.206069145220776,0.206069752560436
2022-05-28 10:30:00,1914.4375,-16.1195734480287,0.237829135280574,0.237829742272706
2022-05-28 11:00:00,1914.45833333333,-16.0749042482759,0.244660700355436,0.244661306999929
2022-05-28 11:30:00,1914.47916666667,-15.6998592614815,0.304121424386495,0.304122030683231
2022-05-28 12:30:00,1914.52083333333,-15.3429740844444,0.360405247484462,0.360405853085352
2022-05-28 13:00:00,1914.54166666667,-15.3388489348921,0.360778356567228,0.360778961820025
2022-05-28 13:30:00,1914.5625,-15.3334153934615,0.361359953546808,0.361360558451405
2022-05-28 14:00:00,1914.58333333333,-15.5920685122222,0.319872417010293,0.319873021566573
2022-05-28 15:00:00,1914.625,-15.4829387703154,0.336689223780383,0.336689827639699
2022-05-28 15:30:00,1914.64583333333,-15.6797419258065,0.305054611325603,0.305055214836267
2022-05-28 16:00:00,1914.66666666667,-15.8246923296154,0.281680239585815,0.281680842747715
2022-05-28 16:30:00,1914.6875,-15.6693135359926,0.306148583969683,0.306149186782714
2022-05-28 17:30:00,1914.72916666667,-16.3636122630798,0.194979264845341,0.194979866960294
2022-05-28 18:30:00,1914.77083333333,-17.4133425799308,0.0271896813271525,0.0271902827435822
2022-05-28 19:00:00,1914.79166666667,-17.5332771277108,0.00780071599726417,0.00780131706426301
2022-05-28 19:30:00,1914.8125,-19.133146574026,-0.247342875677153,-0.247342274959696
2022-05-28 20:30:00,1914.85416666667,-18.7328067401487,-0.18413476337233,-0.184134163354283
2022-05-28 21:00:00,1914.875,-18.3343633363322,-0.120945508068762,-0.120944908400583
2022-05-28 21:30:00,1914.89583333333,-18.3119000248,-0.117650089429164,-0.11764949011097
2022-05-28 22:00:00,1914.91666666667,-17.9885000243446,-0.066415180437899,-0.0664145814697992
2022-05-28 23:00:00,1914.95833333333,-18.3149193339587,-0.118979711691789,-0.118979113424199
2022-05-28 23:30:00,1914.97916666667,-18.1583063193662,-0.0943139062594198,-0.094313308342256
2022-05-29,1915,-18.1731111910053,-0.0969550317028459,-0.0969544341362181
2022-05-29 00:30:00,1915.02083333333,-18.1996004028143,-0.101457419950696,-0.101456822734709
2022-05-29 01:30:00,1915.0625,-18.4065619866541,-0.134991640959912,-0.134991044445548
2022-05-29 04:30:00,1915.1875,-19.7979809826638,-0.358339493576657,-0.358338899169776
2022-05-29 05:00:00,1915.20833333333,-20.0900614476923,-0.405150208218372,-0.40514961416312
2022-05-29 05:30:00,1915.22916666667,-20.5306629242086,-0.475620364828799,-0.475619771125294
2022-05-29 06:30:00,1915.27083333333,-20.2467105632653,-0.430950419865469,-0.430949826865767
2022-05-29 07:00:00,1915.29166666667,-20.086440943038,-0.405701197269087,-0.405700604621455
2022-05-29 07:30:00,1915.3125,-20.1303538076923,-0.412978328984805,-0.412977736689352
2022-05-29 08:00:00,1915.33333333333,-20.1646289333952,-0.418720100521397,-0.418719508578226
2022-05-29 09:00:00,1915.375,-20.148652610241,-0.416738315288312,-0.416737724050038
2022-05-29 09:30:00,1915.39583333333,-20.8814029270042,-0.533747499252412,-0.533746908366752
2022-05-29 10:00:00,1915.41666666667,-20.8336769676923,-0.526426193078555,-0.526425602545618
2022-05-29 10:30:00,1915.4375,-20.743561107963,-0.512352083818453,-0.512351493638342
2022-05-29 11:30:00,1915.47916666667,-20.1133370818519,-0.412519584162169,-0.412518994688044
2022-05-29 12:00:00,1915.5,-19.3628523377637,-0.293248054527516,-0.293247465406542
2022-05-29 12:30:00,1915.52083333333,-19.2118030651515,-0.269466962061374,-0.269466373293659
2022-05-29 13:00:00,1915.54166666667,-20.8117922664078,-0.524627487958551,-0.524626899544208
2022-05-29 14:00:00,1915.58333333333,-20.9777439274583,-0.551625726028152,-0.551625138320873
2022-05-29 14:30:00,1915.60416666667,-22.9745729057082,-0.870002926258047,-0.870002338904463
2022-05-29 15:00:00,1915.625,-22.6258939090909,-0.81473896798104,-0.814738380981255
2022-05-29 15:30:00,1915.64583333333,-22.9685120374768,-0.869599073708813,-0.86959848706294
2022-05-29 16:30:00,1915.6875,-22.1529073755556,-0.740234068100326,-0.740233482162592
2022-05-29 17:00:00,1915.70833333333,-22.0314714486258,-0.721169844928722,-0.721169259345217
2022-05-29 17:30:00,1915.72916666667,-20.6922120757576,-0.508105414386009,-0.508104829156851
2022-05-29 18:30:00,1915.77083333333,-20.2392096571429,-0.436502707963862,-0.436502123443698
2022-05-29 19:30:00,1915.8125,-18.6205843899814,-0.179215199722283,-0.179214615911551
2022-05-29 20:00:00,1915.83333333333,-18.877597082438,-0.220437738554516,-0.220437155098655
2022-05-29 20:30:00,1915.85416666667,-18.15912732,-0.106265162853167,-0.10626457975229
2022-05-29 21:00:00,1915.875,-18.3780612393321,-0.141421601124893,-0.141421018379101
2022-05-29 22:00:00,1915.91666666667,-17.3270262649156,0.0254489918263954,0.0254495738616864
2022-05-29 22:30:00,1915.9375,-17.3747327762004,0.017569389472352,0.0175699711522382
2022-05-29 23:00:00,1915.95833333333,-16.9855818727273,0.079281548029528,0.079282129353903
2022-05-29 23:30:00,1915.97916666667,-16.0084417486842,0.234660872200259,0.234661453169005
2022-05-30 00:30:00,1916.02083333333,-16.8837715694757,0.0946608024162631,0.0946613826734553
2022-05-30 01:00:00,1916.04166666667,-17.824985365762,-0.055554835808264,-0.0555542559070134
2022-05-30 01:30:00,1916.0625,-17.8131091709091,-0.0539424946185891,-0.0539419150733865
2022-05-30 02:00:00,1916.08333333333,-17.7984831554307,-0.0518920422665381,-0.0518914630774835
2022-05-30 03:00:00,1916.125,-17.6634296444653,-0.0309366977317758,-0.0309361192553411
2022-05-30 06:00:00,1916.25,-16.9141929278293,0.086742428067024,0.0867430044030597
2022-05-30 07:00:00,1916.29166666667,-16.9934935144712,0.07355201945592,0.0735525950776486
2022-05-30 07:30:00,1916.3125,-16.5743823882353,0.140037931852324,0.140038507116738
2022-05-30 08:00:00,1916.33333333333,-16.4245085438298,0.163634216053829,0.16363479096083
2022-05-30 08:30:00,1916.35416666667,-16.6684656961039,0.124493004284432,0.124493578833909
2022-05-30 09:30:00,1916.39583333333,-16.6203153935065,0.131606245595261,0.131606819429381
2022-05-30 10:00:00,1916.41666666667,-16.3306231724638,0.177475950271914,0.177476523748196
2022-05-30 10:30:00,1916.4375,-16.1919297604255,0.199291500148085,0.199292073266429
2022-05-30 11:00:00,1916.45833333333,-15.8134166555556,0.259310561885591,0.259311134645888
2022-05-30 12:00:00,1916.5,-15.8222907455556,0.257340410678394,0.257340982722289
2022-05-30 12:30:00,1916.52083333333,-16.2599420115942,0.187344095348556,0.187344667034097
2022-05-30 13:00:00,1916.54166666667,-16.0964829806383,0.213105143448511,0.213105714775587
2022-05-30 13:30:00,1916.5625,-17.0904722507407,0.0544839136565679,0.0544844846250755
2022-05-30 14:30:00,1916.60416666667,-17.2759647799629,0.0243789546236732,0.0243795248747372
2022-05-30 15:00:00,1916.625,-17.6003624434783,-0.0275756627464908,-0.0275750928543072
2022-05-30 15:30:00,1916.64583333333,-17.2289468206383,0.0313133373724084,0.0313139069056133
2022-05-30 16:00:00,1916.66666666667,-16.8700592916667,0.0882066669568109,0.0882072361309281
2022-05-30 17:00:00,1916.70833333333,-16.8838185146296,0.0854595838708627,0.085460152326499
2022-05-30 18:00:00,1916.75,-16.2607974670886,0.18415230844019,0.184152876176932
2022-05-30 18:30:00,1916.77083333333,-15.3105652376087,0.335247590789069,0.335248158166211
2022-05-30 19:00:00,1916.79166666667,-15.9258441382189,0.236955895365974,0.236956462383408
2022-05-30 20:00:00,1916.83333333333,-14.9840973784644,0.386422365535694,0.386422931833408
2022-05-30 20:30:00,1916.85416666667,-14.4681643821918,0.468333725831984,0.46833429176968
2022-05-30 21:00:00,1916.875,-14.2329629559913,0.505524410528649,0.505524976106224
2022-05-30 21:30:00,1916.89583333333,-14.5197172058052,0.459567247202832,0.459567812420191
2022-05-30 22:30:00,1916.9375,-14.0686997900563,0.530860823639155,0.530861388135764
2022-05-30 23:00:00,1916.95833333333,-13.6694054081081,0.594191890312477,0.594192454448556
2022-05-30 23:30:00,1916.97916666667,-13.4074565084783,0.635643787808175,0.63564435158362
2022-05-31,1917,-13.4166666807116,0.633899915722494,0.633900479137209
2022-05-31 01:00:00,1917.04166666667,-13.5160149818352,0.617520483385278,0.617521046078221
2022-05-31 01:30:00,1917.0625,-13.6608918959459,0.594164995602062,0.594165557933961
2022-05-31 02:00:00,1917.08333333333,-13.5859108471739,0.605833102901029,0.605833664871789
2022-05-31 02:30:00,1917.10416666667,-13.7642528095506,0.577146738013415,0.577147299622929
2022-05-31 03:30:00,1917.14583333333,-13.6902190780899,0.588387832362555,0.588388393249275
2022-05-31 04:00:00,1917.16666666667,-13.9018784108108,0.554394180334155,0.554394740859324
2022-05-31 04:30:00,1917.1875,-13.6745098117647,0.590338056229855,0.590338616393376
2022-05-31 07:30:00,1917.3125,-13.3907360388476,0.63388815438328,0.63388871237476
2022-05-31 08:30:00,1917.35416666667,-13.3121131756957,0.64586159598837,0.645862153255028
2022-05-31 09:00:00,1917.375,-13.3661969609848,0.636970489450769,0.636971046354863
2022-05-31 09:30:00,1917.39583333333,-13.2452581967273,0.655960665141495,0.655961221682928
2022-05-31 10:00:00,1917.41666666667,-13.3612541877551,0.637207030046326,0.637207586224993
2022-05-31 11:00:00,1917.45833333333,-13.0749313538033,0.682267875724126,0.682268431176964
2022-05-31 11:30:00,1917.47916666667,-13.1172461909091,0.675251896456681,0.675252451546451
2022-05-31 12:00:00,1917.5,-13.0064981847273,0.692619002694296,0.692619557420902
2022-05-31 12:30:00,1917.52083333333,-12.9159333398148,0.706770982142547,0.70677153650589
2022-05-31 13:30:00,1917.5625,-13.3996148255556,0.629170241502039,0.629170795138543
2022-05-31 14:00:00,1917.58333333333,-13.5128711901515,0.610853552505846,0.610854105778786
2022-05-31 14:30:00,1917.60416666667,-13.4120652173913,0.626637212186943,0.626637765096213
2022-05-31 15:00:00,1917.625,-13.052405567963,0.683656512941477,0.683657065486978
2022-05-31 16:00:00,1917.66666666667,-13.2104889022222,0.657924444333705,0.657924996151373
2022-05-31 16:30:00,1917.6875,-13.0914696662879,0.676609751665704,0.676610303119309
2022-05-31 17:00:00,1917.70833333333,-12.7952862369565,0.723517507150506,0.723518058239942
2022-05-31 18:00:00,1917.75,-13.6601020458256,0.585202974625072,0.585203524985877
2022-05-31 19:00:00,1917.79166666667,-14.1239220794063,0.510767618245328,0.510768167877101
2022-05-31 19:30:00,1917.8125,-14.2460073208791,0.491045203803222,0.491045753070334
2022-05-31 20:00:00,1917.83333333333,-14.2383622603774,0.491988984924386,0.49198953382674
2022-05-31 20:30:00,1917.85416666667,-14.8707584485019,0.390973803544993,0.390974352082483
2022-05-31 21:30:00,1917.89583333333,-14.9038445593633,0.385155326556413,0.385155874363885
2022-05-31 22:00:00,1917.91666666667,-15.1582453698885,0.344355276520371,0.344355823962682
2022-05-31 22:30:00,1917.9375,-15.2855622520755,0.323799853011792,0.32380040008885
2022-05-31 23:00:00,1917.95833333333,-15.7966797722846,0.242104779560127,0.242105326271827
2022-06-01,1918,-16.862344582397,0.0717964373367808,0.0717969833174764
2022-06-01 00:30:00,1918.02083333333,-16.8779925869888,0.0690302098894481,0.0690307555044962
2022-06-01 01:00:00,1918.04166666667,-16.7909547532075,0.0826219759782089,0.0826225212275002
2022-06-01 01:30:00,1918.0625,-16.3060037266417,0.159601664169027,0.159602209052474
2022-06-01 02:30:00,1918.10416666667,-16.6144232258427,0.109923702313193,0.109924246464652
2022-06-01 03:00:00,1918.125,-17.2726803111524,0.00478971995516764,0.0047902637404833
2022-06-01 03:30:00,1918.14583333333,-17.1975698056604,0.0164817851632133,0.0164823285822929
2022-06-01 04:00:00,1918.16666666667,-17.6082097071161,-0.0492064702659096,-0.0492059272131695
2022-06-01 05:00:00,1918.20833333333,-17.6845898655431,-0.0619197363647284,-0.0619191940449548
2022-06-01 05:30:00,1918.22916666667,-17.6522342301115,-0.0570382870491628,-0.0570377450960217
2022-06-01 06:00:00,1918.25,-17.6822377588679,-0.06209063069856,-0.0620900891121433
2022-06-01 09:00:00,1918.375,-18.9192022181818,-0.260775116017967,-0.260774576633961
2022-06-01 10:00:00,1918.41666666667,-18.100352487384,-0.130876289869538,-0.130875751220444
2022-06-01 10:30:00,1918.4375,-17.7082548819172,-0.0686870215516027,-0.0686864832701071
2022-06-01 11:00:00,1918.45833333333,-17.54317498125,-0.0426617690359437,-0.0426612311221484
2022-06-01 11:30:00,1918.47916666667,-18.1609423973978,-0.141344586684463,-0.141344049138464
2022-06-01 12:30:00,1918.52083333333,-18.3735955525046,-0.175764239191524,-0.175763702381403
2022-06-01 13:00:00,1918.54166666667,-18.1549390119826,-0.14120392210411,-0.141203385662075
2022-06-01 13:30:00,1918.5625,-18.11282503125,-0.134766893974376,-0.134766357900519
2022-06-01 14:00:00,1918.58333333333,-18.8210685068519,-0.247862277842356,-0.247861742136772
2022-06-01 15:00:00,1918.625,-18.5799814925926,-0.210000127184951,-0.209999592216213
2022-06-01 15:30:00,1918.64583333333,-18.4473158877996,-0.189137892380047,-0.18913735777987
2022-06-01 16:00:00,1918.66666666667,-18.3805062135802,-0.178766487226752,-0.178765952995238
2022-06-01 16:30:00,1918.6875,-18.1853840413729,-0.147954742265202,-0.147954208402446
2022-06-01 18:00:00,1918.75,-16.8079293769517,0.0706611040577931,0.0706616368137107
2022-06-01 18:30:00,1918.77083333333,-14.9138720714286,0.372114698924374,0.372115231311151
2022-06-01 19:00:00,1918.79166666667,-14.6715142814286,0.410451448002139,0.41045198001968
2022-06-01 22:00:00,1918.91666666667,-14.7394063142857,0.398011494765348,0.398012024565491
2022-06-01 23:00:00,1918.95833333333,-15.410834867718,0.290511418874779,0.290511947935029
2022-06-01 23:30:00,1918.97916666667,-14.9526756384298,0.363226099237083,0.363226627927243
2022-06-02 00:30:00,1919.02083333333,-15.5504063320965,0.267466551203316,0.267467079153016
2022-06-02 01:30:00,1919.0625,-15.800760642115,0.227044580424382,0.227045107633245
2022-06-02 02:30:00,1919.10416666667,-15.5399696969697,0.268048685441006,0.26804921190865
2022-06-02 03:00:00,1919.125,-15.5804613711364,0.261328395208709,0.261328921305607
2022-06-02 04:30:00,1919.1875,-16.022603131746,0.190085491805657,0.190086016789744
2022-06-02 06:30:00,1919.27083333333,-15.1664242373737,0.325397147765059,0.32539767126409
2022-06-02 07:00:00,1919.29166666667,-15.0263454629545,0.347442403583277,0.347442926710808
2022-06-02 07:30:00,1919.3125,-14.9198163135436,0.364143248387315,0.364143771143257
2022-06-02 08:30:00,1919.35416666667,-14.8482059450835,0.37501238642007,0.375012908432545
2022-06-02 09:00:00,1919.375,-14.8397171333333,0.376095540254705,0.376096061895312
2022-06-02 09:30:00,1919.39583333333,-14.8170000056818,0.37944534334273,0.379445864611377
2022-06-02 10:00:00,1919.41666666667,-14.7050408111317,0.397011539858202,0.39701206075479
2022-06-02 11:00:00,1919.45833333333,-14.6063432267161,0.412196374547721,0.412196894699917
2022-06-02 11:30:00,1919.47916666667,-14.5185656989899,0.42591061965562,0.425911139435479
2022-06-02 12:00:00,1919.5,-14.4504022756818,0.436500392448179,0.436500911855613
2022-06-02 12:30:00,1919.52083333333,-14.4319259362963,0.439175045834203,0.439175564869114
2022-06-02 13:30:00,1919.5625,-14.4053339424861,0.442874093933795,0.44287461222339
2022-06-02 14:00:00,1919.58333333333,-14.4166262474747,0.44080678691253,0.440807304829331
2022-06-02 14:30:00,1919.60416666667,-14.3825555609977,0.445965905555642,0.445966423099546
2022-06-02 15:00:00,1919.625,-14.4660203562963,0.432401606701032,0.432402123871958
2022-06-02 16:00:00,1919.66666666667,-14.6294370388889,0.405832824108968,0.405833340533655
2022-06-02 17:00:00,1919.70833333333,-14.2149443461967,0.471325693359018,0.4713262090371
2022-06-02 18:30:00,1919.77083333333,-14.6585074561567,0.399862120555602,0.399862635113086
2022-06-02 19:00:00,1919.79166666667,-13.649485843573,0.560332238349035,0.560332752532801
2022-06-02 19:30:00,1919.8125,-13.5092337961039,0.582406812636866,0.582407326446829
2022-06-02 20:00:00,1919.83333333333,-13.8238880774254,0.532014552751533,0.5320150661876
2022-06-02 23:30:00,1919.97916666667,-14.8960538135436,0.359346465955061,0.359346976771289
2022-06-03,1920,-14.9415946,0.351824732026134,0.35182524246774
2022-06-03 00:30:00,1920.02083333333,-14.965954827957,0.347677145595227,0.347677655662115
2022-06-03 01:00:00,1920.04166666667,-15.1509962868275,0.317932993682366,0.317933503374446
2022-06-03 02:00:00,1920.08333333333,-15.2767057668529,0.297373761536091,0.297374270478288
2022-06-03 02:30:00,1920.10416666667,-15.3160675756757,0.290836690467687,0.290837199034805
2022-06-03 03:00:00,1920.125,-15.3049676627155,0.292338277304094,0.292338785496047
2022-06-03 03:30:00,1920.14583333333,-15.2794014884758,0.296144419498433,0.296144927315132
2022-06-03 04:30:00,1920.1875,-15.2716029784787,0.296853801381606,0.296854308447516
2022-06-03 05:00:00,1920.20833333333,-15.2371621189189,0.302073896289356,0.302074402979743
2022-06-03 05:30:00,1920.22916666667,-15.1821416332618,0.310572410075755,0.310572916390522
2022-06-03 06:00:00,1920.25,-14.8297685083333,0.366439481559046,0.36643998749811
2022-06-03 07:00:00,1920.29166666667,-14.6384537255556,0.396383834359065,0.396384339546444
2022-06-03 07:30:00,1920.3125,-14.6183378905405,0.399322291635867,0.399322796447274
2022-06-03 08:00:00,1920.33333333333,-14.594678123176,0.402825369773948,0.402825874209289
2022-06-03 08:30:00,1920.35416666667,-14.5469628942486,0.410160570068848,0.410161074128033
2022-06-03 09:30:00,1920.39583333333,-14.5845277981481,0.403644924446123,0.40364542775274
2022-06-03 10:00:00,1920.41666666667,-14.6200540513514,0.397719907175307,0.397720410105502
2022-06-03 10:30:00,1920.4375,-14.5396989253763,0.410254946493713,0.410255449047396
2022-06-03 11:00:00,1920.45833333333,-14.3481539970315,0.440502670897051,0.440503173074139
2022-06-03 12:00:00,1920.5,-14.2591629761111,0.454148175464627,0.454148676888248
2022-06-03 12:30:00,1920.52083333333,-14.0757568094595,0.483099599847828,0.483100100894589
2022-06-03 13:00:00,1920.54166666667,-14.0568232765086,0.485850486394197,0.485850987064003
2022-06-03 13:30:00,1920.5625,-13.8177296222222,0.523673107878373,0.523673608171141
2022-06-03 14:30:00,1920.60416666667,-13.5806425951852,0.560911114680397,0.560911614218813
2022-06-03 15:00:00,1920.625,-13.9556486067568,0.500907431593752,0.500907930754865
2022-06-03 15:30:00,1920.64583333333,-13.9192854019313,0.506435229064435,0.506435727848158
2022-06-03 16:00:00,1920.66666666667,-14.5371888983333,0.407737943932218,0.407738442338457
2022-06-03 17:30:00,1920.72916666667,-14.7100092860595,0.379413505923756,0.379414003197021
2022-06-03 18:00:00,1920.75,-15.8317023321429,0.200462467651279,0.200462964546709
2022-06-03 18:30:00,1920.77083333333,-15.3526189577093,0.276516327720995,0.276516824238507
2022-06-03 19:00:00,1920.79166666667,-14.438711886803,0.421837984022341,0.421838480161843
2022-06-03 20:00:00,1920.83333333333,-13.126219701676,0.630390352764844,0.630390848148069
2022-06-03 20:30:00,1920.85416666667,-13.3680952202381,0.591595228790312,0.591595723795264
2022-06-03 21:00:00,1920.875,-13.1313200944812,0.629049565294166,0.629050059920763
2022-06-03 21:30:00,1920.89583333333,-13.3284400546816,0.597384175360793,0.59738466960895
2022-06-04 01:00:00,1921.04166666667,-14.0993766215213,0.472727139350977,0.472727630947586
2022-06-04 01:30:00,1921.0625,-14.1936654572491,0.457443388828196,0.45744388004567
2022-06-04 02:00:00,1921.08333333333,-14.2431666755556,0.449294408893167,0.449294899731414
2022-06-04 02:30:00,1921.10416666667,-14.0274805198516,0.483390038304641,0.483390528763575
2022-06-04 03:30:00,1921.14583333333,-14.5165807343228,0.404949579590647,0.404950069290707
2022-06-04 04:00:00,1921.16666666667,-14.9569070791822,0.334542162551757,0.334542651872241
2022-06-04 04:30:00,1921.1875,-15.013255577037,0.325302762231482,0.325303251172314
2022-06-04 05:00:00,1921.20833333333,-15.2446827478664,0.288173275522139,0.288173764083233
2022-06-04 06:00:00,1921.25,-15.1371150272727,0.304783158373133,0.304783646174483
2022-06-04 06:30:00,1921.27083333333,-15.0522416475836,0.318040789583303,0.318041277004658
2022-06-04 07:00:00,1921.29166666667,-15.0232214394834,0.322401042109867,0.322401529151137
2022-06-04 07:30:00,1921.3125,-15.2609129733333,0.284273995045909,0.284274481707012
2022-06-04 08:30:00,1921.35416666667,-15.3471611064815,0.270009588699975,0.27001007460048
2022-06-04 09:00:00,1921.375,-15.5203308490706,0.242161123786557,0.242161609306641
2022-06-04 09:30:00,1921.39583333333,-15.4776494461255,0.248697972238767,0.248698457378344
2022-06-04 10:00:00,1921.41666666667,-15.181570372963,0.295601322303425,0.295601807062399
2022-06-04 11:00:00,1921.45833333333,-15.0613611257407,0.314226440677003,0.314226924674538
2022-06-04 11:30:00,1921.47916666667,-15.5461412609665,0.23673857603273,0.236739059649413
2022-06-04 12:00:00,1921.5,-15.5995350774908,0.227970932031768,0.227971415267514
2022-06-04 12:30:00,1921.52083333333,-15.9475704087037,0.172266756020186,0.172267238874916
2022-06-04 13:30:00,1921.5625,-16.5790407477778,0.0711494973065123,0.071149979398952
2022-06-04 14:00:00,1921.58333333333,-16.6250446375465,0.0635593614548956,0.0635598431660606
2022-06-04 14:30:00,1921.60416666667,-16.7817601188192,0.0383328619287115,0.0383333432585177
2022-06-04 15:00:00,1921.625,-17.2960240951763,-0.0438512963714754,-0.0438508154231072
2022-06-04 16:00:00,1921.66666666667,-16.3581555551852,0.105028969665607,0.105029449850837
2022-06-04 17:00:00,1921.70833333333,-16.9040071759857,0.0175518422118617,0.0175523216336272
2022-06-04 17:30:00,1921.72916666667,-16.3880464135135,0.0994835815282638,0.0994840605681664
2022-06-04 18:00:00,1921.75,-15.7947063223048,0.193741975411075,0.193742454069031
2022-06-04 19:00:00,1921.79166666667,-15.6652644404097,0.213840163129072,0.213840641022888
2022-06-04 19:30:00,1921.8125,-15.076379918638,0.307388998424573,0.307389475936197
2022-06-04 20:00:00,1921.83333333333,-15.285413130888,0.273829040824808,0.273829517954152
2022-06-04 20:30:00,1921.85416666667,-15.6045892200743,0.222723316589239,0.222723793336218
2022-06-04 21:30:00,1921.89583333333,-14.9140185799257,0.33221044001579,0.332210915997797
2022-06-04 22:00:00,1921.91666666667,-15.6763476609319,0.210510344810124,0.210510820409517
2022-06-04 22:30:00,1921.9375,-15.8009459471042,0.190401293455064,0.190401768671765
2022-06-04 23:00:00,1921.95833333333,-17.0948773269517,-0.0159832828056355,-0.0159828079717081
2022-06-05 02:30:00,1922.10416666667,-20.2940092949814,-0.527427937166324,-0.527427465014157
2022-06-05 03:00:00,1922.125,-21.0678750064655,-0.650965099317815,-0.650964627549083
2022-06-05 03:30:00,1922.14583333333,-21.1088399493333,-0.657750572452195,-0.65775010106699
2022-06-05 04:00:00,1922.16666666667,-21.0422063369888,-0.647395445980143,-0.647394974978536
2022-06-05 05:00:00,1922.20833333333,-21.2045380423006,-0.673774095080865,-0.673773624846708
2022-06-05 05:30:00,1922.22916666667,-21.2742780596983,-0.685143166471659,-0.685142696621346
2022-06-05 06:00:00,1922.25,-21.2286801386667,-0.678138748845747,-0.678138279379365
2022-06-05 06:30:00,1922.27083333333,-20.8308423330241,-0.615022192850141,-0.615021723767773
2022-06-05 07:30:00,1922.3125,-19.9443778392593,-0.474326127759615,-0.474325659445508
2022-06-05 08:00:00,1922.33333333333,-20.4278727959052,-0.551606291299851,-0.551605823370006
2022-06-05 08:30:00,1922.35416666667,-20.6178947289474,-0.58213591929157,-0.58213545174606
2022-06-05 09:00:00,1922.375,-19.2967894549474,-0.371941830129073,-0.371941362967978
2022-06-05 10:00:00,1922.41666666667,-18.0610769103189,-0.175609569102476,-0.175609102710465
2022-06-05 10:30:00,1922.4375,-17.2798447997845,-0.0514174408742174,-0.0514169748668646
2022-06-05 11:00:00,1922.45833333333,-17.1264867736842,-0.027246029647915,-0.0272455640253068
2022-06-05 11:30:00,1922.47916666667,-18.5824110974074,-0.25943437339343,-0.259433908155642
2022-06-05 12:30:00,1922.52083333333,-19.1677944257407,-0.353203252792137,-0.353202788324242
2022-06-05 13:00:00,1922.54166666667,-19.4823922209052,-0.403577244629257,-0.403576780546425
2022-06-05 13:30:00,1922.5625,-19.7826184460526,-0.451661761591939,-0.451661297894254
2022-06-05 14:00:00,1922.58333333333,-21.5086907672222,-0.726884507044444,-0.726884043731988
2022-06-05 15:00:00,1922.625,-20.6372426092593,-0.588578354435446,-0.588577891893678
2022-06-05 15:30:00,1922.64583333333,-20.7090474185345,-0.600274882283768,-0.600274420127474
2022-06-05 16:00:00,1922.66666666667,-20.4102763131579,-0.552938328444037,-0.552937866673288
2022-06-05 17:00:00,1922.70833333333,-20.390474970872,-0.550299532841958,-0.550299071842542
2022-06-05 18:00:00,1922.75,-20.5242857189239,-0.572130957943476,-0.572130497715713
2022-06-05 18:30:00,1922.77083333333,-19.8466455575949,-0.464439923920583,-0.464439464078768
2022-06-05 19:00:00,1922.79166666667,-19.5118461076923,-0.411363586362023,-0.411363126906232
2022-06-05 19:30:00,1922.8125,-18.5188141702602,-0.253430269261811,-0.253429810192127
2022-06-05 20:30:00,1922.85416666667,-17.4344601350649,-0.0812064350703168,-0.0812059767730824
2022-06-05 21:00:00,1922.875,-15.4815358624473,0.229638638865065,0.229639096775959
2022-06-05 21:30:00,1922.89583333333,-15.3013231169231,0.258089573762021,0.258090031286484
2022-06-05 22:00:00,1922.91666666667,-16.2392389096296,0.108421907552325,0.108422364690289
2022-06-05 23:00:00,1922.95833333333,-15.878068515,0.165442811460557,0.16544326782528
2022-06-05 23:30:00,1922.97916666667,-16.6950949527426,0.0350331282690871,0.0350335842470695
2022-06-06,1923,-17.00059968,-0.0138907067086882,-0.0138902511175206
2022-06-06 00:30:00,1923.02083333333,-15.8805575910781,0.164276159070743,0.164276614275012
2022-06-06 03:30:00,1923.14583333333,-16.9902592092593,-0.0140383774034222,-0.0140379245221838
2022-06-06 04:00:00,1923.16666666667,-16.9985867907025,-0.0156210859538102,-0.0156206334600142
2022-06-06 04:30:00,1923.1875,-16.9332751052045,-0.00547293216748934,-0.00547248006121359
2022-06-06 05:30:00,1923.22916666667,-17.0101001777366,-0.0182230862946656,-0.0182226349636746
2022-06-06 06:00:00,1923.25,-17.5191481925926,-0.0995706195541862,-0.0995701686109494
2022-06-06 06:30:00,1923.27083333333,-17.4883257441237,-0.0949163275873697,-0.0949158770319697
2022-06-06 07:00:00,1923.29166666667,-17.833832677881,-0.150211500485465,-0.150211050317974
2022-06-06 08:00:00,1923.33333333333,-18.101094609833,-0.193297636036904,-0.193297186645475
2022-06-06 08:30:00,1923.35416666667,-17.7324814666667,-0.134832746205388,-0.134832297202101
2022-06-06 09:00:00,1923.375,-17.7440824509278,-0.136936163794317,-0.136935715179249
2022-06-06 09:30:00,1923.39583333333,-17.3208348625232,-0.0697678181923455,-0.0697673699655839
2022-06-06 10:30:00,1923.4375,-16.3586870042593,0.0829926523963065,0.0829930998462437
2022-06-06 11:00:00,1923.45833333333,-16.1434444796296,0.117025867343568,0.117026314404972
2022-06-06 11:30:00,1923.47916666667,-15.9237633436214,0.151766231203188,0.151766677875983
2022-06-06 12:00:00,1923.5,-15.0977680979592,0.283092940990864,0.283093387274977
2022-06-06 13:00:00,1923.54166666667,-17.6729147794444,-0.127639386754119,-0.127638941247603
2022-06-06 13:30:00,1923.5625,-18.4453704611111,-0.250946826824826,-0.250946381707226
2022-06-06 14:00:00,1923.58333333333,-18.3344773553498,-0.233536098695108,-0.233535653966501
2022-06-06 14:30:00,1923.60416666667,-17.9380964766234,-0.170646889175164,-0.170646444835622
2022-06-06 15:30:00,1923.64583333333,-18.2449832879406,-0.220043047400568,-0.220042603839394
2022-06-06 16:30:00,1923.6875,-17.729281221875,-0.138399908660025,-0.138399465877513
2022-06-06 17:00:00,1923.70833333333,-17.5539154484144,-0.110718187140537,-0.110717744747474
2022-06-06 17:30:00,1923.72916666667,-17.4540873276952,-0.0950695923434886,-0.095069150339952
2022-06-06 18:30:00,1923.77083333333,-15.7103698812268,0.182197876765708,0.18219831798997
2022-06-06 19:00:00,1923.79166666667,-16.6424375015625,0.033464968821018,0.0334654096555318
2022-06-06 19:30:00,1923.8125,-15.9198185698312,0.148324886549658,0.148325326994343
2022-06-06 20:00:00,1923.83333333333,-15.6227509360595,0.195394253911322,0.195394693966102
2022-06-06 21:00:00,1923.875,-13.4936567203358,0.534053272616837,0.534053711891592
2022-06-06 21:30:00,1923.89583333333,-13.693187478125,0.502014388029109,0.502014826913729
2022-06-06 22:00:00,1923.91666666667,-13.5772299630802,0.520233086387768,0.520233524882188
2022-06-06 22:30:00,1923.9375,-13.8037020478585,0.483902580454905,0.483903018559049
2022-06-06 23:30:00,1923.97916666667,-14.4325446055762,0.383221056779754,0.383221494103112
2022-06-07,1924,-13.8269687125,0.479436615499569,0.479437052432426
2022-06-07 00:30:00,1924.02083333333,-13.734839678481,0.493859798450604,0.493860234992881
2022-06-07 01:00:00,1924.04166666667,-13.8496356869888,0.475319750082786,0.475320186234413
2022-06-07 02:00:00,1924.08333333333,-14.1043352151685,0.434240236487024,0.434240671857117
2022-06-07 05:00:00,1924.20833333333,-15.2641311110656,0.247968654445231,0.24796908746895
2022-06-07 05:30:00,1924.22916666667,-15.2108779538983,0.256199642159211,0.256200074791611
2022-06-07 06:00:00,1924.25,-15.5585547467532,0.200562278475874,0.200562710716882
2022-06-07 07:00:00,1924.29166666667,-15.4782504706865,0.212850631366023,0.21285106282402
2022-06-07 07:30:00,1924.3125,-15.9067254131148,0.144342293362124,0.144342724428502
2022-06-07 08:00:00,1924.33333333333,-15.8713762572881,0.149721541944532,0.149721972619219
2022-06-07 08:30:00,1924.35416666667,-16.1107936501859,0.111330359275679,0.111330789558606
2022-06-07 09:30:00,1924.39583333333,-15.7382653079777,0.17017097768919,0.170171407188365
2022-06-07 10:00:00,1924.41666666667,-15.1322008508197,0.266465887056024,0.266466316163219
2022-06-07 10:30:00,1924.4375,-15.0198135677966,0.284117746236622,0.284118174951764
2022-06-07 11:00:00,1924.45833333333,-14.9737551124304,0.291203452245506,0.291203880568512
2022-06-07 12:00:00,1924.5,-15.8053666766667,0.158224487642129,0.158224915180663
2022-06-07 12:30:00,1924.52083333333,-16.0551065536885,0.118189537534049,0.118189964680233
2022-06-07 13:00:00,1924.54166666667,-16.1481351273649,0.103118886638925,0.103119313392691
2022-06-07 13:30:00,1924.5625,-17.1520259233333,-0.0570526905461762,-0.0570522641849051
2022-06-07 14:30:00,1924.60416666667,-17.4907087341373,-0.111506986291426,-0.111506560715359
2022-06-07 15:00:00,1924.625,-17.3690451012295,-0.0923767085251729,-0.0923762833418176
2022-06-07 15:30:00,1924.64583333333,-17.0820135583051,-0.0469031277562456,-0.0469027029656754
2022-06-07 16:30:00,1924.6875,-15.3223048425651,0.23291846031795,0.232918884322744
2022-06-07 17:30:00,1924.72916666667,-13.93781041171,0.452968452115067,0.452968875333785
2022-06-07 18:00:00,1924.75,-13.6678385633858,0.495724795640352,0.49572521846593
2022-06-07 18:30:00,1924.77083333333,-13.7801907985866,0.477576716402362,0.477577138834723
2022-06-07 19:00:00,1924.79166666667,-13.7126728756506,0.488082158880764,0.488082580919841
2022-06-07 20:00:00,1924.83333333333,-14.1084163576208,0.424539748702685,0.42454016995497
2022-06-07 20:30:00,1924.85416666667,-13.8355157582677,0.467763029459142,0.467763450317929
2022-06-07 21:00:00,1924.875,-13.7707359,0.477832604551126,0.477833025016338
2022-06-07 21:30:00,1924.89583333333,-14.2161895996283,0.40662168639916,0.406622106470725
2022-06-07 22:30:00,1924.9375,-14.4213184242086,0.373445098679135,0.373445517963204
2022-06-07 23:00:00,1924.95833333333,-14.1559921527559,0.415462169488708,0.415462588378912
2022-06-07 23:30:00,1924.97916666667,-14.0131936651408,0.437960554049103,0.437960972545382
2022-06-08,1925,-13.3839963104089,0.537942703035902,0.537943121138184
2022-06-08 01:00:00,1925.04166666667,-12.8241003782528,0.626635878680507,0.626636295994573
2022-06-08 01:30:00,1925.0625,-12.5949567141732,0.662889420978991,0.662889837898848
2022-06-08 02:00:00,1925.08333333333,-12.6335457915493,0.656493023674327,0.656493440199901
2022-06-08 02:30:00,1925.10416666667,-12.61659293829,0.658944573078558,0.658944989209782
2022-06-08 03:30:00,1925.14583333333,-12.6582889035647,0.651804504075551,0.651804919417854
2022-06-08 06:30:00,1925.27083333333,-12.9573744465753,0.602668210072838,0.60266862304671
2022-06-08 07:00:00,1925.29166666667,-12.823830028,0.623693577794782,0.623693990373668
2022-06-08 07:30:00,1925.3125,-12.47388313859,0.679192091551114,0.67919250373495
2022-06-08 08:30:00,1925.35416666667,-12.4378052007421,0.684443014712707,0.684443426106228
2022-06-08 09:00:00,1925.375,-12.9232306034247,0.606866358921767,0.606866769920025
2022-06-08 09:30:00,1925.39583333333,-12.811410048,0.624431488970355,0.624431899573279
2022-06-08 10:00:00,1925.41666666667,-12.7231985064935,0.638235764175932,0.638236174383459
2022-06-08 11:00:00,1925.45833333333,-12.385398903154,0.691551943560401,0.691552352976916
2022-06-08 11:30:00,1925.47916666667,-12.1138200425968,0.734566997754366,0.734567406775277
2022-06-08 12:00:00,1925.5,-12.0398910891089,0.746096358581695,0.746096767206932
2022-06-08 12:30:00,1925.52083333333,-12.1233277698148,0.73255733953078,0.73255774776027
2022-06-08 13:30:00,1925.5625,-13.7498055553704,0.472963508051103,0.472963915488897
2022-06-08 14:00:00,1925.58333333333,-14.4967357503417,0.35372973254008,0.35373013958192
2022-06-08 14:30:00,1925.60416666667,-14.6196832168317,0.333896929812866,0.333897336458689
2022-06-08 15:00:00,1925.625,-15.1306203731481,0.25225717049688,0.252257576746612
2022-06-08 16:30:00,1925.6875,-16.1606133726766,0.0874377039408953,0.0874381090019565
2022-06-08 17:00:00,1925.70833333333,-15.9001224701559,0.128687299037159,0.128687703701852
2022-06-08 17:30:00,1925.72916666667,-16.441123611236,0.0422587172526685,0.0422591215209349
2022-06-08 19:00:00,1925.79166666667,-16.1687248895911,0.0849123588991648,0.0849127619777348
2022-06-08 19:30:00,1925.8125,-15.6026971282851,0.174834586361272,0.174834989043144
2022-06-08 20:00:00,1925.83333333333,-16.8938314876405,-0.0310903605699085,-0.0310899582848067
2022-06-08 20:30:00,1925.85416666667,-15.8682285905204,0.132042671634881,0.13204307352315
2022-06-08 21:30:00,1925.89583333333,-14.9232546401487,0.282085448747235,0.282085849841626
2022-06-08 22:00:00,1925.91666666667,-13.8148485492205,0.458409324918736,0.458409725616092
2022-06-08 22:30:00,1925.9375,-13.7475454806818,0.468884824375311,0.468885224675565
2022-06-08 23:00:00,1925.95833333333,-14.0745762068773,0.416542747303171,0.416543147206246
2022-06-09,1926,-14.9759349444238,0.272464195342563,0.272464594451098
2022-06-09 00:30:00,1926.02083333333,-14.1420222835189,0.405061465953602,0.405061864664757
2022-06-09 01:00:00,1926.04166666667,-14.7618764067416,0.306072727867628,0.306073126181346
2022-06-09 01:30:00,1926.0625,-14.8199330745353,0.296578804824564,0.296579202740778
2022-06-09 02:30:00,1926.10416666667,-15.3175873678439,0.216811448422328,0.21681184554333
2022-06-09 03:00:00,1926.125,-16.112848555902,0.0898805554513893,0.0898809521746834
2022-06-09 03:30:00,1926.14583333333,-16.2383033696629,0.0696503756092942,0.0696507719348136
2022-06-09 04:00:00,1926.16666666667,-15.9980557481413,0.107676934125948,0.107677330053631
2022-06-09 05:00:00,1926.20833333333,-16.0565083573284,0.0978755105344199,0.097875905666223
2022-06-09 08:00:00,1926.33333333333,-15.3624842280148,0.206966308013175,0.206966700755769
2022-06-09 09:00:00,1926.375,-15.6078107758813,0.167397000785042,0.167397392730707
2022-06-09 09:30:00,1926.39583333333,-15.7313448034483,0.147473754620859,0.147474146167959
2022-06-09 10:00:00,1926.41666666667,-15.5806901831373,0.171229035461213,0.171229426609688
2022-06-09 10:30:00,1926.4375,-17.5460556044527,-0.142099108973101,-0.142098718223321
2022-06-09 11:30:00,1926.47916666667,-17.8857773643785,-0.196704846191544,-0.196704456239346
2022-06-09 12:00:00,1926.5,-17.3766206551724,-0.115839608251258,-0.115839218697945
2022-06-09 12:30:00,1926.52083333333,-17.104327452549,-0.0727068165598087,-0.0727064274054561
2022-06-09 13:00:00,1926.54166666667,-16.2437681,0.0641372728435581,0.0641376615988952
2022-06-09 14:00:00,1926.58333333333,-15.6900944535185,0.151850858606831,0.151851246563939
2022-06-09 14:30:00,1926.60416666667,-15.0777586965517,0.24915299097739,0.249153378535287
2022-06-09 15:00:00,1926.625,-14.9417091721939,0.270582465904799,0.270582853063418
2022-06-09 16:00:00,1926.66666666667,-14.3549681541199,0.363564345764376,0.363564732124249
2022-06-09 17:00:00,1926.70833333333,-14.366204120412,0.361288384152508,0.361288769713373
2022-06-09 19:00:00,1926.79166666667,-16.9912844083643,-0.0578599505616703,-0.0578595665995787
2022-06-09 20:30:00,1926.85416666667,-18.6906103940631,-0.329291330705429,-0.32929094794309
2022-06-09 21:30:00,1926.89583333333,-18.2714378398887,-0.263001466781826,-0.263001084819638
2022-06-09 22:00:00,1926.91666666667,-19.1845251256281,-0.40869911535965,-0.408698733797631
2022-06-09 22:30:00,1926.9375,-19.7242784728571,-0.494924320505624,-0.49492393934384
2022-06-09 23:00:00,1926.95833333333,-18.4863989055659,-0.297971251781073,-0.297970871019589
2022-06-10,1927,-18.0520408128015,-0.229261518172549,-0.229261138211843
2022-06-10 00:30:00,1927.02083333333,-19.3573659037594,-0.437442527919028,-0.437442148358816
2022-06-10 01:00:00,1927.04166666667,-19.1290928307143,-0.40132017381865,-0.401319794658984
2022-06-10 01:30:00,1927.0625,-20.7926337888476,-0.666565066374432,-0.666564687615376
2022-06-10 02:30:00,1927.10416666667,-19.878705552037,-0.521458662026684,-0.521458284069044
2022-06-10 03:00:00,1927.125,-20.6888872503759,-0.650762573218161,-0.650762195661318
2022-06-10 03:30:00,1927.14583333333,-20.4270567567376,-0.60929409560667,-0.609293718450692
2022-06-10 04:00:00,1927.16666666667,-21.8463111235185,-0.835623557005104,-0.835623180250048
2022-06-10 05:00:00,1927.20833333333,-21.9221948050093,-0.848194092941013,-0.848193716987997
2022-06-10 05:30:00,1927.22916666667,-21.2617343343358,-0.743223252621245,-0.743222877069337
2022-06-10 06:00:00,1927.25,-21.6384325212766,-0.803472446923307,-0.80347207177257
2022-06-10 09:30:00,1927.39583333333,-21.8909703181818,-0.845385963681835,-0.845385591341047
2022-06-10 10:30:00,1927.4375,-20.5800835007421,-0.637041190306595,-0.637040818769201
2022-06-10 11:00:00,1927.45833333333,-19.8797856892857,-0.525723343708867,-0.525722972573264
2022-06-10 11:30:00,1927.47916666667,-19.6806793695238,-0.494245578854267,-0.494245208120511
2022-06-10 12:00:00,1927.5,-20.4186846152134,-0.612050274975282,-0.612049904643435
2022-06-10 13:00:00,1927.54166666667,-20.4664730795918,-0.620142634351457,-0.620142264823619
2022-06-10 13:30:00,1927.5625,-20.3316695946429,-0.598908032560799,-0.598907663435052
2022-06-10 14:00:00,1927.58333333333,-19.9213873260317,-0.533789382477053,-0.533789013753463
2022-06-10 14:30:00,1927.60416666667,-20.4209350942486,-0.613607226209947,-0.613606857888575
2022-06-10 16:00:00,1927.66666666667,-19.7551224293135,-0.508260887044591,-0.508260519930224
2022-06-10 16:30:00,1927.6875,-19.3141666777778,-0.438255522775167,-0.43825515606326
2022-06-10 17:00:00,1927.70833333333,-19.0385868537705,-0.394594580561445,-0.394594214252057
2022-06-10 17:30:00,1927.72916666667,-19.2977588218924,-0.436119899564275,-0.436119533657461
2022-06-10 18:30:00,1927.77083333333,-19.8552003564007,-0.52539856856082,-0.525398203459345
2022-06-10 19:00:00,1927.79166666667,-20.6963247055556,-0.659629073319114,-0.659628708620394
2022-06-10 19:30:00,1927.8125,-20.4903016045902,-0.627048159436394,-0.627047795140488
2022-06-10 20:00:00,1927.83333333333,-19.6806809239332,-0.498313638207588,-0.498313274314566
2022-06-10 21:00:00,1927.875,-18.7198833266667,-0.345734913083629,-0.345734549996534
2022-06-10 21:30:00,1927.89583333333,-19.0223162376068,-0.394151078811104,-0.394150716127066
2022-06-10 22:00:00,1927.91666666667,-18.4366863,-0.30109811645925,-0.301097754178325
2022-06-10 22:30:00,1927.9375,-17.6131944514815,-0.170153500004311,-0.170153138126563
2022-06-10 23:30:00,1927.97916666667,-17.9489444237037,-0.224114912223938,-0.224114551152716
2022-06-11,1928,-18.2805640995727,-0.277180141730412,-0.277179781062538
2022-06-11 00:30:00,1928.02083333333,-17.9700326676471,-0.227950159038303,-0.227949798773847
2022-06-11 01:00:00,1928.04166666667,-18.9326110931481,-0.381527404545956,-0.381527044684967
2022-06-11 02:00:00,1928.08333333333,-17.9766122606679,-0.22971149054635,-0.229711131492482
2022-06-11 02:30:00,1928.10416666667,-18.0485341602564,-0.241406269214292,-0.241405910564067
2022-06-11 03:00:00,1928.125,-17.9168529372549,-0.220666842966157,-0.220666484719633
2022-06-11 03:30:00,1928.14583333333,-19.0661499974074,-0.403988090606696,-0.403987732763937
2022-06-11 04:30:00,1928.1875,-19.277990660223,-0.438209022706622,-0.438208665671564
2022-06-11 05:00:00,1928.20833333333,-18.7335940290598,-0.351723408741951,-0.351723052110834
2022-06-11 05:30:00,1928.22916666667,-19.2101993444444,-0.427884052340716,-0.427883696113592
2022-06-11 06:00:00,1928.25,-18.7632639193309,-0.356923913831909,-0.356923558008841
2022-06-11 07:00:00,1928.29166666667,-19.0431725307978,-0.401987297220106,-0.40198694220532
2022-06-11 07:30:00,1928.3125,-18.665807658547,-0.34210955079828,-0.34210919618772
2022-06-11 08:00:00,1928.33333333333,-18.5843966691803,-0.329377387118137,-0.329377032911869
2022-06-13 14:30:00,1930.60416666667,-16.2068888878788,0.0240648219561173,0.0240651317670316
2022-06-13 15:00:00,1930.625,-15.9489613093394,0.0649254395793729,0.0649257489801485
2022-06-13 16:00:00,1930.66666666667,-17.2169814315399,-0.137525675127126,-0.137525366546782
2022-06-13 17:00:00,1930.70833333333,-16.9711240631481,-0.0988146811319892,-0.0988143733722682
2022-06-13 17:30:00,1930.72916666667,-17.3642885442308,-0.161673065616554,-0.161672758267219
2022-06-13 18:00:00,1930.75,-17.4353953993103,-0.173227354391425,-0.17322704745252
2022-06-13 18:30:00,1930.77083333333,-16.9184758302974,-0.0911085278273743,-0.0911082212989514
2022-06-13 19:30:00,1930.8125,-16.4619795336431,-0.0188417444795783,-0.01884143877226
2022-06-13 20:00:00,1930.83333333333,-16.6831730144231,-0.0543045967275751,-0.0543042914308833
2022-06-13 20:30:00,1930.85416666667,-16.1689036635321,0.0273923915666565,0.0273926964526785
2022-06-13 21:00:00,1930.875,-17.0303617844156,-0.1100649035892,-0.110064599113896
2022-06-13 22:00:00,1930.91666666667,-18.8333047149533,-0.39772754474816,-0.397727241094444
2022-06-13 22:30:00,1930.9375,-19.268230675,-0.467237703957572,-0.467237400714717
2022-06-13 23:00:00,1930.95833333333,-18.6243217995402,-0.364888616890835,-0.364888314058892
2022-06-13 23:30:00,1930.97916666667,-17.3777365831169,-0.166532671968444,-0.166532369547461
2022-06-14 00:30:00,1931.02083333333,-17.4671148085185,-0.181222370606864,-0.181222069007938
2022-06-14 01:00:00,1931.04166666667,-17.6960873504854,-0.21792357269318,-0.217923271505352
2022-06-14 01:30:00,1931.0625,-17.4353531736239,-0.176614058343588,-0.176613757566908
2022-06-14 02:00:00,1931.08333333333,-17.0979610794444,-0.123092796779568,-0.123092496414085
2022-06-14 03:00:00,1931.125,-16.9714611012963,-0.103392081418282,-0.103391781875322
2022-06-14 03:30:00,1931.14583333333,-18.0985480759615,-0.28316312326767,-0.28316282413605
2022-06-14 04:00:00,1931.16666666667,-17.9177775674312,-0.254591447112489,-0.254591148392247
2022-06-14 04:30:00,1931.1875,-18.8148499905556,-0.397720833860289,-0.397720535551473
2022-06-14 05:30:00,1931.22916666667,-19.6311150543599,-0.528202400044049,-0.528202102558231
2022-06-14 06:00:00,1931.25,-19.1726990291262,-0.455401249098473,-0.455400952024219
2022-06-14 06:30:00,1931.27083333333,-18.9847345796339,-0.425683140971802,-0.425682844309164
2022-06-14 07:00:00,1931.29166666667,-19.3107611298148,-0.477844079903884,-0.477843783652903
2022-06-14 08:00:00,1931.33333333333,-18.8512222111111,-0.405088295177767,-0.405087999750246
2022-06-14 08:30:00,1931.35416666667,-19.0842038320388,-0.442426850735476,-0.44242655571975
2022-06-14 09:00:00,1931.375,-18.3209677957105,-0.321067134974241,-0.321066840370355
2022-06-14 09:30:00,1931.39583333333,-17.6199518457407,-0.209619036795768,-0.209618742603778
2022-06-14 10:30:00,1931.4375,-16.4734063165121,-0.0274217418397494,-0.0274214484716689
2022-06-14 11:00:00,1931.45833333333,-18.426474810101,-0.338770932077036,-0.338770639120983
2022-06-14 11:30:00,1931.47916666667,-18.3493363627002,-0.326706619051588,-0.326706326507608
2022-06-14 12:00:00,1931.5,-19.924497621934,-0.577854743265724,-0.577854451133858
2022-06-14 15:30:00,1931.64583333333,-22.2614906791822,-0.951703644974581,-0.951703355728799
2022-06-14 16:30:00,1931.6875,-21.120380960401,-0.770370193701502,-0.770369905280713
2022-06-14 17:00:00,1931.70833333333,-21.2880934834532,-0.797309859076385,-0.797309571068168
2022-06-14 17:30:00,1931.72916666667,-21.038169119145,-0.757719582750484,-0.757719295154875
2022-06-14 18:30:00,1931.77083333333,-20.450328986803,-0.664521675203559,-0.664521388433302
2022-06-14 19:00:00,1931.79166666667,-21.0678919781407,-0.763122493090285,-0.763122206732769
2022-06-14 19:30:00,1931.8125,-20.3002661417266,-0.641061653633101,-0.641061367688374
2022-06-14 20:00:00,1931.83333333333,-20.1789349330855,-0.621955922991692,-0.621955637459799
2022-06-14 21:00:00,1931.875,-19.3450335133829,-0.489559404287032,-0.489559119580929
2022-06-14 21:30:00,1931.89583333333,-18.673957393985,-0.382878654620958,-0.382878370327823
2022-06-14 22:00:00,1931.91666666667,-18.565187028777,-0.365773526075487,-0.365773242195356
2022-06-14 22:30:00,1931.9375,-19.3487713782528,-0.4908210538858,-0.490820770418717
2022-06-14 23:30:00,1931.97916666667,-18.5550594998141,-0.364825884157224,-0.364825601516377
2022-06-15,1932,-18.8614586451128,-0.413857205626183,-0.413856923398515
2022-06-15 00:30:00,1932.02083333333,-18.7650001273381,-0.398712925985817,-0.398712644171375
2022-06-15 01:00:00,1932.04166666667,-18.2784517210037,-0.321426960811812,-0.321426679410635
2022-06-15 02:00:00,1932.08333333333,-18.8052620747212,-0.405791051238338,-0.405790770663828
2022-06-15 02:30:00,1932.10416666667,-19.2587186125628,-0.478248282671085,-0.47824800250997
2022-06-15 03:00:00,1932.125,-18.8946544884892,-0.420473800813789,-0.420473521066115
2022-06-15 03:30:00,1932.14583333333,-19.1452676665428,-0.460617764776372,-0.460617485442183
2022-06-15 04:30:00,1932.1875,-20.0034683579926,-0.59777169631176,-0.59777141780466
2022-06-15 05:00:00,1932.20833333333,-19.9720401102757,-0.592985996434039,-0.592985718340555
2022-06-15 05:30:00,1932.22916666667,-19.8206713564286,-0.569093600440643,-0.56909332276081
2022-06-15 06:00:00,1932.25,-19.2485231734694,-0.478170652888985,-0.478170375622845
2022-06-15 07:00:00,1932.29166666667,-19.5669573493506,-0.529338514846984,-0.529338238408361
2022-06-15 07:30:00,1932.3125,-19.5980175107769,-0.534506824026878,-0.53450654800208
2022-06-15 08:00:00,1932.33333333333,-19.3486357257143,-0.495000442804261,-0.495000167193329
2022-06-15 08:30:00,1932.35416666667,-19.8588701289425,-0.576501375259688,-0.57650110006266
2022-06-15 09:30:00,1932.39583333333,-19.9012437091116,-0.583691707707741,-0.583691433338656
2022-06-15 10:00:00,1932.41666666667,-19.4660576233083,-0.514586216638655,-0.514585942683599
2022-06-15 10:30:00,1932.4375,-19.4548570814286,-0.513021837641221,-0.513021564100237
2022-06-15 11:00:00,1932.45833333333,-18.9767161586271,-0.437073434192798,-0.437073161065936
2022-06-15 12:00:00,1932.5,-18.8959796053803,-0.424651353664717,-0.424651081366206
2022-06-15 12:30:00,1932.52083333333,-19.1805514145363,-0.470203369025661,-0.470203097141391
2022-06-15 13:00:00,1932.54166666667,-19.0202929078571,-0.444893508991484,-0.444893237521492
2022-06-15 13:30:00,1932.5625,-19.7016572968165,-0.553654689437044,-0.553654418381377
2022-06-15 17:00:00,1932.70833333333,-18.0616308237477,-0.293930252118265,-0.293929983964007
2022-06-15 17:30:00,1932.72916666667,-19.3746848474672,-0.503319335947095,-0.503319068207483
2022-06-15 18:30:00,1932.77083333333,-18.4103265296846,-0.35013338035909,-0.350133113448899
2022-06-15 19:30:00,1932.8125,-18.1004433884972,-0.301205433946285,-0.301205167865674
2022-06-15 20:00:00,1932.83333333333,-18.565165125603,-0.375454135598275,-0.375453869932517
2022-06-15 21:00:00,1932.875,-17.9562077959184,-0.278882925587414,-0.278882660751478
2022-06-15 22:00:00,1932.91666666667,-17.3509406170686,-0.182899204529819,-0.182898940523864
2022-06-15 22:30:00,1932.9375,-17.6102296627778,-0.224421888247974,-0.224421624657068
2022-06-15 23:30:00,1932.97916666667,-18.13127596,-0.307860176319703,-0.307859913559021
2022-06-16 00:30:00,1933.02083333333,-18.9616536703704,-0.440574824288062,-0.440574562357756
2022-06-16 01:00:00,1933.04166666667,-19.4156111385185,-0.513107882725923,-0.513107621210868
2022-06-16 02:00:00,1933.08333333333,-19.8128314698148,-0.576819717345431,-0.57681945666099
2022-06-16 03:00:00,1933.125,-20.6863060818182,-0.716398843391924,-0.716398583538253
2022-06-16 03:30:00,1933.14583333333,-20.2080778072222,-0.640433602075668,-0.640433342637443
2022-06-16 04:30:00,1933.1875,-19.0235685068519,-0.452173886063022,-0.452173627455796
2022-06-16 05:30:00,1933.22916666667,-18.6936926092593,-0.40005752546168,-0.400057267685617
2022-06-16 06:00:00,1933.25,-19.8141722187037,-0.578767147051023,-0.578766889690595
2022-06-16 07:00:00,1933.29166666667,-20.3170389038889,-0.65930673998396,-0.659306483454926
2022-06-16 08:00:00,1933.33333333333,-20.4580462959259,-0.682201531991815,-0.682201276294324
2022-06-16 08:30:00,1933.35416666667,-20.0760166433333,-0.621559908255354,-0.621559652973689
2022-06-16 09:30:00,1933.39583333333,-19.5817481781481,-0.543254266410243,-0.543254011960355
2022-06-16 10:30:00,1933.4375,-18.9336129764815,-0.440437185997624,-0.440436932379654
2022-06-16 11:00:00,1933.45833333333,-19.2631148009259,-0.49314258815855,-0.493142334956605
2022-06-16 12:00:00,1933.5,-20.707935152037,-0.723734286304177,-0.723734033934377
2022-06-16 13:00:00,1933.54166666667,-21.2756129842593,-0.814596196330556,-0.81459594479306
2022-06-16 13:30:00,1933.5625,-20.7879352448148,-0.737123862443177,-0.737123611321885
2022-06-16 14:30:00,1933.60416666667,-20.9865833192593,-0.769198530863552,-0.769198280574783
2022-06-16 18:00:00,1933.75,-18.3900056134078,-0.357063630114704,-0.357063382740933
2022-06-16 18:30:00,1933.77083333333,-18.2349750689751,-0.33258133493215,-0.33258108797496
2022-06-16 22:30:00,1933.9375,-16.421115006308,-0.0453423438286125,-0.0453421002053228
2022-06-16 23:30:00,1933.97916666667,-16.367300583859,-0.0371963208173933,-0.0371960780279439
2022-06-17,1934,-16.1865614614035,-0.00861764072249116,-0.00861739835001107
2022-06-17 00:30:00,1934.02083333333,-16.0725576258824,0.00933015064367593,0.00933039259914292
2022-06-17 01:00:00,1934.04166666667,-15.8508311469388,0.0444383262840091,0.0444385678224357
2022-06-17 02:00:00,1934.08333333333,-15.8017866465677,0.0518253991337234,0.0518256398379587
2022-06-17 02:30:00,1934.10416666667,-15.9342719385965,0.0305076572890455,0.0305078975761345
2022-06-17 03:00:00,1934.125,-15.8487552992941,0.0439178691985312,0.0439181090684346
2022-06-17 03:30:00,1934.14583333333,-15.9719518474074,0.0240800115371457,0.024080250989828
2022-06-17 04:30:00,1934.1875,-15.7263425924074,0.0627808934649792,0.0627811320831192
2022-06-17 05:00:00,1934.20833333333,-15.5475438412281,0.0910513739542292,0.0910516121550438
2022-06-17 05:30:00,1934.22916666667,-15.4907793368545,0.0998818021624662,0.0998820399459246
2022-06-17 06:00:00,1934.25,-15.2312870388889,0.141007003231272,0.141007240597335
2022-06-17 07:00:00,1934.29166666667,-14.9407240801852,0.18686994684294,0.186870183374114
2022-06-17 07:30:00,1934.3125,-14.7756579,0.212953271442951,0.212953507556626
2022-06-17 08:00:00,1934.33333333333,-14.7276126819249,0.220395163732408,0.220395399428554
2022-06-17 08:30:00,1934.35416666667,-14.6573073940741,0.231383191649761,0.231383426928344
2022-06-17 09:30:00,1934.39583333333,-14.5385777562963,0.24987387036142,0.249874104804766
2022-06-17 10:00:00,1934.41666666667,-14.4108508403509,0.270009476647183,0.270009710672863
2022-06-17 10:30:00,1934.4375,-14.3697957530516,0.276338289406684,0.276338523014657
2022-06-17 11:00:00,1934.45833333333,-14.0671851861111,0.32433316772464,0.32433340091488
2022-06-17 12:00:00,1934.5,-13.8109148351852,0.364735087602068,0.364735319956736
2022-06-17 12:30:00,1934.52083333333,-13.6378596324561,0.392091976204208,0.392092208141037
2022-06-17 13:00:00,1934.54166666667,-13.5960305335681,0.398544543537687,0.398544775056648
2022-06-17 13:30:00,1934.5625,-13.6405277901852,0.391245351625442,0.391245582726497
2022-06-17 15:00:00,1934.625,-13.5067550914657,0.411923742248926,0.411923972096068
2022-06-17 15:30:00,1934.64583333333,-13.2793981388889,0.447931483905886,0.447931713334993
2022-06-17 19:00:00,1934.79166666667,-21.0525833187037,-0.791812603760274,-0.791812377258347
2022-06-17 19:30:00,1934.8125,-20.9677719289474,-0.778511743283478,-0.778511517199852
2022-06-17 20:00:00,1934.83333333333,-20.6208705637647,-0.723459671202264,-0.723459445536968
2022-06-17 20:30:00,1934.85416666667,-20.7443543400742,-0.743340197050671,-0.74333997180374
2022-06-17 21:30:00,1934.89583333333,-19.9334508487941,-0.614581361619851,-0.614581137209745
2022-06-17 22:00:00,1934.91666666667,-20.9420614403509,-0.775462947739239,-0.775462723747591
2022-06-17 22:30:00,1934.9375,-20.9787929263529,-0.781523406466498,-0.781523182893349
2022-06-17 23:00:00,1934.95833333333,-20.4361280205937,-0.695285514555173,-0.695285291400546
2022-06-18,1935,-20.4159647710575,-0.692491250968584,-0.692491028651102
2022-06-18 00:30:00,1935.02083333333,-21.0357982763158,-0.791439912345609,-0.791439690446749
2022-06-18 01:00:00,1935.04166666667,-20.6374952882629,-0.728198611271017,-0.728198389790806
2022-06-18 01:30:00,1935.0625,-20.6379092494444,-0.728473113616401,-0.728472892554875
2022-06-18 02:30:00,1935.10416666667,-19.9484000090741,-0.619050640290293,-0.619050420066228
2022-06-18 03:00:00,1935.125,-20.4523158307018,-0.69953307408988,-0.699532854284594
2022-06-18 03:30:00,1935.14583333333,-20.5129202086854,-0.709395586493255,-0.709395367106775
2022-06-18 04:00:00,1935.16666666667,-20.3605268805195,-0.685327320441688,-0.685327101474046
2022-06-18 05:00:00,1935.20833333333,-20.4078793892393,-0.693286533903761,-0.693286315773895
2022-06-18 05:30:00,1935.22916666667,-20.8636140482456,-0.766093215660749,-0.766092997949813
2022-06-18 06:00:00,1935.25,-20.4775188084507,-0.704795701195473,-0.704795483903503
2022-06-18 06:30:00,1935.27083333333,-21.73919263,-0.90598888393056,-0.905988667057586
2022-06-18 07:30:00,1935.3125,-22.5059833390741,-1.0285541990836,-1.02855398304871
2022-06-18 08:00:00,1935.33333333333,-22.3657105947368,-1.00641601650164,-1.00641580088583
2022-06-18 08:30:00,1935.35416666667,-22.0015140793427,-0.948606525277502,-0.948606310080811
2022-06-18 09:00:00,1935.375,-22.0084036962963,-0.949911228198276,-0.949911013420733
2022-06-18 10:00:00,1935.41666666667,-22.0254351905556,-0.953038445569626,-0.953038231630464
2022-06-18 10:30:00,1935.4375,-22.0817719342105,-0.962219835187935,-0.962219621668016
2022-06-18 11:00:00,1935.45833333333,-22.1444811784038,-0.972416276668997,-0.972416063568343
2022-06-18 11:30:00,1935.47916666667,-22.2078074387037,-0.982710917203416,-0.982710704522058
2022-06-18 12:30:00,1935.52083333333,-22.2101425757407,-0.983496073965763,-0.983495862123093
2022-06-18 13:00:00,1935.54166666667,-21.7931929622807,-0.917282148280105,-0.917281936856819
2022-06-18 13:30:00,1935.5625,-22.0774366164319,-0.962768719046915,-0.962768508043047
2022-06-18 14:30:00,1935.60416666667,-23.1820148851024,-1.13914125708077,-1.13914104691582
2022-06-18 15:30:00,1935.64583333333,-23.1712453433085,-1.13783772291199,-1.13783751358608
2022-06-18 16:00:00,1935.66666666667,-22.911635644186,-1.09668760466514,-1.0966873957588
2022-06-18 16:30:00,1935.6875,-22.7509633244499,-1.07129818933859,-1.07129798085184
2022-06-18 17:00:00,1935.70833333333,-22.4537734953061,-1.02416134486215,-1.02416113679502
2022-06-18 20:30:00,1935.85416666667,-22.1230371994424,-0.97291218250512,-0.97291197737615
2022-06-18 21:00:00,1935.875,-22.5521210289809,-1.04147051115949,-1.04147030645037
2022-06-18 21:30:00,1935.89583333333,-22.4731422942222,-1.02909401767257,-1.02909381338333
2022-06-18 22:00:00,1935.91666666667,-23.1938905534323,-1.1441145132124,-1.14411430934306
2022-06-18 23:00:00,1935.95833333333,-25.6070834602968,-1.52894715543061,-1.52894695240118
2022-06-19 05:30:00,1936.22916666667,-25.4975815005556,-1.51415473852726,-1.51415454095989
2022-06-19 06:30:00,1936.27083333333,-24.7347278011111,-1.3930381010389,-1.39303790431226
2022-06-19 07:00:00,1936.29166666667,-24.2480159149682,-1.31570766115124,-1.31570746484499
2022-06-19 07:30:00,1936.3125,-24.1609955504425,-1.30204827317776,-1.30204807729195
2022-06-19 08:00:00,1936.33333333333,-23.829643793321,-1.24946662663167,-1.24946643116632
2022-06-19 09:00:00,1936.375,-23.4902647864815,-1.19580887912691,-1.19580868450255
2022-06-19 09:30:00,1936.39583333333,-23.2694057361022,-1.16082852017867,-1.16082832597484
2022-06-19 10:00:00,1936.41666666667,-23.3499911075221,-1.17386837980512,-1.17386818602185
2022-06-19 10:30:00,1936.4375,-23.1381092457407,-1.14031790692209,-1.14031771355941
2022-06-19 11:30:00,1936.47916666667,-22.9065862693878,-1.10384076968104,-1.10384057715962
2022-06-19 12:00:00,1936.5,-22.7932866235669,-1.08599423431356,-1.08599404221281
2022-06-19 12:30:00,1936.52083333333,-22.6251238902655,-1.05940787654109,-1.05940768486103
2022-06-19 13:00:00,1936.54166666667,-22.4555925877778,-1.03260341132987,-1.03260322007053
2022-06-19 14:30:00,1936.60416666667,-22.9346840572491,-1.10952844145865,-1.10952825146162
2022-06-19 15:00:00,1936.625,-22.7087592169753,-1.07374007156216,-1.07373988198596
2022-06-19 15:30:00,1936.64583333333,-23.035299046729,-1.12595962488039,-1.12595943572503
2022-06-19 16:00:00,1936.66666666667,-22.8506927242086,-1.0967531373255,-1.09675294859102
2022-06-19 17:00:00,1936.70833333333,-22.800368002974,-1.08913895562233,-1.08913876772966
2022-06-19 17:30:00,1936.72916666667,-21.902592557716,-0.946323836387426,-0.946323648915709
2022-06-19 18:00:00,1936.75,-21.7141448943925,-0.916505046061271,-0.916504859010533
2022-06-19 18:30:00,1936.77083333333,-21.6701558543599,-0.909698523983765,-0.909698337354024
2022-06-19 22:00:00,1936.91666666667,-21.1295343265306,-0.824981247289405,-0.824981063607347
2022-06-19 22:30:00,1936.9375,-19.997023790873,-0.644771722773779,-0.644771539512918
2022-06-19 23:00:00,1936.95833333333,-20.0336285228571,-0.650803001952763,-0.650802819113119
2022-06-19 23:30:00,1936.97916666667,-19.8533543675325,-0.622285225468673,-0.622285043050272
2022-06-20 00:30:00,1937.02083333333,-19.4879295153989,-0.564472554063054,-0.564472372487216
2022-06-20 01:00:00,1937.04166666667,-17.7610198675944,-0.289574356436872,-0.289574175282348
2022-06-20 01:30:00,1937.0625,-17.8058284771429,-0.296912049265663,-0.296911868532482
2022-06-20 02:00:00,1937.08333333333,-18.1772040910946,-0.356272005206121,-0.356271824894305
2022-06-20 03:00:00,1937.125,-18.8480778944341,-0.463541509711565,-0.463541330242548
2022-06-20 03:30:00,1937.14583333333,-19.2923551555556,-0.534514467813492,-0.534514288765908
2022-06-20 04:00:00,1937.16666666667,-19.2799165555556,-0.532732168703236,-0.532731990077112
2022-06-20 04:30:00,1937.1875,-20.0707123347222,-0.65890558600903,-0.658905407804389
2022-06-20 05:30:00,1937.22916666667,-20.5105083289425,-0.729363288655328,-0.729363111293717
2022-06-20 06:00:00,1937.25,-20.0608333152778,-0.657928539495423,-0.657928362555369
2022-06-20 06:30:00,1937.27083333333,-20.0579443027778,-0.657667025311529,-0.657666848793048
2022-06-20 07:00:00,1937.29166666667,-19.917948167037,-0.635564154103209,-0.635563978006323
2022-06-20 08:00:00,1937.33333333333,-19.8511203866667,-0.625315384407388,-0.62531520915377
2022-06-20 08:30:00,1937.35416666667,-19.776049615873,-0.613554887137632,-0.613554712305678
2022-06-20 09:00:00,1937.375,-19.7993056444444,-0.617457824856728,-0.617457650446465
2022-06-20 09:30:00,1937.39583333333,-19.6451647189139,-0.593101206576437,-0.593101032587887
2022-06-20 10:30:00,1937.4375,-20.0265565714286,-0.654253200420502,-0.654253027275443
2022-06-20 11:00:00,1937.45833333333,-20.3064186702381,-0.699033290586419,-0.699033117863137
2022-06-20 11:30:00,1937.47916666667,-20.3870833666667,-0.712080997661767,-0.712080825360283
2022-06-20 12:00:00,1937.5,-19.8876085734694,-0.632711974897095,-0.632711803017441
2022-06-20 13:00:00,1937.54166666667,-19.7690481240741,-0.614220264224093,-0.614220093188149
2022-06-20 14:00:00,1937.58333333333,-20.6227723466926,-0.750613818034568,-0.750613647842428
2022-06-20 14:30:00,1937.60416666667,-20.6299165083333,-0.751949083593224,-0.751948913823015
2022-06-20 15:00:00,1937.625,-21.1752131459016,-0.839012328417914,-0.839012159069662
2022-06-20 16:00:00,1937.66666666667,-21.0069553540892,-0.812602659252158,-0.812602490747881
2022-06-20 16:30:00,1937.6875,-20.7777231670565,-0.776282624519854,-0.7762824564376
2022-06-20 17:00:00,1937.70833333333,-19.914652273913,-0.638991536134629,-0.638991368474414
2022-06-20 17:30:00,1937.72916666667,-20.4130892752788,-0.718589533449309,-0.718589366211155
2022-06-20 18:30:00,1937.77083333333,-19.8240539144981,-0.625148748522711,-0.625148582128749
2022-06-20 19:00:00,1937.79166666667,-20.2887023392996,-0.699363916756567,-0.69936375078473
2022-06-20 19:30:00,1937.8125,-20.0355416125,-0.659231479238607,-0.659231313688919
2022-06-20 20:00:00,1937.83333333333,-19.4334550541199,-0.563514812431561,-0.563514647304043
2022-06-20 23:00:00,1937.95833333333,-18.560868659596,-0.425686093620181,-0.425685931026108
2022-06-20 23:30:00,1937.97916666667,-18.6826613543182,-0.445283243620824,-0.445283081449062
2022-06-21,1938,-16.9905788862709,-0.175928688802356,-0.175928527052932
2022-06-21 01:00:00,1938.04166666667,-18.0317439959184,-0.342177532230141,-0.342177371325441
2022-06-21 01:30:00,1938.0625,-18.5381918828283,-0.423050148385824,-0.423049987903523
2022-06-21 02:00:00,1938.08333333333,-18.7607522881818,-0.45869919058761,-0.458699030527721
2022-06-21 02:30:00,1938.10416666667,-19.0691391697588,-0.508020356487019,-0.508020196849562
2022-06-21 03:30:00,1938.14583333333,-18.7490816276438,-0.457424505892917,-0.45742434710039
2022-06-21 04:00:00,1938.16666666667,-18.8614646282828,-0.475521827449874,-0.475521669079838
2022-06-21 04:30:00,1938.1875,-19.0692131537415,-0.508810849862631,-0.50881069191511
2022-06-21 05:00:00,1938.20833333333,-18.9307092537037,-0.486941518035309,-0.486941360510318
2022-06-21 06:00:00,1938.25,-19.0916185425926,-0.512963073227272,-0.512962916547407
2022-06-21 06:30:00,1938.27083333333,-19.0194444575758,-0.501659841916691,-0.501659685659414
2022-06-21 07:00:00,1938.29166666667,-19.0520748390023,-0.507051941483273,-0.507051785648603
2022-06-21 07:30:00,1938.3125,-18.5873357959184,-0.433212640752281,-0.433212485340246
2022-06-21 08:30:00,1938.35416666667,-18.5389907374074,-0.425898873524996,-0.425898718958271
2022-06-21 09:00:00,1938.375,-18.2687878676768,-0.383049037437876,-0.383048883293838
2022-06-21 09:30:00,1938.39583333333,-18.1149272370455,-0.358732507532798,-0.358732353811467
2022-06-21 10:00:00,1938.41666666667,-17.6728444340741,-0.288501883935983,-0.288501730637373
2022-06-21 11:00:00,1938.45833333333,-16.9221796698148,-0.169307129111983,-0.169306976658875
2022-06-21 11:30:00,1938.47916666667,-16.0582020050505,-0.0318680653789226,-0.0318679133485958
2022-06-21 12:00:00,1938.5,-16.0422879954649,-0.0295260521825155,-0.0295259005749878
2022-06-21 12:30:00,1938.52083333333,-16.0981763266667,-0.0386221073896391,-0.0386219562049253
2022-06-21 14:00:00,1938.58333333333,-17.8524907819703,-0.318664091083047,-0.318663941166892
2022-06-21 14:30:00,1938.60416666667,-16.9205688889908,-0.170400888250595,-0.170400738757326
2022-06-21 15:00:00,1938.625,-16.3882587850816,-0.0857960330662093,-0.0857958839958485
2022-06-21 15:30:00,1938.64583333333,-16.103968404461,-0.0407008010966801,-0.0407006524492453
2022-06-21 16:30:00,1938.6875,-14.9358715018622,0.144993300509754,0.144993448311287
2022-06-21 17:00:00,1938.70833333333,-15.5740825697248,0.0431336804818445,0.0431338278604022
2022-06-21 17:30:00,1938.72916666667,-15.6667832356643,0.0281743533502309,0.0281745003057916
2022-06-21 18:00:00,1938.75,-15.7676480309125,0.011914570651741,0.0119147171842876
2022-06-21 19:00:00,1938.79166666667,-15.62239405,0.0346700244357188,0.0346701701221921
2022-06-21 19:30:00,1938.8125,-16.0754128706422,-0.0376878578156378,-0.0376877125522347
2022-06-21 20:00:00,1938.83333333333,-16.3735967776224,-0.0853803315092342,-0.0853801866689109
2022-06-21 20:30:00,1938.85416666667,-15.3260576087361,0.0813019386419547,0.0813020830591812
2022-06-21 21:30:00,1938.89583333333,-14.9948011250929,0.13368868579801,0.133688829368984
2022-06-22 00:30:00,1939.02083333333,-14.7880208215278,0.165483304784792,0.165483445816619
2022-06-22 01:00:00,1939.04166666667,-14.9680486271255,0.136614145470163,0.136614286078743
2022-06-22 01:30:00,1939.0625,-13.8874841798883,0.308558329300749,0.308558469486057
2022-06-22 02:30:00,1939.10416666667,-13.0235669187732,0.445800246163543,0.445800385502276
2022-06-22 03:00:00,1939.125,-13.2549097166667,0.408756957787736,0.408757096703154
2022-06-22 03:30:00,1939.14583333333,-13.0413467592742,0.442587570695543,0.442587709187629
2022-06-22 04:00:00,1939.16666666667,-12.6356771983302,0.507020999386608,0.50702113745535
2022-06-22 05:00:00,1939.20833333333,-12.4021007395522,0.543850141423873,0.543850278645875
2022-06-22 05:30:00,1939.22916666667,-12.2087059131488,0.574468343021942,0.57446847982055
2022-06-22 06:00:00,1939.25,-12.1489402434263,0.583799421120877,0.583799557496074
2022-06-22 06:30:00,1939.27083333333,-12.1298494550186,0.586651058237026,0.586651194188801
2022-06-22 07:30:00,1939.3125,-12.024266296648,0.603091742706499,0.603091877811375
2022-06-22 08:00:00,1939.33333333333,-12.0557526341463,0.597886697700792,0.5978868323822
2022-06-22 08:30:00,1939.35416666667,-11.9315180967871,0.617488196114428,0.617488330372353
2022-06-22 09:00:00,1939.375,-12.0327142994434,0.60117851334682,0.601178647181242
2022-06-22 10:00:00,1939.41666666667,-12.2390703611111,0.567928025014921,0.567928158002296
2022-06-22 10:30:00,1939.4375,-12.2495328930796,0.566072571368899,0.566072703932727
2022-06-22 11:00:00,1939.45833333333,-12.1356892478088,0.584019277483425,0.58401940962369
2022-06-22 11:30:00,1939.47916666667,-12.1568611038889,0.580458014668767,0.580458146385459
2022-06-22 12:30:00,1939.52083333333,-12.039070635316,0.598845269320174,0.598845400189671
2022-06-22 13:30:00,1939.5625,-11.947585594863,0.613042438442848,0.61304256846509
2022-06-22 14:00:00,1939.58333333333,-11.9889836587755,0.60625961122781,0.606259740826405
2022-06-22 14:30:00,1939.60416666667,-12.0586553181818,0.594972877110515,0.594973006285451
2022-06-22 15:30:00,1939.64583333333,-12.286689726729,0.55827114619169,0.558271274519255
2022-06-22 16:00:00,1939.66666666667,-12.5989966047619,0.50833273969537,0.508332867599232
2022-06-22 16:30:00,1939.6875,-12.5966775591837,0.508514564826784,0.508514692306927
2022-06-22 17:00:00,1939.70833333333,-12.7739180690875,0.480092521639382,0.48009264869579
2022-06-22 18:00:00,1939.75,-12.8523643039033,0.467221265422509,0.467221391631411
2022-06-22 18:30:00,1939.77083333333,-12.6858231421769,0.493564179895346,0.493564305680476
2022-06-22 19:00:00,1939.79166666667,-12.708146955102,0.489820866221912,0.489820991583258
2022-06-22 19:30:00,1939.8125,-12.5094208471136,0.52129106021999,0.52129118515753
2022-06-22 20:30:00,1939.85416666667,-12.4231814712963,0.534655312392913,0.534655436482815
2022-06-22 21:00:00,1939.875,-12.6408634593857,0.499791691174087,0.499791814840143
2022-06-22 21:30:00,1939.89583333333,-12.6815713987755,0.493120259781693,0.493120383023897
2022-06-22 22:00:00,1939.91666666667,-12.7464133964618,0.482604353080811,0.48260447589915
2022-06-22 23:00:00,1939.95833333333,-12.7033908996205,0.489085099676606,0.489085221647168
2022-06-23 02:00:00,1940.08333333333,-13.0301345660455,0.435918637109431,0.43591875653637
2022-06-23 02:30:00,1940.10416666667,-13.0159817545455,0.437987537858886,0.437987656861845
2022-06-23 03:00:00,1940.125,-12.999993081106,0.440348990390432,0.440349108969392
2022-06-23 04:00:00,1940.16666666667,-13.0150111324675,0.437585788014879,0.437585905745818
2022-06-23 04:30:00,1940.1875,-13.0662747805785,0.429234190796213,0.42923430810312
2022-06-23 05:00:00,1940.20833333333,-13.0440909072727,0.43258293398395,0.432583050866814
2022-06-23 05:30:00,1940.22916666667,-13.0386716005566,0.433261167515687,0.433261283974499
2022-06-23 06:30:00,1940.27083333333,-12.9830686467532,0.441748919430185,0.441749035040853
2022-06-23 07:00:00,1940.29166666667,-12.9534627989669,0.446280379726475,0.446280494913055
2022-06-23 07:30:00,1940.3125,-12.9785357178571,0.442101571293848,0.442101686056322
2022-06-23 08:00:00,1940.33333333333,-13.0190462911111,0.435463631389528,0.435463745727891
2022-06-23 09:00:00,1940.375,-13.2412389035185,0.399699329976024,0.399699443466123
2022-06-23 09:30:00,1940.39583333333,-13.292409085124,0.391363600686901,0.391363713752856
2022-06-23 10:00:00,1940.41666666667,-13.2872499910714,0.392001263258618,0.392001375900417
2022-06-23 10:30:00,1940.4375,-13.4930723829314,0.359029522373078,0.359029634590706
2022-06-23 11:30:00,1940.47916666667,-13.5724296211111,0.346019978213297,0.346020089582553
2022-06-23 12:00:00,1940.5,-13.5791218890496,0.344770102566435,0.344770213511488
2022-06-23 12:30:00,1940.52083333333,-13.5053035982143,0.356345714578914,0.356345825099755
2022-06-23 13:30:00,1940.5625,-13.3552806702602,0.379877379704794,0.379877489377173
2022-06-23 14:30:00,1940.60416666667,-13.1117802452514,0.418300469645355,0.418300578469238
2022-06-23 15:00:00,1940.625,-12.7561396688259,0.474771064063109,0.47477117246272
2022-06-23 15:30:00,1940.64583333333,-12.7880909409091,0.469498098289423,0.46949820626476
2022-06-23 16:00:00,1940.66666666667,-12.6241077899628,0.495437724398823,0.495437831949874
2022-06-23 17:00:00,1940.70833333333,-12.6961709862454,0.48359228661829,0.483592393320734
2022-06-23 17:30:00,1940.72916666667,-13.0855627238866,0.421379192499978,0.421379298778106
2022-06-23 18:00:00,1940.75,-12.9013864113636,0.450535997022751,0.45053610287655
2022-06-23 18:30:00,1940.77083333333,-12.7840929488848,0.469038414132683,0.469038519562147
2022-06-23 19:30:00,1940.8125,-12.5291579750929,0.509285002349871,0.509285106930628
2022-06-23 20:00:00,1940.83333333333,-12.8679878589069,0.455126939767834,0.455127043924226
2022-06-23 20:30:00,1940.85416666667,-12.838386275,0.45966037176736,0.459660475499378
2022-06-23 21:00:00,1940.875,-12.1763966396648,0.564933770783069,0.564933874090696
2022-06-23 22:00:00,1940.91666666667,-12.1921264027881,0.562064257985868,0.562064360444699
2022-06-23 22:30:00,1940.9375,-12.2417206410931,0.553982133098033,0.553982235132449
2022-06-23 23:00:00,1940.95833333333,-12.1347727363636,0.570837382067104,0.570837483677096
2022-06-23 23:30:00,1940.97916666667,-12.0157639343866,0.589614039214385,0.589614140399946
2022-06-24 00:30:00,1941.02083333333,-11.7028457356877,0.639099367753356,0.639099468090026
2022-06-24 03:30:00,1941.14583333333,-12.8800129805195,0.450489861531794,0.450489959321576
2022-06-24 04:30:00,1941.1875,-12.8251263817844,0.458872152079322,0.458872249020074
2022-06-24 05:00:00,1941.20833333333,-12.820506335443,0.459427685149281,0.459427781665503
2022-06-24 05:30:00,1941.22916666667,-12.7972412828261,0.462953479949032,0.462953576040721
2022-06-24 06:00:00,1941.25,-12.772205938961,0.466761382339028,0.466761478006171
2022-06-24 07:00:00,1941.29166666667,-12.6686901651206,0.482891324409134,0.482891419227166
2022-06-24 07:30:00,1941.3125,-12.7312784772152,0.472741012714252,0.472741107107715
2022-06-24 08:00:00,1941.33333333333,-12.7044034806941,0.476842369035051,0.47684246300394
2022-06-24 08:30:00,1941.35416666667,-12.6963888844444,0.47793934915938,0.477939442703687
2022-06-24 09:30:00,1941.39583333333,-12.8216555481481,0.457625075769341,0.457625168464456
2022-06-24 10:00:00,1941.41666666667,-12.7877468101266,0.462847308454371,0.462847400724881
2022-06-24 10:30:00,1941.4375,-12.8051826206522,0.459890417001177,0.459890508847071
2022-06-24 11:00:00,1941.45833333333,-12.5277944187037,0.503899300579695,0.503899392000967
2022-06-24 12:00:00,1941.5,-12.5768905397032,0.495720040557011,0.495720131129019
2022-06-24 13:00:00,1941.54166666667,-12.5990224741573,0.491836591634356,0.491836681357072
2022-06-24 13:30:00,1941.5625,-12.5577416249443,0.498233901339859,0.498233990637918
2022-06-24 14:00:00,1941.58333333333,-12.5573160052045,0.498123043092001,0.498123131965398
2022-06-24 15:00:00,1941.625,-12.8864033475836,0.445342172711684,0.44534226073573
2022-06-24 15:30:00,1941.64583333333,-13.3072583820225,0.378121303230265,0.378121390829629
2022-06-24 16:00:00,1941.66666666667,-13.1597550142539,0.401440432765255,0.401440519939931
2022-06-24 16:30:00,1941.6875,-13.4206338362454,0.359704087048287,0.359704173798265
2022-06-24 17:30:00,1941.72916666667,-13.0241542734201,0.422507537168977,0.422507623069542
2022-06-24 18:00:00,1941.75,-12.8056966719101,0.457130124627629,0.457130210103476
2022-06-24 18:30:00,1941.77083333333,-13.1661986609375,0.399524135085007,0.39952422013613
2022-06-24 19:00:00,1941.79166666667,-12.2332806663569,0.547960972750701,0.547961057377098
2022-06-24 20:00:00,1941.83333333333,-12.929676586803,0.436669572547628,0.436669656324551
2022-06-24 20:30:00,1941.85416666667,-12.7195617820225,0.46996364426797,0.469963727620148
2022-06-24 21:00:00,1941.875,-12.6417950904232,0.482174666597756,0.482174749525177
2022-06-24 21:30:00,1941.89583333333,-12.9358382847584,0.435156208037735,0.435156290540401
2022-06-24 22:30:00,1941.9375,-14.1024609637546,0.248958345448871,0.248958427102001
2022-06-24 23:00:00,1941.95833333333,-14.1082697,0.24785614109307,0.247856222321427
2022-06-24 23:30:00,1941.97916666667,-13.9725991100223,0.26929179423767,0.269291875041249
2022-06-25,1942,-13.7556747104089,0.303671337075123,0.303671417453915
2022-06-25 01:00:00,1942.04166666667,-14.0802230446097,0.251617516784248,0.251617596313454
2022-06-25 01:30:00,1942.0625,-14.0339100808989,0.258818835355823,0.258818914460227
2022-06-25 02:00:00,1942.08333333333,-13.8305657106904,0.291035469042422,0.291035547722022
2022-06-25 05:00:00,1942.20833333333,-13.3140538116883,0.372260662834038,0.372260738964698
2022-06-25 06:00:00,1942.25,-13.636001845269,0.320623070511085,0.320623145792063
2022-06-25 06:30:00,1942.27083333333,-13.5261115286245,0.337953306286864,0.337953381142992
2022-06-25 07:00:00,1942.29166666667,-13.4816481474074,0.344861084562829,0.344861158994107
2022-06-25 07:30:00,1942.3125,-13.9081929584416,0.276737021316106,0.276737095322525
2022-06-25 08:30:00,1942.35416666667,-13.8119239424861,0.291722704646442,0.291722777803137
2022-06-25 09:00:00,1942.375,-14.0474237791822,0.25403254274298,0.254032615474805
2022-06-25 09:30:00,1942.39583333333,-14.2301000188889,0.224757317769195,0.224757390076149
2022-06-25 10:00:00,1942.41666666667,-14.1596326302412,0.23580815389506,0.23580822577714
2022-06-25 11:00:00,1942.45833333333,-13.7723240753704,0.297157645675701,0.297157716708013
2022-06-25 11:30:00,1942.47916666667,-14.0333494475836,0.255401748851703,0.25540181945913
2022-06-25 12:00:00,1942.5,-13.9700184343173,0.265316156316425,0.26531622649896
2022-06-25 13:00:00,1942.54166666667,-14.2916561213755,0.213730807477863,0.213730876810606
2022-06-25 14:00:00,1942.58333333333,-15.0881208003717,0.0865055809451907,0.0865056494281295
2022-06-25 14:30:00,1942.60416666667,-14.2562795716846,0.218844716711702,0.218844784769732
2022-06-25 15:00:00,1942.625,-14.1922664108108,0.228868393002754,0.228868460635872
2022-06-25 15:30:00,1942.64583333333,-15.2332007358736,0.0628732456238419,0.0628733128320487
2022-06-25 16:30:00,1942.6875,-14.5345408910781,0.173823428542157,0.173823494900525
2022-06-25 17:00:00,1942.70833333333,-14.2997634362007,0.211050380826869,0.211050446760318
2022-06-25 17:30:00,1942.72916666667,-14.4321775706564,0.189783551068862,0.189783616577388
2022-06-25 18:00:00,1942.75,-14.7294442343866,0.14225569615171,0.142255761235307
2022-06-25 19:00:00,1942.79166666667,-14.6935613315985,0.147626044067529,0.147626108301265
2022-06-25 19:30:00,1942.8125,-15.5825806673835,0.00583186743101138,0.00583193123981163
2022-06-25 20:00:00,1942.83333333333,-16.0406640459459,-0.067313802619281,-0.0673137392354154
2022-06-25 20:30:00,1942.85416666667,-13.2704535258364,0.373810153038018,0.373810215996943
2022-06-25 21:30:00,1942.89583333333,-12.8390037189591,0.442195598048091,0.442195660157132
2022-06-25 22:00:00,1942.91666666667,-13.7373369046595,0.298918221928035,0.298918283612133
2022-06-25 22:30:00,1942.9375,-13.6607876621622,0.310940414041923,0.310940475301069
2022-06-25 23:00:00,1942.95833333333,-13.5391579851301,0.330144052373339,0.330144113207538
2022-06-26,1943,-12.9584543653631,0.422306744135925,0.422306804120222
2022-06-26 00:30:00,1943.02083333333,-13.4193404795699,0.348715503125599,0.348715562684941
2022-06-26 01:00:00,1943.04166666667,-13.3640620069767,0.357349750519273,0.357349809653661
2022-06-26 01:30:00,1943.0625,-13.702117102974,0.303325780246735,0.303325838956165
2022-06-26 02:30:00,1943.10416666667,-13.7350726499069,0.297733137027781,0.297733194887293
2022-06-26 03:00:00,1943.125,-14.0551075419355,0.246580100930458,0.246580158365008
2022-06-26 03:30:00,1943.14583333333,-13.9978685394422,0.255527166814127,0.255527223823718
2022-06-26 06:30:00,1943.27083333333,-13.7553535808081,0.293135206113714,0.293135260573511
2022-06-26 07:00:00,1943.29166666667,-13.6490386434091,0.30990081096516,0.309900864999991
2022-06-26 07:30:00,1943.3125,-13.4854155909091,0.335795740659511,0.335795794269373
2022-06-26 08:30:00,1943.35416666667,-13.3397773521336,0.358655640729307,0.35865569348923
2022-06-26 09:00:00,1943.375,-13.3457474676768,0.35753456115454,0.357534613489493
2022-06-26 09:30:00,1943.39583333333,-13.3067022565909,0.363584556521735,0.36358460843172
2022-06-26 10:00:00,1943.41666666667,-12.8699016606679,0.432997370197561,0.432997421682578
2022-06-26 11:00:00,1943.45833333333,-12.7350426742115,0.454141140193156,0.454141190828231
2022-06-26 12:00:00,1943.5,-12.6198384060606,0.472154304831051,0.472154354616186
2022-06-26 12:30:00,1943.52083333333,-12.5317208077803,0.486022174451589,0.486022223811754
2022-06-26 13:00:00,1943.54166666667,-12.5997500283582,0.475015845637167,0.475015894572364
2022-06-26 14:00:00,1943.58333333333,-13.2628246434701,0.369049439152531,0.369049487237787
2022-06-26 14:30:00,1943.60416666667,-13.4817373323232,0.334007570329613,0.334007617989904
2022-06-26 15:00:00,1943.625,-13.4248077894737,0.342907667617495,0.342907714852817
2022-06-26 15:30:00,1943.64583333333,-13.6894123244403,0.300587258038987,0.300587304849345
2022-06-26 16:30:00,1943.6875,-13.7527518623134,0.290160092847468,0.290160138807892
2022-06-26 17:00:00,1943.70833333333,-13.7939394080808,0.283430473940379,0.28343051947584
2022-06-26 17:30:00,1943.72916666667,-13.6640641091533,0.303951390025106,0.303951435135606
2022-06-26 18:00:00,1943.75,-14.414147381903,0.184294378422377,0.184294423107911
2022-06-26 19:00:00,1943.79166666667,-14.0610876964552,0.240200923060968,0.240200966896585
2022-06-26 19:30:00,1943.8125,-14.0592727424242,0.240322141259138,0.240322184669795
2022-06-26 20:00:00,1943.83333333333,-14.1195537581236,0.230551528800767,0.230551571786465
2022-06-26 20:30:00,1943.85416666667,-13.0938283473881,0.393782617864558,0.393782660425304
2022-06-26 21:30:00,1943.89583333333,-12.9466642110075,0.416890871469262,0.416890913180101
2022-06-26 22:00:00,1943.91666666667,-12.8202727474747,0.436857725350154,0.436857766636044
2022-06-26 22:30:00,1943.9375,-12.6446796052632,0.464662543608174,0.46466258446911
2022-06-26 23:00:00,1943.95833333333,-12.1853414192164,0.537668251941747,0.537668292377737
2022-06-27,1944,-12.2728112102804,0.523400171373811,0.52340021095991
2022-06-27 00:30:00,1944.02083333333,-12.4029999878788,0.502494118718674,0.502494157879834
2022-06-27 01:00:00,1944.04166666667,-12.4429450805492,0.495964051472308,0.495964090208531
2022-06-27 01:30:00,1944.0625,-13.0152542005607,0.404628116168554,0.404628154479838
2022-06-27 02:30:00,1944.10416666667,-13.7996266545966,0.279343962585951,0.279344000047368
2022-06-27 03:00:00,1944.125,-14.508040430303,0.166326764291749,0.166326801328235
2022-06-27 03:30:00,1944.14583333333,-14.6486292826087,0.143764584087216,0.143764620698776
2022-06-27 04:00:00,1944.16666666667,-14.9957271014953,0.0883054799710441,0.0883055161576812
2022-06-27 08:00:00,1944.33333333333,-14.0238460085343,0.2418011203223,0.241801153109635
2022-06-27 08:30:00,1944.35416666667,-13.5102343203125,0.323454575066039,0.323454607428477
2022-06-27 09:00:00,1944.375,-13.4329073682105,0.335607661822438,0.33560769375998
2022-06-27 09:30:00,1944.39583333333,-13.0370742181818,0.398499115789118,0.39849914730177
2022-06-27 10:30:00,1944.4375,-12.7137087198516,0.449681678254737,0.449681708917614
2022-06-27 11:30:00,1944.47916666667,-12.4881621716216,0.485282021408883,0.485282051222006
2022-06-27 12:00:00,1944.5,-12.3144999969828,0.51278199190744,0.512782021295685
2022-06-27 12:30:00,1944.52083333333,-12.0646623465677,0.552416872531923,0.552416901495299
2022-06-27 13:30:00,1944.5625,-11.7764693918367,0.59799765220015,0.5979976803138
2022-06-27 14:00:00,1944.58333333333,-11.7755135472973,0.597985790617518,0.597985818306309
2022-06-27 14:30:00,1944.60416666667,-11.719443923389,0.606753695956355,0.606753723220294
2022-06-27 15:00:00,1944.625,-11.8018738647495,0.59345862407848,0.593458650917569
2022-06-27 16:00:00,1944.66666666667,-11.8386920473098,0.587265922254692,0.587265948244095
2022-06-27 17:00:00,1944.70833333333,-12.3147044715613,0.511109674144118,0.511109699283855
2022-06-27 17:30:00,1944.72916666667,-12.523930772327,0.477616364437923,0.477616389152834
2022-06-27 18:00:00,1944.75,-12.5954999992105,0.466052027602551,0.466052051892636
2022-06-27 18:30:00,1944.77083333333,-12.5719870130112,0.469634457909033,0.469634481774303
2022-06-27 19:30:00,1944.8125,-12.4301765641264,0.49189886139657,0.491898884412219
2022-06-27 20:00:00,1944.83333333333,-12.6244150710692,0.460793631315606,0.460793653906451
2022-06-27 20:30:00,1944.85416666667,-12.6101578928947,0.462902015601813,0.462902037767863
2022-06-27 21:00:00,1944.875,-12.6497625074211,0.456430280575795,0.456430302317051
2022-06-27 22:00:00,1944.91666666667,-13.2539277909259,0.35986124425874,0.359861265150427
2022-06-27 22:30:00,1944.9375,-13.8377232528302,0.266699826750885,0.266699847217793
2022-06-27 23:00:00,1944.95833333333,-13.5214278278215,0.316923633582902,0.316923653625042
2022-06-27 23:30:00,1944.97916666667,-13.7454211523191,0.281079159380966,0.281079178998341
2022-06-28 00:30:00,1945.02083333333,-14.4651536998148,0.166101203814429,0.166101222582288
2022-06-28 01:00:00,1945.04166666667,-15.4786980742138,0.00448099184320383,0.00448101018631519
2022-06-28 01:30:00,1945.0625,-15.6088819026247,-0.0164191509493024,-0.0164191330309352
2022-06-28 02:00:00,1945.08333333333,-15.9803870309259,-0.075761846302302,-0.0757618288086732
2022-06-28 03:00:00,1945.125,-16.5893592398148,-0.173094571249859,-0.173094554605686
2022-06-28 03:30:00,1945.14583333333,-17.5711573119497,-0.329657059664545,-0.329657043445092
2022-06-28 04:00:00,1945.16666666667,-17.0276508850394,-0.243237348334005,-0.243237332539263
2022-06-28 04:30:00,1945.1875,-18.5238370133333,-0.481742015570188,-0.481742000200154
2022-06-28 05:30:00,1945.22916666667,-18.6186703422222,-0.497171018960614,-0.49717100443997
2022-06-28 06:00:00,1945.25,-18.2637824130435,-0.440797956717275,-0.440797942621323
2022-06-28 09:30:00,1945.39583333333,-18.4321521231911,-0.468742351907654,-0.468742340784324
2022-06-28 10:00:00,1945.41666666667,-18.1130772366795,-0.418073507184077,-0.418073496485379
2022-06-28 10:30:00,1945.4375,-17.9201142921429,-0.387494281624615,-0.387494271350543
2022-06-28 11:30:00,1945.47916666667,-18.84712243859,-0.535486850580108,-0.535486841155261
2022-06-28 12:30:00,1945.52083333333,-19.0568018299539,-0.569208022738648,-0.569208014163004
2022-06-28 13:00:00,1945.54166666667,-19.1440037345725,-0.583258740983666,-0.583258732832609
2022-06-28 13:30:00,1945.5625,-19.0088963340741,-0.561895324622173,-0.561895316895697
2022-06-28 14:00:00,1945.58333333333,-20.0774832275093,-0.732281166002259,-0.732281158700358
2022-06-28 15:00:00,1945.625,-20.0095602961039,-0.721779055299916,-0.721779048847138
2022-06-28 15:30:00,1945.64583333333,-21.006518641791,-0.880754107344359,-0.880754101316132
2022-06-28 16:00:00,1945.66666666667,-19.9952333407407,-0.719814407809634,-0.719814402205947
2022-06-28 16:30:00,1945.6875,-19.8584786667904,-0.698187958563586,-0.698187953384434
2022-06-28 17:30:00,1945.72916666667,-19.3448970284644,-0.61669106189083,-0.616691057560718
2022-06-28 18:00:00,1945.75,-19.3358333265152,-0.615405564936152,-0.615405561030552
2022-06-28 18:30:00,1945.77083333333,-20.44077035,-0.791581075981811,-0.79158107250071
2022-06-28 21:00:00,1945.875,-17.5956066367347,-0.339134175976212,-0.339134174617488
2022-06-28 22:00:00,1945.91666666667,-17.2645899951763,-0.286718147321746,-0.28671814681191
2022-06-28 22:30:00,1945.9375,-17.1895388442922,-0.274919869107984,-0.274919869022581
2022-06-28 23:00:00,1945.95833333333,-16.5729319344681,-0.176851267670702,-0.17685126800972
2022-06-28 23:30:00,1945.97916666667,-17.1265733150278,-0.265203951323272,-0.265203952086701
2022-06-29 00:30:00,1946.02083333333,-17.0374256607807,-0.251316786869588,-0.251316788481818
2022-06-29 01:00:00,1946.04166666667,-17.441867586758,-0.315901579140169,-0.315901581176783
2022-06-29 01:30:00,1946.0625,-17.4098937634375,-0.310964926756865,-0.31096492921786
2022-06-29 02:00:00,1946.08333333333,-18.1390532110454,-0.427277244404912,-0.427277247290271
2022-06-29 03:00:00,1946.125,-18.7656481388889,-0.527407345429893,-0.527407349163955
2022-06-29 03:30:00,1946.14583333333,-18.6752739447489,-0.513167056350003,-0.513167060508405
2022-06-29 04:00:00,1946.16666666667,-18.5767165317757,-0.497623070639191,-0.497623075221919
2022-06-29 04:30:00,1946.1875,-18.3587370166667,-0.463054954674591,-0.463054959681638
2022-06-29 05:30:00,1946.22916666667,-18.5461314924074,-0.493219069491618,-0.49321907534727
2022-06-29 06:00:00,1946.25,-18.8047077593607,-0.534566317913064,-0.534566324193006
2022-06-29 06:30:00,1946.27083333333,-18.7772398685358,-0.530346423466771,-0.530346430170989
2022-06-29 07:00:00,1946.29166666667,-18.5968351864815,-0.501763484744187,-0.501763491872671
2022-06-29 11:00:00,1946.45833333333,-16.832886219403,-0.222006650595655,-0.222006661117905
2022-06-29 11:30:00,1946.47916666667,-16.5859132593607,-0.182818399436322,-0.182818410382749
2022-06-29 12:00:00,1946.5,-16.4134258649842,-0.155495647773982,-0.155495659144569
2022-06-29 12:30:00,1946.52083333333,-17.5465652867537,-0.33616007657902,-0.336160088373755
2022-06-29 13:30:00,1946.5625,-18.0985653041045,-0.424402778968429,-0.424402791611434
2022-06-29 14:00:00,1946.58333333333,-18.3796834211009,-0.469339291854468,-0.469339304921589
2022-06-29 14:30:00,1946.60416666667,-19.6347318410095,-0.669423493536234,-0.669423507027461
2022-06-29 15:00:00,1946.625,-19.5974999884328,-0.663646419871153,-0.663646433786473
2022-06-29 16:00:00,1946.66666666667,-18.8636063434701,-0.54704429843212,-0.547044313195596
2022-06-29 16:30:00,1946.6875,-19.2279497205479,-0.605238132321643,-0.605238147509177
2022-06-29 17:00:00,1946.70833333333,-18.5840945873817,-0.502825118518847,-0.502825134130427
2022-06-29 17:30:00,1946.72916666667,-17.8509158639252,-0.386182688392021,-0.386182704427641
2022-06-29 18:30:00,1946.77083333333,-18.1918955039179,-0.440807603871834,-0.440807620755488
2022-06-29 19:00:00,1946.79166666667,-17.9191187063927,-0.397507215759573,-0.397507233067228
2022-06-29 19:30:00,1946.8125,-17.4215962561514,-0.31840457992594,-0.318404597657585
2022-06-29 20:00:00,1946.83333333333,-17.2242257401119,-0.287116257045642,-0.287116275201261
2022-06-29 21:00:00,1946.875,-15.7575485225746,-0.0537790968725593,-0.0537791158760937
2022-06-29 21:30:00,1946.89583333333,-15.561817330137,-0.0227516053241438,-0.022751624751619
2022-06-29 22:00:00,1946.91666666667,-15.4592712971609,-0.00656847153363216,-0.00656849138503546
2022-06-29 22:30:00,1946.9375,-15.1318112031776,0.0454437376568504,0.0454437173815346
2022-06-29 23:30:00,1946.97916666667,-14.8847574380597,0.0844950577551875,0.0844950366320781
2022-06-30,1947,-14.8852100561644,0.0842708519621771,0.0842708304151931
2022-06-30 00:30:00,1947.02083333333,-14.8477035233438,0.0900936708708416,0.0900936488999958
2022-06-30 01:00:00,1947.04166666667,-15.3996809710821,0.00201137527662409,0.00201135288192633
2022-06-30 02:00:00,1947.08333333333,-15.4174514830224,-0.00112295277782337,-0.00112297602018319
2022-06-30 02:30:00,1947.10416666667,-15.0256529369863,0.061139256544933,0.0611392328787601
2022-06-30 03:00:00,1947.125,-15.1032018955836,0.0486341779085752,0.0486341538186056
2022-06-30 03:30:00,1947.14583333333,-15.1825746059701,0.0358386792587975,0.0358386547450414
2022-06-30 04:30:00,1947.1875,-15.1981495441121,0.0330551570809313,0.0330551317196452
2022-06-30 05:00:00,1947.20833333333,-15.7792237333333,-0.059661430703297,-0.0596614564883294
2022-06-30 05:30:00,1947.22916666667,-15.8284006485804,-0.0676462976157506,-0.0676463238245156
2022-06-30 06:00:00,1947.25,-15.5414925255597,-0.0220924727148818,-0.0220924993473632
2022-06-30 07:00:00,1947.29166666667,-15.742272891028,-0.0543783014454099,-0.0543783289252856
2022-06-30 07:30:00,1947.3125,-16.008159856621,-0.0968848139387305,-0.0968848418422842
2022-06-30 08:00:00,1947.33333333333,-16.0484826037855,-0.103458680121445,-0.10345870844866
2022-06-30 08:30:00,1947.35416666667,-16.2549197475746,-0.136494583250613,-0.136494612001478
2022-06-30 12:00:00,1947.5,-18.094367277551,-0.43056917384709,-0.430569205563098
2022-06-30 12:30:00,1947.52083333333,-17.9281020502041,-0.40423248107811,-0.404232513217651
2022-06-30 13:00:00,1947.54166666667,-18.7334898083488,-0.532680697936987,-0.532680730500049
2022-06-30 14:00:00,1947.58333333333,-20.0696453667917,-0.745829660097929,-0.745829693507986
2022-06-30 14:30:00,1947.60416666667,-19.7400909363636,-0.693480459210247,-0.69348049304378
2022-06-30 15:00:00,1947.625,-19.7804347004082,-0.700056199643198,-0.700056233900193
2022-06-30 15:30:00,1947.64583333333,-19.6565928964684,-0.680476956355474,-0.680476991035912
2022-06-30 16:30:00,1947.6875,-19.3500259621521,-0.631937997488445,-0.631938033015729
2022-06-30 20:00:00,1947.83333333333,-18.2317013320965,-0.454825566443928,-0.454825604934688
2022-06-30 21:00:00,1947.875,-16.9809999383838,-0.255883413867114,-0.255883453204443
2022-06-30 21:30:00,1947.89583333333,-16.1206886211364,-0.118982784394495,-0.118982824155081
2022-06-30 22:00:00,1947.91666666667,-16.2132893985158,-0.133881626899992,-0.133881667083824
2022-06-30 23:00:00,1947.95833333333,-15.920578077881,-0.0875471322867546,-0.0875471733170251
2022-06-30 23:30:00,1947.97916666667,-15.8769899151515,-0.0807506622212885,-0.0807507036747557
2022-07-01,1948,-15.2972883600529,0.0114491600960002,0.0114491182193556
2022-07-01 00:30:00,1948.02083333333,-15.2649293671004,0.0164570268787103,0.0164569845789045
2022-07-01 01:30:00,1948.0625,-16.1489666074212,-0.124664307751435,-0.12466435089752
2022-07-01 02:00:00,1948.08333333333,-16.9845252555556,-0.257916024046484,-0.257916067615681
2022-07-01 02:30:00,1948.10416666667,-16.8225613779545,-0.232261583321757,-0.232261627314051
2022-07-01 03:00:00,1948.125,-16.8443636198516,-0.235881110907551,-0.235881155322927
2022-07-01 04:00:00,1948.16666666667,-16.7372481862963,-0.2191100579229,-0.219110103184385
2022-07-01 04:30:00,1948.1875,-16.5388081707071,-0.187644518849631,-0.187644564534145
2022-07-01 05:00:00,1948.20833333333,-16.384439876644,-0.163199530587643,-0.16319957669517
2022-07-01 05:30:00,1948.22916666667,-15.5495398972171,-0.0303452525901806,-0.0303452991207048
2022-07-01 06:30:00,1948.27083333333,-15.1397444385185,0.0346440040123187,0.0346439566358581
2022-07-01 07:00:00,1948.29166666667,-14.9010101050505,0.0725289865155421,0.0725289387161333
2022-07-01 07:30:00,1948.3125,-14.6895691646258,0.106066218018231,0.106066169795897
2022-07-01 08:00:00,1948.33333333333,-14.6713061185529,0.108830178937456,0.108830130292214
2022-07-01 09:00:00,1948.375,-14.4538185337037,0.143185714057572,0.143185664566561
2022-07-01 10:00:00,1948.41666666667,-13.9171650300971,0.228385032475302,0.228384982138597
2022-07-01 10:30:00,1948.4375,-13.7017482535469,0.262556253997577,0.262556203238052
2022-07-01 11:00:00,1948.45833333333,-13.5677831971963,0.283752264431297,0.283752213248968
2022-07-01 12:00:00,1948.5,-13.2232471831461,0.338347978638231,0.33834792661035
2022-07-01 12:30:00,1948.52083333333,-13.4752828515152,0.298054116331391,0.298054063880762
2022-07-01 13:00:00,1948.54166666667,-13.4504897217391,0.30185938561407,0.301859332740706
2022-07-01 13:30:00,1948.5625,-13.3475018729478,0.318121235753042,0.318121182456966
2022-07-01 14:30:00,1948.60416666667,-13.0839701518657,0.359813970493297,0.359813916351851
2022-07-01 15:00:00,1948.625,-12.5550101070707,0.443933814686167,0.443933760122061
2022-07-01 15:30:00,1948.64583333333,-12.35835402,0.475117507257133,0.47511745227039
2022-07-01 16:00:00,1948.66666666667,-12.0816243108411,0.519057091378819,0.519057035969454
2022-07-01 17:00:00,1948.70833333333,-11.4640542104673,0.617149456153161,0.61714939989861
2022-07-01 17:30:00,1948.72916666667,-11.4447754918367,0.620077232607945,0.620077175930828
2022-07-01 18:00:00,1948.75,-11.4211418709382,0.623698854510152,0.623698797410491
2022-07-01 21:30:00,1948.89583333333,-12.3230983181818,0.479016913198238,0.47901685314129
2022-07-01 22:30:00,1948.9375,-12.0630464795539,0.52015870568932,0.520158644787607
2022-07-01 23:00:00,1948.95833333333,-11.401196934749,0.625449645394674,0.625449584070607
2022-07-01 23:30:00,1948.97916666667,-11.2777892721429,0.644966515093769,0.644966453347367
2022-07-02,1949,-10.8039944137546,0.720300422095419,0.720300359926705
2022-07-02 01:00:00,1949.04166666667,-10.8892003764378,0.706443466255299,0.706443403242014
2022-07-02 01:30:00,1949.0625,-11.0096254830116,0.687118028180978,0.687117964745441
2022-07-02 02:00:00,1949.08333333333,-11.0037295683274,0.687915725759728,0.687915661901958
2022-07-02 02:30:00,1949.10416666667,-10.9254555603704,0.700243412033342,0.700243347753357
2022-07-02 03:30:00,1949.14583333333,-10.8977458270872,0.704375074303351,0.704375009178998
2022-07-02 04:00:00,1949.16666666667,-10.6135173891892,0.749511768695584,0.749511703149077
2022-07-02 04:30:00,1949.1875,-10.5710676377224,0.756133052347994,0.756132986379356
2022-07-02 05:00:00,1949.20833333333,-10.7478847685874,0.727825071758873,0.727825005368121
2022-07-02 06:00:00,1949.25,-10.8652814894444,0.708842240146348,0.708842172911432
2022-07-02 06:30:00,1949.27083333333,-10.5427220185328,0.760085629603388,0.76008556194642
2022-07-02 07:00:00,1949.29166666667,-10.5305285566071,0.76188759891446,0.761887530835461
2022-07-02 07:30:00,1949.3125,-10.5948884799257,0.751494666145023,0.751494597644016
2022-07-02 08:30:00,1949.35416666667,-10.4219907408148,0.778757018311999,0.778756948967037
2022-07-02 09:30:00,1949.39583333333,-10.612970272119,0.748053889065871,0.748053818877037
2022-07-02 10:00:00,1949.41666666667,-10.5730851696296,0.754267798146316,0.754267727535577
2022-07-02 10:30:00,1949.4375,-10.3623048303532,0.787705547573384,0.787705476540764
2022-07-02 11:30:00,1949.47916666667,-10.079293150167,0.832510413058262,0.832510341181938
2022-07-02 12:00:00,1949.5,-10.0800743424907,0.832246580432112,0.832246508133971
2022-07-02 12:30:00,1949.52083333333,-10.0581407564074,0.835601335312587,0.835601262592647
2022-07-02 13:00:00,1949.54166666667,-10.3142207418367,0.794668436671144,0.794668363529427
2022-07-02 14:00:00,1949.58333333333,-10.7087225459963,0.731545990770693,0.731545916785493
2022-07-02 14:30:00,1949.60416666667,-10.7088810304833,0.731381891496909,0.731381817089998
2022-07-02 15:00:00,1949.625,-10.6456407455556,0.741317368659691,0.74131729383109
2022-07-02 15:30:00,1949.64583333333,-10.8657328294991,0.706117904169517,0.706117828919251
2022-07-02 16:30:00,1949.6875,-11.108901642115,0.667103983687552,0.667103907594017
2022-07-02 17:00:00,1949.70833333333,-11.9088059865672,0.539540333406986,0.539540256891852
2022-07-02 17:30:00,1949.72916666667,-11.9376407385185,0.534808727479616,0.534808650542903
2022-07-02 18:00:00,1949.75,-12.1630538996283,0.498762147765692,0.498762070407425
2022-07-02 19:00:00,1949.79166666667,-11.5045936974026,0.603379446271702,0.603379368070388
2022-07-02 19:30:00,1949.8125,-12.6560783473881,0.419809338513106,0.419809259890305
2022-07-02 20:00:00,1949.83333333333,-14.2028370485185,0.173271899279864,0.173271820235599
2022-07-02 23:00:00,1949.95833333333,-13.0986620682759,0.348343980963444,0.348343899390862
2022-07-03,1950,-12.8650650539033,0.385282417897317,0.385282335482148
2022-07-03 00:30:00,1950.02083333333,-12.9208854429515,0.376253484077855,0.376253401241425
2022-07-03 01:00:00,1950.04166666667,-12.9010941411765,0.379269654155803,0.379269570898137
2022-07-03 01:30:00,1950.0625,-13.0442950051948,0.356321163280453,0.356321079601576
2022-07-03 02:30:00,1950.10416666667,-13.1722564845725,0.335664149035675,0.335664064514441
2022-07-03 03:00:00,1950.125,-13.3695352572687,0.304101331369371,0.304101246426997
2022-07-03 03:30:00,1950.14583333333,-13.3291511813953,0.310398482920644,0.310398397557153
2022-07-03 04:00:00,1950.16666666667,-13.5587333292593,0.273689929730426,0.27368984394584
2022-07-03 05:00:00,1950.20833333333,-13.8136425707407,0.232811122387616,0.232811035760913
2022-07-03 05:30:00,1950.22916666667,-13.8371655549669,0.228928264185044,0.228928177137317
2022-07-03 06:00:00,1950.25,-13.8469186116279,0.227239072974481,0.227238985505757
2022-07-03 06:30:00,1950.27083333333,-13.8299444433333,0.229807655507011,0.229807567617311
2022-07-03 07:30:00,1950.3125,-13.972692622963,0.206797262462459,0.206797173730883
2022-07-03 08:00:00,1950.33333333333,-14.3409735709251,0.147994752895504,0.147994663743028
2022-07-03 08:30:00,1950.35416666667,-14.3433837569767,0.147475824934013,0.147475735360655
2022-07-03 09:30:00,1950.39583333333,-14.6505446202602,0.098275236111185,0.0982751456961491
2022-07-03 10:30:00,1950.4375,-14.8620222504638,0.0643174860113701,0.0643173947547488
2022-07-03 11:00:00,1950.45833333333,-14.6486241740821,0.0981775076209501,0.0981774159435758
2022-07-03 11:30:00,1950.47916666667,-14.5627066306667,0.111729897110803,0.111729805012698
2022-07-03 12:00:00,1950.5,-14.1609628829314,0.175593734540325,0.175593642021517
2022-07-03 13:00:00,1950.54166666667,-14.2666289619666,0.158492919051641,0.158492825691496
2022-07-03 13:30:00,1950.5625,-15.1185560271552,0.0226464238915584,0.0226463301107852
2022-07-03 14:00:00,1950.58333333333,-15.21413334,0.00728709274360462,0.00728699854222847
2022-07-03 14:30:00,1950.60416666667,-15.887235619295,-0.10007227028226,-0.100072364904219
2022-07-03 15:30:00,1950.64583333333,-16.3582486241187,-0.17537203237559,-0.175372127838629
2022-07-03 16:00:00,1950.66666666667,-17.1468900618534,-0.301136541851643,-0.301136637735186
2022-07-03 16:30:00,1950.6875,-17.1978400173333,-0.309386162988555,-0.309386259292577
2022-07-03 17:00:00,1950.70833333333,-16.8475769955473,-0.253722162065682,-0.253722258790155
2022-07-03 18:00:00,1950.75,-17.5002968347826,-0.357966872120272,-0.357966969685571
2022-07-03 18:30:00,1950.77083333333,-17.0654957081897,-0.288835566378564,-0.288835664364239
2022-07-03 19:00:00,1950.79166666667,-16.1841600293333,-0.148570879224445,-0.14857097763047
2022-07-03 19:30:00,1950.8125,-14.930445267718,0.0510141700746415,0.0510140712482952
2022-07-03 20:30:00,1950.85416666667,-14.4951168769944,0.120097402047779,0.120097302380862
2022-07-03 21:00:00,1950.875,-14.6768207403888,0.091019563181269,0.0910194630941092
2022-07-03 21:30:00,1950.89583333333,-14.6980799826667,0.0875007753369941,0.0875006748296174
2022-07-04 00:30:00,1951.02083333333,-14.4196660408163,0.131061536711835,0.1310614336837
2022-07-04 01:00:00,1951.04166666667,-14.1905453409091,0.167429210614465,0.167429107166297
2022-07-04 01:30:00,1951.0625,-14.0835959511111,0.184335015869402,0.184334912001229
2022-07-04 02:00:00,1951.08333333333,-14.361315419666,0.139962905474253,0.1399628011861
2022-07-04 03:00:00,1951.125,-14.9137699521336,0.0516944276672607,0.0516943225392299
2022-07-04 03:30:00,1951.14583333333,-15.9367045522727,-0.111390660504432,-0.111390766052359
2022-07-04 04:00:00,1951.16666666667,-15.9053737430303,-0.10653040712884,-0.10653051309664
2022-07-04 04:30:00,1951.1875,-16.1245129711111,-0.141570101229221,-0.141570207616866
2022-07-04 05:30:00,1951.22916666667,-15.9565778022222,-0.115078900309096,-0.115079007536346
2022-07-04 06:00:00,1951.25,-16.50429535,-0.202461030067219,-0.202461137714229
2022-07-04 06:30:00,1951.27083333333,-16.4605261780242,-0.195618794159451,-0.195618902226197
2022-07-04 07:00:00,1951.29166666667,-16.8486679365492,-0.257580169587198,-0.257580278073652
2022-07-04 08:00:00,1951.33333333333,-16.2779074225926,-0.166917517995937,-0.166917627321722
2022-07-04 09:00:00,1951.375,-16.49353695,-0.201526927589469,-0.201527037754472
2022-07-04 09:30:00,1951.39583333333,-16.282142513843,-0.167981215807829,-0.167981326392398
2022-07-04 10:00:00,1951.41666666667,-15.956814457885,-0.116285688331555,-0.116285799335665
2022-07-04 11:00:00,1951.45833333333,-15.4283061320965,-0.0323525370050627,-0.0323526488481681
2022-07-04 11:30:00,1951.47916666667,-16.8674814092593,-0.261743325405253,-0.261743437667815
2022-07-04 12:00:00,1951.5,-16.5763484503093,-0.215494666584832,-0.215494779266822
2022-07-04 12:30:00,1951.52083333333,-16.4004600621521,-0.187604441522083,-0.18760455462347
2022-07-04 13:30:00,1951.5625,-17.0913321050093,-0.297918367139809,-0.297918481079909
2022-07-04 14:00:00,1951.58333333333,-17.6901667259259,-0.393441744775603,-0.393441859135017
2022-07-04 14:30:00,1951.60416666667,-17.9044576837113,-0.427706933284172,-0.427707048062872
2022-07-04 15:00:00,1951.625,-18.4786629575926,-0.519306620738714,-0.519306735936669
2022-07-04 16:00:00,1951.66666666667,-18.6640778188889,-0.549099768137538,-0.549099884173918
2022-07-04 16:30:00,1951.6875,-20.000518587037,-0.762123788011142,-0.762123904466693
2022-07-04 17:00:00,1951.70833333333,-19.6000658335391,-0.698459319808057,-0.698459436682747
2022-07-04 17:30:00,1951.72916666667,-18.6757166372222,-0.55133766499168,-0.551337782285483
2022-07-04 18:30:00,1951.77083333333,-18.5515666562963,-0.531815822993736,-0.531815941125675
2022-07-04 19:00:00,1951.79166666667,-18.7194259037037,-0.558683427001781,-0.558683545552744
2022-07-04 19:30:00,1951.8125,-18.1531049366255,-0.468595489233186,-0.468595608203143
2022-07-04 20:00:00,1951.83333333333,-16.3754666946296,-0.185543734976802,-0.185543854365725
2022-07-04 21:00:00,1951.875,-16.7586462187037,-0.246838756039291,-0.246838876266056
2022-07-04 21:30:00,1951.89583333333,-15.4983333796296,-0.0461969811440947,-0.0461971017897349
2022-07-04 22:00:00,1951.91666666667,-14.7916790055556,0.0662467136617605,0.0662465925972721
2022-07-04 22:30:00,1951.9375,-15.2616273365169,-0.00874313420665151,-0.00874325568995826
2022-07-05 02:00:00,1952.08333333333,-16.781737035,-0.25178184103659,-0.251781965450779
2022-07-05 02:30:00,1952.10416666667,-16.7403846538462,-0.245320247078926,-0.245320371911693
2022-07-05 03:00:00,1952.125,-17.0514229383607,-0.294994628786622,-0.294994754037935
2022-07-05 03:30:00,1952.14583333333,-16.84694802282,-0.262547280119049,-0.262547405788876
2022-07-05 04:30:00,1952.1875,-17.3992151714286,-0.350774806838413,-0.350774933345183
2022-07-05 05:00:00,1952.20833333333,-16.9806324465812,-0.28421960340444,-0.284219730329633
2022-07-05 05:30:00,1952.22916666667,-17.0018229622951,-0.28772048218054,-0.287720609524127
2022-07-05 06:00:00,1952.25,-17.1078738693878,-0.304739572650764,-0.304739700412715
2022-07-05 07:00:00,1952.29166666667,-16.8622963255556,-0.265868776847279,-0.265868905445863
2022-07-05 07:30:00,1952.3125,-16.6551495405983,-0.23299492317854,-0.232995052195393
2022-07-05 08:00:00,1952.33333333333,-16.4713301045752,-0.203837023506204,-0.203837152941297
2022-07-05 09:00:00,1952.375,-15.6467643721707,-0.0727321206405493,-0.0727322509120262
2022-07-05 10:00:00,1952.41666666667,-15.4419480473098,-0.0403533036502939,-0.0403534347580324
2022-07-05 10:30:00,1952.4375,-15.189228935743,-0.000219089393786565,-0.000219220919606244
2022-07-05 11:00:00,1952.45833333333,-15.0090207075862,0.0283641987728159,0.0283640668289463
2022-07-05 11:30:00,1952.47916666667,-14.0083098586271,0.187654250244841,0.187654117882951
2022-07-05 12:30:00,1952.52083333333,-14.1036994567718,0.172211143793582,0.172211010595748
2022-07-05 13:00:00,1952.54166666667,-13.4204112967742,0.280935862586211,0.280935728970452
2022-07-05 13:30:00,1952.5625,-13.352955172069,0.291558207609436,0.291558073575785
2022-07-05 14:00:00,1952.58333333333,-13.2752968474954,0.30380587991194,0.303805745460427
2022-07-05 15:00:00,1952.625,-12.7423209666048,0.388462938725679,0.38846280343854
2022-07-05 15:30:00,1952.64583333333,-13.0835542136546,0.333981213067176,0.333981077362274
2022-07-05 16:00:00,1952.66666666667,-13.0714068903448,0.335793374409815,0.335793238287177
2022-07-05 16:30:00,1952.6875,-12.3354702555762,0.452905799925133,0.452905663384797
2022-07-05 17:30:00,1952.72916666667,-11.6845862851577,0.556346797865614,0.556346660489974
2022-07-05 18:00:00,1952.75,-11.8032690895582,0.537318064979691,0.537317927186447
2022-07-05 18:30:00,1952.77083333333,-11.7040724213793,0.552997797466414,0.552997659255601
2022-07-05 19:00:00,1952.79166666667,-11.8275083526902,0.533212107465479,0.533211968837126
2022-07-05 20:00:00,1952.83333333333,-12.1125510267161,0.487560419113541,0.487560279650211
2022-07-05 20:30:00,1952.85416666667,-12.2591767028112,0.464080915411999,0.464080775531228
2022-07-05 21:00:00,1952.875,-12.1834241337931,0.476026534840906,0.476026394542729
2022-07-05 21:30:00,1952.89583333333,-11.9290705012987,0.516423541097385,0.516423400381833
2022-07-05 22:30:00,1952.9375,-11.8491273483146,0.528915453586085,0.528915312035884
2022-07-05 23:00:00,1952.95833333333,-12.5602909721311,0.415505200391103,0.415505058423628
2022-07-05 23:30:00,1952.97916666667,-12.544699992069,0.417867584789328,0.417867442404611
2022-07-06,1953,-12.5259793705441,0.420728633172206,0.420728490370279
2022-07-06 03:30:00,1953.14583333333,-12.8554647035316,0.367396341614959,0.367396195893511
2022-07-06 04:00:00,1953.16666666667,-12.8897575745921,0.361813182207708,0.36181303606932
2022-07-06 04:30:00,1953.1875,-12.7904727163636,0.377509160534872,0.37750901397958
2022-07-06 05:00:00,1953.20833333333,-12.5725343365492,0.412106839659707,0.412106692687543
2022-07-06 06:00:00,1953.25,-12.4165139168831,0.436721213079357,0.43672106527355
2022-07-06 06:30:00,1953.27083333333,-12.368379974359,0.44426925414508,0.444269105922506
2022-07-06 07:00:00,1953.29166666667,-12.3740091054545,0.44325290924266,0.443252760603349
2022-07-06 07:30:00,1953.3125,-12.3045788315399,0.454193691291304,0.454193542235294
2022-07-06 09:00:00,1953.375,-12.3093339591837,0.453078326174979,0.453078175869071
2022-07-06 09:30:00,1953.39583333333,-12.3526195776765,0.446063826546229,0.446063675823757
2022-07-06 10:00:00,1953.41666666667,-12.313259997,0.452214876375406,0.452214725236405
2022-07-06 10:30:00,1953.4375,-12.3263784975881,0.450006240543916,0.450006088988422
2022-07-06 11:30:00,1953.47916666667,-12.2991895994424,0.454100083441352,0.454099931052976
2022-07-06 12:00:00,1953.5,-12.6777380300683,0.39367852926419,0.393678376459423
2022-07-06 12:30:00,1953.52083333333,-12.742110019,0.38330561701035,0.383305463789231
2022-07-06 13:00:00,1953.54166666667,-12.5992080902335,0.405951698228569,0.405951544591129
2022-07-06 14:00:00,1953.58333333333,-12.8302727191095,0.368906672266928,0.368906517796956
2022-07-06 14:30:00,1953.60416666667,-13.0453895015945,0.334520447815902,0.334520292929716
2022-07-06 15:00:00,1953.625,-12.993329971,0.34269571128876,0.342695555986397
2022-07-06 15:30:00,1953.64583333333,-13.6028033660482,0.245488417305095,0.245488261586589
2022-07-06 16:30:00,1953.6875,-13.7960464055659,0.21446950085957,0.214469344308885
2022-07-06 17:00:00,1953.70833333333,-13.9989498838269,0.182029416264227,0.182029259297507
2022-07-06 17:30:00,1953.72916666667,-14.188739982,0.15167841288605,0.151678255503329
2022-07-06 18:00:00,1953.75,-14.4764526983302,0.105728376871992,0.105728219073305
2022-07-06 19:00:00,1953.79166666667,-14.5373116896104,0.095799437970996,0.0957992793404873
2022-07-06 19:30:00,1953.8125,-16.3713940665148,-0.196488058697552,-0.196488217743919
2022-07-06 20:00:00,1953.83333333333,-16.35684003,-0.194286343176876,-0.194286502639063
2022-07-06 20:30:00,1953.85416666667,-16.8252523077922,-0.269021396170804,-0.269021556048777
2022-07-06 21:30:00,1953.89583333333,-16.9623759953252,-0.291098250877613,-0.291098411587046
2022-07-06 22:00:00,1953.91666666667,-16.9820205002278,-0.294343945401057,-0.294344106526168
2022-07-06 22:30:00,1953.9375,-16.677390035,-0.245932294903929,-0.245932456444679
2022-07-06 23:00:00,1953.95833333333,-16.4328987690083,-0.207100751258535,-0.207100913214887
2022-07-07,1954,-17.4085374426966,-0.362752536919729,-0.36275269970718
2022-07-07 00:30:00,1954.02083333333,-16.8039608036866,-0.266558804253504,-0.266558967456447
2022-07-07 01:00:00,1954.04166666667,-16.678899972,-0.246752171739594,-0.246752335357995
2022-07-07 01:30:00,1954.0625,-18.3054139587902,-0.505972548868893,-0.505972712902716
2022-07-07 04:30:00,1954.1875,-18.7007497916667,-0.569640725592363,-0.56964089211793
2022-07-07 05:00:00,1954.20833333333,-18.0924465947573,-0.472852353457415,-0.472852520398142
2022-07-07 05:30:00,1954.22916666667,-18.2925695734694,-0.504846738055186,-0.50484690541104
2022-07-07 06:30:00,1954.27083333333,-18.7496660170686,-0.577891498000383,-0.57789166618637
2022-07-07 07:00:00,1954.29166666667,-19.8253749291667,-0.749367015137636,-0.749367183738636
2022-07-07 07:30:00,1954.3125,-19.1459435554475,-0.641247319685556,-0.64124748870153
2022-07-07 08:30:00,1954.35416666667,-19.2810816471243,-0.663002997583963,-0.663003167429772
2022-07-07 09:30:00,1954.39583333333,-18.9075306183673,-0.603723691651163,-0.603723862326655
2022-07-07 10:00:00,1954.41666666667,-18.4072942205882,-0.524149329633118,-0.524149500723396
2022-07-07 10:30:00,1954.4375,-17.7836627055556,-0.424917926355515,-0.424918097860539
2022-07-07 11:00:00,1954.45833333333,-18.3169257903525,-0.509980548645924,-0.509980720565655
2022-07-07 12:00:00,1954.5,-18.7526449780669,-0.579617457424989,-0.579617630174025
2022-07-07 12:30:00,1954.52083333333,-18.2057646117647,-0.49261212323653,-0.49261229640016
2022-07-07 13:00:00,1954.54166666667,-17.9149306718812,-0.446395056776512,-0.446395230354698
2022-07-07 13:30:00,1954.5625,-19.3964044679035,-0.682507768170693,-0.682507942163399
2022-07-07 14:30:00,1954.60416666667,-19.9463803328386,-0.770344737467958,-0.770344912289582
2022-07-07 15:00:00,1954.625,-20.0220882147059,-0.782517601107447,-0.782517776343473
2022-07-07 15:30:00,1954.64583333333,-19.7978811520792,-0.746913688719873,-0.746913864370263
2022-07-07 16:00:00,1954.66666666667,-21.0287105651206,-0.943098015632538,-0.943098191697253
2022-07-07 17:00:00,1954.70833333333,-18.6356938456401,-0.562113052599162,-0.562113229492407
2022-07-07 17:30:00,1954.72916666667,-21.0426207586207,-0.945650218437557,-0.945650395745014
2022-07-07 18:00:00,1954.75,-20.5589782110891,-0.868717492461686,-0.86871767018331
2022-07-07 18:30:00,1954.77083333333,-17.7614494044944,-0.423180920752978,-0.423181098888732
2022-07-07 19:30:00,1954.8125,-16.8772696979401,-0.282553660859063,-0.28255383982296
2022-07-07 20:00:00,1954.83333333333,-17.2136208862069,-0.336246078357592,-0.336246257735501
2022-07-07 20:30:00,1954.85416666667,-16.553667380396,-0.231226334928261,-0.231226514720144
2022-07-07 21:00:00,1954.875,-16.214357661985,-0.177285264763734,-0.177285444969549
2022-07-07 22:00:00,1954.91666666667,-16.1846797814607,-0.172779644425608,-0.172779825459174
2022-07-07 22:30:00,1954.9375,-17.979344862069,-0.458781951012103,-0.458782132459482
2022-07-07 23:00:00,1954.95833333333,-17.0896276952475,-0.317160136029557,-0.317160317890713
2022-07-07 23:30:00,1954.97916666667,-17.0999063794007,-0.318908191980305,-0.318908374255198
2022-07-08 00:30:00,1955.02083333333,-17.0341591988764,-0.308655593696742,-0.308655776798984
2022-07-08 01:00:00,1955.04166666667,-18.562862137931,-0.552289384627611,-0.55228956814347
2022-07-08 01:30:00,1955.0625,-17.6222218489109,-0.402554923371383,-0.402555107300819
2022-07-08 02:00:00,1955.08333333333,-18.1004794473783,-0.478851798207936,-0.478851982550907
2022-07-08 03:00:00,1955.125,-18.132222873221,-0.4841284097988,-0.484128594968722
2022-07-08 06:00:00,1955.25,-16.5269532565421,-0.229064722460935,-0.229064910110743
2022-07-08 06:30:00,1955.27083333333,-16.4475353489231,-0.216522487910178,-0.216522675973157
2022-07-08 07:00:00,1955.29166666667,-16.0768667171429,-0.157583693382894,-0.157583881859006
2022-07-08 08:30:00,1955.35416666667,-16.0657248903346,-0.156135073551715,-0.156135263266976
2022-07-08 09:00:00,1955.375,-16.1885580129464,-0.175811015076693,-0.175811205204924
2022-07-08 09:30:00,1955.39583333333,-16.020522311465,-0.149151233509178,-0.149151424050334
2022-07-08 10:00:00,1955.41666666667,-15.6931577012987,-0.097110131359874,-0.0971103223139167
2022-07-08 11:00:00,1955.45833333333,-15.4378810578067,-0.056660673240444,-0.056660865020134
2022-07-08 11:30:00,1955.47916666667,-15.9946875191964,-0.145468319836594,-0.145468512029047
2022-07-08 12:00:00,1955.5,-16.4035745911111,-0.210712190359002,-0.210712382964174
2022-07-08 12:30:00,1955.52083333333,-15.9324628189591,-0.135771504524421,-0.135771697542271
2022-07-08 13:30:00,1955.5625,-15.8433840640074,-0.121796372494133,-0.121796566337218
2022-07-08 14:00:00,1955.58333333333,-16.62175000625,-0.245898044454455,-0.245898238710093
2022-07-08 14:30:00,1955.60416666667,-16.4344235649682,-0.216164117929382,-0.216164312597533
2022-07-08 15:00:00,1955.625,-16.9069591532468,-0.291546572550715,-0.291546767631337
2022-07-08 16:00:00,1955.66666666667,-17.6796066486085,-0.414843930983718,-0.414844126889156
2022-07-08 16:30:00,1955.6875,-16.4307544665179,-0.216007748453777,-0.216007944771558
2022-07-08 17:00:00,1955.70833333333,-16.0864508053968,-0.161266679952838,-0.161266876682922
2022-07-08 17:30:00,1955.72916666667,-15.2511576894249,-0.0283105286504599,-0.0283107257928064
2022-07-08 18:30:00,1955.77083333333,-15.1387958985158,-0.0106241576443413,-0.0106243556110798
2022-07-08 19:00:00,1955.79166666667,-15.7413183466368,-0.106712717770851,-0.106712916149726
2022-07-08 19:30:00,1955.8125,-15.4796571295238,-0.0651360906380906,-0.0651362894290558
2022-07-08 20:00:00,1955.83333333333,-15.3954675133581,-0.0518307045148159,-0.0518309037178288
2022-07-08 21:00:00,1955.875,-14.6574897705009,0.0655178530893689,0.0655176530623841
2022-07-08 21:30:00,1955.89583333333,-15.1692321383929,-0.0161088160921362,-0.0161090165310408
2022-07-08 22:00:00,1955.91666666667,-14.7721433082803,0.0470420859295295,0.0470418850787457
2022-07-08 22:30:00,1955.9375,-15.1941441771536,-0.0202884745161759,-0.0202886757787941
2022-07-08 23:30:00,1955.97916666667,-15.121868425,-0.00898560069134013,-0.00898580277750227
2022-07-09,1956,-15.3795570803653,-0.0501407722866918,-0.0501409747845595
2022-07-09 00:30:00,1956.02083333333,-15.1122952447619,-0.0076708435680054,-0.00767104647753547
2022-07-09 01:00:00,1956.04166666667,-15.0250580490637,0.00612114334605585,0.00612094002490227
2022-07-09 02:00:00,1956.08333333333,-15.0945899226592,-0.00516491921474838,-0.00516512335901087
2022-07-09 02:30:00,1956.10416666667,-15.3929041118721,-0.0527912074157997,-0.0527914119715538
2022-07-09 03:00:00,1956.125,-15.4038222238095,-0.0546349830962437,-0.054635188063446
2022-07-09 03:30:00,1956.14583333333,-15.6439793805243,-0.0929965903795427,-0.0929967957581476
2022-07-09 04:30:00,1956.1875,-15.5183629442344,-0.0731942673150927,-0.0731944735163743
2022-07-09 07:30:00,1956.3125,-18.2743349652812,-0.512845284208135,-0.512845492876399
2022-07-09 08:00:00,1956.33333333333,-18.1475076946154,-0.492745000932725,-0.492745210011998
2022-07-09 09:00:00,1956.375,-18.2605342972171,-0.510956666090989,-0.51095687599215
2022-07-09 10:00:00,1956.41666666667,-18.6569906996283,-0.574318452074007,-0.574318662796878
2022-07-09 10:30:00,1956.4375,-18.7700434640097,-0.592430668768744,-0.592430879902402
2022-07-09 11:00:00,1956.45833333333,-18.7520879352,-0.589673058491589,-0.589673270035992
2022-07-09 11:30:00,1956.47916666667,-18.4784675183673,-0.546187736591537,-0.54618794854664
2022-07-09 12:30:00,1956.52083333333,-18.0584526955473,-0.479483950405031,-0.479484163181397
2022-07-09 13:00:00,1956.54166666667,-18.312954110628,-0.520128476873571,-0.520128690060505
2022-07-09 13:30:00,1956.5625,-18.7792381412698,-0.594510013031352,-0.594510226628806
2022-07-09 14:00:00,1956.58333333333,-18.9646796062963,-0.624153015467883,-0.624153229475812
2022-07-09 15:00:00,1956.625,-19.460290727037,-0.703307973221972,-0.703308188050719
2022-07-09 15:30:00,1956.64583333333,-19.0539855434783,-0.638684974615497,-0.638685189854584
2022-07-09 16:00:00,1956.66666666667,-18.6351919688,-0.572072454001922,-0.572072669651306
2022-07-09 16:30:00,1956.6875,-20.0649037001852,-0.79992803721845,-0.799928253278083
2022-07-09 17:30:00,1956.72916666667,-20.2378833259259,-0.827686443423597,-0.827686660303597
2022-07-09 18:00:00,1956.75,-19.1634275444444,-0.656626015082301,-0.656626232372414
2022-07-09 18:30:00,1956.77083333333,-19.8063888714286,-0.759151246964619,-0.759151464664802
2022-07-09 19:00:00,1956.79166666667,-18.7546147861111,-0.591703804133212,-0.59170402224342
2022-07-09 20:00:00,1956.83333333333,-17.3817481677778,-0.3732066744884,-0.373206893418517
2022-07-09 20:30:00,1956.85416666667,-17.1918888736715,-0.343062536388374,-0.343062755728379
2022-07-09 21:00:00,1956.875,-17.4549920373016,-0.385075528991327,-0.385075748741174
2022-07-09 21:30:00,1956.89583333333,-16.0848981307407,-0.166918948690305,-0.166919168849946
2022-07-09 22:30:00,1956.9375,-15.7695796333333,-0.116888865312085,-0.116889086291178
2022-07-09 23:00:00,1956.95833333333,-15.8119878900966,-0.123744551383413,-0.123744772772165
2022-07-09 23:30:00,1956.97916666667,-15.7856031769841,-0.119641355622046,-0.11964157742041
2022-07-10,1957,-15.626122682342,-0.0943357941671177,-0.0943360163750456
2022-07-10 01:00:00,1957.04166666667,-16.4568305372439,-0.226867401900482,-0.226867624927404
2022-07-10 01:30:00,1957.0625,-17.3880992450363,-0.375318630027494,-0.375318853463841
2022-07-10 02:00:00,1957.08333333333,-17.215696092,-0.347954029391938,-0.347954253237663
2022-07-10 02:30:00,1957.10416666667,-17.9837813424299,-0.470409790865343,-0.470410015120402
2022-07-10 03:30:00,1957.14583333333,-17.3939293946097,-0.376644080461349,-0.376644305534935
2022-07-10 04:00:00,1957.16666666667,-18.4709079840194,-0.548306433553567,-0.548306659036348
2022-07-10 04:30:00,1957.1875,-18.5222381277778,-0.55658214361394,-0.556582369505866
2022-07-10 05:00:00,1957.20833333333,-19.2468957031657,-0.672119281989713,-0.672119508290741
2022-07-10 06:00:00,1957.25,-19.4724576316384,-0.708248457734993,-0.708248684854079
2022-07-10 09:00:00,1957.375,-19.8034662867041,-0.761566664698607,-0.761566894270743
2022-07-10 10:00:00,1957.41666666667,-18.7109795672253,-0.587727944341725,-0.587728174731165
2022-07-10 11:00:00,1957.45833333333,-17.8895754435754,-0.457072423821166,-0.45707265502772
2022-07-10 11:30:00,1957.47916666667,-17.2248826635009,-0.351283591333341,-0.351283822948382
2022-07-10 12:30:00,1957.52083333333,-18.9558670252809,-0.627224703225619,-0.627224935657487
2022-07-10 13:30:00,1957.5625,-19.4081412312268,-0.699465921864229,-0.699466155112734
2022-07-10 14:00:00,1957.58333333333,-20.2843401693309,-0.839141676663337,-0.839141910320088
2022-07-10 15:00:00,1957.625,-21.0027962371963,-0.953785178465573,-0.953785412938674
2022-07-10 16:00:00,1957.66666666667,-19.6139870152134,-0.732739361822278,-0.732739597111534
2022-07-10 16:30:00,1957.6875,-19.8821710358736,-0.775557340908937,-0.7755575766062
2022-07-10 17:30:00,1957.72916666667,-19.8150705,-0.765059984444695,-0.765060220957824
2022-07-10 18:30:00,1957.77083333333,-18.3851175481343,-0.537458812060548,-0.537459049389349
2022-07-10 19:00:00,1957.79166666667,-18.428296052514,-0.54443268643552,-0.544432924172086
2022-07-10 20:00:00,1957.83333333333,-17.0094916080074,-0.31860680084481,-0.318607039396753
2022-07-10 21:00:00,1957.875,-17.1485277716667,-0.340945585000954,-0.340945824368083
2022-07-10 21:30:00,1957.89583333333,-16.6471470629423,-0.261170222097209,-0.261170461871857
2022-07-10 22:30:00,1957.9375,-16.3047755152134,-0.206819735047499,-0.20681997563704
2022-07-10 23:30:00,1957.97916666667,-15.6852546475836,-0.108318710653863,-0.108318952058099
2022-07-11,1958,-15.0540351827778,-0.00785937533528458,-0.00785961714679217
2022-07-11 01:00:00,1958.04166666667,-16.3801666624074,-0.219301481121392,-0.2193017237473
2022-07-11 02:00:00,1958.08333333333,-16.9180241204082,-0.305170519080404,-0.305170762520512
2022-07-11 02:30:00,1958.10416666667,-17.2974370574074,-0.365705081490651,-0.365705325337787
2022-07-11 03:30:00,1958.14583333333,-16.8622203835185,-0.29656203538135,-0.296562280042388
2022-07-11 04:30:00,1958.1875,-15.9175788487941,-0.146266791787948,-0.146267037262692
2022-07-11 05:00:00,1958.20833333333,-15.4879332181818,-0.0779171798248325,-0.0779174257063523
2022-07-11 06:00:00,1958.25,-15.2421356960967,-0.0389476070002724,-0.0389478536951968
2022-07-11 07:00:00,1958.29166666667,-15.0781672884758,-0.0130130172352046,-0.0130132647433351
2022-07-11 10:30:00,1958.4375,-14.1231261792208,0.138479353862895,0.138479103510134
2022-07-11 11:30:00,1958.47916666667,-13.86003153859,0.180206864636273,0.180206613471217
2022-07-11 12:00:00,1958.5,-14.4530581989418,0.0856456373091162,0.0856453857379884
2022-07-11 12:30:00,1958.52083333333,-14.2689971222857,0.114875155283379,0.11487490330623
2022-07-11 13:00:00,1958.54166666667,-14.4915315927509,0.0793338255343647,0.0793335731512437
2022-07-11 16:00:00,1958.66666666667,-15.4513698689498,-0.074115291271267,-0.0741155460891358
2022-07-11 16:30:00,1958.6875,-14.484668740625,0.0797902544760081,0.0797899992525265
2022-07-11 17:00:00,1958.70833333333,-15.8895250391466,-0.144094879032786,-0.144095134661827
2022-07-11 18:00:00,1958.75,-15.9913131141414,-0.160490493771508,-0.160490750211515
2022-07-11 18:30:00,1958.77083333333,-15.12296362,-0.022251979224708,-0.0222522360701223
2022-07-11 19:00:00,1958.79166666667,-16.7293252587361,-0.278236602973337,-0.278236860224106
2022-07-11 20:00:00,1958.83333333333,-16.8916138975,-0.304269091707105,-0.304269349768427
2022-07-11 20:30:00,1958.85416666667,-14.5193610621444,0.0735427543960717,0.0735424959295498
2022-07-11 21:00:00,1958.875,-14.44778754625,0.0848548544924229,0.0848545956207551
2022-07-11 22:30:00,1958.9375,-14.1233283797774,0.136273277352371,0.136273017265574
2022-07-11 23:00:00,1958.95833333333,-14.1113494423792,0.138092373330236,0.138092112838502
2022-07-11 23:30:00,1958.97916666667,-14.3534711889724,0.0994331624991291,0.099432901602508
2022-07-12,1959,-14.1631645658228,0.129660213732454,0.129659952431
2022-07-12 00:30:00,1959.02083333333,-14.5368364319703,0.0700452023519399,0.0700449406457035
2022-07-12 01:00:00,1959.04166666667,-14.603267167718,0.0593740363709283,0.059373774259962
2022-07-12 01:30:00,1959.0625,-14.700085222807,0.0438622624836144,0.0438619999679725
2022-07-12 02:00:00,1959.08333333333,-14.720964275,0.0404477398158366,0.04044747689557
2022-07-12 02:30:00,1959.10416666667,-14.8016296190741,0.027509331929963,0.0275090686051243
2022-07-12 03:00:00,1959.125,-14.954759272963,0.00302742152063973,0.00302715779128315
2022-07-12 03:30:00,1959.14583333333,-15.0296416110276,-0.00898952173614798,-0.00898978586996935
2022-07-12 04:00:00,1959.16666666667,-14.9829078113475,-0.00163281350530564,-0.00163307804354096
2022-07-12 04:30:00,1959.1875,-15.0717977651206,-0.0158809522701411,-0.0158812172127373
2022-07-12 05:00:00,1959.20833333333,-14.993859257037,-0.00355308398446197,-0.00355334933136442
2022-07-12 05:30:00,1959.22916666667,-15.0693082784461,-0.0156598448892766,-0.0156601106404342
2022-07-12 06:00:00,1959.25,-15.024212806383,-0.00856366795981922,-0.00856393411517875
2022-07-12 06:30:00,1959.27083333333,-14.9935110977778,-0.00376031394238485,-0.00376058050189154
2022-07-12 07:30:00,1959.3125,-14.7976277981481,0.027269477186,0.0272692098183571
2022-07-12 08:00:00,1959.33333333333,-14.6818663205446,0.0456232549351492,0.0456229871635173
2022-07-12 08:30:00,1959.35416666667,-14.6774485345588,0.0462400169795358,0.0462397488039684
2022-07-12 09:00:00,1959.375,-14.5601870827338,0.0648329695802644,0.0648327010008166
2022-07-12 12:00:00,1959.5,-14.0394999972119,0.147259905109057,0.147259634107445
2022-07-12 12:30:00,1959.52083333333,-13.9518438702602,0.161137506252784,0.161137234847668
2022-07-12 13:00:00,1959.54166666667,-13.8767916651042,0.173007407684863,0.173007135876294
2022-07-12 13:30:00,1959.5625,-13.9859548425806,0.15553178106939,0.155531508857425
2022-07-12 14:00:00,1959.58333333333,-13.6513005519481,0.208756708340444,0.208756435725135
2022-07-12 14:30:00,1959.60416666667,-13.0673133045028,0.301700667878508,0.301700394859909
2022-07-12 15:00:00,1959.625,-13.0960703205729,0.297034142445314,0.29703386902348
2022-07-12 15:30:00,1959.64583333333,-12.9727871335484,0.316587844107167,0.316587570282154
2022-07-12 16:00:00,1959.66666666667,-12.8732240627778,0.332363028402297,0.332362754174155
2022-07-12 16:30:00,1959.6875,-12.5588740762963,0.38235403597371,0.382353761342497
2022-07-12 17:00:00,1959.70833333333,-12.1907858984334,0.440905689959221,0.440905414924992
2022-07-12 17:30:00,1959.72916666667,-12.0301923307692,0.466403418397834,0.46640314296064
2022-07-12 18:30:00,1959.77083333333,-12.3314444616667,0.418244197813977,0.418243921571021
2022-07-12 19:00:00,1959.79166666667,-12.3565129919271,0.414166163849943,0.414165887204187
2022-07-12 19:30:00,1959.8125,-12.3507290180645,0.415003070019719,0.41500279297122
2022-07-12 20:00:00,1959.83333333333,-12.2036424558659,0.43834969367824,0.43834941622705
2022-07-12 20:30:00,1959.85416666667,-11.9396833251852,0.480314315215584,0.480314037361758
2022-07-12 21:00:00,1959.875,-11.9276380236979,0.482148997953573,0.482148719697169
2022-07-12 21:30:00,1959.89583333333,-11.8954903451613,0.487186117943568,0.48718583928464
2022-07-12 22:00:00,1959.91666666667,-12.0203580641929,0.467210687129215,0.467210408067815
2022-07-12 22:30:00,1959.9375,-11.8850018548327,0.488689228311077,0.488688948847264
2022-07-12 23:00:00,1959.95833333333,-11.8373759840731,0.496192378115593,0.496192098249421
2022-07-12 23:30:00,1959.97916666667,-11.9128461666667,0.48408635292061,0.484086072652133
2022-07-13,1960,-13.2671592442593,0.268259854951779,0.268259574281053
2022-07-13 00:30:00,1960.02083333333,-13.4905899985158,0.232583833519847,0.232583552446928
2022-07-13 01:00:00,1960.04166666667,-13.2756770851563,0.266736385882625,0.266736104407568
2022-07-13 01:30:00,1960.0625,-13.3824807775641,0.249639367352429,0.24963908547529
2022-07-13 02:00:00,1960.08333333333,-13.3924185057407,0.24797328046491,0.247972998185743
2022-07-13 02:30:00,1960.10416666667,-13.6893073957407,0.200595782769754,0.200595500088616
2022-07-13 03:00:00,1960.125,-13.4923133117493,0.231894310106587,0.231894027023534
2022-07-13 03:30:00,1960.14583333333,-13.4554904598726,0.237677560058119,0.237677276573208
2022-07-13 04:00:00,1960.16666666667,-13.3110407266667,0.260605963478371,0.260605679591653
2022-07-13 04:30:00,1960.1875,-13.5304092442593,0.225577973929514,0.225577689641049
2022-07-13 05:00:00,1960.20833333333,-13.4509164663185,0.238158916711725,0.238158632021569
2022-07-13 05:30:00,1960.22916666667,-13.4009490490446,0.246036562833689,0.246036277741896
2022-07-13 06:00:00,1960.25,-13.7179703587037,0.195452756904303,0.19545247141093
2022-07-13 07:00:00,1960.29166666667,-14.059986972067,0.140805439732744,0.140805153436379
2022-07-13 07:30:00,1960.3125,-14.6221624418782,0.0511687441751799,0.0511684574774046
2022-07-13 08:00:00,1960.33333333333,-14.9441596972222,-0.000207275737739265,-0.000207562836870512
2022-07-13 08:30:00,1960.35416666667,-15.1370856452514,-0.0310220297033045,-0.0310223172037352
2022-07-13 09:00:00,1960.375,-15.1495027805195,-0.0330814863355744,-0.0330817742372463
2022-07-13 09:30:00,1960.39583333333,-15.9433527695431,-0.159623640515571,-0.159623928818428
2022-07-13 10:00:00,1960.41666666667,-16.092000077931,-0.183384432113072,-0.18338472081706
2022-07-13 13:30:00,1960.5625,-17.0391301453532,-0.334827906185831,-0.334828197696133
2022-07-13 14:00:00,1960.58333333333,-17.9354675218924,-0.477695343675324,-0.477695635586301
2022-07-13 14:30:00,1960.60416666667,-17.8908366825603,-0.470665757368507,-0.470666049680102
2022-07-13 15:30:00,1960.64583333333,-18.6159332319109,-0.586334088645256,-0.586334381757914
2022-07-13 16:00:00,1960.66666666667,-18.6851973026906,-0.597447699106698,-0.597447992619803
2022-07-13 16:30:00,1960.6875,-18.7902999627778,-0.614270307833954,-0.614270601747446
2022-07-13 17:30:00,1960.72916666667,-18.1411518490741,-0.511019565261661,-0.511019859975756
2022-07-13 18:00:00,1960.75,-20.1881299072356,-0.837183968664317,-0.837184263778629
2022-07-13 18:30:00,1960.77083333333,-18.7762981459259,-0.612357381454856,-0.612357676969325
2022-07-13 19:30:00,1960.8125,-18.6400889251852,-0.590817253785583,-0.590817550100195
2022-07-13 20:00:00,1960.83333333333,-17.421133345,-0.396715636013145,-0.396715932727743
2022-07-13 20:30:00,1960.85416666667,-16.8575777505556,-0.307019589623282,-0.307019886737808
2022-07-13 21:30:00,1960.89583333333,-16.3260760890538,-0.222508176037303,-0.222508473951509
2022-07-13 22:00:00,1960.91666666667,-17.1083426268519,-0.347202212885703,-0.347202511199663
2022-07-13 22:30:00,1960.9375,-17.0012944333333,-0.33022766277697,-0.330227961490624
2022-07-13 23:30:00,1960.97916666667,-17.0106370685185,-0.331872214202316,-0.331872513715186
2022-07-14,1961,-17.5730111044444,-0.421536759331924,-0.421537059244315
2022-07-14 00:30:00,1961.02083333333,-17.1513203661111,-0.354438967914072,-0.354439268225923
2022-07-14 01:30:00,1961.0625,-17.2578611268519,-0.371566331934071,-0.371566633044672
2022-07-14 02:00:00,1961.08333333333,-17.982872212963,-0.487138616188108,-0.487138917697996
2022-07-14 02:30:00,1961.10416666667,-17.5426648048148,-0.417090646804189,-0.417090948713306
2022-07-14 03:30:00,1961.14583333333,-16.5356085716141,-0.256820295315318,-0.256820598022714
2022-07-14 04:00:00,1961.16666666667,-17.9601055827778,-0.483820727940069,-0.483821031046518
2022-07-14 04:30:00,1961.1875,-18.157142585,-0.515285789119831,-0.515286092625272
2022-07-14 05:30:00,1961.22916666667,-18.803307432037,-0.618373818224437,-0.618374122527687
2022-07-14 06:30:00,1961.27083333333,-18.9881320105948,-0.647969553312448,-0.647969858413271
2022-07-14 07:00:00,1961.29166666667,-18.8511486659851,-0.626224360086388,-0.62622466558591
2022-07-14 08:00:00,1961.33333333333,-18.7563847479554,-0.611280758370976,-0.611281064667716
2022-07-14 08:30:00,1961.35416666667,-18.6178025944134,-0.589280528945655,-0.589280835640916
2022-07-14 09:00:00,1961.375,-18.4926424569832,-0.569418321327697,-0.569418628421417
2022-07-14 10:00:00,1961.41666666667,-18.4199517910946,-0.557990084846093,-0.557990392736558
2022-07-14 10:30:00,1961.4375,-18.120895905948,-0.510425815438255,-0.510426123727001
2022-07-14 11:00:00,1961.45833333333,-17.7227806856877,-0.447081208168195,-0.447081516855164
2022-07-14 14:30:00,1961.60416666667,-18.1438962780488,-0.51469002515514,-0.514690336627994
2022-07-14 15:00:00,1961.625,-17.9144491804813,-0.478213450098868,-0.478213761969465
2022-07-14 15:30:00,1961.64583333333,-17.3026778065177,-0.380832229523005,-0.380832541791285
2022-07-14 16:00:00,1961.66666666667,-16.9411780797774,-0.323319346111426,-0.32331965877733
2022-07-14 16:30:00,1961.6875,-17.3468902060976,-0.388023744056283,-0.388024057119749
2022-07-14 17:00:00,1961.70833333333,-17.2372513879679,-0.370632253169525,-0.370632566630492
2022-07-14 17:30:00,1961.72916666667,-16.9708197195167,-0.328263434066353,-0.328263747924765
2022-07-14 18:00:00,1961.75,-17.1366363586271,-0.354751964124103,-0.354752278379895
2022-07-14 18:30:00,1961.77083333333,-17.1541220146341,-0.357611147441288,-0.357611462094401
2022-07-14 19:00:00,1961.79166666667,-17.2945146805333,-0.38004939012268,-0.380049705173054
2022-07-14 19:30:00,1961.8125,-16.2478074190741,-0.213381650907732,-0.213381966355306
2022-07-14 20:00:00,1961.83333333333,-15.7770777683333,-0.13846744151957,-0.138467757364282
2022-07-14 20:30:00,1961.85416666667,-15.7814634146341,-0.139239323302638,-0.13923963954443
2022-07-14 21:00:00,1961.875,-15.3247700745989,-0.0665608778895257,-0.0665611945283336
2022-07-14 21:30:00,1961.89583333333,-15.5038462755556,-0.0951608594956549,-0.0951611765314201
2022-07-14 22:00:00,1961.91666666667,-16.2327814666667,-0.21135365597053,-0.211353973403191
2022-07-14 22:30:00,1961.9375,-16.6276280682927,-0.2743257861884,-0.274326104017895
2022-07-14 23:00:00,1961.95833333333,-16.5941412872,-0.269063987229347,-0.269064305455615
2022-07-14 23:30:00,1961.97916666667,-16.7537759338889,-0.29456645449602,-0.294566773119002
2022-07-15,1962,-16.727166667963,-0.290400018154812,-0.290400337174445
2022-07-15 00:30:00,1962.02083333333,-17.426263901227,-0.401839030487921,-0.401839349904142
2022-07-15 01:00:00,1962.04166666667,-17.3155505053191,-0.384274515638627,-0.384274835451378
2022-07-15 01:30:00,1962.0625,-17.8962907296296,-0.476858941347429,-0.476859261556648
2022-07-15 02:00:00,1962.08333333333,-17.3744452910946,-0.393800567770479,-0.393800888376103
2022-07-15 02:30:00,1962.10416666667,-17.4058840646341,-0.398880649278301,-0.39888097028027
2022-07-15 03:00:00,1962.125,-16.9567579667553,-0.327406288059987,-0.327406609458238
2022-07-15 03:30:00,1962.14583333333,-17.6808351946296,-0.442823939718854,-0.442824261513326
2022-07-15 04:00:00,1962.16666666667,-17.525344467963,-0.418125672359291,-0.418125994549924
2022-07-15 04:30:00,1962.1875,-17.732359745122,-0.451174755141224,-0.451175077727954
2022-07-15 05:00:00,1962.20833333333,-17.5940319547872,-0.429210325156679,-0.429210648139444
2022-07-15 06:00:00,1962.25,-18.0543024096475,-0.50267396324246,-0.502674287017112
2022-07-15 06:30:00,1962.27083333333,-17.9252356267161,-0.482184472315616,-0.482184796486117
2022-07-15 07:00:00,1962.29166666667,-18.1391092155172,-0.516325512310412,-0.516325836876703
2022-07-15 07:30:00,1962.3125,-17.8328269664835,-0.467605240254511,-0.467605565216529
2022-07-15 08:00:00,1962.33333333333,-18.0750519723562,-0.506262450492327,-0.506262775850007
2022-07-15 08:30:00,1962.35416666667,-18.1455799345725,-0.517568083586918,-0.5175684093402
2022-07-15 09:00:00,1962.375,-18.1681034488506,-0.52122645841939,-0.521226784568211
2022-07-15 09:30:00,1962.39583333333,-18.0789397309589,-0.507092861944141,-0.50709318848844
2022-07-15 10:00:00,1962.41666666667,-17.9252518375926,-0.482680402787026,-0.482680729726741
2022-07-15 10:30:00,1962.4375,-17.7970910433086,-0.462334313327698,-0.462334640662763
2022-07-15 11:00:00,1962.45833333333,-18.9006148908046,-0.638196352043953,-0.638196679774307
2022-07-15 11:30:00,1962.47916666667,-18.8079317174863,-0.623501642074327,-0.623501970199911
2022-07-15 12:00:00,1962.5,-18.3473209840445,-0.550195693396589,-0.550196021917337
2022-07-15 12:30:00,1962.52083333333,-19.4330999683333,-0.723230616358653,-0.723230945274502
2022-07-15 16:00:00,1962.66666666667,-19.9278935655462,-0.802535240223992,-0.802535571903795
2022-07-15 16:30:00,1962.6875,-19.7162706900553,-0.768892195753798,-0.768892527828199
2022-07-15 17:00:00,1962.70833333333,-20.8956753120594,-0.956840710136429,-0.956841042605365
2022-07-15 17:30:00,1962.72916666667,-20.1671817825603,-0.840859570024855,-0.840859902888264
2022-07-15 18:00:00,1962.75,-18.6217740288136,-0.594743294652641,-0.594743627910457
2022-07-15 18:30:00,1962.77083333333,-18.0600162924324,-0.505323054405365,-0.505323388057526
2022-07-15 19:00:00,1962.79166666667,-19.1014452680891,-0.67129148746416,-0.671291821510602
2022-07-15 19:30:00,1962.8125,-17.0807162111317,-0.349455842084478,-0.349456176525139
2022-07-15 20:00:00,1962.83333333333,-16.6671101443503,-0.283635921913739,-0.283636256748554
2022-07-15 20:30:00,1962.85416666667,-16.0807026794595,-0.190288499933537,-0.190288835162443
2022-07-15 21:00:00,1962.875,-16.2824425885185,-0.222493402230016,-0.222493737852948
2022-07-15 21:30:00,1962.89583333333,-16.4916074066667,-0.255880982228353,-0.25588131824525
2022-07-15 22:00:00,1962.91666666667,-15.7262909680791,-0.134032886021768,-0.134033222432565
2022-07-15 22:30:00,1962.9375,-15.5399247365591,-0.104411855886718,-0.104412192691349
2022-07-15 23:00:00,1962.95833333333,-15.6534870314815,-0.122569538698677,-0.122569875897081
2022-07-15 23:30:00,1962.97916666667,-15.4826747061338,-0.0954260256275361,-0.0954263632196481
2022-07-16,1963,-15.3266129838983,-0.0706321785080501,-0.0706325164938051
2022-07-16 00:30:00,1963.02083333333,-15.8146989569892,-0.148451403896282,-0.148451742275616
2022-07-16 01:00:00,1963.04166666667,-16.1168178583643,-0.196645826183639,-0.196646164956489
2022-07-16 01:30:00,1963.0625,-16.2225462727778,-0.213554987864199,-0.2135553270305
2022-07-16 02:00:00,1963.08333333333,-16.4372804583569,-0.247828731089029,-0.247829070648717
2022-07-16 02:30:00,1963.10416666667,-16.3437149462366,-0.232989996447811,-0.232990336400821
2022-07-16 03:00:00,1963.125,-16.6527810920223,-0.282290656920255,-0.282290997266525
2022-07-16 03:30:00,1963.14583333333,-16.8635518435185,-0.315932675114513,-0.315933015853975
2022-07-16 04:00:00,1963.16666666667,-16.6952429587571,-0.289186920624733,-0.289187261757325
2022-07-16 04:30:00,1963.1875,-16.6463387397849,-0.281462298981508,-0.281462640507164
2022-07-16 05:30:00,1963.22916666667,-16.2892844228625,-0.224714654654748,-0.22471499696634
2022-07-16 06:00:00,1963.25,-16.008735594041,-0.180088533850774,-0.180088876555236
2022-07-16 06:30:00,1963.27083333333,-15.8601463498645,-0.156483553405325,-0.156483896502592
2022-07-16 07:00:00,1963.29166666667,-15.6900710301775,-0.129455709993103,-0.129456053483111
2022-07-16 07:30:00,1963.3125,-15.9744665436803,-0.174825279286341,-0.174825623169025
2022-07-16 08:00:00,1963.33333333333,-15.8305344640596,-0.151961841106375,-0.151962185381669
2022-07-16 08:30:00,1963.35416666667,-15.9160704677507,-0.165652716769904,-0.165653061437745
2022-07-16 09:00:00,1963.375,-15.8498999652941,-0.155176521775639,-0.155176866835961
2022-07-16 09:30:00,1963.39583333333,-15.7569610491651,-0.140435983528896,-0.140436328981633
2022-07-16 10:00:00,1963.41666666667,-15.6158773236059,-0.118025826901341,-0.118026172746429
2022-07-16 10:30:00,1963.4375,-15.3520189723577,-0.0760574688232659,-0.076057815060638
2022-07-16 11:00:00,1963.45833333333,-15.2135029893491,-0.0540561237267005,-0.054056470356293
2022-07-16 11:30:00,1963.47916666667,-14.8411359615063,0.0051979757832793,0.00519762876153196
2022-07-16 12:00:00,1963.5,-14.4944860886827,0.060355429987651,0.0603550825738156
2022-07-16 12:30:00,1963.52083333333,-15.032997301084,-0.0254937933563504,-0.0254941411622084
2022-07-16 13:00:00,1963.54166666667,-14.7323411523529,0.0223370594905028,0.0223367112926853
2022-07-16 13:30:00,1963.5625,-15.456858977551,-0.0931429184201445,-0.0931432670098533
2022-07-16 14:00:00,1963.58333333333,-15.9281484508349,-0.168283323011249,-0.168283671992784
2022-07-16 17:30:00,1963.72916666667,-16.351868002974,-0.236224487546509,-0.236224839268985
2022-07-16 18:30:00,1963.77083333333,-16.2429813972119,-0.219004111902839,-0.219004464407846
2022-07-16 19:00:00,1963.79166666667,-16.107762120632,-0.197526079780659,-0.197526432676833
2022-07-16 19:30:00,1963.8125,-15.4709981198885,-0.0961514987007437,-0.0961518519880171
2022-07-16 20:30:00,1963.85416666667,-14.9188033521336,-0.00831088815078407,-0.00831124222005808
2022-07-16 21:00:00,1963.875,-14.8620964654917,0.000660528150005502,0.000660173689830401
2022-07-16 21:30:00,1963.89583333333,-14.6161224604824,0.0397824476796548,0.0397820928286464
2022-07-16 22:30:00,1963.9375,-14.6933685135185,0.0273536138339416,0.0273532582014654
2022-07-16 23:00:00,1963.95833333333,-14.8448126172542,0.00316689274915927,0.0031665367260485
2022-07-16 23:30:00,1963.97916666667,-14.6948052022263,0.0270017300763442,0.0270013736626656
2022-07-17 00:30:00,1964.02083333333,-14.7849605325444,0.0125173675501788,0.012517010355568
2022-07-17 01:00:00,1964.04166666667,-15.0848611148148,-0.0353181123989346,-0.0353184699839137
2022-07-17 01:30:00,1964.0625,-15.041614792037,-0.0284899290734766,-0.0284902870487544
2022-07-17 02:30:00,1964.10416666667,-15.1980314764815,-0.0535288439961787,-0.0535292027518539
2022-07-17 03:00:00,1964.125,-14.9401037144444,-0.0125014056857277,-0.0125017648315012
2022-07-17 03:30:00,1964.14583333333,-14.687438897963,0.0276877577512935,0.0276873982154899
2022-07-17 05:00:00,1964.20833333333,-14.4531393927509,0.0648309659721675,0.0648306052666754
2022-07-17 05:30:00,1964.22916666667,-14.3193643,0.0860813759945017,0.0860810148992481
2022-07-17 06:00:00,1964.25,-14.1866040799257,0.107170232227415,0.107169870742468
2022-07-17 07:00:00,1964.29166666667,-14.047102245539,0.129273439231202,0.129273076967071
2022-07-17 07:30:00,1964.3125,-14.0338719929499,0.131321434731746,0.131321072078124
2022-07-17 08:00:00,1964.33333333333,-14.0013951847866,0.136435536472914,0.13643517342987
2022-07-17 09:00:00,1964.375,-14.0736808940631,0.124801765895723,0.124801402074036
2022-07-17 09:30:00,1964.39583333333,-14.1277866460111,0.116123552535365,0.11612318832446
2022-07-17 10:00:00,1964.41666666667,-14.0267639273234,0.132157531618208,0.132157167018151
2022-07-17 11:00:00,1964.45833333333,-13.8370333768089,0.16226406817953,0.162263702801375
2022-07-17 11:30:00,1964.47916666667,-13.9234192912801,0.148444066763655,0.148443700996553
2022-07-17 12:00:00,1964.5,-13.9600483555762,0.142550483381933,0.142550117225953
2022-07-17 13:00:00,1964.54166666667,-13.8729888766234,0.156302374828506,0.156302007894973
2022-07-17 13:30:00,1964.5625,-14.1315027784787,0.115062727040106,0.1150623597179
2022-07-17 14:00:00,1964.58333333333,-14.4059517842301,0.0712847220879517,0.0712843543771415
2022-07-17 15:00:00,1964.625,-14.6333580862709,0.0349429200955685,0.0349425516077531
2022-07-17 15:30:00,1964.64583333333,-14.3920167174397,0.0733310392721186,0.0733306703959045
2022-07-23 22:30:00,1970.9375,-12.6094229929499,0.345214027811709,0.345213545035676
2022-07-23 23:00:00,1970.95833333333,-12.8276363858586,0.310430254280342,0.310429771139224
2022-07-23 23:30:00,1970.97916666667,-12.5953522713636,0.347411173465126,0.347410689959009
2022-07-24 00:30:00,1971.02083333333,-13.4585858054104,0.209853595697844,0.209853111461984
2022-07-24 03:30:00,1971.14583333333,-13.4802881550847,0.206267647964976,0.20626716154193
2022-07-24 04:00:00,1971.16666666667,-13.0462185389549,0.275394202585438,0.275393715798159
2022-07-24 04:30:00,1971.1875,-12.8078160033457,0.313350969336207,0.31335048218478
2022-07-24 05:00:00,1971.20833333333,-13.3049888784387,0.234130165396898,0.234129677881409
2022-07-24 05:30:00,1971.22916666667,-13.6066578657895,0.186053388373088,0.186052900493622
2022-07-24 06:00:00,1971.25,-13.4432742167849,0.212059946544368,0.212059458301011
2022-07-24 06:30:00,1971.27083333333,-13.1274638205937,0.262348312362477,0.262347823755315
2022-07-24 07:00:00,1971.29166666667,-13.2567254139147,0.241736510093967,0.241736021123085
2022-07-24 07:30:00,1971.3125,-13.2605438561404,0.241108009337363,0.241107520002847
2022-07-24 08:00:00,1971.33333333333,-13.0208658816471,0.279268779671424,0.279268289973359
2022-07-24 08:30:00,1971.35416666667,-13.0688999972222,0.271596926359358,0.271596436297831
2022-07-24 09:00:00,1971.375,-13.123420382037,0.262891923629174,0.26289143320427
2022-07-24 09:30:00,1971.39583333333,-12.988008745614,0.284443345519409,0.284442854731213
2022-07-24 10:00:00,1971.41666666667,-12.8174705804706,0.311590566448657,0.311590075297257
2022-07-24 10:30:00,1971.4375,-12.8382851762963,0.308255273727019,0.308254782212499
2022-07-24 11:00:00,1971.45833333333,-12.3843506643785,0.380547971047497,0.380547479169944
2022-07-24 11:30:00,1971.47916666667,-12.3472807210526,0.386433962614244,0.386433470373744
2022-07-24 12:00:00,1971.5,-12.1973333288732,0.410301530368952,0.410301037765591
2022-07-24 12:30:00,1971.52083333333,-12.3441651148423,0.386892080886989,0.386891587920853
2022-07-24 13:00:00,1971.54166666667,-12.0568999912963,0.432634697228645,0.432634203899821
2022-07-24 13:30:00,1971.5625,-12.057833322807,0.432467211658913,0.432466717967487
2022-07-24 14:00:00,1971.58333333333,-11.9664671338028,0.447003223597289,0.447002729543347
2022-07-24 14:30:00,1971.60416666667,-12.2547740724074,0.401057152922599,0.401056658506227
2022-07-24 15:00:00,1971.625,-12.5092788053903,0.360495915695409,0.360495420916693
2022-07-24 15:30:00,1971.64583333333,-13.3594122692982,0.225050713927099,0.225050218786126
2022-07-24 16:00:00,1971.66666666667,-12.9228826215962,0.294571983244729,0.294571487741586
2022-07-24 16:30:00,1971.6875,-12.9632973946097,0.288115783455569,0.288115287590342
2022-07-24 17:00:00,1971.70833333333,-12.8537129790741,0.3055546795394,0.305554183312176
2022-07-24 17:30:00,1971.72916666667,-12.928710495614,0.29358965988724,0.293589163298106
2022-07-24 18:00:00,1971.75,-12.7844929922535,0.316545867509415,0.316545370558457
2022-07-24 18:30:00,1971.77083333333,-12.4902203766667,0.36340607969319,0.363405582380495
2022-07-24 19:00:00,1971.79166666667,-12.8455407322222,0.306785785321846,0.3067852876475
2022-07-24 19:30:00,1971.8125,-13.079736877193,0.269460782210723,0.269460284174815
2022-07-24 20:00:00,1971.83333333333,-12.8737206704225,0.302262039272604,0.302261540875219
2022-07-24 20:30:00,1971.85416666667,-12.5493178349442,0.353922488849842,0.353921990091067
2022-07-24 21:00:00,1971.875,-11.7074026083488,0.488023150116622,0.488022650996544
2022-07-24 21:30:00,1971.89583333333,-11.2590789368421,0.559424513358453,0.55942401387716
2022-07-24 22:00:00,1971.91666666667,-11.0521317649412,0.592374545690678,0.592374045848256
2022-07-24 22:30:00,1971.9375,-10.9823684951852,0.603471202348289,0.603470702144826
2022-07-24 23:30:00,1971.97916666667,-11.3949295012987,0.537716929036461,0.537716428111176
2022-07-25,1972,-11.6804418488372,0.492218279898607,0.492217778612543
2022-07-25 00:30:00,1972.02083333333,-11.6002255125,0.504980589435199,0.504980087788442
2022-07-25 01:00:00,1972.04166666667,-11.5898940581784,0.506610305307014,0.506609803299652
2022-07-25 01:30:00,1972.0625,-11.0384684035316,0.594436831946178,0.594436329578298
2022-07-25 05:00:00,1972.20833333333,-11.1274172092357,0.580158707915432,0.580158203026381
2022-07-25 05:30:00,1972.22916666667,-11.0159555337778,0.59789960220232,0.597899096953453
2022-07-25 06:00:00,1972.25,-11.4350834866419,0.531117307532492,0.531116801923896
2022-07-25 06:30:00,1972.27083333333,-11.7032040716141,0.488390712482328,0.488390206514091
2022-07-25 07:00:00,1972.29166666667,-11.5939076585987,0.505787032923073,0.505786526595283
2022-07-25 07:30:00,1972.3125,-11.4930044457778,0.521846428581491,0.521845921894236
2022-07-25 08:00:00,1972.33333333333,-11.5361579979554,0.514957596639316,0.514957089592685
2022-07-25 08:30:00,1972.35416666667,-11.5310666496296,0.515754329833984,0.515753822428064
2022-07-25 09:00:00,1972.375,-11.5934600811502,0.50580080738576,0.50580029962064
2022-07-25 09:30:00,1972.39583333333,-11.537995579646,0.514622255905026,0.514621747780794
2022-07-25 10:00:00,1972.41666666667,-11.1206085428571,0.581098340945153,0.581097832461897
2022-07-25 10:30:00,1972.4375,-10.5927814862963,0.66516771807425,0.665167209232058
2022-07-25 11:00:00,1972.45833333333,-10.3769968107643,0.699528638935416,0.699528129734376
2022-07-25 11:30:00,1972.47916666667,-10.2489026574336,0.719920514966228,0.719920005406429
2022-07-25 12:00:00,1972.5,-10.1769573314657,0.731367960696291,0.731367450777822
2022-07-25 12:30:00,1972.52083333333,-10.0865586648231,0.745755154807334,0.745754644530282
2022-07-25 13:00:00,1972.54166666667,-10.0886453690735,0.745409481270165,0.745408970634619
2022-07-25 13:30:00,1972.5625,-9.97422566433628,0.763623479969569,0.763622968975618
2022-07-25 14:00:00,1972.58333333333,-9.99088014874532,0.760957384700359,0.760956873348092
2022-07-25 14:30:00,1972.60416666667,-9.92009999785185,0.772219807347986,0.772219295637491
2022-07-25 15:00:00,1972.625,-9.90356229651757,0.77484148705145,0.774840974982816
2022-07-25 15:30:00,1972.64583333333,-9.8589955432,0.781928332800334,0.78192782037365
2022-07-25 16:30:00,1972.6875,-10.0398404476994,0.753094624584679,0.753094111442161
2022-07-25 17:00:00,1972.70833333333,-10.0499646201117,0.751469520895395,0.751469007395092
2022-07-25 17:30:00,1972.72916666667,-10.7766917052632,0.635689179154477,0.63568866529648
2022-07-25 18:00:00,1972.75,-10.6894357085714,0.649577042076064,0.649576527860462
2022-07-25 18:30:00,1972.77083333333,-11.0860873520446,0.586378190157107,0.586377675583987
2022-07-25 19:00:00,1972.79166666667,-11.7146156641791,0.486241337264106,0.486240822333559
2022-07-25 19:30:00,1972.8125,-12.196869329397,0.409406258201725,0.40940574291384
2022-07-25 20:00:00,1972.83333333333,-11.8175390085106,0.469822241872918,0.469821726227784
2022-07-25 20:30:00,1972.85416666667,-11.6377463011111,0.498451859173745,0.498451343171451
2022-07-25 21:00:00,1972.875,-11.638042655102,0.49839327835283,0.498392761993464
2022-07-25 21:30:00,1972.89583333333,-11.4024887265664,0.535905934132961,0.535905417416613
2022-07-25 22:00:00,1972.91666666667,-11.2585603184397,0.558822697089731,0.558822180016492
2022-07-25 23:00:00,1972.95833333333,-11.2524384279851,0.559776002161491,0.559775484374736
2022-07-25 23:30:00,1972.97916666667,-11.4536305923507,0.527715165464846,0.527714647321467
2022-07-26,1973,-11.4574711977444,0.5270926912024,0.527092172702488
2022-07-26 00:30:00,1973.02083333333,-11.4469411588235,0.528759588910198,0.52875907005384
2022-07-26 01:00:00,1973.04166666667,-12.1751644846729,0.412742665750683,0.412742146537971
2022-07-26 01:30:00,1973.0625,-12.9776884210821,0.284889720297039,0.284889200728062
2022-07-26 02:00:00,1973.08333333333,-12.7855125703518,0.315493279824917,0.315492759899765
2022-07-26 02:30:00,1973.10416666667,-12.8836423160584,0.299851068451249,0.29985054817001
2022-07-26 03:00:00,1973.125,-13.8001900043333,0.153834412043017,0.153833891405783
2022-07-26 03:30:00,1973.14583333333,-14.0816060123827,0.108994804236989,0.108994283243849
2022-07-26 06:30:00,1973.27083333333,-15.2469312595285,-0.0766988805853094,-0.076699403711994
2022-07-26 07:00:00,1973.29166666667,-15.3456334033333,-0.0924312127275627,-0.0924317362095224
2022-07-26 07:30:00,1973.3125,-15.6759256587361,-0.145055897065487,-0.145056420902631
2022-07-26 08:00:00,1973.33333333333,-16.8738312051948,-0.335891880595575,-0.335892404787814
2022-07-26 08:30:00,1973.35416666667,-17.7848919275049,-0.481033160574658,-0.481033685121902
2022-07-26 09:00:00,1973.375,-17.4414334066667,-0.426328510542929,-0.426329035445087
2022-07-26 09:30:00,1973.39583333333,-16.9186294404097,-0.343053884810026,-0.343054410067007
2022-07-26 10:00:00,1973.41666666667,-16.5506283887387,-0.284439355910163,-0.284439881521877
2022-07-26 10:30:00,1973.4375,-16.3977445891945,-0.260093040913891,-0.260093566880247
2022-07-26 11:00:00,1973.45833333333,-16.3324838548387,-0.24970502473196,-0.249705551052869
2022-07-26 11:30:00,1973.47916666667,-16.7379777887037,-0.314308445516957,-0.314308972192327
2022-07-26 12:00:00,1973.5,-16.6813314905556,-0.30529247900243,-0.305293006032169
2022-07-26 12:30:00,1973.52083333333,-17.2227775543307,-0.391552935056681,-0.3915534624407
2022-07-26 13:00:00,1973.54166666667,-17.2697741516129,-0.399047119668209,-0.399047647406418
2022-07-26 13:30:00,1973.5625,-17.5376752923933,-0.441731437828396,-0.441731965920703
2022-07-26 14:00:00,1973.58333333333,-17.2633333651852,-0.398035929671784,-0.398036458118098
2022-07-26 14:30:00,1973.60416666667,-17.9159410442043,-0.502004038103149,-0.502004566903379
2022-07-26 15:00:00,1973.625,-18.5839333233333,-0.608422806231509,-0.608423335385564
2022-07-26 15:30:00,1973.64583333333,-18.6097500157407,-0.612542426393096,-0.612542955900886
2022-07-26 16:00:00,1973.66666666667,-19.0321314875926,-0.679834981213917,-0.67983551107535
2022-07-26 16:30:00,1973.6875,-17.3101709218075,-0.405532198968738,-0.405532729183724
2022-07-26 17:00:00,1973.70833333333,-17.2775485129032,-0.400342074238402,-0.400342604806849
2022-07-26 17:30:00,1973.72916666667,-17.7836333457407,-0.48096827998541,-0.480968810907227
2022-07-26 18:00:00,1973.75,-17.8704156135436,-0.494799169383851,-0.494799700658946
2022-07-26 18:30:00,1973.77083333333,-17.908169010609,-0.500819606536568,-0.50082013816485
2022-07-26 19:00:00,1973.79166666667,-18.9492257677419,-0.666666867819549,-0.666667399800927
2022-07-26 19:30:00,1973.8125,-17.3487092111111,-0.411709494416985,-0.411710026751368
2022-07-26 20:00:00,1973.83333333333,-17.1043284226345,-0.372785399889705,-0.372785932577001
2022-07-26 20:30:00,1973.85416666667,-17.1765756581532,-0.384300257747418,-0.384300790787536
2022-07-26 21:00:00,1973.875,-16.9672903870968,-0.350966668016636,-0.350967201409483
2022-07-26 21:30:00,1973.89583333333,-18.3753055575926,-0.575270076262689,-0.575270610008176
2022-07-26 22:30:00,1973.9375,-16.6482355699443,-0.300157409528582,-0.300157943979071
2022-07-26 23:00:00,1973.95833333333,-17.158718694027,-0.381482967073699,-0.381483501876552
2022-07-26 23:30:00,1973.97916666667,-17.1383501,-0.378243348462784,-0.378243883617908
2022-07-27,1974,-17.4228181897959,-0.423564313316253,-0.423564848823557
2022-07-27 00:30:00,1974.02083333333,-17.2085695745826,-0.389439232563379,-0.389439768422771
2022-07-27 01:00:00,1974.04166666667,-16.6412138789981,-0.299063823462799,-0.299064359674188
2022-07-27 01:30:00,1974.0625,-16.90975,-0.341846459972484,-0.341846996535778
2022-07-27 02:00:00,1974.08333333333,-17.2047161552876,-0.388839301719993,-0.388839838635099
2022-07-27 02:30:00,1974.10416666667,-17.8311966760668,-0.488642500682863,-0.488643037949689
2022-07-27 03:00:00,1974.125,-17.8467090489403,-0.491117918966741,-0.491118456585196
2022-07-27 03:30:00,1974.14583333333,-17.988399875,-0.513693536899045,-0.513694074869036
2022-07-27 04:00:00,1974.16666666667,-18.1141335879406,-0.533727057194986,-0.533727595516421
2022-07-27 04:30:00,1974.1875,-18.516191106308,-0.597779039045942,-0.597779577718729
2022-07-27 08:00:00,1974.33333333333,-19.2999443523191,-0.722655707005128,-0.722656248134792
2022-07-27 08:30:00,1974.35416666667,-19.3784904432692,-0.735171142355497,-0.735171683835774
2022-07-27 09:00:00,1974.375,-19.233413763908,-0.71206319247384,-0.712063734304637
2022-07-27 09:30:00,1974.39583333333,-18.5910296560297,-0.609733695729183,-0.609734237910408
2022-07-27 10:00:00,1974.41666666667,-18.6981409176252,-0.626799228821741,-0.6267997713533
2022-07-27 10:30:00,1974.4375,-18.4644423442308,-0.589573393534597,-0.589573936416398
2022-07-27 11:00:00,1974.45833333333,-18.0849379085057,-0.529120462064277,-0.529121005296227
2022-07-27 11:30:00,1974.47916666667,-18.0625814761111,-0.525561344627323,-0.525561888209329
2022-07-27 12:00:00,1974.5,-17.8312338308977,-0.488709659520811,-0.488710203452781
2022-07-27 12:30:00,1974.52083333333,-19.0160962480769,-0.677461131274463,-0.677461675556303
2022-07-27 13:00:00,1974.54166666667,-18.6772890146789,-0.623490820737724,-0.623491365369341
2022-07-27 13:30:00,1974.5625,-18.7421925690741,-0.633831809072518,-0.63383235405382
2022-07-27 14:00:00,1974.58333333333,-18.6203814553704,-0.614428899229712,-0.614429444560606
2022-07-27 14:30:00,1974.60416666667,-18.3257211865385,-0.567490877333788,-0.56749142301418
2022-07-27 15:00:00,1974.625,-18.8008944832569,-0.643187774441296,-0.643188320471093
2022-07-27 15:30:00,1974.64583333333,-19.4165129842593,-0.741257574833664,-0.741258121212772
2022-07-27 16:00:00,1974.66666666667,-19.2898277996296,-0.721077749523872,-0.721078296252199
2022-07-27 16:30:00,1974.6875,-18.3568557557692,-0.572455733234345,-0.572456280311798
2022-07-27 17:00:00,1974.70833333333,-18.9488692504587,-0.666764884887322,-0.666765432313807
2022-07-27 17:30:00,1974.72916666667,-18.5282714234201,-0.599764211242463,-0.599764759017886
2022-07-27 18:00:00,1974.75,-17.6445361599258,-0.458985294884347,-0.458985843008616
2022-07-27 18:30:00,1974.77083333333,-15.8269903211538,-0.169449568449722,-0.169450116922743
2022-07-27 19:00:00,1974.79166666667,-15.001082568578,-0.0378823796605956,-0.0378829284822744
2022-07-27 19:30:00,1974.8125,-15.8386629807407,-0.171309926141022,-0.171310475311265
2022-07-27 20:00:00,1974.83333333333,-15.0161685582397,-0.0402862470271802,-0.0402867965458947
2022-07-27 20:30:00,1974.85416666667,-15.9719038894231,-0.192535720297639,-0.192536270164731
2022-07-27 21:00:00,1974.875,-14.865440356422,-0.0162753227083358,-0.0162758729237114
2022-07-27 22:00:00,1974.91666666667,-14.7065167288104,0.00904161128602454,0.0090410603743627
2022-07-27 22:30:00,1974.9375,-15.2793005434137,-0.0822029392414023,-0.0822034905010665
2022-07-27 23:00:00,1974.95833333333,-15.0348245517544,-0.0432573004848621,-0.0432578520924348
2022-07-27 23:30:00,1974.97916666667,-15.0050635284706,-0.0385157915061277,-0.0385163434615151
2022-07-28,1975,-14.951608542115,-0.0299996991557611,-0.030000251458869
2022-07-28 00:30:00,1975.02083333333,-15.7160797959184,-0.151779723240664,-0.151780275891399
2022-07-28 01:00:00,1975.04166666667,-16.0518860508772,-0.205272988558233,-0.2052735415565
2022-07-28 01:30:00,1975.0625,-15.8995962448357,-0.181012084437012,-0.181012637782718
2022-07-28 02:00:00,1975.08333333333,-16.1043370453704,-0.213626292959983,-0.213626846653033
2022-07-28 02:30:00,1975.10416666667,-16.4971632461967,-0.276202522035832,-0.276203076076132
2022-07-28 03:00:00,1975.125,-17.2013333649123,-0.388375941600089,-0.388376495987546
2022-07-28 03:30:00,1975.14583333333,-16.8790469568075,-0.337033984802023,-0.337034539536541
2022-07-28 04:00:00,1975.16666666667,-16.9437981524074,-0.347347276734766,-0.347347831816251
2022-07-28 04:30:00,1975.1875,-16.9143444692593,-0.342653546042015,-0.342654101470373
2022-07-28 05:00:00,1975.20833333333,-16.6783596166667,-0.305059134346288,-0.305059690121425
2022-07-28 05:30:00,1975.22916666667,-16.3988145335681,-0.260525428681766,-0.260525984803587
2022-07-28 06:00:00,1975.25,-15.9879963075926,-0.195079699427292,-0.195080255895702
2022-07-28 09:30:00,1975.39583333333,-14.8903611292593,-0.0202076778265986,-0.020208236718487
2022-07-28 10:00:00,1975.41666666667,-14.6362142704082,0.0202811356368314,0.020280576399111
2022-07-28 10:30:00,1975.4375,-14.5313306232653,0.0369923309271197,0.0369917713436619
2022-07-28 11:00:00,1975.45833333333,-14.1905936957328,0.0912752404440241,0.0912746805149242
2022-07-28 11:30:00,1975.47916666667,-13.8616660465677,0.143677041594425,0.143676481319777
2022-07-28 12:00:00,1975.5,-13.6368707452381,0.179490603436417,0.179490042816317
2022-07-28 12:30:00,1975.52083333333,-13.4845347085714,0.203761470752921,0.203760909787464
2022-07-28 13:00:00,1975.54166666667,-13.171311696475,0.253661866342317,0.253661305031598
2022-07-28 13:30:00,1975.5625,-12.9341296396296,0.291449001535075,0.291448439879189
2022-07-28 14:00:00,1975.58333333333,-12.8417279057823,0.306172645926589,0.306172083925632
2022-07-28 14:30:00,1975.60416666667,-12.8834064565041,0.29953732328447,0.299536760938535
2022-07-28 15:00:00,1975.625,-12.7519944209259,0.320475572845719,0.320475010154903
2022-07-28 15:30:00,1975.64583333333,-12.388577787037,0.378372438823779,0.378371875788178
2022-07-28 16:00:00,1975.66666666667,-12.6303775431973,0.339858019483948,0.339857456103656
2022-07-28 16:30:00,1975.6875,-12.5267397955285,0.356372159469431,0.356371595744544
2022-07-28 17:00:00,1975.70833333333,-12.1550388790741,0.415589071914562,0.415588507845175
2022-07-28 17:30:00,1975.72916666667,-12.071387037037,0.428919679071869,0.428919114658078
2022-07-28 18:00:00,1975.75,-11.9100748261905,0.454621756587215,0.454621191829116
2022-07-28 18:30:00,1975.77083333333,-11.9258698934959,0.45211063623894,0.452110071136627
2022-07-28 19:00:00,1975.79166666667,-11.5493333307407,0.512098343032696,0.512097777586266
2022-07-28 19:30:00,1975.8125,-11.8427755213358,0.465358073750398,0.465357507959946
2022-07-28 20:00:00,1975.83333333333,-12.0391088153061,0.434087439202673,0.434086873068295
2022-07-28 20:30:00,1975.85416666667,-11.885174801626,0.458614755175322,0.458614188697114
2022-07-28 21:30:00,1975.89583333333,-11.8536066751391,0.463654969780367,0.463654402614786
2022-07-28 22:00:00,1975.91666666667,-11.7923320912801,0.473421926681659,0.473421359172535
2022-07-28 22:30:00,1975.9375,-12.3249384961165,0.388583335792532,0.388582767939962
2022-07-28 23:00:00,1975.95833333333,-12.2895434695652,0.394227896926927,0.394227328731006
2022-07-28 23:30:00,1975.97916666667,-12.1390687760223,0.418204849352299,0.418204280813123
2022-07-29,1976,-13.876105951487,0.141499930306632,0.141499361424297
2022-07-29 00:30:00,1976.02083333333,-13.6282686132686,0.180987057806682,0.180986488581285
2022-07-29 01:00:00,1976.04166666667,-13.6000130317391,0.185494772649797,0.185494203081433
2022-07-29 01:30:00,1976.0625,-13.3672383795158,0.222582639704862,0.222582069793628
2022-07-29 02:00:00,1976.08333333333,-13.3225491693878,0.229708479523704,0.229707909269696
2022-07-29 02:30:00,1976.10416666667,-13.3767799666667,0.221076409570028,0.221075838973342
2022-07-29 03:00:00,1976.125,-13.3455782795652,0.226053913525217,0.22605334258595
2022-07-29 03:30:00,1976.14583333333,-13.3301933048327,0.228511921992269,0.228511350710517
2022-07-29 04:00:00,1976.16666666667,-13.3053413829314,0.232478140002651,0.232477568378511
2022-07-29 04:30:00,1976.1875,-13.4212819432787,0.214016133071999,0.214015561105566
2022-07-29 05:00:00,1976.20833333333,-13.3714869230435,0.221956040657083,0.221955468348454
2022-07-29 05:30:00,1976.22916666667,-13.446409355514,0.210028486992819,0.210027914342091
2022-07-29 06:00:00,1976.25,-13.5185401863551,0.198545755553344,0.198545182560614
2022-07-29 06:30:00,1976.27083333333,-13.6265427838816,0.1813487441358,0.181348170801164
2022-07-29 07:00:00,1976.29166666667,-13.6218260834783,0.182108115517382,0.182107541840937
2022-07-29 07:30:00,1976.3125,-13.7911925278505,0.155136035621555,0.155135461603396
2022-07-29 11:00:00,1976.45833333333,-13.8423450636364,0.147047516539411,0.147046940131976
2022-07-29 11:30:00,1976.47916666667,-13.673327937247,0.173981125938539,0.173980549190167
2022-07-29 12:00:00,1976.5,-13.6449778022222,0.178506501168303,0.178505924079091
2022-07-29 12:30:00,1976.52083333333,-13.3597810651206,0.223947841730846,0.223947264300891
2022-07-29 13:00:00,1976.54166666667,-13.2184452430427,0.246472153800349,0.246471576029747
2022-07-29 13:30:00,1976.5625,-13.1533724755061,0.256847824856709,0.256847246745559
2022-07-29 14:00:00,1976.58333333333,-13.2304444244444,0.244579859072839,0.244579280621237
2022-07-29 14:30:00,1976.60416666667,-13.9605703594444,0.128280044700278,0.128279465908322
2022-07-29 15:00:00,1976.625,-14.0978110951852,0.106427384322857,0.106426805190645
2022-07-29 15:30:00,1976.64583333333,-14.9484574904858,-0.0290711893620714,-0.0290717688344428
2022-07-29 16:00:00,1976.66666666667,-14.633087,0.0211776781763308,0.0211770983638973
2022-07-29 16:30:00,1976.6875,-15.0284129637037,-0.0417877892438355,-0.0417883693962336
2022-07-29 17:00:00,1976.70833333333,-15.4516759153704,-0.109203520745687,-0.109204101237952
2022-07-29 17:30:00,1976.72916666667,-14.5604817785425,0.0327748193404656,0.032774238508431
2022-07-29 18:00:00,1976.75,-15.1066739478261,-0.0542233882486144,-0.0542239694203206
2022-07-29 18:30:00,1976.77083333333,-13.5658886636364,0.191235521941268,0.191234940429988
2022-07-29 19:00:00,1976.79166666667,-13.3852796248148,0.220017502304875,0.220016920454118
2022-07-29 19:30:00,1976.8125,-13.1808299682186,0.252597428174919,0.252596845984783
2022-07-29 20:00:00,1976.83333333333,-12.8109564804348,0.311529606623795,0.311529024094379
2022-07-29 21:00:00,1976.875,-12.8452658031599,0.306086596217914,0.306086013010229
2022-07-29 21:30:00,1976.89583333333,-12.7163884769517,0.326628268070636,0.326627684523964
2022-07-29 22:00:00,1976.91666666667,-12.5319085564612,0.356027590977808,0.356027007092246
2022-07-29 22:30:00,1976.9375,-12.3069428257143,0.391876450439981,0.391875866215628
2022-07-29 23:00:00,1976.95833333333,-12.7115510194805,0.327433851873953,0.327433267310906
2022-07-29 23:30:00,1976.97916666667,-12.5489738701493,0.353344401827463,0.353343816925821
2022-07-30,1977,-12.6251832659363,0.341216202548812,0.341215617308673
2022-07-30 00:30:00,1977.02083333333,-12.54611424,0.353824084857987,0.353823499279448
2022-07-30 01:00:00,1977.04166666667,-13.2776345133581,0.237304630574361,0.237304044657521
2022-07-30 01:30:00,1977.0625,-13.123957181378,0.261797905434515,0.261797319179472
2022-07-30 02:00:00,1977.08333333333,-13.0884424605159,0.26746790994184,0.267467323348693
2022-07-30 02:30:00,1977.10416666667,-13.1184571942857,0.262699143535276,0.262698556604123
2022-07-30 03:00:00,1977.125,-13.177830867658,0.253253595105282,0.253253007836221
2022-07-30 03:30:00,1977.14583333333,-13.4104795762082,0.216205327780857,0.216204740173987
2022-07-30 04:00:00,1977.16666666667,-13.5729325255952,0.190339413086118,0.190338825141537
2022-07-30 04:30:00,1977.1875,-13.3598571485714,0.224295547176353,0.224294958894159
2022-07-30 05:00:00,1977.20833333333,-13.2389439158878,0.243570303841889,0.243569715222182
2022-07-30 05:30:00,1977.22916666667,-13.3553014681648,0.225047772933791,0.225047183976668
2022-07-30 06:00:00,1977.25,-13.4556239866,0.209079752401023,0.209079163106583
2022-07-30 06:30:00,1977.27083333333,-13.4114000542857,0.216138202791102,0.216137613159444
2022-07-30 07:00:00,1977.29166666667,-14.2396149336449,0.0842166450481344,0.0842160550793571
2022-07-30 07:30:00,1977.3125,-14.6517902642322,0.0185706027518,0.0185700124460021
2022-07-30 08:00:00,1977.33333333333,-15.0206152200401,-0.0401695758449379,-0.0401701664876576
2022-07-30 08:30:00,1977.35416666667,-14.7060571371429,0.0099537699947202,0.00995317901517723
2022-07-30 09:00:00,1977.375,-15.4863439308411,-0.114332337381938,-0.114332928698205
2022-07-30 12:30:00,1977.52083333333,-15.1879035374768,-0.0666883099512978,-0.0666889036218634
2022-07-30 13:00:00,1977.54166666667,-16.2354934818182,-0.233555056190433,-0.23355565019693
2022-07-30 13:30:00,1977.5625,-18.2597866314607,-0.55601120300006,-0.55601179734239
2022-07-30 14:00:00,1977.58333333333,-18.078642212,-0.527139451022582,-0.527140045700645
2022-07-30 14:30:00,1977.60416666667,-19.9418122299256,-0.823928331818792,-0.82392892683249
2022-07-30 15:00:00,1977.625,-19.7435520297398,-0.792329787754258,-0.792330383103491
2022-07-30 15:30:00,1977.64583333333,-18.8198763820225,-0.645171926516938,-0.645172522201606
2022-07-30 16:00:00,1977.66666666667,-17.9177472283814,-0.501446319195134,-0.501446915215138
2022-07-30 16:30:00,1977.6875,-19.3869777755556,-0.735479888829834,-0.735480485185074
2022-07-30 17:00:00,1977.70833333333,-17.0704506182403,-0.366439432806189,-0.366440029496566
2022-07-30 17:30:00,1977.72916666667,-19.8404718033708,-0.807689644662073,-0.807690241687488
2022-07-30 18:00:00,1977.75,-18.6866644755556,-0.623871052409567,-0.623871649769919
2022-07-30 18:30:00,1977.77083333333,-18.2295639805195,-0.551038238516103,-0.551038836211293
2022-07-30 19:00:00,1977.79166666667,-17.8702333316667,-0.493780113011327,-0.493780711041256
2022-07-30 20:00:00,1977.83333333333,-19.379101149495,-0.734110488006984,-0.73411108670609
2022-07-30 20:30:00,1977.85416666667,-19.1625885697727,-0.699603029059465,-0.699603628093011
2022-07-30 21:00:00,1977.875,-17.9950259760668,-0.513592505285028,-0.513593104652914
2022-07-30 21:30:00,1977.89583333333,-18.1105037128253,-0.531971105064853,-0.531971704766978
2022-07-30 22:00:00,1977.91666666667,-18.8245455191919,-0.645701270911561,-0.645701870947825
2022-07-30 22:30:00,1977.9375,-17.9445772631818,-0.50550437676174,-0.505504977132044
2022-07-30 23:00:00,1977.95833333333,-17.3615046001855,-0.412603044785756,-0.412603645489999
2022-07-30 23:30:00,1977.97916666667,-17.2081948135436,-0.38816312817059,-0.388163729208673
2022-07-31,1978,-17.8447374444444,-0.489547148154212,-0.489547749526035
2022-07-31 00:30:00,1978.02083333333,-17.393059205467,-0.417576687958463,-0.417577289663925
2022-07-31 01:00:00,1978.04166666667,-18.0400352493506,-0.520622522184857,-0.520623124223858
2022-07-31 01:30:00,1978.0625,-18.5385435575139,-0.600017222066962,-0.600017824439402
2022-07-31 02:00:00,1978.08333333333,-18.9662121818182,-0.66812699174255,-0.668127594448328
2022-07-31 02:30:00,1978.10416666667,-18.495259661959,-0.593085653044623,-0.59308625608364
2022-07-31 03:00:00,1978.125,-18.4237439840445,-0.581674770770768,-0.581675374142924
2022-07-31 03:30:00,1978.14583333333,-18.7743426940075,-0.637506894196088,-0.637507497901281
2022-07-31 04:00:00,1978.16666666667,-19.1010737357895,-0.689536763088566,-0.689537367126697
2022-07-31 04:30:00,1978.1875,-18.8773712845103,-0.653882065256766,-0.653882669627733
2022-07-31 05:00:00,1978.20833333333,-19.0554934300935,-0.682238194923258,-0.682238799626961
2022-07-31 05:30:00,1978.22916666667,-18.9390805383895,-0.663674564743264,-0.663675169779604
2022-07-31 06:00:00,1978.25,-19.1375683621053,-0.695274725635733,-0.695275331004608
2022-07-31 06:30:00,1978.27083333333,-19.0082984400911,-0.674662725490305,-0.674663331191614
2022-07-31 07:00:00,1978.29166666667,-18.7447682386916,-0.632662848973816,-0.63266345500746
2022-07-31 07:30:00,1978.3125,-18.7907102970093,-0.639962006664511,-0.639962613030388
2022-07-31 08:00:00,1978.33333333333,-18.6936210642105,-0.624476059552465,-0.624476666250474
2022-07-31 08:30:00,1978.35416666667,-18.4900409722727,-0.59202592456644,-0.592026531596482
2022-07-31 09:00:00,1978.375,-18.5049812762617,-0.594386126897988,-0.594386734259961
2022-07-31 09:30:00,1978.39583333333,-17.9898404727955,-0.51230391210105,-0.512304519794852
2022-07-31 10:00:00,1978.41666666667,-17.6733684347368,-0.461869655698822,-0.461870263724354
2022-07-31 10:30:00,1978.4375,-17.5077243820046,-0.435462287239368,-0.435462895596529
2022-07-31 14:00:00,1978.58333333333,-18.3547825085502,-0.570254883627819,-0.570255494303548
2022-07-31 14:30:00,1978.60416666667,-20.0788794016698,-0.844883655142721,-0.84488426614927
2022-07-31 15:00:00,1978.625,-18.1185447763441,-0.532579734949722,-0.53258034628699
2022-07-31 15:30:00,1978.64583333333,-18.7494230180769,-0.633057758314962,-0.633058369982846
2022-07-31 16:00:00,1978.66666666667,-18.423892154461,-0.581179009862404,-0.581179621860804
2022-07-31 16:30:00,1978.6875,-18.1652615818182,-0.53995740769835,-0.539958020027164
2022-07-31 17:00:00,1978.70833333333,-18.2704336731183,-0.556689712009737,-0.556690324668863
2022-07-31 17:30:00,1978.72916666667,-17.8974500053846,-0.497251344345305,-0.497251957334643
2022-07-31 18:00:00,1978.75,-17.0504155907236,-0.362296236069916,-0.362296849389363
2022-07-31 18:30:00,1978.77083333333,-17.4547903285714,-0.426691382201412,-0.426691995850868
2022-07-31 19:30:00,1978.8125,-17.710837315917,-0.467435419533145,-0.467436033842312
2022-07-31 20:00:00,1978.83333333333,-16.9690680508,-0.349248653380336,-0.349249268019206
2022-07-31 20:30:00,1978.85416666667,-16.8980407782931,-0.337911448122038,-0.33791206309051
2022-07-31 21:00:00,1978.875,-15.7475640111317,-0.154617049131531,-0.154617664429502
2022-07-31 21:30:00,1978.89583333333,-15.7949930923611,-0.162149789984965,-0.162150405612334
2022-07-31 22:00:00,1978.91666666667,-15.8059879508,-0.163878415271474,-0.163879031228139
2022-07-31 22:30:00,1978.9375,-15.4511059381041,-0.107322475688979,-0.107323091974839
2022-07-31 23:00:00,1978.95833333333,-15.6814081660482,-0.143986685986117,-0.143987302601069
2022-07-31 23:30:00,1978.97916666667,-15.9781038148789,-0.191227297844826,-0.191227914788768
2022-08-01,1979,-16.3426190354497,-0.249271498118197,-0.249272115391027
2022-08-01 00:30:00,1979.02083333333,-16.5609313380334,-0.28402535125257,-0.284025968854186
2022-08-01 01:00:00,1979.04166666667,-16.3029016632653,-0.242897469172716,-0.242898087103016
2022-08-01 01:30:00,1979.0625,-16.8465502401384,-0.329477387649226,-0.329478005908109
2022-08-01 02:00:00,1979.08333333333,-16.6248120504,-0.294130529433539,-0.294131148020902
2022-08-01 02:30:00,1979.10416666667,-16.5582825427509,-0.28350840737557,-0.283509026291311
2022-08-01 03:00:00,1979.125,-16.974040829128,-0.349714957744699,-0.349715576988714
2022-08-01 03:30:00,1979.14583333333,-17.2327543550877,-0.390904047746229,-0.390904667318417
2022-08-01 04:00:00,1979.16666666667,-17.1374200028,-0.375692939932081,-0.375693559832341
2022-08-01 04:30:00,1979.1875,-16.9326591348315,-0.343049992171671,-0.343050612399899
2022-08-01 05:00:00,1979.20833333333,-16.988606011257,-0.35193785660053,-0.351938477156624
2022-08-01 05:30:00,1979.22916666667,-17.3616842449123,-0.411344855067547,-0.411345475951405
2022-08-01 06:00:00,1979.25,-17.4569080348,-0.426489324292829,-0.426489945504349
2022-08-01 06:30:00,1979.27083333333,-16.9792353235294,-0.350370853696522,-0.3503714752356
2022-08-01 07:00:00,1979.29166666667,-16.6963196390654,-0.30527719886127,-0.305277820727804
2022-08-01 07:30:00,1979.3125,-16.5298034915789,-0.278725955665281,-0.278726577859169
2022-08-01 08:00:00,1979.33333333333,-16.320667926,-0.245385290932233,-0.245385913453372
2022-08-01 08:30:00,1979.35416666667,-16.4111813115888,-0.259778800477674,-0.259779423325961
2022-08-01 09:00:00,1979.375,-16.1790374747191,-0.22277266613856,-0.222773289313892
2022-08-01 09:30:00,1979.39583333333,-16.0636912491228,-0.20437235697147,-0.204372980473745
2022-08-01 10:00:00,1979.41666666667,-15.9202960072,-0.18150370169383,-0.181504325522945
2022-08-01 10:30:00,1979.4375,-15.8404074942056,-0.168751595954909,-0.168752220110763
2022-08-01 11:00:00,1979.45833333333,-15.5671084018692,-0.125188928954269,-0.125189553436756
2022-08-01 11:30:00,1979.47916666667,-15.8961684522807,-0.177582386090978,-0.177583010899997
2022-08-01 12:00:00,1979.5,-15.7841320072,-0.159708738530502,-0.15970936366595
2022-08-03 19:30:00,1981.8125,-16.8420166816327,-0.324595497544881,-0.324596158265255
2022-08-03 20:00:00,1981.83333333333,-16.3523816164251,-0.246556956450663,-0.246557617485701
2022-08-03 20:30:00,1981.85416666667,-16.3604639808,-0.247805040285874,-0.247805701635469
2022-08-03 21:00:00,1981.875,-15.7724248632653,-0.154090428784151,-0.154091090448195
2022-08-03 21:30:00,1981.89583333333,-14.8662319116883,-0.00969356689491629,-0.00969422887330218
2022-08-03 22:00:00,1981.91666666667,-15.1962198142512,-0.0622210811973595,-0.0622217434899804
2022-08-03 22:30:00,1981.9375,-14.9929919736,-0.029806829305531,-0.0298074919122784
2022-08-03 23:00:00,1981.95833333333,-15.1543685174074,-0.0554741991561049,-0.0554748620768729
2022-08-03 23:30:00,1981.97916666667,-15.444656754731,-0.101677176658184,-0.101677839892866
2022-08-04,1982,-15.6185120673913,-0.129332188814654,-0.12933285236314
2022-08-04 00:30:00,1982.02083333333,-15.2606825119048,-0.0722893042895958,-0.0722899681517803
2022-08-04 01:00:00,1982.04166666667,-15.5484648394444,-0.118092736860761,-0.118093401036537
2022-08-04 01:30:00,1982.0625,-15.56665555,-0.120949914966069,-0.120950579455328
2022-08-04 02:00:00,1982.08333333333,-15.6369758371981,-0.132111254661339,-0.132111919463972
2022-08-04 02:30:00,1982.10416666667,-15.4899444515873,-0.10864820033956,-0.108648865455462
2022-08-04 03:00:00,1982.125,-15.891099997963,-0.172511598813194,-0.172512264242257
2022-08-04 03:30:00,1982.14583333333,-15.7361203777778,-0.147782150626726,-0.147782816368843
2022-08-04 04:00:00,1982.16666666667,-15.4549250985507,-0.102946340558961,-0.102947006614023
2022-08-04 04:30:00,1982.1875,-15.4775237873016,-0.106505009489631,-0.106505675857531
2022-08-04 05:00:00,1982.20833333333,-15.4399240681481,-0.100473911832529,-0.100474578513159
2022-08-04 05:30:00,1982.22916666667,-15.3810685031481,-0.0910566255576158,-0.0910572925508685
2022-08-04 06:00:00,1982.25,-15.4470579809179,-0.1015271266323,-0.101527793938067
2022-08-04 06:30:00,1982.27083333333,-15.3868968214286,-0.091901623868709,-0.0919022914868826
2022-08-04 07:00:00,1982.29166666667,-15.3036629414815,-0.0786005030793862,-0.0786011710098591
2022-08-04 07:30:00,1982.3125,-15.3227903430427,-0.0816054904195979,-0.0816061586622616
2022-08-04 08:00:00,1982.33333333333,-15.3150241625604,-0.0803261937638033,-0.0803268623185499
2022-08-04 08:30:00,1982.35416666667,-15.2745555269841,-0.0738372554893592,-0.0738379243560815
2022-08-04 09:00:00,1982.375,-15.1413965614943,-0.0525825642748772,-0.0525832334534665
2022-08-04 09:30:00,1982.39583333333,-15.1722870331481,-0.0574609484873702,-0.0574616179777192
2022-08-04 10:00:00,1982.41666666667,-14.9062197792271,-0.0150336376698467,-0.0150343074718474
2022-08-04 10:30:00,1982.4375,-14.8415952031746,-0.00469617225935937,-0.00469684237290213
2022-08-04 11:00:00,1982.45833333333,-14.4805555668519,0.052860541199384,0.0528598707744058
2022-08-04 11:30:00,1982.47916666667,-14.0636740781481,0.119313018767592,0.119312348031287
2022-08-04 12:00:00,1982.5,-13.8954227072464,0.146158658010145,0.146157986962622
2022-08-04 12:30:00,1982.52083333333,-13.8501190587302,0.153418754325583,0.153418082966948
2022-08-04 13:00:00,1982.54166666667,-13.8563351742593,0.152471832515267,0.15247116084563
2022-08-04 13:30:00,1982.5625,-14.2827703768519,0.08458382693976,0.0845831549592296
2022-08-04 14:00:00,1982.58333333333,-14.3777239571429,0.0695011977699401,0.0695005254786245
2022-08-04 14:30:00,1982.60416666667,-14.4904645535433,0.0515852013096963,0.051584528707703
2022-08-04 15:00:00,1982.625,-13.9942129618519,0.130682212686796,0.130681539774234
2022-08-04 15:30:00,1982.64583333333,-13.7512981668519,0.169422608388776,0.169421935165753
2022-08-04 16:00:00,1982.66666666667,-13.9014547545232,0.145546569007365,0.14554589547399
2022-08-04 16:30:00,1982.6875,-13.6609684866142,0.183900332742221,0.183899658898604
2022-08-04 17:30:00,1982.72916666667,-13.8696307810761,0.150748890096618,0.150748215632838
2022-08-04 18:00:00,1982.75,-13.7395139120594,0.17152108087504,0.171520406101344
2022-08-04 18:30:00,1982.77083333333,-13.8100887794393,0.160323051670133,0.160322376586627
2022-08-04 19:00:00,1982.79166666667,-13.7600636509091,0.16833680503167,0.168336129638463
2022-08-04 19:30:00,1982.8125,-13.4682801473098,0.214862957335201,0.214862281632402
2022-08-04 20:00:00,1982.83333333333,-13.0152356410019,0.287078219633549,0.287077543621268
2022-08-04 20:30:00,1982.85416666667,-12.7849696811189,0.323804817304609,0.323804140982953
2022-08-04 21:00:00,1982.875,-12.7039545454545,0.336755769033867,0.336755092402946
2022-08-04 21:30:00,1982.89583333333,-12.9648218953618,0.29524471350504,0.295244036564961
2022-08-04 22:00:00,1982.91666666667,-13.2252411977737,0.253805149263526,0.2538044720144
2022-08-04 22:30:00,1982.9375,-12.979862469697,0.292939689723619,0.292939012165554
2022-08-04 23:00:00,1982.95833333333,-13.0364090563636,0.283977428775015,0.28397675090812
2022-08-04 23:30:00,1982.97916666667,-13.0213506504638,0.286422011295657,0.28642133312004
2022-08-05,1983,-13.7432732557621,0.171465109054474,0.171464430570247
2022-08-05 00:30:00,1983.02083333333,-13.9087669009324,0.145147854764518,0.145147175971787
2022-08-05 01:00:00,1983.04166666667,-13.8787272863636,0.149979305447442,0.149978626346317
2022-08-05 01:30:00,1983.0625,-13.9346363734694,0.141119183493645,0.141118504084235
2022-08-05 02:00:00,1983.08333333333,-14.0001781059369,0.130724691204248,0.130724011486662
2022-08-05 02:30:00,1983.10416666667,-14.0119277482517,0.128899434264858,0.128898754239205
2022-08-05 03:00:00,1983.125,-13.9265363618182,0.142548929565466,0.142548249231857
2022-08-05 03:30:00,1983.14583333333,-14.0851295536364,0.117331624132459,0.117330943491001
2022-08-05 04:00:00,1983.16666666667,-13.7431187500928,0.17186100982864,0.171860328879443
2022-08-05 04:30:00,1983.1875,-13.6881258682984,0.1806683524079,0.180667671151075
2022-08-05 05:00:00,1983.20833333333,-13.5709454818182,0.199382325841823,0.199381644277477
2022-08-05 05:30:00,1983.22916666667,-13.9307885033395,0.142106246406548,0.142105564534791
2022-08-05 06:00:00,1983.25,-13.9690983330241,0.136050751108607,0.136050068929549
2022-08-05 06:30:00,1983.27083333333,-13.941978993007,0.140418286200758,0.140417603714508
2022-08-05 07:00:00,1983.29166666667,-13.8271999909091,0.158750184999109,0.158749502205776
2022-08-05 07:30:00,1983.3125,-13.7857704027778,0.165397586624134,0.165396903523829
2022-08-05 08:00:00,1983.33333333333,-13.6470240559259,0.187547734338956,0.187547050931787
2022-08-05 08:30:00,1983.35416666667,-13.5610676002331,0.201288531543568,0.201287847829644
2022-08-05 09:00:00,1983.375,-13.5051081171171,0.210250906450076,0.210250222429508
2022-08-05 09:30:00,1983.39583333333,-13.4312740681481,0.222060829333797,0.222060145006695
2022-08-05 10:00:00,1983.41666666667,-13.2369203618519,0.253069736611862,0.253069051978335
2022-08-05 10:30:00,1983.4375,-12.9357715641026,0.301091295126581,0.30109061018674
2022-08-05 11:00:00,1983.45833333333,-12.8898738702703,0.30845128722665,0.308450601980603
2022-08-05 11:30:00,1983.47916666667,-12.6612037307407,0.344927177376442,0.344926491824298
2022-08-05 12:00:00,1983.5,-12.3204203537037,0.399262903211121,0.399262217352992
2022-08-05 12:30:00,1983.52083333333,-12.2293006855478,0.413827138634515,0.41382645247051
2022-08-05 13:00:00,1983.54166666667,-12.1594684774775,0.425000383273976,0.424999696804204
2022-08-05 13:30:00,1983.5625,-12.3346185138889,0.397147898113873,0.397147211338445
2022-08-05 14:00:00,1983.58333333333,-12.1562925959259,0.425604501891298,0.425603814810324
2022-08-05 14:30:00,1983.60416666667,-12.0858368377622,0.436877428928481,0.43687674154207
2022-08-05 15:00:00,1983.625,-12.0351261288288,0.445005072308018,0.445004384616281
2022-08-05 15:30:00,1983.64583333333,-12.3018777781481,0.40256085194387,0.402560163946916
2022-08-05 16:30:00,1983.6875,-12.3578488889925,0.393743980321608,0.393743291714552
2022-08-05 17:00:00,1983.70833333333,-12.5974363292453,0.355627388200931,0.355626699288989
2022-08-05 17:30:00,1983.72916666667,-12.6062500098214,0.354273337673536,0.354272648456817
2022-08-05 18:00:00,1983.75,-12.1149046680374,0.432595093584485,0.432594404063102
2022-08-05 18:30:00,1983.77083333333,-12.4698526408582,0.376101836457462,0.376101146631523
2022-08-05 19:00:00,1983.79166666667,-12.8113018919811,0.321759052087024,0.321758361956639
2022-08-05 19:30:00,1983.8125,-13.1376071553571,0.269828832524036,0.269828142089316
2022-08-05 20:00:00,1983.83333333333,-13.3070523256075,0.242886654620942,0.242885963881998
2022-08-05 20:30:00,1983.85416666667,-12.8273581871269,0.319352949205995,0.319352258162937
2022-08-05 21:00:00,1983.875,-12.4290565846698,0.382853471356247,0.382852780009185
2022-08-05 21:30:00,1983.89583333333,-12.4021696625,0.387187486230585,0.38718679457963
2022-08-05 22:00:00,1983.91666666667,-12.0116063399254,0.449455528281873,0.449454836327133
2022-08-05 22:30:00,1983.9375,-11.8987817177239,0.46747971358651,0.467479021328099
2022-08-05 23:00:00,1983.95833333333,-11.7511297308962,0.491052039655898,0.491051347093925
2022-08-05 23:30:00,1983.97916666667,-11.6612768151786,0.505417049078694,0.505416356213268
2022-08-06,1984,-11.8287547,0.47878919476244,0.478788501593675
2022-08-06 00:30:00,1984.02083333333,-11.8280074567164,0.47895984024104,0.478959146769044
2022-08-06 01:00:00,1984.04166666667,-11.9680542629717,0.456702009680309,0.456701315905193
2022-08-06 01:30:00,1984.0625,-11.9162857616071,0.465000611355733,0.464999917277609
2022-08-06 02:00:00,1984.08333333333,-12.06578132,0.44123782113811,0.441237126757087
2022-08-06 02:30:00,1984.10416666667,-12.1337667972015,0.430459761747826,0.430459067064016
2022-08-06 03:00:00,1984.125,-12.0581415073113,0.442559116820022,0.442558421833535
2022-08-06 03:30:00,1984.14583333333,-12.0301696455357,0.447067363371908,0.447066668082856
2022-08-06 04:00:00,1984.16666666667,-11.989837676306,0.453544700499294,0.453544004907787
2022-08-06 04:30:00,1984.1875,-12.0341812839252,0.446533274343081,0.44653257844923
2022-08-06 05:00:00,1984.20833333333,-11.7897783150943,0.485519500769141,0.485518804573056
2022-08-06 05:30:00,1984.22916666667,-11.7371428446429,0.493957144269109,0.493956447770901
2022-08-06 06:00:00,1984.25,-11.7998115630597,0.484026864682975,0.484026167882757
2022-08-06 06:30:00,1984.27083333333,-11.809348873694,0.482560572916576,0.482559875814458
2022-08-06 07:00:00,1984.29166666667,-11.7904551933962,0.485623474907638,0.485622777503729
2022-08-06 07:30:00,1984.3125,-11.7503928839286,0.492058671230824,0.492057973525239
2022-08-06 08:00:00,1984.33333333333,-11.8104243084112,0.482548980778731,0.482548282771578
2022-08-06 08:30:00,1984.35416666667,-11.7468992416045,0.492722044248383,0.492721345939773
2022-08-06 09:00:00,1984.375,-11.7264953004717,0.496025998140794,0.49602529953084
2022-08-06 09:30:00,1984.39583333333,-11.749054054955,0.49248608047053,0.492485381559343
2022-08-06 10:00:00,1984.41666666667,-11.8048694007463,0.4836484805831,0.48364778137079
2022-08-06 10:30:00,1984.4375,-11.8511401871028,0.476331452371141,0.476330752857821
2022-08-06 11:00:00,1984.45833333333,-11.7610000021226,0.490744905904025,0.490744206089804
2022-08-06 11:30:00,1984.47916666667,-11.7793749848214,0.487871932202398,0.487871232087388
2022-08-06 12:00:00,1984.5,-11.4081498018727,0.547062659817553,0.547061959401868
2022-08-06 12:30:00,1984.52083333333,-11.3381231356343,0.558272364989712,0.55827166427346
2022-08-06 13:00:00,1984.54166666667,-11.3385933997636,0.558251975278477,0.55825127426177
2022-08-06 13:30:00,1984.5625,-11.3855893017857,0.550820134698273,0.550819433381225
2022-08-06 14:00:00,1984.58333333333,-11.5006142361423,0.532551337140956,0.532550635523676
2022-08-06 14:30:00,1984.60416666667,-11.4358392585047,0.542924910532691,0.542924208615291
2022-08-06 15:30:00,1984.64583333333,-11.6993396221698,0.501059210045628,0.501058507528323
2022-08-06 16:00:00,1984.66666666667,-11.5211681557522,0.529497274535702,0.529496571718611
2022-08-06 16:30:00,1984.6875,-11.6182593149254,0.514085922516011,0.514085219399248
2022-08-06 17:00:00,1984.70833333333,-12.1534394791434,0.42888679537472,0.428886091958394
2022-08-06 17:30:00,1984.72916666667,-11.9411792377358,0.462755575418423,0.462754871702647
2022-08-06 18:00:00,1984.75,-11.9156725575221,0.466874496139133,0.46687379212402
2022-08-06 18:30:00,1984.77083333333,-11.9586703739292,0.460080718018456,0.460080013704115
2022-08-06 19:00:00,1984.79166666667,-11.8941716425373,0.470411333197833,0.470410628584377
2022-08-06 19:30:00,1984.8125,-11.8062712433962,0.484469967182909,0.484469262270451
2022-08-06 20:00:00,1984.83333333333,-11.7876990955752,0.487484677592834,0.487483972381484
2022-08-06 20:30:00,1984.85416666667,-12.2492841104673,0.414010125252121,0.414009419741991
2022-08-06 21:00:00,1984.875,-12.2228507401119,0.418277366813817,0.418276661005021
2022-08-06 21:30:00,1984.89583333333,-12.1756698259434,0.425849823312718,0.425849117205367
2022-08-06 22:00:00,1984.91666666667,-12.0439557469027,0.446888589758295,0.4468878833525
2022-08-06 22:30:00,1984.9375,-12.3119440485075,0.404254597701623,0.404253890997497
2022-08-06 23:00:00,1984.95833333333,-12.2024804469274,0.421749079913638,0.421748372911292
2022-08-06 23:30:00,1984.97916666667,-12.4055165186321,0.389462257207556,0.389461549907103
2022-08-07,1985,-12.4141537730769,0.388143421355721,0.388142713757274
2022-08-07 00:30:00,1985.02083333333,-12.3040242057728,0.405744341418374,0.405743633522043
2022-08-07 01:00:00,1985.04166666667,-12.46448416946,0.38024027215784,0.380239563963737
2022-08-07 01:30:00,1985.0625,-12.3839858521226,0.393121145579244,0.393120437087484
2022-08-07 02:00:00,1985.08333333333,-12.377292039823,0.394245024922138,0.39424431613283
2022-08-07 02:30:00,1985.10416666667,-12.2264253854478,0.418335857343614,0.418335148256872
2022-08-07 03:00:00,1985.125,-12.1446517722533,0.431420235231108,0.431419525847045
2022-08-07 03:30:00,1985.14583333333,-12.0789882009434,0.4419383882274,0.441937678546127
2022-08-07 04:00:00,1985.16666666667,-12.0169203637168,0.451883854500703,0.451883144522333
2022-08-07 04:30:00,1985.1875,-11.90717693054,0.46942419355702,0.469423483281665
2022-08-07 05:00:00,1985.20833333333,-11.8349832337058,0.480982949051601,0.480982238479373
2022-08-07 05:30:00,1985.22916666667,-11.777702815566,0.490166124856638,0.490165413987651
2022-08-07 06:00:00,1985.25,-11.7393893743363,0.496327963942047,0.496327252776413
2022-08-07 06:30:00,1985.27083333333,-11.6567374236499,0.509553075517456,0.509552364055286
2022-08-07 07:00:00,1985.29166666667,-11.6095958919926,0.51712146820655,0.517120756447957
2022-08-07 07:30:00,1985.3125,-11.5921037676887,0.519966805350073,0.519966093295172
2022-08-07 08:00:00,1985.33333333333,-11.5468849327434,0.52722914353875,0.527228431187651
2022-08-07 08:30:00,1985.35416666667,-11.5732458031657,0.523088899729215,0.52308818708203
2022-08-07 09:00:00,1985.375,-11.5767337014898,0.522592452931224,0.522591739988068
2022-08-07 09:30:00,1985.39583333333,-11.555044803066,0.526106804050244,0.526106090811229
2022-08-07 10:00:00,1985.41666666667,-11.5679026336283,0.524117952750095,0.524117239215333
2022-08-07 10:30:00,1985.4375,-11.5252830573557,0.530966808191779,0.530966094361383
2022-08-07 11:00:00,1985.45833333333,-11.3293500772812,0.562238714599331,0.562238000473414
2022-08-07 11:30:00,1985.47916666667,-11.1863915,0.585071876958697,0.585071162537372
2022-08-07 12:00:00,1985.5,-11.2318761238938,0.577886018872322,0.577885304155702
2022-08-07 12:30:00,1985.52083333333,-11.232482313594,0.577849443581275,0.577848728569471
2022-08-07 13:00:00,1985.54166666667,-11.3434227253259,0.560236664024311,0.560235948717438
2022-08-07 13:30:00,1985.5625,-11.2079363247642,0.581879967907551,0.581879252305722
2022-08-07 14:00:00,1985.58333333333,-11.1511946893805,0.590979290560453,0.590978574663779
2022-08-07 15:00:00,1985.625,-11.0799033403346,0.602457080957703,0.602456364471681
2022-08-07 15:30:00,1985.64583333333,-11.2117691005587,0.581511459066144,0.581510742285618
2022-08-07 16:00:00,1985.66666666667,-11.4428254792453,0.544764816874158,0.54476409979924
2022-08-07 16:30:00,1985.6875,-11.5888859596491,0.521558198113406,0.52155748074421
2022-08-07 17:00:00,1985.70833333333,-11.2696059425651,0.572480769228378,0.572480051565017
2022-08-07 17:30:00,1985.72916666667,-11.0101672907063,0.613870684179663,0.613869966222249
2022-08-07 18:00:00,1985.75,-11.0303325662736,0.610719609755768,0.610718891504415
2022-08-07 18:30:00,1985.77083333333,-10.9836140324561,0.618223290027227,0.618222571482048
2022-08-07 19:00:00,1985.79166666667,-10.9439944288104,0.624596221705842,0.624595502866951
2022-08-07 19:30:00,1985.8125,-10.9921226548327,0.616990977461269,0.61699025832878
2022-08-07 20:00:00,1985.83333333333,-11.4957311379717,0.53682751880693,0.536826799380954
2022-08-07 20:30:00,1985.85416666667,-11.6188771692982,0.517272116642286,0.517271396922937
2022-08-07 21:00:00,1985.875,-11.4586933122677,0.542851484188804,0.542850764176196
2022-08-07 21:30:00,1985.89583333333,-11.2385594907063,0.577981039943016,0.577980319637262
2022-08-07 22:00:00,1985.91666666667,-10.3465330190094,0.720143691015558,0.720142970416771
2022-08-07 22:30:00,1985.9375,-10.3479385660526,0.719982099046291,0.719981378154587
2022-08-07 23:00:00,1985.95833333333,-10.1609145134944,0.749837592940664,0.749836871756155
2022-08-07 23:30:00,1985.97916666667,-10.4317169391806,0.706761117667308,0.706760396190106
2022-08-08,1986,-10.8522759509434,0.639828427191047,0.639827705421268
2022-08-08 00:30:00,1986.02083333333,-10.936745627193,0.626435124004593,0.626434401942348
2022-08-08 01:00:00,1986.04166666667,-11.1745557657993,0.588614691546681,0.588613969192084
2022-08-08 01:30:00,1986.0625,-11.7233661643123,0.501251811393882,0.501251088747049
2022-08-08 02:00:00,1986.08333333333,-11.9809174610849,0.460286830230464,0.460286107291508
2022-08-08 02:30:00,1986.10416666667,-11.9777280640351,0.460858143858183,0.460857420627215
2022-08-08 03:00:00,1986.125,-12.1028643063197,0.440987207365442,0.440986483842579
2022-08-08 03:30:00,1986.14583333333,-12.1993512912639,0.425680233960625,0.42567951014598
2022-08-08 04:00:00,1986.16666666667,-12.1816580334906,0.428562370727673,0.428561646621358
2022-08-08 04:30:00,1986.1875,-12.278473704386,0.413203269232496,0.413202544834627
2022-08-08 05:00:00,1986.20833333333,-12.3347416230483,0.404303569540013,0.404302844850704
2022-08-08 05:30:00,1986.22916666667,-12.3791098621974,0.397299613185509,0.397298888204872
2022-08-08 06:00:00,1986.25,-12.5591344337264,0.368685622020854,0.368684896749004
2022-08-08 06:30:00,1986.27083333333,-12.4888141690265,0.379951858038419,0.379951132475469
2022-08-08 07:00:00,1986.29166666667,-12.7408866165428,0.339860820477389,0.339860094623453
2022-08-08 07:30:00,1986.3125,-12.7055958858473,0.345547058413741,0.345546332268936
2022-08-08 08:00:00,1986.33333333333,-12.6974481233491,0.346909517966306,0.346908791530742
2022-08-08 08:30:00,1986.35416666667,-12.6611929850877,0.352749618402308,0.352748891676101
2022-08-08 09:00:00,1986.375,-12.6426059460967,0.355775293828872,0.355774566812136
2022-08-08 09:30:00,1986.39583333333,-12.4859757916201,0.380791452021491,0.38079072471434
2022-08-08 10:00:00,1986.41666666667,-12.2708443483491,0.41512702313839,0.415126295540938
2022-08-08 10:30:00,1986.4375,-12.2409823912281,0.419949148520979,0.41994842063334
2022-08-08 11:00:00,1986.45833333333,-12.1655148659851,0.432036389292612,0.432035661114902
2022-08-08 11:30:00,1986.47916666667,-11.9944115433892,0.459358596713644,0.459357868245974
2022-08-08 12:00:00,1986.5,-11.9149292693396,0.472085621407888,0.472084892650375
2022-08-08 12:30:00,1986.52083333333,-11.927254354386,0.470187783963266,0.470187054916023
2022-08-08 13:00:00,1986.54166666667,-11.9721787700186,0.463096965623783,0.463096236286923
2022-08-08 14:00:00,1986.58333333333,-12.1618386057514,0.433015711863426,0.433014981947679
2022-08-08 14:30:00,1986.60416666667,-11.9321580134434,0.469670014764613,0.469669284559594
2022-08-08 15:00:00,1986.625,-12.050278293913,0.450919505819171,0.450918775324995
2022-08-08 15:30:00,1986.64583333333,-12.1699202144712,0.431926714241394,0.431925983458174
2022-08-08 16:00:00,1986.66666666667,-12.2459740155844,0.419877656952493,0.419876925880344
2022-08-08 16:30:00,1986.6875,-12.6530448367925,0.355097467517793,0.355096736156829
2022-08-08 17:00:00,1986.70833333333,-12.6761130243478,0.351489287732635,0.351488556082972
2022-08-08 17:30:00,1986.72916666667,-12.7021394057621,0.347409981238897,0.347409249300648
2022-08-08 18:00:00,1986.75,-12.3688534500928,0.400569502490139,0.40056877026342
2022-08-08 18:30:00,1986.77083333333,-12.176224071934,0.431322446099033,0.431321713583957
2022-08-08 19:00:00,1986.79166666667,-12.1908521634783,0.429059242336913,0.429058509533596
2022-08-08 19:30:00,1986.8125,-12.4226642070501,0.392198595467297,0.392197862375854
2022-08-08 20:00:00,1986.83333333333,-12.1005120487941,0.443584957462694,0.443584224083238
2022-08-08 20:30:00,1986.85416666667,-12.0898561311321,0.44534986136802,0.445349127700667
2022-08-08 21:00:00,1986.875,-12.1304086765217,0.438957336141965,0.438956602186831
2022-08-08 21:30:00,1986.89583333333,-12.0546394033457,0.451095075356708,0.451094341113905
2022-08-08 22:00:00,1986.91666666667,-12.0601797640449,0.450280247399905,0.450279512869548
2022-08-08 22:30:00,1986.9375,-12.1200618959524,0.440808852057251,0.440808117239457
2022-08-08 23:00:00,1986.95833333333,-12.0474434773913,0.452445004683015,0.452444269577898
2022-08-08 23:30:00,1986.97916666667,-11.5973775614953,0.524208928946396,0.52420819355407
2022-08-09,1987,-11.2350168599251,0.582001465467242,0.582000729787824
2022-08-09 00:30:00,1987.02083333333,-11.1374690354762,0.597609236990189,0.597608501023791
2022-08-09 01:00:00,1987.04166666667,-11.1285826086957,0.59909330006335,0.59909256381009
2022-08-09 01:30:00,1987.0625,-11.1001289766355,0.603694548469051,0.603693811929043
2022-08-09 02:00:00,1987.08333333333,-13.1800451027451,0.272431103271087,0.272430366444445
2022-08-09 02:30:00,1987.10416666667,-13.4239261671429,0.233649470988006,0.233648733874845
2022-08-09 03:00:00,1987.125,-13.37922614,0.240839128333069,0.240838390933507
2022-08-09 03:30:00,1987.14583333333,-13.2023558016854,0.26908372621161,0.269082988525759
2022-08-09 04:00:00,1987.16666666667,-13.0725682041121,0.289828125348616,0.289827387376592
2022-08-09 04:30:00,1987.1875,-12.7147942744019,0.346891025612442,0.346890287354361
2022-08-09 05:00:00,1987.20833333333,-12.6724347817391,0.353708296142294,0.353707557598272
2022-08-09 05:30:00,1987.22916666667,-12.4196000138318,0.394054543904649,0.394053805074798
2022-08-09 06:00:00,1987.25,-12.1361084142056,0.439284562336475,0.439283823220913
2022-08-09 06:30:00,1987.27083333333,-11.8725785971429,0.481334770000997,0.481334030599838
2022-08-09 07:00:00,1987.29166666667,-11.8076782478261,0.491743276961609,0.491742537274969
2022-08-09 07:30:00,1987.3125,-11.5913482956929,0.526274743306427,0.526274003334422
2022-08-09 08:00:00,1987.33333333333,-11.5455215018692,0.533645050122034,0.533644309864779
2022-08-09 08:30:00,1987.35416666667,-11.5333071580952,0.535660985049033,0.535660244506642
2022-08-09 09:00:00,1987.375,-11.527078273913,0.536723547400934,0.536722806573524
2022-08-09 09:30:00,1987.39583333333,-11.4592766269159,0.547594810276066,0.547594069163752
2022-08-09 10:00:00,1987.41666666667,-11.3818202269663,0.560004197593089,0.560003456195985
2022-08-09 10:30:00,1987.4375,-11.2494438835322,0.581162486541746,0.58116174485997
2022-08-09 11:00:00,1987.45833333333,-11.2218260756522,0.585632781293946,0.585632039327613
2022-08-09 11:30:00,1987.47916666667,-11.1357252409346,0.599419579384057,0.599418837133282
2022-08-09 12:00:00,1987.5,-10.9296716694184,0.63231504952677,0.632314306991668
2022-08-09 13:00:00,1987.54166666667,-10.4084089917258,0.71549489053375,0.715494147430343
2022-08-09 13:30:00,1987.5625,-10.370095620087,0.721669572994825,0.72166882960744
2022-08-09 14:00:00,1987.58333333333,-10.2252383520112,0.744816889620312,0.744816145949062
2022-08-09 21:00:00,1987.875,-13.08675005,0.289988439427481,0.289987691794308
2022-08-09 21:30:00,1987.89583333333,-12.206314590824,0.430315616307605,0.430314868392307
2022-08-09 22:00:00,1987.91666666667,-12.2528975700186,0.422968208672663,0.422967460475355
2022-08-09 22:30:00,1987.9375,-12.5058475674721,0.382746502723394,0.382745754244194
2022-08-09 23:00:00,1987.95833333333,-13.45875,0.231021988829488,0.231021240068513
2022-08-09 23:30:00,1987.97916666667,-12.8840448603738,0.322646567974815,0.322645818932179
2022-08-10,1988,-12.5704156040816,0.372681687475456,0.372680938151277
2022-08-10 00:30:00,1988.02083333333,-12.9490853413729,0.312433197701892,0.312432448096287
2022-08-10 01:00:00,1988.04166666667,-13.85350015,0.168433257480207,0.16843250759329
2022-08-10 01:30:00,1988.0625,-13.0565457730841,0.295462759444927,0.295462009276816
2022-08-10 02:00:00,1988.08333333333,-13.3756925722222,0.244696661585193,0.244695911136003
2022-08-10 02:30:00,1988.10416666667,-13.2124333116667,0.27077830885903,0.270777558128878
2022-08-10 03:00:00,1988.125,-13.6797502,0.196408840078934,0.196408089067938
2022-08-10 03:30:00,1988.14583333333,-13.2958656625,0.25763648178509,0.257635730493365
2022-08-10 04:00:00,1988.16666666667,-13.4171057194805,0.238397529684711,0.238396778112372
2022-08-10 04:30:00,1988.1875,-12.9758978005576,0.308757057130841,0.308756305278009
2022-08-10 05:00:00,1988.20833333333,-12.48600005,0.386873024594021,0.386872272460808
2022-08-10 05:30:00,1988.22916666667,-12.4968731186567,0.385215957733077,0.3852152053196
2022-08-10 06:00:00,1988.25,-12.8857161398887,0.323348122348968,0.323347369655345
2022-08-10 06:30:00,1988.27083333333,-13.1565037201852,0.2802867180842,0.280285965110549
2022-08-10 07:00:00,1988.29166666667,-13.387500025,0.243564207443815,0.24356345419025
2022-08-10 07:30:00,1988.3125,-13.3495186419776,0.249690149685787,0.249689396152426
2022-08-10 08:00:00,1988.33333333333,-13.614280144898,0.20758904883875,0.207588295025708
2022-08-10 08:30:00,1988.35416666667,-13.7950296820037,0.178871229157772,0.178870475065166
2022-08-10 09:00:00,1988.375,-13.969499825,0.151153836411815,0.151153082039765
2022-08-10 09:30:00,1988.39583333333,-13.8612209840824,0.168478673815606,0.168477919164225
2022-08-10 10:00:00,1988.41666666667,-14.0023284009276,0.146076217089935,0.146075462159341
2022-08-10 10:30:00,1988.4375,-14.0657777738889,0.136044857187228,0.13604410197754
2022-08-10 11:00:00,1988.45833333333,-13.901249875,0.162330554532741,0.162329799044073
2022-08-10 11:30:00,1988.47916666667,-13.8325820923507,0.173345781775822,0.173345026008291
2022-08-10 12:30:00,1988.52083333333,-13.8327379148699,0.173474104642388,0.173473348317484
2022-08-10 13:00:00,1988.54166666667,-14.1189534404097,0.127956511980187,0.127955755376771
2022-08-10 13:30:00,1988.5625,-14.1434285285714,0.124134472913326,0.124133716031516
2022-08-10 14:00:00,1988.58333333333,-13.646290065458,0.203405960184288,0.2034052030242
2022-08-10 14:30:00,1988.60416666667,-13.6134915753271,0.208707872794469,0.208707115356219
2022-08-10 15:00:00,1988.625,-14.3749119906367,0.0874902610578572,0.0874895033415662
2022-08-10 15:30:00,1988.64583333333,-14.379,0.0869163576261449,0.0869155996319266
2022-08-10 16:00:00,1988.66666666667,-14.1653523811429,0.121028010195204,0.121027251923176
2022-08-10 16:30:00,1988.6875,-14.20030525,0.115537542237177,0.115536783687459
2022-08-10 17:00:00,1988.70833333333,-14.5312523530841,0.0628950960544981,0.0628943372272036
2022-08-10 17:30:00,1988.72916666667,-14.6064444555556,0.0509947190339639,0.0509939599292107
2022-08-10 18:00:00,1988.75,-14.5464023304687,0.0606373658924172,0.0606366065103241
2022-08-10 18:30:00,1988.77083333333,-14.069112793609,0.136747938395336,0.13674717873602
2022-08-10 19:00:00,1988.79166666667,-14.1151872677903,0.129486364706005,0.129485604769582
2022-08-10 22:30:00,1988.9375,-14.0972422896907,0.132895086039956,0.132894324167076
2022-08-10 23:00:00,1988.95833333333,-13.9603953401163,0.154773943662544,0.154773181513497
2022-08-10 23:30:00,1988.97916666667,-13.5479981527881,0.220548265749206,0.220547503324108
2022-08-11,1989,-13.9512379200743,0.156391152769723,0.156390390068694
2022-08-11 00:30:00,1989.02083333333,-14.1032267804124,0.13225860347205,0.132257840495206
2022-08-11 01:00:00,1989.04166666667,-14.0741912701449,0.136963480421918,0.136962717169376
2022-08-11 01:30:00,1989.0625,-14.276409996846,0.104829506803173,0.104828743275053
2022-08-11 02:00:00,1989.08333333333,-14.1643265280148,0.122764212164362,0.122763448360779
2022-08-11 02:30:00,1989.10416666667,-14.2064123809278,0.116139749017625,0.116138984938697
2022-08-11 03:00:00,1989.125,-14.1021217315942,0.132833281888174,0.132832517534021
2022-08-11 03:30:00,1989.14583333333,-14.1918944625926,0.118612494188483,0.11861172955922
2022-08-11 04:00:00,1989.16666666667,-14.0353036892593,0.143637703369699,0.143636938465443
2022-08-11 04:30:00,1989.1875,-13.8471804092783,0.17368617796958,0.173685412790453
2022-08-11 05:00:00,1989.20833333333,-13.7729999962428,0.185583587005964,0.185582821552081
2022-08-11 05:30:00,1989.22916666667,-13.811898152037,0.179467613776044,0.179466848047522
2022-08-11 06:00:00,1989.25,-13.8858589977737,0.167766243527305,0.167765477524264
2022-08-11 06:30:00,1989.27083333333,-13.7993144474227,0.181633612109402,0.181632845831959
2022-08-11 07:00:00,1989.29166666667,-13.7786155864162,0.185011829849378,0.185011063297649
2022-08-11 07:30:00,1989.3125,-13.6981277653704,0.197914586163742,0.197913819337847
2022-08-11 08:00:00,1989.33333333333,-13.9189074181481,0.16282533311242,0.162824566012476
2022-08-11 08:30:00,1989.35416666667,-14.1006391463918,0.133956556836951,0.133955789463077
2022-08-11 09:00:00,1989.375,-14.0503063575145,0.142055938458036,0.142055170810349
2022-08-11 09:30:00,1989.39583333333,-13.9891148088889,0.151885242739442,0.15188447481806
2022-08-11 10:00:00,1989.41666666667,-14.0420649408163,0.143531810203896,0.143531042008936
2022-08-11 10:30:00,1989.4375,-13.9700303078788,0.155088654478685,0.155087886010268
2022-08-11 11:00:00,1989.45833333333,-13.9368092447977,0.160462583779951,0.160461815038192
2022-08-11 12:00:00,1989.5,-13.6301205940631,0.209482228711823,0.209481459423737
2022-08-11 12:30:00,1989.52083333333,-14.075085338961,0.138681160345388,0.138680390784316
2022-08-11 13:00:00,1989.54166666667,-15.0197107696078,-0.0117160979252654,-0.0117168677592061
2022-08-11 13:30:00,1989.5625,-14.9429432820896,0.000595379956390363,0.000594609849700389
2022-08-11 14:00:00,1989.58333333333,-15.7948879323651,-0.135037535003463,-0.135038305382784
2022-08-11 14:30:00,1989.60416666667,-15.0351643657534,-0.0139304369276657,-0.0139312075795016
2022-08-11 15:00:00,1989.625,-15.1834031215625,-0.0374622712975737,-0.0374630422218042
2022-08-11 15:30:00,1989.64583333333,-16.4633457719331,-0.241275230454261,-0.241276001650769
2022-08-11 16:30:00,1989.6875,-15.4572788126394,-0.0808420624740196,-0.0808428342147262
2022-08-11 17:00:00,1989.70833333333,-15.5080364885845,-0.0888446338385979,-0.0888454058512276
2022-08-11 17:30:00,1989.72916666667,-15.2646406309375,-0.0499882227923613,-0.0499889950767957
2022-08-11 18:30:00,1989.77083333333,-14.8236437564007,0.0204297913107334,0.0204290184830481
2022-08-11 19:30:00,1989.8125,-14.7266920137291,0.0360416271359553,0.0360408537654912
2022-08-11 20:00:00,1989.83333333333,-14.9510754440252,0.000381034690854487,0.000380261049179653
2022-08-11 20:30:00,1989.85416666667,-14.5768578992105,0.0600781195881295,0.0600773456753607
2022-08-11 21:00:00,1989.875,-14.2933558460123,0.105324276073304,0.105323501889561
2022-08-12 00:30:00,1990.02083333333,-13.8753729042672,0.172500992605911,0.172500216528668
2022-08-12 01:00:00,1990.04166666667,-13.9979036541667,0.153066746843114,0.153065970495845
2022-08-12 01:30:00,1990.0625,-13.8983225690323,0.169015189256378,0.169014412639203
2022-08-12 02:00:00,1990.08333333333,-14.1555809839851,0.128118958424277,0.128118181537316
2022-08-12 03:00:00,1990.125,-15.1164758254647,-0.0247814971533015,-0.0247822745794825
2022-08-12 03:30:00,1990.14583333333,-15.6481823049479,-0.109397158493379,-0.109397936188993
2022-08-12 04:00:00,1990.16666666667,-15.6852193696774,-0.115211514489682,-0.115212292454608
2022-08-12 04:30:00,1990.1875,-15.9414100356215,-0.155937081703677,-0.155937859937795
2022-08-12 05:30:00,1990.22916666667,-16.058583639777,-0.174431000530515,-0.174431779302664
2022-08-12 06:00:00,1990.25,-16.2527049524804,-0.205268533286763,-0.205269312327747
2022-08-12 06:30:00,1990.27083333333,-16.066141856129,-0.175462653617217,-0.175463432926919
2022-08-12 07:00:00,1990.29166666667,-16.6145955261596,-0.26274535607378,-0.262746135652081
2022-08-12 08:00:00,1990.33333333333,-17.0573766209647,-0.333107640683615,-0.333108420798755
2022-08-12 08:30:00,1990.35416666667,-17.1601692471354,-0.349395878413246,-0.349396658796629
2022-08-12 09:00:00,1990.375,-17.1746193206452,-0.351610970407145,-0.35161175105865
2022-08-12 09:30:00,1990.39583333333,-18.0174851988889,-0.485793178136211,-0.48579395905572
2022-08-12 10:30:00,1990.4375,-18.6511560951673,-0.586563204926782,-0.586563986381938
2022-08-12 11:30:00,1990.47916666667,-19.6624796629442,-0.747493116475918,-0.747493898466248
2022-08-12 12:00:00,1990.5,-19.5082344675862,-0.722834248024466,-0.7228350302822
2022-08-12 12:30:00,1990.52083333333,-20.4647792016698,-0.875124895229201,-0.875125677754225
2022-08-12 13:30:00,1990.5625,-20.2167788052045,-0.835442688242218,-0.83544347130146
2022-08-12 14:00:00,1990.58333333333,-21.1701523274112,-0.987227817532193,-0.987228600858363
2022-08-12 14:30:00,1990.60416666667,-21.2592827944828,-1.00133829669741,-1.00133908029039
2022-08-12 15:00:00,1990.625,-22.3458886602968,-1.17434720585878,-1.17434798971845
2022-08-12 16:00:00,1990.66666666667,-21.8937895711359,-1.10215079290049,-1.10215157729319
2022-08-12 16:30:00,1990.6875,-22.289507564467,-1.16510042883108,-1.1651012134901
2022-08-12 17:00:00,1990.70833333333,-22.0660758958621,-1.12941896737687,-1.12941975230211
2022-08-12 20:00:00,1990.83333333333,-19.4690273975684,-0.715173074967483,-0.715173861487495
2022-08-12 20:30:00,1990.85416666667,-19.2343476895238,-0.67769899660643,-0.677699783391819
2022-08-12 21:00:00,1990.875,-19.494732050211,-0.719088864478101,-0.719089651528747
2022-08-12 22:00:00,1990.91666666667,-19.5566883230056,-0.728779108250138,-0.728779895830938
2022-08-12 22:30:00,1990.9375,-19.6662835262195,-0.746147814564017,-0.746148602409714
2022-08-12 23:00:00,1990.95833333333,-19.1912428557143,-0.670383494757305,-0.67038428286778
2022-08-12 23:30:00,1990.97916666667,-21.2193866178439,-0.99337813023807,-0.993378918613204
2022-08-13 00:30:00,1991.02083333333,-19.1420204038961,-0.662271636652217,-0.662272425556306
2022-08-13 01:00:00,1991.04166666667,-19.6079816272171,-0.73640913650242,-0.736409925670809
2022-08-13 01:30:00,1991.0625,-19.6262047919048,-0.7392215300619,-0.739222319494466
2022-08-13 02:00:00,1991.08333333333,-20.4204573583333,-0.865655848299117,-0.865656637995742
2022-08-13 03:00:00,1991.125,-20.8503259253704,-0.933952511169811,-0.933953301394194
2022-08-13 03:30:00,1991.14583333333,-21.395563992378,-1.02071830103107,-1.02071909151915
2022-08-13 04:00:00,1991.16666666667,-21.3947904895238,-1.02050394409359,-1.02050473484525
2022-08-13 04:30:00,1991.1875,-21.3627629325926,-1.01531068048566,-1.01531147150078
2022-08-13 05:30:00,1991.22916666667,-21.7792277811111,-1.08147098614491,-1.08147177768659
2022-08-13 06:00:00,1991.25,-22.4438692805471,-1.18725726057036,-1.18725805237513
2022-08-13 06:30:00,1991.27083333333,-21.9856255763033,-1.11416700614743,-1.11416779821518
2022-08-13 07:00:00,1991.29166666667,-22.3396722466667,-1.17047507540925,-1.17047586773987
2022-08-13 08:00:00,1991.33333333333,-22.2136204092593,-1.15021095062427,-1.15021174348024
2022-08-13 08:30:00,1991.35416666667,-21.8668997322188,-1.09488594034979,-1.09488673346826
2022-08-13 09:00:00,1991.375,-21.7263980881517,-1.07241165597894,-1.07241244935979
2022-08-13 09:30:00,1991.39583333333,-21.542383307037,-1.04300558437752,-1.04300637802062
2022-08-13 11:00:00,1991.45833333333,-21.3478849760668,-1.0117440245464,-1.01174481897556
2022-08-13 11:30:00,1991.47916666667,-21.3317817085546,-1.00908592355653,-1.00908671824746
2022-08-13 12:00:00,1991.5,-21.2058849705,-0.98893753090497,-0.988938325857559
2022-08-13 12:30:00,1991.52083333333,-21.4809591319703,-1.03266397575385,-1.03266477096798
2022-08-13 13:30:00,1991.5625,-20.7723524949907,-0.919595960864407,-0.919596756601244
2022-08-13 14:00:00,1991.58333333333,-21.5246341710914,-1.03934156388604,-1.03934235988405
2022-08-13 14:30:00,1991.60416666667,-21.4555199785,-1.0282381047606,-1.02823890101967
2022-08-13 15:00:00,1991.625,-21.982575164564,-1.11210474041212,-1.11210553693212
2022-08-13 16:00:00,1991.66666666667,-21.0461133743494,-0.962738103996106,-0.962738901037613
2022-08-13 16:30:00,1991.6875,-21.6481390044379,-1.05854724520908,-1.05854804251115
2022-08-13 17:00:00,1991.70833333333,-21.5808150085,-1.04772839944581,-1.04772919700834
2022-08-13 17:30:00,1991.72916666667,-21.995173267126,-1.11364176783793,-1.1136425656608
2022-08-13 18:30:00,1991.77083333333,-20.9189217750466,-0.942005399832376,-0.942006198175539
2022-08-13 22:00:00,1991.91666666667,-19.603094609462,-0.731729050876305,-0.731729851036718
2022-08-13 22:30:00,1991.9375,-19.0441262016181,-0.642589654288021,-0.64259045470756
2022-08-13 23:00:00,1991.95833333333,-18.7342870052174,-0.593136606034338,-0.593137406712882
2022-08-13 23:30:00,1991.97916666667,-18.3236846189239,-0.527631796557232,-0.527632597494658
2022-08-14 00:30:00,1992.02083333333,-18.3406274745098,-0.530139354569992,-0.530140156024821
2022-08-14 01:00:00,1992.04166666667,-19.4732370558442,-0.710468975207193,-0.710469776920541
2022-08-14 01:30:00,1992.0625,-19.1337956834783,-0.656299713956436,-0.656300515928183
2022-08-14 02:00:00,1992.08333333333,-19.2147365489796,-0.669097530602749,-0.669098332832775
2022-08-14 03:00:00,1992.125,-19.757899770872,-0.755431238895356,-0.755432041641577
2022-08-14 03:30:00,1992.14583333333,-19.8213948511327,-0.765449590543358,-0.765450393547494
2022-08-14 04:00:00,1992.16666666667,-19.4444112229437,-0.705299256207673,-0.705300059469602
2022-08-14 04:30:00,1992.1875,-21.1878221981481,-0.982929184508881,-0.982929988028485
2022-08-14 05:30:00,1992.22916666667,-20.6521725410019,-0.897406100738394,-0.897406904772982
2022-08-14 06:00:00,1992.25,-20.697152105178,-0.904474352785953,-0.904475157077851
2022-08-14 06:30:00,1992.27083333333,-20.4530086606061,-0.865484990034993,-0.865485794584081
2022-08-14 07:00:00,1992.29166666667,-20.7161703859259,-0.907309590492624,-0.90731039529878
2022-08-14 08:00:00,1992.33333333333,-20.297455532963,-0.840413175712943,-0.840413981032871
2022-08-14 08:30:00,1992.35416666667,-20.8078608413534,-0.921623517066896,-0.921624322643528
2022-08-14 09:00:00,1992.375,-20.5425370092593,-0.879259539164383,-0.879260344997599
2022-08-14 10:00:00,1992.41666666667,-20.6388574298851,-0.894407708864268,-0.894408515210285
2022-08-14 11:00:00,1992.45833333333,-19.8790427679702,-0.773172496934353,-0.773173303792691
2022-08-14 11:30:00,1992.47916666667,-19.8273605197492,-0.76484121204324,-0.764842019157554
2022-08-14 12:00:00,1992.5,-19.7176318622727,-0.747262979920692,-0.74726378729086
2022-08-14 12:30:00,1992.52083333333,-19.6256103975881,-0.732505403519907,-0.732506211145811
2022-08-14 13:30:00,1992.5625,-20.5048497246753,-0.872371535825617,-0.872372343962623
2022-08-14 14:00:00,1992.58333333333,-20.9869371525157,-0.949069578113841,-0.949070386506218
2022-08-14 14:30:00,1992.60416666667,-20.4802864145455,-0.868260811330777,-0.868261619978402
2022-08-14 15:00:00,1992.625,-20.0586753510204,-0.800998812776724,-0.800999621679477
2022-08-14 16:00:00,1992.66666666667,-19.8847291131725,-0.773090605100579,-0.77309141451322
2022-08-14 16:30:00,1992.6875,-20.0729560918495,-0.802975904501787,-0.802976714169192
2022-08-14 17:00:00,1992.70833333333,-20.3128954290909,-0.841098906946949,-0.841099716868997
2022-08-14 17:30:00,1992.72916666667,-19.3127569528757,-0.68167651491671,-0.681677325093274
2022-08-14 18:30:00,1992.77083333333,-19.2371468490706,-0.669432197433287,-0.669433008118528
2022-08-14 19:00:00,1992.79166666667,-18.9186207426332,-0.61859080522322,-0.618591616162615
2022-08-14 19:30:00,1992.8125,-18.4439091345455,-0.54286883842246,-0.542869649615887
2022-08-14 20:00:00,1992.83333333333,-17.2243345917757,-0.348489561285714,-0.348490372733054
2022-08-14 23:30:00,1992.97916666667,-15.9861540109462,-0.150542092885349,-0.150542906106659
2022-08-15,1993,-16.4669619328657,-0.227034057527944,-0.227034871002193
2022-08-15 00:30:00,1993.02083333333,-16.4791998425,-0.228882371930768,-0.228883185657833
2022-08-15 01:00:00,1993.04166666667,-17.1637588282004,-0.337831801775942,-0.3378326157557
2022-08-15 02:00:00,1993.08333333333,-17.4329925820037,-0.380517982392571,-0.380518796877351
2022-08-15 02:30:00,1993.10416666667,-17.3555069835671,-0.368072828224619,-0.368073642961727
2022-08-15 03:00:00,1993.125,-17.288149925,-0.357241045324017,-0.357241860313332
2022-08-15 03:30:00,1993.14583333333,-17.4157639594796,-0.377468184515681,-0.37746899975708
2022-08-15 04:30:00,1993.1875,-17.7700872300557,-0.433708062307002,-0.433708878052203
2022-08-15 05:00:00,1993.20833333333,-17.662323334739,-0.416438992080092,-0.416439808077013
2022-08-15 05:30:00,1993.22916666667,-17.5440731585366,-0.397499337507941,-0.397500153756455
2022-08-15 06:00:00,1993.25,-17.703585175,-0.42280728642635,-0.422808102926339
2022-08-15 07:00:00,1993.29166666667,-17.6358629498148,-0.411813892144611,-0.411814709147182
2022-08-15 07:30:00,1993.3125,-17.49233668998,-0.388847290292468,-0.388848107546147
2022-08-15 08:00:00,1993.33333333333,-17.3197559731707,-0.361252180440813,-0.361252997945479
2022-08-15 08:30:00,1993.35416666667,-17.1290240838889,-0.330765463615604,-0.330766281371133
2022-08-15 10:00:00,1993.41666666667,-17.1705826042672,-0.337076120686696,-0.337076939194082
2022-08-15 10:30:00,1993.4375,-16.6811728766208,-0.25900936199283,-0.259010180750592
2022-08-15 11:00:00,1993.45833333333,-16.69656677,-0.261358068705741,-0.261358887713754
2022-08-15 11:30:00,1993.47916666667,-16.0795287267161,-0.162959803816353,-0.162960623074496
2022-08-15 12:30:00,1993.52083333333,-16.3577254176252,-0.207069071786943,-0.207069891544982
2022-08-15 13:00:00,1993.54166666667,-16.4986365508841,-0.229412315995774,-0.229413136003576
2022-08-15 13:30:00,1993.5625,-16.4765000066667,-0.225781836571791,-0.225782656829233
2022-08-15 14:00:00,1993.58333333333,-15.9488033391466,-0.141615156144567,-0.141615976651529
2022-08-15 15:00:00,1993.625,-17.1091780992579,-0.326254900071399,-0.326255721077032
2022-08-15 15:30:00,1993.64583333333,-17.3936929470472,-0.371473758284587,-0.371474579539371
2022-08-15 16:00:00,1993.66666666667,-17.0790665266667,-0.321248872296466,-0.321249693800278
2022-08-15 19:30:00,1993.8125,-17.1292625787879,-0.328509296912157,-0.328510120155744
2022-08-15 20:00:00,1993.83333333333,-16.5445727295455,-0.235262217974843,-0.23526304146648
2022-08-15 20:30:00,1993.85416666667,-16.6143191272727,-0.246267188941085,-0.246268012680647
2022-08-15 21:30:00,1993.89583333333,-16.4416456545455,-0.218548485607977,-0.218549309843025
2022-08-15 22:00:00,1993.91666666667,-17.1161212353535,-0.325886911946592,-0.325887736429198
2022-08-15 22:30:00,1993.9375,-16.624981761959,-0.247541915335295,-0.247542740065338
2022-08-15 23:00:00,1993.95833333333,-17.9629183497217,-0.460569930507576,-0.460570755484931
2022-08-16,1994,-18.5881725326531,-0.559960554471773,-0.559961379943388
2022-08-16 00:30:00,1994.02083333333,-19.1542222353535,-0.650026101818473,-0.650026927537033
2022-08-16 01:00:00,1994.04166666667,-18.398797246697,-0.529579674705464,-0.529580500670846
2022-08-16 01:30:00,1994.0625,-19.9435481714815,-0.775552802566829,-0.775553628778909
2022-08-16 02:30:00,1994.10416666667,-19.730981154088,-0.741476792825764,-0.741477619530876
2022-08-16 03:00:00,1994.125,-19.8978282626263,-0.767948522861888,-0.76794934981333
2022-08-16 03:30:00,1994.14583333333,-19.322861365,-0.676248639890617,-0.676249467088268
2022-08-16 04:00:00,1994.16666666667,-19.4347328111317,-0.693962484200889,-0.693963311644625
2022-08-16 05:00:00,1994.20833333333,-18.796046267037,-0.592004212255337,-0.592005040190875
2022-08-16 05:30:00,1994.22916666667,-18.8482727060606,-0.600216229286191,-0.600217057467445
2022-08-16 06:00:00,1994.25,-18.666482947619,-0.571149187182905,-0.571150015609754
2022-08-16 06:30:00,1994.27083333333,-18.3007166959259,-0.51277444659951,-0.512775275271831
2022-08-16 07:30:00,1994.3125,-17.8752055431481,-0.444774050426732,-0.444774879589624
2022-08-16 08:00:00,1994.33333333333,-17.9036262585859,-0.449193240581339,-0.449194069989334
2022-08-16 08:30:00,1994.35416666667,-17.3587142777778,-0.362280010935484,-0.362280840588458
2022-08-16 09:30:00,1994.39583333333,-17.6324598001869,-0.405670810194505,-0.405671640337067
2022-08-16 10:30:00,1994.4375,-17.4246809804104,-0.372353991495458,-0.372354822127116
2022-08-16 11:00:00,1994.45833333333,-17.5727675848485,-0.395835374023874,-0.395836204899895
2022-08-16 11:30:00,1994.47916666667,-16.9870000336384,-0.302413153641972,-0.302413984762232
2022-08-16 12:00:00,1994.5,-17.4312761248134,-0.373077510093527,-0.373078341457906
2022-08-16 13:00:00,1994.54166666667,-17.4700690412313,-0.379038630300086,-0.379039462152328
2022-08-16 13:30:00,1994.5625,-19.587565720202,-0.716247887734399,-0.71624871983039
2022-08-16 14:00:00,1994.58333333333,-19.6606018318078,-0.727773004366487,-0.727773836706103
2022-08-16 14:30:00,1994.60416666667,-20.4335839352612,-0.850799906279611,-0.850800738862728
2022-08-16 15:30:00,1994.64583333333,-20.7691775373832,-0.904040473643352,-0.904041306713101
2022-08-16 16:00:00,1994.66666666667,-21.6920303161616,-1.05094154708873,-1.05094238040161
2022-08-16 16:30:00,1994.6875,-21.4118695803204,-1.00620159661301,-1.0062024301689
2022-08-16 17:00:00,1994.70833333333,-20.0677518518657,-0.791972425557362,-0.791973259356135
2022-08-16 20:30:00,1994.85416666667,-19.946380367718,-0.771862950343732,-0.771863785839243
2022-08-16 21:00:00,1994.875,-20.1337902701613,-0.801606335129718,-0.801607170867126
2022-08-16 21:30:00,1994.89583333333,-20.2349952016867,-0.817617095233188,-0.817617931212372
2022-08-16 22:00:00,1994.91666666667,-20.0194009911422,-0.783161414418437,-0.78316225063927
2022-08-16 23:00:00,1994.95833333333,-19.1052745424861,-0.637317346347469,-0.637318183051233
2022-08-16 23:30:00,1994.97916666667,-18.983330725,-0.617779906562624,-0.617780743507667
2022-08-17,1995,-18.7919745579096,-0.587184918742186,-0.587185755928387
2022-08-17 00:30:00,1995.02083333333,-18.7071799369202,-0.57356515023943,-0.573565987666665
2022-08-17 01:30:00,1995.0625,-19.550664206679,-0.707708614286687,-0.707709452195616
2022-08-17 02:00:00,1995.08333333333,-19.4786015195122,-0.696116718647194,-0.696117556796786
2022-08-17 02:30:00,1995.10416666667,-19.0854447016827,-0.633374187466363,-0.633375025856492
2022-08-17 03:00:00,1995.125,-19.1792759340741,-0.648209089638853,-0.648209928269395
2022-08-17 04:00:00,1995.16666666667,-19.2721279974026,-0.662775196173533,-0.662776035284534
2022-08-17 04:30:00,1995.1875,-19.4727661830645,-0.694624189250516,-0.694625028601562
2022-08-17 05:00:00,1995.20833333333,-19.0391730723558,-0.625439572589386,-0.625440412180351
2022-08-17 05:30:00,1995.22916666667,-18.7780462912963,-0.583728854505598,-0.583729694336359
2022-08-17 06:30:00,1995.27083333333,-18.7704990311688,-0.582300167171763,-0.582301007481748
2022-08-17 07:00:00,1995.29166666667,-18.2872903580645,-0.505211312122807,-0.505212152672213
2022-08-17 07:30:00,1995.3125,-18.0073518224096,-0.460503424304611,-0.460504265093319
2022-08-17 08:00:00,1995.33333333333,-18.4402481005556,-0.529350520815679,-0.529351361843566
2022-08-17 09:30:00,1995.39583333333,-18.3625586707635,-0.51663310396735,-0.516633945712025
2022-08-17 10:00:00,1995.41666666667,-18.5182238492537,-0.541316644697214,-0.54131748668057
2022-08-17 10:30:00,1995.4375,-18.3250965868812,-0.510437189509484,-0.510438031731399
2022-08-17 11:00:00,1995.45833333333,-17.656866114684,-0.403873342659893,-0.403874185120242
2022-08-17 12:00:00,1995.5,-17.4849348476723,-0.376255726347012,-0.376256569283857
2022-08-17 12:30:00,1995.52083333333,-17.553261188806,-0.387025573834943,-0.38702641700985
2022-08-17 13:00:00,1995.54166666667,-17.5267475175743,-0.382687228815676,-0.38268807222852
2022-08-17 13:30:00,1995.5625,-18.0815884441341,-0.470958975918927,-0.470959819569586
2022-08-17 14:30:00,1995.60416666667,-18.2144999944238,-0.491901930684906,-0.491902774810821
2022-08-17 15:00:00,1995.625,-18.9810970074627,-0.613906241529622,-0.613907085892978
2022-08-17 15:30:00,1995.64583333333,-18.7144168478908,-0.571308649694967,-0.571309494295643
2022-08-17 16:00:00,1995.66666666667,-18.0798308546468,-0.470103284971172,-0.470104129809041
2022-08-17 17:00:00,1995.70833333333,-19.3575167863806,-0.67340850994613,-0.673409355258015
2022-08-17 17:30:00,1995.72916666667,-17.6549104268657,-0.402066405718286,-0.402067251266991
2022-08-17 18:00:00,1995.75,-17.2833955333333,-0.342768012619906,-0.342768858405311
2022-08-17 18:30:00,1995.77083333333,-16.3872727179963,-0.199899092085722,-0.199899938107698
2022-08-17 22:00:00,1995.91666666667,-18.0409887289474,-0.462522729121685,-0.462523576796197
2022-08-17 22:30:00,1995.9375,-17.7937507425868,-0.423020741272038,-0.423021589182129
2022-08-17 23:00:00,1995.95833333333,-17.5507306287671,-0.384190553065451,-0.384191401210999
2022-08-17 23:30:00,1995.97916666667,-17.2253184221602,-0.332235135147575,-0.332235983528453
2022-08-18 00:30:00,1996.02083333333,-17.2366790710575,-0.33381052161615,-0.333811370467317
2022-08-18 01:00:00,1996.04166666667,-17.338695953605,-0.349944531781093,-0.349945380867216
2022-08-18 01:30:00,1996.0625,-17.2115908718182,-0.329579138902432,-0.329579988223391
2022-08-18 02:00:00,1996.08333333333,-17.5041391673469,-0.376064718542856,-0.376065568098525
2022-08-18 03:00:00,1996.125,-17.4160612124304,-0.361798360521296,-0.361799210546008
2022-08-18 03:30:00,1996.14583333333,-17.6824451711599,-0.404115611572493,-0.404116461831542
2022-08-18 04:00:00,1996.16666666667,-17.7180905647059,-0.409675933984939,-0.409676784478199
2022-08-18 04:30:00,1996.1875,-18.2951851614815,-0.50148939109688,-0.501490241824226
2022-08-18 05:30:00,1996.22916666667,-19.6369611105556,-0.714998678684132,-0.714999529879279
2022-08-18 06:00:00,1996.25,-19.4763386125392,-0.689292944601106,-0.689293796029967
2022-08-18 06:30:00,1996.27083333333,-19.4914841303167,-0.691587070799412,-0.691587922461862
2022-08-18 07:00:00,1996.29166666667,-19.5429072129897,-0.699660128784521,-0.699660980680434
2022-08-18 08:00:00,1996.33333333333,-19.4746166451852,-0.68854371025206,-0.688544562614532
2022-08-18 09:00:00,1996.375,-19.4503039720365,-0.684432561046384,-0.68443341387491
2022-08-18 09:30:00,1996.39583333333,-19.2793348330144,-0.657077828292554,-0.657078681353923
2022-08-18 10:00:00,1996.41666666667,-19.3245575840149,-0.664162507978731,-0.664163361272816
2022-08-18 11:00:00,1996.45833333333,-19.2689963379182,-0.655072557700252,-0.655073411459397
2022-08-18 11:30:00,1996.47916666667,-18.9969695990881,-0.611618836635968,-0.611619690627455
2022-08-18 12:00:00,1996.5,-18.8263396660287,-0.584317589117681,-0.584318443341388
2022-08-18 13:00:00,1996.54166666667,-19.306394114684,-0.66055072118923,-0.660551575876998
2022-08-18 14:00:00,1996.58333333333,-19.2483978191209,-0.651071545102717,-0.651072400254051
2022-08-18 14:30:00,1996.60416666667,-19.036824537594,-0.617247442781958,-0.617248298164883
2022-08-18 15:00:00,1996.625,-18.9404571121429,-0.601775605681229,-0.601776461295625
2022-08-18 15:30:00,1996.64583333333,-18.8251799940631,-0.583291331066697,-0.58329218691244
2022-08-18 16:30:00,1996.6875,-19.1598905643785,-0.636369539621223,-0.636370395929279
2022-08-18 17:00:00,1996.70833333333,-18.6360701676692,-0.552803698968857,-0.552804555507885
2022-08-18 17:30:00,1996.72916666667,-18.5013357485714,-0.531219422692538,-0.531220279462412
2022-08-18 18:00:00,1996.75,-18.7254359899814,-0.566797654375228,-0.566798511375824
2022-08-18 19:00:00,1996.79166666667,-16.7361648146296,-0.24966281114599,-0.249663668607651
2022-08-18 19:30:00,1996.8125,-17.61735840401,-0.389916153157831,-0.38991701084984
2022-08-18 20:00:00,1996.83333333333,-17.5871843503546,-0.384987868534138,-0.38498872645637
2022-08-18 23:30:00,1996.97916666667,-16.1526642025974,-0.155613955873996,-0.155614815404277
2022-08-19,1997,-15.9539074740157,-0.123829452621974,-0.123830312381477
2022-08-19 00:30:00,1997.02083333333,-16.1077664633333,-0.148216775530123,-0.148217635518722
2022-08-19 01:00:00,1997.04166666667,-16.1743636285714,-0.158703117835004,-0.158703978052574
2022-08-19 02:00:00,1997.08333333333,-16.0157959345084,-0.133197574494819,-0.13319843516996
2022-08-19 02:30:00,1997.10416666667,-16.9401906166994,-0.280331345330269,-0.280332206234002
2022-08-19 03:00:00,1997.125,-16.9260666533333,-0.277958315645462,-0.277959176777668
2022-08-19 03:30:00,1997.14583333333,-17.0181929302412,-0.29251091557374,-0.292511776934294
2022-08-19 04:30:00,1997.1875,-16.9834601185529,-0.286731261508129,-0.286732123324997
2022-08-19 05:00:00,1997.20833333333,-17.0591552412574,-0.298666038153806,-0.298666900198646
2022-08-19 05:30:00,1997.22916666667,-17.0177419677419,-0.291945254067457,-0.291946116340142
2022-08-19 06:00:00,1997.25,-17.1157516535332,-0.307434537520845,-0.307435400021251
2022-08-19 07:00:00,1997.29166666667,-17.4577685542593,-0.361670286681583,-0.361671149637052
2022-08-19 07:30:00,1997.3125,-17.6980923721022,-0.399829984631766,-0.399830847814581
2022-08-19 08:00:00,1997.33333333333,-17.7864515935484,-0.41378150433248,-0.413782367742514
2022-08-19 09:00:00,1997.375,-17.287033477881,-0.33397517850036,-0.333976042364457
2022-08-19 10:00:00,1997.41666666667,-16.9537918087361,-0.280640441751322,-0.280641306068981
2022-08-19 10:30:00,1997.4375,-16.8339571994163,-0.261425988433586,-0.261426852977837
2022-08-19 11:00:00,1997.45833333333,-16.746333275,-0.247342610887112,-0.247343475657832
2022-08-19 11:30:00,1997.47916666667,-16.4090799215613,-0.193492977573068,-0.19349384257013
2022-08-19 12:30:00,1997.52083333333,-16.0476895944238,-0.1356730460504,-0.13567391149977
2022-08-19 13:00:00,1997.54166666667,-16.1296536877432,-0.148604723670926,-0.148605589346261
2022-08-19 13:30:00,1997.5625,-16.0162916166667,-0.130420694448832,-0.13042156035001
2022-08-19 14:00:00,1997.58333333333,-16.6295520436803,-0.227988039170042,-0.227988905296934
2022-08-19 15:00:00,1997.625,-16.9708884920074,-0.282111892517613,-0.28211275909556
2022-08-19 15:30:00,1997.64583333333,-16.7080855762646,-0.240121393021154,-0.240122259824442
2022-08-19 16:00:00,1997.66666666667,-16.9890000708333,-0.284745356343028,-0.284746223371529
2022-08-19 16:30:00,1997.6875,-17.4805232811918,-0.362919329418537,-0.362920196672125
2022-08-19 17:30:00,1997.72916666667,-18.0093884695167,-0.446915553224757,-0.446916420928145
2022-08-19 18:00:00,1997.75,-17.0566770359922,-0.295021588032986,-0.295022455961087
2022-08-19 18:30:00,1997.77083333333,-17.7954584,-0.412583525139076,-0.412584393291763
2022-08-19 19:00:00,1997.79166666667,-16.3958717135688,-0.189501794611718,-0.189502662988865
2022-08-19 20:00:00,1997.83333333333,-16.6735316189591,-0.233479746307348,-0.23348061513304
2022-08-19 20:30:00,1997.85416666667,-16.0581050673152,-0.135314958436313,-0.135315827486088
2022-08-19 21:00:00,1997.875,-15.8710000541667,-0.105381988702037,-0.105382857975772
2022-08-19 21:30:00,1997.89583333333,-15.8274423485822,-0.0983160986302383,-0.0983169681278079
2022-08-20 00:30:00,1998.02083333333,-15.3261716808081,-0.0176983360050295,-0.0176992068429573
2022-08-20 01:00:00,1998.04166666667,-14.9852408981818,0.036740060381061,0.0367391893201808
2022-08-20 01:30:00,1998.0625,-15.0272986949907,0.0301682112571766,0.0301673399734672
2022-08-20 02:30:00,1998.10416666667,-14.9107379193309,0.0489927286227936,0.0489918568938078
2022-08-20 03:00:00,1998.125,-15.374818140404,-0.0248072677199981,-0.0248081396714359
2022-08-20 03:30:00,1998.14583333333,-15.1629499770455,0.00907190543492242,0.0090710332611581
2022-08-20 04:00:00,1998.16666666667,-15.0136716181818,0.0329805868066672,0.0329797144107048
2022-08-20 05:00:00,1998.20833333333,-14.9052077692022,0.050516346050796,0.0505154732108122
2022-08-20 05:30:00,1998.22916666667,-15.0013939454545,0.0353226778685061,0.0353218048067016
2022-08-20 06:00:00,1998.25,-14.8622318563636,0.05762026527243,0.0576193919889305
2022-08-20 06:30:00,1998.27083333333,-14.9482777688889,0.0440421658002543,0.0440412922951831
2022-08-20 07:30:00,1998.3125,-14.7518237437848,0.0755959102400899,0.0755950362922554
2022-08-20 08:30:00,1998.35416666667,-15.1277522761468,0.0159691389163514,0.0159682645262594
2022-08-20 09:00:00,1998.375,-15.001453477907,0.0362182469536353,0.0362173723426008
2022-08-20 09:30:00,1998.39583333333,-14.8597773782931,0.0589170787069304,0.0589162038750793
2022-08-20 10:30:00,1998.4375,-14.5625594713755,0.10652388514554,0.106523009872439
2022-08-20 11:00:00,1998.45833333333,-13.805761459633,0.227212402829721,0.227211527336181
2022-08-20 11:30:00,1998.47916666667,-13.8030558093023,0.227773577009069,0.227772701295219
2022-08-20 12:00:00,1998.5,-13.2278736065056,0.319530783630058,0.319529907696023
2022-08-20 13:00:00,1998.54166666667,-13.3162152137291,0.305718769374101,0.305717893000072
2022-08-20 13:30:00,1998.5625,-13.5458073321101,0.269275177034751,0.269274300440913
2022-08-20 14:00:00,1998.58333333333,-13.5313263550117,0.271712711691084,0.271711834877565
2022-08-20 14:30:00,1998.60416666667,-13.9797142788497,0.200415008107885,0.200414131074813
2022-08-20 15:30:00,1998.64583333333,-15.2168497269017,0.00360039866360229,0.00359952119179319
2022-08-20 16:00:00,1998.66666666667,-14.9733118761468,0.0425272906853598,0.0425264129943767
2022-08-20 16:30:00,1998.6875,-14.9726255795349,0.0427678649716938,0.0427669870616578
2022-08-20 17:00:00,1998.70833333333,-15.4733636332096,-0.0368687096991706,-0.0368695878281335
2022-08-20 18:00:00,1998.75,-13.9740519619666,0.202235746217641,0.202234867651208
2022-08-20 18:30:00,1998.77083333333,-14.4264495568807,0.130300166173362,0.130299287388379
2022-08-20 19:00:00,1998.79166666667,-14.170776747907,0.171160815764294,0.171159936760892
2022-08-20 19:30:00,1998.8125,-13.1962881078067,0.326529449211464,0.326528569989765
2022-08-20 20:30:00,1998.85416666667,-12.8017866365492,0.389637933675493,0.389637054017585
2022-08-20 21:00:00,1998.875,-12.9744495504587,0.362264829548281,0.362263949672455
2022-08-20 21:30:00,1998.89583333333,-12.9085348786047,0.372897413539131,0.372896533445513
2022-08-20 22:00:00,1998.91666666667,-12.8643463556797,0.380069114678338,0.380068234367059
2022-08-20 23:00:00,1998.95833333333,-11.7116796945996,0.563954937744909,0.563954056998677
2022-08-21 02:00:00,1999.08333333333,-13.2965986065744,0.312274418200983,0.312273536152931
2022-08-21 02:30:00,1999.10416666667,-13.1633840156,0.333629008620638,0.333628126356059
2022-08-21 03:30:00,1999.14583333333,-12.9361919222222,0.370088017278569,0.37008713458131
2022-08-21 04:00:00,1999.16666666667,-12.8424818234091,0.385149837899627,0.385148954986222
2022-08-21 04:30:00,1999.1875,-12.7686140884972,0.397050863748378,0.397049980618948
2022-08-21 05:30:00,1999.22916666667,-12.7173710588126,0.40548192463873,0.405481041077633
2022-08-21 06:00:00,1999.25,-12.7468888939394,0.400913879127058,0.400912995350318
2022-08-21 06:30:00,1999.27083333333,-12.7175431840909,0.405722946302642,0.405722062310382
2022-08-21 07:00:00,1999.29166666667,-12.6350111350649,0.419004743207704,0.419003859000054
2022-08-21 08:30:00,1999.35416666667,-12.8228462790741,0.389486265261024,0.389485380407959
2022-08-21 09:00:00,1999.375,-12.8934327375,0.378376605899725,0.378375720831773
2022-08-21 09:30:00,1999.39583333333,-12.8864988273563,0.379616104453193,0.379615219170482
2022-08-21 10:00:00,1999.41666666667,-12.9432851987037,0.370705024417183,0.37070413891984
2022-08-21 11:00:00,1999.45833333333,-12.6264796324074,0.421442759813789,0.421441873887556
2022-08-21 11:30:00,1999.47916666667,-12.6773269673077,0.413478095786012,0.413477209645527
2022-08-21 12:00:00,1999.5,-12.6240963,0.422093239603396,0.422092353248785
2022-08-21 12:30:00,1999.52083333333,-12.6221407459259,0.422540328941507,0.422539442372894
2022-08-21 13:30:00,1999.5625,-12.7427777803704,0.403594222531588,0.403593335535352
2022-08-21 14:00:00,1999.58333333333,-13.1546442153846,0.338119496283349,0.338118609073493
2022-08-21 14:30:00,1999.60416666667,-13.3617752238532,0.305259377421388,0.305258489998038
2022-08-21 15:00:00,1999.625,-14.4437777872222,0.133031702283455,0.133030814646736
2022-08-21 16:00:00,1999.66666666667,-14.3038037072222,0.155602208864044,0.15560132080097
2022-08-21 16:30:00,1999.6875,-14.3914466417476,0.14177705591878,0.141776167642716
2022-08-21 17:00:00,1999.70833333333,-14.1929633784897,0.173532118293499,0.173531229804572
2022-08-21 17:30:00,1999.72916666667,-14.9706500042593,0.0497827272894558,0.0497818385877942
2022-08-21 18:30:00,1999.77083333333,-15.2249296224074,0.0095494133668963,0.00954852424014307
2022-08-21 19:00:00,1999.79166666667,-14.6639514320388,0.0990506066738008,0.0990497173346934
2022-08-21 19:30:00,1999.8125,-15.1738924272311,0.0179537158849852,0.0179528263336498
2022-08-21 20:00:00,1999.83333333333,-14.8067296288889,0.0765801936339829,0.0765793038705436
2022-08-21 21:00:00,1999.875,-15.4553265139147,-0.0264670682123627,-0.0264679583996273
2022-08-21 21:30:00,1999.89583333333,-14.6017378165049,0.109647725074319,0.109646834675333
2022-08-21 22:00:00,1999.91666666667,-14.2960274556064,0.158485215202377,0.158484324591796
2022-08-21 22:30:00,1999.9375,-14.2474148251852,0.166366960490745,0.166366069668694
2022-08-21 23:30:00,1999.97916666667,-15.03456155,0.0412496837502994,0.0412487925056896
2022-08-22,2000,-15.623116795,-0.0523695468981838,-0.0523704383538813
2022-08-22 00:30:00,2000.02083333333,-15.5400183210526,-0.0389937528664513,-0.0389946445331127
2022-08-22 03:30:00,2000.14583333333,-15.6005838691511,-0.0478107495818839,-0.0478116425116561
2022-08-22 04:00:00,2000.16666666667,-15.61883646,-0.0505795021361962,-0.0505803952760423
2022-08-22 04:30:00,2000.1875,-15.6409220727273,-0.0539587506770198,-0.0539596440268157
2022-08-22 05:30:00,2000.22916666667,-15.4360445087199,-0.0210432762817,-0.0210441700510097
2022-08-22 06:00:00,2000.25,-15.3096301547521,-0.000766052701440922,-0.000766946680320069
2022-08-22 06:30:00,2000.27083333333,-15.2504727109091,0.00879720409984552,0.00879630991152391
2022-08-22 07:30:00,2000.3125,-14.4899758269517,0.130224089747708,0.130223195140888
2022-08-22 08:30:00,2000.35416666667,-14.0047299783985,0.207803716809391,0.207802821784575
2022-08-22 09:00:00,2000.375,-13.9053846109312,0.223769473627116,0.223768578393492
2022-08-22 09:30:00,2000.39583333333,-13.9177499840909,0.221939736592193,0.22193884114989
2022-08-22 10:00:00,2000.41666666667,-13.5048659310987,0.287852643972909,0.287851748322055
2022-08-22 11:00:00,2000.45833333333,-13.2335363167598,0.331356331558179,0.331355435490596
2022-08-22 11:30:00,2000.47916666667,-12.8234676125506,0.396821072581484,0.396820176305733
2022-08-22 12:00:00,2000.5,-12.7539771613636,0.408031561386127,0.408030664902329
2022-08-22 12:30:00,2000.52083333333,-12.6142918407063,0.430424249910692,0.430423353218974
2022-08-22 13:30:00,2000.5625,-12.8273910523277,0.396759147943533,0.396758250836362
2022-08-22 14:00:00,2000.58333333333,-12.6641707284553,0.422901299743966,0.422900402429256
2022-08-22 14:30:00,2000.60416666667,-12.6073555422222,0.432093143859029,0.432092246336909
2022-08-22 15:00:00,2000.625,-12.716970239777,0.414772695314695,0.414771797585289
2022-08-22 16:00:00,2000.66666666667,-12.5979387701299,0.43401731591738,0.434016417773791
2022-08-22 16:30:00,2000.6875,-12.0766720603239,0.517197046575205,0.517196148224711
2022-08-22 17:00:00,2000.70833333333,-11.94311108,0.538615084155636,0.538614185598366
2022-08-22 17:30:00,2000.72916666667,-11.8249386698885,0.557581818174624,0.557580919410709
2022-08-22 18:30:00,2000.77083333333,-11.9833426653017,0.532631837727347,0.532630938550512
2022-08-22 19:00:00,2000.79166666667,-12.4117444263692,0.46452923559051,0.464528336207408
2022-08-22 19:30:00,2000.8125,-12.2577555955556,0.489201977521256,0.489201077932015
2022-08-22 20:00:00,2000.83333333333,-14.2889068886406,0.165780442766186,0.165779542970931
2022-08-22 21:00:00,2000.875,-15.6182857118738,-0.0457055986624089,-0.0457064988693101
2022-08-22 21:30:00,2000.89583333333,-15.5662753168016,-0.0372776682128365,-0.0372785686253688
2022-08-22 22:00:00,2000.91666666667,-15.4931778422222,-0.0254904444224553,-0.0254913450404914
2022-08-22 22:30:00,2000.9375,-15.0913029737918,0.0386713596446471,0.0386704588212313
2022-08-22 23:30:00,2000.97916666667,-14.8779851444238,0.0729390623758532,0.0729381611420653
2022-08-23,2001,-14.9441521421907,0.0625417820430813,0.0625408806042951
2022-08-23 00:30:00,2001.02083333333,-14.9184222533333,0.0667838478348044,0.066782946191147
2022-08-23 01:00:00,2001.04166666667,-15.0012115044527,0.0537388434753706,0.0537379416269722
2022-08-23 02:00:00,2001.08333333333,-15.2185602714286,0.0194021137033638,0.0194012114458617
2022-08-23 05:00:00,2001.20833333333,-15.0196333357407,0.0519551206920209,0.0519542172102629
2022-08-23 06:00:00,2001.25,-15.3738324055866,-0.00418025955019174,-0.00418116343901831
2022-08-23 07:00:00,2001.29166666667,-15.7094443555556,-0.0573542735400153,-0.0573551778354014
2022-08-23 07:30:00,2001.3125,-15.3339829873346,0.00260175470693214,0.00260085020845824
2022-08-23 08:00:00,2001.33333333333,-15.4258565873371,-0.0118889053096999,-0.0118898100111369
2022-08-23 09:00:00,2001.375,-15.3466710109665,0.00101547216763087,0.00101456706065206
2022-08-23 09:30:00,2001.39583333333,-15.7156667888889,-0.0576206305247885,-0.0576215358343457
2022-08-23 10:00:00,2001.41666666667,-15.345661626087,0.00146675080275238,0.00146584529074401
2022-08-23 10:30:00,2001.4375,-15.3750520356877,-0.00306976192167852,-0.00307066763601371
2022-08-23 11:30:00,2001.47916666667,-15.4505363100559,-0.0148033416553118,-0.0148042477739131
2022-08-23 12:00:00,2001.5,-15.7071112444444,-0.0555301935048326,-0.0555310998253786
2022-08-23 12:30:00,2001.52083333333,-15.4316394622391,-0.0115015172236775,-0.0115024237460412
2022-08-23 13:00:00,2001.54166666667,-15.6746226730483,-0.0500629858725562,-0.0500638925966073
2022-08-23 14:00:00,2001.58333333333,-15.9717079021053,-0.0970966964389255,-0.0970976035659721
2022-08-23 16:00:00,2001.66666666667,-16.2531635100629,-0.141347147878013,-0.14134805580952
2022-08-23 16:30:00,2001.6875,-16.0771210626316,-0.113156788592458,-0.113157696724764
2022-08-23 17:00:00,2001.70833333333,-15.7667225227188,-0.0635633019606127,-0.0635642102935867
2022-08-23 18:30:00,2001.77083333333,-15.111785873743,0.0412095410950608,0.0412086321608398
2022-08-23 19:00:00,2001.79166666667,-15.0916734806122,0.0445606601201504,0.0445597509857706
2022-08-23 19:30:00,2001.8125,-14.9000546715262,0.0752329794747574,0.0752320701403459
2022-08-23 20:00:00,2001.83333333333,-14.6462653085343,0.115809218182822,0.115808308648503
2022-08-23 21:00:00,2001.875,-15.1195746220149,0.0407058469472698,0.0407049370135257
2022-08-23 21:30:00,2001.89583333333,-15.0850667890538,0.0463506981719579,0.0463497880386894
2022-08-23 22:00:00,2001.91666666667,-15.1339974527638,0.0387038428635432,0.0387029325308802
2022-08-23 22:30:00,2001.9375,-15.0484714521429,0.052476135861214,0.0524752253292813
2022-08-23 23:00:00,2001.95833333333,-15.1561892317254,0.0354646621529514,0.0354637514218794
2022-08-23 23:30:00,2001.97916666667,-15.3285724795539,0.00815203869826275,0.00815112776817883
2022-08-24,2002,-15.7870927328321,-0.0647423086647193,-0.0647432197936905
2022-08-24 00:30:00,2002.02083333333,-15.6709428592857,-0.0460911886403107,-0.0460920999680418
2022-08-24 01:00:00,2002.04166666667,-15.9742666642593,-0.0942624198662875,-0.094263331392648
2022-08-24 01:30:00,2002.0625,-15.8979055351852,-0.0819494642911156,-0.0819503760159779
2022-08-24 02:00:00,2002.08333333333,-15.8595438704261,-0.0756897450753983,-0.0756906569986379
2022-08-24 02:30:00,2002.10416666667,-15.8069574595745,-0.0671639082001887,-0.0671648203216753
2022-08-24 03:00:00,2002.125,-16.0239926398148,-0.10158887803816,-0.101589790357766
2022-08-24 06:30:00,2002.27083333333,-16.4161528819549,-0.163015108330622,-0.163016022033504
2022-08-24 07:00:00,2002.29166666667,-16.3302116379562,-0.149174874583178,-0.149175788483156
2022-08-24 07:30:00,2002.3125,-16.1538861897388,-0.120936267263584,-0.120937181360537
2022-08-24 08:00:00,2002.33333333333,-16.1833358188433,-0.125477671579503,-0.125478585873303
2022-08-24 08:30:00,2002.35416666667,-16.4182756348371,-0.162753704300628,-0.162754618791144
2022-08-24 09:00:00,2002.375,-16.5925766328467,-0.190369824790826,-0.190370739477931
2022-08-24 09:30:00,2002.39583333333,-16.6121959208955,-0.193344933173238,-0.193345848056807
2022-08-24 10:00:00,2002.41666666667,-16.7913190216418,-0.221729007747403,-0.221729922827305
2022-08-24 10:30:00,2002.4375,-16.6593584393484,-0.20055712417409,-0.2005580394502
2022-08-24 11:00:00,2002.45833333333,-16.6262700321168,-0.195135543627625,-0.195136459099814
2022-08-24 11:30:00,2002.47916666667,-16.6908168547664,-0.205267219876077,-0.205268135544217
2022-08-24 12:00:00,2002.5,-16.8518469955224,-0.230768652569908,-0.230769568433874
2022-08-24 12:30:00,2002.52083333333,-17.1066466541353,-0.271207531409358,-0.271208447469021
2022-08-24 13:00:00,2002.54166666667,-16.9517883788321,-0.246387503590851,-0.246388419846079
2022-08-24 13:30:00,2002.5625,-16.966763094403,-0.248621887564209,-0.24862280401488
2022-08-24 14:00:00,2002.58333333333,-16.9736249722015,-0.249563785683105,-0.249564702329092
2022-08-24 14:30:00,2002.60416666667,-16.848691726817,-0.229510521516104,-0.229511438357275
2022-08-24 15:00:00,2002.625,-16.8041313459854,-0.222260607146828,-0.222261524183056
2022-08-24 15:30:00,2002.64583333333,-16.8814253671642,-0.234422081154852,-0.234422998386013
2022-08-24 16:00:00,2002.66666666667,-16.6045989177239,-0.190171806212194,-0.190172723638157
2022-08-24 16:30:00,2002.6875,-16.4404447306533,-0.163870198279278,-0.163871115899918
2022-08-24 17:00:00,2002.70833333333,-16.0795985270073,-0.106235306664052,-0.106236224479237
2022-08-24 17:30:00,2002.72916666667,-16.9809309255597,-0.249666263483504,-0.249667181493108
2022-08-24 18:00:00,2002.75,-17.4276168456075,-0.320671606536847,-0.320672524740745
2022-08-24 18:30:00,2002.77083333333,-16.5894435847118,-0.186997859064817,-0.186998777462881
2022-08-24 19:00:00,2002.79166666667,-16.4069635350365,-0.157776403901207,-0.157777322493303
2022-08-24 19:30:00,2002.8125,-16.3229739031716,-0.144244437891394,-0.144245356677401
2022-08-24 20:00:00,2002.83333333333,-16.2630970274254,-0.134553546396199,-0.134554465375989
2022-08-24 20:30:00,2002.85416666667,-16.1444975062814,-0.115507990778363,-0.115508909951805
2022-08-24 21:00:00,2002.875,-16.3415547562044,-0.146746679636464,-0.146747599003431
2022-08-24 21:30:00,2002.89583333333,-16.049485069403,-0.100066993230539,-0.100067912790907
2022-08-24 22:00:00,2002.91666666667,-15.9194376115456,-0.0791974589903217,-0.079198378743958
2022-08-24 22:30:00,2002.9375,-15.8391904546366,-0.0662610436105839,-0.0662619635573646
2022-08-24 23:00:00,2002.95833333333,-15.8144854731884,-0.0621724318239468,-0.0621733519637412
2022-08-24 23:30:00,2002.97916666667,-16.3056361936567,-0.140259897360107,-0.140260817692787
2022-08-25,2003,-16.1329012854749,-0.112589803221822,-0.112590723747263
2022-08-25 00:30:00,2003.02083333333,-16.4099022709273,-0.156562853736238,-0.156563774454313
2022-08-25 01:00:00,2003.04166666667,-16.3104452540146,-0.140565770881984,-0.140566691792558
2022-08-25 01:30:00,2003.0625,-16.5202830441341,-0.173839467263163,-0.173840388366115
2022-08-25 02:00:00,2003.08333333333,-16.7366276052142,-0.208149592377177,-0.208150513672379
2022-08-25 02:30:00,2003.10416666667,-16.6542230333333,-0.194868662609367,-0.194869584096688
2022-08-25 03:00:00,2003.125,-16.5792245210145,-0.182767418930691,-0.182768340610003
2022-08-25 03:30:00,2003.14583333333,-16.5081981334579,-0.171298833093296,-0.171299754964475
2022-08-25 04:00:00,2003.16666666667,-15.9247108223881,-0.0781947514772179,-0.0781956735401326
2022-08-25 04:30:00,2003.1875,-15.8122782175439,-0.0601299167520162,-0.0601308390065418
2022-08-25 05:00:00,2003.20833333333,-15.7228393729927,-0.045727900060507,-0.0457288225065129
2022-08-25 08:00:00,2003.33333333333,-15.8463728927644,-0.0644786174401437,-0.064479541032355
2022-08-25 08:30:00,2003.35416666667,-15.8435390265799,-0.0638721053577647,-0.0638730291405614
2022-08-25 09:00:00,2003.375,-15.7974126791005,-0.056368965813804,-0.0563698897870581
2022-08-25 09:30:00,2003.39583333333,-15.6355249975,-0.0304248587857775,-0.0304257829493643
2022-08-25 10:00:00,2003.41666666667,-15.8122560317254,-0.0584228509556912,-0.0584237753094798
2022-08-25 10:30:00,2003.4375,-15.7280427325279,-0.0448521201430444,-0.0448530446869098
2022-08-25 11:00:00,2003.45833333333,-15.4915910224274,-0.00702959750774956,-0.00703052224156087
2022-08-25 11:30:00,2003.47916666667,-15.4499378670807,-0.000238519695735184,-0.000239444619364537
2022-08-25 12:00:00,2003.5,-15.1488370416667,0.0478828614969362,0.0478819363836136
2022-08-25 12:30:00,2003.52083333333,-15.4029722062963,0.00755485681169132,0.00755393150880646
2022-08-25 13:00:00,2003.54166666667,-15.4710765060686,-0.00313819406730087,-0.00313911955962021
2022-08-25 13:30:00,2003.5625,-15.2583415695652,0.0309067501580962,0.0309058244764671
2022-08-25 14:00:00,2003.58333333333,-16.236016680705,-0.124681372833216,-0.124682298704027
2022-08-25 14:30:00,2003.60416666667,-16.3454055675926,-0.141950775778619,-0.14195170183848
2022-08-25 15:00:00,2003.625,-16.6614644224274,-0.192142748292477,-0.192143674541261
2022-08-25 15:30:00,2003.64583333333,-16.2660123863354,-0.128990423432849,-0.128991349870431
2022-08-25 16:00:00,2003.66666666667,-16.1782782918367,-0.114857682593683,-0.114858609219933
2022-08-25 16:30:00,2003.6875,-16.7411576899814,-0.204368032114763,-0.204368958929551
2022-08-25 17:00:00,2003.70833333333,-16.433865071164,-0.155259253563964,-0.155260180567167
2022-08-25 17:30:00,2003.72916666667,-15.8376210906832,-0.0601202126978745,-0.0601211398893603
2022-08-25 18:00:00,2003.75,-16.4313741081481,-0.154548440097076,-0.15454936747672
2022-08-25 18:30:00,2003.77083333333,-16.7759222225926,-0.209278044486392,-0.209278972054064
2022-08-25 19:00:00,2003.79166666667,-15.3771428772487,0.0137057651255622,0.0137048373699914
2022-08-25 19:30:00,2003.8125,-15.1452732900621,0.0508001202085202,0.0507991922651748
2022-08-25 20:00:00,2003.83333333333,-15.4728851911111,-0.00123122178342028,-0.00123214991441234
2022-08-25 20:30:00,2003.85416666667,-15.4053265252319,0.00968849372327929,0.00968756540477178
2022-08-25 21:00:00,2003.875,-15.5843174600529,-0.0186672145759542,-0.0186681430818493
2022-08-25 21:30:00,2003.89583333333,-15.46635001375,0.000282863200764982,0.000281934507607273
2022-08-25 22:00:00,2003.91666666667,-15.2113814859259,0.0410574148990781,0.0410564860187886
2022-08-25 22:30:00,2003.9375,-15.2651092409259,0.0326565318576756,0.0326556027903825
2022-08-25 23:00:00,2003.95833333333,-15.4168759868074,0.00863807120108417,0.00863714194691223
2022-08-25 23:30:00,2003.97916666667,-15.0885155173913,0.0611043227180808,0.0611033932771611
2022-08-26,2004,-14.910309245,0.089651006998534,0.0896500773709915
2022-08-26 00:30:00,2004.02083333333,-15.421528780334,0.00837177106746623,0.00837084125343202
2022-08-26 01:00:00,2004.04166666667,-15.3225846544974,0.024292146002339,0.0242912160019408
2022-08-26 01:30:00,2004.0625,-15.2984285546584,0.0282988385419928,0.0282979083553557
2022-08-26 02:00:00,2004.08333333333,-15.4668462955556,0.00162848420707573,0.00162755383432778
2022-08-26 02:30:00,2004.10416666667,-14.918890747037,0.0890770103552856,0.0890760797965611
2022-08-26 03:00:00,2004.125,-15.6206031579365,-0.0225473589302805,-0.0225482896748599
2022-08-26 03:30:00,2004.14583333333,-15.4386296746914,0.00660016972347843,0.00659923879317215
2022-08-26 04:00:00,2004.16666666667,-15.4819314887037,-0.000138713971438498,-0.000139645087340545
2022-08-26 05:00:00,2004.20833333333,-15.0402973877323,0.0705324767380351,0.0705315452513223
2022-08-26 05:30:00,2004.22916666667,-15.0981725812183,0.0614723536229324,0.061471421951008
2022-08-26 06:00:00,2004.25,-15.1846666881944,0.0478533205446527,0.0478523886876416
2022-08-26 09:30:00,2004.39583333333,-14.8343691955473,0.104775634943464,0.104774701794443
2022-08-26 10:00:00,2004.41666666667,-14.9016103877551,0.0942244314669857,0.094223498133905
2022-08-26 10:30:00,2004.4375,-14.4705955439703,0.163045873806752,0.16304494028974
2022-08-26 11:30:00,2004.47916666667,-14.0825269144712,0.225186732823272,0.225185798938778
2022-08-26 12:00:00,2004.5,-13.6665250465677,0.291616906921514,0.291615972853471
2022-08-26 12:30:00,2004.52083333333,-13.6669498098513,0.291710124228475,0.291709189977012
2022-08-26 13:30:00,2004.5625,-13.807682703525,0.269613347838744,0.269612413220824
2022-08-26 14:00:00,2004.58333333333,-14.3512000031481,0.183191845303702,0.183190910502744
2022-08-26 14:30:00,2004.60416666667,-14.3902555694444,0.177131560440068,0.177130625456206
2022-08-26 15:30:00,2004.64583333333,-15.1096500185185,0.0628544092191941,0.062853473869897
2022-08-26 16:00:00,2004.66666666667,-14.6438791812268,0.137213640251798,0.137212704719979
2022-08-26 16:30:00,2004.6875,-14.3579759122222,0.182919942095766,0.182919006381552
2022-08-26 17:30:00,2004.72916666667,-13.5626851866667,0.309934045406794,0.309933109328172
2022-08-26 18:00:00,2004.75,-11.6072355949907,0.621600578331559,0.621599642070924
2022-08-26 18:30:00,2004.77083333333,-12.4827421033395,0.482293884378448,0.482292947935931
2022-08-26 19:30:00,2004.8125,-11.9063426022222,0.574439282351038,0.574438345545138
2022-08-26 20:00:00,2004.83333333333,-11.600948162037,0.623251261937402,0.623250324950001
2022-08-26 20:30:00,2004.85416666667,-11.7111092477778,0.60586505209163,0.605864114922863
2022-08-26 21:30:00,2004.89583333333,-11.8339907487037,0.58661530919535,0.586614371664222
2022-08-26 22:00:00,2004.91666666667,-11.8673092448148,0.581470487092041,0.581469549379928
2022-08-26 22:30:00,2004.9375,-12.0668666422222,0.549843791941387,0.549842854048416
2022-08-26 23:30:00,2004.97916666667,-12.1837981562963,0.53154270800683,0.531541769752527
2022-08-27,2005,-12.186966677037,0.531201209302375,0.531200270867595
2022-08-27 00:30:00,2005.02083333333,-12.3058851825926,0.51242075794248,0.512419819327356
2022-08-27 01:30:00,2005.0625,-12.3939092774074,0.498725467688944,0.498724528713513
2022-08-27 02:00:00,2005.08333333333,-12.4272055440741,0.493585007970906,0.493584068815515
2022-08-27 02:30:00,2005.10416666667,-12.5699684530612,0.471006536463165,0.471005597127941
2022-08-27 03:30:00,2005.14583333333,-12.6531224384045,0.45808787859353,0.45808693889902
2022-08-27 04:30:00,2005.1875,-12.6942565011152,0.451863434407708,0.451862494354431
2022-08-27 05:00:00,2005.20833333333,-12.5620931400372,0.473081426662532,0.47308048643006
2022-08-27 06:00:00,2005.25,-12.6531468464684,0.458905362213969,0.458904421623496
2022-08-27 06:30:00,2005.27083333333,-12.7782843789963,0.439135445479775,0.439134504710496
2022-08-27 07:00:00,2005.29166666667,-12.899968413197,0.419915775865804,0.419914834917846
2022-08-27 10:30:00,2005.4375,-14.2740887686391,0.202173073769009,0.20217213157388
2022-08-27 11:00:00,2005.45833333333,-14.461491902973,0.172485122729311,0.172484180356525
2022-08-27 11:30:00,2005.47916666667,-14.4949016871985,0.167328524585791,0.16732758203548
2022-08-27 12:00:00,2005.5,-14.566879387384,0.156028132025827,0.156027189298119
2022-08-27 12:30:00,2005.52083333333,-14.5877337366864,0.152871827930797,0.152870885025817
2022-08-27 13:00:00,2005.54166666667,-14.2432892091892,0.207907998071672,0.207907054989552
2022-08-27 13:30:00,2005.5625,-14.5978531628253,0.151591719741296,0.15159077648216
2022-08-27 14:00:00,2005.58333333333,-15.5610927812616,-0.0016869248867748,-0.00168786832279499
2022-08-27 14:30:00,2005.60416666667,-15.4520946579882,0.0158427710246188,0.0158418274118426
2022-08-27 15:00:00,2005.625,-15.9551077954178,-0.0641212622152743,-0.0641222060046815
2022-08-27 15:30:00,2005.64583333333,-15.8411777625926,-0.0458057055502119,-0.0458066495161221
2022-08-27 16:00:00,2005.66666666667,-15.8386425996296,-0.045235329271456,-0.0452362734137376
2022-08-27 16:30:00,2005.6875,-16.3625680213018,-0.128530398374805,-0.12853134269333
2022-08-27 17:00:00,2005.70833333333,-16.1088652032345,-0.0879486312407824,-0.0879495757354257
2022-08-27 17:30:00,2005.72916666667,-16.1123426224074,-0.0883357577604609,-0.0883367024310908
2022-08-27 18:00:00,2005.75,-16.706215193321,-0.18277315195468,-0.182774096801168
2022-08-27 19:30:00,2005.8125,-15.8801335851577,-0.0506763580287752,-0.0506773034020772
2022-08-27 20:00:00,2005.83333333333,-15.9643710328386,-0.0639281055088941,-0.0639290510575417
2022-08-27 20:30:00,2005.85416666667,-15.917645730402,-0.0563172915133571,-0.0563182372372224
2022-08-27 21:00:00,2005.875,-15.9481927564286,-0.0610159128889299,-0.061016858787888
2022-08-27 21:30:00,2005.89583333333,-15.6472207619666,-0.0129032156417095,-0.0129041617156321
2022-08-27 22:00:00,2005.91666666667,-16.0804174430427,-0.0817440113237428,-0.0817449575724983
2022-08-27 22:30:00,2005.9375,-16.2877694213033,-0.114607482747484,-0.114608429170945
2022-08-27 23:00:00,2005.95833333333,-15.9552836943262,-0.0614743202653002,-0.0614752668633405
2022-08-27 23:30:00,2005.97916666667,-16.7084370662963,-0.18128414039106,-0.181285087163548
2022-08-28 00:30:00,2006.02083333333,-16.8289222947368,-0.200141117988471,-0.200142065109475
2022-08-28 01:00:00,2006.04166666667,-16.5375247446809,-0.153552924919707,-0.153553872214775
2022-08-28 01:30:00,2006.0625,-16.6286258916667,-0.16789694604884,-0.167897893517846
2022-08-28 02:00:00,2006.08333333333,-17.0879370546296,-0.240896984292972,-0.240897931935786
2022-08-28 02:30:00,2006.10416666667,-16.5446566854637,-0.154183373468763,-0.154184321285256
2022-08-28 03:00:00,2006.125,-16.4208936170213,-0.134299066927717,-0.134300014917764
2022-08-28 04:00:00,2006.16666666667,-15.6415270753271,-0.00980759284326549,-0.00980854118002972
2022-08-28 04:30:00,2006.1875,-15.4303973757463,0.0239945848846013,0.0239936363746673
2022-08-28 05:00:00,2006.20833333333,-15.1269749348371,0.072499163687362,0.0724982150043866
2022-08-28 05:30:00,2006.22916666667,-15.0553284817518,0.084081763405902,0.0840808145500168
2022-08-28 06:00:00,2006.25,-15.3148115539179,0.0429152945070139,0.0429143454783473
2022-08-28 06:30:00,2006.27083333333,-15.4042056136449,0.0288442282000476,0.0288432789987243
2022-08-28 07:00:00,2006.29166666667,-15.4943291540201,0.0146570564455075,0.014656107071659
2022-08-28 07:30:00,2006.3125,-15.5398978189781,0.00756760950358448,0.00756665995733585
2022-08-28 08:00:00,2006.33333333333,-15.5325429279851,0.00890902414195649,0.00890807442343922
2022-08-28 08:30:00,2006.35416666667,-15.5923812994393,-0.000453394668896379,-0.000454344559554176
2022-08-28 09:00:00,2006.375,-15.6330377352201,-0.00676001616540844,-0.00676096622808176
2022-08-28 12:00:00,2006.5,-15.4053788456825,0.0305281993996862,0.0305272483076254
2022-08-28 12:30:00,2006.52083333333,-15.487817641989,0.0175663261802042,0.0175653749170255
2022-08-28 13:00:00,2006.54166666667,-15.3456994285714,0.0403766461603139,0.0403756947261488
2022-08-28 13:30:00,2006.5625,-15.3976215044527,0.0322763104489313,0.0322753588439045
2022-08-28 14:00:00,2006.58333333333,-15.2297768282486,0.0591850764283028,0.0591841246525462
2022-08-28 14:30:00,2006.60416666667,-15.2496973075676,0.0561828199671951,0.0561818680208367
2022-08-28 15:00:00,2006.625,-15.5169406282004,0.0137819591365134,0.0137810070196782
2022-08-28 15:30:00,2006.64583333333,-15.769224470872,-0.0262357451949752,-0.0262366974821592
2022-08-28 16:00:00,2006.66666666667,-15.8030366929379,-0.0314506632936461,-0.0314516157510437
2022-08-28 16:30:00,2006.6875,-15.5841729508108,0.00358598119478182,0.00358502856729204
2022-08-28 17:00:00,2006.70833333333,-15.772029595,-0.0261681216005162,-0.0261690743979699
2022-08-28 17:30:00,2006.72916666667,-16.0622393131725,-0.0722270413422322,-0.0722279943095184
2022-08-28 18:00:00,2006.75,-15.5969237451977,0.00206985776680879,0.00206890462981835
2022-08-28 18:30:00,2006.77083333333,-15.3169085994624,0.0468483680329753,0.0468474147264057
2022-08-28 19:00:00,2006.79166666667,-15.5124089122677,0.0158770267602655,0.0158760732842482
2022-08-28 19:30:00,2006.8125,-15.2353988931354,0.0601770198206499,0.0601760661753098
2022-08-28 20:00:00,2006.83333333333,-15.1573983146893,0.0727747675368399,0.0727738137223083
2022-08-28 20:30:00,2006.85416666667,-15.3188602306452,0.0472260695216166,0.0472251155380221
2022-08-28 21:00:00,2006.875,-14.5802166694444,0.165064917971434,0.165063963818902
2022-08-28 21:30:00,2006.89583333333,-14.4321948205937,0.188817406283808,0.188816451962465
2022-08-28 22:00:00,2006.91666666667,-14.1264192733711,0.237700272162944,0.237699317672927
2022-08-28 22:30:00,2006.9375,-13.8474731177419,0.28230929744985,0.282308342791279
2022-08-28 23:00:00,2006.95833333333,-13.9421425937037,0.26740118627309,0.267400231446094
2022-08-28 23:30:00,2006.97916666667,-14.2071762365492,0.225354042184414,0.225353087189124
2022-08-29,2007,-14.3166920889831,0.208081093838005,0.20808013867455
2022-08-29 00:30:00,2007.02083333333,-14.191172022043,0.228249635980063,0.228248680648567
2022-08-29 01:00:00,2007.04166666667,-14.260129632037,0.21743784576085,0.217436890261445
2022-08-29 01:30:00,2007.0625,-14.2159166640741,0.224654310011476,0.224653354344287
2022-08-29 02:00:00,2007.08333333333,-14.2213456101983,0.223962882379342,0.223961926544501
2022-08-29 02:30:00,2007.10416666667,-14.3198871043011,0.208438659798685,0.208437703796319
2022-08-29 03:30:00,2007.14583333333,-14.6252862633829,0.160135672575149,0.160134716238116
2022-08-29 04:00:00,2007.16666666667,-14.9619721120818,0.106675185444418,0.106674228940245
2022-08-29 04:30:00,2007.1875,-15.1445978059783,0.0777566914617527,0.0777557347905649
2022-08-29 05:00:00,2007.20833333333,-15.1433017940828,0.0781371570169694,0.078136200178895
2022-08-29 05:30:00,2007.22916666667,-15.2339293765799,0.0638742286459437,0.0638732716411142
2022-08-29 06:00:00,2007.25,-15.4290502785847,0.0329655401329908,0.0329645829615345
2022-08-29 06:30:00,2007.27083333333,-15.4493604089431,0.0299044327707996,0.0299034754328413
2022-08-29 07:00:00,2007.29166666667,-15.3482130390533,0.0461916922764211,0.0461907347720925
2022-08-29 07:30:00,2007.3125,-15.412388480855,0.0361430099987156,0.0361420523281413
2022-08-29 08:00:00,2007.33333333333,-15.2339256654275,0.064746875728411,0.0647459178917228
2022-08-29 08:30:00,2007.35416666667,-14.8574959604336,0.124887108651765,0.124886150649091
2022-08-29 09:00:00,2007.375,-14.7928165431953,0.135365398148771,0.135364439980237
2022-08-29 09:30:00,2007.39583333333,-14.5124962877323,0.180195527445903,0.180194569111639
2022-08-29 10:00:00,2007.41666666667,-14.317446943203,0.211442039844601,0.211441081344735
2022-08-29 13:30:00,2007.5625,-13.1328420048327,0.401378342357806,0.401377382702312
2022-08-29 14:30:00,2007.60416666667,-12.9294675480519,0.43412776423013,0.43412680424561
2022-08-29 15:00:00,2007.625,-12.8909499152134,0.440439663350438,0.440438703201596
2022-08-29 15:30:00,2007.64583333333,-12.8582430510204,0.445826002774565,0.445825042461532
2022-08-29 16:30:00,2007.6875,-12.742977742115,0.464540373638328,0.464539412997295
2022-08-29 17:00:00,2007.70833333333,-12.7055037247212,0.470686423543018,0.470685462738175
2022-08-29 17:30:00,2007.72916666667,-12.5951340918063,0.488444896903487,0.488443935934966
2022-08-29 18:30:00,2007.77083333333,-12.4727740692593,0.508290259209312,0.508289297913816
2022-08-29 19:00:00,2007.79166666667,-12.5851740831481,0.490561667937653,0.490560706478863
2022-08-29 19:30:00,2007.8125,-12.6082018344444,0.487070241684044,0.487069280062088
2022-08-29 20:30:00,2007.85416666667,-12.494158,0.505591627046824,0.505590665098919
2022-08-29 21:00:00,2007.875,-12.0795518548148,0.571815892266922,0.571814930156233
2022-08-29 21:30:00,2007.89583333333,-12.0084055538889,0.583326858485692,0.583325896212351
2022-08-29 22:30:00,2007.9375,-11.870146285,0.605706576898521,0.605705614300255
2022-08-29 23:00:00,2007.95833333333,-11.8419333214815,0.610378530540635,0.610377567780098
2022-08-29 23:30:00,2007.97916666667,-11.7279480265306,0.62871417741276,0.628713214490087
2022-08-30 00:30:00,2008.02083333333,-11.5536437918367,0.656836680947101,0.656835717700525
2022-08-30 01:00:00,2008.04166666667,-11.5123506521336,0.66359271402136,0.663591750613028
2022-08-30 01:30:00,2008.0625,-11.5698973925373,0.654603583010046,0.654602619440088
2022-08-30 03:00:00,2008.125,-11.7339423697026,0.629006014952559,0.629005050898481
2022-08-30 03:30:00,2008.14583333333,-11.8384051973978,0.612543515271168,0.612542551055976
2022-08-30 04:00:00,2008.16666666667,-11.8937732226766,0.603901952031896,0.603900987655717
2022-08-30 05:00:00,2008.20833333333,-11.9620506666041,0.59338280983957,0.593381845141795
2022-08-30 05:30:00,2008.22916666667,-11.9867397745353,0.589628717920142,0.589627753061769
2022-08-30 06:00:00,2008.25,-12.0137955342007,0.585497715929965,0.585496750911114
2022-08-30 07:00:00,2008.29166666667,-11.9804344526217,0.591170457417119,0.591169492077702
2022-08-30 07:30:00,2008.3125,-11.9527177385047,0.595765047229197,0.59576408172969
2022-08-30 08:00:00,2008.33333333333,-11.9766182528864,0.592137074805064,0.592136109145593
2022-08-30 09:00:00,2008.375,-12.0273705899441,0.584411281794344,0.584410315815331
2022-08-30 09:30:00,2008.39583333333,-12.0474516860674,0.581392042739997,0.581391076601407
2022-08-30 10:00:00,2008.41666666667,-12.1111914613383,0.571418043956336,0.571417077658298
2022-08-30 11:00:00,2008.45833333333,-12.0934690574109,0.574601118580521,0.574600151963962
2022-08-30 11:30:00,2008.47916666667,-12.027280368972,0.585325113949705,0.585324147174086
2022-08-30 15:00:00,2008.625,-12.4284146476548,0.522687536455518,0.52268656857002
2022-08-30 15:30:00,2008.64583333333,-12.4661543536913,0.51685645539418,0.516855487350643
2022-08-30 16:00:00,2008.66666666667,-12.3967242010309,0.528097708188749,0.528096739987301
2022-08-30 16:30:00,2008.6875,-12.2185539052045,0.556661442254043,0.556660473894808
2022-08-30 17:00:00,2008.70833333333,-12.2540018391466,0.551195738397162,0.551194769880268
2022-08-30 17:30:00,2008.72916666667,-12.3244563691275,0.540153557486127,0.540152588811709
2022-08-30 18:00:00,2008.75,-12.2400128583548,0.553786843846866,0.553785875015045
2022-08-30 18:30:00,2008.77083333333,-12.0493271444238,0.584344687757173,0.584343718768078
2022-08-30 19:00:00,2008.79166666667,-12.1315624054004,0.571426123973251,0.571425154827013
2022-08-30 19:30:00,2008.8125,-12.1949999765101,0.561502144236096,0.561501174932843
2022-08-30 20:00:00,2008.83333333333,-12.2269794889744,0.556589554316125,0.556588584855982
2022-08-30 20:30:00,2008.85416666667,-12.1957335818011,0.561748917497477,0.561747947880575
2022-08-30 21:00:00,2008.875,-12.1546988801115,0.568467741188493,0.568466771414957
2022-08-30 21:30:00,2008.89583333333,-12.5777114167785,0.501263606720171,0.501262636790133
2022-08-30 22:00:00,2008.91666666667,-12.4376076912821,0.523764393725716,0.523763423639304
2022-08-30 22:30:00,2008.9375,-12.5622654257944,0.504088589428106,0.504087619185443
2022-08-30 23:00:00,2008.95833333333,-12.6113116860853,0.49645784546155,0.496456875062769
2022-08-30 23:30:00,2008.97916666667,-12.9194391837838,0.44755537366468,0.447554403109909
2022-08-31,2009,-12.8613060484848,0.456998580846579,0.456997610135942
2022-08-31 00:30:00,2009.02083333333,-13.4824685101852,0.358229612378031,0.358228641511656
2022-08-31 01:00:00,2009.04166666667,-13.7184166961111,0.320825651680387,0.320824680658406
2022-08-31 02:00:00,2009.08333333333,-13.8201886823899,0.304979104391977,0.304978133059164
2022-08-31 02:30:00,2009.10416666667,-13.7614696540897,0.314516136436204,0.314515164948169
2022-08-31 03:00:00,2009.125,-13.4533271496283,0.363786604741343,0.36378563309821
2022-08-31 03:30:00,2009.14583333333,-13.0724423399628,0.424645072491947,0.424644100693848
2022-08-31 04:00:00,2009.16666666667,-13.0129245257862,0.434309646428813,0.434308674475876
2022-08-31 04:30:00,2009.1875,-12.9679445918206,0.441658423856014,0.441657451748364
2022-08-31 05:00:00,2009.20833333333,-13.1623575413408,0.410871842044244,0.410870869782012
2022-08-31 05:30:00,2009.22916666667,-13.3034219340149,0.388583821611516,0.38858284919483
2022-08-31 06:00:00,2009.25,-15.0746603880503,0.106608006387828,0.106607033816812
2022-08-31 06:30:00,2009.27083333333,-15.2924353802111,0.072100128867673,0.0720991561424554
2022-08-31 07:00:00,2009.29166666667,-16.7341843342644,-0.157387577369523,-0.157388550248811
2022-08-31 07:30:00,2009.3125,-17.2846523946097,-0.244893502263095,-0.244894475296324
2022-08-31 08:00:00,2009.33333333333,-17.3271384446541,-0.251477431873444,-0.251478405060491
2022-08-31 08:30:00,2009.35416666667,-17.3102585770449,-0.248604230369432,-0.248605203710165
2022-08-31 09:00:00,2009.375,-17.1184275185874,-0.217861081156155,-0.217862054650446
2022-08-31 09:30:00,2009.39583333333,-17.3178308375465,-0.249441749884973,-0.249442723532698
2022-08-31 10:00:00,2009.41666666667,-17.3615470855346,-0.256221259014556,-0.256222232815583
2022-08-31 10:30:00,2009.4375,-17.3415026280423,-0.252843544282973,-0.252844518237177
2022-08-31 11:00:00,2009.45833333333,-17.450758377881,-0.270063347088414,-0.270064321195664
2022-08-31 11:30:00,2009.47916666667,-17.2883698745353,-0.244009928374574,-0.244010902634742
2022-08-31 12:00:00,2009.5,-16.8881132459119,-0.180063849477573,-0.180064823890536
2022-08-31 12:30:00,2009.52083333333,-16.8046094575198,-0.166576626565627,-0.166577601131255
2022-08-31 13:00:00,2009.54166666667,-16.8768719886827,-0.177902991875734,-0.177903966593896
2022-08-31 16:30:00,2009.6875,-18.5559647591837,-0.444085181028871,-0.444086156811201
2022-08-31 17:00:00,2009.70833333333,-18.5952595569322,-0.450158981337562,-0.450159957271403
2022-08-31 17:30:00,2009.72916666667,-18.29298999,-0.40182123668489,-0.401822212770114
2022-08-31 18:00:00,2009.75,-18.1122114756957,-0.372837005977107,-0.37283798221359
2022-08-31 18:30:00,2009.77083333333,-19.1197453271375,-0.533151686781394,-0.533152663169007
2022-08-31 19:00:00,2009.79166666667,-19.4491799079646,-0.585444571688593,-0.585445548227205
2022-08-31 19:30:00,2009.8125,-20.3656599955,-0.731254127838209,-0.731255104527692
2022-08-31 20:00:00,2009.83333333333,-18.7234601293135,-0.469464041433462,-0.469465018273692
2022-08-31 20:30:00,2009.85416666667,-19.4540444218519,-0.585660069695906,-0.585661046686751
2022-08-31 21:00:00,2009.875,-18.58792329941,-0.447499686912198,-0.447500664053532
2022-08-31 21:30:00,2009.89583333333,-18.137407919403,-0.375545498504779,-0.375546475796475
2022-08-31 22:00:00,2009.91666666667,-19.3018518659259,-0.56085538751671,-0.560856364958638
2022-08-31 22:30:00,2009.9375,-18.2379611107407,-0.3911898688085,-0.391190846400536
2022-08-31 23:00:00,2009.95833333333,-18.2749026575221,-0.39688762515315,-0.396888602895162
2022-08-31 23:30:00,2009.97916666667,-18.3594975169154,-0.410176490955738,-0.410177468847598
2022-09-01,2010,-20.0050594,-0.67212842184785,-0.672129399889434
2022-09-01 00:30:00,2010.02083333333,-18.5897074301852,-0.446474491359632,-0.446475469550812
2022-09-01 01:30:00,2010.0625,-18.6867450120344,-0.461557655310591,-0.461558633800572
2022-09-01 02:00:00,2010.08333333333,-18.2410475835979,-0.390370094594807,-0.390371073234001
2022-09-01 02:30:00,2010.10416666667,-18.4405241856877,-0.421959120840478,-0.421960099628753
2022-09-01 03:00:00,2010.125,-18.4429869775093,-0.422163609195372,-0.4221645881326
2022-09-01 03:30:00,2010.14583333333,-18.5479713515759,-0.438699761762558,-0.438700740848615
2022-09-01 04:00:00,2010.16666666667,-18.4344444465608,-0.420426814342718,-0.420427793577473
2022-09-01 04:30:00,2010.1875,-18.418438685316,-0.417688957760989,-0.417689937144317
2022-09-01 05:00:00,2010.20833333333,-18.0231561563197,-0.354531944010375,-0.354532923542145
2022-09-01 05:30:00,2010.22916666667,-18.4458396008596,-0.421677397366489,-0.421678377046573
2022-09-01 06:00:00,2010.25,-18.0578941243386,-0.359688987330264,-0.359689967158538
2022-09-01 06:30:00,2010.27083333333,-17.8930260189591,-0.333236864972891,-0.333237844949227
2022-09-01 07:00:00,2010.29166666667,-17.9776803340149,-0.346533745568957,-0.346534725693221
2022-09-01 07:30:00,2010.3125,-17.8600802363897,-0.327611256781989,-0.327612237054059
2022-09-01 08:00:00,2010.33333333333,-17.4674391185185,-0.26487444003683,-0.264875420456579
2022-09-01 08:30:00,2010.35416666667,-17.8546914587361,-0.326375111625534,-0.32637609219283
2022-09-01 09:00:00,2010.375,-17.4511802936803,-0.261906494897988,-0.261907475612704
2022-09-01 09:30:00,2010.39583333333,-17.5773821603448,-0.281821445850255,-0.281822426712266
2022-09-01 10:00:00,2010.41666666667,-17.5561799058201,-0.278254718171808,-0.278255699180983
2022-09-01 10:30:00,2010.4375,-17.9048382756506,-0.333606955495928,-0.333607936652144
2022-09-01 11:00:00,2010.45833333333,-17.7028457250929,-0.301240010960347,-0.301240992263471
2022-09-01 11:30:00,2010.47916666667,-17.6822635469914,-0.297771771679424,-0.297772753129328
2022-09-01 12:00:00,2010.5,-17.6104762291005,-0.286146420346871,-0.286147401943432
2022-09-01 12:30:00,2010.52083333333,-17.8519832894052,-0.324428990677805,-0.324429972420896
2022-09-01 13:00:00,2010.54166666667,-19.3214619443414,-0.558328216914332,-0.558329198803817
2022-09-01 13:30:00,2010.5625,-19.9907306578797,-0.664753331027877,-0.664754313063635
2022-09-01 14:00:00,2010.58333333333,-20.4741052536842,-0.741565282750079,-0.741566264931983
2022-09-01 14:30:00,2010.60416666667,-21.4222801146568,-0.892420152295735,-0.892421134623653
2022-09-01 18:00:00,2010.75,-21.439838583859,-0.893884083388171,-0.893885066734626
2022-09-01 18:30:00,2010.77083333333,-21.5457274319549,-0.910561417494332,-0.91056240098578
2022-09-01 19:00:00,2010.79166666667,-21.94379996,-0.973783724264307,-0.97378470790062
2022-09-01 19:30:00,2010.8125,-21.8097439474954,-0.9522374779335,-0.952238461714555
2022-09-01 20:00:00,2010.83333333333,-21.0042226309833,-0.82372623253577,-0.823727216461439
2022-09-01 20:30:00,2010.85416666667,-21.1512809202247,-0.846961502782976,-0.846962486853127
2022-09-01 21:00:00,2010.875,-20.7104,-0.776537540561509,-0.776538524776014
2022-09-01 21:30:00,2010.89583333333,-20.5711873705009,-0.754169456400856,-0.754170440759592
2022-09-01 22:00:00,2010.91666666667,-20.7670944444444,-0.785186084276126,-0.785187068778962
2022-09-01 22:30:00,2010.9375,-20.341932564794,-0.717265887841835,-0.717266872488646
2022-09-01 23:00:00,2010.95833333333,-19.9133332333333,-0.648798006723703,-0.648798991514358
2022-09-01 23:30:00,2010.97916666667,-19.9842407077778,-0.6599018206105,-0.659902805544871
2022-09-02,2011,-19.6238528502793,-0.602299883804989,-0.602300868882954
2022-09-02 01:00:00,2011.04166666667,-19.4136078009294,-0.568423621846798,-0.568424607211557
2022-09-02 02:00:00,2011.08333333333,-19.8982026180297,-0.64523546303107,-0.645236448682122
2022-09-02 02:30:00,2011.10416666667,-19.6631282657993,-0.60759557701011,-0.607596562804112
2022-09-02 03:00:00,2011.125,-20.066633813197,-0.671681829379859,-0.671682815316685
2022-09-02 04:00:00,2011.16666666667,-20.9218420377323,-0.807531883556451,-0.807532869778545
2022-09-02 04:30:00,2011.1875,-20.5924907277207,-0.75487322710904,-0.754874213473579
2022-09-02 05:00:00,2011.20833333333,-20.6658488658582,-0.766366377674518,-0.766367364181369
2022-09-02 06:00:00,2011.25,-21.0832737275605,-0.832476462439404,-0.832477449230503
2022-09-02 06:30:00,2011.27083333333,-20.0088603499069,-0.661128502900894,-0.661129489833924
2022-09-02 07:00:00,2011.29166666667,-20.2940279031599,-0.706362661469578,-0.70636364854441
2022-09-02 08:00:00,2011.33333333333,-20.309446921229,-0.708432161989859,-0.708433149347923
2022-09-02 08:30:00,2011.35416666667,-19.7248901331471,-0.61511832433846,-0.615119311837945
2022-09-02 09:00:00,2011.375,-19.4363736092937,-0.568963816672386,-0.568964804313163
2022-09-02 10:00:00,2011.41666666667,-19.5515873618959,-0.586929924435813,-0.586930912358798
2022-09-02 10:30:00,2011.4375,-19.2836004009294,-0.544045503976269,-0.544046492040165
2022-09-02 11:00:00,2011.45833333333,-19.1030763729981,-0.515093895690328,-0.515094883895011
2022-09-02 12:00:00,2011.5,-18.7030613561338,-0.45098292780106,-0.450983916286931
2022-09-02 12:30:00,2011.52083333333,-19.9998627261596,-0.657370024590833,-0.657371013217104
2022-09-02 13:00:00,2011.54166666667,-20.600151636,-0.752802093275202,-0.752803082041746
2022-09-02 14:00:00,2011.58333333333,-21.0002356183673,-0.816146704032472,-0.816147693079188
2022-09-02 14:30:00,2011.60416666667,-21.2108605561338,-0.849504737271915,-0.849505726458522
2022-09-02 15:00:00,2011.625,-21.6759183343228,-0.923394008449782,-0.923394997776153
2022-09-02 16:00:00,2011.66666666667,-21.5480964955473,-0.902642081757065,-0.902643071362585
2022-09-02 19:30:00,2011.8125,-19.7307119288104,-0.611764063814133,-0.61176505439266
2022-09-02 20:00:00,2011.83333333333,-18.417126155102,-0.402313193891544,-0.402314184608565
2022-09-02 20:30:00,2011.85416666667,-19.7444883666667,-0.613567130190332,-0.613568121045711
2022-09-02 21:00:00,2011.875,-18.591953687561,-0.429771624579118,-0.429772615572736
2022-09-02 21:30:00,2011.89583333333,-17.8047416475836,-0.304172181408785,-0.304173172540515
2022-09-02 22:00:00,2011.91666666667,-17.1638129214137,-0.201875679652621,-0.201876670922331
2022-09-02 22:30:00,2011.9375,-18.1073953643411,-0.351992844458799,-0.351993835866363
2022-09-02 23:00:00,2011.95833333333,-17.8034780270732,-0.303382307840263,-0.303383299385557
2022-09-02 23:30:00,2011.97916666667,-17.171442615,-0.20250223249224,-0.202503224175132
2022-09-03 00:30:00,2012.02083333333,-17.5115083456238,-0.256281896600264,-0.256282888557976
2022-09-03 01:00:00,2012.04166666667,-17.7614783007246,-0.295905621878719,-0.295906613973647
2022-09-03 01:30:00,2012.0625,-17.5652594722922,-0.264451060253357,-0.264452052485379
2022-09-03 02:00:00,2012.08333333333,-17.5207658453532,-0.257166336840789,-0.257167329209777
2022-09-03 02:30:00,2012.10416666667,-17.4041003916357,-0.238384495062929,-0.238385487568748
2022-09-03 03:00:00,2012.125,-17.374956828777,-0.233544858283797,-0.233545850926328
2022-09-03 03:30:00,2012.14583333333,-17.3398445949875,-0.227754313226025,-0.227755306005141
2022-09-03 04:00:00,2012.16666666667,-17.2073128348231,-0.206444673290697,-0.206445666206266
2022-09-03 04:30:00,2012.1875,-16.8680799715613,-0.152207305237298,-0.152208298289193
2022-09-03 05:00:00,2012.20833333333,-16.8194130710145,-0.144257208028164,-0.144258201216262
2022-09-03 05:30:00,2012.22916666667,-16.7574837473684,-0.134194302708845,-0.134195296033015
2022-09-03 06:00:00,2012.25,-16.8142100269517,-0.143033225169124,-0.143034218629242
2022-09-03 06:30:00,2012.27083333333,-16.5125185884758,-0.0947758544305569,-0.0947768480264921
2022-09-03 07:00:00,2012.29166666667,-16.6838273172662,-0.12186765379225,-0.121868647523876
2022-09-03 07:30:00,2012.3125,-16.5852556090226,-0.105967212142962,-0.105968206010154
2022-09-03 08:00:00,2012.33333333333,-16.6046648376164,-0.108861123536244,-0.108862117538876
2022-09-03 08:30:00,2012.35416666667,-16.4688512637546,-0.0870278370933125,-0.0870288312312492
2022-09-03 09:00:00,2012.375,-16.4654460410072,-0.086287201148078,-0.0862881954211999
2022-09-03 09:30:00,2012.39583333333,-16.2552881849624,-0.0526106285404955,-0.0526116229486758
2022-09-03 10:00:00,2012.41666666667,-16.1586821533457,-0.0370228483051228,-0.0370238428482302
2022-09-03 10:30:00,2012.4375,-16.3104452858998,-0.0610003590305853,-0.0610013537084929
2022-09-03 11:00:00,2012.45833333333,-15.9718776546763,-0.0068677343360527,-0.00686872914863734
2022-09-03 11:30:00,2012.47916666667,-15.85019998225,0.0127142592582675,0.0127132643111371
2022-09-03 12:00:00,2012.5,-15.577455305,0.0563614289782349,0.0563604338966818
2022-09-03 12:30:00,2012.52083333333,-15.480619664193,0.0719862577635241,0.0719852625476792
2022-09-03 13:00:00,2012.54166666667,-16.3827985913669,-0.0715325537866414,-0.0715335491366509
2022-09-03 13:30:00,2012.5625,-16.121357497,-0.0296857701417349,-0.0296867656257858
2022-09-03 14:00:00,2012.58333333333,-16.3635055864312,-0.0680610091459225,-0.0680620047638877
2022-09-03 14:30:00,2012.60416666667,-17.1907365673469,-0.199640276695543,-0.199641272447287
2022-09-03 15:00:00,2012.625,-17.3120791079137,-0.218770917111135,-0.218771912996541
2022-09-03 15:30:00,2012.64583333333,-17.3536550515,-0.22519458750117,-0.225195583520108
2022-09-03 16:00:00,2012.66666666667,-18.0043829527881,-0.328656505961733,-0.328657502114073
2022-09-03 16:30:00,2012.6875,-18.2392727096475,-0.365875016778533,-0.365876013064149
2022-09-03 17:00:00,2012.70833333333,-19.3831223014388,-0.547891384806191,-0.547892381224959
2022-09-03 17:30:00,2012.72916666667,-19.00657995975,-0.487708137317582,-0.487709133869371
2022-09-03 21:00:00,2012.875,-16.8472602358736,-0.142325848131231,-0.142326845610624
2022-09-03 21:30:00,2012.89583333333,-16.4828460278293,-0.0840738697452428,-0.0840748673566457
2022-09-03 22:00:00,2012.91666666667,-16.1555987598746,-0.0317425176842349,-0.0317435154275162
2022-09-03 22:30:00,2012.9375,-16.0032317581818,-0.00726962324486757,-0.0072706211199004
2022-09-03 23:00:00,2012.95833333333,-16.2043877497217,-0.0391131005195712,-0.0391140985262326
2022-09-04,2013,-16.1957304762082,-0.0373320776935716,-0.0373330759631055
2022-09-04 00:30:00,2013.02083333333,-16.2316463195122,-0.0428524002067855,-0.0428533986075633
2022-09-04 01:00:00,2013.04166666667,-16.0880430583732,-0.0197751074588753,-0.0197761059907701
2022-09-04 01:30:00,2013.0625,-16.2608996184015,-0.0471099967580517,-0.0471109954209407
2022-09-04 02:00:00,2013.08333333333,-16.296170994052,-0.0525273742805982,-0.0525283730743504
2022-09-04 02:30:00,2013.10416666667,-16.0892947917933,-0.0193703760411653,-0.0193713749656539
2022-09-04 03:00:00,2013.125,-16.01977035311,-0.00809351835903216,-0.00809451741413436
2022-09-04 03:30:00,2013.14583333333,-16.0890260053903,-0.0189243348336423,-0.0189253340192272
2022-09-04 04:00:00,2013.16666666667,-15.8367156327138,0.0214706397443198,0.021469640428375
2022-09-04 04:30:00,2013.1875,-15.8819635285714,0.0144644629619869,0.0144634635158128
2022-09-04 05:00:00,2013.20833333333,-15.6821394129808,0.0464985261649762,0.0464975265887
2022-09-04 05:30:00,2013.22916666667,-15.541033510987,0.0691788293855513,0.0691778296792956
2022-09-04 06:00:00,2013.25,-15.6740427550186,0.0481924873365716,0.0481914875004673
2022-09-04 06:30:00,2013.27083333333,-15.716230981155,0.0416740916925881,0.0416730917267618
2022-09-04 07:00:00,2013.29166666667,-15.6040047856459,0.0597541170897806,0.0597531169943551
2022-09-04 07:30:00,2013.3125,-15.6957118934944,0.0453475148294593,0.0453465146045615
2022-09-04 08:00:00,2013.33333333333,-15.608921930855,0.0593757167287533,0.0593747163745181
2022-09-04 08:30:00,2013.35416666667,-15.6042127559271,0.0603284837384488,0.0603274832549947
2022-09-04 09:00:00,2013.375,-15.5876719433862,0.0631661322976732,0.0631651316851268
2022-09-04 09:30:00,2013.39583333333,-15.6268699016729,0.0571246480292498,0.0571236472877421
2022-09-04 10:00:00,2013.41666666667,-15.4954126693309,0.0782687507511336,0.0782677498807874
2022-09-04 10:30:00,2013.4375,-15.2968085221884,0.11010949812953,0.110108497130476
2022-09-04 11:00:00,2013.45833333333,-15.2137666528571,0.123541185189179,0.123540184061543
2022-09-04 11:30:00,2013.47916666667,-14.7525120604824,0.197222522397928,0.197221521141834
2022-09-04 12:00:00,2013.5,-14.8176845864564,0.187043736529148,0.187042735144726
2022-09-04 12:30:00,2013.52083333333,-14.5750911930091,0.225892374598188,0.225891373085565
2022-09-04 13:00:00,2013.54166666667,-14.4347666514286,0.24844960449695,0.248448602856248
2022-09-04 13:30:00,2013.5625,-14.3045973916512,0.269389183735922,0.269388181967269
2022-09-04 14:00:00,2013.58333333333,-14.164546466171,0.291903012345394,0.291902010448923
2022-09-04 14:30:00,2013.60416666667,-14.2680698945289,0.27561536526366,0.275614363239491
2022-09-04 15:00:00,2013.625,-14.1948761828571,0.287478977783149,0.287477975631408
2022-09-04 15:30:00,2013.64583333333,-14.0620762144981,0.308838002472436,0.308837000193254
2022-09-04 16:00:00,2013.66666666667,-14.1234452565863,0.299265857899999,0.299264855493498
2022-09-04 16:30:00,2013.6875,-14.0245106510638,0.315230291778762,0.315229289245073
2022-09-04 17:00:00,2013.70833333333,-14.2623666261905,0.277543838291152,0.277542835630401
2022-09-04 17:30:00,2013.72916666667,-14.0231613662289,0.315853673246549,0.315852670458859
2022-09-04 18:00:00,2013.75,-13.9085092869888,0.334322190259135,0.334321187344637
2022-09-04 18:30:00,2013.77083333333,-13.3441458890578,0.424430134435623,0.424429131394443
2022-09-04 19:00:00,2013.79166666667,-13.2100476485714,0.445996624259457,0.445995621091717
2022-09-04 22:30:00,2013.9375,-12.5469367825279,0.55306506251451,0.553064058464414
2022-09-04 23:30:00,2013.97916666667,-12.5412174972119,0.5543868111159,0.55438580681484
2022-09-05,2014,-12.5931889408397,0.54631319285894,0.54631218843259
2022-09-05 00:30:00,2014.02083333333,-12.5844998928571,0.547902926676246,0.547901922124732
2022-09-05 01:00:00,2014.04166666667,-12.4792481220149,0.564875263635691,0.564874258959135
2022-09-05 01:30:00,2014.0625,-12.6392174579926,0.539597781107723,0.539596776306252
2022-09-05 02:00:00,2014.08333333333,-12.5663263181298,0.551415231119034,0.551414226192783
2022-09-05 02:30:00,2014.10416666667,-12.3628571285714,0.584033950066127,0.584032945015214
2022-09-05 03:00:00,2014.125,-12.5869107888476,0.548548065801605,0.548547060626155
2022-09-05 03:30:00,2014.14583333333,-12.672839856797,0.535065620054026,0.535064614754171
2022-09-05 04:00:00,2014.16666666667,-12.5406736438931,0.55632600062733,0.556324995203196
2022-09-05 04:30:00,2014.1875,-12.5069285857143,0.561907913120836,0.561906907572544
2022-09-05 05:00:00,2014.20833333333,-12.4112713685874,0.577352568952435,0.577351563280117
2022-09-05 05:30:00,2014.22916666667,-12.3563327133829,0.586310820919876,0.586309815123655
2022-09-05 06:00:00,2014.25,-12.0942748070611,0.628263409721793,0.628262403801798
2022-09-05 06:30:00,2014.27083333333,-12.0569284214286,0.634419384791371,0.634418378747729
2022-09-05 07:00:00,2014.29166666667,-12.0842175005576,0.630278976203787,0.63027797003662
2022-09-05 07:30:00,2014.3125,-12.4488602107527,0.572397985152386,0.572396978861819
2022-09-05 08:00:00,2014.33333333333,-12.4079215936902,0.579126481382116,0.579125474968285
2022-09-05 08:30:00,2014.35416666667,-12.4629286357143,0.570570857544516,0.570569851007538
2022-09-05 09:00:00,2014.375,-12.3596654410781,0.587227887471262,0.587226880811264
2022-09-05 09:30:00,2014.39583333333,-14.3561024223464,0.269401270840839,0.269400264057952
2022-09-05 10:00:00,2014.41666666667,-14.6404103026718,0.224318135408613,0.224317128502963
2022-09-05 10:30:00,2014.4375,-14.5727332466667,0.235306543749433,0.235305536721141
2022-09-05 11:00:00,2014.45833333333,-13.9723506666048,0.331155414606705,0.331154407455902
2022-09-05 11:30:00,2014.47916666667,-13.6931391517625,0.375841597091439,0.375840589818247
2022-09-05 12:00:00,2014.5,-13.9411051869981,0.336548110924257,0.336547103528806
2022-09-05 12:30:00,2014.52083333333,-13.9323332466667,0.338153259509486,0.338152251991903
2022-09-05 13:00:00,2014.54166666667,-14.4263389277467,0.259665665462696,0.259664657823103
2022-09-05 13:30:00,2014.5625,-14.7140111387755,0.214047232366671,0.214046224605194
2022-09-05 14:00:00,2014.58333333333,-14.7976049486641,0.200938726105771,0.200937718222544
2022-09-05 14:30:00,2014.60416666667,-14.7073332466667,0.215527211804681,0.215526203799822
2022-09-05 15:00:00,2014.625,-14.7417810884972,0.210247876688872,0.210246868562507
2022-09-05 15:30:00,2014.64583333333,-14.7910613394052,0.202605819824126,0.202604811576389
2022-09-05 16:00:00,2014.66666666667,-14.5229580200382,0.245523284100269,0.245522275731279
2022-09-05 16:30:00,2014.6875,-14.5635333466667,0.239268111046863,0.239267102556746
2022-09-05 17:00:00,2014.70833333333,-14.3522968797774,0.273126828185049,0.273125819573935
2022-09-05 17:30:00,2014.72916666667,-14.460260230855,0.256136877726707,0.256135868994718
2022-09-05 18:00:00,2014.75,-14.5480362417939,0.242362876461473,0.242361867608738
2022-09-05 18:30:00,2014.77083333333,-14.5578667333333,0.241005743593573,0.24100473462022
2022-09-05 19:00:00,2014.79166666667,-14.5611038962894,0.240699024110112,0.240698015016262
2022-09-05 19:30:00,2014.8125,-14.5810630630798,0.237728568868683,0.237727559654462
2022-09-05 20:00:00,2014.83333333333,-14.6373015505725,0.228978883289556,0.228977873955098
2022-09-05 20:30:00,2014.85416666667,-14.5682666133333,0.240185435141221,0.240184425686644
2022-09-05 23:30:00,2014.97916666667,-15.2419805398058,0.134119664134325,0.134118653961693
2022-09-06,2015,-15.1579705893048,0.147712384991603,0.147711374699737
2022-09-06 00:30:00,2015.02083333333,-15.1872096437848,0.143264549560449,0.143263539149476
2022-09-06 01:00:00,2015.04166666667,-15.2786133871747,0.12891392586961,0.128912915339651
2022-09-06 01:30:00,2015.0625,-15.8942884567308,0.0310465963500686,0.0310455857012508
2022-09-06 02:00:00,2015.08333333333,-15.9997159117783,0.0144621675043828,0.0144611567368399
2022-09-06 02:30:00,2015.10416666667,-16.1314182334573,-0.00630777534552807,-0.00630878623167885
2022-09-06 03:00:00,2015.125,-16.1493814383333,-0.00895890460986815,-0.00895991561450071
2022-09-06 03:30:00,2015.14583333333,-16.2879518423077,-0.0308227559054233,-0.0308237670284034
2022-09-06 04:00:00,2015.16666666667,-16.2520460209195,-0.0248923288722454,-0.0248933401134556
2022-09-06 04:30:00,2015.1875,-16.5469481337037,-0.0716597512336041,-0.0716607625929188
2022-09-06 05:00:00,2015.20833333333,-17.3266722061111,-0.195659567331098,-0.195660578808386
2022-09-06 05:30:00,2015.22916666667,-17.1727884317308,-0.170934895403052,-0.170935906998193
2022-09-06 06:00:00,2015.25,-17.1877500071101,-0.17310731751317,-0.173108329226034
2022-09-06 06:30:00,2015.27083333333,-17.7456462631481,-0.261769531429519,-0.26177054325998
2022-09-06 07:00:00,2015.29166666667,-20.1728534497217,-0.648214221629275,-0.648215233577212
2022-09-06 07:30:00,2015.3125,-21.1433366057692,-0.802601642016955,-0.802602654082238
2022-09-06 08:00:00,2015.33333333333,-21.2715756341743,-0.822818880263869,-0.822819892446371
2022-09-06 08:30:00,2015.35416666667,-20.5283240377778,-0.704206948499685,-0.704207960799284
2022-09-06 09:00:00,2015.375,-20.2769721721707,-0.663954904692743,-0.663955917109315
2022-09-06 09:30:00,2015.39583333333,-20.1128268759615,-0.637594839061739,-0.637595851595149
2022-09-06 10:00:00,2015.41666666667,-20.142763163908,-0.642152017858863,-0.642153030508994
2022-09-06 10:30:00,2015.4375,-20.0244826597333,-0.623098065159785,-0.623099077926512
2022-09-06 11:00:00,2015.45833333333,-19.9175714230056,-0.605855154322989,-0.60585616720618
2022-09-06 11:30:00,2015.47916666667,-19.7639903480769,-0.581177614370394,-0.58117862736993
2022-09-06 12:00:00,2015.5,-19.7783279779817,-0.583249553582256,-0.583250566698006
2022-09-06 12:30:00,2015.52083333333,-19.6829592494444,-0.567845101011628,-0.567846114243466
2022-09-06 13:00:00,2015.54166666667,-20.0786907440741,-0.630673174479754,-0.630674187827559
2022-09-06 13:30:00,2015.5625,-20.5284038278846,-0.702100463249561,-0.702101476713204
2022-09-06 14:00:00,2015.58333333333,-20.572149059633,-0.708856692672704,-0.708857706252058
2022-09-06 14:30:00,2015.60416666667,-20.6530722098148,-0.72153530069371,-0.721536314388654
2022-09-08 01:30:00,2017.0625,-16.7013561988868,-0.0769256329279208,-0.0769266544026616
2022-09-08 02:00:00,2017.08333333333,-16.7411298621521,-0.0830427518555416,-0.0830437734369842
2022-09-08 02:30:00,2017.10416666667,-17.0052659691489,-0.124900880015634,-0.124901901703658
2022-09-08 03:00:00,2017.125,-17.0354876157303,-0.129496179115427,-0.129497200909903
2022-09-08 03:30:00,2017.14583333333,-17.0542745697588,-0.13226983519023,-0.132270857091034
2022-09-08 04:00:00,2017.16666666667,-17.214007396475,-0.157496181203931,-0.157497203210942
2022-09-08 04:30:00,2017.1875,-17.2238616968085,-0.158846682586097,-0.158847704699192
2022-09-08 05:00:00,2017.20833333333,-17.2096390152466,-0.156361615300958,-0.156362637520002
2022-09-08 05:30:00,2017.22916666667,-17.1347296190741,-0.144209022793283,-0.144210045118161
2022-09-08 06:00:00,2017.25,-17.1442277877778,-0.145502527499687,-0.145503549930274
2022-09-08 06:30:00,2017.27083333333,-17.3469575095745,-0.177577868538168,-0.177578891074336
2022-09-08 07:00:00,2017.29166666667,-17.4049282360987,-0.186592910050002,-0.18659393269163
2022-09-08 07:30:00,2017.3125,-17.484625922037,-0.199068983617919,-0.199070006364878
2022-09-08 08:00:00,2017.33333333333,-17.5296555914815,-0.206022329307383,-0.206023352159549
2022-09-08 08:30:00,2017.35416666667,-17.5284149287234,-0.205604689962962,-0.205605712920214
2022-09-08 09:00:00,2017.375,-17.5534910273543,-0.209379241493704,-0.209380264555914
2022-09-08 09:30:00,2017.39583333333,-17.6220462903704,-0.220079966989538,-0.220080990156582
2022-09-08 10:00:00,2017.41666666667,-17.720418482963,-0.235530462710409,-0.235531485982166
2022-09-08 10:30:00,2017.4375,-17.8780851978723,-0.26042653027319,-0.260427553649536
2022-09-08 11:00:00,2017.45833333333,-17.8089327578475,-0.249190056459682,-0.249191079940484
2022-09-08 11:30:00,2017.47916666667,-17.8694389594444,-0.258608209032844,-0.258609232617986
2022-09-08 12:00:00,2017.5,-17.6520611003704,-0.223759144310783,-0.223760168000141
2022-09-08 12:30:00,2017.52083333333,-18.1665531308511,-0.305497388175268,-0.305498411968713
2022-09-08 13:00:00,2017.54166666667,-18.0939304701794,-0.293707754385291,-0.293708778282703
2022-09-08 13:30:00,2017.5625,-18.0294203968519,-0.283210373790472,-0.283211397791723
2022-09-08 14:00:00,2017.58333333333,-18.161444445,-0.304020931454562,-0.304021955559527
2022-09-08 14:30:00,2017.60416666667,-18.278766043617,-0.322489290692213,-0.322490314900772
2022-09-08 15:00:00,2017.625,-18.2640045154709,-0.319916625767105,-0.319917650079129
2022-09-08 15:30:00,2017.64583333333,-18.2445722153704,-0.316599815879003,-0.316600840294369
2022-09-08 16:00:00,2017.66666666667,-18.5185241832714,-0.360019241914987,-0.360020266433574
2022-09-08 16:30:00,2017.6875,-18.6352903526882,-0.378398770329418,-0.378399794951103
2022-09-08 17:00:00,2017.70833333333,-17.9348341349776,-0.26659410090951,-0.266595125634158
2022-09-08 17:30:00,2017.72916666667,-17.5688499922222,-0.208070984508387,-0.208072009335884
2022-09-08 18:00:00,2017.75,-17.36290185,-0.175041629844941,-0.175042654775163
2022-09-09 11:00:00,2018.45833333333,-17.0533617705009,-0.118143081662622,-0.118144110011601
2022-09-09 11:30:00,2018.47916666667,-16.6540003,-0.0542998006810392,-0.0543008291284061
2022-09-09 12:00:00,2018.5,-16.9897054442777,-0.107553070240114,-0.107554098785745
2022-09-09 12:30:00,2018.52083333333,-16.7487026105948,-0.0689362603350074,-0.0689372889787696
2022-09-09 13:00:00,2018.54166666667,-16.50423605,-0.0297675898339407,-0.0297686185757196
2022-09-09 13:30:00,2018.5625,-17.0727496,-0.120107145521458,-0.12010817436113
2022-09-09 14:00:00,2018.58333333333,-16.8456123537453,-0.0836988744178062,-0.0836999033552434
2022-09-09 14:30:00,2018.60416666667,-17.6591799970315,-0.213075549581393,-0.213076578616475
2022-09-09 15:00:00,2018.625,-17.0859182317844,-0.121529222612077,-0.121530251744678
2022-09-09 15:30:00,2018.64583333333,-17.4705,-0.182567968730787,-0.182568997960782
2022-09-09 16:00:00,2018.66666666667,-17.2944589725746,-0.154299016625424,-0.154300045952695
2022-09-09 16:30:00,2018.6875,-16.3391166724074,-0.00188672865248662,-0.00188775807690944
2022-09-09 17:00:00,2018.70833333333,-17.3048793805195,-0.155507755151051,-0.155508784672494
2022-09-09 17:30:00,2018.72916666667,-17.106500175,-0.123680056734185,-0.123681086352532
2022-09-09 18:00:00,2018.75,-16.7299251005618,-0.0634655429228382,-0.063466572637967
2022-09-09 18:30:00,2018.77083333333,-16.5100351533333,-0.0282109957392511,-0.0282120255510291
2022-09-09 19:30:00,2018.8125,-15.8544851280669,0.0766706928596805,0.0766696628549565
2022-09-09 20:00:00,2018.83333333333,-15.7423684421053,0.0947571406511941,0.0947561105501865
2022-09-09 20:30:00,2018.85416666667,-15.4714671749035,0.138138171693721,0.138137141496548
2022-09-09 21:00:00,2018.875,-15.3141999892,0.163417298310207,0.163416268016997
2022-09-09 21:30:00,2018.89583333333,-14.9834646596654,0.216330110133435,0.216329079744312
2022-09-09 22:00:00,2018.91666666667,-14.8403684210526,0.239351966586626,0.239350936101709
2022-09-09 22:30:00,2018.9375,-14.7355876764933,0.256270223330264,0.256269192749676
2022-09-09 23:00:00,2018.95833333333,-14.6802925321577,0.265305474440135,0.265304443764008
2022-09-09 23:30:00,2018.97916666667,-15.0024479533457,0.214212666547164,0.214211635775612
2022-09-10,2019,-15.1281052631579,0.194422234003059,0.194421203136205
2022-09-10 00:30:00,2019.02083333333,-15.2631830393064,0.173131200197297,0.173130169235274
2022-09-10 01:00:00,2019.04166666667,-15.4335111749071,0.14622484466912,0.146223813612041
2022-09-10 01:30:00,2019.0625,-15.6908752372439,0.105453689514416,0.105452658362405
2022-09-10 02:00:00,2019.08333333333,-15.8750526947368,0.0763412984817994,0.076340267234985
2022-09-10 02:30:00,2019.10416666667,-15.8443468142582,0.081460062387657,0.0814590310461571
2022-09-10 03:00:00,2019.125,-15.9778661947955,0.0604177104684134,0.0604166790323554
2022-09-10 03:30:00,2019.14583333333,-16.0405260379182,0.0506634190794301,0.0506623875489374
2022-09-10 04:00:00,2019.16666666667,-16.1271053105263,0.0370988310342213,0.0370977994094123
2022-09-10 04:30:00,2019.1875,-16.1234624075145,0.0379067855638069,0.0379057538448093
2022-09-10 05:00:00,2019.20833333333,-16.1695668951673,0.0307900307059553,0.0307889988928922
2022-09-10 05:30:00,2019.22916666667,-16.2792597191095,0.0135436939025917,0.0135426619955816
2022-09-10 06:00:00,2019.25,-16.1662107210526,0.0317803739548461,0.0317793419540119
2022-09-10 06:30:00,2019.27083333333,-16.2163307821154,0.0240241916946609,0.0240231596001348
2022-09-10 07:00:00,2019.29166666667,-16.1821409918367,0.0296987143808112,0.0296976821927072
2022-09-10 07:30:00,2019.3125,-16.0850463935065,0.0453941032915792,0.0453930710100203
2022-09-10 08:00:00,2019.33333333333,-16.0849473368421,0.045638118421039,0.0456370860461527
2022-09-10 08:30:00,2019.35416666667,-16.1562673325,0.034505112769684,0.0345040803015886
2022-09-10 09:00:00,2019.375,-16.1152987243043,0.0412598472167394,0.0412588146555625
2022-09-10 09:30:00,2019.39583333333,-16.1440352523191,0.0369105888857925,0.0369095562316568
2022-09-10 10:00:00,2019.41666666667,-16.2407894684211,0.0217261494395239,0.0217251166925481
2022-09-10 10:30:00,2019.4375,-16.3389403805769,0.00631930048765406,0.0063182676479655
2022-09-10 11:00:00,2019.45833333333,-16.4009369168831,-0.00332804541041498,-0.00332907834269347
2022-09-10 11:30:00,2019.47916666667,-16.2960612593692,0.0136075535313123,0.0136065205065621
2022-09-10 12:00:00,2019.5,-15.7469999421053,0.10130233057767,0.101301297460571
2022-09-10 12:30:00,2019.52083333333,-15.7224884538462,0.105436030070421,0.105434996861105
2022-09-10 13:00:00,2019.54166666667,-15.4581038879406,0.147781767275831,0.147780733974412
2022-09-10 13:30:00,2019.5625,-15.623727258256,0.121627017950151,0.121625984556751
2022-09-10 14:00:00,2019.58333333333,-15.7254736473684,0.105648002345925,0.105646968860673
2022-09-10 14:30:00,2019.60416666667,-15.6732442305769,0.114197527594406,0.114196494017424
2022-09-10 15:00:00,2019.625,-15.9111280124304,0.076531897890011,0.0765308642214159
2022-09-10 15:30:00,2019.64583333333,-16.0190259779221,0.0595731865018786,0.0595721527417987
2022-09-10 16:00:00,2019.66666666667,-16.1740524368421,0.0351069572830202,0.0351059234315735
2022-09-10 16:30:00,2019.6875,-16.1197404075,0.0439885836616637,0.0439875497189774
2022-09-10 17:00:00,2019.70833333333,-16.2981613727273,0.0157957624836339,0.0157947284498309
2022-09-10 17:30:00,2019.72916666667,-16.1009921055118,0.0474348184978386,0.0474337843730368
2022-09-10 18:30:00,2019.77083333333,-16.0747856428571,0.0520694825906042,0.0520684482841818
2022-09-10 19:00:00,2019.79166666667,-15.8077586095785,0.0948371847710473,0.094836150373994
2022-09-10 19:30:00,2019.8125,-16.0556996320896,0.0555701923064011,0.0555691578188395
2022-09-10 20:00:00,2019.83333333333,-15.2780447716418,0.179681441515793,0.17968040693785
2022-09-10 20:30:00,2019.85416666667,-14.9150000857143,0.237745078224363,0.237744043556162
2022-09-10 21:00:00,2019.875,-14.6320938735632,0.283042683348597,0.283041648590254
2022-09-10 21:30:00,2019.89583333333,-14.4487891766791,0.312473780441016,0.312472745592659
2022-09-10 22:00:00,2019.91666666667,-14.5854253798507,0.290938148018052,0.2909371130798
2022-09-10 22:30:00,2019.9375,-14.0760713857143,0.372309300126345,0.372308265098325
2022-09-10 23:00:00,2019.95833333333,-13.8961474911877,0.401202086390019,0.401201051272353
2022-09-10 23:30:00,2019.97916666667,-14.3720354664179,0.325623657558703,0.325622622351508
2022-09-11,2020,-14.8744141731343,0.245825320649856,0.245824285353255
2022-09-11 00:30:00,2020.02083333333,-15.1304286428571,0.205273067098265,0.205272031712389
2022-09-11 01:00:00,2020.04166666667,-15.1269808404215,0.206053423236141,0.206052387761104
2022-09-11 01:30:00,2020.0625,-15.3028992570896,0.178260696783489,0.178259661219413
2022-09-11 02:00:00,2020.08333333333,-15.3114682839552,0.17712693197671,0.177125896323722
2022-09-11 02:30:00,2020.10416666667,-15.2691429071429,0.1841007662764,0.184099730534623
2022-09-11 03:00:00,2020.125,-15.3160670411877,0.176857173918829,0.17685613808838
2022-09-11 03:30:00,2020.14583333333,-15.309727618097,0.178098588447185,0.17809755252819
2022-09-11 04:00:00,2020.16666666667,-15.2163339574627,0.193207889368089,0.193206853360668
2022-09-11 04:30:00,2020.1875,-15.0859285071429,0.214213278947027,0.214212242851305
2022-09-11 05:00:00,2020.20833333333,-15.143653259387,0.205249476899773,0.205248440715873
2022-09-11 05:30:00,2020.22916666667,-15.0764729819367,0.216183219394248,0.216182183122287
2022-09-11 06:00:00,2020.25,-15.2108246432836,0.195012864044062,0.195011827684163
2022-09-11 06:30:00,2020.27083333333,-15.0795713857143,0.216153646075014,0.216152609627308
2022-09-11 07:00:00,2020.29166666667,-15.1870879560229,0.199258307860718,0.199257271325318
2022-09-11 07:30:00,2020.3125,-15.1002346270019,0.21332631744247,0.213325280819498
2022-09-11 08:00:00,2020.33333333333,-15.2308845283054,0.192745990907044,0.192744954196626
2022-09-11 08:30:00,2020.35416666667,-15.1502857285714,0.20581781728209,0.205816780484349
2022-09-11 09:00:00,2020.375,-15.2740784001912,0.186330020054227,0.186328983169281
2022-09-11 09:30:00,2020.39583333333,-15.5256927212291,0.146480226545793,0.146479189573767
2022-09-11 10:00:00,2020.41666666667,-15.7131436490672,0.11685179121094,0.116850754151953
2022-09-11 10:30:00,2020.4375,-15.4591428142857,0.157547020883251,0.15754598373743
2022-09-11 11:00:00,2020.45833333333,-15.7155430204589,0.116935083717832,0.116934046485298
2022-09-11 11:30:00,2020.47916666667,-15.5157858471136,0.148989426780816,0.148988389461686
2022-09-11 12:00:00,2020.5,-15.1570428348231,0.206370411266503,0.2063693738609
2022-09-11 12:30:00,2020.52083333333,-14.8205714857143,0.26020358752742,0.260202550035474
2022-09-11 13:00:00,2020.54166666667,-14.8352179782027,0.258103524314637,0.258102486736462
2022-09-11 13:30:00,2020.5625,-15.1370856655493,0.210249003085041,0.210247965420758
2022-09-11 14:00:00,2020.58333333333,-14.9931452605214,0.233412113096694,0.233411075346435
2022-09-11 14:30:00,2020.60416666667,-14.9456428785714,0.241212660632438,0.241211622796315
2022-09-11 15:00:00,2020.625,-15.1963766741874,0.201504055444877,0.201503017523011
2022-09-11 15:30:00,2020.64583333333,-15.0291657530726,0.228374425757283,0.228373387749802
2022-09-11 16:00:00,2020.66666666667,-14.6540838098696,0.288358881861965,0.288357843768986
2022-09-11 16:30:00,2020.6875,-14.5165712428571,0.310498449965908,0.310497411787557
2022-09-11 17:00:00,2020.70833333333,-14.4620210282983,0.319422139404549,0.319421101140948
2022-09-11 18:00:00,2020.75,-14.6239888143389,0.294088407878122,0.294087369444376
2022-09-11 18:30:00,2020.77083333333,-13.5441806309125,0.46633667433899,0.466335635820364
2022-09-11 19:00:00,2020.79166666667,-12.7740713428571,0.589249768699241,0.589248730095848
2022-09-11 19:30:00,2020.8125,-12.9073103687739,0.568258914316435,0.568257875628396
2022-09-11 20:00:00,2020.83333333333,-13.1260856499069,0.533642156538979,0.533641117766424
2022-09-11 20:30:00,2020.85416666667,-13.2501601270019,0.51411138767571,0.514110348818753
2022-09-11 21:00:00,2020.875,-13.2733571214286,0.51065055701624,0.510649518075001
2022-09-11 21:30:00,2020.89583333333,-13.4194168055449,0.487617695186463,0.487616656161069
2022-09-11 22:00:00,2020.91666666667,-13.4074003798883,0.489766553673071,0.489765514563639
2022-09-11 22:30:00,2020.9375,-13.3969757936685,0.491661914036118,0.491660874842775
2022-09-11 23:00:00,2020.95833333333,-13.4901428142857,0.477055140408422,0.477054101131289
2022-09-11 23:30:00,2020.97916666667,-13.5801300040153,0.462954999089655,0.462953959728848
2022-09-12,2021,-13.4774841711359,0.479541518876424,0.479540479432071
2022-09-12 00:30:00,2021.02083333333,-13.4803333232775,0.479322695077257,0.479321655549478
2022-09-12 01:00:00,2021.04166666667,-13.3192858071429,0.505212810542913,0.505211770931825
2022-09-12 01:30:00,2021.0625,-13.4685984456979,0.481662414434959,0.481661374740684
2022-09-12 02:00:00,2021.08333333333,-13.3789665055866,0.496176143286803,0.496175103509471
2022-09-12 02:30:00,2021.10416666667,-13.5887169409683,0.4629981285757,0.462997088715424
2022-09-12 03:00:00,2021.125,-13.8155714571429,0.427095504336665,0.427094464393566
2022-09-12 03:30:00,2021.14583333333,-13.9218737764818,0.410397013936664,0.410395973910868
2022-09-12 04:00:00,2021.16666666667,-14.0022886569832,0.397822493747846,0.397821453639471
2022-09-12 04:30:00,2021.1875,-13.8036424446927,0.429702687735871,0.429701647545041
2022-09-12 05:00:00,2021.20833333333,-13.8040714285714,0.42987014335699,0.429869103083827
2022-09-12 05:30:00,2021.22916666667,-13.9148797744275,0.412454170350924,0.412453129995545
2022-09-12 06:00:00,2021.25,-14.1327583750929,0.377981911823963,0.377980871386493
2022-09-12 06:30:00,2021.27083333333,-14.8636877197026,0.261780385708046,0.261779345188608
2022-09-12 07:00:00,2021.29166666667,-15.0766429428571,0.228092589814168,0.228091549212877
2022-09-12 07:30:00,2021.3125,-14.9290496211832,0.251840517257074,0.251839476574052
2022-09-12 08:00:00,2021.33333333333,-15.0183680377323,0.237848317963976,0.237847277199354
2022-09-12 08:30:00,2021.35416666667,-15.0165594830855,0.238372792735572,0.23837175188946
2022-09-12 09:00:00,2021.375,-15.0649284642857,0.230904032591605,0.230902991664127
2022-09-12 09:30:00,2021.39583333333,-15.0766774820611,0.22926894116237,0.22926790015365
2022-09-12 10:00:00,2021.41666666667,-15.1143277538175,0.223507843806429,0.223506802716584
2022-09-12 10:30:00,2021.4375,-15.3393903446097,0.187891912412346,0.187890871241501
2022-09-12 11:00:00,2021.45833333333,-15.2953571071429,0.195143221040221,0.195142179788498
2022-09-12 11:30:00,2021.47916666667,-15.1907404333969,0.21204559661186,0.212044555279375
2022-09-12 12:00:00,2021.5,-15.228613385316,0.206249355210582,0.206248313797461
2022-09-12 12:30:00,2021.52083333333,-15.1104591022305,0.225308446034563,0.225307404540926
2022-09-12 13:00:00,2021.54166666667,-15.0399285142857,0.23678113034987,0.236780088775834
2022-09-12 13:30:00,2021.5625,-14.8950801454198,0.260092772403551,0.260091730749237
2022-09-12 14:00:00,2021.58333333333,-14.7512211905204,0.283246882204202,0.283245840469741
2022-09-12 14:30:00,2021.60416666667,-14.6214272406716,0.304160508717792,0.304159466903296
2022-09-12 15:00:00,2021.625,-14.6992143214286,0.292006410753937,0.292005368859525
2022-09-12 15:30:00,2021.64583333333,-14.7536354854962,0.283574602023899,0.283573560049698
2022-09-12 16:00:00,2021.66666666667,-14.5307732479554,0.319314319297446,0.319313277243576
2022-09-12 17:00:00,2021.70833333333,-14.4277858513966,0.336195738121389,0.33619469590854
2022-09-12 17:30:00,2021.72916666667,-14.2744285,0.360863523111939,0.36086248081978
2022-09-12 18:00:00,2021.75,-14.254305359542,0.364307084944447,0.364306042573102
2022-09-12 18:30:00,2021.77083333333,-14.2887690905028,0.359055000976316,0.359053958525907
2022-09-12 19:00:00,2021.79166666667,-14.1264860325885,0.385144902868039,0.385143860338683
2022-09-12 19:30:00,2021.8125,-14.49242845,0.327088190827713,0.327087148219529
2022-09-12 20:00:00,2021.83333333333,-14.1113664139313,0.38802990377864,0.388028861091759
2022-09-12 20:30:00,2021.85416666667,-13.9827862451673,0.408751156544084,0.408750113778616
2022-09-12 21:00:00,2021.875,-13.7029106310987,0.453573963536305,0.453572920692373
2022-09-12 21:30:00,2021.89583333333,-13.9647142571429,0.412106962129561,0.412105919207289
2022-09-12 22:00:00,2021.91666666667,-13.9911068837786,0.408141182767325,0.408140139766833
2022-09-12 22:30:00,2021.9375,-13.7636635628253,0.444611732830777,0.444610689752182
2022-09-12 23:00:00,2021.95833333333,-13.6594320234637,0.46145463958794,0.461453596431367
2022-09-12 23:30:00,2021.97916666667,-13.6376429357143,0.465164486408266,0.465163443173831
2022-09-13,2022,-13.6752142948052,0.459418253115907,0.459417209803735
2022-09-13 00:30:00,2022.02083333333,-13.7231747276952,0.45201711440129,0.452016071011502
2022-09-13 01:00:00,2022.04166666667,-13.9360558648045,0.418344071077698,0.418343027610409
2022-09-13 01:30:00,2022.0625,-14.0598570285714,0.398861612561988,0.39886056901732
2022-09-13 02:00:00,2022.08333333333,-14.0106138057361,0.406945329857839,0.40694428623592
2022-09-13 02:30:00,2022.10416666667,-14.06505018829,0.398512893260043,0.398511849560986
2022-09-13 03:00:00,2022.125,-14.1722212052045,0.381679873028599,0.381678829252523
2022-09-13 03:30:00,2022.14583333333,-14.1641429,0.383206233443467,0.383205189590497
2022-09-13 04:00:00,2022.16666666667,-14.1974304948571,0.378143057661473,0.378142013731731
2022-09-13 04:30:00,2022.1875,-14.2340742079777,0.372545331054521,0.372544287048122
2022-09-13 05:00:00,2022.20833333333,-14.329597773743,0.357568083027069,0.357567038944137
2022-09-13 05:30:00,2022.22916666667,-14.3311429714286,0.357561737344207,0.357560693184859
2022-09-13 06:00:00,2022.25,-14.3615171616412,0.352962993670815,0.352961949435176
2022-09-13 06:30:00,2022.27083333333,-14.4039144992565,0.346449035114153,0.346447990802342
2022-09-13 07:00:00,2022.29166666667,-14.3804638230056,0.350424793281344,0.350423748893478
2022-09-13 07:30:00,2022.3125,-14.2564285857143,0.370423824929549,0.370422780465747
2022-09-13 08:00:00,2022.33333333333,-14.4249330715105,0.343821150635007,0.3438201060954
2022-09-13 08:30:00,2022.35416666667,-14.3755623908752,0.351926227016122,0.35192518240082
2022-09-13 09:00:00,2022.375,-14.3613836067039,0.354425290077919,0.354424245387041
2022-09-13 09:30:00,2022.39583333333,-14.1500714285714,0.388327924576874,0.388326879810552
2022-09-13 10:00:00,2022.41666666667,-14.2874038049524,0.36669131327057,0.366690268428914
2022-09-13 10:30:00,2022.4375,-14.3229646860595,0.361267054732072,0.361266009815202
2022-09-13 11:00:00,2022.45833333333,-14.2951666833333,0.36593599247797,0.36593494748601
2022-09-13 11:30:00,2022.47916666667,-14.1716427857143,0.385854214469112,0.385853169402178
2022-09-13 12:00:00,2022.5,-14.1868473444656,0.383672974974375,0.383671929832591
2022-09-13 12:30:00,2022.52083333333,-14.1470204155844,0.390258371505814,0.390257326289301
2022-09-13 13:00:00,2022.54166666667,-14.0823631532588,0.400799338588323,0.400798293297197
2022-09-13 13:30:00,2022.5625,-14.0105714857143,0.412476902178875,0.412475856813255
2022-09-13 14:00:00,2022.58333333333,-14.0338793195402,0.409005127869325,0.409004082429341
2022-09-13 14:30:00,2022.60416666667,-13.8616029840445,0.436690132096179,0.436689086581941
2022-09-13 15:00:00,2022.625,-13.9612875745826,0.421051647024836,0.421050601436464
2022-09-13 16:00:00,2022.66666666667,-14.61040001,0.318130496646805,0.318129450910535
2022-09-13 16:30:00,2022.6875,-14.3459674254789,0.360496379276346,0.360495333466301
2022-09-13 17:00:00,2022.70833333333,-14.4968839048689,0.336696939653166,0.336695893769472
2022-09-13 17:30:00,2022.72916666667,-14.9493421540643,0.264861761025479,0.264860715068251
2022-09-13 18:00:00,2022.75,-15.36980008,0.198124337140764,0.198123291110126
2022-09-13 18:30:00,2022.77083333333,-15.0004666881905,0.257201314916375,0.257200268812447
2022-09-13 21:30:00,2022.89583333333,-15.285379183829,0.213267663531029,0.213266616989866
2022-09-14 02:30:00,2023.10416666667,-17.9758696176909,-0.212901123403986,-0.212902170664313
2022-09-14 03:00:00,2023.125,-18.0745868497653,-0.228383583307664,-0.228384630639252
2022-09-14 03:30:00,2023.14583333333,-18.0950923323077,-0.231406775830495,-0.231407823233215
2022-09-14 04:00:00,2023.16666666667,-18.1925326005587,-0.246685654937061,-0.246686702410804
2022-09-14 04:30:00,2023.1875,-18.4240871896104,-0.283328961460023,-0.28333000900467
2022-09-14 05:00:00,2023.20833333333,-18.6250094056075,-0.315092429369385,-0.315093476984811
2022-09-14 05:30:00,2023.22916666667,-18.6478553975385,-0.31848814786499,-0.31848919555108
2022-09-14 06:00:00,2023.25,-18.7766159382189,-0.338756050030965,-0.338757097787596
2022-09-14 06:30:00,2023.27083333333,-18.8956981514815,-0.357482108120984,-0.357483155948036
2022-09-14 07:00:00,2023.29166666667,-19.0059719084112,-0.374804893251685,-0.374805941149044
2022-09-14 07:30:00,2023.3125,-19.0092270334356,-0.375079454303536,-0.375080502271077
2022-09-14 08:00:00,2023.33333333333,-19.0998740233333,-0.389275522372729,-0.389276570410334
2022-09-14 08:30:00,2023.35416666667,-19.145379622963,-0.396280455236586,-0.396281503344139
2022-09-14 09:00:00,2023.375,-19.2146009680751,-0.407063243857682,-0.407064292035066
2022-09-14 09:30:00,2023.39583333333,-19.1424042387234,-0.39531795274319,-0.395319000990275
2022-09-14 10:00:00,2023.41666666667,-19.2953228701299,-0.419433620084529,-0.419434668401206
2022-09-14 10:30:00,2023.4375,-19.4931463209259,-0.450702577892408,-0.450703626278557
2022-09-14 11:00:00,2023.45833333333,-19.5733364864486,-0.463232389973604,-0.463233438429102
2022-09-14 11:30:00,2023.47916666667,-19.4969018638037,-0.450811682084534,-0.450812730609262
2022-09-14 12:00:00,2023.5,-19.2701354231911,-0.414442928906517,-0.41444397750036
2022-09-14 12:30:00,2023.52083333333,-19.0597222105556,-0.380679177405066,-0.3806802260679
2022-09-14 13:00:00,2023.54166666667,-18.9491681626168,-0.362822983005297,-0.362824031737009
2022-09-14 13:30:00,2023.5625,-18.8202883705521,-0.342047405306854,-0.342048454107319
2022-09-14 14:00:00,2023.58333333333,-18.6966345092764,-0.322104242985348,-0.322105291854448
2022-09-15 03:00:00,2024.125,-16.6822193473978,0.00519156442930613,0.0051905138173266
2022-09-15 03:30:00,2024.14583333333,-16.8548719461538,-0.0220649794076064,-0.0220660300850125
2022-09-15 04:00:00,2024.16666666667,-16.6880340124,0.00475963943769619,0.00475858869497214
2022-09-15 04:30:00,2024.1875,-17.0675677265306,-0.0554530574513689,-0.0554541082592925
2022-09-15 05:00:00,2024.20833333333,-16.964985167718,-0.0388642093484985,-0.0388652602214988
2022-09-15 05:30:00,2024.22916666667,-17.1749487230769,-0.0720641024282292,-0.0720651533661879
2022-09-15 06:00:00,2024.25,-17.18390802,-0.0732437953766123,-0.0732448463794159
2022-09-15 06:30:00,2024.27083333333,-17.6959165343228,-0.154559510051199,-0.154560561118725
2022-09-15 07:00:00,2024.29166666667,-17.9479851651206,-0.194466537464967,-0.194467588597101
2022-09-15 07:30:00,2024.3125,-18.0952050641026,-0.217671008947073,-0.217672060143692
2022-09-15 08:00:00,2024.33333333333,-18.1564470666667,-0.227179062093446,-0.227180113354433
2022-09-15 08:30:00,2024.35416666667,-18.5774037031481,-0.293989835515556,-0.293990886840797
2022-09-15 09:00:00,2024.375,-19.7728703918519,-0.484180535799181,-0.484181587188558
2022-09-15 09:30:00,2024.39583333333,-20.5205128,-0.603032430269362,-0.603033481722748
2022-09-15 10:00:00,2024.41666666667,-20.4589381381238,-0.592975389339759,-0.592976440857044
2022-09-15 10:30:00,2024.4375,-20.933979675,-0.668401614507403,-0.66840266608847
2022-09-15 11:00:00,2024.45833333333,-21.3375610868519,-0.732444112887618,-0.73244516453234
2022-09-15 11:30:00,2024.47916666667,-22.1070511179487,-0.854776038023341,-0.854777089731609
2022-09-15 12:00:00,2024.5,-21.7612056151697,-0.799434137839079,-0.799435189610775
2022-09-15 12:30:00,2024.52083333333,-22.2706055744444,-0.880333373219623,-0.880334425054624
2022-09-15 13:00:00,2024.54166666667,-22.1848221877778,-0.866419398588901,-0.866420450487094
2022-09-15 13:30:00,2024.5625,-23.3716667871795,-1.05523589392895,-1.05523694589021
2022-09-15 14:00:00,2024.58333333333,-22.499393254491,-0.916033321742196,-0.916034373766411
2022-09-15 15:00:00,2024.625,-23.1041988821561,-1.01188150753303,-1.01188255968281
2022-09-15 15:30:00,2024.64583333333,-23.3273810637546,-1.04718558080858,-1.04718663302095
2022-09-15 16:00:00,2024.66666666667,-23.6482040653061,-1.09804382899181,-1.09804488126667
2022-09-15 16:30:00,2024.6875,-23.309697727907,-1.04387036486123,-1.04387141719845
2022-09-15 23:30:00,2024.97916666667,-19.4205805547461,-0.4208348276266,-0.420835880824576
2022-09-16,2025,-19.3076251416667,-0.402590628946246,-0.402591682204827
2022-09-16 00:30:00,2025.02083333333,-18.8725639834879,-0.333034677948752,-0.333035731267814
2022-09-16 01:00:00,2025.04166666667,-18.4665231423006,-0.268101607276236,-0.268102660655669
2022-09-16 01:30:00,2025.0625,-18.2667136623348,-0.236021262943925,-0.236022316383605
2022-09-16 02:00:00,2025.08333333333,-18.1282941505882,-0.21372030757318,-0.21372136107299
2022-09-16 02:30:00,2025.10416666667,-18.6794359615955,-0.301266886872422,-0.30126794043225
2022-09-16 03:00:00,2025.125,-18.8943499901852,-0.335252063378541,-0.335253116998266
2022-09-16 03:30:00,2025.14583333333,-19.2254470647577,-0.387745205386165,-0.387746259065668
2022-09-16 04:00:00,2025.16666666667,-19.380430227907,-0.412183198733611,-0.412184252472781
2022-09-16 04:30:00,2025.1875,-19.4559166742593,-0.423957231600923,-0.423958285399642
2022-09-16 05:00:00,2025.20833333333,-19.5358407342593,-0.436438102840574,-0.436439156698716
2022-09-16 05:30:00,2025.22916666667,-19.3299185244493,-0.403383382409445,-0.403384436326901
2022-09-16 06:00:00,2025.25,-19.0559884255814,-0.359494880063617,-0.359495934040267
2022-09-16 06:30:00,2025.27083333333,-19.8699092724074,-0.488901734202139,-0.488902788237869
2022-09-16 07:00:00,2025.29166666667,-19.6699074303704,-0.456789902918971,-0.456790957013666
2022-09-16 07:30:00,2025.3125,-19.6530044270925,-0.453845771002936,-0.453846825156467
2022-09-16 08:00:00,2025.33333333333,-19.5063139674419,-0.430226328079314,-0.430227382291576
2022-09-16 08:30:00,2025.35416666667,-19.7699925690741,-0.471978893445317,-0.471979947716191
2022-09-16 09:00:00,2025.375,-20.1120018887037,-0.526209521769238,-0.526210576098598
2022-09-16 09:30:00,2025.39583333333,-19.9326563744493,-0.497387876125901,-0.49738893051364
2022-09-16 10:00:00,2025.41666666667,-20.0688488360465,-0.518831579192309,-0.518832633638311
2022-09-16 10:30:00,2025.4375,-19.5010575289425,-0.428130088530796,-0.428131143034937
2022-09-16 11:00:00,2025.45833333333,-19.1811910890538,-0.376923130120709,-0.376924184682874
2022-09-16 11:30:00,2025.47916666667,-19.3002951504405,-0.39564441002364,-0.395645464643717
2022-09-16 12:00:00,2025.5,-19.408581422093,-0.412642332089915,-0.412643386767782
2022-09-16 12:30:00,2025.52083333333,-19.1691296544444,-0.374245259828433,-0.374246314563978
2022-09-16 13:00:00,2025.54166666667,-19.5346296337037,-0.432217357018414,-0.432218411811515
2022-09-16 14:00:00,2025.58333333333,-19.8456767096983,-0.48126252882761,-0.48126358373548
2022-09-16 14:30:00,2025.60416666667,-20.0590548575342,-0.515001281347121,-0.515002336312201
2022-09-16 15:00:00,2025.625,-19.5906536530726,-0.440132019830297,-0.440133074852463
2022-09-16 15:30:00,2025.64583333333,-19.9339105897579,-0.494560404243955,-0.494561459323098
2022-09-16 16:00:00,2025.66666666667,-20.3876465849138,-0.566588105678906,-0.566589160814911
2022-09-16 16:30:00,2025.6875,-20.2696164821918,-0.547532983220543,-0.547534038413288
2022-09-16 17:00:00,2025.70833333333,-19.8503240290503,-0.480486477176643,-0.480487532426011
2022-09-16 17:30:00,2025.72916666667,-19.6909236856611,-0.454840894092826,-0.454841949398706
2022-09-16 18:00:00,2025.75,-19.3430323030172,-0.399168477944681,-0.399169533306952
2022-09-16 18:30:00,2025.77083333333,-19.6423835520548,-0.446602199770285,-0.446603255188834
2022-09-16 19:00:00,2025.79166666667,-18.8575288063315,-0.321321056095279,-0.321322111569986
2022-09-16 19:30:00,2025.8125,-18.5186517705773,-0.267084404603797,-0.267085460134544
2022-09-16 20:00:00,2025.83333333333,-18.6316868235421,-0.284837596103884,-0.284838651690562
2022-09-16 20:30:00,2025.85416666667,-18.7125890260274,-0.297471925909184,-0.297472981551674
2022-09-16 21:00:00,2025.875,-18.1312514061452,-0.204610903148322,-0.2046119588465
2022-09-16 21:30:00,2025.89583333333,-17.5303686875233,-0.108636256605197,-0.108637312358956
2022-09-16 22:00:00,2025.91666666667,-17.9016723859914,-0.167531525487481,-0.167532581296704
2022-09-16 22:30:00,2025.9375,-17.7615067931507,-0.144949295241232,-0.144950351105798
2022-09-16 23:00:00,2025.95833333333,-17.3878119251397,-0.0851656090891318,-0.0851666650089244
2022-09-16 23:30:00,2025.97916666667,-17.2132439530726,-0.0571029043035833,-0.0571039602784916
2022-09-17,2026,-17.3623499049676,-0.0806016114833603,-0.0806026675132628
2022-09-17 00:30:00,2026.02083333333,-17.4950137726027,-0.101481007500107,-0.101482063584893
2022-09-17 01:00:00,2026.04166666667,-17.8588096897388,-0.159179828813975,-0.159180884953523
2022-09-17 01:30:00,2026.0625,-18.0008122762082,-0.181546738730867,-0.181547794925061
2022-09-17 02:00:00,2026.08333333333,-18.0797069364224,-0.193860435604598,-0.193861491853327
2022-09-17 02:30:00,2026.10416666667,-18.0091756594595,-0.182370398643945,-0.182371454947093
2022-09-17 03:00:00,2026.125,-18.7540838275605,-0.300780372777262,-0.300781429134703
2022-09-17 03:30:00,2026.14583333333,-18.5689813729981,-0.271038914928055,-0.271039971339682
2022-09-17 04:00:00,2026.16666666667,-19.3041228392241,-0.387892896115425,-0.387893952581123
2022-09-17 04:30:00,2026.1875,-19.4645134418919,-0.413188578884021,-0.413189635403669
2022-09-17 05:00:00,2026.20833333333,-19.2662490503717,-0.381350189681862,-0.381351246255344
2022-09-17 05:30:00,2026.22916666667,-19.3138122578067,-0.38867223759996,-0.388673294227165
2022-09-17 06:00:00,2026.25,-19.0243469971983,-0.342305334682076,-0.342306391362883
2022-09-17 06:30:00,2026.27083333333,-18.8900406027027,-0.320655275015023,-0.320656331749317
2022-09-17 07:00:00,2026.29166666667,-19.3132788033457,-0.387822392815038,-0.387823449602706
2022-09-17 07:30:00,2026.3125,-19.5444609693309,-0.424394772114502,-0.424395828955425
2022-09-17 08:00:00,2026.33333333333,-19.0083167993534,-0.338731442852951,-0.338732499747018
2022-09-17 08:30:00,2026.35416666667,-18.8275944986486,-0.309686996486724,-0.309688053433819
2022-09-17 09:00:00,2026.375,-19.7575914277985,-0.457580842334125,-0.457581899334122
2022-09-17 09:30:00,2026.39583333333,-19.4952844022305,-0.415539741356712,-0.415540798409506
2022-09-17 10:00:00,2026.41666666667,-19.265047412069,-0.378607345166705,-0.37860840227218
2022-09-17 10:30:00,2026.4375,-19.2668108054054,-0.378632701120589,-0.378633758278625
2022-09-17 11:00:00,2026.45833333333,-19.108847580855,-0.353213417997543,-0.353214475208023
2022-09-17 11:30:00,2026.47916666667,-18.7798550083643,-0.300548962855693,-0.300550020118508
2022-09-17 12:00:00,2026.5,-18.4779094907328,-0.252193048241702,-0.252194105556729
2022-09-17 12:30:00,2026.52083333333,-18.2966214743243,-0.223057885189222,-0.223058942556347
2022-09-17 13:30:00,2026.5625,-19.4976003942379,-0.413862756701047,-0.413863814172027
2022-09-17 14:00:00,2026.58333333333,-19.7111895923792,-0.447631592487313,-0.44763265001005
2022-09-17 14:30:00,2026.60416666667,-20.000801287689,-0.49351079192366,-0.493511849498037
2022-09-17 15:00:00,2026.625,-19.77968925,-0.458031261281287,-0.45803231890718
2022-09-17 15:30:00,2026.64583333333,-20.0339962532588,-0.498286249192424,-0.498287306869727
2022-09-17 16:00:00,2026.66666666667,-19.8892007434944,-0.474963847198439,-0.474964904927037
2022-09-17 16:30:00,2026.6875,-19.7286443982759,-0.449130658509721,-0.449131716289493
2022-09-17 17:00:00,2026.70833333333,-19.6986080121622,-0.444089318266365,-0.444090376097196
2022-09-17 17:30:00,2026.72916666667,-20.2664003972067,-0.534282454205937,-0.534283512087718
2022-09-17 18:00:00,2026.75,-19.2378754810409,-0.370181029069348,-0.370182087001956
2022-09-17 18:30:00,2026.77083333333,-18.9247974818966,-0.320050734868904,-0.320051792852227
2022-09-17 19:00:00,2026.79166666667,-18.1929593675676,-0.203211580888726,-0.203212638922651
2022-09-17 19:30:00,2026.8125,-18.1200167641264,-0.191334878501139,-0.191335936585547
2022-09-17 20:00:00,2026.83333333333,-17.3554925423792,-0.069288655990868,-0.0692897141256488
2022-09-17 20:30:00,2026.85416666667,-16.7273211299569,0.0310365406354662,0.0310354824504276
2022-09-17 21:00:00,2026.875,-16.5797432635135,0.054802915997178,0.0548018577620071
2022-09-17 21:30:00,2026.89583333333,-16.5407862527881,0.0612659854361941,0.0612649271509957
2022-09-17 22:00:00,2026.91666666667,-16.3196096403346,0.0967568416289259,0.0967557832938152
2022-09-17 22:30:00,2026.9375,-16.5572586387931,0.0591565240699454,0.0591554656850474
2022-09-17 23:00:00,2026.95833333333,-16.4967162202703,0.0690583862434109,0.0690573278088306
2022-09-17 23:30:00,2026.97916666667,-16.6032504625232,0.0523448908433932,0.0523438323592453
2022-09-18,2027,-16.6859425341373,0.0394295441140708,0.0394284855804757
2022-09-18 00:30:00,2027.02083333333,-16.6553103469828,0.0445669066065706,0.0445658480236429
2022-09-18 01:00:00,2027.04166666667,-16.518346712,0.0666430185079778,0.0666419598758274
2022-09-18 01:30:00,2027.0625,-16.569866403154,0.0586936756142635,0.0586926169330106
2022-09-18 02:00:00,2027.08333333333,-16.5265278657993,0.0658553900268358,0.0658543312965899
2022-09-18 02:30:00,2027.10416666667,-16.3457586053879,0.0949099905170145,0.0949089317378905
2022-09-18 03:00:00,2027.125,-16.3255199053333,0.0983920316770784,0.0983909728492014
2022-09-18 03:30:00,2027.14583333333,-16.3124229831169,0.100736456142744,0.100735397266218
2022-09-18 04:00:00,2027.16666666667,-16.197628932282,0.119281379457149,0.11928032053209
2022-09-18 04:30:00,2027.1875,-16.0437715338362,0.144049195513734,0.144048136540266
2022-09-18 05:00:00,2027.20833333333,-15.98785334,0.153215299807027,0.153214240785254
2022-09-18 05:30:00,2027.22916666667,-15.933628233829,0.162111767511868,0.162110708441905
2022-09-18 06:00:00,2027.25,-15.81901297718,0.180628502796705,0.180627443678672
2022-09-18 06:30:00,2027.27083333333,-15.6691594790948,0.204758788544251,0.204757729378263
2022-09-18 07:00:00,2027.29166666667,-15.6515200186667,0.207827356998396,0.207826297784562
2022-09-18 07:30:00,2027.3125,-15.503448987384,0.231673841251599,0.231672781990038
2022-09-18 08:00:00,2027.33333333333,-15.2916419369202,0.265673592227714,0.265672532918537
2022-09-18 08:30:00,2027.35416666667,-15.1846810334052,0.282971350358244,0.28297029100157
2022-09-18 09:00:00,2027.375,-15.133413324,0.291397216122479,0.291396156718422
2022-09-18 09:30:00,2027.39583333333,-15.0611614076067,0.303165954276807,0.303164894825477
2022-09-18 10:00:00,2027.41666666667,-15.036899822449,0.307289871558994,0.307288812060505
2022-09-18 10:30:00,2027.4375,-15.0494763021552,0.305545531938304,0.30554447239278
2022-09-18 11:00:00,2027.45833333333,-14.9846266426667,0.316135304742729,0.316134245150275
2022-09-18 11:30:00,2027.47916666667,-14.9129851599258,0.327807092933334,0.327806033294064
2022-09-18 12:30:00,2027.52083333333,-14.8201741543071,0.343110669172986,0.343109609440437
2022-09-18 13:00:00,2027.54166666667,-14.7885500123913,0.348407885439406,0.348406825660384
2022-09-18 13:30:00,2027.5625,-14.715253284,0.360343647466617,0.360342587641241
2022-09-18 14:00:00,2027.58333333333,-14.6375009327103,0.372989266327881,0.372988206456261
2022-09-18 14:30:00,2027.60416666667,-14.4922041320225,0.396394837135423,0.396393777217678
2022-09-18 15:00:00,2027.625,-14.361326093913,0.417503561616105,0.417502501652348
2022-09-18 15:30:00,2027.64583333333,-14.2993599786667,0.427634640361824,0.427633580352165
2022-09-18 16:00:00,2027.66666666667,-14.1861738373832,0.445925178646926,0.445924118591479
2022-09-18 16:30:00,2027.6875,-14.2767607528972,0.431754596121243,0.431753536020132
2022-09-18 17:00:00,2027.70833333333,-14.2627804152174,0.434241724476905,0.434240664330234
2022-09-18 17:30:00,2027.72916666667,-14.219066696,0.441465474448589,0.441464414256472
2022-09-18 18:00:00,2027.75,-13.8808112185047,0.495610009652913,0.495608949415469
2022-09-18 18:30:00,2027.77083333333,-13.5384130998131,0.550414543182708,0.550413482900051
2022-09-18 19:00:00,2027.79166666667,-13.2686369706522,0.5936504144729,0.593649354145139
2022-09-18 19:30:00,2027.8125,-13.2636000546667,0.594713212474094,0.594712152101348
2022-09-18 20:00:00,2027.83333333333,-13.2034486072897,0.6045558672339,0.604554806816278
2022-09-18 20:30:00,2027.85416666667,-13.1128311664193,0.619251849017662,0.619250788555282
2022-09-18 21:00:00,2027.875,-13.0593599015086,0.628030490881521,0.628029430374498
2022-09-18 21:30:00,2027.89583333333,-13.0270399906667,0.63343977934945,0.633438718797892
2022-09-18 22:00:00,2027.91666666667,-13.1367717923933,0.616220200882193,0.616219140286214
2022-09-18 22:30:00,2027.9375,-13.7566604777365,0.517732338645787,0.517731278005511
2022-09-18 23:00:00,2027.95833333333,-13.5513196781857,0.550704195394122,0.550703134709652
2022-09-18 23:30:00,2027.97916666667,-13.500533376,0.559055482554241,0.559054421825691
2022-09-19,2028,-13.5484916495833,0.551676760485312,0.551675699712801
2022-09-19 00:30:00,2028.02083333333,-13.4036456397032,0.575011970774058,0.575010909957699
2022-09-19 01:00:00,2028.04166666667,-13.2963318952586,0.592368336546127,0.592367275686029
2022-09-19 01:30:00,2028.0625,-13.2016799746667,0.607707736884809,0.607706675981091
2022-09-19 02:00:00,2028.08333333333,-13.1169739931227,0.621462814146884,0.621461753199654
2022-09-19 02:30:00,2028.10416666667,-13.1016177961039,0.624170493263648,0.624169432273025
2022-09-19 03:00:00,2028.125,-13.0984341289417,0.624939151729777,0.624938090695874
2022-09-19 03:30:00,2028.14583333333,-13.0786933973333,0.62834543441477,0.628344373337696
2022-09-19 04:00:00,2028.16666666667,-13.1741057465677,0.613407821018921,0.613406759898789
2022-09-19 04:30:00,2028.1875,-13.1628237306122,0.615466768196523,0.615465707033457
2022-09-19 05:00:00,2028.20833333333,-13.2874590459052,0.595874059298152,0.595872998092254
2022-09-19 05:30:00,2028.22916666667,-13.277573368,0.597710712633214,0.597709651384597
2022-09-19 06:00:00,2028.25,-13.404823878209,0.57770154505542,0.577700483764205
2022-09-19 06:30:00,2028.27083333333,-13.4144330910781,0.576432792031225,0.576431730697523
2022-09-19 07:00:00,2028.29166666667,-13.4870699363636,0.565123763908673,0.565122702532594
2022-09-19 07:30:00,2028.3125,-13.4266055229358,0.57501793316716,0.57501687174882
2022-09-19 08:00:00,2028.33333333333,-13.5363035437616,0.557805176767553,0.557804115307068
2022-09-19 08:30:00,2028.35416666667,-13.5901887629907,0.549483511231926,0.549482449729402
2022-09-19 09:00:00,2028.375,-13.6232028114219,0.544486709770598,0.544485648226154
2022-09-19 09:30:00,2028.39583333333,-13.6183302844037,0.545525338470404,0.545524276884147
2022-09-19 10:00:00,2028.41666666667,-13.7528289827138,0.52436210296326,0.524361041335305
2022-09-19 10:30:00,2028.4375,-13.8595483202602,0.507624211027747,0.507623149358216
2022-09-19 11:30:00,2028.47916666667,-13.7133907132558,0.531432586383835,0.531431524631471
2022-09-19 12:00:00,2028.5,-13.7005809933333,0.533735973169768,0.533734911376163
2022-09-19 12:30:00,2028.52083333333,-13.6535701130841,0.541487700652215,0.541486638817481
2022-09-19 13:00:00,2028.54166666667,-13.403941944382,0.581516578360269,0.581515516484514
2022-09-19 13:30:00,2028.5625,-13.2023581460465,0.613892024884284,0.613890962967625
2022-09-19 14:00:00,2028.58333333333,-13.1614095295238,0.620678243468452,0.620677181511004
2022-09-19 14:30:00,2028.60416666667,-12.9853164919476,0.648993136183445,0.648992074185315
2022-09-19 15:00:00,2028.625,-12.8838566895765,0.665418972443752,0.665417910405057
2022-09-19 15:30:00,2028.64583333333,-12.8591511627907,0.669617868967409,0.669616806888257
2022-09-19 16:00:00,2028.66666666667,-12.8091047971429,0.677853650410595,0.677852588291099
2022-09-19 16:30:00,2028.6875,-12.7585065280374,0.686177421615076,0.686176359455359
2022-09-19 17:00:00,2028.70833333333,-12.8194569117978,0.676731483816363,0.676730421616528
2022-09-19 17:30:00,2028.72916666667,-12.9541209395349,0.655542980934142,0.655541918694301
2022-09-19 18:00:00,2028.75,-13.0143047428571,0.646219302070476,0.646218239790752
2022-09-19 18:30:00,2028.77083333333,-13.0147570123364,0.646410970243921,0.646409907924416
2022-09-19 19:00:00,2028.79166666667,-13.0119701153271,0.64711871093104,0.647117648571867
2022-09-19 20:00:00,2028.83333333333,-13.2366141128015,0.611860546400382,0.611859483962221
2022-09-19 20:30:00,2028.85416666667,-13.2847777959596,0.604452035985787,0.604450973508296
2022-09-19 21:00:00,2028.875,-13.3019111710706,0.601986746659649,0.601985684142945
2022-09-19 21:30:00,2028.89583333333,-13.5740129879406,0.558904873165847,0.558903810610038
2022-09-19 22:00:00,2028.91666666667,-14.5286474756957,0.407095128228128,0.407094065633325
2022-09-19 22:30:00,2028.9375,-14.0208384111111,0.488253756998632,0.48825269436496
2022-09-19 23:00:00,2028.95833333333,-14.0243113634091,0.48796486581787,0.487963803145429
2022-09-19 23:30:00,2028.97916666667,-13.9844174142857,0.494584423696768,0.494583360985672
2022-09-20,2029,-15.6019024332083,0.237182398221267,0.237181335471637
2022-09-20 00:30:00,2029.02083333333,-15.8638686434343,0.195715558246432,0.195714495458371
2022-09-20 01:00:00,2029.04166666667,-15.9174988290249,0.187436866446524,0.187435803620143
2022-09-20 01:30:00,2029.0625,-16.4713259133333,0.099476521771021,0.0994754589064386
2022-09-20 02:00:00,2029.08333333333,-16.2405547172542,0.136503314347969,0.136502251445297
2022-09-20 02:30:00,2029.10416666667,-16.1876060909091,0.145202914961344,0.14520185202069
2022-09-20 03:00:00,2029.125,-16.0548979911565,0.166608327120843,0.166607264142323
2022-09-20 03:30:00,2029.14583333333,-16.068990745,0.164628328798102,0.164627265781824
2022-09-20 04:00:00,2029.16666666667,-16.360294452963,0.118488497753165,0.11848743469924
2022-09-20 04:30:00,2029.1875,-16.6768787848485,0.0683215155848556,0.0683204524934075
2022-09-20 05:00:00,2029.20833333333,-16.5976734718821,0.0812041769770108,0.0812031138481405
2022-09-20 05:30:00,2029.22916666667,-16.8029333238889,0.0487714045720915,0.0487703414059111
2022-09-20 06:00:00,2029.25,-16.9309833222635,0.0286382872572598,0.0286372240538916
2022-09-20 06:30:00,2029.27083333333,-17.134434379798,-0.00350620246684896,-0.00350726570730353
2022-09-20 07:00:00,2029.29166666667,-17.1241020453515,-0.00159477491269466,-0.00159583819012366
2022-09-20 07:30:00,2029.3125,-17.3311648374074,-0.0343144762342801,-0.0343155395485661
2022-09-20 08:00:00,2029.33333333333,-17.149562952037,-0.00511954660194636,-0.00512060995297814
2022-09-20 08:30:00,2029.35416666667,-17.3608788535354,-0.0385166311403438,-0.0385176945280143
2022-09-20 09:00:00,2029.375,-17.2679544843182,-0.0234479531127051,-0.0234490165368976
2022-09-20 09:30:00,2029.39583333333,-17.5356388638889,-0.0658244364692256,-0.0658254999298336
2022-09-20 10:00:00,2029.41666666667,-17.517574097963,-0.062680806789109,-0.0626818702860152
2022-09-20 11:00:00,2029.45833333333,-17.8934949808081,-0.122033263205421,-0.122034326774594
2022-09-20 11:30:00,2029.47916666667,-17.7647048185355,-0.10125078908866,-0.101251852693802
2022-09-20 12:00:00,2029.5,-17.5521476248598,-0.0671240971857211,-0.0671251608267093
2022-09-20 12:30:00,2029.52083333333,-17.2685952014925,-0.021687744670187,-0.0216888083469206
2022-09-20 13:00:00,2029.54166666667,-17.1774746828283,-0.00690586233348389,-0.0069069260458513
2022-09-20 13:30:00,2029.5625,-17.0908924377574,0.0071531394970491,0.00715207574916465
2022-09-21 18:30:00,2030.77083333333,-18.7462783172542,-0.240982372600029,-0.240983438218226
2022-09-21 19:30:00,2030.8125,-17.8391896076208,-0.0959415430997873,-0.0959426087758544
2022-09-21 20:30:00,2030.85416666667,-18.3042955798742,-0.169492036524495,-0.169493102258004
2022-09-21 21:00:00,2030.875,-17.9510292601064,-0.112945747828345,-0.112946813590405
2022-09-21 21:30:00,2030.89583333333,-17.8878467469159,-0.10260994929976,-0.102611015090261
2022-09-21 22:00:00,2030.91666666667,-17.7830018526119,-0.0856372362043478,-0.0856383020231867
2022-09-21 22:30:00,2030.9375,-17.8939245119497,-0.103036381146039,-0.1030374469931
2022-09-21 23:00:00,2030.95833333333,-17.8849069055851,-0.101328888637027,-0.101329954512206
2022-09-21 23:30:00,2030.97916666667,-17.6741044960821,-0.0674768654113271,-0.0674779313145152
2022-09-22,2031,-17.932865738806,-0.108426600197335,-0.108427666128412
2022-09-22 00:30:00,2031.02083333333,-17.8797986716981,-0.0997017950814798,-0.0997028610403463
2022-09-22 01:00:00,2031.04166666667,-17.7406835518617,-0.0772694064003759,-0.0772704723869229
2022-09-22 01:30:00,2031.0625,-17.7451268455224,-0.0777059083382317,-0.0777069743523389
2022-09-22 02:00:00,2031.08333333333,-17.8084346938433,-0.0875195086937677,-0.0875205747353369
2022-09-22 02:30:00,2031.10416666667,-17.9532578981132,-0.110318496333568,-0.11031956240249
2022-09-22 03:00:00,2031.125,-17.8817586334218,-0.0986570929457396,-0.0986581590418991
2022-09-22 03:30:00,2031.14583333333,-17.7629701742537,-0.0794624199836735,-0.0794634861069616
2022-09-22 04:00:00,2031.16666666667,-17.5124067348881,-0.039275831442228,-0.0392768975925409
2022-09-22 04:30:00,2031.1875,-17.2624905886792,0.000807709867771012,0.000806643690547726
2022-09-22 05:00:00,2031.20833333333,-17.1897320777188,0.0126699802798744,0.0126689140758446
2022-09-22 05:30:00,2031.22916666667,-16.9880652891791,0.0450674983912291,0.0450664321605072
2022-09-22 06:00:00,2031.25,-16.7465038107547,0.0838203360369376,0.0838192697796329
2022-09-22 06:30:00,2031.27083333333,-16.538924508805,0.117159855577841,0.117158789294057
2022-09-22 07:00:00,2031.29166666667,-16.4770318400531,0.127291457197756,0.127290390887602
2022-09-22 07:30:00,2031.3125,-16.3370578682836,0.149861533008148,0.149860466671743
2022-09-22 08:00:00,2031.33333333333,-16.163677204291,0.177753385549611,0.177752319187054
2022-09-22 08:30:00,2031.35416666667,-16.0304214415094,0.199253379406673,0.199252313018072
2022-09-22 09:00:00,2031.375,-16.0719681543767,0.19290728069413,0.1929062142796
2022-09-22 09:30:00,2031.39583333333,-16.0858862005597,0.190962515010606,0.190961448570256
2022-09-22 10:00:00,2031.41666666667,-16.0566567065298,0.195891249964318,0.19589018349825
2022-09-22 10:30:00,2031.4375,-15.4880880691824,0.286737162479432,0.286736095987762
2022-09-22 11:00:00,2031.45833333333,-15.461623332626,0.291225602782097,0.291224536264928
2022-09-22 11:30:00,2031.47916666667,-15.4813917867537,0.288349129312761,0.288348062770206
2022-09-22 12:00:00,2031.5,-15.4347686567164,0.296048949152887,0.296047882585057
2022-09-22 12:30:00,2031.52083333333,-16.956276709434,0.0539444174471719,0.053943350854168
2022-09-22 13:00:00,2031.54166666667,-17.1715835148541,0.0199187443013543,0.019917677683286
2022-09-22 13:30:00,2031.5625,-16.8231734979478,0.0756936301939641,0.0756925635509506
2022-09-22 14:00:00,2031.58333333333,-16.4144851044776,0.141070970916812,0.141069904248951
2022-09-22 14:30:00,2031.60416666667,-16.2779245572327,0.163098217603062,0.163097150910462
2022-09-22 15:00:00,2031.625,-16.2996100615385,0.159916821490612,0.159915754773387
2022-09-22 15:30:00,2031.64583333333,-16.598858186194,0.11251956786975,0.112518501128009
2022-09-22 16:00:00,2031.66666666667,-18.4156448684112,-0.176622596194418,-0.176623662960573
2022-09-22 16:30:00,2031.6875,-18.4780565691824,-0.186291505823429,-0.186292572613883
2022-09-22 17:00:00,2031.70833333333,-18.4115544039788,-0.175424278321319,-0.17542534513597
2022-09-22 17:30:00,2031.72916666667,-17.7931548647388,-0.0766393386196502,-0.076640405458384
2022-09-22 18:00:00,2031.75,-17.6248597609346,-0.0495562910453106,-0.049557357908019
2022-09-22 22:00:00,2031.91666666667,-17.7495111266667,-0.067222829549849,-0.0672238966004797
2022-09-22 22:30:00,2031.9375,-18.5238794163265,-0.190306140981256,-0.190307208054888
2022-09-22 23:00:00,2031.95833333333,-18.586345087384,-0.199982790798041,-0.199983857894571
2022-09-22 23:30:00,2031.97916666667,-18.8679861373702,-0.244574169401776,-0.244575236521091
2022-09-23,2032,-18.8540053296296,-0.242072709148051,-0.242073776290043
2022-09-23 00:30:00,2032.02083333333,-19.4793951703154,-0.341423384459311,-0.341424451623878
2022-09-23 01:00:00,2032.04166666667,-20.2029851406308,-0.456417344999236,-0.45641841218627
2022-09-23 01:30:00,2032.0625,-20.7885294128028,-0.549420461614688,-0.54942152882407
2022-09-23 02:00:00,2032.08333333333,-20.630916352988,-0.524038018649316,-0.524039085880949
2022-09-23 02:30:00,2032.10416666667,-21.033655572037,-0.587920028650766,-0.587921095904543
2022-09-23 03:00:00,2032.125,-21.3788407581481,-0.642633574620878,-0.642634641896685
2022-09-23 03:30:00,2032.14583333333,-21.5305743688581,-0.666530080966352,-0.666531148264081
2022-09-23 04:00:00,2032.16666666667,-21.6492430314741,-0.685159252066636,-0.685160319386185
2022-09-23 04:30:00,2032.1875,-21.6757499853704,-0.689106931758108,-0.689107999099365
2022-09-23 05:00:00,2032.20833333333,-21.806810771243,-0.709710046284158,-0.709711113647014
2022-09-23 05:30:00,2032.22916666667,-22.326920415917,-0.792288856756863,-0.792289924141217
2022-09-23 06:00:00,2032.25,-22.1446693159363,-0.76298103344629,-0.762982100852028
2022-09-23 06:30:00,2032.27083333333,-21.94799627,-0.731375718629928,-0.731376786056948
2022-09-23 07:00:00,2032.29166666667,-22.0943815042593,-0.75441976782865,-0.754420835276845
2022-09-23 07:30:00,2032.3125,-22.0053599200692,-0.739963277485407,-0.739964344954659
2022-09-23 08:00:00,2032.33333333333,-21.9534103262948,-0.731412316604339,-0.731413384094551
2022-09-23 08:30:00,2032.35416666667,-22.1610389467532,-0.764212285680439,-0.764213353191503
2022-09-23 09:00:00,2032.375,-21.9368166711111,-0.728218033369266,-0.72821910090107
2022-09-23 09:30:00,2032.39583333333,-21.8739480899654,-0.717927474899448,-0.717928542451884
2022-09-23 10:00:00,2032.41666666667,-21.9499003788845,-0.729751115272067,-0.729752182845034
2022-09-23 10:30:00,2032.4375,-21.6125981788889,-0.675742955317273,-0.675744022910658
2022-09-23 11:00:00,2032.45833333333,-21.6839166794444,-0.686828300074358,-0.686829367688053
2022-09-23 11:30:00,2032.47916666667,-21.5826331802768,-0.670417958076044,-0.670419025709948
2022-09-23 12:00:00,2032.5,-21.4732509860558,-0.65271742334775,-0.652718491001751
2022-09-23 12:30:00,2032.52083333333,-21.7238033571429,-0.692354657301455,-0.69235572497545
2022-09-23 13:00:00,2032.54166666667,-21.7862078113173,-0.70201972888822,-0.702020796582102
2022-09-23 13:30:00,2032.5625,-21.9509758069204,-0.727991321060366,-0.727992388774018
2022-09-23 14:00:00,2032.58333333333,-21.7569402155378,-0.696805180741099,-0.696806248474424
2022-09-23 14:30:00,2032.60416666667,-21.5847981292593,-0.669106626786492,-0.669107694539383
2022-09-23 15:00:00,2032.625,-21.524598145,-0.659240465070455,-0.659241532842795
2022-09-23 15:30:00,2032.64583333333,-21.6874548520833,-0.684907329111404,-0.684908396903097
2022-09-23 16:00:00,2032.66666666667,-21.4473452583333,-0.646381308927357,-0.646382376738295
2022-09-23 16:30:00,2032.6875,-21.7818481525926,-0.699391404206291,-0.699392472036362
2022-09-23 17:00:00,2032.70833333333,-21.551975927037,-0.662496075122627,-0.662497142971725
2022-09-23 17:30:00,2032.72916666667,-21.6198333663194,-0.673029229977649,-0.673030297845672
2022-09-23 18:00:00,2032.75,-21.440418298008,-0.644171633273266,-0.644172701160102
2022-09-23 18:30:00,2032.77083333333,-21.3774666972222,-0.633866685811594,-0.633867753717141
2022-09-23 19:30:00,2032.8125,-22.8525584109462,-0.868296232046298,-0.868297299988937
2022-09-23 23:30:00,2032.97916666667,-20.7241002289425,-0.527014283792943,-0.52701535187971
2022-09-24,2033,-20.2809091009276,-0.456136202298465,-0.456137270402765
2022-09-24 00:30:00,2033.02083333333,-20.2691762638219,-0.453989670936974,-0.453990739058707
2022-09-24 01:30:00,2033.0625,-20.3465566294991,-0.465761262773546,-0.465762330929816
2022-09-24 02:00:00,2033.08333333333,-20.051111296846,-0.418418936537586,-0.41842000471097
2022-09-24 02:30:00,2033.10416666667,-19.7878571651206,-0.376204627821638,-0.37620569601203
2022-09-24 03:30:00,2033.14583333333,-20.08282373859,-0.422637347713794,-0.422638415937873
2022-09-24 04:00:00,2033.16666666667,-20.2844842525046,-0.454484083119771,-0.45448515136054
2022-09-24 04:30:00,2033.1875,-20.2663110885185,-0.451311092890847,-0.451312161148194
2022-09-24 05:30:00,2033.22916666667,-20.434462992037,-0.477541636040301,-0.477542704330492
2022-09-24 06:00:00,2033.25,-20.3225555903704,-0.459436524030455,-0.459437592336905
2022-09-24 06:30:00,2033.27083333333,-20.2299369450835,-0.444404061188903,-0.444405129511513
2022-09-24 07:30:00,2033.3125,-19.8431450172862,-0.382231147384367,-0.382232215738968
2022-09-24 08:00:00,2033.33333333333,-20.9485269029685,-0.558040834925205,-0.558041903295648
2022-09-24 08:30:00,2033.35416666667,-20.9324944407407,-0.555208352103146,-0.555209420489325
2022-09-24 09:30:00,2033.39583333333,-21.5079092546296,-0.646315152939828,-0.646316221357152
2022-09-24 10:00:00,2033.41666666667,-21.5032092648148,-0.645287751192818,-0.64528881962556
2022-09-24 10:30:00,2033.4375,-21.3170834777365,-0.615359027071213,-0.615360095519263
2022-09-24 11:30:00,2033.47916666667,-21.0964870474074,-0.579660162092797,-0.579661230571151
2022-09-24 12:00:00,2033.5,-20.9951574314815,-0.563239339182131,-0.563240407675476
2022-09-24 12:30:00,2033.52083333333,-22.3448129638889,-0.777961424214268,-0.777962492722504
2022-09-24 13:30:00,2033.5625,-22.669114812037,-0.82906473976016,-0.82906580829785
2022-09-24 14:00:00,2033.58333333333,-22.6274574209259,-0.822149492805475,-0.82215056135774
2022-09-24 14:30:00,2033.60416666667,-21.9930611172222,-0.720810450560775,-0.720811519127509
2022-09-24 15:30:00,2033.64583333333,-22.1505833816667,-0.745345155756459,-0.745346224351804
2022-09-24 16:00:00,2033.66666666667,-20.9633042673469,-0.55593129809218,-0.555932366701678
2022-09-24 16:30:00,2033.6875,-21.6038218922078,-0.65768670435323,-0.65768777297677
2022-09-24 17:30:00,2033.72916666667,-21.3490666627778,-0.616544807818181,-0.616545876469495
2022-09-24 18:00:00,2033.75,-21.7657111174074,-0.682636869917091,-0.682637938582131
2022-09-24 19:00:00,2033.79166666667,-21.2512226476809,-0.600118906593254,-0.600119975285438
2022-09-24 20:00:00,2033.83333333333,-19.9676400415584,-0.39508344742868,-0.395084516147586
2022-09-24 20:30:00,2033.85416666667,-19.5205640411874,-0.323583910934732,-0.323584979666846
2022-09-24 21:00:00,2033.875,-19.5035658751391,-0.320596018317792,-0.320597087062996
2022-09-25 01:00:00,2034.04166666667,-17.9711149912801,-0.0742326718683618,-0.0742337407145826
2022-09-25 01:30:00,2034.0625,-18.2211936761639,-0.113789751851377,-0.113790820709751
2022-09-25 02:30:00,2034.10416666667,-18.35369757718,-0.134336265220695,-0.134337334103072
2022-09-25 03:00:00,2034.125,-18.420046393321,-0.144624859594466,-0.144625928488677
2022-09-25 03:30:00,2034.14583333333,-18.2087392802607,-0.110682604027793,-0.110683672933743
2022-09-25 04:30:00,2034.1875,-18.4524527014842,-0.148944377419254,-0.148945446348366
2022-09-25 05:00:00,2034.20833333333,-18.0272323018587,-0.0809253966467011,-0.0809264655872344
2022-09-25 05:30:00,2034.22916666667,-18.3795630051852,-0.13677080036364,-0.136771869315495
2022-09-25 06:30:00,2034.27083333333,-18.3776832618519,-0.135908912271047,-0.135909981245223
2022-09-25 07:00:00,2034.29166666667,-18.2297328435993,-0.112058990454711,-0.112060059439897
2022-09-25 07:30:00,2034.3125,-17.8461944485185,-0.0506796738615006,-0.0506807428575862
2022-09-25 08:30:00,2034.35416666667,-17.7231296112963,-0.0305124199989795,-0.0305134890165626
2022-09-25 09:00:00,2034.375,-17.4686426348148,0.0103090983156356,0.0103080292874712
2022-09-25 09:30:00,2034.39583333333,-17.1422518644444,0.062585003949937,0.062583934911284
2022-09-25 10:30:00,2034.4375,-17.854046358256,-0.0502409376632753,-0.0502420067225876
2022-09-25 11:00:00,2034.45833333333,-17.7961685033333,-0.040739146849476,-0.040740215918959
2022-09-25 11:30:00,2034.47916666667,-17.8313395051948,-0.0460600439897787,-0.0460611130693341
2022-09-25 12:30:00,2034.52083333333,-17.5782240788889,-0.00517465438844295,-0.00517572348782019
2022-09-25 13:00:00,2034.54166666667,-17.7448942447124,-0.031443278259297,-0.0314443473684349
2022-09-25 13:30:00,2034.5625,-17.935159554731,-0.0614705641809798,-0.0614716332997688
2022-09-25 14:30:00,2034.60416666667,-18.6435566033395,-0.173754308695037,-0.173755377832828
2022-09-25 15:00:00,2034.625,-18.2405796453704,-0.109277493762354,-0.109278562909479
2022-09-25 15:30:00,2034.64583333333,-17.8402259298148,-0.0452185020845156,-0.045219571240883
2022-09-25 16:30:00,2034.6875,-17.7746185583333,-0.0342023002754392,-0.034203369449968
2022-09-25 17:00:00,2034.70833333333,-16.3096777814815,0.199446354225408,0.199445285041948
2022-09-25 17:30:00,2034.72916666667,-16.4613333368519,0.175570118755114,0.175569049562827
2022-09-25 19:00:00,2034.79166666667,-14.7322653064935,0.451860065816155,0.451858996598018
2022-09-25 19:30:00,2034.8125,-13.5624330842007,0.638498021282438,0.638496952055893
2022-09-25 20:00:00,2034.83333333333,-13.482350655102,0.651538116754564,0.651537047519709
2022-09-25 21:00:00,2034.875,-13.5266308142857,0.645050252616884,0.645049183365731
2022-09-25 21:30:00,2034.89583333333,-13.3507792209647,0.673346626600665,0.673345557341512
2022-09-25 22:00:00,2034.91666666667,-13.4863981427778,0.652025585608165,0.652024516341114
2022-09-25 23:00:00,2034.95833333333,-13.6099037055556,0.632917543383925,0.632916474101402
2022-09-26 02:30:00,2035.10416666667,-13.5013339508349,0.652197376160074,0.652196306826626
2022-09-26 03:00:00,2035.125,-13.6471425316425,0.629253719862842,0.629252650522534
2022-09-26 03:30:00,2035.14583333333,-13.5498560216,0.645035345522379,0.645034276175308
2022-09-26 04:00:00,2035.16666666667,-13.7928144680891,0.606615766692478,0.606614697338747
2022-09-26 04:30:00,2035.1875,-14.0234582512059,0.570157982730785,0.570156913370507
2022-09-26 05:00:00,2035.20833333333,-14.5910773014493,0.480019858065617,0.480018788698884
2022-09-26 05:30:00,2035.22916666667,-14.3494640376,0.518793079442894,0.518792010069808
2022-09-26 06:00:00,2035.25,-14.5731447144712,0.483444703642224,0.483443634262895
2022-09-26 06:30:00,2035.27083333333,-15.1801500037037,0.387032503211168,0.387031433825698
2022-09-26 07:00:00,2035.29166666667,-15.051371994686,0.407831168002043,0.407830098610528
2022-09-26 07:30:00,2035.3125,-15.2606800328,0.374772543858734,0.374771474461283
2022-09-26 08:00:00,2035.33333333333,-14.9910203988889,0.418013872083186,0.418012802679896
2022-09-26 08:30:00,2035.35416666667,-15.243033390167,0.378152438222898,0.378151368813877
2022-09-26 09:00:00,2035.375,-15.3032101690821,0.368850709945571,0.368849640530921
2022-09-26 09:30:00,2035.39583333333,-15.7665952357143,0.29531767312593,0.295316603705749
2022-09-26 10:00:00,2035.41666666667,-15.5599055487037,0.328528083197451,0.32852701377184
2022-09-26 10:30:00,2035.4375,-16.0294092511111,0.254020462874192,0.254019393443266
2022-09-26 11:00:00,2035.45833333333,-15.609642510628,0.321174319306191,0.32117324987004
2022-09-26 11:30:00,2035.47916666667,-15.9658332690476,0.264717651336977,0.264716581895704
2022-09-26 12:00:00,2035.5,-15.6410185187037,0.31674570721486,0.316744637768572
2022-09-26 12:30:00,2035.52083333333,-16.0069111018519,0.25874365088921,0.25874258143801
2022-09-26 13:00:00,2035.54166666667,-16.2219806833333,0.224767866082305,0.22476679662629
2022-09-26 13:30:00,2035.5625,-15.9826508611111,0.26317829054141,0.263177221080687
2022-09-26 14:00:00,2035.58333333333,-16.9468963340741,0.109858369887963,0.109857300422628
2022-09-26 14:30:00,2035.60416666667,-17.0233425794444,0.0979655600859522,0.0979644906161137
2022-09-26 15:00:00,2035.625,-17.8716787062802,-0.0368898000084943,-0.0368908694827345
2022-09-26 15:30:00,2035.64583333333,-18.253801481746,-0.0974769806773693,-0.0974780501559145
2022-09-26 16:00:00,2035.66666666667,-17.8201351690741,-0.0281083172789686,-0.0281093867617172
2022-09-26 16:30:00,2035.6875,-18.6882259185185,-0.166110424809952,-0.16611149429679
2022-09-26 17:00:00,2035.70833333333,-17.9187391671498,-0.0432452069475406,-0.0432462764383786
2022-09-26 17:30:00,2035.72916666667,-18.0005634849206,-0.0559943915121068,-0.0559954610068423
2022-09-26 18:30:00,2035.77083333333,-17.5147792009276,0.0219625451196814,0.0219614756174675
2022-09-26 19:00:00,2035.79166666667,-17.1049944278293,0.0875272175536815,0.0875261480478757
2022-09-26 19:30:00,2035.8125,-17.5633593156028,0.0147950877181838,0.0147940182088932
2022-09-26 20:00:00,2035.83333333333,-17.2756695617391,0.0609100544965651,0.0609089849838857
2022-09-26 20:30:00,2035.85416666667,-17.5763172573284,0.0133025041685756,0.0133014346526148
2022-09-26 21:00:00,2035.875,-19.1662151753247,-0.239683468914986,-0.239684538434126
2022-09-26 21:30:00,2035.89583333333,-18.4091226783019,-0.118792132746434,-0.118793202268658
2022-09-26 22:00:00,2035.91666666667,-18.3309218208696,-0.106048660994215,-0.106049730519422
2022-09-26 22:30:00,2035.9375,-17.697916519295,-0.0049243859420614,-0.00492545547013756
2022-09-26 23:00:00,2035.95833333333,-17.5335696116883,0.0215423308833382,0.0215412613524827
2022-09-26 23:30:00,2035.97916666667,-17.6681356997619,0.000392052694723422,0.000390983161189962
2022-09-27,2036,-17.3997778018519,0.0434279121757076,0.0434268426396033
2022-09-27 00:30:00,2036.02083333333,-17.5413813121495,0.0211566850971079,0.0211556155585342
2022-09-27 04:00:00,2036.16666666667,-17.8280314775926,-0.0225010565831139,-0.0225021261361612
2022-09-27 04:30:00,2036.1875,-17.6908632931624,-0.000363284948711184,-0.000364354503412545
2022-09-27 05:00:00,2036.20833333333,-18.1052754314754,-0.0660925944925386,-0.0660936640488043
2022-09-27 05:30:00,2036.22916666667,-18.2274452990724,-0.0852674431072578,-0.085268512664987
2022-09-27 06:00:00,2036.25,-18.1632188871985,-0.0747491728739356,-0.0747502424330216
2022-09-27 06:30:00,2036.27083333333,-17.8943119888889,-0.0316250965936737,-0.0316261661540155
2022-09-27 07:00:00,2036.29166666667,-18.1093212537705,-0.0655891526684095,-0.065590222229912
2022-09-27 07:30:00,2036.3125,-17.851046341744,-0.0241586429300874,-0.0241597124926439
2022-09-27 08:00:00,2036.33333333333,-18.3078518357407,-0.0966408946963465,-0.0966419642598564
2022-09-27 08:30:00,2036.35416666667,-18.0344315846154,-0.0527976052929633,-0.0527986748573314
2022-09-27 09:00:00,2036.375,-18.4036960104575,-0.111334386094375,-0.111335455659494
2022-09-27 09:30:00,2036.39583333333,-18.237792587963,-0.0846184881485084,-0.0846195577142847
2022-09-27 10:00:00,2036.41666666667,-17.6986697840445,0.00155158199830907,0.00155051243197657
2022-09-27 10:30:00,2036.4375,-17.8733004055794,-0.0259797205905726,-0.0259807901573491
2022-09-27 11:00:00,2036.45833333333,-17.5351340294118,0.0281779629648199,0.0281768933976888
2022-09-27 11:30:00,2036.47916666667,-17.8432583579926,-0.0206188666710745,-0.0206199362384598
2022-09-27 12:00:00,2036.5,-17.610407432963,0.0167621060661918,0.0167610364986642
2022-09-27 12:30:00,2036.52083333333,-17.1676581282051,0.0875800985387925,0.0875790289712116
2022-09-27 13:00:00,2036.54166666667,-17.7406796849673,-0.00341487529928497,-0.00341594486681868
2022-09-27 13:30:00,2036.5625,-17.6691925851852,0.00826089819879511,0.00825982863141494
2022-09-27 14:00:00,2036.58333333333,-17.4033962825926,0.0508903242983473,0.050889254731221
2022-09-27 14:30:00,2036.60416666667,-18.3244615188034,-0.0955480831781725,-0.0955491527449504
2022-09-27 15:00:00,2036.625,-17.6817646947712,0.00712198068977415,0.0071209111234507
2022-09-27 15:30:00,2036.64583333333,-18.7647407525926,-0.165108821081318,-0.165109890647092
2022-09-27 16:00:00,2036.66666666667,-19.6181092487037,-0.300762916601135,-0.30076398616626
2022-09-27 16:30:00,2036.6875,-19.3012649508547,-0.250001220241248,-0.250002289805613
2022-09-27 17:00:00,2036.70833333333,-18.4279378627451,-0.110591360206866,-0.110592429770381
2022-09-27 18:00:00,2036.75,-19.5356957142857,-0.286481343556311,-0.286482413117814
2022-09-27 18:30:00,2036.77083333333,-20.3266567987013,-0.412193606398066,-0.41219467595842
2022-09-27 19:00:00,2036.79166666667,-20.1263373666667,-0.379994117219273,-0.379995186778376
2022-09-27 19:30:00,2036.8125,-19.7360895613793,-0.317538845124452,-0.3175399146822
2022-09-27 20:00:00,2036.83333333333,-19.4824267450835,-0.276841602086515,-0.276842671642807
2022-09-27 20:30:00,2036.85416666667,-18.5648070087198,-0.130375489952124,-0.130376559506867
2022-09-27 21:00:00,2036.875,-19.0064538248996,-0.200441453765755,-0.200442523318843
2022-09-27 21:30:00,2036.89583333333,-18.679158632069,-0.14801434886479,-0.148015418416128
2022-09-27 22:00:00,2036.91666666667,-18.5780415649891,-0.13161752387872,-0.131618593428209
2022-09-27 22:30:00,2036.9375,-18.8799461721707,-0.179422282497013,-0.179423352044541
2022-09-27 23:00:00,2036.95833333333,-18.4979796342857,-0.118285821930678,-0.118286891476158
2022-09-27 23:30:00,2036.97916666667,-17.8725863093103,-0.0183712431892644,-0.0183723127325954
2022-09-28,2037,-18.8233028175701,-0.16953203019103,-0.169533099732102
2022-09-28 00:30:00,2037.02083333333,-19.4069531777778,-0.262218860536431,-0.262219930075154
2022-09-28 01:00:00,2037.04166666667,-20.1909143073469,-0.386815282660962,-0.386816352197239
2022-09-28 01:30:00,2037.0625,-19.5865275468966,-0.290246836887411,-0.290247906421135
2022-09-28 02:00:00,2037.08333333333,-19.6170504859813,-0.294819903113552,-0.294820972644624
2022-09-28 05:30:00,2037.22916666667,-19.3588015007421,-0.251654248042698,-0.251655317552446
2022-09-28 06:30:00,2037.27083333333,-19.3099480558442,-0.243292376340531,-0.243293445843286
2022-09-28 07:00:00,2037.29166666667,-19.1961840143123,-0.224879856980152,-0.224880926479268
2022-09-28 07:30:00,2037.3125,-19.8615510269017,-0.330583414875658,-0.33058448437103
2022-09-28 08:30:00,2037.35416666667,-19.7671431693309,-0.314964241142298,-0.314965310629884
2022-09-28 09:00:00,2037.375,-20.1931614142857,-0.382539200207972,-0.382540269691523
2022-09-28 09:30:00,2037.39583333333,-20.7006777775926,-0.463096811473007,-0.463097880952424
2022-09-28 10:30:00,2037.4375,-20.8792925646296,-0.490969889781569,-0.490970959252409
2022-09-28 11:00:00,2037.45833333333,-20.5161111437037,-0.432824553149021,-0.43282562261543
2022-09-28 11:30:00,2037.47916666667,-20.6238815168519,-0.449702117715452,-0.449703187177325
2022-09-28 12:30:00,2037.52083333333,-19.8686574224074,-0.32881354571195,-0.328814615164462
2022-09-28 13:00:00,2037.54166666667,-19.9803481581481,-0.346315458629409,-0.346316528077089
2022-09-28 13:30:00,2037.5625,-21.8438907088889,-0.642888561575236,-0.642889631017991
2022-09-28 14:30:00,2037.60416666667,-21.895918497037,-0.650595343372466,-0.650596412805065
2022-09-28 15:00:00,2037.625,-22.8251351546296,-0.798329496094312,-0.798330565521691
2022-09-28 15:30:00,2037.64583333333,-22.3551148066667,-0.723164138072134,-0.723165207494194
2022-09-28 16:30:00,2037.6875,-22.7175733115028,-0.780322308098948,-0.780323377510064
2022-09-28 17:30:00,2037.72916666667,-22.3852634716141,-0.726803161380143,-0.726804230779926
2022-09-28 18:00:00,2037.75,-22.0319239176252,-0.670224858543389,-0.670225927937357
2022-09-28 19:00:00,2037.79166666667,-21.7568237254174,-0.625818915730835,-0.625819985112881
2022-09-28 19:30:00,2037.8125,-21.1037644426716,-0.521494879161563,-0.521495948537503
2022-09-28 20:00:00,2037.83333333333,-21.1620816502783,-0.530493570352422,-0.530494639722153
2022-09-28 21:00:00,2037.875,-20.8566827410019,-0.48126057616776,-0.481261645524784
2022-09-28 21:30:00,2037.89583333333,-20.4766382270872,-0.420427765551357,-0.420428834901878
2022-09-28 22:00:00,2037.91666666667,-20.7814018716667,-0.468685328593318,-0.468686397937237
2022-09-28 23:00:00,2037.95833333333,-21.2892870692593,-0.549008630919409,-0.549009700249843
2022-09-28 23:30:00,2037.97916666667,-21.1262814772222,-0.522750054432726,-0.522751123756265
2022-09-29,2038,-19.8492388446296,-0.319024526068452,-0.319025595384998
2022-09-29 01:00:00,2038.04166666667,-20.7716889125926,-0.46538786679711,-0.465388936099381
2022-09-29 01:30:00,2038.0625,-20.6192783128015,-0.440816859520624,-0.440817928815615
2022-09-29 02:00:00,2038.08333333333,-20.8922110659259,-0.484003297256184,-0.484004366543791
2022-09-29 03:00:00,2038.125,-20.8016777725926,-0.468997224136131,-0.468998293408682
2022-09-29 03:30:00,2038.14583333333,-20.8308833262963,-0.47335757986908,-0.473358649133954
2022-09-29 07:00:00,2038.29166666667,-20.8957030467249,-0.481637103280647,-0.481638172489071
2022-09-29 07:30:00,2038.3125,-21.0270226330097,-0.502263859118234,-0.502264928318208
2022-09-29 08:00:00,2038.33333333333,-21.0908404727273,-0.512137483876545,-0.512138553067965
2022-09-29 08:30:00,2038.35416666667,-21.3438422996289,-0.552148198410379,-0.552149267593148
2022-09-29 09:00:00,2038.375,-21.2089691757709,-0.530370101569507,-0.530371170743534
2022-09-29 09:30:00,2038.39583333333,-21.0818032067742,-0.509819705504642,-0.509820774669824
2022-09-29 10:00:00,2038.41666666667,-21.0859368438662,-0.510185376054468,-0.510186445210708
2022-09-29 10:30:00,2038.4375,-21.062992609462,-0.506237467898838,-0.506238537046045
2022-09-29 11:00:00,2038.45833333333,-21.3380655174672,-0.549763849107297,-0.549764918245373
2022-09-29 11:30:00,2038.47916666667,-21.0916999258065,-0.510224650341662,-0.510225719470506
2022-09-29 12:00:00,2038.5,-21.2426122319109,-0.533972050276372,-0.533973119395885
2022-09-29 12:30:00,2038.52083333333,-21.43960737,-0.565060424001802,-0.565061493111894
2022-09-29 13:00:00,2038.54166666667,-21.8555414253275,-0.631025869461468,-0.631026938562036
2022-09-29 13:30:00,2038.5625,-21.553996744373,-0.582696385311657,-0.582697454402605
2022-09-29 14:00:00,2038.58333333333,-22.3153729332096,-0.703690901132802,-0.703691970214038
2022-09-29 14:30:00,2038.60416666667,-21.7046147859259,-0.606103382540352,-0.606104451611774
2022-09-29 15:00:00,2038.625,-22.0212533170306,-0.656250763456372,-0.656251832517889
2022-09-29 15:30:00,2038.64583333333,-21.3332218890675,-0.546353447893056,-0.546354516944565
2022-09-29 16:00:00,2038.66666666667,-22.1162444422222,-0.670796028742307,-0.670797097783712
2022-09-29 17:00:00,2038.70833333333,-21.900082108209,-0.635774109722436,-0.635775178743355
2022-09-29 17:30:00,2038.72916666667,-21.8970848919643,-0.635003017794493,-0.635004086805018
2022-09-29 18:00:00,2038.75,-21.9110557721311,-0.636934901888319,-0.636935970888354
2022-09-29 18:30:00,2038.77083333333,-21.7321077858736,-0.608134618873959,-0.608135687863413
2022-09-29 19:00:00,2038.79166666667,-21.4478682588126,-0.56256126437997,-0.562562333358741
2022-09-29 19:30:00,2038.8125,-21.6090000102564,-0.587935819070331,-0.587936888038323
2022-09-29 20:00:00,2038.83333333333,-21.2509276194079,-0.530600729152219,-0.53060179810934
2022-09-29 20:30:00,2038.85416666667,-21.4241319605948,-0.557898348630206,-0.557899417576356
2022-09-29 21:00:00,2038.875,-20.2874481674074,-0.376529798603936,-0.376530867539023
2022-09-29 21:30:00,2038.89583333333,-21.0024017269231,-0.490128348467469,-0.490129417391392
2022-09-29 22:00:00,2038.91666666667,-20.4700000169935,-0.40502225897196,-0.405023327884622
2022-09-29 22:30:00,2038.9375,-19.7355947713755,-0.287736808363876,-0.287737877265187
2022-09-29 23:00:00,2038.95833333333,-19.2141333455556,-0.204373406936355,-0.204374475826219
2022-09-29 23:30:00,2038.97916666667,-20.2414145106838,-0.367725753549483,-0.367726822427792
2022-09-30,2039,-19.7645305857143,-0.291463473005092,-0.291464541871762
2022-09-30 00:30:00,2039.02083333333,-19.2637944314815,-0.211401461921553,-0.211402530776488
2022-09-30 01:00:00,2039.04166666667,-19.2600407307407,-0.210509057494338,-0.210510126337437
2022-09-30 01:30:00,2039.0625,-19.7299530012821,-0.285071927483008,-0.285072996314174
2022-09-30 02:00:00,2039.08333333333,-19.5291927820261,-0.252796137316936,-0.25279720613608
2022-09-30 02:30:00,2039.10416666667,-20.4588237033395,-0.40059241041348,-0.400593479220499
2022-09-30 03:00:00,2039.125,-20.8657481277778,-0.465121111841673,-0.465122180636478
2022-09-30 03:30:00,2039.14583333333,-20.8552777474359,-0.463158469446978,-0.463159538229467
2022-09-30 04:00:00,2039.16666666667,-20.7383953647059,-0.444244265920315,-0.444245334690392
2022-09-30 04:30:00,2039.1875,-20.5256901450835,-0.410065362930163,-0.410066431687739
2022-09-30 05:00:00,2039.20833333333,-20.2761185111111,-0.370013560756248,-0.370014629501228
2022-09-30 09:00:00,2039.375,-20.6348048065056,-0.424791739014794,-0.424792807655531
2022-09-30 09:30:00,2039.39583333333,-20.8143729270872,-0.453101730817647,-0.453102799444922
2022-09-30 10:00:00,2039.41666666667,-21.0931762499072,-0.497219908597303,-0.497220977211021
2022-09-30 11:00:00,2039.45833333333,-21.3157550680891,-0.532085934015789,-0.532087002602121
2022-09-30 11:30:00,2039.47916666667,-20.9407955626394,-0.47205906832902,-0.472060136901503
2022-09-30 12:00:00,2039.5,-20.9715602910946,-0.476664310535918,-0.47666537909447
2022-09-30 13:00:00,2039.54166666667,-20.9043907005556,-0.465372787363724,-0.465373855894122
2022-09-30 13:30:00,2039.5625,-20.0921833535185,-0.33569181826494,-0.335692886781117
2022-09-30 14:00:00,2039.58333333333,-19.6159629287037,-0.259533753625173,-0.259534822127038
2022-09-30 15:00:00,2039.625,-19.1959240735185,-0.192029485619095,-0.192030554092047
2022-09-30 15:30:00,2039.64583333333,-19.7103722451852,-0.273685479516132,-0.273686547974483
2022-09-30 16:30:00,2039.6875,-20.239421930855,-0.357371380986608,-0.357372449415477
2022-09-30 17:30:00,2039.72916666667,-19.5401298152134,-0.245381347224738,-0.245382415623741
2022-09-30 18:00:00,2039.75,-19.6629610424861,-0.26465222140645,-0.264653289790384
2022-09-30 18:30:00,2039.77083333333,-19.0207439797774,-0.162050304271256,-0.162051372640026
2022-09-30 19:30:00,2039.8125,-18.3320445178108,-0.0517472717298882,-0.0517483400680356
2022-09-30 20:00:00,2039.83333333333,-17.8536419324675,0.0247590378991602,0.0247579695764598
2022-09-30 20:30:00,2039.85416666667,-17.2859314833333,0.115492205908673,0.11549113760152
2022-09-30 21:30:00,2039.89583333333,-16.7809832734694,0.196523947543324,0.196522879267543
2022-09-30 22:00:00,2039.91666666667,-15.8020055744444,0.352772437703156,0.352771369443205
2022-09-30 22:30:00,2039.9375,-15.4278462814815,0.412672975272578,0.412671907028546
2022-09-30 23:30:00,2039.97916666667,-15.7425547168831,0.363133241227734,0.363132173015833
2022-10-01,2040,-16.2483222183333,0.282860966530476,0.282859898334776
2022-10-01 00:30:00,2040.02083333333,-16.5836537337037,0.22973931776525,0.229738249585845
2022-10-01 01:30:00,2040.0625,-16.80746666,0.19467971570683,0.19467864756031
2022-10-01 02:00:00,2040.08333333333,-16.8045444346296,0.195442283995174,0.195441215865231
2022-10-01 02:30:00,2040.10416666667,-17.1372240609259,0.142743288889477,0.142742220776211
2022-10-01 03:30:00,2040.14583333333,-17.5038722118519,0.0849303446886783,0.0849292766090415
2022-10-01 04:00:00,2040.16666666667,-17.4363569022305,0.0959828428352946,0.0959817747726163
2022-10-01 04:30:00,2040.1875,-17.1586407603704,0.140520535018872,0.14051946697324
2022-10-01 05:30:00,2040.22916666667,-17.4354648355556,0.0970170402672471,0.0970159722560007
2022-10-01 06:00:00,2040.25,-17.4669666618519,0.092296242671755,0.092295174677836
2022-10-01 06:30:00,2040.27083333333,-17.5439889057407,0.0803240611211604,0.0803229931446622
2022-10-01 10:30:00,2040.4375,-17.66447866141,0.06351192738436,0.0635108595506235
2022-10-01 11:00:00,2040.45833333333,-17.6362133612245,0.0683125849994929,0.0683115171840239
2022-10-01 11:30:00,2040.47916666667,-17.8661266012658,0.0319852673742336,0.031984199577125
2022-10-01 12:00:00,2040.5,-17.6638347371739,0.0645085823734863,0.0645075145948258
2022-10-01 12:30:00,2040.52083333333,-17.3331447306122,0.117485863861926,0.117484796101806
2022-10-01 13:00:00,2040.54166666667,-16.682100171243,0.221495905142601,0.221494837401121
2022-10-01 13:30:00,2040.5625,-16.3970379746835,0.26720474505458,0.267203677331834
2022-10-01 14:00:00,2040.58333333333,-16.1687000328261,0.303877421180881,0.303876353476954
2022-10-01 14:30:00,2040.60416666667,-16.0850351835185,0.317503620764862,0.317502553079855
2022-10-01 15:00:00,2040.625,-16.0582314748148,0.322071850464681,0.322070782798685
2022-10-01 16:00:00,2040.66666666667,-17.1341460764045,0.151274796258103,0.151273728630403
2022-10-01 16:30:00,2040.6875,-17.3418577524444,0.118484708694493,0.118483641086077
2022-10-01 17:00:00,2040.70833333333,-17.2813803285714,0.128417386692996,0.128416319103964
2022-10-01 17:30:00,2040.72916666667,-17.6630092959184,0.0679222508920304,0.067921183322474
2022-10-01 18:00:00,2040.75,-17.149236058427,0.150065376405426,0.150064308855432
2022-10-01 18:30:00,2040.77083333333,-17.451139968,0.102270599678484,0.102269532148145
2022-10-01 19:00:00,2040.79166666667,-17.6346282295539,0.0733395704439703,0.0733385029333853
2022-10-01 19:30:00,2040.8125,-17.4607421042672,0.101338586520618,0.101337519029879
2022-10-01 20:00:00,2040.83333333333,-17.511584205618,0.0935382855654289,0.0935372180946228
2022-10-01 20:30:00,2040.85416666667,-17.5865422531111,0.0818963471830338,0.081895279732259
2022-10-01 21:00:00,2040.875,-17.0387383953618,0.169460875327481,0.16945980789683
2022-10-01 21:30:00,2040.89583333333,-17.2206280220561,0.140784759902263,0.140783692491822
2022-10-01 22:00:00,2040.91666666667,-17.1798824494118,0.147574640741402,0.147573573351269
2022-10-01 22:30:00,2040.9375,-17.4632004612472,0.102741010866541,0.102739943496803
2022-10-01 23:00:00,2040.95833333333,-16.7326486168224,0.219417623452952,0.219416556103707
2022-10-01 23:30:00,2040.97916666667,-16.8191270841122,0.205940773320174,0.205939705991514
2022-10-02,2041,-17.3549059482353,0.120890098654676,0.120889031346687
2022-10-02 00:30:00,2041.02083333333,-17.3599110631111,0.120392111261828,0.120391043974603
2022-10-02 01:00:00,2041.04166666667,-17.479714011215,0.101606796681594,0.101605729415236
2022-10-02 01:30:00,2041.0625,-17.644386935514,0.0756737124721718,0.0756726452267619
2022-10-02 02:00:00,2041.08333333333,-17.5207176247059,0.0956738019732223,0.0956727347488522
2022-10-02 02:30:00,2041.10416666667,-17.2953266671111,0.131878272065604,0.131877204862371
2022-10-02 03:00:00,2041.125,-17.1486972336449,0.155536024608535,0.155534957426532
2022-10-02 03:30:00,2041.14583333333,-17.0496018323364,0.171621621350182,0.171620554189495
2022-10-02 04:00:00,2041.16666666667,-17.0787176694118,0.167283125647437,0.167282058508163
2022-10-02 04:30:00,2041.1875,-17.1721422284444,0.152700253994096,0.152699186876322
2022-10-02 05:00:00,2041.20833333333,-16.9476392478505,0.188763515972813,0.188762448876635
2022-10-02 05:30:00,2041.22916666667,-17.225663573271,0.144773868327496,0.144772801253007
2022-10-02 06:00:00,2041.25,-17.90425886,0.0369730295905331,0.0369719625378183
2022-10-02 06:30:00,2041.27083333333,-17.5679733395556,0.0908434779419515,0.0908424109111027
2022-10-02 07:00:00,2041.29166666667,-17.8390878669159,0.0479547138434973,0.0479536468346181
2022-10-02 07:30:00,2041.3125,-17.7776075003738,0.0580486032025194,0.0580475362156893
2022-10-02 08:00:00,2041.33333333333,-17.5140704647059,0.100330313489483,0.100329246524793
2022-10-02 08:30:00,2041.35416666667,-17.8330288826667,0.0498201308605883,0.0498190639181372
2022-10-02 12:00:00,2041.5,-19.6956011230056,-0.244786737331461,-0.244787804115704
2022-10-02 12:30:00,2041.52083333333,-20.0726645658307,-0.304552700484528,-0.304553767245808
2022-10-02 13:00:00,2041.54166666667,-20.4068636263636,-0.357490288147811,-0.357491354886026
2022-10-02 13:30:00,2041.5625,-21.1428757745631,-0.474436939096352,-0.474438005811422
2022-10-02 14:00:00,2041.58333333333,-21.1056975601113,-0.468213764061068,-0.468214830752902
2022-10-02 14:30:00,2041.60416666667,-23.1673269792453,-0.796332096246107,-0.796333162914608
2022-10-02 15:00:00,2041.625,-22.4917954518182,-0.688418685030071,-0.688419751675148
2022-10-02 16:00:00,2041.66666666667,-22.3403896137291,-0.663697968857437,-0.6636990354554
2022-10-02 16:30:00,2041.6875,-21.7874118753247,-0.575307318227271,-0.575308384801544
2022-10-02 17:00:00,2041.70833333333,-21.1757963486322,-0.47757557756868,-0.477576644119166
2022-10-02 17:30:00,2041.72916666667,-21.2903333614286,-0.495520406955882,-0.49552147348249
2022-10-02 18:00:00,2041.75,-21.1568664239332,-0.473957981461272,-0.473959047963916
2022-10-02 18:30:00,2041.77083333333,-21.0013117027829,-0.448876907911113,-0.448877974389698
2022-10-02 19:00:00,2041.79166666667,-20.36779026231,-0.347655346115386,-0.347656412569821
2022-10-02 19:30:00,2041.8125,-20.7627571504762,-0.410272661784385,-0.410273728214586
2022-10-02 20:00:00,2041.83333333333,-21.0567717729128,-0.456808161161588,-0.456809227567463
2022-10-02 20:30:00,2041.85416666667,-20.6782305223048,-0.396204981165304,-0.396206047546759
2022-10-02 21:00:00,2041.875,-19.3226092292308,-0.179952204028696,-0.179953270385638
2022-10-02 21:30:00,2041.89583333333,-18.7783142828571,-0.0929442456017287,-0.0929453119340743
2022-10-02 22:00:00,2041.91666666667,-18.9315270639252,-0.117049718538914,-0.117050784846567
2022-10-02 22:30:00,2041.9375,-18.7019644979439,-0.0801787571289596,-0.0801798234118353
2022-10-02 23:00:00,2041.95833333333,-19.0151599864615,-0.129769493674649,-0.129770559932651
2022-10-02 23:30:00,2041.97916666667,-19.1741000028571,-0.154787175329429,-0.154788241562468
2022-10-03,2042,-18.3757775366355,-0.0273122115214743,-0.0273132777294648
2022-10-03 00:30:00,2042.02083333333,-18.8413943813084,-0.101183635293927,-0.101184701476773
2022-10-03 01:00:00,2042.04166666667,-19.4838430741538,-0.203224451013422,-0.203225517171034
2022-10-03 01:30:00,2042.0625,-19.1601618828571,-0.151360037986494,-0.151361104118788
2022-10-03 02:00:00,2042.08333333333,-19.8015262035581,-0.253228016898531,-0.253229083005417
2022-10-03 02:30:00,2042.10416666667,-19.9795703990619,-0.281288721055364,-0.281289787136746
2022-10-03 03:00:00,2042.125,-19.8236123455385,-0.256142580581801,-0.256143646637588
2022-10-03 03:30:00,2042.14583333333,-19.5835238209524,-0.217594348307677,-0.217595414337786
2022-10-03 04:00:00,2042.16666666667,-19.3756766411215,-0.184182137692164,-0.184183203696499
2022-10-03 04:30:00,2042.1875,-19.3563719915888,-0.180804839325812,-0.180805905304289
2022-10-03 05:00:00,2042.20833333333,-19.4789907633846,-0.200035995873821,-0.200037061826344
2022-10-03 05:30:00,2042.22916666667,-19.1281237914286,-0.143840487598609,-0.143841553525089
2022-10-03 06:00:00,2042.25,-19.6206224543925,-0.22199368019959,-0.221994746099942
2022-10-03 06:30:00,2042.27083333333,-19.8871570183178,-0.264150582939673,-0.264151648813802
2022-10-03 07:00:00,2042.29166666667,-20.0211446138462,-0.285192611525799,-0.285193677373616
2022-10-03 07:30:00,2042.3125,-19.9328999466667,-0.270832834522848,-0.270833900344269
2022-10-03 08:00:00,2042.33333333333,-19.8176037474766,-0.252163681848149,-0.252164747643084
2022-10-03 08:30:00,2042.35416666667,-19.9929645061682,-0.279796343018645,-0.279797408786999
2022-10-03 09:00:00,2042.375,-19.4238830381538,-0.188838778273762,-0.188839844015446
2022-10-03 09:30:00,2042.39583333333,-20.0033666428571,-0.280848403216712,-0.280849468931642
2022-10-03 10:00:00,2042.41666666667,-19.9615936558052,-0.273891361999356,-0.273892427687436
2022-10-03 13:30:00,2042.5625,-19.6212208061224,-0.217550385559534,-0.217551451057188
2022-10-03 14:30:00,2042.60416666667,-18.7737031597403,-0.0819342716166366,-0.0819353370590821
2022-10-03 15:30:00,2042.64583333333,-18.8094304619666,-0.087019522172766,-0.087020587559647
2022-10-03 16:00:00,2042.66666666667,-18.8178422660482,-0.088056391439331,-0.0880574567982935
2022-10-03 17:00:00,2042.70833333333,-18.718640106679,-0.0716470024356122,-0.071648067738477
2022-10-03 17:30:00,2042.72916666667,-18.3597254302412,-0.014168361081538,-0.0141694263562178
2022-10-03 18:00:00,2042.75,-18.5836660647495,-0.0495389407619012,-0.0495400060083136
2022-10-03 19:00:00,2042.79166666667,-18.2743914703154,0.000335509387211663,0.000334444197612527
2022-10-03 19:30:00,2042.8125,-18.5263265007421,-0.0394944582566552,-0.0394955234177209
2022-10-03 20:00:00,2042.83333333333,-18.5732745725417,-0.0466698105456508,-0.0466708756780945
2022-10-03 21:00:00,2042.875,-18.2335981274766,0.00804804700945527,0.0080469819345329
2022-10-03 21:30:00,2042.89583333333,-17.8264504383178,0.0732106127882596,0.0732095477422245
2022-10-03 22:00:00,2042.91666666667,-17.3193364368224,0.154297929763238,0.154296864746184
2022-10-03 23:00:00,2042.95833333333,-17.5975850263551,0.110580257359992,0.110579192401161
2022-10-03 23:30:00,2042.97916666667,-17.4655906271028,0.131910892010263,0.131909827080678
2022-10-04,2043,-18.5316579697196,-0.0376105189208885,-0.0376115838211441
2022-10-04 01:00:00,2043.04166666667,-18.8242411394393,-0.0836113318073271,-0.083612396648649
2022-10-04 01:30:00,2043.0625,-19.4046972375701,-0.175774386557684,-0.175775451369413
2022-10-04 02:00:00,2043.08333333333,-19.0873364508411,-0.124914524066667,-0.124915588848715
2022-10-04 03:00:00,2043.125,-18.5880711707865,-0.0447729459016978,-0.0447740106241074
2022-10-04 03:30:00,2043.14583333333,-18.8795084343925,-0.0908949104407929,-0.0908959751332576
2022-10-04 04:00:00,2043.16666666667,-18.417618706729,-0.0170113011975617,-0.0170123658599877
2022-10-04 05:00:00,2043.20833333333,-18.5494654237383,-0.0374059492748455,-0.0374070138769365
2022-10-04 05:30:00,2043.22916666667,-18.1295420271028,0.0297925304209385,0.0297914658491496
2022-10-04 06:00:00,2043.25,-18.1387046826168,0.0286373409594014,0.0286362764179961
2022-10-04 07:00:00,2043.29166666667,-18.1064044876405,0.0343917779053458,0.034390713424983
2022-10-04 07:30:00,2043.3125,-18.1256691571963,0.0316274668947557,0.0316264024450393
2022-10-04 08:00:00,2043.33333333333,-18.4330787226592,-0.0170384865215027,-0.0170395509404851
2022-10-04 09:00:00,2043.375,-18.5181495420561,-0.0299809726462553,-0.0299820370034952
2022-10-04 09:30:00,2043.39583333333,-18.2497290142056,0.0130833553359879,0.0130822910097444
2022-10-04 10:00:00,2043.41666666667,-18.2224953343925,0.0177264913388662,0.0177254270437125
2022-10-04 11:00:00,2043.45833333333,-18.2516523302804,0.0136914793999878,0.0136904151672693
2022-10-04 11:30:00,2043.47916666667,-18.2314560973832,0.0172136806498275,0.0172126164484604
2022-10-04 15:00:00,2043.625,-17.1690651085937,0.188589073719288,0.188588009739802
2022-10-04 15:30:00,2043.64583333333,-17.0377161509677,0.209818343248831,0.209817279301386
2022-10-04 16:00:00,2043.66666666667,-16.6863525330241,0.266096150191117,0.266095086275806
2022-10-04 16:30:00,2043.6875,-16.7739276721707,0.252450744217638,0.252449680334549
2022-10-04 17:00:00,2043.70833333333,-16.5505155921875,0.28834586920748,0.288344805356693
2022-10-04 17:30:00,2043.72916666667,-16.2956968451613,0.329244143382422,0.32924307956403
2022-10-04 18:00:00,2043.75,-16.4627272682746,0.302941587937849,0.302940524151931
2022-10-04 18:30:00,2043.77083333333,-16.084516685,0.363496359050007,0.363495295296658
2022-10-04 19:00:00,2043.79166666667,-15.8686380013021,0.398191587119323,0.398190523398629
2022-10-04 19:30:00,2043.8125,-16.0334038737179,0.372249909911282,0.372248846223322
2022-10-04 20:00:00,2043.83333333333,-15.4045925875926,0.472725685644552,0.47272462198942
2022-10-04 20:30:00,2043.85416666667,-15.2124999697026,0.503631909889994,0.503630846267776
2022-10-04 21:00:00,2043.875,-15.1015130166667,0.52161798817238,0.521616924583157
2022-10-04 21:30:00,2043.89583333333,-15.2507628192308,0.49814820968747,0.498147146131327
2022-10-04 22:00:00,2043.91666666667,-14.6252444614815,0.598099597128366,0.598098533605396
2022-10-04 22:30:00,2043.9375,-13.9114240824074,0.712117603957742,0.712116540468032
2022-10-04 23:00:00,2043.95833333333,-14.5633046854167,0.608578512645086,0.608577449188714
2022-10-04 23:30:00,2043.97916666667,-14.3591281801282,0.641409974644619,0.641408911221679
2022-10-05,2044,-14.4231018403704,0.631524967823803,0.631523904434376
2022-10-05 00:30:00,2044.02083333333,-14.0985259205556,0.683536230901302,0.683535167545478
2022-10-05 01:00:00,2044.04166666667,-14.1943255278646,0.668581416196204,0.66858035287407
2022-10-05 01:30:00,2044.0625,-13.8404231115385,0.725264499273191,0.725263435984828
2022-10-05 02:00:00,2044.08333333333,-13.8905037061111,0.717592844038014,0.717591780783512
2022-10-05 02:30:00,2044.10416666667,-14.3981981561111,0.637023018592792,0.637021955372239
2022-10-05 03:00:00,2044.125,-14.3788046648438,0.640418722791662,0.640417659605137
2022-10-05 03:30:00,2044.14583333333,-14.272993574359,0.657580856198437,0.657579793046024
2022-10-05 04:00:00,2044.16666666667,-14.3498648038889,0.645641609338102,0.645640546219895
2022-10-05 04:30:00,2044.1875,-14.3352722440741,0.648272653300427,0.648271590216511
2022-10-05 05:00:00,2044.20833333333,-14.7317578255208,0.585418699377977,0.585417636328432
2022-10-05 05:30:00,2044.22916666667,-14.5016154025641,0.622387078093516,0.622386015078433
2022-10-05 06:00:00,2044.25,-14.4360259361111,0.633142096947516,0.633141033966982
2022-10-05 06:30:00,2044.27083333333,-14.6276685059259,0.602919912264706,0.602918849318799
2022-10-05 07:00:00,2044.29166666667,-14.5525078091146,0.61519972223891,0.615198659327723
2022-10-05 07:30:00,2044.3125,-14.267615324359,0.66088999949274,0.660888936616352
2022-10-05 08:00:00,2044.33333333333,-14.7474796225926,0.584754018255712,0.584752955414214
2022-10-05 08:30:00,2044.35416666667,-14.4179981437037,0.63754744118741,0.637546378380888
2022-10-05 09:00:00,2044.375,-14.6703342203655,0.597656955211149,0.597655892439681
2022-10-05 09:30:00,2044.39583333333,-14.787471333758,0.579303804124504,0.579302741388177
2022-10-05 10:00:00,2044.41666666667,-14.5647527916357,0.615089945213094,0.615088882511998
2022-10-05 10:30:00,2044.4375,-14.2753098042672,0.661505381458778,0.661504318792999
2022-10-05 11:00:00,2044.45833333333,-15.3532584947781,0.490094389571335,0.490093326940952
2022-10-05 11:30:00,2044.47916666667,-15.5274776821656,0.462648196616346,0.46264713402145
2022-10-05 12:00:00,2044.5,-17.5391609986891,0.142492698044755,0.142491635485432
2022-10-05 12:30:00,2044.52083333333,-17.3969328367537,0.165456880393226,0.165455817869553
2022-10-05 16:30:00,2044.6875,-14.4767196186916,0.633107559076978,0.633106496841602
2022-10-05 17:00:00,2044.70833333333,-14.7004215424615,0.597779204211832,0.597778142012871
2022-10-05 17:30:00,2044.72916666667,-13.8197031723562,0.738385834189442,0.738384772026986
2022-10-05 18:00:00,2044.75,-13.9301354424861,0.72110150164574,0.721100439519874
2022-10-05 18:30:00,2044.77083333333,-14.6271448579439,0.610375053393282,0.610373991304085
2022-10-05 19:00:00,2044.79166666667,-14.41644306,0.644247692775156,0.644246630722718
2022-10-05 19:30:00,2044.8125,-14.5012918228625,0.631038959254818,0.631037897239217
2022-10-05 20:00:00,2044.83333333333,-14.2046103821892,0.678608302402831,0.678607240424158
2022-10-05 20:30:00,2044.85416666667,-14.5606214850467,0.622203299503796,0.622202237562136
2022-10-05 21:00:00,2044.875,-14.3119938748466,0.662117718197079,0.662116656292509
2022-10-05 21:30:00,2044.89583333333,-14.324118527037,0.660494157635357,0.660493095767962
2022-10-05 22:00:00,2044.91666666667,-14.1250185248148,0.692518877906462,0.692517816076338
2022-10-05 22:30:00,2044.9375,-14.0047943873832,0.711978658952361,0.71197759715958
2022-10-05 23:00:00,2044.95833333333,-14.4953036733129,0.634148211581366,0.634147149826013
2022-10-05 23:30:00,2044.97916666667,-14.4842074281481,0.636223926089959,0.636222864372122
2022-10-06,2045,-14.5976870255556,0.618454662136525,0.61845360045629
2022-10-06 00:30:00,2045.02083333333,-14.2985186901869,0.666420551001361,0.666419489358806
2022-10-06 01:00:00,2045.04166666667,-14.7624724018405,0.592820594643431,0.592819533038645
2022-10-06 01:30:00,2045.0625,-14.5493870392593,0.627073488796248,0.627072427229309
2022-10-06 02:00:00,2045.08333333333,-14.0237777609259,0.711111708187062,0.711110646658061
2022-10-06 02:30:00,2045.10416666667,-14.2231728808411,0.679656250925591,0.679655189434611
2022-10-06 03:00:00,2045.125,-13.9195582917178,0.728330641817044,0.728329580364163
2022-10-06 03:30:00,2045.14583333333,-14.3427792382189,0.661219654484611,0.661218593069912
2022-10-06 04:00:00,2045.16666666667,-14.3353851668519,0.662705989188573,0.662704927812152
2022-10-06 04:30:00,2045.1875,-14.2569906621495,0.675502785588237,0.675501724250166
2022-10-06 05:00:00,2045.20833333333,-14.0086840460123,0.715366744648853,0.715365683349215
2022-10-06 05:30:00,2045.22916666667,-14.5751870175926,0.625430995961728,0.625429934700614
2022-10-06 06:00:00,2045.25,-14.4967259096296,0.638238527854082,0.638237466631574
2022-10-06 06:30:00,2045.27083333333,-14.2623878196262,0.675877416146543,0.675876354962719
2022-10-06 07:00:00,2045.29166666667,-14.2452239122699,0.678920343677934,0.678919282532884
2022-10-06 07:30:00,2045.3125,-14.5538500012963,0.630064733662317,0.630063672556117
2022-10-06 08:00:00,2045.33333333333,-14.4549759251852,0.646124232808508,0.646123171741249
2022-10-06 08:30:00,2045.35416666667,-14.7786027831776,0.594879072838899,0.594878011810663
2022-10-06 09:00:00,2045.375,-14.4415582417178,0.648879380497508,0.648878319508373
2022-10-06 09:30:00,2045.39583333333,-14.5027351785185,0.639442763627291,0.63944170267734
2022-10-06 10:00:00,2045.41666666667,-14.3835573824074,0.658736826086134,0.658735765175462
2022-10-06 10:30:00,2045.4375,-14.3778966671362,0.659947577899285,0.659946517027963
2022-10-06 11:00:00,2045.45833333333,-14.3206177116208,0.669381193683621,0.669380132851732
2022-10-06 11:30:00,2045.47916666667,-14.5620944385185,0.631222857138763,0.631221796346397
2022-10-06 12:00:00,2045.5,-14.2631907416667,0.679147549593689,0.679146488840928
2022-10-06 13:00:00,2045.54166666667,-14.1900134008929,0.691423116008433,0.691422055335126
2022-10-06 13:30:00,2045.5625,-14.1496571387302,0.69816114112061,0.69816008048715
2022-10-06 14:00:00,2045.58333333333,-13.6163599194805,0.783425054133961,0.783423993540438
2022-10-06 14:30:00,2045.60416666667,-13.8292523051948,0.749820470976233,0.74981941042273
2022-10-06 18:00:00,2045.75,-13.1433845384615,0.861246126975464,0.861245066704394
2022-10-06 18:30:00,2045.77083333333,-13.1314599934,0.863455369206908,0.863454308976512
2022-10-06 19:00:00,2045.79166666667,-13.2912133461967,0.838316240405388,0.838315180215755
2022-10-06 19:30:00,2045.8125,-13.3875603057514,0.823277836097507,0.823276775948712
2022-10-06 20:00:00,2045.83333333333,-13.5291795230769,0.801027569474177,0.80102650936631
2022-10-06 20:30:00,2045.85416666667,-13.4479238466934,0.814281473347734,0.814280413280876
2022-10-06 21:00:00,2045.875,-13.2035947927509,0.85351312342078,0.853512063395007
2022-10-06 21:30:00,2045.89583333333,-13.0545213207792,0.877570531795504,0.877569471810905
2022-10-06 22:30:00,2045.9375,-12.3385012360902,0.992252960065506,0.992251900163494
2022-10-06 23:00:00,2045.95833333333,-12.5746500221429,0.954944308955378,0.95494324909478
2022-10-07,2046,-13.3241577020408,0.836167359690967,0.836166299913455
2022-10-07 00:30:00,2046.02083333333,-12.191242420202,1.0169517140914,1.01695065435554
2022-10-07 01:00:00,2046.04166666667,-12.7078250225,0.934969917099723,0.934968857405617
2022-10-07 01:30:00,2046.0625,-13.2201446957328,0.853667248016996,0.853666188364714
2022-10-07 02:30:00,2046.10416666667,-13.5347858566108,0.804165248817804,0.804164189249425
2022-10-07 03:00:00,2046.125,-14.0437732377323,0.723393536798846,0.723392477272535
2022-10-07 03:30:00,2046.14583333333,-13.5134861372796,0.808179032476493,0.808177972992339
2022-10-07 04:00:00,2046.16666666667,-14.1030785707143,0.71456695818997,0.714565898748052
2022-10-07 04:30:00,2046.1875,-13.978621506679,0.73470351914287,0.734702459743265
2022-10-07 05:00:00,2046.20833333333,-13.8142059478664,0.761205536852787,0.761204477495576
2022-10-07 05:30:00,2046.22916666667,-14.2284436065163,0.695527723452637,0.695526664137909
2022-10-07 06:00:00,2046.25,-13.8304042524823,0.759246258540698,0.759245199268533
2022-10-07 06:30:00,2046.27083333333,-13.3976129688889,0.828500840706494,0.828499781476967
2022-10-07 07:30:00,2046.3125,-13.8537068469388,0.756466122260746,0.756465063116752
2022-10-07 08:00:00,2046.33333333333,-14.126131728757,0.713379384675757,0.713378325574645
2022-10-07 09:00:00,2046.375,-13.8209183736549,0.762621690863112,0.762620631848014
2022-10-07 09:30:00,2046.39583333333,-13.5755151818182,0.802025454454676,0.80202439548271
2022-10-07 10:00:00,2046.41666666667,-13.6699568427273,0.787291729732574,0.78729067080382
2022-10-07 10:30:00,2046.4375,-13.8928979732839,0.752087987214431,0.752086928328965
2022-10-07 11:00:00,2046.45833333333,-13.951788490167,0.743017664193371,0.743016605351273
2022-10-07 12:00:00,2046.5,-13.6243106864078,0.795807187516043,0.795806128760937
2022-10-07 12:30:00,2046.52083333333,-14.0261166997712,0.732110299133821,0.732109240422326
2022-10-07 13:00:00,2046.54166666667,-13.7079259025926,0.783109456536427,0.783108397868629
2022-10-07 13:30:00,2046.5625,-13.6615907598148,0.790801853228529,0.79080079460451
2022-10-07 14:00:00,2046.58333333333,-14.2404951271845,0.698893188417399,0.698892129837233
2022-10-07 14:30:00,2046.60416666667,-14.1488850328736,0.713797995737143,0.713796937200917
2022-10-07 15:00:00,2046.625,-13.8981818072356,0.754046491754488,0.754045433262276
2022-10-07 15:30:00,2046.64583333333,-14.297190320709,0.690795482586827,0.690794424138716
2022-10-07 16:00:00,2046.66666666667,-14.7867980070707,0.613111999542366,0.613110941138436
2022-10-07 16:30:00,2046.6875,-14.0831490745413,0.725515187670702,0.725514129311028
2022-10-07 19:30:00,2046.8125,-13.6958719853659,0.789077984955823,0.789076926863394
2022-10-07 20:00:00,2046.83333333333,-13.4883360192,0.822450295369736,0.822449237322125
2022-10-07 20:30:00,2046.85416666667,-13.5538831176252,0.812320317194042,0.812319259191334
2022-10-07 21:00:00,2046.875,-13.9106104040816,0.755805165692256,0.755804107734525
2022-10-07 21:30:00,2046.89583333333,-14.2841158743902,0.696617276181236,0.696616218268569
2022-10-07 22:00:00,2046.91666666667,-14.5622010549598,0.652629945642559,0.652628887775036
2022-10-07 22:30:00,2046.9375,-15.0680018686456,0.572367390608425,0.572366332786118
2022-10-07 23:00:00,2046.95833333333,-14.816441545269,0.61275304447634,0.612751986699331
2022-10-07 23:30:00,2046.97916666667,-16.9078352859756,0.279904480140509,0.279903422408889
2022-10-08,2047,-16.6620190431746,0.319375174844865,0.319374117158702
2022-10-08 00:30:00,2047.02083333333,-17.7426666922222,0.147539262098813,0.147538204458186
2022-10-08 01:00:00,2047.04166666667,-18.977688902963,-0.0488885902543759,-0.0488896478493803
2022-10-08 01:30:00,2047.0625,-20.1943841689024,-0.242396908855586,-0.242397966404888
2022-10-08 02:00:00,2047.08333333333,-20.0835478773936,-0.22442846337641,-0.224429520879938
2022-10-08 02:30:00,2047.10416666667,-21.3554011659696,-0.426723417823171,-0.426724475280838
2022-10-08 03:00:00,2047.125,-21.6151611137037,-0.467791141591022,-0.467792199002754
2022-10-08 03:30:00,2047.14583333333,-21.8317256530488,-0.501977767746053,-0.501978825111765
2022-10-08 04:00:00,2047.16666666667,-21.6239414973404,-0.468565305385751,-0.468566362705365
2022-10-08 04:30:00,2047.1875,-21.962553722963,-0.522194138924662,-0.522195196198103
2022-10-08 05:00:00,2047.20833333333,-21.4900538474954,-0.446612197060807,-0.446613254287996
2022-10-08 05:30:00,2047.22916666667,-21.7445182567073,-0.486836147215587,-0.486837204396433
2022-10-08 06:00:00,2047.25,-21.1780265909574,-0.396281169975351,-0.396282227109787
2022-10-08 06:30:00,2047.27083333333,-19.6644463011111,-0.15485426016708,-0.154855317255026
2022-10-08 07:00:00,2047.29166666667,-19.3269944216667,-0.100785408703359,-0.100786465744731
2022-10-08 07:30:00,2047.3125,-19.4553413847561,-0.120918607852705,-0.120919664847423
2022-10-08 08:00:00,2047.33333333333,-19.4684494462766,-0.122694129802847,-0.122695186750839
2022-10-08 08:30:00,2047.35416666667,-20.2643907646296,-0.249175511200551,-0.249176568101731
2022-10-08 09:00:00,2047.375,-20.675331482037,-0.314325983993493,-0.314327040847789
2022-10-08 09:30:00,2047.39583333333,-21.892390320122,-0.50789161176436,-0.507892668571687
2022-10-08 10:00:00,2047.41666666667,-22.5000398648936,-0.604377865951112,-0.60437892271139
2022-10-08 10:30:00,2047.4375,-22.1335231799629,-0.545678705967383,-0.54567976268054
2022-10-08 11:30:00,2047.47916666667,-22.2566140742115,-0.56466148034653,-0.564662536965197
2022-10-08 12:00:00,2047.5,-22.8098045436782,-0.65247221464954,-0.65247327122085
2022-10-08 12:30:00,2047.52083333333,-23.5803808810959,-0.77491263559635,-0.774913692120224
2022-10-08 13:00:00,2047.54166666667,-23.5027198654917,-0.762228202618572,-0.762229259094926
2022-10-08 13:30:00,2047.5625,-24.0220649361781,-0.844647228427636,-0.844648284856391
2022-10-08 14:00:00,2047.58333333333,-24.6062643695402,-0.937397563209586,-0.93739861959067
2022-10-08 14:30:00,2047.60416666667,-24.4316821572603,-0.90927340229906,-0.909274458632388
2022-10-08 15:00:00,2047.625,-24.6734796037037,-0.947478781306397,-0.947479837591897
2022-10-08 15:30:00,2047.64583333333,-24.5238481348148,-0.923329217154677,-0.923330273392265
2022-10-08 16:00:00,2047.66666666667,-24.034689595977,-0.845092710943257,-0.845093767132854
2022-10-08 16:30:00,2047.6875,-23.9801585057377,-0.836092630737317,-0.836093686878851
2022-10-08 17:00:00,2047.70833333333,-24.639727267718,-0.94084913018821,-0.940850186281597
2022-10-08 17:30:00,2047.72916666667,-25.0254145986867,-1.00197608489373,-1.00197714093889
2022-10-08 21:30:00,2047.89583333333,-20.7482026533457,-0.318105334013648,-0.318106389670223
2022-10-08 22:00:00,2047.91666666667,-20.3686920658627,-0.257335381702175,-0.257336437309824
2022-10-08 22:30:00,2047.9375,-20.2311366617312,-0.235109026338403,-0.235110081897054
2022-10-08 23:00:00,2047.95833333333,-20.077569999,-0.210332029413663,-0.210333084923232
2022-10-08 23:30:00,2047.97916666667,-20.0410667888683,-0.204203287558967,-0.204204343019377
2022-10-09,2048,-20.2894081356215,-0.243450450625732,-0.24345150603691
2022-10-09 00:30:00,2048.02083333333,-20.4931776626424,-0.275597254454006,-0.275598309815876
2022-10-09 01:00:00,2048.04166666667,-20.0753564940594,-0.208724179812828,-0.208725235125306
2022-10-09 01:30:00,2048.0625,-19.321135172963,-0.0882622840575076,-0.0882633393205161
2022-10-09 02:00:00,2048.08333333333,-18.8410222485185,-0.0114660153871736,-0.0114670706006414
2022-10-09 02:30:00,2048.10416666667,-18.2841002150342,0.0775660355846433,0.0775649804207998
2022-10-09 03:00:00,2048.125,-18.555240002,0.0346872831179689,0.0346862280038269
2022-10-09 03:30:00,2048.14583333333,-18.897018527963,-0.0194442346880917,-0.0194452897524613
2022-10-09 04:00:00,2048.16666666667,-18.733149985,0.00697422314935547,0.00697316813484172
2022-10-09 04:30:00,2048.1875,-18.9475785421412,-0.0268702812139269,-0.0268713361785138
2022-10-09 05:00:00,2048.20833333333,-18.6711286970297,0.0174825308308139,0.017481475916237
2022-10-09 05:30:00,2048.22916666667,-19.3251222131481,-0.0863849133734263,-0.086385968237916
2022-10-09 06:00:00,2048.25,-19.5637574075926,-0.124085444054002,-0.124086498868334
2022-10-09 06:30:00,2048.27083333333,-19.89667658041,-0.176805443845244,-0.176806498609341
2022-10-09 07:00:00,2048.29166666667,-19.8952772514851,-0.176268231420424,-0.176269286134203
2022-10-09 07:30:00,2048.3125,-19.139566655,-0.0555686590931308,-0.055569713756515
2022-10-09 08:00:00,2048.33333333333,-19.1636957139147,-0.0590980652542478,-0.0590991198671666
2022-10-09 08:30:00,2048.35416666667,-19.4453675447489,-0.103654183165825,-0.103655237728195
2022-10-09 09:00:00,2048.375,-19.3591980663366,-0.0896128818313542,-0.0896139363430993
2022-10-09 09:30:00,2048.39583333333,-19.5583852203704,-0.121029060185999,-0.121030114647048
2022-10-09 10:00:00,2048.41666666667,-19.4839685203704,-0.108859913333724,-0.108860967743995
2022-10-09 11:00:00,2048.45833333333,-19.8306102654788,-0.163451057263092,-0.163452111571583
2022-10-09 11:30:00,2048.47916666667,-19.7845000388889,-0.155791044879245,-0.155792099136728
2022-10-09 12:00:00,2048.5,-19.4770037050093,-0.106492003237121,-0.106493057443525
2022-10-09 12:30:00,2048.52083333333,-19.3835454779221,-0.0912893494242662,-0.0912904035795162
2022-10-09 13:00:00,2048.54166666667,-20.36349887951,-0.247081899635763,-0.247082953739769
2022-10-09 13:30:00,2048.5625,-20.14144446,-0.21139370952048,-0.21139476357318
2022-10-09 14:00:00,2048.58333333333,-20.119181819295,-0.207532457126476,-0.207533511127792
2022-10-09 14:30:00,2048.60416666667,-20.7549276198516,-0.308492384270643,-0.308493438220493
2022-10-09 15:00:00,2048.625,-20.429705998441,-0.256369479041016,-0.256370532939324
2022-10-09 15:30:00,2048.64583333333,-20.0696333133333,-0.198694739164465,-0.198695793011161
2022-10-09 16:00:00,2048.66666666667,-20.3108868432282,-0.236811659798268,-0.23681271359327
2022-10-09 16:30:00,2048.6875,-20.2467365593692,-0.226277499441546,-0.226278553184783
2022-10-09 17:00:00,2048.70833333333,-20.2702873224944,-0.229714143367761,-0.229715197059152
2022-10-09 17:30:00,2048.72916666667,-20.2806333755556,-0.231047232410962,-0.231048286050431
2022-10-09 18:00:00,2048.75,-19.8085899836735,-0.155535303060168,-0.155536356647645
2022-10-09 18:30:00,2048.77083333333,-20.2648849710575,-0.227908305875723,-0.227909359411132
2022-10-09 19:00:00,2048.79166666667,-20.3375036103614,-0.239161357249847,-0.2391624107331
2022-10-09 19:30:00,2048.8125,-20.3059666177778,-0.233822307061453,-0.233823360492488
2022-10-09 23:00:00,2048.95833333333,-17.7683599285714,0.172627520888133,0.172626467824775
2022-10-09 23:30:00,2048.97916666667,-18.2637105565863,0.0940332749162816,0.0940322219057529
2022-10-10,2049,-18.746333327381,0.0174666203033357,0.0174655673457056
2022-10-10 00:30:00,2049.02083333333,-18.1575186857143,0.111580745725705,0.111579692821049
2022-10-10 01:00:00,2049.04166666667,-18.5119703163265,0.05543191443184,0.0554308615802457
2022-10-10 01:30:00,2049.0625,-18.5498515736549,0.0497130043140981,0.0497119515156282
2022-10-10 02:00:00,2049.08333333333,-18.0785713833333,0.12510391110657,0.125102858361299
2022-10-10 02:30:00,2049.10416666667,-17.8506864576754,0.161721812710998,0.161720760019009
2022-10-10 03:00:00,2049.125,-18.2941744306122,0.0913895661635389,0.0913885135249053
2022-10-10 03:30:00,2049.14583333333,-17.907722212963,0.153267419387066,0.153266366801857
2022-10-10 04:00:00,2049.16666666667,-18.7254337590361,0.02332115882415,0.0233201062924469
2022-10-10 04:30:00,2049.1875,-18.1926272225877,0.108513428147929,0.1085123756698
2022-10-10 05:00:00,2049.20833333333,-18.2602522795918,0.0980565497626849,0.0980554973382117
2022-10-10 05:30:00,2049.22916666667,-18.3172314448148,0.089295603709192,0.0892945513384492
2022-10-10 06:00:00,2049.25,-18.6989642797619,0.0288012001184383,0.0288001478014942
2022-10-10 06:30:00,2049.27083333333,-18.0779999752193,0.128037201470421,0.128036149207351
2022-10-10 07:00:00,2049.29166666667,-17.3855825794063,0.238655765364914,0.238654713155805
2022-10-10 07:30:00,2049.3125,-17.249154453484,0.260704875250332,0.260703823095245
2022-10-10 08:00:00,2049.33333333333,-16.9668266053333,0.305995949109304,0.305994897008314
2022-10-10 08:30:00,2049.35416666667,-17.1376293649123,0.279103027264609,0.279101975217798
2022-10-10 09:00:00,2049.375,-16.340864795,0.406344306323166,0.406343254330607
2022-10-10 09:30:00,2049.39583333333,-16.1394370574074,0.438748036397483,0.438746984459245
2022-10-10 10:30:00,2049.4375,-17.0483529235294,0.294589485823855,0.294588433994488
2022-10-10 11:00:00,2049.45833333333,-16.3024225123596,0.413732982182144,0.413731930407327
2022-10-10 11:30:00,2049.47916666667,-16.5759498505576,0.370476164226363,0.37047511250617
2022-10-10 12:00:00,2049.5,-16.0045822179584,0.461811752527549,0.461810700862048
2022-10-10 12:30:00,2049.52083333333,-16.2302126585106,0.426185011827238,0.42618396021651
2022-10-10 13:00:00,2049.54166666667,-16.4120068889908,0.397541444272946,0.397540392717064
2022-10-10 13:30:00,2049.5625,-16.6862339526415,0.35417329385596,0.354172242354993
2022-10-10 14:00:00,2049.58333333333,-17.1104396588679,0.28691347197459,0.286912420528612
2022-10-10 14:30:00,2049.60416666667,-17.3114999606383,0.255200905919512,0.255199854528603
2022-10-10 15:00:00,2049.625,-18.0253142275229,0.141806300194794,0.141805248859027
2022-10-10 15:30:00,2049.64583333333,-17.7081565650943,0.192646292907718,0.192645241627161
2022-10-10 16:00:00,2049.66666666667,-17.6140613643123,0.207952309389469,0.207951258164203
2022-10-10 16:30:00,2049.6875,-18.2124361212766,0.112947400026323,0.112946348856414
2022-10-10 17:00:00,2049.70833333333,-17.8565855981982,0.169951292906211,0.16995024179174
2022-10-10 17:30:00,2049.72916666667,-17.8243749828846,0.175399150392687,0.175398099333728
2022-10-10 18:00:00,2049.75,-16.9246252269017,0.319046646091818,0.319045595088437
2022-10-10 18:30:00,2049.77083333333,-16.5282940988235,0.382499227725941,0.382498176778219
2022-10-10 19:00:00,2049.79166666667,-16.4703572802247,0.392045387108072,0.392044336216082
2022-10-10 19:30:00,2049.8125,-16.4572377388679,0.394452155226687,0.394451104390496
2022-10-10 20:00:00,2049.83333333333,-15.98240072282,0.470410880000142,0.470409829219824
2022-10-10 20:30:00,2049.85416666667,-16.0194468202128,0.46482629195153,0.464825241227164
2022-10-10 21:00:00,2049.875,-16.0893091625293,0.454014085541973,0.454013034873633
2022-10-11 00:30:00,2050.02083333333,-17.3605814927778,0.253718815353761,0.253717765079632
2022-10-11 01:00:00,2050.04166666667,-16.8721308046512,0.331846535459466,0.331845485241947
2022-10-11 01:30:00,2050.0625,-17.4686306607955,0.23714089108442,0.237139840923579
2022-10-11 02:00:00,2050.08333333333,-18.1761434,0.124750847606721,0.12474979750263
2022-10-11 02:30:00,2050.10416666667,-18.2238166531191,0.117473738251239,0.117472688203977
2022-10-11 03:00:00,2050.125,-18.2608701036723,0.111888403452185,0.111887353461826
2022-10-11 03:30:00,2050.14583333333,-17.8379488,0.179577408082895,0.179576358149504
2022-10-11 04:00:00,2050.16666666667,-18.6319032068901,0.0534172747640693,0.0534162248877256
2022-10-11 04:30:00,2050.1875,-18.1513149396584,0.13029273253335,0.130291682714127
2022-10-11 05:00:00,2050.20833333333,-18.223316370339,0.119140288793811,0.119139239031773
2022-10-11 05:30:00,2050.22916666667,-18.1539152440678,0.130513405640072,0.1305123559353
2022-10-11 06:00:00,2050.25,-17.8360240998148,0.181471192099444,0.181470142452004
2022-10-11 06:30:00,2050.27083333333,-18.2358401738791,0.118097737932412,0.118096688342381
2022-10-11 07:00:00,2050.29166666667,-18.4109433855524,0.0905212354201445,0.0905201858875964
2022-10-11 07:30:00,2050.3125,-18.0587384302326,0.146945332783285,0.146944283308285
2022-10-11 08:00:00,2050.33333333333,-18.6998608857143,0.0451316957736131,0.0451306463562341
2022-10-11 08:30:00,2050.35416666667,-18.9500148387755,0.00559965256162553,0.00559860320194594
2022-10-11 09:00:00,2050.375,-18.7210056648725,0.0423986698212843,0.0423976205193762
2022-10-11 09:30:00,2050.39583333333,-19.3499943130682,-0.0574819472254552,-0.0574829964695259
2022-10-11 10:30:00,2050.4375,-18.782737745283,0.033517973085306,0.033516923957139
2022-10-11 11:00:00,2050.45833333333,-18.80589965,0.0301460846308038,0.0301450355606901
2022-10-11 11:30:00,2050.47916666667,-19.4102574392954,-0.0658106918398918,-0.0658117408518737
2022-10-11 12:00:00,2050.5,-19.3033846337278,-0.0484678946087426,-0.0484689435625271
2022-10-11 12:30:00,2050.52083333333,-18.955725546833,0.00723236095201663,0.00723131205650768
2022-10-11 13:00:00,2050.54166666667,-19.8501631274472,-0.134934238634307,-0.134935287471469
2022-10-11 13:30:00,2050.5625,-20.9897967447154,-0.316160710515908,-0.316161759294657
2022-10-11 14:00:00,2050.58333333333,-19.962243664375,-0.15215276124708,-0.152153809967345
2022-10-11 21:00:00,2050.875,-17.3354725621569,0.270749169315071,0.270748121421149
2022-10-11 21:30:00,2050.89583333333,-16.87839994,0.343879641876674,0.343878594042306
2022-10-12 14:30:00,2051.60416666667,-16.8389230410256,0.361014666260991,0.361013620493504
2022-10-12 15:00:00,2051.625,-16.5901369004149,0.400966009624366,0.400964963918887
2022-10-12 16:00:00,2051.66666666667,-16.9819034569498,0.339196472241847,0.3391954266606
2022-10-12 16:30:00,2051.6875,-18.4161193973881,0.111044469595948,0.111043424076923
2022-10-12 17:00:00,2051.70833333333,-18.0500769564103,0.169674942913104,0.169673897456365
2022-10-12 17:30:00,2051.72916666667,-17.820788291129,0.206520471311652,0.206519425917273
2022-10-12 18:00:00,2051.75,-17.4782418476008,0.261408073955034,0.261407028623079
2022-10-12 18:30:00,2051.77083333333,-16.9329962497196,0.348585825931938,0.348584780662482
2022-10-12 19:00:00,2051.79166666667,-16.9122564410256,0.352209460025888,0.352208414819
2022-10-12 19:30:00,2051.8125,-16.5073883087683,0.417025039678069,0.417023994533811
2022-10-12 23:00:00,2051.95833333333,-16.926451059501,0.35250743372588,0.352506389021983
2022-10-12 23:30:00,2051.97916666667,-16.6038849628942,0.404212471703782,0.40421142706307
2022-10-13,2052,-16.9567172233607,0.348326097494713,0.348325052917256
2022-10-13 00:30:00,2052.02083333333,-16.5754795772109,0.409377612686821,0.40937656817268
2022-10-13 01:00:00,2052.04166666667,-16.9085412859885,0.356640758852732,0.356639714401982
2022-10-13 01:30:00,2052.0625,-16.3616103295585,0.444087394059514,0.444086349672217
2022-10-13 02:00:00,2052.08333333333,-16.3496000170833,0.446320817002163,0.446319772678394
2022-10-13 02:30:00,2052.10416666667,-16.1985304010135,0.47070651491868,0.470705470658505
2022-10-13 03:00:00,2052.125,-16.1955631001883,0.471499436677616,0.471498392481099
2022-10-13 03:30:00,2052.14583333333,-16.0776425542593,0.490604520984221,0.49060347685143
2022-10-13 04:00:00,2052.16666666667,-15.5470681012766,0.575445695986678,0.575444651917687
2022-10-13 04:30:00,2052.1875,-15.9885101135135,0.505443981838222,0.505442937833098
2022-10-13 05:00:00,2052.20833333333,-15.7248240725926,0.547769698783475,0.54776865484228
2022-10-13 05:30:00,2052.22916666667,-15.4118195769674,0.597951909098185,0.597950865220994
2022-10-13 06:00:00,2052.25,-15.1078929971193,0.646688029192741,0.646686985379622
2022-10-13 06:30:00,2052.27083333333,-15.274402022973,0.620483449329249,0.620482405580263
2022-10-13 07:00:00,2052.29166666667,-14.9824942455939,0.667305021979332,0.667303978294552
2022-10-13 07:30:00,2052.3125,-14.7003050887006,0.712578439568115,0.712577395947604
2022-10-13 08:00:00,2052.33333333333,-14.6667407530864,0.718245773542894,0.718244729986725
2022-10-13 08:30:00,2052.35416666667,-14.6900139620209,0.714858874099345,0.714857830607586
2022-10-13 09:00:00,2052.375,-14.2987111203704,0.777514263779037,0.777513220351749
2022-10-13 09:30:00,2052.39583333333,-14.6594663919386,0.720366286555887,0.720365243193138
2022-10-13 10:00:00,2052.41666666667,-14.6490328168033,0.722348985790559,0.722347942492428
2022-10-13 10:30:00,2052.4375,-14.2911418915541,0.779681917076318,0.779680873842861
2022-10-13 11:00:00,2052.45833333333,-13.7673698162264,0.863439861949896,0.86343881878118
2022-10-13 11:30:00,2052.47916666667,-13.5992333368519,0.890544830045116,0.890543786941214
2022-10-13 12:00:00,2052.5,-13.8028504435897,0.858429213970316,0.858428170931297
2022-10-13 12:30:00,2052.52083333333,-13.4518682226351,0.914661694836719,0.914660651862641
2022-10-13 13:00:00,2052.54166666667,-13.5972555698148,0.891822176462773,0.891821133553712
2022-10-13 13:30:00,2052.5625,-13.4539310199234,0.914974697243357,0.914973654399373
2022-10-13 14:00:00,2052.58333333333,-13.4372991836066,0.917945005808304,0.91794396302947
2022-10-13 14:30:00,2052.60416666667,-13.2088286611888,0.95466139600357,0.954660353289953
2022-10-13 15:30:00,2052.64583333333,-12.8915326947664,1.00584869810174,1.00584765551875
2022-10-13 17:30:00,2052.72916666667,-12.6081981035849,1.05226808557098,1.05226704325005
2022-10-13 18:00:00,2052.75,-12.6104168305284,1.05223570520089,1.05223466294565
2022-10-13 18:30:00,2052.77083333333,-12.6799320833962,1.04148296738291,1.04148192519341
2022-10-13 19:30:00,2052.8125,-12.5017245379245,1.07051382151025,1.07051277945244
2022-10-13 20:00:00,2052.83333333333,-12.4542719439331,1.078394226705,1.07839318471315
2022-10-13 23:00:00,2052.95833333333,-12.5893490560377,1.05880395136972,1.05880290977494
2022-10-13 23:30:00,2052.97916666667,-13.3541216240991,0.937296496365919,0.937295454837562
2022-10-14,2053,-14.0485000166667,0.827002910592709,0.827001869130833
2022-10-14 00:30:00,2053.02083333333,-13.1724258509506,0.966883566347549,0.966882524952214
2022-10-14 01:00:00,2053.04166666667,-12.5775019834646,1.06197680536848,1.06197576403975
2022-10-14 01:30:00,2053.0625,-12.5950684090508,1.05949992965621,1.05949888839416
2022-10-14 02:00:00,2053.08333333333,-12.524602386747,1.07104671240705,1.07104567121174
2022-10-14 02:30:00,2053.10416666667,-14.4542644441341,0.763971689311008,0.763970648182513
2022-10-14 03:00:00,2053.125,-17.3874100307978,0.297041049422231,0.297040008360607
2022-10-14 03:30:00,2053.14583333333,-17.6786188458824,0.25097285168806,0.250971810693371
2022-10-14 04:00:00,2053.16666666667,-18.0720348569767,0.188623001031406,0.188621960103731
2022-10-14 04:30:00,2053.1875,-20.7218090332677,-0.233166291363317,-0.233167332223925
2022-10-14 05:00:00,2053.20833333333,-20.82450288921,-0.24920384219367,-0.249204882987145
2022-10-14 05:30:00,2053.22916666667,-21.6404444303855,-0.378862232660515,-0.378863273386786
2022-10-14 06:00:00,2053.25,-21.2574023963415,-0.317521656511087,-0.317522697170088
2022-10-14 06:30:00,2053.27083333333,-22.1704674040968,-0.462651832100102,-0.462652872691774
2022-10-14 07:00:00,2053.29166666667,-21.2849362170213,-0.321264322360568,-0.32126536288484
2022-10-14 07:30:00,2053.3125,-20.519314384738,-0.198978432376431,-0.198979472833243
2022-10-14 08:00:00,2053.33333333333,-20.1308234929412,-0.136769744603691,-0.136770784992971
2022-10-14 08:30:00,2053.35416666667,-20.0189852237037,-0.118631991234692,-0.118633031556376
2022-10-14 09:00:00,2053.375,-19.7470036996269,-0.07498327690148,-0.0749843171555086
2022-10-14 09:30:00,2053.39583333333,-23.6692083509259,-0.699471391535887,-0.699472431722189
2022-10-14 10:00:00,2053.41666666667,-23.6193245753247,-0.691202955316271,-0.691203995434781
2022-10-14 10:30:00,2053.4375,-25.4568897494094,-0.983606459671638,-0.983607499722297
2022-10-14 11:00:00,2053.45833333333,-25.447042703525,-0.981715851339424,-0.981716891322167
2022-10-14 11:30:00,2053.47916666667,-25.1552738381418,-0.934914869874453,-0.93491590978921
2022-10-14 12:00:00,2053.5,-24.9435116465116,-0.900858982931659,-0.900860022778364
2022-10-14 12:30:00,2053.52083333333,-24.9773050984556,-0.905920259748107,-0.905921299526702
2022-10-14 13:00:00,2053.54166666667,-23.7856394315985,-0.71576499751339,-0.715766037223803
2022-10-14 13:30:00,2053.5625,-22.6507050569845,-0.534647045017264,-0.534648084659438
2022-10-14 14:00:00,2053.58333333333,-22.9963838046512,-0.589391795349419,-0.589392834923282
2022-10-14 15:00:00,2053.625,-22.0300343967495,-0.434807325029558,-0.434808364466613
2022-10-14 15:30:00,2053.64583333333,-21.4817481574627,-0.347142737503195,-0.347143776871745
2022-10-14 16:00:00,2053.66666666667,-21.6563563805616,-0.374635728973861,-0.374636768273841
2022-10-14 16:30:00,2053.6875,-21.7557567094595,-0.39014802374493,-0.390149062976283
2022-10-14 17:00:00,2053.70833333333,-21.6123091891221,-0.366974457223112,-0.366975496385774
2022-10-14 17:30:00,2053.72916666667,-21.5269424236059,-0.353053171123139,-0.35305421021704
2022-10-14 18:00:00,2053.75,-21.6245011641379,-0.368272023572477,-0.368273062597551
2022-10-14 18:30:00,2053.77083333333,-21.3734053283784,-0.327949927622001,-0.32795096657819
2022-10-14 19:00:00,2053.79166666667,-21.3671654159851,-0.326633530038346,-0.326634568925581
2022-10-14 19:30:00,2053.8125,-21.0839905265152,-0.281201167544198,-0.281202206362413
2022-10-14 20:00:00,2053.83333333333,-20.1401853801724,-0.130529907915903,-0.130530946665042
2022-10-14 20:30:00,2053.85416666667,-20.5299189513514,-0.192292293873487,-0.192293332553479
2022-10-14 21:00:00,2053.875,-20.4398231891635,-0.177617499096692,-0.177618537707479
2022-10-15 00:30:00,2054.02083333333,-21.2079377275472,-0.297720668060154,-0.297721706184696
2022-10-15 01:00:00,2054.04166666667,-21.2041673144981,-0.296797364281217,-0.296798402336038
2022-10-15 01:30:00,2054.0625,-21.4962244632653,-0.342999577836605,-0.343000615821641
2022-10-15 02:00:00,2054.08333333333,-21.2800540209979,-0.308240748330771,-0.308241786245966
2022-10-15 02:30:00,2054.10416666667,-21.5196901699443,-0.346092209947881,-0.346093247793163
2022-10-15 03:00:00,2054.125,-21.4177414711321,-0.329528936675362,-0.329529974450676
2022-10-15 03:30:00,2054.14583333333,-21.3075510183673,-0.311652721608903,-0.311653759314178
2022-10-15 04:00:00,2054.16666666667,-21.7600893758836,-0.383419583694835,-0.383420621330009
2022-10-15 04:30:00,2054.1875,-21.1908022736347,-0.292408895414287,-0.292409932979303
2022-10-15 05:00:00,2054.20833333333,-21.2038582268431,-0.29416584764208,-0.294166885136874
2022-10-15 05:30:00,2054.22916666667,-21.1011020040816,-0.27747381314287,-0.277474850567373
2022-10-15 06:00:00,2054.25,-21.4471551726293,-0.33227741111122,-0.332278448465368
2022-10-15 06:30:00,2054.27083333333,-21.3174105369115,-0.311286054597737,-0.311287091881475
2022-10-15 07:00:00,2054.29166666667,-21.6212052890772,-0.359357808176637,-0.359358845389895
2022-10-15 07:30:00,2054.3125,-21.9018367102041,-0.40373960239971,-0.403740639542424
2022-10-15 08:00:00,2054.33333333333,-21.6850507179704,-0.368882423086634,-0.368883460158749
2022-10-15 08:30:00,2054.35416666667,-21.6099003898467,-0.356587882195011,-0.356588919196457
2022-10-15 09:30:00,2054.39583333333,-21.6162684075547,-0.356956160038509,-0.356957196898435
2022-10-15 10:00:00,2054.41666666667,-21.6421918777778,-0.360762675443104,-0.360763712232173
2022-10-15 10:30:00,2054.4375,-21.4626659006818,-0.331840923152927,-0.331841959871083
2022-10-15 11:00:00,2054.45833333333,-22.0214037758491,-0.420525106221947,-0.420526142869127
2022-10-15 11:30:00,2054.47916666667,-21.5823213725898,-0.350255782045553,-0.350256818621682
2022-10-15 12:00:00,2054.5,-21.4847575070707,-0.334390581188629,-0.334391617693657
2022-10-15 12:30:00,2054.52083333333,-21.3162726906818,-0.307227598422641,-0.307228634856505
2022-10-15 13:00:00,2054.54166666667,-21.0160338838041,-0.259076087105615,-0.259077123468247
2022-10-15 14:00:00,2054.58333333333,-20.4505820692164,-0.16835262833537,-0.168353664555357
2022-10-15 14:30:00,2054.60416666667,-20.3962424848485,-0.15937296799605,-0.159374004144618
2022-10-15 15:00:00,2054.625,-20.3066308584112,-0.144774422601921,-0.144775458679014
2022-10-15 15:30:00,2054.64583333333,-19.935694500759,-0.0853606229812142,-0.0853616589867643
2022-10-15 16:00:00,2054.66666666667,-19.5909506713472,-0.030119288362168,-0.0301203242961127
2022-10-15 16:30:00,2054.6875,-19.3635252757576,0.00643315933479743,0.00643212347251379
2022-10-15 17:00:00,2054.70833333333,-19.615302026087,-0.0333516138752885,-0.0333526496658492
2022-10-15 17:30:00,2054.72916666667,-19.3007800733083,0.0170754243439588,0.0170743886251958
2022-10-15 18:00:00,2054.75,-19.1143376852612,0.0470993196728656,0.0470982840259495
2022-10-15 18:30:00,2054.77083333333,-18.5003635707071,0.145229347810999,0.145228312235991
2022-10-15 19:00:00,2054.79166666667,-18.3316425240654,0.172430267263188,0.172429231760158
2022-10-15 19:30:00,2054.8125,-18.6282351357553,0.125506411598546,0.125505376167554
2022-10-15 20:00:00,2054.83333333333,-17.9434931453831,0.234909882449012,0.234908847090114
2022-10-15 20:30:00,2054.85416666667,-17.692232340404,0.275259513786794,0.275258478500057
2022-10-15 21:00:00,2054.875,-17.9239130128146,0.238676245710322,0.238675210495803
2022-10-15 21:30:00,2054.89583333333,-17.8846394789374,0.245256199331129,0.245255164188895
2022-10-15 22:00:00,2054.91666666667,-17.6767984406977,0.278689099824291,0.278688064754403
2022-10-15 22:30:00,2054.9375,-17.8682727020202,0.248510810666982,0.248509775669495
2022-10-15 23:00:00,2054.95833333333,-17.9376728651869,0.237779035465523,0.237778000540499
2022-10-16 02:00:00,2055.08333333333,-17.334981429128,0.335731012471854,0.335729977982919
2022-10-16 02:30:00,2055.10416666667,-16.6321622609434,0.448014487618198,0.44801345320216
2022-10-16 03:00:00,2055.125,-16.2053073670996,0.516336679206537,0.516335644863452
2022-10-16 03:30:00,2055.14583333333,-16.1779253649254,0.521022576194159,0.521021541924092
2022-10-16 04:00:00,2055.16666666667,-16.40193963,0.485660890627211,0.485659856430225
2022-10-16 04:30:00,2055.1875,-16.6351747420074,0.448830339981949,0.448829305858097
2022-10-16 05:00:00,2055.20833333333,-16.6046212629787,0.454021522781252,0.454020488730602
2022-10-16 05:30:00,2055.22916666667,-16.4702770273649,0.475746669619186,0.475745635641799
2022-10-16 06:00:00,2055.25,-16.5790796138889,0.458738376237703,0.458737342333633
2022-10-16 06:30:00,2055.27083333333,-16.9789865908046,0.395356967701414,0.395355933870721
2022-10-16 07:00:00,2055.29166666667,-16.2283647717213,0.515255640769685,0.515254607012436
2022-10-16 07:30:00,2055.3125,-16.3100575223022,0.502566030286474,0.50256499660273
2022-10-16 08:00:00,2055.33333333333,-16.3440922864407,0.49746839323729,0.497467359627105
2022-10-16 08:30:00,2055.35416666667,-16.5319647953704,0.467864315603805,0.467863282067246
2022-10-16 09:00:00,2055.375,-16.8497909688525,0.417558548394273,0.417557514931393
2022-10-16 09:30:00,2055.39583333333,-16.7814594793919,0.428767994856673,0.42876696146754
2022-10-16 10:00:00,2055.41666666667,-16.8342260783525,0.42068645126604,0.420685417950714
2022-10-16 10:30:00,2055.4375,-16.9222351659259,0.406990775983668,0.406989742742202
2022-10-16 11:00:00,2055.45833333333,-17.0389139004098,0.388728027348264,0.388726994180726
2022-10-16 11:30:00,2055.47916666667,-17.3452055710801,0.34025982432462,0.340258791231068
2022-10-16 12:00:00,2055.5,-17.0285536694915,0.391026999329285,0.391025966309774
2022-10-16 12:30:00,2055.52083333333,-17.9647542697543,0.242213897248031,0.242212864302621
2022-10-16 13:30:00,2055.5625,-17.9039882086614,0.2525426844487,0.252541651651685
2022-10-16 14:00:00,2055.58333333333,-18.2909273283636,0.191227393768817,0.191226361046082
2022-10-16 14:30:00,2055.60416666667,-18.7565236584121,0.117381974867954,0.117380942219567
2022-10-16 15:00:00,2055.625,-18.8901003901487,0.0964275367983833,0.0964265042243956
2022-10-16 15:30:00,2055.64583333333,-18.5219592097959,0.155397142171836,0.155396109672314
2022-10-16 16:00:00,2055.66666666667,-18.2015316774648,0.206765950790533,0.206764918365538
2022-10-16 16:30:00,2055.6875,-18.2673798978346,0.196600777396748,0.196599745046331
2022-10-16 17:00:00,2055.70833333333,-18.3397499792308,0.185396688269495,0.185395655993724
2022-10-16 17:30:00,2055.72916666667,-18.4773385665354,0.16380326589219,0.163802233691123
2022-10-16 18:00:00,2055.75,-18.6718947492481,0.133134886162038,0.133133854035729
2022-10-16 18:30:00,2055.77083333333,-18.5781598596654,0.148391501528755,0.148390469477262
2022-10-16 19:00:00,2055.79166666667,-18.261535305948,0.199154620894143,0.199153588917534
2022-10-16 19:30:00,2055.8125,-18.2284646129921,0.204747428789764,0.204746396888097
2022-10-16 20:00:00,2055.83333333333,-17.9974260190141,0.241876685927568,0.241875654100895
2022-10-16 20:30:00,2055.85416666667,-17.2114683981413,0.367404961699186,0.367403929947574
2022-10-16 21:00:00,2055.875,-17.2786022416357,0.357035178623255,0.357034146946763
2022-10-16 21:30:00,2055.89583333333,-16.6729842338583,0.45383526722591,0.45383423562459
2022-10-16 22:00:00,2055.91666666667,-16.4114753454225,0.495818548185518,0.495817516659436
2022-10-16 22:30:00,2055.9375,-15.783238709002,0.596221842398207,0.596220810947415
2022-10-16 23:00:00,2055.95833333333,-16.4101546244618,0.496678459038304,0.496677427662868
2022-10-16 23:30:00,2055.97916666667,-16.928807061811,0.414381545955654,0.414380514655633
2022-10-17,2056,-16.8555560852018,0.426375290504133,0.426374259279579
2022-10-17 03:30:00,2056.14583333333,-17.3231209962193,0.354166126526699,0.354165095832084
2022-10-17 04:00:00,2056.16666666667,-17.4583573166352,0.332947860621922,0.332946830003249
2022-10-17 04:30:00,2056.1875,-17.6967863876214,0.295290936239845,0.295289905697166
2022-10-17 05:00:00,2056.20833333333,-17.439110009,0.336663984893073,0.336662954426453
2022-10-17 05:30:00,2056.22916666667,-17.2027940346939,0.374634326222623,0.374633295832121
2022-10-17 06:00:00,2056.25,-16.9707694990706,0.411921058609686,0.411920028295352
2022-10-17 06:30:00,2056.27083333333,-17.1905860727907,0.37722919965192,0.377228169413814
2022-10-17 07:00:00,2056.29166666667,-17.0253295681319,0.403879777481053,0.403878747319245
2022-10-17 07:30:00,2056.3125,-16.9426388983333,0.41737757899581,0.417376548910345
2022-10-17 08:00:00,2056.33333333333,-17.2533603896226,0.368204562251894,0.368203532242831
2022-10-17 08:30:00,2056.35416666667,-17.3896760361502,0.346814541309262,0.346813511376665
2022-10-17 09:00:00,2056.375,-17.3186139039604,0.35845996876743,0.358458938911357
2022-10-17 09:30:00,2056.39583333333,-17.2990298182903,0.36190492664295,0.361903896863453
2022-10-17 10:00:00,2056.41666666667,-17.4427708278409,0.339332100108852,0.339331070405994
2022-10-17 10:30:00,2056.4375,-17.9341604709302,0.261378617749428,0.261377588123261
2022-10-17 11:00:00,2056.45833333333,-17.6535761902174,0.306401153003487,0.306400123454075
2022-10-17 11:30:00,2056.47916666667,-17.9640019483431,0.257275386575646,0.257274357103046
2022-10-17 12:00:00,2056.5,-18.1377912256461,0.229915928991296,0.22991489959556
2022-10-17 13:00:00,2056.54166666667,-17.8456627983721,0.277102852430982,0.27710182318916
2022-10-17 13:30:00,2056.5625,-17.7970750075,0.285168279889301,0.285167250724515
2022-10-17 14:00:00,2056.58333333333,-17.1319702405204,0.391445321851763,0.391444292764071
2022-10-17 14:30:00,2056.60416666667,-17.5396634663462,0.32682489652364,0.326823867513106
2022-10-17 15:00:00,2056.625,-17.5206820900232,0.330174059780893,0.330173030847574
2022-10-17 15:30:00,2056.64583333333,-17.5840449393258,0.320405748566291,0.320404719710237
2022-10-17 16:00:00,2056.66666666667,-16.7123686688091,0.459589856802203,0.459588828023479
2022-10-17 16:30:00,2056.6875,-16.3634961854167,0.515490967578229,0.515489938876885
2022-10-17 17:00:00,2056.70833333333,-16.01626135,0.571131219250813,0.571130190626913
2022-10-17 17:30:00,2056.72916666667,-16.0021278581395,0.573708208204287,0.573707179657887
2022-10-17 18:30:00,2056.77083333333,-14.9277124476809,0.745514435957063,0.745513407565823
2022-10-17 19:00:00,2056.79166666667,-15.9111742782135,0.589173834952087,0.589172806638525
2022-10-17 19:30:00,2056.8125,-16.39666255125,0.512160796694992,0.512159768459152
2022-10-17 20:00:00,2056.83333333333,-16.4449183844156,0.504799217700058,0.504798189541997
2022-10-17 21:00:00,2056.875,-16.2619018745283,0.534605155186348,0.534604127184027
2022-10-17 21:30:00,2056.89583333333,-16.1947562849462,0.545627162469158,0.545626134544786
2022-10-17 22:00:00,2056.91666666667,-16.2325307530769,0.539935348553324,0.539934320706964
2022-10-17 22:30:00,2056.9375,-16.1187543598266,0.558385714085919,0.558384686317621
2022-10-17 23:00:00,2056.95833333333,-16.0717622520755,0.566197314102255,0.566196286412082
2022-10-17 23:30:00,2056.97916666667,-16.2854777522222,0.532478024722554,0.532476997110561
2022-10-18,2057,-16.0359324221622,0.572556535451761,0.572555507918
2022-10-18 01:00:00,2057.04166666667,-16.5110644794922,0.497519238077347,0.497518210700231
2022-10-18 01:30:00,2057.0625,-16.8757905522641,0.439743931534471,0.439742904235754
2022-10-18 04:30:00,2057.1875,-19.1696208413793,0.0762904221430036,0.0762893953158847
2022-10-18 05:00:00,2057.20833333333,-19.3241297662675,0.0520029870717179,0.0520019603233976
2022-10-18 05:30:00,2057.22916666667,-19.1060172523992,0.0870744318200384,0.0870734051505726
2022-10-18 06:00:00,2057.25,-19.1160018416981,0.0858098633367826,0.0858088367462207
2022-10-18 06:30:00,2057.27083333333,-19.2186550965517,0.0697831284707235,0.0697821019591275
2022-10-18 07:00:00,2057.29166666667,-19.4538644459725,0.0326401312343947,0.0326391048018204
2022-10-18 07:30:00,2057.3125,-19.3261612370441,0.0533093820634869,0.0533083557099834
2022-10-18 08:00:00,2057.33333333333,-19.1875738727447,0.0757125047580143,0.075711478483637
2022-10-18 08:30:00,2057.35416666667,-18.8795863068966,0.125101218709866,0.125100192514677
2022-10-18 09:00:00,2057.375,-18.8158032371197,0.135587999979295,0.13558697386335
2022-10-18 09:30:00,2057.39583333333,-18.9970287676245,0.107044754149207,0.107043728112555
2022-10-18 10:00:00,2057.41666666667,-19.0563256854406,0.0979248414218906,0.0979238154645927
2022-10-18 10:30:00,2057.4375,-19.2322413310345,0.0702274999502699,0.0702264740723754
2022-10-18 11:00:00,2057.45833333333,-18.8616419076321,0.12959041740228,0.129589391603851
2022-10-18 11:30:00,2057.47916666667,-18.9066131845283,0.122752643169171,0.122751617450262
2022-10-18 12:30:00,2057.52083333333,-19.1087751046468,0.0912005228195399,0.0911994972598302
2022-10-18 13:00:00,2057.54166666667,-19.4307947923077,0.040228792051577,0.0402277665715528
2022-10-18 13:30:00,2057.5625,-19.1113367852391,0.091444934138929,0.0914439087386387
2022-10-18 14:00:00,2057.58333333333,-19.5167528430189,0.0271881373273023,0.0271871120068012
2022-10-18 16:30:00,2057.6875,-18.216160128,0.236005103855303,0.236004078934595
2022-10-18 17:00:00,2057.70833333333,-18.5071758494975,0.189972467298929,0.189971442458339
2022-10-18 17:30:00,2057.72916666667,-18.6170153043893,0.172801356826234,0.172800332065822
2022-10-18 18:00:00,2057.75,-18.6498915685981,0.167890554928852,0.167889530248666
2022-10-18 18:30:00,2057.77083333333,-18.9309928371429,0.123437349714992,0.123436325115095
2022-10-18 19:00:00,2057.79166666667,-18.6357876645161,0.170790189632546,0.17078916511299
2022-10-18 19:30:00,2057.8125,-18.2398961346939,0.234182455378203,0.234181430939037
2022-10-18 20:00:00,2057.83333333333,-18.2999117556622,0.224948403339455,0.224947378980734
2022-10-18 20:30:00,2057.85416666667,-17.9968317674858,0.273555758401638,0.273554734123422
2022-10-18 21:00:00,2057.875,-17.5194489617811,0.349929693904661,0.349928669707004
2022-10-18 21:30:00,2057.89583333333,-17.8998253847222,0.289661988326965,0.289660964209915
2022-10-18 22:00:00,2057.91666666667,-17.8720425868519,0.29441435526618,0.294413331229797
2022-10-18 22:30:00,2057.9375,-17.6422573811111,0.331345867056674,0.331344843101013
2022-10-18 23:00:00,2057.95833333333,-17.806431,0.305519473438139,0.305518449563247
2022-10-18 23:30:00,2057.97916666667,-19.1071843795158,0.0986351285783637,0.0986341047843006
2022-10-19,2058,-19.1608470781316,0.0904132371708404,0.0904122134576544
2022-10-19 00:30:00,2058.02083333333,-19.8276574022222,-0.0154834923809178,-0.0154845160131666
2022-10-19 01:00:00,2058.04166666667,-20.1637425862963,-0.0686954540728666,-0.0686964776241244
2022-10-19 01:30:00,2058.0625,-21.2033239099812,-0.233974836858848,-0.233975860329068
2022-10-19 02:00:00,2058.08333333333,-21.052140767037,-0.20956457254473,-0.209565595933858
2022-10-19 02:30:00,2058.10416666667,-21.2598888915709,-0.242332299047238,-0.242333322355214
2022-10-19 03:00:00,2058.125,-21.0288802647887,-0.205205744976758,-0.205206768203528
2022-10-19 06:00:00,2058.25,-20.2584428531062,-0.0805138811259775,-0.0805149038644101
2022-10-19 06:30:00,2058.27083333333,-20.5438966115308,-0.125660039429915,-0.125661062086768
2022-10-19 07:00:00,2058.29166666667,-20.842838603525,-0.172954866767906,-0.172955889343126
2022-10-19 07:30:00,2058.3125,-21.1176294888469,-0.216402389383873,-0.216403411877414
2022-10-19 08:00:00,2058.33333333333,-20.9481928347913,-0.189084131397928,-0.189085153809737
2022-10-19 08:30:00,2058.35416666667,-21.3033723528265,-0.245337588436445,-0.245338610766456
2022-10-19 09:00:00,2058.375,-20.8749943826742,-0.1767697616221,-0.176770783870272
2022-10-19 09:30:00,2058.39583333333,-21.4250666466667,-0.264069740316663,-0.264070762482945
2022-10-19 10:00:00,2058.41666666667,-21.1677758747126,-0.222756194472293,-0.222757216556624
2022-10-19 10:30:00,2058.4375,-21.0108505187739,-0.197430915202456,-0.197431937204783
2022-10-19 11:00:00,2058.45833333333,-21.3488980838462,-0.250955160086178,-0.250956182006456
2022-10-19 11:30:00,2058.47916666667,-21.3734491020755,-0.254539165193942,-0.254540187032112
2022-10-19 12:00:00,2058.5,-20.776786667718,-0.159163407584487,-0.159164429340501
2022-10-19 12:30:00,2058.52083333333,-20.6356698662188,-0.136356379076359,-0.136357400750159
2022-10-19 13:00:00,2058.54166666667,-21.7415528571429,-0.312197292912997,-0.31219831450453
2022-10-19 13:30:00,2058.5625,-22.5057187527344,-0.433602413600274,-0.433603435109495
2022-10-19 14:00:00,2058.58333333333,-21.9489648231481,-0.344584046565396,-0.344585067992252
2022-10-19 14:30:00,2058.60416666667,-24.2066915850575,-0.703914449364391,-0.703915470708817
2022-10-19 15:00:00,2058.625,-24.7351379314176,-0.787769230659438,-0.787770251921394
2022-10-19 15:30:00,2058.64583333333,-25.3968833412963,-0.892858632530125,-0.892859653709559
2022-10-19 16:00:00,2058.66666666667,-26.6647279515326,-1.09450005468557,-1.09450107578242
2022-10-19 16:30:00,2058.6875,-25.8376478340866,-0.962418455246121,-0.962419476260341
2022-10-19 17:00:00,2058.70833333333,-25.3984351703704,-0.89212440298644,-0.892125423917975
2022-10-19 17:30:00,2058.72916666667,-25.2882294309701,-0.874241373550288,-0.874242394399093
2022-10-19 18:00:00,2058.75,-25.9706422214689,-0.98262302705168,-0.982624047817702
2022-10-19 18:30:00,2058.77083333333,-26.0160297081481,-0.989526079180039,-0.989527099863213
2022-10-19 19:00:00,2058.79166666667,-25.4514154908549,-0.899255408744281,-0.899256429344569
2022-10-19 19:30:00,2058.8125,-24.8603648351852,-0.804773379618812,-0.804774400136161
2022-10-19 20:00:00,2058.83333333333,-25.7520987003724,-0.946499969159257,-0.946500989593609
2022-10-19 20:30:00,2058.85416666667,-23.7448414822641,-0.626415192395264,-0.626416212746567
2022-10-19 21:00:00,2058.875,-23.4053074075926,-0.571999889117511,-0.572000909385721
2022-10-19 21:30:00,2058.89583333333,-23.9765574781609,-0.662673136037191,-0.662674156222248
2022-10-19 22:00:00,2058.91666666667,-24.4267575777778,-0.734063021125566,-0.734064041227427
2022-10-19 22:30:00,2058.9375,-23.8873207762264,-0.647803025738252,-0.647804045756858
2022-10-19 23:00:00,2058.95833333333,-23.4408337637982,-0.576349983310347,-0.576351003245646
2022-10-19 23:30:00,2058.97916666667,-23.5185881835294,-0.588408960825711,-0.588409980677658
2022-10-20,2059,-23.5899151435849,-0.59944402463457,-0.599445044403114
2022-10-20 00:30:00,2059.02083333333,-24.0101017570058,-0.666052665778817,-0.666053685463894
2022-10-20 01:00:00,2059.04166666667,-24.3373684240602,-0.717859078361909,-0.71786009796348
2022-10-20 01:30:00,2059.0625,-24.3654951975048,-0.722012277462759,-0.722013296980774
2022-10-20 02:00:00,2059.08333333333,-24.3269377635849,-0.715542620057847,-0.71554363949224
2022-10-20 02:30:00,2059.10416666667,-24.3834019092453,-0.724209953606313,-0.724210972957047
2022-10-20 03:00:00,2059.125,-24.0443244105566,-0.669867206015778,-0.669868225282801
2022-10-20 03:30:00,2059.14583333333,-24.4072444438889,-0.727353152438908,-0.727354171622164
2022-10-20 04:00:00,2059.16666666667,-24.1113129337037,-0.67988356270483,-0.679884581804273
2022-10-20 04:30:00,2059.1875,-24.3753982978355,-0.721625046835036,-0.721626065850609
2022-10-20 07:30:00,2059.3125,-23.8234274764023,-0.631730381720398,-0.631731400231706
2022-10-20 08:00:00,2059.33333333333,-23.2069980727447,-0.533205134424455,-0.533206152851532
2022-10-20 08:30:00,2059.35416666667,-23.1553339435849,-0.524647384870565,-0.524648403213373
2022-10-20 09:00:00,2059.375,-23.4059220760668,-0.564238622557834,-0.564239640816323
2022-10-20 09:30:00,2059.39583333333,-22.544930189434,-0.426754354861764,-0.426755373035877
2022-10-20 10:00:00,2059.41666666667,-23.2923046736328,-0.545483985449866,-0.545485003539558
2022-10-20 10:30:00,2059.4375,-23.8340076301527,-0.631449980797737,-0.631450998802953
2022-10-20 11:00:00,2059.45833333333,-23.7293761460653,-0.614454424014687,-0.614455441935376
2022-10-20 11:30:00,2059.47916666667,-23.6486586500928,-0.601268368805858,-0.601269386641976
2022-10-20 12:00:00,2059.5,-23.338871694717,-0.551591371238637,-0.551592388990135
2022-10-20 12:30:00,2059.52083333333,-23.3984069069098,-0.560747645149613,-0.560748662816426
2022-10-20 13:00:00,2059.54166666667,-24.6556792520755,-0.760704286565142,-0.760705304147234
2022-10-20 13:30:00,2059.5625,-24.6118099700576,-0.753388123304922,-0.753389140802243
2022-10-20 14:00:00,2059.58333333333,-24.5204068946257,-0.73849977917398,-0.738500796586467
2022-10-20 14:30:00,2059.60416666667,-25.1215250599258,-0.833930550006138,-0.833931567333754
2022-10-20 15:00:00,2059.625,-24.8749814250464,-0.79432817679258,-0.794329194035276
2022-10-20 15:30:00,2059.64583333333,-24.4985658166976,-0.734037091911621,-0.73403810906934
2022-10-20 16:00:00,2059.66666666667,-24.5704113330189,-0.745154311079846,-0.745155328152545
2022-10-20 16:30:00,2059.6875,-24.8503525317254,-0.789421307758228,-0.789422324745851
2022-10-20 17:00:00,2059.70833333333,-24.635311712987,-0.754837301977823,-0.754838318880319
2022-10-20 17:30:00,2059.72916666667,-24.3005906461682,-0.7011881338356,-0.701189150652927
2022-10-20 18:00:00,2059.75,-23.8884216210832,-0.635201437320816,-0.635202454052918
2022-10-20 18:30:00,2059.77083333333,-23.9167775474766,-0.639390667147567,-0.639391683794395
2022-10-20 19:00:00,2059.79166666667,-23.89538211673,-0.635654457037411,-0.635655473598921
2022-10-20 19:30:00,2059.8125,-23.441728973271,-0.563059271246063,-0.563060287722207
2022-10-20 20:00:00,2059.83333333333,-22.9746866812379,-0.488331171411357,-0.488332187802071
2022-10-20 20:30:00,2059.85416666667,-22.5106905483559,-0.414088313840745,-0.414089330145994
2022-10-20 21:00:00,2059.875,-22.6126710347664,-0.430005923153933,-0.430006939373668
2022-10-20 21:30:00,2059.89583333333,-22.2188990891589,-0.366949802794498,-0.366950818928663
2022-10-20 22:00:00,2059.91666666667,-21.5120055902804,-0.254013182299069,-0.254014198347621
2022-10-20 22:30:00,2059.9375,-21.4364000182857,-0.241641166785093,-0.241642182747977
2022-10-20 23:00:00,2059.95833333333,-21.4389182340304,-0.241714313630953,-0.241715329508119
2022-10-20 23:30:00,2059.97916666667,-20.9329327039252,-0.160782437566585,-0.160783453357992
2022-10-21,2060,-20.5318934029907,-0.096568558033832,-0.0965695737394236
2022-10-21 00:30:00,2060.02083333333,-20.3056766106542,-0.0602040163218977,-0.0602050319416255
2022-10-21 01:00:00,2060.04166666667,-20.1518840326996,-0.0353766910290473,-0.0353777065628688
2022-10-21 01:30:00,2060.0625,-20.1516102444867,-0.0350050060034447,-0.0350060214513115
2022-10-21 02:00:00,2060.08333333333,-20.7677224410646,-0.132824036228994,-0.132825051590844
2022-10-21 02:30:00,2060.10416666667,-19.8153794151402,0.0192129838885208,0.019211968612723
2022-10-21 03:00:00,2060.125,-19.7636808191489,0.0277767152249877,0.0277757000352906
2022-10-21 03:30:00,2060.14583333333,-19.4200317693458,0.0828483749619444,0.082847359858403
2022-10-21 04:00:00,2060.16666666667,-19.2437663861682,0.111255709425938,0.111254694408601
2022-10-21 04:30:00,2060.1875,-19.1573514491262,0.125349816005027,0.125348801073936
2022-10-21 05:00:00,2060.20833333333,-18.8220000050093,0.179099698404964,0.179098683560174
2022-10-21 05:30:00,2060.22916666667,-18.8080641828302,0.181647854851396,0.181646840092949
2022-10-21 06:00:00,2060.25,-18.9352754085937,0.161711197961718,0.161710183289669
2022-10-21 09:00:00,2060.375,-19.0303079788497,0.148541790539161,0.148540776386487
2022-10-21 09:30:00,2060.39583333333,-18.760703158256,0.191818298092418,0.191817284026478
2022-10-21 10:00:00,2060.41666666667,-19.286641890411,0.108364161117771,0.108363147138613
2022-10-21 10:30:00,2060.4375,-18.7792999713208,0.189512382169524,0.189511368277189
2022-10-21 11:00:00,2060.45833333333,-18.8801320883019,0.173778056512429,0.173777042706971
2022-10-21 11:30:00,2060.47916666667,-19.1950434001887,0.123940773927183,0.123939760208643
2022-10-21 12:00:00,2060.5,-19.0298126359926,0.150590478939131,0.150589465307563
2022-10-21 12:30:00,2060.52083333333,-18.9817357975472,0.158577491579084,0.158576478034536
2022-10-21 13:00:00,2060.54166666667,-18.701485615547,0.203549895438966,0.203548881981479
2022-10-21 13:30:00,2060.5625,-18.8665679332075,0.177580525498334,0.177579512127955
2022-10-21 14:00:00,2060.58333333333,-20.9722337504638,-0.15752517109926,-0.15752618438247
2022-10-21 14:30:00,2060.60416666667,-21.5562018664151,-0.250223324903596,-0.250224338099603
2022-10-21 15:00:00,2060.625,-21.5595176434137,-0.250423134662196,-0.250424147770952
2022-10-21 15:30:00,2060.64583333333,-22.0052282350649,-0.321096743068498,-0.32109775608995
2022-10-21 16:00:00,2060.66666666667,-21.8481727502879,-0.295749273330517,-0.295750286264618
2022-10-21 16:30:00,2060.6875,-22.0491794588785,-0.327441355488637,-0.327442368335346
2022-10-21 17:00:00,2060.70833333333,-21.9809695318095,-0.316247023859699,-0.316248036618962
2022-10-21 17:30:00,2060.72916666667,-22.279206449499,-0.363427925169266,-0.363428937841043
2022-10-21 18:00:00,2060.75,-22.5228822383178,-0.401917188402948,-0.401918200987185
2022-10-21 18:30:00,2060.77083333333,-22.2762089216634,-0.362293477510563,-0.362294490007213
2022-10-21 19:00:00,2060.79166666667,-21.4868821285171,-0.236224668853507,-0.23622568126253
2022-10-21 19:30:00,2060.8125,-21.9465076140684,-0.3091148395792,-0.30911585190055
2022-10-21 20:00:00,2060.83333333333,-20.3609806638298,-0.0562107547040846,-0.0562117669377011
2022-10-21 20:30:00,2060.85416666667,-20.406220468472,-0.0630889682010988,-0.063089980346948
2022-10-21 21:00:00,2060.875,-19.474738198622,0.0856253537502399,0.0856243416922045
2022-10-21 21:30:00,2060.89583333333,-19.9403888360748,0.0117754161219678,0.0117744041517995
2022-10-21 22:00:00,2060.91666666667,-19.1486953171963,0.138221312030924,0.138220300148669
2022-10-21 22:30:00,2060.9375,-19.3874220180608,0.100520541461679,0.100519529667378
2022-10-21 23:00:00,2060.95833333333,-19.1861952759369,0.132904679592395,0.132903667886101
2022-10-21 23:30:00,2060.97916666667,-19.5124197121857,0.0812654788789701,0.0812644672607217
2022-10-22,2061,-19.1206121994297,0.144009291507967,0.144008279977818
2022-10-22 00:30:00,2061.02083333333,-18.8343233641121,0.189943914125518,0.189942902683514
2022-10-22 01:00:00,2061.04166666667,-18.6117009207477,0.225736445675531,0.225735434321712
2022-10-22 01:30:00,2061.0625,-18.8909042047893,0.181587790864086,0.181586779598499
2022-10-22 02:00:00,2061.08333333333,-19.3979551624299,0.101142849408662,0.101141838231366
2022-10-22 02:30:00,2061.10416666667,-18.5010917681648,0.244342478007326,0.244341466918353
2022-10-22 03:00:00,2061.125,-18.4942766398131,0.24575679230535,0.245755781304747
2022-10-22 03:30:00,2061.14583333333,-18.7179361642166,0.210456340176186,0.210455329264011
2022-10-22 04:00:00,2061.16666666667,-18.9499719431776,0.173821555124922,0.173820544301209
2022-10-22 04:30:00,2061.1875,-18.1687699758813,0.298596277497043,0.298595266761838
2022-10-22 05:00:00,2061.20833333333,-18.0325892646833,0.320618663162949,0.320617652516303
2022-10-22 05:30:00,2061.22916666667,-18.3070927721707,0.277218769600589,0.277217759042542
2022-10-22 06:00:00,2061.25,-17.6137253922078,0.388001410307568,0.388000399838172
2022-10-22 06:30:00,2061.27083333333,-17.4624811528302,0.412423457515431,0.412422447134732
2022-10-22 07:00:00,2061.29166666667,-17.8809851667904,0.346084210979403,0.34608320068744
2022-10-22 07:30:00,2061.3125,-17.1444408831144,0.463744993788218,0.463743983585037
2022-10-22 10:30:00,2061.4375,-17.5724823374768,0.397530406833388,0.397529397163875
2022-10-22 11:00:00,2061.45833333333,-17.1326719681909,0.467921334688523,0.467920325108116
2022-10-22 11:30:00,2061.47916666667,-16.9430787328215,0.498452504085227,0.498451494593963
2022-10-22 12:00:00,2061.5,-16.7603970153989,0.527882673474393,0.527881664072324
2022-10-22 12:30:00,2061.52083333333,-17.0353496458984,0.484411373906785,0.484410364593958
2022-10-22 13:00:00,2061.54166666667,-17.0277570512241,0.485949740275936,0.485948731052388
2022-10-22 13:30:00,2061.5625,-18.2513690883239,0.291356338583508,0.291355329449289
2022-10-22 14:00:00,2061.58333333333,-18.0972835415709,0.316231156090385,0.316230147045541
2022-10-22 14:30:00,2061.60416666667,-18.3667188888679,0.273638802051693,0.273637793096263
2022-10-22 15:00:00,2061.625,-18.5521740868519,0.244424555299375,0.244423546433403
2022-10-22 15:30:00,2061.64583333333,-19.036740755,0.167561647046645,0.167560638270189
2022-10-22 16:00:00,2061.66666666667,-19.5297759158192,0.0893497112631055,0.0893487025761975
2022-10-22 16:30:00,2061.6875,-19.009525814881,0.17255485114474,0.172553842547425
2022-10-22 17:00:00,2061.70833333333,-19.205470432037,0.14166966995142,0.141668661443748
2022-10-22 17:30:00,2061.72916666667,-19.4953992395522,0.0958127493485441,0.0958117409305529
2022-10-22 18:00:00,2061.75,-19.6452768105461,0.0722661000404891,0.07226509171223
2022-10-22 18:30:00,2061.77083333333,-20.0609851703704,0.00637242529833641,0.00637141705985388
2022-10-22 19:00:00,2061.79166666667,-19.4660722175926,0.101471457006568,0.1014704488579
2022-10-22 19:30:00,2061.8125,-19.5179020988484,0.0935439021910285,0.0935428941322253
2022-10-22 20:00:00,2061.83333333333,-18.5574190912281,0.246878523050749,0.246877515081855
2022-10-22 20:30:00,2061.85416666667,-18.4536045357815,0.26374525631735,0.263744248438404
2022-10-22 21:00:00,2061.875,-18.3515353581262,0.280333958636207,0.280332950847252
2022-10-22 21:30:00,2061.89583333333,-18.3194578241379,0.285772951041586,0.285771943342678
2022-10-22 22:00:00,2061.91666666667,-18.0654689039548,0.326562594745872,0.326561587137044
2022-10-22 22:30:00,2061.9375,-17.7841871649123,0.371700012853425,0.37169900533472
2022-10-22 23:00:00,2061.95833333333,-18.3600433387947,0.280294757723809,0.280293750295277
2022-10-22 23:30:00,2061.97916666667,-17.7337212725047,0.380397364115979,0.380396356777658
2022-10-23,2062,-18.0149771690114,0.335922161196931,0.335921153948871
2022-10-23 00:30:00,2062.02083333333,-18.5653783429658,0.248571931932489,0.248570924774733
2022-10-23 01:00:00,2062.04166666667,-17.6925514308411,0.387942962481195,0.387941955413782
2022-10-23 01:30:00,2062.0625,-17.6896660332046,0.388731696703177,0.388730689726156
2022-10-23 02:00:00,2062.08333333333,-18.1763955548747,0.311524432954804,0.311523426068218
2022-10-26 15:00:00,2065.625,-14.423114986,0.965460419830477,0.965459428906086
2022-10-26 16:30:00,2065.6875,-12.3966146055416,1.28927320148704,1.28927221085403
2022-10-26 17:00:00,2065.70833333333,-12.7105176111317,1.2395981718157,1.23959718127989
2022-10-26 17:30:00,2065.72916666667,-13.0250185528757,1.18982789165517,1.18982690121659
2022-10-26 18:00:00,2065.75,-13.5081084123364,1.11320127755167,1.11320028721035
2022-10-26 18:30:00,2065.77083333333,-13.5940654147664,1.09983821245196,1.09983722220795
2022-10-26 19:00:00,2065.79166666667,-13.4440205195896,1.12407041933144,1.12406942918476
2022-10-26 19:30:00,2065.8125,-13.2652033453358,1.15288607182707,1.15288508177775
2022-10-28 15:30:00,2067.64583333333,-23.3349572522305,-0.422198481265562,-0.422199462620283
2022-10-28 16:30:00,2067.6875,-24.0301348438202,-0.532281034515092,-0.532282015669454
2022-10-28 17:00:00,2067.70833333333,-24.0438062300668,-0.534129033430611,-0.534130014484746
2022-10-28 17:30:00,2067.72916666667,-25.0976784297398,-0.701681768157046,-0.701682749110933
2022-10-28 18:00:00,2067.75,-25.2969461137546,-0.733095395762425,-0.733096376616027
2022-10-28 18:30:00,2067.77083333333,-25.5365393370787,-0.770932913573315,-0.770933894326605
2022-10-28 19:00:00,2067.79166666667,-24.8762183033408,-0.665413450163048,-0.665414430816002
2022-10-28 19:30:00,2067.8125,-23.4793370297952,-0.442559417257419,-0.44256039781001
2022-10-28 20:00:00,2067.83333333333,-23.4412699905028,-0.436165465996922,-0.436166446449108
2022-10-28 20:30:00,2067.85416666667,-24.2191346438202,-0.559750019589423,-0.559750999941188
2022-10-28 21:00:00,2067.875,-22.5567460910913,-0.29460049681162,-0.294601477062935
2022-10-28 21:30:00,2067.89583333333,-21.1795064871508,-0.0748754085768017,-0.0748763887276328
2022-10-28 22:00:00,2067.91666666667,-20.7233743085661,-0.00188339470810417,-0.0018843747584225
2022-10-28 22:30:00,2067.9375,-20.6138988910112,0.0158859460887209,0.0158849661389372
2022-10-28 23:00:00,2067.95833333333,-20.9216837175947,-0.0328145715418618,-0.032815551391076
2022-10-28 23:30:00,2067.97916666667,-19.3108643280669,0.224119930113203,0.22411895036458
2022-10-29,2068,-19.3791449434944,0.213572597631922,0.213571617983925
2022-10-29 00:30:00,2068.02083333333,-20.4989775516854,0.0355122777677639,0.0355112982204205
2022-10-29 01:00:00,2068.04166666667,-19.6995790510022,0.163186841527562,0.163185862080894
2022-10-29 01:30:00,2068.0625,-19.8779591204461,0.135100576765267,0.135099597419303
2022-10-29 02:00:00,2068.08333333333,-20.1634758319703,0.0899473647479514,0.0899463855027316
2022-10-29 02:30:00,2068.10416666667,-19.7675617269663,0.153346565109758,0.153345585965298
2022-10-29 03:00:00,2068.125,-19.9252093516704,0.128562982651991,0.128562003608318
2022-10-29 03:30:00,2068.14583333333,-19.4613995914498,0.202778001976554,0.202777023033702
2022-10-29 04:00:00,2068.16666666667,-19.3756728546468,0.216764121708455,0.216763142866453
2022-10-29 04:30:00,2068.1875,-19.5373820370787,0.191333518863636,0.191332540122504
2022-10-29 05:00:00,2068.20833333333,-19.2317015231626,0.240358424785419,0.240357446145192
2022-10-29 05:30:00,2068.22916666667,-18.717146833829,0.322657132209013,0.322656153669711
2022-10-29 06:00:00,2068.25,-19.2763829390335,0.233900194769937,0.233899216331595
2022-10-29 06:30:00,2068.27083333333,-18.9194494775281,0.291089720022939,0.291088741685584
2022-10-29 07:00:00,2068.29166666667,-19.3230734530067,0.227121898027649,0.227120919791302
2022-10-29 07:30:00,2068.3125,-18.9776134009294,0.282483692851248,0.282482714715936
2022-10-29 08:00:00,2068.33333333333,-19.5313866210037,0.194596980700303,0.194596002666067
2022-10-29 08:30:00,2068.35416666667,-19.9256179224719,0.132125406034103,0.132124428100958
2022-10-29 09:00:00,2068.375,-19.9768463037862,0.124294437460317,0.124293459628288
2022-10-29 09:30:00,2068.39583333333,-20.3895668946097,0.058877497340518,0.0588765196096399
2022-10-29 10:00:00,2068.41666666667,-19.910947939777,0.135451579519352,0.135450601889651
2022-10-29 10:30:00,2068.4375,-19.9347640224719,0.131987396844794,0.131986419316292
2022-10-29 11:00:00,2068.45833333333,-20.7289421216036,0.00580399007048966,0.00580301264321966
2022-10-29 11:30:00,2068.47916666667,-20.2038211801325,0.0897858588381551,0.0897848815121372
2022-10-29 12:00:00,2068.5,-20.7909386695167,-0.00341265370445044,-0.00341363092918273
2022-10-29 12:30:00,2068.52083333333,-20.1228651662921,0.103341651352485,0.103340674229065
2022-10-29 13:00:00,2068.54166666667,-19.5885255730512,0.188792044440973,0.188791067418886
2022-10-29 13:30:00,2068.5625,-20.1447435202602,0.100515837427434,0.100514860506706
2022-10-29 14:00:00,2068.58333333333,-22.1900370829314,-0.224971183865713,-0.224972160685042
2022-10-29 14:30:00,2068.60416666667,-22.4608988123596,-0.267789950759346,-0.267790927477262
2022-10-29 15:00:00,2068.625,-21.9108710648889,-0.179840442074556,-0.179841418691033
2022-10-29 16:00:00,2068.66666666667,-24.52686272282,-0.595910405987212,-0.595911382400719
2022-10-29 16:30:00,2068.6875,-26.6138886990724,-0.928045454343741,-0.928046430655729
2022-10-29 17:00:00,2068.70833333333,-28.1021572325843,-1.16479801907052,-1.16479899528095
2022-10-29 17:30:00,2068.72916666667,-26.785159988,-0.95466974558956,-0.954670721698426
2022-10-29 18:00:00,2068.75,-25.2150501402597,-0.704220458511268,-0.70422143451853
2022-10-29 18:30:00,2068.77083333333,-26.5030649510204,-0.909072476988214,-0.909073452893846
2022-10-29 19:00:00,2068.79166666667,-25.3883258561798,-0.731164086312546,-0.731165062116529
2022-10-29 19:30:00,2068.8125,-22.3424244748889,-0.245620168462563,-0.245621144164871
2022-10-29 20:00:00,2068.83333333333,-23.3737142736549,-0.409575724338347,-0.40957669993894
2022-10-29 20:30:00,2068.85416666667,-19.8073673513915,0.158875529799696,0.15887455430083
2022-10-29 21:00:00,2068.875,-21.5908314764045,-0.12490194415045,-0.124902919547563
2022-10-29 21:30:00,2068.89583333333,-21.6117600184444,-0.127906245461848,-0.127907220757169
2022-10-29 22:00:00,2068.91666666667,-18.4793451397032,0.371419308274534,0.371418333081018
2022-10-29 22:30:00,2068.9375,-19.5210224406367,0.20580898958811,0.205808014496424
2022-10-29 23:00:00,2068.95833333333,-19.8342499095238,0.156241244320683,0.156240269330859
2022-10-29 23:30:00,2068.97916666667,-19.2477044204444,0.250007968818767,0.250006993930825
2022-10-30,2069,-19.3612920844569,0.232242976235809,0.232242001449781
2022-10-30 00:30:00,2069.02083333333,-19.2220954848315,0.254746691981183,0.254745717297094
2022-10-30 01:00:00,2069.04166666667,-19.3910237940476,0.228165884004158,0.228164909422028
2022-10-30 01:30:00,2069.0625,-19.1643443871111,0.264605662319922,0.264604687839775
2022-10-30 02:00:00,2069.08333333333,-19.4770055885768,0.215128090659135,0.215127116281009
2022-10-30 02:30:00,2069.10416666667,-19.0926910037453,0.276679254142147,0.276678279866056
2022-10-30 03:00:00,2069.125,-19.7578095702381,0.171054960958185,0.171053986784153
2022-10-30 03:30:00,2069.14583333333,-19.2901177868889,0.245888160258902,0.245887186186968
2022-10-30 04:00:00,2069.16666666667,-19.3835468003745,0.231334409832489,0.231333435862664
2022-10-30 04:30:00,2069.1875,-18.9021554719101,0.308349944802514,0.308348970934824
2022-10-30 05:00:00,2069.20833333333,-19.4181427714286,0.226482345703762,0.226481371938238
2022-10-30 05:30:00,2069.22916666667,-18.7517911506667,0.332962175585385,0.332961201922046
2022-10-30 06:00:00,2069.25,-18.9242003554307,0.305826800595345,0.305825827034222
2022-10-30 06:30:00,2069.27083333333,-19.7526984782772,0.174175986086788,0.174175012627906
2022-10-30 07:00:00,2069.29166666667,-20.3635117880952,0.0772025117929921,0.0772015384363688
2022-10-30 07:30:00,2069.3125,-19.9671421942222,0.140673987699185,0.140673014444852
2022-10-30 08:00:00,2069.33333333333,-20.0254401168539,0.131716597169723,0.131715624017705
2022-10-30 08:30:00,2069.35416666667,-20.2648895325843,0.0939016381489404,0.0939006650992553
2022-10-30 09:00:00,2069.375,-20.7968333821429,0.00949210056923895,0.00949112762191132
2022-10-30 09:30:00,2069.39583333333,-20.3299133471111,0.0842022873330658,0.0842013144881333
2022-10-30 10:00:00,2069.41666666667,-20.4653127438202,0.0629625518813967,0.0629615791388707
2022-10-30 10:30:00,2069.4375,-20.9062285069288,-0.00694616542011212,-0.00694713806020716
2022-10-30 11:00:00,2069.45833333333,-20.6651070452381,0.03179412818228,0.0317931556446467
2022-10-30 11:30:00,2069.47916666667,-20.7755288808889,0.0145333168600356,0.0145323444248817
2022-10-30 12:00:00,2069.5,-19.7781366822097,0.173748066380777,0.173747094048134
2022-10-30 12:30:00,2069.52083333333,-19.7356629505618,0.180843615181462,0.180842642951353
2022-10-30 13:00:00,2069.54166666667,-19.7570952678571,0.177758878149808,0.177757906022251
2022-10-30 13:30:00,2069.5625,-19.2390044477778,0.260620555841814,0.26061958381684
2022-10-30 14:00:00,2069.58333333333,-18.3149026573034,0.408160064606043,0.408159092683675
2022-10-30 15:00:00,2069.625,-21.5686140825603,-0.109499644370524,-0.10950061608762
2022-10-30 15:30:00,2069.64583333333,-22.3271572438202,-0.230006699066095,-0.230007670680506
2022-10-30 16:00:00,2069.66666666667,-21.5581688637778,-0.107176894460332,-0.107177865972047
2022-10-30 16:30:00,2069.6875,-21.3776400499072,-0.0780891261294702,-0.0780900975384668
2022-10-30 17:00:00,2069.70833333333,-21.9861113051948,-0.174689639550118,-0.174690610856365
2022-10-30 17:30:00,2069.72916666667,-23.3966852898876,-0.399065697905085,-0.399066669108566
2022-10-30 18:00:00,2069.75,-22.8570222426667,-0.312767610402762,-0.312768581503446
2022-10-30 18:30:00,2069.77083333333,-22.2499721471243,-0.215734724979302,-0.215735695977166
2022-10-30 19:00:00,2069.79166666667,-22.457435996846,-0.248454500172329,-0.248455471067356
2022-10-30 19:30:00,2069.8125,-21.7992358910112,-0.143273395747661,-0.143274366539821
2022-10-30 20:00:00,2069.83333333333,-22.2964454184855,-0.222149878737792,-0.222150849427062
2022-10-30 20:30:00,2069.85416666667,-20.7686809263451,0.0215534394671806,0.021552468880818
2022-10-30 21:00:00,2069.875,-19.3857792269017,0.242180004031596,0.242179033548164
2022-10-30 21:30:00,2069.89583333333,-18.3221124370787,0.411952212078943,0.411951241698477
2022-10-30 22:00:00,2069.91666666667,-18.6732955808889,0.356337807301876,0.356336837024386
2022-10-30 22:30:00,2069.9375,-18.5134749667904,0.382126658959426,0.382125688784937
2022-10-30 23:00:00,2069.95833333333,-18.9804916408163,0.308059875261163,0.308058905189703
2022-10-30 23:30:00,2069.97916666667,-19.2338763898876,0.268024802418077,0.268023832449669
2022-10-31,2070,-18.9191538351282,0.318489621555272,0.318488651689932
2022-10-31 00:30:00,2070.02083333333,-19.0801037044444,0.293179476077292,0.29317850631505
2022-10-31 01:00:00,2070.04166666667,-18.889618495,0.323853182205011,0.323852212545883
2022-10-31 01:30:00,2070.0625,-19.3857864865169,0.245142535105755,0.24514156554977
2022-10-31 02:00:00,2070.08333333333,-19.1671019634146,0.280308396762573,0.280307427309755
2022-10-31 02:30:00,2070.10416666667,-18.9896008091418,0.308913710627421,0.308912741277785
2022-10-31 03:00:00,2070.125,-18.7562555761111,0.346415018395659,0.346414049149228
2022-10-31 03:30:00,2070.14583333333,-18.1355281,0.44562658652297,0.445625617379779
2022-10-31 04:00:00,2070.16666666667,-18.4174922649667,0.401038723318163,0.401037754278222
2022-10-31 04:30:00,2070.1875,-18.6419648025926,0.365609309556778,0.365608340620109
2022-10-31 05:00:00,2070.20833333333,-18.183531532037,0.438967271133266,0.438966302299897
2022-10-31 05:30:00,2070.22916666667,-19.6493933146067,0.205783647661529,0.205782678931484
2022-10-31 06:00:00,2070.25,-18.9051552159645,0.324670506628644,0.324669538001938
2022-10-31 06:30:00,2070.27083333333,-20.0029499824074,0.150120205803457,0.150119237280119
2022-10-31 07:00:00,2070.29166666667,-19.1800796296296,0.28153322291403,0.281532254494076
2022-10-31 07:30:00,2070.3125,-18.7583596089888,0.349042697318889,0.349041729002346
2022-10-31 08:00:00,2070.33333333333,-18.8458625476718,0.335432582235015,0.335431614021906
2022-10-31 08:30:00,2070.35416666667,-18.1423129314815,0.447837696224768,0.447836728115108
2022-10-31 09:00:00,2070.375,-17.7568018888889,0.509579029910247,0.509578061904059
2022-10-31 09:30:00,2070.39583333333,-17.0078540168539,0.629216101944316,0.629215134041634
2022-10-31 10:00:00,2070.41666666667,-16.8827317095344,0.649477307385662,0.649476339586494
2022-10-31 10:30:00,2070.4375,-17.1820277692593,0.60212835527982,0.60212738758419
2022-10-31 11:00:00,2070.45833333333,-16.507575942037,0.70989812899233,0.709897161400264
2022-10-31 11:30:00,2070.47916666667,-16.1832359426966,0.761894829862372,0.761893862373893
2022-10-31 12:00:00,2070.5,-16.0054634445676,0.790543214541536,0.790542247156659
2022-10-31 12:30:00,2070.52083333333,-16.0255659005566,0.787669969074739,0.787669001793491
2022-10-31 13:00:00,2070.54166666667,-15.0985037012963,0.935680721451477,0.935679754273874
2022-10-31 20:00:00,2070.83333333333,-14.2762796246201,1.07126782015277,1.07126685442847
2022-10-31 20:30:00,2070.85416666667,-13.8632619166667,1.13739078376269,1.13738981814236
2022-10-31 21:00:00,2070.875,-13.9421503211503,1.12515274287128,1.12515177735493
2022-10-31 21:30:00,2070.89583333333,-13.6145139176252,1.17767438509322,1.17767341968088
2022-10-31 22:00:00,2070.91666666667,-13.9396382960486,1.12621075892773,1.12620979361941
2022-10-31 22:30:00,2070.9375,-13.7605618852381,1.15506666940084,1.15506570419657
2022-10-31 23:00:00,2070.95833333333,-13.6548163337662,1.17224091214167,1.17223994704147
2022-10-31 23:30:00,2070.97916666667,-13.6514879231911,1.17310002167048,1.17309905667436
2022-11-01,2071,-12.9300212726444,1.28835905649629,1.28835809160428
2022-11-01 00:30:00,2071.02083333333,-13.2482511744076,1.23799367799623,1.23799271320834
2022-11-01 01:00:00,2071.04166666667,-13.3862333301852,1.21634188463387,1.21634091995012
2022-11-01 01:30:00,2071.0625,-12.9761836580705,1.28199194343771,1.28199097885814
2022-11-01 02:00:00,2071.08333333333,-12.9667294857143,1.28382684317014,1.28382587869476
2022-11-01 02:30:00,2071.10416666667,-13.2969810748815,1.23154636260249,1.23154539823131
2022-11-01 03:00:00,2071.125,-13.6928314746296,1.16881593485783,1.16881497059087
2022-11-01 03:30:00,2071.14583333333,-13.4041111025926,1.21513811044539,1.21513714628269
2022-11-01 04:00:00,2071.16666666667,-13.8905136762918,1.13798263700687,1.13798167294843
2022-11-01 04:30:00,2071.1875,-13.8410378952607,1.14619295852197,1.14619199456782
2022-11-01 05:00:00,2071.20833333333,-13.8216092637037,1.14961673771154,1.1496157738617
2022-11-01 05:30:00,2071.22916666667,-13.9258277662963,1.13334343008699,1.13334246634147
2022-11-01 06:00:00,2071.25,-14.100124650152,1.10590657622176,1.10590561258059
2022-11-01 06:30:00,2071.27083333333,-13.9803980905213,1.12530785694804,1.12530689341122
2022-11-01 07:00:00,2071.29166666667,-13.8406000083333,1.14790653545032,1.14790557201789
2022-11-01 07:30:00,2071.3125,-13.6997240727778,1.1706769066113,1.17067594328329
2022-11-01 08:00:00,2071.33333333333,-13.8691762784195,1.14401177292023,1.14401080969663
2022-11-01 08:30:00,2071.35416666667,-13.8160853260664,1.15279791309269,1.15279694997353
2022-11-01 09:00:00,2071.375,-13.8442777675926,1.14863554025469,1.14863457724
2022-11-01 09:30:00,2071.39583333333,-13.7573296416667,1.16281513177125,1.16281416886104
2022-11-01 10:00:00,2071.41666666667,-13.9379817823708,1.13436579921972,1.13436483641401
2022-11-01 10:30:00,2071.4375,-14.5195876459716,1.04204424167854,1.04204327897735
2022-11-01 11:00:00,2071.45833333333,-14.5712355655556,1.03414535288591,1.03414439028926
2022-11-01 11:30:00,2071.47916666667,-14.7224963011111,1.01037806083462,1.01037709834252
2022-11-01 12:00:00,2071.5,-15.3734133954407,0.907015143237931,0.907014180850412
2022-11-01 12:30:00,2071.52083333333,-14.8623127890995,0.988762465176093,0.988761502893166
2022-11-01 13:30:00,2071.5625,-15.2100927742115,0.934018093347479,0.934017131273804
2022-11-01 14:30:00,2071.60416666667,-15.2909165244898,0.921799997696091,0.92179903583173
2022-11-01 16:00:00,2071.66666666667,-15.2287087187384,0.932695442904414,0.932694481354176
2022-11-01 16:30:00,2071.6875,-14.9420055608534,0.978696004837011,0.978695043391519
2022-11-01 17:00:00,2071.70833333333,-15.1225012238095,0.95027144979045,0.950270488449724
2022-11-01 17:30:00,2071.72916666667,-14.3078999978571,1.08036652926029,1.08036556802434
2022-11-01 18:00:00,2071.75,-14.4129629040816,1.06395844423363,1.06395748310249
2022-11-01 18:30:00,2071.77083333333,-14.9472772196491,0.979170291870844,0.97916933084451
2022-11-01 21:30:00,2071.89583333333,-13.5518423029685,1.20343483587518,1.20343387547813
2022-11-01 22:00:00,2071.91666666667,-13.6564786643785,1.18709460992797,1.18709364963586
2022-11-01 22:30:00,2071.9375,-14.2284582382189,1.0963062648551,1.09630530466796
2022-11-01 23:00:00,2071.95833333333,-14.2736419170686,1.08943687085079,1.08943591076863
2022-11-01 23:30:00,2071.97916666667,-14.2211224335807,1.09813164892641,1.09813068894924
2022-11-02,2072,-14.3311224543599,1.0809369422913,1.08093598241914
2022-11-02 00:30:00,2072.02083333333,-14.5022666614815,1.0540019114929,1.05400095172578
2022-11-02 01:00:00,2072.04166666667,-14.5163444307407,1.05208766486101,1.05208670519894
2022-11-02 01:30:00,2072.0625,-14.6103055611111,1.03744793004969,1.03744697049269
2022-11-02 02:00:00,2072.08333333333,-14.5050796183333,1.05453882662162,1.05453786716969
2022-11-02 02:30:00,2072.10416666667,-14.3569185277778,1.0784693111637,1.07846835181687
2022-11-02 03:00:00,2072.125,-14.5477666724074,1.0483953704856,1.0483944112439
2022-11-02 03:30:00,2072.14583333333,-14.605029627037,1.03960163419911,1.03960067506254
2022-11-02 04:00:00,2072.16666666667,-14.8285584517625,1.00432161411165,1.00432065508023
2022-11-02 04:30:00,2072.1875,-15.184638902037,0.947926013429981,0.947925054503735
2022-11-02 05:00:00,2072.20833333333,-15.2837944338889,0.932458723891501,0.932457765070445
2022-11-02 05:30:00,2072.22916666667,-15.1323259303704,0.956916010281291,0.956915051565435
2022-11-02 06:00:00,2072.25,-15.2377500114815,0.940450112313541,0.940449153702909
2022-11-02 06:30:00,2072.27083333333,-15.6525833405556,0.874695087948193,0.874694129442795
2022-11-02 07:00:00,2072.29166666667,-15.4351573907407,0.909659406398671,0.90965844799853
2022-11-02 07:30:00,2072.3125,-15.492760667718,0.900811360308247,0.90081040201338
2022-11-02 08:00:00,2072.33333333333,-15.4559518575926,0.907003214945698,0.907002256756115
2022-11-02 08:30:00,2072.35416666667,-15.850211122963,0.844525604852486,0.844524646768205
2022-11-02 09:00:00,2072.375,-16.4216166588889,0.753828454969067,0.753827496990116
2022-11-02 09:30:00,2072.39583333333,-16.3711166766667,0.762201286206175,0.762200328332559
2022-11-02 10:00:00,2072.41666666667,-16.5626407503704,0.73201949999712,0.732018542228855
2022-11-02 10:30:00,2072.4375,-16.2352944237037,0.784494126932264,0.784493169269372
2022-11-02 11:00:00,2072.45833333333,-16.2873314742593,0.776532698295911,0.776531740738409
2022-11-02 11:30:00,2072.47916666667,-16.385227767963,0.761265846944533,0.761264889492431
2022-11-02 12:00:00,2072.5,-16.433755212334,0.753863476019315,0.753862518672636
2022-11-02 12:30:00,2072.52083333333,-16.4863091145251,0.745819674891899,0.745818717650652
2022-11-02 13:00:00,2072.54166666667,-16.3676301234201,0.76505338339559,0.765052426259798
2022-11-02 13:30:00,2072.5625,-16.6131022566914,0.726277544881004,0.726276587850683
2022-11-02 14:00:00,2072.58333333333,-16.6939460671004,0.713727103123577,0.713726146198737
2022-11-02 14:30:00,2072.60416666667,-17.5229126524164,0.582000155943509,0.581999199124166
2022-11-02 15:00:00,2072.625,-17.779698882342,0.541421935459872,0.541420978746055
2022-11-02 15:30:00,2072.64583333333,-18.4342583801115,0.437478136308687,0.437477179700398
2022-11-02 16:00:00,2072.66666666667,-18.917830855948,0.36077267905253,0.360771722549785
2022-11-02 16:30:00,2072.6875,-18.8765557490706,0.36767580385475,0.367674847457572
2022-11-02 17:00:00,2072.70833333333,-19.1596226894052,0.322910995784837,0.322910039493241
2022-11-02 17:30:00,2072.72916666667,-19.4720000139665,0.273477009547626,0.273476053361621
2022-11-02 18:00:00,2072.75,-19.2450279111524,0.309961759460475,0.309960803380085
2022-11-02 18:30:00,2072.77083333333,-19.0147105881262,0.346979392245117,0.346978436270356
2022-11-02 19:00:00,2072.79166666667,-17.3442248734201,0.613416865845911,0.613415909976788
2022-11-02 19:30:00,2072.8125,-17.86619112282,0.530595161628827,0.530594205865364
2022-11-02 20:00:00,2072.83333333333,-17.477922061039,0.592774579723609,0.592773624065815
2022-11-02 23:00:00,2072.95833333333,-16.6232768921933,0.730887160338358,0.730886205314925
2022-11-02 23:30:00,2072.97916666667,-16.4232578962894,0.763078114664448,0.763077159746791
2022-11-03,2073,-16.3973228460111,0.767537358489068,0.767536403677207
2022-11-03 00:30:00,2073.02083333333,-16.380846006308,0.770489889007385,0.770488934301336
2022-11-03 01:00:00,2073.04166666667,-16.4938587557621,0.752814621793436,0.752813667193207
2022-11-03 01:30:00,2073.0625,-16.1113747692022,0.814072325027781,0.814071370533394
2022-11-03 02:00:00,2073.08333333333,-16.5938500290741,0.737541388466296,0.737540434077758
2022-11-03 02:30:00,2073.10416666667,-16.423337032963,0.765031933945669,0.765030979662995
2022-11-03 03:00:00,2073.125,-16.5783595447619,0.740664426570505,0.740663472393723
2022-11-03 03:30:00,2073.14583333333,-16.6063333083333,0.736535861723859,0.736534907652971
2022-11-03 04:00:00,2073.16666666667,-16.9547056053704,0.681367567638734,0.681366613673754
2022-11-03 04:30:00,2073.1875,-16.6552463098148,0.729399295263272,0.729398341404227
2022-11-03 05:00:00,2073.20833333333,-16.5527148172222,0.746060269168078,0.74605931541497
2022-11-03 05:30:00,2073.22916666667,-16.616342595,0.736251938540789,0.736250984893632
2022-11-03 06:00:00,2073.25,-16.707927747037,0.721989964150581,0.721989010609396
2022-11-03 06:30:00,2073.27083333333,-17.0841740501852,0.662381250859344,0.662380297424145
2022-11-03 07:00:00,2073.29166666667,-16.9312148025926,0.687075345829324,0.687074392500119
2022-11-03 07:30:00,2073.3125,-17.1158460441558,0.657991020439777,0.657990067216586
2022-11-03 08:00:00,2073.33333333333,-16.9474314827778,0.685147129517034,0.685146176399866
2022-11-03 08:30:00,2073.35416666667,-17.0323148396296,0.671952684935952,0.671951731924819
2022-11-03 09:00:00,2073.375,-17.3090055646296,0.62820317522433,0.62820222231926
2022-11-03 09:30:00,2073.39583333333,-17.4150518462963,0.611637432921793,0.611636480122787
2022-11-03 10:00:00,2073.41666666667,-17.4866962912963,0.600551913383788,0.600550960690861
2022-11-03 10:30:00,2073.4375,-17.5126177899814,0.596750077425385,0.596749124838562
2022-11-03 11:00:00,2073.45833333333,-17.6179407142593,0.580299523144374,0.580298570663656
2022-11-03 11:30:00,2073.47916666667,-17.5108522774621,0.597686235948044,0.597685283573445
2022-11-03 12:00:00,2073.5,-17.3792583462825,0.618976676950315,0.618975724681855
2022-11-03 12:30:00,2073.52083333333,-17.3091746998141,0.630468471031753,0.630467518869446
2022-11-03 13:00:00,2073.54166666667,-17.3547212250929,0.623540281470876,0.623539329414729
2022-11-03 13:30:00,2073.5625,-18.2346932734201,0.483687495103321,0.483686543153354
2022-11-03 14:00:00,2073.58333333333,-18.5494498351301,0.433873924927614,0.433872973083833
2022-11-03 14:30:00,2073.60416666667,-18.5756338362454,0.430030155094029,0.430029203356448
2022-11-03 15:00:00,2073.625,-18.0294014503717,0.517372709943391,0.517371758312037
2022-11-03 15:30:00,2073.64583333333,-17.9484293449814,0.530598954768958,0.530598003243829
2022-11-03 16:00:00,2073.66666666667,-18.2550892078067,0.482075135147236,0.482074183728347
2022-11-03 16:30:00,2073.6875,-17.8348380519553,0.549348745314228,0.549347794001605
2022-11-03 17:00:00,2073.70833333333,-17.7778419884758,0.558755544691904,0.558754593485547
2022-11-03 17:30:00,2073.72916666667,-18.0524368126394,0.5153396636793,0.515338712579222
2022-11-03 18:00:00,2073.75,-18.1140446919926,0.50585274010621,0.505851789112431
2022-11-03 18:30:00,2073.77083333333,-18.5111354842301,0.442923133656695,0.442922182769227
2022-11-03 19:00:00,2073.79166666667,-18.7218274302412,0.409686981458326,0.409686030677175
2022-11-03 19:30:00,2073.8125,-18.4028051977737,0.460834661234178,0.460833710559365
2022-11-03 20:00:00,2073.83333333333,-18.0376697270872,0.519328197571855,0.519327247003384
2022-11-03 20:30:00,2073.85416666667,-17.7381707074212,0.56736578507592,0.567364834613812
2022-11-03 21:00:00,2073.875,-17.1861076111317,0.655636995148021,0.655636044792288
2022-11-03 21:30:00,2073.89583333333,-16.5047169387337,0.764510165147941,0.764509214898589
2022-11-04 00:30:00,2074.02083333333,-16.7515769680891,0.727147754783061,0.727146805172282
2022-11-04 01:00:00,2074.04166666667,-16.4805769352505,0.770645293899768,0.770644344395457
2022-11-04 01:30:00,2074.0625,-16.1758271749071,0.819519173025192,0.819518223627367
2022-11-04 02:00:00,2074.08333333333,-15.8829164858998,0.866507063883822,0.866506114592488
2022-11-04 02:30:00,2074.10416666667,-15.7118348604824,0.894087482067569,0.894086532882747
2022-11-04 03:00:00,2074.125,-15.5214703714815,0.924739658373447,0.924738709295146
2022-11-04 03:30:00,2074.14583333333,-15.6584537059259,0.90324507660938,0.903244127637607
2022-11-04 04:00:00,2074.16666666667,-15.3802189398887,0.947895019061817,0.947894070196584
2022-11-04 04:30:00,2074.1875,-15.2438849910946,0.969940043971159,0.96993909521249
2022-11-04 05:00:00,2074.20833333333,-15.3394833235185,0.955038074746784,0.955037126094678
2022-11-04 05:30:00,2074.22916666667,-15.522790735,0.926163970514675,0.926163021969144
2022-11-04 06:00:00,2074.25,-15.4399240857407,0.939691568291944,0.939690619853006
2022-11-04 06:30:00,2074.27083333333,-15.3528092748148,0.95389588513878,0.953894936806447
2022-11-04 07:00:00,2074.29166666667,-15.3836166646296,0.949315094977421,0.949314146751697
2022-11-04 07:30:00,2074.3125,-15.6240296398148,0.911343969076266,0.91134302095717
2022-11-04 08:00:00,2074.33333333333,-16.0011277457407,0.85159878792587,0.851597839913406
2022-11-04 08:30:00,2074.35416666667,-15.7359962866667,0.894161219137897,0.894160271232084
2022-11-04 09:00:00,2074.375,-15.5646901858998,0.921777187393638,0.921776239594486
2022-11-04 09:30:00,2074.39583333333,-15.1355499755556,0.990466297185448,0.990465349492963
2022-11-04 10:00:00,2074.41666666667,-15.0396085311688,1.00607658903946,1.00607564145366
2022-11-04 10:30:00,2074.4375,-15.2746999942593,0.968953085717315,0.968952138238209
2022-11-04 11:00:00,2074.45833333333,-15.4281420482955,0.944836375108542,0.944835427736135
2022-11-04 11:30:00,2074.47916666667,-15.2589312342007,0.97211848042628,0.972117533160585
2022-11-04 12:00:00,2074.5,-14.8894349518587,1.0313061873818,1.03130524022283
2022-11-04 12:30:00,2074.52083333333,-14.6813035439479,1.06478833790485,1.06478739085262
2022-11-04 13:00:00,2074.54166666667,-14.4705687737918,1.09868518922991,1.09868424228442
2022-11-04 13:30:00,2074.5625,-13.5840780565056,1.24023042913025,1.24022948229153
2022-11-04 14:00:00,2074.58333333333,-13.7138959050186,1.21987697148434,1.21987602475239
2022-11-04 14:30:00,2074.60416666667,-14.1358457364312,1.15298666341176,1.15298571678659
2022-11-04 15:00:00,2074.625,-14.0871173392924,1.16107571666825,1.16107477014986
2022-11-04 15:30:00,2074.64583333333,-14.2619646618959,1.13354898112642,1.13354803471483
2022-11-04 16:00:00,2074.66666666667,-14.418226760223,1.10898286817783,1.10898192187306
2022-11-04 16:30:00,2074.6875,-13.5529163682156,1.24715396601062,1.24715301981268
2022-11-04 17:00:00,2074.70833333333,-13.7999907083643,1.20812136408817,1.20812041799706
2022-11-04 17:30:00,2074.72916666667,-13.7988070191095,1.20863642661719,1.20863548063291
2022-11-04 18:00:00,2074.75,-14.2928608465677,1.13025978174829,1.13025883587086
2022-11-04 18:30:00,2074.77083333333,-14.0680297038961,1.16640200922061,1.16640106345005
2022-11-04 19:00:00,2074.79166666667,-14.3235324684601,1.12602668485151,1.12602573918782
2022-11-04 19:30:00,2074.8125,-14.4447142942486,1.10704876480851,1.10704781925171
2022-11-04 20:00:00,2074.83333333333,-14.5297161307978,1.09383432565599,1.09383338020609
2022-11-04 20:30:00,2074.85416666667,-14.720812612616,1.0637189164038,1.0637179710608
2022-11-04 21:00:00,2074.875,-14.1918367324675,1.14831153165175,1.14831058641566
2022-11-04 21:30:00,2074.89583333333,-13.9666753289425,1.18450626628851,1.18450532115934
2022-11-04 22:00:00,2074.91666666667,-14.176124312987,1.15146723819027,1.15146629316803
2022-11-04 22:30:00,2074.9375,-13.8659109454545,1.20121077659614,1.20120983168085
2022-11-04 23:00:00,2074.95833333333,-14.0920037076067,1.16552034779132,1.16551940298298
2022-11-05 02:00:00,2075.08333333333,-13.3468107450835,1.28618760803161,1.2861866638652
2022-11-05 02:30:00,2075.10416666667,-13.2025472918367,1.30949506532345,1.30949412126406
2022-11-05 03:00:00,2075.125,-13.5465408966543,1.25502280651562,1.25502186256326
2022-11-05 03:30:00,2075.14583333333,-13.4380037057514,1.27263900897289,1.27263806512756
2022-11-05 04:00:00,2075.16666666667,-13.2608882901304,1.3011797537156,1.30117880997731
2022-11-05 04:30:00,2075.1875,-13.2430724830855,1.30434393901376,1.30434299538254
2022-11-05 05:00:00,2075.20833333333,-13.201051847963,1.31136395271911,1.31136300919496
2022-11-05 05:30:00,2075.22916666667,-12.8150666957407,1.37317774175537,1.37317679833828
2022-11-05 06:00:00,2075.25,-12.8836388883333,1.36258020284405,1.36257925953406
2022-11-05 06:30:00,2075.27083333333,-12.8952555509259,1.36105570243485,1.36105475923194
2022-11-05 07:00:00,2075.29166666667,-13.0228203727778,1.34106055922792,1.34105961613212
2022-11-05 07:30:00,2075.3125,-13.0795333574074,1.33235214611046,1.33235120312177
2022-11-05 08:00:00,2075.33333333333,-12.9501092577778,1.35329548527799,1.35329454239642
2022-11-05 08:30:00,2075.35416666667,-12.415681472037,1.43875618276857,1.43875523999413
2022-11-05 09:00:00,2075.375,-12.7432944437037,1.38689315324224,1.38689221057493
2022-11-05 09:30:00,2075.39583333333,-12.8534203896296,1.36967594395664,1.36967500139648
2022-11-05 10:00:00,2075.41666666667,-13.1572722101852,1.32159804598324,1.32159710353023
2022-11-05 10:30:00,2075.4375,-13.3795408075901,1.28651639529584,1.28651545295
2022-11-05 11:00:00,2075.45833333333,-13.0620706171004,1.33741550072004,1.33741455848136
2022-11-05 11:30:00,2075.47916666667,-12.7249163672862,1.39145027231541,1.39144933018391
2022-11-05 12:00:00,2075.5,-12.5237880936803,1.42381599010739,1.42381504808309
2022-11-05 12:30:00,2075.52083333333,-12.5257564862454,1.42382824521369,1.42382730329658
2022-11-05 13:00:00,2075.54166666667,-12.8151412812268,1.3780548433528,1.37805390154289
2022-11-05 13:30:00,2075.5625,-12.4242220147388,1.4406543459248,1.4406534042221
2022-11-05 14:00:00,2075.58333333333,-12.3723066780669,1.44925026146618,1.44924931987071
2022-11-05 14:30:00,2075.60416666667,-12.3484999799257,1.45336843200663,1.45336749051838
2022-11-05 15:00:00,2075.625,-12.2981654386617,1.46171248807556,1.46171154669455
2022-11-05 15:30:00,2075.64583333333,-12.2795873710037,1.46499769632573,1.46499675505196
2022-11-05 16:00:00,2075.66666666667,-12.2436542713755,1.47104755464941,1.4710466134829
2022-11-05 16:30:00,2075.6875,-12.6184181951673,1.41167306468983,1.41167212363058
2022-11-05 17:00:00,2075.70833333333,-12.6160445243043,1.41237684406093,1.41237590310894
2022-11-05 17:30:00,2075.72916666667,-12.3270872144712,1.4587335828695,1.45873264202478
2022-11-05 18:00:00,2075.75,-12.2987049890538,1.46358050543196,1.46357956469454
2022-11-05 18:30:00,2075.77083333333,-12.5451873706865,1.42464128053953,1.4246403399094
2022-11-05 19:00:00,2075.79166666667,-12.7054564057514,1.39943588419261,1.39943494366977
2022-11-05 19:30:00,2075.8125,-12.8734572537175,1.37299878531158,1.37299784489605
2022-11-05 20:00:00,2075.83333333333,-12.6815724875465,1.40389170268593,1.40389076237771
2022-11-05 20:30:00,2075.85416666667,-12.8030539055762,1.38486514368474,1.38486420348384
2022-11-05 21:00:00,2075.875,-12.9973636343228,1.35423696340349,1.35423602330992
2022-11-05 21:30:00,2075.89583333333,-12.9199332,1.36689716590754,1.36689622592131
2022-11-05 22:00:00,2075.91666666667,-12.818120587013,1.38344144747444,1.38344050759555
2022-11-05 22:30:00,2075.9375,-12.3450370753247,1.45912942905521,1.45912848928367
2022-11-05 23:00:00,2075.95833333333,-12.6776029543599,1.40647686746112,1.40647592779694
2022-11-05 23:30:00,2075.97916666667,-12.904784793321,1.37061203921228,1.37061109965546
2022-11-06,2076,-12.6136530589981,1.41731491399172,1.41731397454227
2022-11-06 00:30:00,2076.02083333333,-12.5441731905028,1.42870846851892,1.42870752917685
2022-11-06 03:00:00,2076.125,-12.9074044921348,1.3724719758026,1.37247103699752
2022-11-06 03:30:00,2076.14583333333,-12.5155473128015,1.43522034766103,1.43521940896337
2022-11-06 04:00:00,2076.16666666667,-12.5054247518095,1.43715810210292,1.43715716351268
2022-11-06 04:30:00,2076.1875,-12.2780816450835,1.47369922474438,1.47369828626158
2022-11-06 05:00:00,2076.20833333333,-12.3229165090909,1.46688218214036,1.46688124376499
2022-11-06 05:30:00,2076.22916666667,-12.1839647458256,1.48934246054951,1.48934152228158
2022-11-06 06:00:00,2076.25,-12.4654062931354,1.44483376407647,1.444832825916
2022-11-06 06:30:00,2076.27083333333,-12.2793222094444,1.47480221459048,1.47480127653746
2022-11-06 07:00:00,2076.29166666667,-12.2672851838889,1.47704482419477,1.47704388624922
2022-11-06 07:30:00,2076.3125,-12.0721222207407,1.50845950630728,1.5084585684692
2022-11-06 08:00:00,2076.33333333333,-12.1581851722222,1.49507467899585,1.49507374126524
2022-11-06 08:30:00,2076.35416666667,-12.0102907418519,1.51895940950468,1.51895847188155
2022-11-06 09:00:00,2076.375,-12.3592629564815,1.46369290805869,1.46369197054305
2022-11-06 09:30:00,2076.39583333333,-12.4631148216667,1.4474742330643,1.44747329565615
2022-11-06 10:00:00,2076.41666666667,-12.6523754799257,1.41764985587657,1.41764891857593
2022-11-06 10:30:00,2076.4375,-12.06855203829,1.5109783077932,1.51097737060007
2022-11-06 11:00:00,2076.45833333333,-12.1550334423792,1.49752669827191,1.49752576118628
2022-11-06 11:30:00,2076.47916666667,-12.1882732213755,1.4925564971276,1.49255556014948
2022-11-06 12:00:00,2076.5,-12.2145111648699,1.48870167279313,1.48870073592254
2022-11-06 12:30:00,2076.52083333333,-12.1994944052045,1.49141873152235,1.49141779475929
2022-11-06 13:00:00,2076.54166666667,-12.0946096847584,1.50845179995234,1.50845086329681
2022-11-06 13:30:00,2076.5625,-12.2564264256983,1.48299911428127,1.48299817773328
2022-11-06 14:00:00,2076.58333333333,-11.7707286381041,1.56069593497186,1.56069499853142
2022-11-06 14:30:00,2076.60416666667,-11.6673252710037,1.57749296048825,1.57749202415535
2022-11-06 15:00:00,2076.625,-11.8693847526022,1.54562951508039,1.54562857885506
2022-11-06 15:30:00,2076.64583333333,-11.8006170860595,1.55690900702729,1.55690807090952
2022-11-06 16:00:00,2076.66666666667,-11.9058606040892,1.54046837199916,1.54046743598895
2022-11-06 16:30:00,2076.6875,-11.9382913003711,1.53562685054454,1.5356259146419
2022-11-06 17:00:00,2076.70833333333,-11.765959177551,1.56340417149349,1.56340323569843
2022-11-06 17:30:00,2076.72916666667,-11.8636604808905,1.54816495363906,1.54816401795157
2022-11-06 18:00:00,2076.75,-11.7447193211896,1.56743701387364,1.56743607829375
2022-11-06 18:30:00,2076.77083333333,-11.2951502881262,1.63937830947539,1.63937737400309
2022-11-06 19:00:00,2076.79166666667,-11.5383005523191,1.6009689048267,1.60096796946199
2022-11-06 19:30:00,2076.8125,-11.1899387842301,1.6567877684088,1.65678683315169
2022-11-06 20:00:00,2076.83333333333,-10.986814487384,1.68947017777839,1.6894692426289
2022-11-06 20:30:00,2076.85416666667,-11.1300092767658,1.66698368793143,1.66698275288954
2022-11-06 21:00:00,2076.875,-11.0487458090909,1.68025353749595,1.68025260256168
2022-11-06 21:30:00,2076.89583333333,-11.146272729128,1.66504192915234,1.66504099432569
2022-11-06 22:00:00,2076.91666666667,-11.086925790538,1.67482041717067,1.67481948245164
2022-11-06 22:30:00,2076.9375,-11.4083562306122,1.62394077519656,1.62393984058516
2022-11-06 23:00:00,2076.95833333333,-11.5285176011132,1.60512341833025,1.60512248382648
2022-11-06 23:30:00,2076.97916666667,-11.6643265526902,1.5838133690705,1.58381243467436
2022-11-07,2077,-11.8216736345188,1.55907225868247,1.55907132439399
2022-11-07 00:30:00,2077.02083333333,-11.5954229910946,1.59543851842159,1.59543758424075
2022-11-07 01:00:00,2077.04166666667,-11.568319125974,1.6000805323934,1.60007959832021
2022-11-07 01:30:00,2077.0625,-11.6447310079777,1.58823239216219,1.58823145819667
2022-11-07 02:00:00,2077.08333333333,-11.6617266578588,1.5858492784137,1.58584834455583
2022-11-07 04:30:00,2077.1875,-11.4897464771127,1.6148670434557,1.61486611013619
2022-11-07 05:00:00,2077.20833333333,-11.4534656580705,1.62097077788206,1.62096984467022
2022-11-07 05:30:00,2077.22916666667,-11.4191200024,1.6267662173556,1.62676528425144
2022-11-07 06:00:00,2077.25,-11.8438534333952,1.55943000817325,1.5594290751768
2022-11-07 06:30:00,2077.27083333333,-11.6657309858998,1.58812914911475,1.58812821622599
2022-11-07 07:00:00,2077.29166666667,-11.6783859133581,1.58643729572483,1.58643636294376
2022-11-07 07:30:00,2077.3125,-11.6339999977737,1.59383206718262,1.59383113450926
2022-11-07 08:00:00,2077.33333333333,-11.5574592561111,1.60634910316036,1.6063481705947
2022-11-07 08:30:00,2077.35416666667,-11.8441462955556,1.56100367174667,1.56100273928872
2022-11-07 09:00:00,2077.375,-11.8300092427778,1.56357971086093,1.56357877851069
2022-11-07 09:30:00,2077.39583333333,-12.0140371046382,1.53458791508511,1.53458698284259
2022-11-07 10:00:00,2077.41666666667,-11.7506975853432,1.57686204040299,1.57686110826819
2022-11-07 10:30:00,2077.4375,-12.2482115096475,1.49793164598005,1.49793071395297
2022-11-07 11:00:00,2077.45833333333,-12.7819035237477,1.41323803349765,1.41323710157828
2022-11-07 11:30:00,2077.47916666667,-12.4485046497217,1.46667259658443,1.46667166477279
2022-11-07 12:00:00,2077.5,-12.9835491654917,1.38176348449162,1.38176255278772
2022-11-07 12:30:00,2077.52083333333,-12.9191500048148,1.39234615580043,1.39234522420426
2022-11-07 13:00:00,2077.54166666667,-12.8466536966667,1.40421868582008,1.40421775433165
2022-11-07 13:30:00,2077.5625,-12.8934222253704,1.39709221939186,1.39709128801117
2022-11-07 14:00:00,2077.58333333333,-12.976522227963,1.38417810045952,1.38417716918657
2022-11-07 14:30:00,2077.60416666667,-13.3930185292593,1.31815369010245,1.31815275893724
2022-11-07 15:00:00,2077.625,-14.5123481525926,1.1401674064578,1.14016647540034
2022-11-07 15:30:00,2077.64583333333,-14.9625425842593,1.06877481414272,1.06877388319301
2022-11-07 16:00:00,2077.66666666667,-15.6523944496296,0.959204598459903,0.959203667617947
2022-11-07 16:30:00,2077.6875,-16.5433981855556,0.817590723093765,0.817589792359566
2022-11-07 17:00:00,2077.70833333333,-17.5357814955556,0.659826986130937,0.659826055504493
2022-11-07 17:30:00,2077.72916666667,-18.1998277333333,0.554367556365799,0.554366625847118
2022-11-07 18:00:00,2077.75,-18.3949666711111,0.523605371494941,0.523604441084025
2022-11-07 18:30:00,2077.77083333333,-18.6479888964815,0.483622314422444,0.483621384119289
2022-11-07 19:00:00,2077.79166666667,-18.2898203903704,0.54100235447392,0.541001424278528
2022-11-07 19:30:00,2077.8125,-17.2676919638219,0.70415166111797,0.704150731030358
2022-11-07 20:00:00,2077.83333333333,-16.969698167963,0.751945780369233,0.751944850389388
2022-11-07 20:30:00,2077.85416666667,-17.3141259235185,0.697401664108012,0.697400734235937
2022-11-07 21:00:00,2077.875,-16.5993321124304,0.811592277014472,0.811591347250176
2022-11-07 21:30:00,2077.89583333333,-17.3028831332096,0.699839521265023,0.699838591608508
2022-11-07 22:00:00,2077.91666666667,-18.7427360572491,0.470793322741629,0.470792393192889
2022-11-07 22:30:00,2077.9375,-20.8513203540741,0.135217715194088,0.135216785753133
2022-11-07 23:00:00,2077.95833333333,-22.419807071243,-0.114319985450986,-0.114320914784162
2022-11-07 23:30:00,2077.97916666667,-23.9927713713755,-0.364570991800411,-0.364571921025798
2022-11-08,2078,-24.2751621610526,-0.409232739254656,-0.409233668372255
2022-11-08 00:30:00,2078.02083333333,-24.3730658579457,-0.424505584613102,-0.424506513622915
2022-11-08 01:00:00,2078.04166666667,-22.9266473988806,-0.193766830598612,-0.193767759500639
2022-11-08 01:30:00,2078.0625,-22.8198945894595,-0.176437795618328,-0.176438724412554
2022-11-08 02:00:00,2078.08333333333,-23.6346846938433,-0.305911229098785,-0.305912157785221
2022-11-08 02:30:00,2078.10416666667,-25.0087873052239,-0.52448356842252,-0.524484497001165
2022-11-08 03:00:00,2078.125,-25.3814515078358,-0.583526077417826,-0.583527005888672
2022-11-08 03:30:00,2078.14583333333,-25.7228073528689,-0.637581166547468,-0.637582094910515
2022-11-08 06:00:00,2078.25,-23.1164008244259,-0.220763398889226,-0.220764326713266
2022-11-08 06:30:00,2078.27083333333,-22.3553532620561,-0.0992049815180069,-0.0992059092342464
2022-11-08 07:00:00,2078.29166666667,-21.7342393500928,6.18811853993484e-05,6.09535769613978e-05
2022-11-08 07:30:00,2078.3125,-22.2391261638219,-0.0800440005692248,-0.0800449280698476
2022-11-08 08:00:00,2078.33333333333,-23.4372987007421,-0.270590817701277,-0.270591745094096
2022-11-08 08:30:00,2078.35416666667,-24.1865936797774,-0.389631143372753,-0.389632070657769
2022-11-08 09:00:00,2078.375,-25.4083755026022,-0.583938985230225,-0.58393991240743
2022-11-08 09:30:00,2078.39583333333,-24.799494417658,-0.48662094203259,-0.486621869101982
2022-11-08 10:00:00,2078.41666666667,-25.4975780355019,-0.597503334370202,-0.597504261331788
2022-11-08 10:30:00,2078.4375,-25.9816449581784,-0.674292738678229,-0.674293665532002
2022-11-08 11:00:00,2078.45833333333,-25.7449385523277,-0.63626246116923,-0.636263387915189
2022-11-08 11:30:00,2078.47916666667,-25.716860582342,-0.63146686711413,-0.631467793752282
2022-11-08 12:00:00,2078.5,-25.6536486700744,-0.62107443552002,-0.621075362050357
2022-11-08 12:30:00,2078.52083333333,-27.20802046171,-0.868364268517833,-0.868365194940361
2022-11-08 13:00:00,2078.54166666667,-29.0289238429368,-1.15811279886051,-1.15811372517523
2022-11-08 13:30:00,2078.5625,-28.920981404461,-1.14059483644534,-1.14059576265224
2022-11-08 14:00:00,2078.58333333333,-28.7007100420074,-1.10518282090786,-1.10518374700695
2022-11-08 14:30:00,2078.60416666667,-28.8335278851301,-1.12601819292087,-1.12601911891215
2022-11-08 15:00:00,2078.625,-29.3437588330241,-1.20697576704974,-1.20697669293321
2022-11-08 15:30:00,2078.64583333333,-28.4316994866419,-1.06136150577731,-1.06136243155296
2022-11-08 16:00:00,2078.66666666667,-28.5641224506494,-1.08213404785417,-1.08213497352201
2022-11-08 16:30:00,2078.6875,-28.9581487156134,-1.14458020766411,-1.14458113322414
2022-11-08 17:00:00,2078.70833333333,-28.5499832966605,-1.07923668395707,-1.07923760940928
2022-11-08 17:30:00,2078.72916666667,-27.4980466195896,-0.911339963813287,-0.911340889157686
2022-11-08 18:00:00,2078.75,-27.2935714593692,-0.878444493979961,-0.878445419216545
2022-11-08 18:30:00,2078.77083333333,-27.0505825617811,-0.839413783372574,-0.83941470850135
2022-11-08 19:00:00,2078.79166666667,-27.8894245957169,-0.972719538398907,-0.972720463419875
2022-11-08 19:30:00,2078.8125,-27.7538510251397,-0.950800216490651,-0.950801141403798
2022-11-08 20:00:00,2078.83333333333,-26.6326375301115,-0.771867775501888,-0.771868700307228
2022-11-08 20:30:00,2078.85416666667,-25.3086207548327,-0.560628652319694,-0.560629577017228
2022-11-08 21:00:00,2078.875,-25.6235046418994,-0.610467601145346,-0.610468525735067
2022-11-08 21:30:00,2078.89583333333,-24.8302467499072,-0.483778798034036,-0.483779722515945
2022-11-08 22:00:00,2078.91666666667,-23.5595083576994,-0.281027035425057,-0.281027959799162
2022-11-08 22:30:00,2078.9375,-24.0140464752788,-0.353113079170528,-0.353114003436823
2022-11-08 23:00:00,2078.95833333333,-23.7198311699443,-0.305922193060163,-0.305923117218648
2022-11-08 23:30:00,2078.97916666667,-23.5388163393321,-0.276764248991505,-0.276765173042189
2022-11-09,2079,-24.4945541965235,-0.428691845992814,-0.42869276993569
2022-11-09 00:30:00,2079.02083333333,-23.9700296962894,-0.344812617249167,-0.344813541084242
2022-11-09 01:00:00,2079.04166666667,-25.0183469545455,-0.511488230252916,-0.511489153980191
2022-11-09 01:30:00,2079.0625,-25.3029289435514,-0.55650029477973,-0.556501218399194
2022-11-09 02:00:00,2079.08333333333,-25.3204822773832,-0.558974529445789,-0.558975452957457
2022-11-09 02:30:00,2079.10416666667,-24.380278508972,-0.408877399071194,-0.408878322475066
2022-11-09 03:00:00,2079.125,-24.5222448786916,-0.431170770845974,-0.431171694142038
2022-11-09 03:30:00,2079.14583333333,-23.6989308826168,-0.299694316402724,-0.299695239590995
2022-11-09 04:00:00,2079.16666666667,-23.3591816666667,-0.245250102890128,-0.245251025970607
2022-11-09 04:30:00,2079.1875,-22.9765719407477,-0.183978205447666,-0.183979128420348
2022-11-09 05:00:00,2079.20833333333,-22.342040744898,-0.0825750637970718,-0.082575986661958
2022-11-09 07:30:00,2079.3125,-23.6423225227099,-0.288101927773925,-0.28810285009987
2022-11-09 08:00:00,2079.33333333333,-23.8295881283859,-0.317611760606702,-0.317612682824867
2022-11-09 08:30:00,2079.35416666667,-23.7134070685874,-0.298782349049307,-0.298783271159696
2022-11-09 09:00:00,2079.375,-23.231736538961,-0.221730230073042,-0.221731152075642
2022-11-09 09:30:00,2079.39583333333,-23.2674044500928,-0.227090520755108,-0.227091442649934
2022-11-09 10:00:00,2079.41666666667,-23.7215324636364,-0.299111831178415,-0.29911275296547
2022-11-09 10:30:00,2079.4375,-23.4871206166976,-0.261448276219465,-0.261449197898744
2022-11-09 11:00:00,2079.45833333333,-23.0972356179963,-0.199017763554508,-0.199018685126013
2022-11-09 11:30:00,2079.47916666667,-22.9625999553704,-0.17724867904462,-0.17724960050836
2022-11-09 12:00:00,2079.5,-23.3050999744444,-0.231487676151824,-0.231488597507794
2022-11-09 12:30:00,2079.52083333333,-23.3727315081481,-0.241939953711542,-0.241940874959752
2022-11-09 13:00:00,2079.54166666667,-24.4752648412963,-0.417252854113876,-0.417253775254321
2022-11-09 13:30:00,2079.5625,-24.6037333361111,-0.437396556369852,-0.437397477402535
2022-11-09 14:00:00,2079.58333333333,-25.2288889107407,-0.536662892099013,-0.536663813023942
2022-11-09 14:30:00,2079.60416666667,-25.2992759540741,-0.547554231109401,-0.547555151926579
2022-11-09 15:00:00,2079.625,-25.1895036635185,-0.52974608628963,-0.529747006999047
2022-11-09 15:30:00,2079.64583333333,-25.1233370588889,-0.518884385242578,-0.518885305844249
2022-11-09 16:00:00,2079.66666666667,-24.8222499998148,-0.470599714810145,-0.470600635304072
2022-11-09 16:30:00,2079.6875,-25.00239259,-0.498975298323315,-0.498976218709495
2022-11-09 17:00:00,2079.70833333333,-23.9320393714567,-0.328146032853421,-0.328146953131858
2022-11-09 17:30:00,2079.72916666667,-24.488837012037,-0.416523089032124,-0.416524009202826
2022-11-09 18:00:00,2079.75,-25.0385157881262,-0.503766132059643,-0.503767052122606
2022-11-09 18:30:00,2079.77083333333,-25.138170677551,-0.519320075439484,-0.519320995394718
2022-11-09 19:00:00,2079.79166666667,-24.6945138797774,-0.448324105923079,-0.44832502577058
2022-11-09 19:30:00,2079.8125,-23.3021722387037,-0.226201990100059,-0.226202909839831
2022-11-09 20:00:00,2079.83333333333,-23.5970241012963,-0.27285103231434,-0.272851951946392
2022-11-09 20:30:00,2079.85416666667,-21.7222745977737,0.0261189462622266,0.0261180267378911
2022-11-09 21:00:00,2079.875,-21.5858592472222,0.0481710247391389,0.0481701053225297
2022-11-09 21:30:00,2079.89583333333,-21.6544092253704,0.0375719525459821,0.0375710332370832
2022-11-09 22:00:00,2079.91666666667,-20.6269370468519,0.201569965762198,0.201569046561006
2022-11-09 22:30:00,2079.9375,-20.6207296272222,0.202879745659268,0.202878826565786
2022-11-09 23:00:00,2079.95833333333,-20.852157412963,0.166334040062916,0.16633312107714
2022-11-09 23:30:00,2079.97916666667,-20.552124995709,0.214450297089695,0.214449378211617
2022-11-10,2080,-21.0949792398866,0.128294079070065,0.128293160299686
2022-11-10 00:30:00,2080.02083333333,-21.5482037626168,0.0564159121432769,0.0564149934805876
2022-11-10 01:00:00,2080.04166666667,-21.1251305619403,0.124132571143013,0.124131652588016
2022-11-10 01:30:00,2080.0625,-20.6685932634328,0.197180057174556,0.197179138727247
2022-11-10 02:00:00,2080.08333333333,-20.2833974244403,0.258862770016308,0.258861851676678
2022-11-10 02:30:00,2080.10416666667,-20.457742563806,0.231410177402112,0.231409259170156
2022-11-10 03:00:00,2080.125,-20.2067033373134,0.2717215904642,0.271720672339928
2022-11-10 03:30:00,2080.14583333333,-20.0321324742537,0.299851510755323,0.299850592738718
2022-11-10 04:00:00,2080.16666666667,-19.6797929235075,0.356300082158681,0.356299164249739
2022-11-10 04:30:00,2080.1875,-19.4969048511194,0.385754884054356,0.38575396625308
2022-11-10 05:00:00,2080.20833333333,-19.2853619175373,0.419774397861208,0.419773480167592
2022-11-10 05:30:00,2080.22916666667,-19.2197835705224,0.43054162072464,0.430540703138675
2022-11-10 06:00:00,2080.25,-18.9890429345149,0.467619286215217,0.467618368736906
2022-11-10 06:30:00,2080.27083333333,-19.197499775,0.434732451767221,0.434731534396551
2022-11-10 09:00:00,2080.375,-18.5069777888889,0.54633512104755,0.546334204215051
2022-11-10 09:30:00,2080.39583333333,-18.1132485725417,0.609376786455753,0.60937586973087
2022-11-10 10:00:00,2080.41666666667,-17.9757346716141,0.631603140658229,0.631602224040957
2022-11-10 10:30:00,2080.4375,-17.7972857185529,0.660350449512343,0.660349533002684
2022-11-10 11:00:00,2080.45833333333,-17.9495231784787,0.636419148018139,0.636418231616088
2022-11-10 11:30:00,2080.47916666667,-18.1285993011132,0.608212399887301,0.608211483592846
2022-11-10 12:00:00,2080.5,-17.971448967718,0.633566737944497,0.633565821757641
2022-11-10 12:30:00,2080.52083333333,-17.3214518312963,0.737431895348182,0.73743097926892
2022-11-10 13:00:00,2080.54166666667,-17.0521574011111,0.780650810982558,0.780649895010877
2022-11-10 13:30:00,2080.5625,-16.8013222090741,0.82092912813658,0.820928212272483
2022-11-10 14:00:00,2080.58333333333,-17.0940073788889,0.774624234548177,0.774623318791652
2022-11-10 14:30:00,2080.60416666667,-17.1284407575926,0.769459007099614,0.769458091450656
2022-11-10 15:00:00,2080.625,-17.3296258753704,0.737730079678503,0.737729164137119
2022-11-10 15:30:00,2080.64583333333,-17.0097314831481,0.789009461754093,0.789008546320265
2022-11-10 16:00:00,2080.66666666667,-17.0470777964815,0.78338011528896,0.783379199962684
2022-11-10 16:30:00,2080.6875,-16.8615759081481,0.813250617701192,0.813249702482467
2022-11-10 17:00:00,2080.70833333333,-16.8502944805556,0.815367647278162,0.815366732166984
2022-11-10 17:30:00,2080.72916666667,-16.2577646943074,0.910077926776114,0.910077011772471
2022-11-10 18:00:00,2080.75,-15.8031129668519,0.982824103957821,0.982823189061715
2022-11-10 18:30:00,2080.77083333333,-15.2998833287037,1.06330874796512,1.06330783317654
2022-11-10 19:00:00,2080.79166666667,-15.0126074194444,1.10939177953416,1.1093908648531
2022-11-10 19:30:00,2080.8125,-14.3598870242593,1.21369034971814,1.2136894351446
2022-11-10 20:00:00,2080.83333333333,-14.0466703740741,1.26390570152501,1.26390478705898
2022-11-10 20:30:00,2080.85416666667,-14.2163650139665,1.23719291050218,1.23719199614365
2022-11-10 21:00:00,2080.875,-14.5788901824663,1.17976204920603,1.17976113495501
2022-11-10 21:30:00,2080.89583333333,-14.6637055475926,1.16657052873414,1.1665696145906
2022-11-10 22:00:00,2080.91666666667,-14.2617722137037,1.23091839450308,1.23091748046703
2022-11-10 22:30:00,2080.9375,-14.2841629535185,1.22767110271384,1.22767018878528
2022-11-10 23:00:00,2080.95833333333,-14.5871499831481,1.17972459200869,1.1797236781876
2022-11-10 23:30:00,2080.97916666667,-14.5996074318519,1.17805962168927,1.17805870797565
2022-11-11,2081,-14.3889870448148,1.21193108050471,1.21193016689856
2022-11-11 00:30:00,2081.02083333333,-14.3520186589552,1.21813962188502,1.21813870838632
2022-11-11 01:00:00,2081.04166666667,-14.7048152958955,1.16225828700783,1.16225737361658
2022-11-11 01:30:00,2081.0625,-14.3155503768657,1.22458785864735,1.22458694536355
2022-11-11 02:00:00,2081.08333333333,-14.1872317953271,1.24534846257255,1.24534754939618
2022-11-11 02:30:00,2081.10416666667,-14.1249290901119,1.25559266050628,1.25559174743734
2022-11-11 03:00:00,2081.125,-14.1733383145794,1.24820033916702,1.24819942620551
2022-11-11 03:30:00,2081.14583333333,-14.1001100738806,1.26018492315309,1.260184010299
2022-11-11 04:00:00,2081.16666666667,-14.2991137990672,1.22880273059316,1.22880181784648
2022-11-11 04:30:00,2081.1875,-14.6143395485075,1.17890625663474,1.17890534399547
2022-11-11 05:00:00,2081.20833333333,-13.8050746026119,1.30814192409619,1.30814101156432
2022-11-11 05:30:00,2081.22916666667,-13.913625013806,1.29116891932823,1.29116800690374
2022-11-11 06:00:00,2081.25,-13.923898824,1.28985141732535,1.28985050500825
2022-11-11 06:30:00,2081.27083333333,-14.3498358147388,1.22231844357893,1.22231753136921
2022-11-11 07:00:00,2081.29166666667,-13.9608210136187,1.28460784256464,1.28460693046228
2022-11-11 07:30:00,2081.3125,-14.0967659282772,1.26327075355756,1.26326984156257
2022-11-11 10:30:00,2081.4375,-14.1698960987013,1.25353462847871,1.25353371712776
2022-11-11 11:00:00,2081.45833333333,-13.8958794128015,1.29750450337394,1.2975035921303
2022-11-11 11:30:00,2081.47916666667,-13.7573710530612,1.31988777462259,1.31988686348626
2022-11-11 12:00:00,2081.5,-13.687462817658,1.33134296654744,1.33134205551841
2022-11-11 12:30:00,2081.52083333333,-13.2846790400742,1.39582543968341,1.39582452876167
2022-11-11 13:00:00,2081.54166666667,-12.7782222162963,1.47682307258813,1.47682216177368
2022-11-11 13:30:00,2081.5625,-12.8446944353704,1.46655266892743,1.46655175822025
2022-11-11 14:00:00,2081.58333333333,-12.674870375,1.49392440078473,1.49392349018482
2022-11-11 14:30:00,2081.60416666667,-12.7581296492593,1.48097974588054,1.48097883538789
2022-11-11 15:00:00,2081.625,-12.3936456267161,1.53936088738038,1.53935997699499
2022-11-11 15:30:00,2081.64583333333,-12.2728389211111,1.55892402737693,1.55892311709878
2022-11-11 16:00:00,2081.66666666667,-12.2439592364815,1.56384309641892,1.563842186248
2022-11-11 16:30:00,2081.6875,-12.3573240583333,1.54610248306681,1.54610157300313
2022-11-11 17:00:00,2081.70833333333,-12.1746870125926,1.57551514784607,1.57551423788961
2022-11-11 17:30:00,2081.72916666667,-11.1219554606679,1.74353445829723,1.74353354844798
2022-11-11 18:00:00,2081.75,-10.7494129495741,1.8031991374882,1.80319822774615
2022-11-11 18:30:00,2081.77083333333,-10.5630777859259,1.83320082213991,1.83319991250506
2022-11-11 19:00:00,2081.79166666667,-10.8209666564815,1.79243726962913,1.79243636010147
2022-11-11 19:30:00,2081.8125,-10.9448144784787,1.77302652083431,1.77302561141384
2022-11-11 20:00:00,2081.83333333333,-10.8465944411111,1.78899130958123,1.78899040026793
2022-11-11 20:30:00,2081.85416666667,-10.7556203846296,1.80380177720669,1.80380086800055
2022-11-11 21:00:00,2081.875,-11.1023222314815,1.74889012943342,1.74888922033443
2022-11-11 21:30:00,2081.89583333333,-11.5764555672222,1.67367852314619,1.67367761415435
2022-11-11 22:00:00,2081.91666666667,-11.7002611303704,1.65427435007091,1.6542734411862
2022-11-11 22:30:00,2081.9375,-11.6613370312963,1.66079309712479,1.66079218834722
2022-11-11 23:00:00,2081.95833333333,-11.7176536881481,1.65213989230729,1.65213898363684
2022-11-11 23:30:00,2081.97916666667,-12.5574000272222,1.51868574783041,1.51868483926707
2022-11-12,2082,-13.5009981690741,1.36868790548349,1.36868699702725
2022-11-12 00:30:00,2082.02083333333,-14.7564092712963,1.16901800420975,1.16901709586061
2022-11-12 01:00:00,2082.04166666667,-14.8857074161111,1.14873867023003,1.14873776198798
2022-11-12 01:30:00,2082.0625,-14.1970764891791,1.25875599028574,1.25875508215077
2022-11-12 02:00:00,2082.08333333333,-14.0966249996269,1.27507587400989,1.27507496598198
2022-11-12 02:30:00,2082.10416666667,-13.8034067354478,1.32210361100824,1.32210270308739
2022-11-12 03:00:00,2082.125,-13.4255149063433,1.38261987568973,1.38261896787594
2022-11-12 03:30:00,2082.14583333333,-12.5196530076493,1.52724211799184,1.52724121028509
2022-11-12 04:00:00,2082.16666666667,-12.9235914315299,1.46321220110882,1.46321129350909
2022-11-12 04:30:00,2082.1875,-13.1967719624299,1.42001207817839,1.42001117068569
2022-11-12 05:00:00,2082.20833333333,-13.8242499925373,1.3203720785578,1.32037117117211
2022-11-12 05:30:00,2082.22916666667,-13.9523177392523,1.30028846204461,1.30028755476592
2022-11-12 06:00:00,2082.25,-13.4628152811567,1.37858418851845,1.37858328134676
2022-11-12 06:30:00,2082.27083333333,-13.3418854791985,1.39816599547985,1.39816508841514
2022-11-12 07:00:00,2082.29166666667,-13.513908413271,1.37108019020007,1.37107928324234
2022-11-12 07:30:00,2082.3125,-12.8558859885981,1.47622117164438,1.47622026479362
2022-11-12 08:00:00,2082.33333333333,-12.5272752911985,1.52888659740709,1.52888569066328
2022-11-12 08:30:00,2082.35416666667,-12.3554373986916,1.55657797115267,1.5565770645158
2022-11-12 09:00:00,2082.375,-12.2910430810861,1.56715347442921,1.56715256789929
2022-11-12 12:00:00,2082.5,-15.3762583657993,1.07758045101354,1.07757954512502
2022-11-12 12:30:00,2082.52083333333,-15.8338642873606,1.00500071657736,1.00499981079571
2022-11-12 13:00:00,2082.54166666667,-19.928166996846,0.353092552464642,0.353091646789852
2022-11-12 13:30:00,2082.5625,-21.3780685912801,0.122439343128421,0.122438437560481
2022-11-12 14:00:00,2082.58333333333,-21.6511781146568,0.0792499190484174,0.0792490135873164
2022-11-12 14:30:00,2082.60416666667,-21.9986740388889,0.0242106555008056,0.0242097501465271
2022-11-12 15:00:00,2082.625,-23.5287795890741,-0.219219199263183,-0.219220104510643
2022-11-12 15:30:00,2082.64583333333,-25.2214192560297,-0.4885408877128,-0.488541792853459
2022-11-12 16:00:00,2082.66666666667,-26.6402463053704,-0.714244063282304,-0.714244968316171
2022-11-12 16:30:00,2082.6875,-26.0712814472222,-0.623290600304826,-0.6232915052319
2022-11-12 17:00:00,2082.70833333333,-24.5315166512963,-0.377688046350882,-0.377688951171186
2022-11-12 17:30:00,2082.72916666667,-23.0359444692593,-0.139125440267689,-0.139126344981233
2022-11-12 18:00:00,2082.75,-22.4747092503704,-0.0494034130410692,-0.0494043176478585
2022-11-12 18:30:00,2082.77083333333,-22.1414703922222,0.00399859801162031,0.00399769351157528
2022-11-12 19:00:00,2082.79166666667,-21.3006817126882,0.138253625292928,0.13825272089961
2022-11-12 19:30:00,2082.8125,-20.7701057714286,0.223091508625081,0.223090604338485
2022-11-12 20:00:00,2082.83333333333,-20.2606851761111,0.304559297130058,0.304558392950174
2022-11-12 20:30:00,2082.85416666667,-19.5343944548148,0.420574618540248,0.420573714467058
2022-11-12 21:00:00,2082.875,-19.3626018803704,0.44825795572376,0.44825705175726
2022-11-12 21:30:00,2082.89583333333,-18.5206129698148,0.582704014957843,0.582703111098016
2022-11-12 22:00:00,2082.91666666667,-18.2823870401852,0.620970166610941,0.620969262857781
2022-11-12 22:30:00,2082.9375,-18.1487907181481,0.642568713701254,0.64256781005475
2022-11-12 23:00:00,2082.95833333333,-18.1656518485185,0.640199247760092,0.640198344220227
2022-11-12 23:30:00,2082.97916666667,-18.0383722192593,0.660791474447957,0.660790571014726
2022-11-13,2083,-18.5689296485185,0.576589754189999,0.57658885086339
2022-11-13 00:30:00,2083.02083333333,-18.4038092518519,0.603209975276056,0.603209072056051
2022-11-13 01:00:00,2083.04166666667,-18.4062592548148,0.603136078446868,0.603135175333463
2022-11-13 01:30:00,2083.0625,-18.6046407514815,0.571850121108564,0.571849218101741
2022-11-13 02:00:00,2083.08333333333,-18.5078166714815,0.587590589503263,0.587589686603017
2022-11-13 02:30:00,2083.10416666667,-18.6072111305556,0.57207327077525,0.572072367981568
2022-11-13 03:00:00,2083.125,-18.6767444248134,0.561312823272967,0.561311920585832
2022-11-13 03:30:00,2083.14583333333,-18.6186193856343,0.570888405804254,0.570887503223654
2022-11-13 04:00:00,2083.16666666667,-18.631744401306,0.569113769932026,0.569112867457955
2022-11-13 04:30:00,2083.1875,-18.5601122816327,0.580840972498507,0.580840070130954
2022-11-13 05:00:00,2083.20833333333,-18.3109440169776,0.620849775999393,0.62084887373834
2022-11-13 05:30:00,2083.22916666667,-18.1130783518657,0.652686004860409,0.65268510270585
2022-11-13 06:00:00,2083.25,-18.469956040153,0.596151187186729,0.596150285138651
2022-11-13 06:30:00,2083.27083333333,-18.5533866154275,0.583176656072424,0.58317575413081
2022-11-13 07:00:00,2083.29166666667,-18.5288252752788,0.587405280264702,0.587404378429546
2022-11-13 07:30:00,2083.3125,-18.2173441064639,0.637340404166664,0.637339502437947
2022-11-13 08:00:00,2083.33333333333,-18.3020185994424,0.624167613973508,0.624166712351225
2022-11-13 08:30:00,2083.35416666667,-18.4357602243494,0.603178360486008,0.603177458970145
2022-11-13 09:00:00,2083.375,-18.5007062907063,0.59314825448295,0.59314735307349
2022-11-13 09:30:00,2083.39583333333,-17.8914646552045,0.690516696973639,0.690515795670569
2022-11-13 10:00:00,2083.41666666667,-17.2111264055762,0.799210846665601,0.799209945468922
2022-11-13 10:30:00,2083.4375,-17.3617989,0.775524356703402,0.775523455613088
2022-11-13 13:30:00,2083.5625,-17.5725177613084,0.743850445882273,0.743849545429903
2022-11-13 14:00:00,2083.58333333333,-17.4029758569573,0.771174097408502,0.771173197062416
2022-11-13 14:30:00,2083.60416666667,-18.1704508435993,0.649230253996076,0.649229353756259
2022-11-13 15:00:00,2083.625,-17.3667514100186,0.777575583865503,0.777574683731937
2022-11-13 15:30:00,2083.64583333333,-17.6859851517625,0.727036821763298,0.727035921735969
2022-11-13 16:00:00,2083.66666666667,-18.0711759318519,0.665991021598008,0.665990121676916
2022-11-13 16:30:00,2083.6875,-18.2121648235185,0.643846722006692,0.643845822191811
2022-11-13 17:00:00,2083.70833333333,-17.8044666466667,0.709108629727071,0.709107730018389
2022-11-13 17:30:00,2083.72916666667,-17.351929625,0.781513362626683,0.781512463024192
2022-11-13 18:00:00,2083.75,-17.2845528727273,0.792561754488891,0.792560854992577
2022-11-13 18:30:00,2083.77083333333,-17.6483444990741,0.734924680595763,0.734923781205607
2022-11-13 19:00:00,2083.79166666667,-17.462011132963,0.764922876163897,0.764921976879892
2022-11-13 19:30:00,2083.8125,-17.8102852046296,0.709757689853137,0.709756790675263
2022-11-13 20:00:00,2083.83333333333,-18.5440740614815,0.59317968772456,0.59317878865281
2022-11-13 20:30:00,2083.85416666667,-19.3447481775926,0.465946780914441,0.465945881948802
2022-11-13 21:00:00,2083.875,-19.262427747963,0.47937550111458,0.479374602255032
2022-11-13 21:30:00,2083.89583333333,-20.3384555816667,0.308278480030488,0.308277581277017
2022-11-13 22:00:00,2083.91666666667,-21.2648111198148,0.16102432738043,0.161023428733034
2022-11-13 22:30:00,2083.9375,-22.2770592559259,8.73872488593164e-05,8.64887075132659e-05
2022-11-13 23:00:00,2083.95833333333,-22.2585677434137,0.00334797443580348,0.00334707600049311
2022-11-13 23:30:00,2083.97916666667,-22.4133555785185,-0.020994997606905,-0.0209958959361873
2022-11-14,2084,-22.3410889159259,-0.00916806127764075,-0.00916895950090896
2022-11-14 00:30:00,2084.02083333333,-21.9997092775926,0.0455287289911049,0.0455278308738306
2022-11-14 01:00:00,2084.04166666667,-22.3899277957407,-0.0163186253244227,-0.0163195233357109
2022-11-14 01:30:00,2084.0625,-22.5736481875926,-0.0452707160430448,-0.0452716139483673
2022-11-14 02:00:00,2084.08333333333,-22.7004833487037,-0.0651609843822328,-0.0651618821815975
2022-11-14 02:30:00,2084.10416666667,-22.7646611385185,-0.0750699242669295,-0.0750708219603505
2022-11-14 03:00:00,2084.125,-22.9388259287037,-0.102499907517854,-0.102500805105352
2022-11-14 03:30:00,2084.14583333333,-23.4677944214815,-0.186450409788295,-0.186451307269884
2022-11-14 04:00:00,2084.16666666667,-23.4665610798148,-0.185939416632664,-0.185940314008346
2022-11-14 04:30:00,2084.1875,-23.5196332946296,-0.194079373162052,-0.194080270431854
2022-11-14 05:00:00,2084.20833333333,-23.7406611309259,-0.228974815986947,-0.228975713150883
2022-11-14 05:30:00,2084.22916666667,-24.5527342321224,-0.358024227689259,-0.358025124747338
2022-11-14 06:00:00,2084.25,-24.7110000148699,-0.382921702194887,-0.382922599147123
2022-11-14 06:30:00,2084.27083333333,-24.5912881369888,-0.363537172607357,-0.363538069453772
2022-11-14 07:00:00,2084.29166666667,-24.8116821866171,-0.398331796247423,-0.398332692988024
2022-11-14 07:30:00,2084.3125,-25.00908938473,-0.429464633986247,-0.429465530621055
2022-11-14 08:00:00,2084.33333333333,-25.024866180855,-0.431663654905154,-0.431664551434179
2022-11-14 08:30:00,2084.35416666667,-25.2145512495164,-0.461566423968397,-0.461567320391653
2022-11-14 09:00:00,2084.375,-25.5734729748603,-0.518428749472422,-0.51842964578993
2022-11-14 09:30:00,2084.39583333333,-24.9664405120818,-0.421413918658679,-0.421414814870447
2022-11-14 10:00:00,2084.41666666667,-24.6972286347584,-0.378214184691761,-0.378215080797806
2022-11-14 10:30:00,2084.4375,-24.6626710126394,-0.372395077479157,-0.372395973479498
2022-11-14 11:00:00,2084.45833333333,-24.7050037361266,-0.37882469352204,-0.378825589416694
2022-11-14 11:30:00,2084.47916666667,-24.4491769054004,-0.337757315804071,-0.337758211593045
2022-11-14 12:00:00,2084.5,-24.3722682750469,-0.325191771596784,-0.325192667280095
2022-11-14 15:00:00,2084.625,-25.1450111385475,-0.446407360640377,-0.446408255690048
2022-11-14 15:30:00,2084.64583333333,-25.5880892488848,-0.516676331279161,-0.516677226223276
2022-11-14 16:00:00,2084.66666666667,-25.1098274847866,-0.440175238175371,-0.440176133013946
2022-11-14 16:30:00,2084.6875,-25.3915313303258,-0.484737246463696,-0.484738141196753
2022-11-14 17:00:00,2084.70833333333,-25.6250359697842,-0.52162112351585,-0.521622018143405
2022-11-14 18:00:00,2084.75,-25.5251614027829,-0.505083986232673,-0.505084880649258
2022-11-14 18:30:00,2084.77083333333,-24.8572541988868,-0.398372422928311,-0.398373317239442
2022-11-14 19:00:00,2084.79166666667,-24.8052133398887,-0.389768845368784,-0.389769739574469
2022-11-14 19:30:00,2084.8125,-25.2060186003717,-0.453304015189189,-0.453304909289446
2022-11-14 20:00:00,2084.83333333333,-24.4444489972171,-0.331672075562051,-0.3316729695569
2022-11-14 20:30:00,2084.85416666667,-24.2147940736549,-0.294774561524163,-0.294775455413616
2022-11-14 21:00:00,2084.875,-22.8298796755556,-0.0738434246875472,-0.073844318471626
2022-11-14 21:30:00,2084.89583333333,-22.3966981307407,-0.00452404859690309,-0.00452494227561745
2022-11-14 22:00:00,2084.91666666667,-22.3629537072222,0.00116467149068644,0.00116377791732003
2022-11-14 22:30:00,2084.9375,-21.6856481516667,0.109373102630374,0.109372209162333
2022-11-14 23:00:00,2084.95833333333,-21.8489073966667,0.0836789231454421,0.0836780297827103
2022-11-14 23:30:00,2084.97916666667,-22.3198074522222,0.00897730543684844,0.00897641217941558
2022-11-15,2085,-22.1675696170686,0.0335419617217272,0.0335410685695767
2022-11-15 00:30:00,2085.02083333333,-22.0625407333333,0.0505861609710141,0.0505852679241232
2022-11-15 01:00:00,2085.04166666667,-22.2178237589981,0.0261624496521465,0.0261615567105048
2022-11-15 01:30:00,2085.0625,-22.0846314505556,0.047693027785757,0.0476921349493478
2022-11-15 02:00:00,2085.08333333333,-22.5218647792593,-0.0216456431700917,-0.0216465359012912
2022-11-15 02:30:00,2085.10416666667,-22.6709703814815,-0.045085398896766,-0.0450862915227664
2022-11-15 03:00:00,2085.125,-22.9765258998148,-0.0934477756001148,-0.0934486681209392
2022-11-15 03:30:00,2085.14583333333,-22.8347148198148,-0.0705443710744793,-0.0705452634901383
2022-11-15 04:00:00,2085.16666666667,-23.43406111,-0.165707902878741,-0.165708795189251
2022-11-15 04:30:00,2085.1875,-23.185576466791,-0.125811398782297,-0.125812290987682
2022-11-15 05:00:00,2085.20833333333,-23.399261168097,-0.159538839238422,-0.159539731338699
2022-11-15 05:30:00,2085.22916666667,-23.5777798149254,-0.187664339825625,-0.187665231820805
2022-11-15 06:00:00,2085.25,-23.5071007591418,-0.176092506086615,-0.176093397976715
2022-11-15 06:30:00,2085.27083333333,-23.0858172119403,-0.108669164138087,-0.108670055923129
2022-11-15 07:00:00,2085.29166666667,-22.8215723537281,-0.0662622354269773,-0.0662631271069742
2022-11-15 07:30:00,2085.3125,-23.2241679134328,-0.130083499722191,-0.13008439129716
2022-11-15 08:00:00,2085.33333333333,-23.4471546958491,-0.165292995384517,-0.165293886854481
2022-11-15 08:30:00,2085.35416666667,-23.4667817419776,-0.168107177712617,-0.168108069077587
2022-11-15 09:00:00,2085.375,-23.2087649371269,-0.126692534191948,-0.126693425451948
2022-11-15 09:30:00,2085.39583333333,-23.7340560229478,-0.21005943547663,-0.210060326631671
2022-11-15 10:00:00,2085.41666666667,-24.4401958841418,-0.322235714014898,-0.322236605064997
2022-11-15 10:30:00,2085.4375,-24.3537574576493,-0.308153743078528,-0.30815463402371
2022-11-15 11:00:00,2085.45833333333,-24.1842947686567,-0.280845985975717,-0.280846876816
2022-11-15 11:30:00,2085.47916666667,-23.6755056009328,-0.199483316544085,-0.199484207279474
2022-11-15 12:00:00,2085.5,-24.1017761326493,-0.267076363698529,-0.267077254329053
2022-11-15 12:30:00,2085.52083333333,-24.0578130500935,-0.259760898364685,-0.259761788890362
2022-11-15 13:00:00,2085.54166666667,-23.9533668554935,-0.242810468400186,-0.242811358821029
2022-11-15 16:30:00,2085.6875,-25.7633784994434,-0.528963157934263,-0.528964047621787
2022-11-15 17:00:00,2085.70833333333,-26.3075250643785,-0.615334326215621,-0.615335215798462
2022-11-15 17:30:00,2085.72916666667,-26.0231335230056,-0.569718820778333,-0.569719710256496
2022-11-15 18:00:00,2085.75,-26.4541133291822,-0.638062520958632,-0.638063410332148
2022-11-15 18:30:00,2085.77083333333,-26.3755231530612,-0.625231397593631,-0.625232286862519
2022-11-15 19:00:00,2085.79166666667,-26.696687116946,-0.676081433220355,-0.676082322384626
2022-11-15 19:30:00,2085.8125,-25.8538367510204,-0.541503193148933,-0.541504082208608
2022-11-15 20:00:00,2085.83333333333,-25.9884990808905,-0.562643462959854,-0.562644351914956
2022-11-15 20:30:00,2085.85416666667,-25.4212296357407,-0.47196553834039,-0.471966427190932
2022-11-15 21:00:00,2085.875,-24.5727018364815,-0.336482995900006,-0.336483884646013
2022-11-15 21:30:00,2085.89583333333,-23.3800129381481,-0.146175383454599,-0.146176272096083
2022-11-15 22:00:00,2085.91666666667,-23.3196722275926,-0.136251685571267,-0.136252574108248
2022-11-15 22:30:00,2085.9375,-23.3049759148148,-0.133599211971089,-0.133600100403591
2022-11-15 23:00:00,2085.95833333333,-23.0341592709259,-0.0901466257371416,-0.0901475140651836
2022-11-15 23:30:00,2085.97916666667,-23.1861759396296,-0.114051727539896,-0.114052615763485
2022-11-16,2086,-23.0631129831481,-0.0941364876941673,-0.0941373758133348
2022-11-16 00:30:00,2086.02083333333,-22.9964211560297,-0.0832012482981235,-0.0832021363128884
2022-11-16 01:00:00,2086.04166666667,-23.6484981412963,-0.186766433654515,-0.18676732156489
2022-11-16 01:30:00,2086.0625,-24.767829332282,-0.364765587226006,-0.36476647503201
2022-11-16 02:00:00,2086.08333333333,-24.7954582875696,-0.368855833885209,-0.368856721586869
2022-11-16 02:30:00,2086.10416666667,-24.1647629761111,-0.268074593823223,-0.268075481420551
2022-11-16 03:00:00,2086.125,-24.9749685225926,-0.396829929574595,-0.396830817067617
2022-11-16 03:30:00,2086.14583333333,-24.6348907731481,-0.342344353776209,-0.342345241164938
2022-11-16 04:00:00,2086.16666666667,-24.8387177897727,-0.374503235431314,-0.374504122715769
2022-11-16 04:30:00,2086.1875,-24.6429366942272,-0.34300429883044,-0.343005186010647
2022-11-16 05:00:00,2086.20833333333,-24.4856275627561,-0.317634013216538,-0.317634900292511
2022-11-16 05:30:00,2086.22916666667,-24.2259608612663,-0.275958133209846,-0.275959020181604
2022-11-16 06:00:00,2086.25,-23.9044674361266,-0.224433251640681,-0.224434138508251
2022-11-16 06:30:00,2086.27083333333,-23.7043680410781,-0.192246565551584,-0.192247452314984
2022-11-16 07:00:00,2086.29166666667,-24.3834591100372,-0.300115588435857,-0.300116475095102
2022-11-16 07:30:00,2086.3125,-24.5347509763941,-0.323905860990351,-0.32390674754546
2022-11-16 08:00:00,2086.33333333333,-24.4167454052045,-0.304796899156741,-0.30479778560774
2022-11-16 08:30:00,2086.35416666667,-24.7304159152655,-0.354454285443457,-0.354455171790361
2022-11-16 09:00:00,2086.375,-24.4889516587361,-0.315678346642157,-0.315679232884991
2022-11-16 09:30:00,2086.39583333333,-23.6393724266294,-0.180029297640664,-0.180030183779442
2022-11-16 10:00:00,2086.41666666667,-23.0980743713755,-0.0934897004287931,-0.0934905864635352
2022-11-16 10:30:00,2086.4375,-22.938448794041,-0.0677508417526639,-0.0677517276833967
2022-11-16 11:00:00,2086.45833333333,-22.9890761561338,-0.0755054666717029,-0.0755063524984404
2022-11-16 11:30:00,2086.47916666667,-22.7577732130112,-0.0383484326338515,-0.0383493183566138
2022-11-16 12:00:00,2086.5,-22.2484702434944,0.0430941640961797,0.0430932784773659
2022-11-16 12:30:00,2086.52083333333,-21.6217992693309,0.143233527624682,0.143232642109796
2022-11-16 13:00:00,2086.54166666667,-21.0604861274583,0.232961301509656,0.232960416098684
2022-11-16 13:30:00,2086.5625,-20.677124312616,0.294341261538568,0.29434037623149
2022-11-16 14:00:00,2086.58333333333,-19.9144564194805,0.416144910562749,0.416144025359538
2022-11-16 14:30:00,2086.60416666667,-19.4491039003711,0.490585967666029,0.49058508256667
2022-11-16 15:00:00,2086.625,-19.1035788009276,0.545938390773227,0.545937505777694
2022-11-16 18:00:00,2086.75,-19.7580076125714,0.443546729611879,0.443545845238887
2022-11-16 18:30:00,2086.77083333333,-19.2162690207792,0.53015581826284,0.530154933993528
2022-11-16 19:00:00,2086.79166666667,-19.4414322962894,0.494596850684252,0.494595966518605
2022-11-16 19:30:00,2086.8125,-19.4089573157699,0.500079800632102,0.500078916570099
2022-11-16 20:00:00,2086.83333333333,-19.9225473243043,0.418574166788713,0.418573282830326
2022-11-16 20:30:00,2086.85416666667,-19.7347254808905,0.448803901348383,0.448803017493597
2022-11-16 21:00:00,2086.875,-19.9037000087037,0.422195678110916,0.422194794359711
2022-11-16 21:30:00,2086.89583333333,-20.5192740966667,0.324443784866828,0.324442901219175
2022-11-16 22:00:00,2086.91666666667,-22.0118314635185,0.0869877876238804,0.0869869040797644
2022-11-16 22:30:00,2086.9375,-21.2755536933333,0.204586779455338,0.204585896014732
2022-11-16 23:00:00,2086.95833333333,-21.4884184740741,0.170986643607145,0.170985760270033
2022-11-16 23:30:00,2086.97916666667,-21.9641944366667,0.0955045275225978,0.0955036442889588
2022-11-17,2087,-21.5406474467532,0.163285159311977,0.163284276181783
2022-11-17 00:30:00,2087.02083333333,-21.6556648488889,0.145272057416052,0.145271174389282
2022-11-17 01:00:00,2087.04166666667,-21.4544573972222,0.177633759502309,0.177632876578946
2022-11-17 01:30:00,2087.0625,-21.7275148462963,0.134444682738586,0.13444379991861
2022-11-17 02:00:00,2087.08333333333,-22.1166326857143,0.0727670615688872,0.0727661788522694
2022-11-17 02:30:00,2087.10416666667,-22.0086111044444,0.090284064051137,0.0902831814378618
2022-11-17 03:00:00,2087.125,-22.0611795657407,0.0822189166276832,0.0822180341177287
2022-11-17 03:30:00,2087.14583333333,-22.5170745269598,0.00990352813960416,0.00990264573294219
2022-11-17 04:00:00,2087.16666666667,-22.2589776537175,0.0513275076641747,0.0513266253607895
2022-11-17 04:30:00,2087.1875,-23.1693661336431,-0.093389106068998,-0.0933899882691346
2022-11-17 05:00:00,2087.20833333333,-23.2747824817844,-0.109873125489579,-0.109874007586483
2022-11-17 05:30:00,2087.22916666667,-23.1487523497207,-0.0894875967821706,-0.0894884787758642
2022-11-17 06:00:00,2087.25,-23.0926468386617,-0.0802411517726529,-0.0802420336631646
2022-11-17 06:30:00,2087.27083333333,-23.2799628124535,-0.109771964894227,-0.109772846681579
2022-11-17 07:00:00,2087.29166666667,-23.7339739933085,-0.181787556766537,-0.181788438450739
2022-11-17 07:30:00,2087.3125,-23.3147639070632,-0.114698418496666,-0.114699300077753
2022-11-17 08:00:00,2087.33333333333,-23.2611189503717,-0.105844108363117,-0.105844989841112
2022-11-17 08:30:00,2087.35416666667,-22.9835817749071,-0.0613236495834486,-0.0613245309583667
2022-11-17 09:00:00,2087.375,-22.9677398226766,-0.0584914687158108,-0.0584923499876751
2022-11-17 09:30:00,2087.39583333333,-22.9426635672862,-0.0541882986355623,-0.0541891798044014
2022-11-17 10:00:00,2087.41666666667,-23.0415539345725,-0.0696331420549809,-0.0696340231208115
2022-11-17 10:30:00,2087.4375,-23.2239387040892,-0.0983787453746536,-0.0983796263375044
2022-11-17 11:00:00,2087.45833333333,-22.8440781,-0.0375583008897495,-0.0375591817496371
2022-11-17 11:30:00,2087.47916666667,-23.0167012868275,-0.0647489611473625,-0.0647498419043097
2022-11-17 12:00:00,2087.5,-22.6946344972171,-0.0131351967242632,-0.0131360773782991
2022-11-17 12:30:00,2087.52083333333,-22.9922968532468,-0.0602447701845517,-0.0602456507356989
2022-11-17 13:00:00,2087.54166666667,-23.2802504794063,-0.105807778194844,-0.105808658643113
2022-11-17 13:30:00,2087.5625,-23.2770575575139,-0.104990975239466,-0.104991855584893
2022-11-17 14:00:00,2087.58333333333,-23.2489592218924,-0.100206764314674,-0.100207644557282
2022-11-17 14:30:00,2087.60416666667,-23.6772300781076,-0.168122534051293,-0.168123414191098
2022-11-17 15:00:00,2087.625,-23.8966938404453,-0.202775226831476,-0.202776106868502
2022-11-17 15:30:00,2087.64583333333,-24.0796975951763,-0.231619856698937,-0.231620736633213
2022-11-17 16:00:00,2087.66666666667,-23.9822188974026,-0.215783473839409,-0.215784353670952
2022-11-17 16:30:00,2087.6875,-24.2607230622677,-0.259841472113005,-0.259842351841844
2022-11-17 19:00:00,2087.79166666667,-25.810500125,-0.50518313250831,-0.505184011723959
2022-11-17 19:30:00,2087.8125,-25.8711410055659,-0.514535609330168,-0.514536488443254
2022-11-17 20:00:00,2087.83333333333,-25.0457643883117,-0.382744908299132,-0.38274578730968
2022-11-17 20:30:00,2087.85416666667,-25.2142319282004,-0.409274334462444,-0.409275213370471
2022-11-17 21:00:00,2087.875,-25.7620333773655,-0.496231966237904,-0.496232845043433
2022-11-17 21:30:00,2087.89583333333,-26.342582535436,-0.588406374271012,-0.588407252974074
2022-11-17 22:00:00,2087.91666666667,-26.6599647944444,-0.638658150087686,-0.638659028688297
2022-11-17 22:30:00,2087.9375,-26.8334815116667,-0.665992085195708,-0.6659929636939
2022-11-17 23:00:00,2087.95833333333,-27.1785417679035,-0.72065307160117,-0.720653949996961
2022-11-17 23:30:00,2087.97916666667,-27.5278537114815,-0.775991397823042,-0.775992276116454
2022-11-18,2088,-28.1868953859833,-0.88066993454188,-0.880670812732945
2022-11-18 00:30:00,2088.02083333333,-28.1773240677778,-0.878837986786838,-0.87883886487558
2022-11-18 01:00:00,2088.04166666667,-27.5302443822222,-0.77545054364439,-0.775451421630821
2022-11-18 01:30:00,2088.0625,-27.3942703322222,-0.753482636630574,-0.75348351451473
2022-11-18 02:00:00,2088.08333333333,-27.4498259661111,-0.762025588311294,-0.762026466093199
2022-11-18 02:30:00,2088.10416666667,-27.322701862037,-0.741467570410193,-0.741468448089866
2022-11-18 03:00:00,2088.125,-27.3170353130112,-0.740257871083672,-0.740258748661137
2022-11-18 03:30:00,2088.14583333333,-27.0777509291822,-0.701832727026443,-0.701833604501731
2022-11-18 04:00:00,2088.16666666667,-27.3131096827138,-0.739018617275493,-0.739019494648622
2022-11-18 04:30:00,2088.1875,-27.24738291171,-0.728241411684979,-0.728242288955979
2022-11-18 05:00:00,2088.20833333333,-27.4402360730483,-0.758656217518585,-0.758657094687476
2022-11-18 05:30:00,2088.22916666667,-28.1390539061338,-0.869671600586999,-0.869672477653804
2022-11-18 06:00:00,2088.25,-28.4577304775093,-0.920130252507703,-0.920131129472454
2022-11-18 06:30:00,2088.27083333333,-28.5000111615242,-0.926558885591542,-0.926559762454258
2022-11-18 07:00:00,2088.29166666667,-27.9932211977695,-0.845520215687883,-0.845521092448588
2022-11-18 07:30:00,2088.3125,-27.6017899635688,-0.782858317453179,-0.782859194111904
2022-11-18 08:00:00,2088.33333333333,-27.1949386635688,-0.717740035370761,-0.717740911927532
2022-11-18 08:30:00,2088.35416666667,-27.0965817587361,-0.701765174585109,-0.701766051039944
2022-11-18 09:00:00,2088.375,-26.8587527401487,-0.663572350141952,-0.663573226494876
2022-11-18 09:30:00,2088.39583333333,-26.6479888460967,-0.629691063149693,-0.629691939400737
2022-11-18 10:00:00,2088.41666666667,-26.3989683981413,-0.589715523592581,-0.589716399741764
2022-11-18 10:30:00,2088.4375,-25.7762430308411,-0.490208567179638,-0.490209443226992
2022-11-18 11:00:00,2088.45833333333,-25.8622059888683,-0.503596211317885,-0.503597087263428
2022-11-18 11:30:00,2088.47916666667,-26.1933524855288,-0.556041812299938,-0.556042688143696
2022-11-18 12:00:00,2088.5,-25.9467977263451,-0.516459234361284,-0.516460110103289
2022-11-18 12:30:00,2088.52083333333,-26.9502653450835,-0.676006158513881,-0.676007034154152
2022-11-18 13:00:00,2088.54166666667,-27.0170185345083,-0.686333848735254,-0.686334724273816
2022-11-18 13:30:00,2088.5625,-27.1447439716141,-0.706374505669145,-0.70637538110603
2022-11-18 14:00:00,2088.58333333333,-27.4404712263451,-0.753178016331491,-0.753178891666725
2022-11-18 14:30:00,2088.60416666667,-27.2633617946197,-0.724658349110192,-0.724659224343793
2022-11-18 15:00:00,2088.625,-27.4644452855288,-0.756385128928967,-0.756386004060962
2022-11-18 15:30:00,2088.64583333333,-28.2410983940631,-0.879800604386813,-0.879801479417233
2022-11-18 16:00:00,2088.66666666667,-28.1005101931354,-0.857098928056844,-0.857099802985709
2022-11-18 16:30:00,2088.6875,-28.5461799575139,-0.927788608868007,-0.927789483695344
2022-11-18 17:00:00,2088.70833333333,-29.0954895180952,-1.0149882276364,-1.01498910236224
2022-11-18 17:30:00,2088.72916666667,-30.2039998,-1.19126896532232,-1.19126983994669
2022-11-18 18:00:00,2088.75,-29.2981183257634,-1.04665570118407,-1.04665657570698
2022-11-18 20:30:00,2088.85416666667,-29.7353676980392,-1.11478201690397,-1.11478289092003
2022-11-18 21:00:00,2088.875,-28.3739332222634,-0.897599101528576,-0.897599975443345
2022-11-18 21:30:00,2088.89583333333,-27.5752857270872,-0.770068599049542,-0.770069472863049
2022-11-18 22:00:00,2088.91666666667,-28.351161425603,-0.893360811250715,-0.893361684962979
2022-11-18 22:30:00,2088.9375,-28.3802300469388,-0.897686167170248,-0.897687040781298
2022-11-18 23:00:00,2088.95833333333,-27.7838089150278,-0.802370603244631,-0.802371476754498
2022-11-18 23:30:00,2088.97916666667,-28.0534015154275,-0.84501169060898,-0.845012564017685
2022-11-19,2089,-27.4320417703549,-0.745723477562106,-0.745724350869681
2022-11-19 00:30:00,2089.02083333333,-27.5561166683333,-0.765183580797099,-0.765184454003565
2022-11-19 01:00:00,2089.04166666667,-28.1284814901852,-0.856056634244768,-0.856057507350152
2022-11-19 01:30:00,2089.0625,-28.4962777385185,-0.914341812769032,-0.914342685773366
2022-11-19 02:00:00,2089.08333333333,-28.1936018935185,-0.865820352762066,-0.865821225665378
2022-11-19 02:30:00,2089.10416666667,-28.862178419145,-0.9720201345682,-0.972021007370503
2022-11-19 03:00:00,2089.125,-27.8874795107807,-0.816445010577344,-0.816445883278679
2022-11-19 03:30:00,2089.14583333333,-27.3810018520446,-0.735457911430535,-0.735458784030927
2022-11-19 04:00:00,2089.16666666667,-26.9903309039033,-0.672918949259005,-0.672919821758476
2022-11-19 04:30:00,2089.1875,-27.0344869498141,-0.679648283232481,-0.679649155631059
2022-11-19 05:00:00,2089.20833333333,-26.9385520496283,-0.664061074680852,-0.664061946978569
2022-11-19 05:30:00,2089.22916666667,-26.8276654159851,-0.646092089642566,-0.646092961839442
2022-11-19 06:00:00,2089.25,-26.7146004100394,-0.627776133716739,-0.62777700581281
2022-11-19 06:30:00,2089.27083333333,-26.5833053335878,-0.606556159947821,-0.606557031943106
2022-11-19 07:00:00,2089.29166666667,-26.5779387172862,-0.605396725325742,-0.605397597220269
2022-11-19 07:30:00,2089.3125,-26.7104906728625,-0.626207863256159,-0.626208735049961
2022-11-19 08:00:00,2089.33333333333,-27.0284368040892,-0.676552471385657,-0.676553343078762
2022-11-19 08:30:00,2089.35416666667,-27.179667282342,-0.700339202431337,-0.700340074023761
2022-11-19 09:00:00,2089.375,-27.1163215412639,-0.689943834009888,-0.68994470550167
2022-11-19 09:30:00,2089.39583333333,-27.5493345784387,-0.758618819318257,-0.758619690709424
2022-11-19 10:00:00,2089.41666666667,-27.6255353243494,-0.770453397334796,-0.77045426862537
2022-11-19 10:30:00,2089.4375,-27.6329572418216,-0.771331504558968,-0.771332375748977
2022-11-19 11:00:00,2089.45833333333,-27.4240964805195,-0.737755672263152,-0.73775654335263
2022-11-19 11:30:00,2089.47916666667,-27.5506437849722,-0.757610630334759,-0.757611501323726
2022-11-19 12:00:00,2089.5,-27.7566957115028,-0.79013077736338,-0.790131648251872
2022-11-19 12:30:00,2089.52083333333,-27.5306243157009,-0.753813416227739,-0.753814287015777
2022-11-19 13:00:00,2089.54166666667,-27.4086453198397,-0.73407809471122,-0.734078965398832
2022-11-19 13:30:00,2089.5625,-28.4187699265306,-0.894687732058325,-0.894688602645544
2022-11-19 14:00:00,2089.58333333333,-29.7802986738404,-1.11127634612456,-1.11127721661141
2022-11-19 14:30:00,2089.60416666667,-31.0414693756957,-1.31187789787251,-1.31187876825902
2022-11-19 15:00:00,2089.625,-32.0291224925788,-1.46890794895411,-1.46890881924031
2022-11-19 15:30:00,2089.64583333333,-31.8889573974026,-1.44627579901953,-1.44627666920545
2022-11-19 16:00:00,2089.66666666667,-31.2912657884758,-1.35075939464692,-1.35076026473259
2022-11-19 16:30:00,2089.6875,-31.459374812616,-1.37723562456798,-1.37723649455341
2022-11-19 17:00:00,2089.70833333333,-31.5385936721707,-1.38955163398295,-1.38955250386819
2022-11-19 17:30:00,2089.72916666667,-32.1196672760223,-1.48181350906926,-1.48181437885433
2022-11-19 18:00:00,2089.75,-31.9572857220779,-1.45564249254873,-1.45564336223366
2022-11-19 18:30:00,2089.77083333333,-32.4877643124304,-1.53984463849219,-1.539845508077
2022-11-19 19:00:00,2089.79166666667,-32.0969276782931,-1.47728065718119,-1.47728152666591
2022-11-19 19:30:00,2089.8125,-32.3538764885802,-1.51790940651138,-1.51791027589605
2022-11-19 22:00:00,2089.91666666667,-28.5389019773869,-0.908665039607828,-0.908665908492654
2022-11-19 22:30:00,2089.9375,-29.0727495165121,-0.99340423370679,-0.993405102491731
2022-11-19 23:00:00,2089.95833333333,-30.8428104072491,-1.27507314483171,-1.2750740135168
2022-11-19 23:30:00,2089.97916666667,-31.7131447048237,-1.41341501344988,-1.41341588203514
2022-11-20,2090,-31.93036405,-1.44771525020567,-1.44771611869114
2022-11-20 00:30:00,2090.02083333333,-32.1459573142857,-1.481756497931,-1.4817573663167
2022-11-20 01:00:00,2090.04166666667,-32.0029851805556,-1.45867806837337,-1.45867893665933
2022-11-20 01:30:00,2090.0625,-32.0609685314815,-1.4676120380218,-1.46761290620806
2022-11-20 02:00:00,2090.08333333333,-31.9077955472119,-1.44290869951255,-1.44290956759912
2022-11-20 02:30:00,2090.10416666667,-31.809284372119,-1.42691307323976,-1.42691394122669
2022-11-20 03:00:00,2090.125,-31.0118643319703,-1.29958081232624,-1.29958168021354
2022-11-20 03:30:00,2090.14583333333,-30.0486375923792,-1.14583547275429,-1.145836340542
2022-11-20 04:00:00,2090.16666666667,-29.4385111856877,-1.04833931563208,-1.04834018332023
2022-11-20 04:30:00,2090.1875,-29.0141115715613,-0.980429616416007,-0.980430484004625
2022-11-20 05:00:00,2090.20833333333,-29.0669999663569,-0.988552285263685,-0.988553152752804
2022-11-20 05:30:00,2090.22916666667,-28.6571542570632,-0.922961127859767,-0.922961995249411
2022-11-20 06:00:00,2090.25,-28.6506208133829,-0.921617949824136,-0.921618817114341
2022-11-20 06:30:00,2090.27083333333,-27.9023420035316,-0.802114252179976,-0.802115119370765
2022-11-20 07:00:00,2090.29166666667,-28.7573941171004,-0.938022363718211,-0.938023230809613
2022-11-20 07:30:00,2090.3125,-28.9024906503717,-0.960834091332474,-0.960834958324526
2022-11-20 08:00:00,2090.33333333333,-29.2932788304833,-1.02278472126177,-1.02278558815449
2022-11-20 08:30:00,2090.35416666667,-29.4784571879182,-1.05198160694514,-1.05198247373857
2022-11-20 09:00:00,2090.375,-28.7911375254647,-0.942188982039071,-0.94218984873324
2022-11-20 09:30:00,2090.39583333333,-29.0937955479554,-0.990100557310115,-0.990101423905053
2022-11-20 10:00:00,2090.41666666667,-29.0682986851577,-0.985736872405134,-0.985737738900866
2022-11-20 10:30:00,2090.4375,-29.033688312616,-0.979921446478043,-0.979922312874599
2022-11-20 11:00:00,2090.45833333333,-29.1707550747681,-1.00145435842165,-1.00145522471907
2022-11-20 11:30:00,2090.47916666667,-29.5903450725417,-1.06799347136438,-1.06799433756268
2022-11-20 12:00:00,2090.5,-29.60222447718,-1.06958404317447,-1.06958490927369
2022-11-20 12:30:00,2090.52083333333,-30.4731168688312,-1.2080160454244,-1.20801691142457
2022-11-20 13:00:00,2090.54166666667,-31.3881784386617,-1.35348427710821,-1.35348514300935
2022-11-20 13:30:00,2090.5625,-31.033964741744,-1.29675609958416,-1.29675696538631
2022-11-20 14:00:00,2090.58333333333,-33.3708608293135,-1.66872368169252,-1.66872454739571
2022-11-20 14:30:00,2090.60416666667,-34.2457230713755,-1.80778827532624,-1.80778914093049
2022-11-20 15:00:00,2090.625,-34.9621038217069,-1.92160670201526,-1.92160756752062
2022-11-20 15:30:00,2090.64583333333,-34.9732081607807,-1.92307414037115,-1.92307500577764
2022-11-20 16:00:00,2090.66666666667,-35.0299072074211,-1.93180489624293,-1.93180576155058
2022-11-20 16:30:00,2090.6875,-35.0552006973978,-1.93553277255212,-1.93553363776096
2022-11-20 17:00:00,2090.70833333333,-34.9605419132216,-1.92015221396468,-1.92015307907474
2022-11-20 17:30:00,2090.72916666667,-34.5577588257885,-1.85568728181287,-1.85568814682419
2022-11-20 18:00:00,2090.75,-34.2615955918367,-1.80820701668508,-1.80820788159768
2022-11-20 18:30:00,2090.77083333333,-34.2374003724395,-1.80405149883867,-1.80405236365259
2022-11-20 19:00:00,2090.79166666667,-33.9985650364312,-1.76570370528133,-1.7657045699966
2022-11-20 19:30:00,2090.8125,-34.6142037074766,-1.86347427995368,-1.86347514457032
2022-11-20 20:00:00,2090.83333333333,-34.5510729364486,-1.85311644577367,-1.85311731029172
2022-11-20 20:30:00,2090.85416666667,-33.2626049089888,-1.64756155936846,-1.64756242378794
2022-11-20 21:00:00,2090.875,-33.0536538784615,-1.61397455041485,-1.61397541473582
2022-11-20 23:30:00,2090.97916666667,-30.5305454393321,-1.21053749807002,-1.21053836189881
2022-11-21,2091,-30.5749944818182,-1.21731759306454,-1.21731845679498
2022-11-21 00:30:00,2091.02083333333,-29.55979032282,-1.05529422449535,-1.05529508812749
2022-11-21 01:00:00,2091.04166666667,-29.7039564092803,-1.07795941324036,-1.07796027677421
2022-11-21 01:30:00,2091.0625,-29.8408512996283,-1.09946634399963,-1.09946720743525
2022-11-21 02:00:00,2091.08333333333,-30.2267824509294,-1.16064497788262,-1.16064584122002
2022-11-21 02:30:00,2091.10416666667,-30.037325266171,-1.13016388747972,-1.13016475071894
2022-11-21 03:00:00,2091.125,-30.5173885172862,-1.20633792982559,-1.20633879296666
2022-11-21 03:30:00,2091.14583333333,-31.2507063570632,-1.32285565802914,-1.32285652107209
2022-11-21 04:00:00,2091.16666666667,-31.661161714684,-1.38794121104716,-1.38794207399202
2022-11-21 04:30:00,2091.1875,-31.7434944096654,-1.40075663840827,-1.40075750125508
2022-11-21 05:00:00,2091.20833333333,-31.9097657433086,-1.42694359991225,-1.42694446266104
2022-11-21 05:30:00,2091.22916666667,-32.1754405710037,-1.46896565811254,-1.46896652076333
2022-11-21 06:00:00,2091.25,-31.6427137464684,-1.38380181166233,-1.38380267421517
2022-11-21 06:30:00,2091.27083333333,-31.8741932814126,-1.42037663352433,-1.42037749597924
2022-11-21 07:00:00,2091.29166666667,-31.7107267931227,-1.3940363208261,-1.39403718318312
2022-11-21 07:30:00,2091.3125,-32.1884274304833,-1.46983443864271,-1.46983530090187
2022-11-21 08:00:00,2091.33333333333,-31.0093420245353,-1.28170540505177,-1.28170626721309
2022-11-21 08:30:00,2091.35416666667,-30.6420650858736,-1.22289808971742,-1.22289895178095
2022-11-21 09:00:00,2091.375,-30.6361279959184,-1.22165251982802,-1.22165338179378
2022-11-21 09:30:00,2091.39583333333,-29.6020129601113,-1.05661751778227,-1.05661837965031
2022-11-21 10:00:00,2091.41666666667,-29.3892170745826,-1.02241929270547,-1.0224201544758
2022-11-21 10:30:00,2091.4375,-29.4943209565863,-1.038862777215,-1.03886363888767
2022-11-21 11:00:00,2091.45833333333,-29.8098385868275,-1.08882537166471,-1.08882623323974
2022-11-21 11:30:00,2091.47916666667,-29.1277940567718,-0.979875650628967,-0.979876512106395
2022-11-21 12:00:00,2091.5,-29.2121247590317,-0.993010101320786,-0.993010962700644
2022-11-21 12:30:00,2091.52083333333,-28.6135268985158,-0.897353593530124,-0.897354454812449
2022-11-21 13:00:00,2091.54166666667,-29.3480797948052,-1.01406900361966,-1.01406986480448
2022-11-21 13:30:00,2091.5625,-28.6689424985158,-0.905582605464633,-0.905583466551985
2022-11-21 14:00:00,2091.58333333333,-27.7920501131725,-0.765593730017065,-0.765594591006977
2022-11-21 14:30:00,2091.60416666667,-27.7728664209647,-0.762238512065433,-0.762239372957938
2022-11-21 15:00:00,2091.625,-28.4048905241187,-0.862621211064752,-0.862622071859889
2022-11-21 15:30:00,2091.64583333333,-28.6560834858998,-0.902337286923761,-0.902338147621564
2022-11-21 16:00:00,2091.66666666667,-28.5203320886827,-0.88041289974446,-0.880413760344948
2022-11-21 16:30:00,2091.6875,-28.664040844898,-0.903006764616329,-0.903007625119549
2022-11-21 17:00:00,2091.70833333333,-28.5904564263451,-0.890985721409252,-0.890986581815237
2022-11-21 17:30:00,2091.72916666667,-28.9530575584416,-0.948449398104458,-0.948450258413235
2022-11-21 18:00:00,2091.75,-28.7714415723562,-0.919218948987721,-0.919219809199324
2022-11-21 18:30:00,2091.77083333333,-28.7415417003711,-0.914157035322302,-0.914157895436769
2022-11-21 19:00:00,2091.79166666667,-28.9294691411215,-0.943795218332915,-0.943796078350274
2022-11-21 19:30:00,2091.8125,-28.48165978,-0.872160124633572,-0.872160984553863
2022-11-21 20:00:00,2091.83333333333,-28.4727887826168,-0.87044827612031,-0.87044913594356
2022-11-21 20:30:00,2091.85416666667,-28.5180765943925,-0.877364014818659,-0.877364874544902
2022-11-21 21:00:00,2091.875,-28.3584598351402,-0.851638359173337,-0.851639218802612
2022-11-21 21:30:00,2091.89583333333,-28.6805738590654,-0.902652811825567,-0.902653671357909
2022-11-21 22:00:00,2091.91666666667,-28.0376074659813,-0.799929314714727,-0.799930174150157
2022-11-22 01:00:00,2092.04166666667,-26.6638542185047,-0.579299552330375,-0.579300411185098
2022-11-22 01:30:00,2092.0625,-26.6566835080524,-0.57785911515525,-0.57785997391331
2022-11-22 02:00:00,2092.08333333333,-26.9329588361423,-0.621571885104667,-0.621572743766093
2022-11-22 02:30:00,2092.10416666667,-26.4758841323364,-0.548461521581027,-0.548462380145853
2022-11-22 03:30:00,2092.14583333333,-26.6101105102996,-0.569247958517784,-0.569248816889519
2022-11-22 04:00:00,2092.16666666667,-26.6442003595506,-0.574380611524324,-0.574381469799562
2022-11-22 04:30:00,2092.1875,-26.6172448700935,-0.56978874927265,-0.56978960745143
2022-11-22 05:00:00,2092.20833333333,-25.7717962650467,-0.434810399662146,-0.434811257744504
2022-11-22 05:30:00,2092.22916666667,-25.6272654153271,-0.411488800257688,-0.411489658243652
2022-11-22 06:00:00,2092.25,-25.8179439213084,-0.441566341697337,-0.441567199586942
2022-11-22 06:30:00,2092.27083333333,-25.4446673026168,-0.381805479741651,-0.381806337534937
2022-11-22 07:00:00,2092.29166666667,-25.6303524849722,-0.411087683146153,-0.411088540843149
2022-11-22 07:30:00,2092.3125,-25.414444210223,-0.376395812900924,-0.376396670501671
2022-11-22 08:00:00,2092.33333333333,-25.4362189057514,-0.379567060760828,-0.379567918265354
2022-11-22 08:30:00,2092.35416666667,-25.7063561792208,-0.422302695896501,-0.422303553304841
2022-11-22 09:00:00,2092.375,-25.6637013298701,-0.415210373506858,-0.415211230819054
2022-11-22 09:30:00,2092.39583333333,-25.1394953434137,-0.331406662057002,-0.331407519273081
2022-11-22 10:00:00,2092.41666666667,-25.1522096729128,-0.333134791869864,-0.333135648989863
2022-11-22 10:30:00,2092.4375,-25.0332653480519,-0.313889655237622,-0.313890512261581
2022-11-22 11:00:00,2092.45833333333,-25.3707291113173,-0.367350704516116,-0.367351561444069
2022-11-22 11:30:00,2092.47916666667,-24.9642671730983,-0.302303909285106,-0.302304766117084
2022-11-22 12:00:00,2092.5,-24.7217977593692,-0.263381291790004,-0.26338214852604
2022-11-22 12:30:00,2092.52083333333,-24.9814508443414,-0.304447198592547,-0.304448055232684
2022-11-22 13:00:00,2092.54166666667,-25.469185496475,-0.381846713503427,-0.381847570047693
2022-11-22 13:30:00,2092.5625,-26.0359239076067,-0.471831635187547,-0.471832491635978
2022-11-22 14:00:00,2092.58333333333,-26.5237087181818,-0.549239243427574,-0.549240099780212
2022-11-22 14:30:00,2092.60416666667,-27.1524823573284,-0.649106524395179,-0.649107380652053
2022-11-22 15:00:00,2092.625,-27.0736994410019,-0.636259592069221,-0.636260448230372
2022-11-22 15:30:00,2092.64583333333,-27.2695222996283,-0.667157607589827,-0.667158463655285
2022-11-22 16:00:00,2092.66666666667,-27.4955881046382,-0.702873397779187,-0.702874253748987
2022-11-22 16:30:00,2092.6875,-27.0263284728571,-0.627823400735625,-0.627824256609809
2022-11-22 17:00:00,2092.70833333333,-26.8744767701299,-0.603336765387918,-0.603337621166521
2022-11-22 17:30:00,2092.72916666667,-26.9737661961039,-0.618857143122767,-0.61885799880582
2022-11-22 18:00:00,2092.75,-26.6604527037106,-0.568649632960594,-0.568650488548132
2022-11-22 18:30:00,2092.77083333333,-26.428975922963,-0.531478821333055,-0.531479676825119
2022-11-22 19:00:00,2092.79166666667,-25.9681150400742,-0.457767010239613,-0.457767865636233
2022-11-22 19:30:00,2092.8125,-25.5329944190741,-0.388155693223312,-0.388156548524526
2022-11-22 20:00:00,2092.83333333333,-24.8508463072222,-0.279192772387325,-0.279193627593173
2022-11-22 20:30:00,2092.85416666667,-24.7509444662963,-0.262982150630004,-0.262983005740516
2022-11-22 21:00:00,2092.875,-24.3155185288889,-0.193322352611392,-0.193323207626611
2022-11-22 21:30:00,2092.89583333333,-24.357044452963,-0.199641379078214,-0.199642233998169
2022-11-22 22:00:00,2092.91666666667,-24.2594629481481,-0.183800544868801,-0.183801399693529
2022-11-22 22:30:00,2092.9375,-24.2191074351852,-0.177075904247503,-0.177076758977046
2022-11-22 23:00:00,2092.95833333333,-24.4033351685185,-0.206127587480719,-0.206128442115113
2022-11-22 23:30:00,2092.97916666667,-24.0796660026316,-0.154270983986244,-0.154271838525514
2022-11-23 02:30:00,2093.10416666667,-24.3677365699443,-0.198386686534309,-0.198387540503651
2022-11-23 03:00:00,2093.125,-24.185860838961,-0.169118245481224,-0.169119099355709
2022-11-23 03:30:00,2093.14583333333,-24.5392690564007,-0.225120972503079,-0.225121826282738
2022-11-23 04:00:00,2093.16666666667,-24.3264675627087,-0.190926140529711,-0.19092699421458
2022-11-23 04:30:00,2093.1875,-24.1685287109462,-0.165471019267664,-0.165471872857786
2022-11-23 05:00:00,2093.20833333333,-24.1845843821892,-0.167733402543255,-0.167734256038667
2022-11-23 05:30:00,2093.22916666667,-24.4624081536178,-0.21169568396315,-0.211696537363877
2022-11-23 06:00:00,2093.25,-24.3589851350649,-0.194925132055311,-0.194925985361403
2022-11-23 06:30:00,2093.27083333333,-24.2130240937037,-0.171378295513666,-0.171379148725159
2022-11-23 07:00:00,2093.29166666667,-24.0165065046382,-0.139777817629921,-0.139778670746845
2022-11-23 07:30:00,2093.3125,-23.8607847849722,-0.114676203768184,-0.114677056790577
2022-11-23 08:00:00,2093.33333333333,-24.0266592681481,-0.140805147746964,-0.14080600067487
2022-11-23 08:30:00,2093.35416666667,-24.52644258,-0.220126059698145,-0.220126912531594
2022-11-23 09:00:00,2093.375,-23.6957736534323,-0.0875050322983983,-0.087505885037434
2022-11-23 09:30:00,2093.39583333333,-24.1624980846296,-0.161559746948459,-0.161560599593113
2022-11-23 10:00:00,2093.41666666667,-24.4690388887037,-0.210097148390932,-0.210098000941241
2022-11-23 10:30:00,2093.4375,-24.0126166701852,-0.137094048211842,-0.137094900667849
2022-11-23 11:00:00,2093.45833333333,-24.1752838651206,-0.162712387142789,-0.162713239504533
2022-11-23 11:30:00,2093.47916666667,-24.3532204292593,-0.190763200675138,-0.190764052942643
2022-11-23 12:00:00,2093.5,-24.2282838641929,-0.170566161501738,-0.170567013675055
2022-11-23 12:30:00,2093.52083333333,-24.3067647831481,-0.182773726148806,-0.182774578227971
2022-11-23 13:00:00,2093.54166666667,-24.1522962781481,-0.157872334380171,-0.157873186365217
2022-11-23 13:30:00,2093.5625,-24.0112962803704,-0.135116538763524,-0.135117390654489
2022-11-23 14:00:00,2093.58333333333,-24.1227773751391,-0.152581214980011,-0.152582066776937
2022-11-23 14:30:00,2093.60416666667,-23.9344628105948,-0.122288281832341,-0.122289133535261
2022-11-23 15:00:00,2093.625,-24.4146075696203,-0.198481450058477,-0.198482301667434
2022-11-23 16:30:00,2093.6875,-25.2817769345865,-0.335739765591559,-0.335740616918844
2022-11-23 17:00:00,2093.70833333333,-25.0966437710575,-0.305953899475325,-0.305954750708799
2022-11-23 17:30:00,2093.72916666667,-25.5688979526902,-0.380890360848692,-0.380891211988382
2022-11-23 18:00:00,2093.75,-25.7921762619666,-0.416164841500507,-0.416165692546463
2022-11-23 18:30:00,2093.77083333333,-25.7118868141002,-0.403080815209869,-0.403081666162128
2022-11-23 19:00:00,2093.79166666667,-26.2018571437848,-0.480839632739016,-0.480840483597612
2022-11-23 19:30:00,2093.8125,-26.2020333715152,-0.480573953592978,-0.480574804357948
2022-11-23 20:00:00,2093.83333333333,-25.8549974726817,-0.424997188379862,-0.42499803905125
2022-11-23 20:30:00,2093.85416666667,-25.9282263827458,-0.436368961404736,-0.436369811982575
2022-11-23 21:00:00,2093.875,-25.528313927907,-0.372369030779864,-0.372369881264198
2022-11-23 22:30:00,2093.9375,-24.4533135706865,-0.20024025703354,-0.200241107237579
2022-11-23 23:00:00,2093.95833333333,-24.7731431362454,-0.250895960538229,-0.250896810648912
2022-11-24,2094,-24.746394519603,-0.246048299383595,-0.246049149307688
2022-11-24 00:30:00,2094.02083333333,-24.2131985485294,-0.16081658767277,-0.160817437503628
2022-11-24 01:00:00,2094.04166666667,-25.1964592966667,-0.317157569203509,-0.317158418941167
2022-11-24 04:00:00,2094.16666666667,-24.8985475429864,-0.26794220431445,-0.267943053493729
2022-11-24 04:30:00,2094.1875,-24.9380842326316,-0.273947649331044,-0.273948498417401
2022-11-24 05:00:00,2094.20833333333,-25.3090872680891,-0.332755974598524,-0.332756823591992
2022-11-24 05:30:00,2094.22916666667,-25.3664925685874,-0.341608011116732,-0.34160886001735
2022-11-24 06:00:00,2094.25,-25.4543378470721,-0.355309212449083,-0.355310061256897
2022-11-24 06:30:00,2094.27083333333,-25.1285213148936,-0.30311384634055,-0.303114695055599
2022-11-24 07:00:00,2094.29166666667,-25.6351741271536,-0.383531496336932,-0.38353234495925
2022-11-24 07:30:00,2094.3125,-25.5345101992579,-0.367203210311107,-0.367204058840732
2022-11-24 08:00:00,2094.33333333333,-25.6477004614865,-0.384942104312958,-0.384942952749937
2022-11-24 08:30:00,2094.35416666667,-25.6334105094737,-0.382373363842693,-0.382374212187059
2022-11-24 09:00:00,2094.375,-26.0014148462963,-0.440704431569134,-0.440705279820927
2022-11-24 09:30:00,2094.39583333333,-26.7484118794063,-0.559409361477439,-0.559410209636703
2022-11-24 10:00:00,2094.41666666667,-27.2003310540541,-0.63110823253429,-0.631109080601061
2022-11-24 10:30:00,2094.4375,-26.8652188197917,-0.577432492634802,-0.577433340609124
2022-11-24 11:00:00,2094.45833333333,-27.3436849989837,-0.653360430334512,-0.65336127821642
2022-11-24 11:30:00,2094.47916666667,-27.3390390687732,-0.652328318748703,-0.652329166538236
2022-11-24 12:00:00,2094.5,-26.7821425033937,-0.563322341353047,-0.563323189050252
2022-11-24 12:30:00,2094.52083333333,-26.9939375333333,-0.596769539463234,-0.59677038706815
2022-11-24 13:00:00,2094.54166666667,-26.5136185209259,-0.519962531126741,-0.519963378639402
2022-11-24 13:30:00,2094.5625,-27.0791059297398,-0.609753288166832,-0.609754135587278
2022-11-24 14:00:00,2094.58333333333,-26.622514651693,-0.536726235167259,-0.536727082495537
2022-11-24 14:30:00,2094.60416666667,-26.49643746875,-0.516350368911749,-0.516351216147892
2022-11-24 15:00:00,2094.625,-27.0511317111317,-0.604421932440161,-0.60442277958421
2022-11-24 15:30:00,2094.64583333333,-27.2911129805556,-0.642359549758025,-0.642360396810025
2022-11-24 16:00:00,2094.66666666667,-27.511403129955,-0.67716041290118,-0.677161259861167
2022-11-24 16:30:00,2094.6875,-27.2670947431579,-0.637950452574567,-0.637951299442587
2022-11-24 17:00:00,2094.70833333333,-27.0665714391466,-0.605715542616561,-0.605716389392648
2022-11-24 17:30:00,2094.72916666667,-26.7801002478664,-0.55978912822597,-0.559789974910165
2022-11-24 18:00:00,2094.75,-26.9014796918919,-0.578833666960858,-0.578834513553206
2022-11-24 18:30:00,2094.77083333333,-26.8272604583333,-0.566719252082862,-0.566720098583405
2022-11-24 19:00:00,2094.79166666667,-26.8230129577778,-0.565751439815685,-0.565752286224456
2022-11-24 19:30:00,2094.8125,-26.6508870442593,-0.538040531973695,-0.538041378290736
2022-11-24 20:00:00,2094.83333333333,-25.8850856454955,-0.41575675069976,-0.415757596925118
2022-11-24 20:30:00,2094.85416666667,-25.5390625197917,-0.360344003955694,-0.360344850089403
2022-11-24 21:00:00,2094.875,-25.0191981531481,-0.277238278990909,-0.27723912503301
2022-11-24 21:30:00,2094.89583333333,-25.2791777609259,-0.318362312164872,-0.318363158115412
2022-11-24 22:00:00,2094.91666666667,-24.9561583708145,-0.266614244121389,-0.266615089980403
2022-11-24 22:30:00,2094.9375,-24.6518041113402,-0.217839600528653,-0.217840446296187
2022-11-24 23:30:00,2094.97916666667,-24.7993500895717,-0.240762362727388,-0.240763208312074
2022-11-25,2095,-24.1573389579143,-0.13819890573134,-0.13819975122467
2022-11-25 00:30:00,2095.02083333333,-23.3270752484513,-0.00564673451415715,-0.00564757991617171
2022-11-25 01:00:00,2095.04166666667,-23.4659285821429,-0.0274756568025573,-0.0274765021132862
2022-11-25 01:30:00,2095.0625,-23.4546034035382,-0.0253810907881648,-0.0253819360076608
2022-11-25 02:00:00,2095.08333333333,-22.8851769221601,0.0656193555214883,0.0656185103931841
2022-11-25 05:30:00,2095.22916666667,-20.5918828687732,0.432973970512918,0.432973126021824
2022-11-25 06:00:00,2095.25,-20.2762564564103,0.483543434619811,0.483542590219577
2022-11-25 06:30:00,2095.27083333333,-20.4880959758,0.45008714246758,0.450086298158164
2022-11-25 07:00:00,2095.29166666667,-20.2071861795158,0.495126111992527,0.495125267773899
2022-11-25 07:30:00,2095.3125,-19.8308663962894,0.555363904146883,0.555363060018989
2022-11-25 08:00:00,2095.33333333333,-19.5214102820513,0.604950209541077,0.604949365503876
2022-11-25 08:30:00,2095.35416666667,-19.7644560434,0.566522514783848,0.566521670837304
2022-11-25 09:00:00,2095.375,-20.2095704159259,0.495905089282352,0.495904245426421
2022-11-25 09:30:00,2095.39583333333,-19.9853037187037,0.531920489919578,0.531919646154215
2022-11-25 10:00:00,2095.41666666667,-19.6106665564103,0.591889956442074,0.591889112767241
2022-11-25 10:30:00,2095.4375,-19.7767684355289,0.565719250554518,0.565718406970168
2022-11-25 11:00:00,2095.45833333333,-19.2052555283333,0.657051050504015,0.657050207010111
2022-11-25 11:30:00,2095.47916666667,-18.7636352112963,0.727690811249965,0.727689967846465
2022-11-25 12:00:00,2095.5,-18.8052564794872,0.721349785333119,0.721348942019975
2022-11-25 12:30:00,2095.52083333333,-18.9877803864271,0.692562811530161,0.692561968307331
2022-11-25 13:00:00,2095.54166666667,-18.7275807089054,0.734301964228,0.734301121095452
2022-11-25 13:30:00,2095.5625,-18.3954759290741,0.787495594191223,0.787494751148905
2022-11-25 14:00:00,2095.58333333333,-17.4070511333333,0.945241414749376,0.945240571797244
2022-11-25 14:30:00,2095.60416666667,-17.824022,0.87910664498218,0.879105802120198
2022-11-25 15:00:00,2095.625,-18.0865537298148,0.837574083051664,0.83757324027979
2022-11-25 15:30:00,2095.64583333333,-18.3994370575926,0.788020418518854,0.788019575837039
2022-11-25 16:00:00,2095.66666666667,-18.7454872128205,0.733183197569929,0.733182354978135
2022-11-25 16:30:00,2095.6875,-18.6469161157685,0.749174402702008,0.749173560200188
2022-11-25 17:00:00,2095.70833333333,-18.740530625974,0.734550246083812,0.734549403671928
2022-11-25 17:30:00,2095.72916666667,-18.860851852963,0.715671633184143,0.715670790862154
2022-11-25 18:00:00,2095.75,-19.0405128205128,0.687340099958236,0.687339257726092
2022-11-25 18:30:00,2095.77083333333,-19.5712055728543,0.603088895276445,0.603088053134103
2022-11-25 19:00:00,2095.79166666667,-20.0612351635185,0.525315303984379,0.525314461931808
2022-11-25 19:30:00,2095.8125,-19.8265777861111,0.562984807215413,0.562983965252559
2022-11-25 20:00:00,2095.83333333333,-20.4926410589744,0.457168809794426,0.457167967921245
2022-11-25 20:30:00,2095.85416666667,-20.4165109946108,0.469584683939419,0.469583842155875
2022-11-25 21:00:00,2095.875,-23.2964007254174,0.0111044348339026,0.0111035931399514
2022-11-25 21:30:00,2095.89583333333,-23.6806666444444,-0.0498212151603377,-0.0498220567647448
2022-11-25 22:30:00,2095.9375,-24.3290203612245,-0.15252822722286,-0.152529068648303
2022-11-25 23:00:00,2095.95833333333,-24.2770224799591,-0.143956914818671,-0.143957756154693
2022-11-25 23:30:00,2095.97916666667,-25.2730409094796,-0.30233540730435,-0.302336248550996
2022-11-26,2096,-26.0595129851301,-0.42733307356746,-0.427333914724778
2022-11-26 00:30:00,2096.02083333333,-26.5742856591837,-0.509048888726623,-0.509049729794651
2022-11-26 01:00:00,2096.04166666667,-26.222856906135,-0.452778255317212,-0.452779096295993
2022-11-26 01:30:00,2096.0625,-26.6060427267161,-0.513532306255627,-0.513533147145211
2022-11-26 02:00:00,2096.08333333333,-26.8883061335807,-0.558209402409423,-0.558210243209853
2022-11-26 02:30:00,2096.10416666667,-27.1022653061224,-0.592005643102174,-0.592006483813488
2022-11-26 03:00:00,2096.125,-27.5403264614286,-0.66150154770993,-0.661502388332173
2022-11-26 03:30:00,2096.14583333333,-27.8237755083488,-0.706367690915478,-0.706368531448698
2022-11-26 07:00:00,2096.29166666667,-30.3201558207792,-1.10203203668749,-1.10203287659875
2022-11-26 07:30:00,2096.3125,-31.3603846376068,-1.26745420298034,-1.26745504280293
2022-11-26 08:00:00,2096.33333333333,-30.8877016780328,-1.19186850042977,-1.19186934016374
2022-11-26 08:30:00,2096.35416666667,-31.3173940503717,-1.2600318914209,-1.26003273106628
2022-11-26 09:00:00,2096.375,-31.4403840166976,-1.27933742831716,-1.27933826787399
2022-11-26 09:30:00,2096.39583333333,-31.3937167450644,-1.27161650436042,-1.27161734382876
2022-11-26 10:00:00,2096.41666666667,-30.7910721085246,-1.17532804729554,-1.17532888667542
2022-11-26 10:30:00,2096.4375,-30.4331611244444,-1.11802589442373,-1.1180267337152
2022-11-26 11:00:00,2096.45833333333,-30.2917518059259,-1.09521267009393,-1.09521350929704
2022-11-26 11:30:00,2096.47916666667,-29.7143974700855,-1.00295315151304,-1.00295399062782
2022-11-26 12:00:00,2096.5,-29.1794738637255,-0.91745293703667,-0.917453776063187
2022-11-26 12:30:00,2096.52083333333,-29.7948573685185,-1.01519752600404,-1.01519836494232
2022-11-26 13:00:00,2096.54166666667,-29.7484777651852,-1.00752283759294,-1.00752367644304
2022-11-26 13:30:00,2096.5625,-30.7131709957265,-1.16091283283006,-1.16091367159201
2022-11-26 14:00:00,2096.58333333333,-31.1310914787582,-1.22720159738192,-1.22720243605578
2022-11-26 14:30:00,2096.60416666667,-30.7136685290741,-1.16041961491566,-1.16042045350147
2022-11-26 15:00:00,2096.625,-30.8680388390741,-1.18472476612454,-1.18472560462234
2022-11-26 15:30:00,2096.64583333333,-31.1134999700855,-1.22354080904875,-1.2235416474586
2022-11-26 16:00:00,2096.66666666667,-30.3081176598039,-1.09495679969955,-1.09495763802148
2022-11-26 16:30:00,2096.6875,-31.2728389105556,-1.2483516114677,-1.24835244970175
2022-11-26 17:00:00,2096.70833333333,-30.5401425588889,-1.13134664511866,-1.13134748326489
2022-11-26 17:30:00,2096.72916666667,-31.0153931606838,-1.20676855064997,-1.20676938870841
2022-11-26 18:00:00,2096.75,-31.0371209137255,-1.20994400129877,-1.20994483926948
2022-11-26 18:30:00,2096.77083333333,-30.3864740216667,-1.10600974954934,-1.10601058743235
2022-11-26 19:00:00,2096.79166666667,-28.6872037190741,-0.83502909823273,-0.835029936028095
2022-11-26 19:30:00,2096.8125,-27.8748803299145,-0.705339783175915,-0.705340620883682
2022-11-26 20:00:00,2096.83333333333,-27.5640293846405,-0.655535445951754,-0.655536283571969
2022-11-26 20:30:00,2096.85416666667,-27.7897055625926,-0.691200322066248,-0.691201159598944
2022-11-26 21:00:00,2096.875,-27.1387944411111,-0.587224274197435,-0.58722511164267
2022-11-26 22:00:00,2096.91666666667,-26.9114098991803,-0.550431049896373,-0.550431887166816
2022-11-26 22:30:00,2096.9375,-26.0308537510204,-0.409872563099453,-0.409873400282564
2022-11-26 23:00:00,2096.95833333333,-25.8357434421933,-0.378506147719043,-0.378506984814875
2022-11-26 23:30:00,2096.97916666667,-25.7381022258364,-0.362666687841021,-0.362667524849613
2022-11-27,2097,-25.9873278364754,-0.402083420834654,-0.402084257756058
2022-11-27 00:30:00,2097.02083333333,-25.4565816238095,-0.317250144490756,-0.317250981325011
2022-11-27 01:00:00,2097.04166666667,-25.0464397137291,-0.251629279262925,-0.251630116010078
2022-11-27 01:30:00,2097.0625,-26.118790335807,-0.4221705933808,-0.422171430040902
2022-11-27 02:00:00,2097.08333333333,-25.6502745868852,-0.347250853078321,-0.347251689651418
2022-11-27 02:30:00,2097.10416666667,-25.1067016213559,-0.260374504171875,-0.260375340658001
2022-11-27 03:00:00,2097.125,-25.4602881011152,-0.316416355696084,-0.316417192095297
2022-11-27 03:30:00,2097.14583333333,-25.4821966673469,-0.31962173828568,-0.319622574598026
2022-11-27 04:00:00,2097.16666666667,-25.704213145082,-0.35470451392523,-0.35470535015075
2022-11-27 04:30:00,2097.1875,-25.3792779888136,-0.302657563194111,-0.302658399332849
2022-11-27 05:00:00,2097.20833333333,-25.1661743445269,-0.268425512058724,-0.268426348110734
2022-11-27 08:30:00,2097.35416666667,-24.9288404137291,-0.228628307128624,-0.228629142574801
2022-11-27 09:00:00,2097.375,-24.7785621958525,-0.204404871195067,-0.204405706554886
2022-11-27 09:30:00,2097.39583333333,-24.4494571342857,-0.15169425141853,-0.151695086692038
2022-11-27 10:00:00,2097.41666666667,-25.0565213369202,-0.248116124612406,-0.248116959799644
2022-11-27 10:30:00,2097.4375,-24.6853821471243,-0.188709558577491,-0.188710393678505
2022-11-27 11:00:00,2097.45833333333,-24.8490806873272,-0.214503085390881,-0.214503920405725
2022-11-27 11:30:00,2097.47916666667,-24.8963523704762,-0.221749790969721,-0.221750625898434
2022-11-27 12:00:00,2097.5,-24.9310705089054,-0.226996768234426,-0.226997603077062
2022-11-27 12:30:00,2097.52083333333,-24.9591277783333,-0.23118272467424,-0.231183559430839
2022-11-27 13:00:00,2097.54166666667,-24.8620783815668,-0.215439160189776,-0.215439994860386
2022-11-27 13:30:00,2097.5625,-24.5464434330189,-0.164874821542289,-0.164875656126963
2022-11-27 14:00:00,2097.58333333333,-24.4859296405556,-0.154951525847758,-0.154952360346541
2022-11-27 14:30:00,2097.60416666667,-24.4612648042593,-0.150739055000971,-0.150739889413901
2022-11-27 15:00:00,2097.625,-25.5425057745958,-0.322698229993322,-0.322699064320456
2022-11-27 15:30:00,2097.64583333333,-25.2194527660377,-0.270952431206912,-0.270953265448298
2022-11-27 16:00:00,2097.66666666667,-25.1974934903525,-0.267171139853592,-0.267171974009271
2022-11-27 16:30:00,2097.6875,-24.882124102963,-0.216649468688833,-0.216650302758852
2022-11-27 17:00:00,2097.70833333333,-25.306118337587,-0.283909011562931,-0.283909845547343
2022-11-27 17:30:00,2097.72916666667,-25.8105848396226,-0.363987904872165,-0.363988738771012
2022-11-27 18:00:00,2097.75,-25.5192708474954,-0.317298457553088,-0.317299291366424
2022-11-27 18:30:00,2097.77083333333,-21.2307403176252,0.366150379885987,0.366149546158121
2022-11-27 19:00:00,2097.79166666667,-17.2400760578341,1.00214884680379,1.00214801316135
2022-11-27 19:30:00,2097.8125,-16.9540942745283,1.04798868693072,1.04798785337364
2022-11-27 20:00:00,2097.83333333333,-17.8199981433333,0.910332258613443,0.910331425141697
2022-11-27 20:30:00,2097.85416666667,-18.5114999733333,0.800458138760173,0.800457305373707
2022-11-27 21:30:00,2097.89583333333,-19.9884031310811,0.565751458973152,0.565750625757091
2022-11-27 22:00:00,2097.91666666667,-21.0787127670213,0.392346787580799,0.392345954449875
2022-11-27 22:30:00,2097.9375,-21.9663996167286,0.251220009739687,0.251219176693852
2022-11-27 23:00:00,2097.95833333333,-21.7995891938662,0.278075339847112,0.278074506886313
2022-11-27 23:30:00,2097.97916666667,-21.3332048704955,0.35265294522003,0.352652112344224
2022-11-28,2098,-21.925302969697,0.258613483071702,0.258612650280835
2022-11-28 00:30:00,2098.02083333333,-21.4094990599258,0.341063541436073,0.341062708730104
2022-11-28 01:00:00,2098.04166666667,-21.3691799285714,0.347768473538211,0.347767640917091
2022-11-28 01:30:00,2098.0625,-20.9640315313063,0.412590907101999,0.412590074565674
2022-11-28 02:00:00,2098.08333333333,-20.6326526663158,0.465661740112327,0.465660907660755
2022-11-28 02:30:00,2098.10416666667,-20.7643228183673,0.444968472425752,0.444967640058885
2022-11-28 03:00:00,2098.125,-20.0261561589219,0.562840768988914,0.562839936706698
2022-11-28 03:30:00,2098.14583333333,-19.6875923222973,0.617055988861755,0.617055156664141
2022-11-28 04:00:00,2098.16666666667,-19.6726106126316,0.619724283184333,0.61972345107128
2022-11-28 04:30:00,2098.1875,-19.6990352525046,0.615796454909778,0.615795622881236
2022-11-28 05:00:00,2098.20833333333,-20.0343956641304,0.562654875863519,0.562654043919435
2022-11-28 05:30:00,2098.22916666667,-20.0146396358108,0.566083537872917,0.566082706013248
2022-11-28 06:00:00,2098.25,-20.2484527168421,0.529118397924723,0.52911756614942
2022-11-28 06:30:00,2098.27083333333,-20.5036975764378,0.488739098665393,0.488738266974401
2022-11-28 10:00:00,2098.41666666667,-21.1006289584416,0.39561549806568,0.395614666963531
2022-11-28 10:30:00,2098.4375,-20.6975788387755,0.460102564767564,0.460101733749343
2022-11-28 11:00:00,2098.45833333333,-18.4127239448276,0.82436241477869,0.824361583844342
2022-11-28 11:30:00,2098.47916666667,-20.8418764633333,0.437677453267646,0.437676622417126
2022-11-28 12:00:00,2098.5,-21.4319480404453,0.343959337883774,0.343958507117035
2022-11-28 12:30:00,2098.52083333333,-21.4822393194805,0.336228547614541,0.336227716931528
2022-11-28 13:00:00,2098.54166666667,-18.1833792034483,0.86201990578577,0.862019075186438
2022-11-28 13:30:00,2098.5625,-21.5162837604697,0.331366350224348,0.331365519708644
2022-11-28 14:00:00,2098.58333333333,-22.7185759512963,0.140120804949049,0.140119974516929
2022-11-28 14:30:00,2098.60416666667,-23.6981592409259,-0.0156471154614567,-0.0156479458100428
2022-11-28 15:00:00,2098.625,-22.7135518206897,0.141481885562066,0.14148105529696
2022-11-28 15:30:00,2098.64583333333,-24.7803659594912,-0.187482810670812,-0.187483640852489
2022-11-28 16:00:00,2098.66666666667,-24.9682184964815,-0.217127643360285,-0.217128473458576
2022-11-28 16:30:00,2098.6875,-25.3821129662963,-0.282781179871237,-0.282782009886191
2022-11-28 17:00:00,2098.70833333333,-24.3552413206897,-0.118919707032421,-0.118920536964094
2022-11-28 17:30:00,2098.72916666667,-24.9622856880626,-0.215342285139621,-0.215343114988056
2022-11-28 18:00:00,2098.75,-24.7691777940741,-0.184300098711176,-0.184300928476423
2022-11-28 20:00:00,2098.83333333333,-26.791908630137,-0.505403348384859,-0.505404177817863
2022-11-28 20:30:00,2098.85416666667,-25.719237519375,-0.334246426004839,-0.334247255354903
2022-11-28 21:30:00,2098.89583333333,-25.9041981085185,-0.363151672422055,-0.363152501606403
2022-11-28 22:00:00,2098.91666666667,-25.1451815368519,-0.241960330507762,-0.241961159609315
2022-11-28 22:30:00,2098.9375,-26.0541792887892,-0.38648492514762,-0.386485754166439
2022-11-28 23:00:00,2098.95833333333,-25.6014271905063,-0.314081858380466,-0.314082687316602
2022-11-28 23:30:00,2098.97916666667,-26.65772965,-0.482072323948088,-0.482073152801585
2022-11-29,2099,-26.3352981261111,-0.430429543630491,-0.430430372401399
2022-11-29 00:30:00,2099.02083333333,-25.881468684375,-0.357855044064898,-0.357855872753274
2022-11-29 01:00:00,2099.04166666667,-24.9348734132911,-0.206782658747039,-0.206783487352927
2022-11-29 01:30:00,2099.0625,-25.5230722505556,-0.300204134707045,-0.3002049632305
2022-11-29 02:00:00,2099.08333333333,-25.6997185583333,-0.328065061690233,-0.3280658901313
2022-11-29 02:30:00,2099.10416666667,-26.4784062504464,-0.451831674530866,-0.451832502889596
2022-11-29 03:00:00,2099.125,-25.6493703006329,-0.319486825455968,-0.319487653732417
2022-11-29 03:30:00,2099.14583333333,-26.2320722859259,-0.412032901466985,-0.412033729661203
2022-11-29 04:00:00,2099.16666666667,-26.5756944525926,-0.466493454735291,-0.466494282847318
2022-11-29 04:30:00,2099.1875,-27.7618884433036,-0.655176364935688,-0.655177192965586
2022-11-29 05:00:00,2099.20833333333,-27.0350253015823,-0.539107970130772,-0.539108798078591
2022-11-29 05:30:00,2099.22916666667,-27.4502925777778,-0.604981830401414,-0.604982658267199
2022-11-29 06:00:00,2099.25,-27.9496296457407,-0.684248131934659,-0.684248959718461
2022-11-29 06:30:00,2099.27083333333,-28.8776874861607,-0.831810022281848,-0.831810849983723
2022-11-29 07:00:00,2099.29166666667,-28.1437879696203,-0.714620981438098,-0.714621809058092
2022-11-29 07:30:00,2099.3125,-28.2484629333333,-0.731017518018135,-0.731018345556304
2022-11-29 08:00:00,2099.33333333333,-28.1195129325926,-0.710197494308821,-0.71019832176521
2022-11-29 11:30:00,2099.47916666667,-28.3276375671004,-0.741406303196698,-0.741407130082077
2022-11-29 12:30:00,2099.52083333333,-28.1368960649351,-0.710465735087388,-0.710466561810082
2022-11-29 13:30:00,2099.5625,-29.0333383081784,-0.852714569958727,-0.852715396518942
2022-11-29 14:00:00,2099.58333333333,-29.1120706787879,-0.864979261189234,-0.864980087668285
2022-11-29 14:30:00,2099.60416666667,-29.0809795263636,-0.859749050681421,-0.859749877079358
2022-11-29 15:00:00,2099.625,-29.2216326037106,-0.881877882704553,-0.881878709021434
2022-11-29 15:30:00,2099.64583333333,-29.2846691747212,-0.891642413835919,-0.89164324007179
2022-11-29 16:00:00,2099.66666666667,-29.3837474686869,-0.907148481258711,-0.907149307413623
2022-11-29 16:30:00,2099.6875,-29.0085454856818,-0.847101425737963,-0.847102251811974
2022-11-29 17:00:00,2099.70833333333,-29.5430962911111,-0.931978703675247,-0.931979529668408
2022-11-29 17:30:00,2099.72916666667,-29.2000037165121,-0.877046828174627,-0.877047654086985
2022-11-29 18:00:00,2099.75,-29.291929340404,-0.89141372677391,-0.891414552605516
2022-11-29 18:30:00,2099.77083333333,-28.9427454393182,-0.835511627068344,-0.835512452819255
2022-11-29 19:00:00,2099.79166666667,-28.7924055868519,-0.811285590686094,-0.811286416356358
2022-11-29 19:30:00,2099.8125,-27.7251851801852,-0.640999891122987,-0.64100071671266
2022-11-29 20:30:00,2099.85416666667,-28.1811442980769,-0.713081245266423,-0.713082070695061
2022-11-29 21:00:00,2099.875,-26.454158253211,-0.437694601226328,-0.437695426574532
2022-11-29 21:30:00,2099.89583333333,-26.8384666475926,-0.498638734574489,-0.498639559842306
2022-11-29 22:00:00,2099.91666666667,-25.8876574124074,-0.346897739935718,-0.346898565123199
2022-11-29 22:30:00,2099.9375,-26.5031634673077,-0.44467195484579,-0.444672779952994
2022-11-29 23:00:00,2099.95833333333,-25.8006215841743,-0.332480255899247,-0.332481080926225
2022-11-29 23:30:00,2099.97916666667,-25.934705557037,-0.353563718276794,-0.353564543223593
2022-11-30,2100,-26.3831962724074,-0.424732464051013,-0.424733288917687
2022-11-30 00:30:00,2100.02083333333,-27.2329223184466,-0.559818349400091,-0.559819174186697
2022-11-30 01:00:00,2100.04166666667,-26.3455045768349,-0.418176052699018,-0.418176877405602
2022-11-30 01:30:00,2100.0625,-26.3117169333333,-0.412517705383866,-0.412518530010487
2022-11-30 02:00:00,2100.08333333333,-25.77050002,-0.326025577547064,-0.326026402093769
2022-11-30 02:30:00,2100.10416666667,-25.8421725478664,-0.337167240484757,-0.337168064951599
2022-11-30 03:30:00,2100.14583333333,-25.6512411684601,-0.306200285945186,-0.306201110252464
2022-11-30 04:30:00,2100.1875,-25.7916178128015,-0.328011196021817,-0.328012020169743
2022-11-30 05:30:00,2100.22916666667,-25.1313450818182,-0.222278348414335,-0.22227917240312
2022-11-30 06:00:00,2100.25,-25.329180412782,-0.253518290723927,-0.253519114633217
2022-11-30 06:30:00,2100.27083333333,-25.5913499285714,-0.295006779745884,-0.295007603575739
2022-11-30 07:00:00,2100.29166666667,-25.4760018374768,-0.276356509343382,-0.276357333093849
2022-11-30 08:00:00,2100.33333333333,-25.0401465367347,-0.206374169877636,-0.206374993469492
2022-11-30 08:30:00,2100.35416666667,-24.7324511406015,-0.157083031933135,-0.157083855445762
2022-11-30 09:00:00,2100.375,-24.4046713742857,-0.104592504738026,-0.104593328171483
2022-11-30 09:30:00,2100.39583333333,-24.8624833411111,-0.17724736733304,-0.177248190687375
2022-11-30 13:00:00,2100.54166666667,-22.6032467298701,0.18457318390397,0.18457236110198
2022-11-30 14:00:00,2100.58333333333,-22.0868052118738,0.267391395458197,0.267390572813538
2022-11-30 14:30:00,2100.60416666667,-20.6666626839623,0.493895370875684,0.493894548309612
2022-11-30 15:00:00,2100.625,-20.1419999495652,0.577748709571106,0.577747887083563
2022-11-30 15:30:00,2100.64583333333,-19.5126846194805,0.678273215816153,0.678272393407089
2022-11-30 16:30:00,2100.6875,-17.9739572782931,0.923941632424148,0.923940810171878
2022-11-30 17:00:00,2100.70833333333,-16.4282263860849,1.17045159519822,1.17045077302426
2022-11-30 17:30:00,2100.72916666667,-16.5470261347826,1.15180057151204,1.15179974941636
2022-11-30 18:00:00,2100.75,-16.2818683142857,1.19431419707431,1.19431337505683
2022-11-30 19:00:00,2100.79166666667,-17.2808903395911,1.03571666721854,1.03571584535731
2022-11-30 20:00:00,2100.83333333333,-19.5059953348837,0.681802980028779,0.681802158323586
2022-11-30 20:30:00,2100.85416666667,-20.1206952428571,0.584154310637391,0.584153489010137
2022-11-30 21:00:00,2100.875,-20.1182542517757,0.584816561366448,0.584815739817074
2022-11-30 22:00:00,2100.91666666667,-19.5419719514019,0.677165343358912,0.677164521965146
2022-11-30 22:30:00,2100.9375,-18.3618511697674,0.865432627751092,0.865431806435043
2022-11-30 23:00:00,2100.95833333333,-18.4589047333333,0.850245060012832,0.850244238774446
2022-11-30 23:30:00,2100.97916666667,-19.7946524078505,0.637732568923501,0.637731747762734
2022-12-01 00:30:00,2101.02083333333,-22.6334448938318,0.186056834264975,0.18605601325926
2022-12-01 01:00:00,2101.04166666667,-22.8027511602326,0.159359093960455,0.159358273032189
2022-12-01 01:30:00,2101.0625,-22.6788762390476,0.179365259918736,0.179364439067865
2022-12-01 02:00:00,2101.08333333333,-23.2367775919626,0.0907639117417593,0.0907630909682234
2022-12-01 03:00:00,2101.125,-23.5912336035514,0.0348440883121315,0.0348432676931061
2022-12-01 03:30:00,2101.14583333333,-24.2851906572093,-0.0754312298261995,-0.075432050368049
2022-12-01 04:00:00,2101.16666666667,-24.2956856114286,-0.0768306137186735,-0.076831434183402
2022-12-01 04:30:00,2101.1875,-24.8138205753271,-0.159097480558979,-0.159098300946647
2022-12-01 05:30:00,2101.22916666667,-26.3517308472897,-0.403543079603408,-0.403543899837109
2022-12-01 06:00:00,2101.25,-26.6558162751163,-0.451711902514746,-0.451712722671551
2022-12-01 06:30:00,2101.27083333333,-27.026028567619,-0.510414849003743,-0.510415669083709
2022-12-01 07:00:00,2101.29166666667,-28.0073233725234,-0.666463743219931,-0.666464563223105
2022-12-01 08:00:00,2101.33333333333,-29.2796423440075,-0.86860112627453,-0.868601946124294
2022-12-01 08:30:00,2101.35416666667,-29.6824232876744,-0.932492549635323,-0.932493369408462
2022-12-01 09:00:00,2101.375,-29.1251810019048,-0.843451653456498,-0.843452473153073
2022-12-01 09:30:00,2101.39583333333,-29.5056467302804,-0.9037883810175,-0.903789200637561
2022-12-01 10:30:00,2101.4375,-29.1028804003738,-0.839084148237855,-0.83908496770506
2022-12-01 11:00:00,2101.45833333333,-30.1779162483721,-1.01006659337846,-1.01006741276933
2022-12-01 11:30:00,2101.47916666667,-30.004220011,-0.982125192088278,-0.982126011402843
2022-12-01 14:30:00,2101.60416666667,-31.0304739713755,-1.14398079367888,-1.14398161253688
2022-12-01 15:00:00,2101.625,-32.48766645,-1.37584160117022,-1.37584241995232
2022-12-01 15:30:00,2101.64583333333,-31.3629864075728,-1.19640833842631,-1.19640915713256
2022-12-01 16:00:00,2101.66666666667,-30.8791505503717,-1.11906207978487,-1.11906289841533
2022-12-01 17:00:00,2101.70833333333,-30.5249740450835,-1.0620999901866,-1.06210080866565
2022-12-01 17:30:00,2101.72916666667,-31.30033325,-1.18534460730761,-1.18534542571104
2022-12-01 18:00:00,2101.75,-30.302428011284,-1.02610699894109,-1.02610781726896
2022-12-01 20:00:00,2101.83333333333,-29.1986180503745,-0.849187596967242,-0.849188414993427
2022-12-01 20:30:00,2101.85416666667,-29.2491999233333,-0.856975073170579,-0.85697589112148
2022-12-01 21:00:00,2101.875,-29.0875307063366,-0.830950866854412,-0.83095168473009
2022-12-01 21:30:00,2101.89583333333,-28.7153009140187,-0.771384278242628,-0.771385096043135
2022-12-01 22:30:00,2101.9375,-27.8976280471028,-0.640588376437833,-0.640589194088171
2022-12-01 23:00:00,2101.95833333333,-27.8035667366667,-0.625334429446795,-0.625335247022131
2022-12-01 23:30:00,2101.97916666667,-27.7414593984158,-0.615170841020163,-0.615171658520553
2022-12-02,2102,-27.319743951215,-0.547721491852706,-0.547722309278213
2022-12-02 01:00:00,2102.04166666667,-27.2236217404494,-0.531869804980913,-0.531870622256818
2022-12-02 01:30:00,2102.0625,-27.44399986,-0.566706624038008,-0.566707441239194
2022-12-02 02:00:00,2102.08333333333,-26.6255511008889,-0.436057647099299,-0.43605846422583
2022-12-02 02:30:00,2102.10416666667,-26.3169420385047,-0.386626566354873,-0.386627383406798
2022-12-02 03:30:00,2102.14583333333,-26.6023820621723,-0.431558697604718,-0.43155951450761
2022-12-02 04:00:00,2102.16666666667,-27.7429000833333,-0.612974801544257,-0.612975618372716
2022-12-02 04:30:00,2102.1875,-26.516657429901,-0.417364307010915,-0.417365123765002
2022-12-02 05:00:00,2102.20833333333,-26.5346392514019,-0.419959728813119,-0.419960545492887
2022-12-02 06:00:00,2102.25,-26.4716878824299,-0.409393545483834,-0.409394362015138
2022-12-02 06:30:00,2102.27083333333,-27.4919334333333,-0.57165050083845,-0.571651317295612
2022-12-02 07:00:00,2102.29166666667,-26.4538691150794,-0.406017291621183,-0.406018108004254
2022-12-02 07:30:00,2102.3125,-26.1882037491589,-0.36342785598938,-0.363428672298417
2022-12-02 08:30:00,2102.35416666667,-26.1607718945794,-0.358520641642339,-0.358521457803487
2022-12-02 09:00:00,2102.375,-26.6501999566667,-0.436218334436604,-0.436219150523891
2022-12-02 09:30:00,2102.39583333333,-26.2750336180198,-0.376185589994754,-0.376186406008242
2022-12-02 10:00:00,2102.41666666667,-25.9275308280374,-0.320559737308871,-0.320560553248613
2022-12-02 11:00:00,2102.45833333333,-26.717171986729,-0.445813524544692,-0.44581434033712
2022-12-02 11:30:00,2102.47916666667,-26.6734333666667,-0.43857772746218,-0.438578543181034
2022-12-02 12:00:00,2102.5,-26.140649479604,-0.353436738691368,-0.353437554336712
2022-12-02 12:30:00,2102.52083333333,-26.0084007481273,-0.332101355289703,-0.332102170861595
2022-12-06 20:30:00,2106.85416666667,-14.5358342687151,1.54969616885684,1.54969536724346
2022-12-06 21:00:00,2106.875,-13.9908651180921,1.63676307872747,1.63676227717454
2022-12-06 21:30:00,2106.89583333333,-14.0358583845494,1.62984847809176,1.62984767659922
2022-12-06 22:00:00,2106.91666666667,-14.6268717574349,1.53595240840595,1.53595160697374
2022-12-06 23:00:00,2106.95833333333,-14.1666133693309,1.60977723661778,1.609776435306
2022-12-06 23:30:00,2106.97916666667,-13.9631589612583,1.64244022427036,1.64243942301871
2022-12-07,2107,-14.3900230247126,1.57469295294236,1.57469215175077
2022-12-07 00:30:00,2107.02083333333,-14.2115613384758,1.60337443004805,1.60337362891644
2022-12-07 01:30:00,2107.0625,-13.7309480630798,1.68044104585996,1.68044024484813
2022-12-07 02:00:00,2107.08333333333,-14.296910879538,1.59053493932139,1.59053413836935
2022-12-07 02:30:00,2107.10416666667,-14.5906101711864,1.54400053065327,1.54399972976095
2022-12-07 03:00:00,2107.125,-14.3105944372222,1.58885925932204,1.58885845848937
2022-12-07 04:00:00,2107.16666666667,-14.1102370412963,1.62128015115201,1.62127935043845
2022-12-07 04:30:00,2107.1875,-14.5246710338816,1.55551231324446,1.55551151259036
2022-12-07 05:00:00,2107.20833333333,-14.4441440440678,1.5685920371822,1.56859123658748
2022-12-07 05:30:00,2107.22916666667,-14.3901500144444,1.5774449652125,1.5774441646771
2022-12-07 06:30:00,2107.27083333333,-14.6598348640074,1.53498702771584,1.53498622729888
2022-12-07 07:00:00,2107.29166666667,-16.6015789832237,1.2259172130984,1.22591641274056
2022-12-07 07:30:00,2107.3125,-17.1239067716102,1.14296135779718,1.14296055749838
2022-12-07 08:00:00,2107.33333333333,-17.8012296198148,1.03531460215603,1.03531380191622
2022-12-07 09:00:00,2107.375,-17.428120377037,1.09525345758389,1.09525265746184
2022-12-07 09:30:00,2107.39583333333,-17.2267236414474,1.12758712974328,1.12758632968002
2022-12-07 10:00:00,2107.41666666667,-17.1713559317797,1.13665819704098,1.13665739703642
2022-12-07 10:30:00,2107.4375,-16.9315425864815,1.17511150919126,1.17511070924535
2022-12-07 11:30:00,2107.47916666667,-16.6618513079926,1.21857504206088,1.21857424223205
2022-12-07 12:00:00,2107.5,-16.7817927236842,1.19971893337619,1.19971813360581
2022-12-07 12:30:00,2107.52083333333,-16.6404935931915,1.2224785535454,1.2224777538334
2022-12-07 13:00:00,2107.54166666667,-15.8246481881481,1.35269380041858,1.35269300076488
2022-12-07 14:00:00,2107.58333333333,-15.0390036677778,1.47834828487629,1.47834748533901
2022-12-07 14:30:00,2107.60416666667,-14.4069737049342,1.57928136964447,1.57928057016528
2022-12-07 15:00:00,2107.625,-15.0051957268085,1.48423435709441,1.48423355767326
2022-12-07 15:30:00,2107.64583333333,-14.5849351914815,1.55143226669519,1.55143146733201
2022-12-07 16:30:00,2107.6875,-13.9068963055556,1.65994432653518,1.65994352728773
2022-12-07 18:30:00,2107.77083333333,-13.5917897810606,1.7111400568328,1.711139257816
2022-12-07 22:00:00,2107.91666666667,-14.4751245392193,1.57216953563486,1.57216873701905
2022-12-07 22:30:00,2107.9375,-14.0563747462926,1.6391257010898,1.63912490253101
2022-12-07 23:00:00,2107.95833333333,-13.8575499775,1.67104757552781,1.67104677702596
2022-12-07 23:30:00,2107.97916666667,-13.4554100157699,1.7353576279492,1.73535682950422
2022-12-08 00:30:00,2108.02083333333,-12.9129499179963,1.82226941470335,1.82226861637192
2022-12-08 01:00:00,2108.04166666667,-13.2446111717435,1.76968417629507,1.76968337802031
2022-12-08 01:30:00,2108.0625,-13.5458499475,1.72194518270028,1.72194438448212
2022-12-08 02:00:00,2108.08333333333,-13.3702170883117,1.75017210362801,1.75017130546638
2022-12-08 03:00:00,2108.125,-13.7708389066667,1.68684949033917,1.6868486922904
2022-12-08 03:30:00,2108.14583333333,-14.9476833468938,1.49962557767453,1.49962477968209
2022-12-08 04:00:00,2108.16666666667,-14.8944878,1.50834783613017,1.50834703819398
2022-12-08 04:30:00,2108.1875,-15.6283376506494,1.39169312246317,1.39169232458317
2022-12-08 05:30:00,2108.22916666667,-16.2885851622222,1.28701117225573,1.2870103744879
2022-12-08 06:00:00,2108.25,-16.8564969543086,1.19679027612354,1.19678947841169
2022-12-08 06:30:00,2108.27083333333,-17.0913414853659,1.15962715469849,1.15962635704255
2022-12-08 07:00:00,2108.29166666667,-17.0886629766667,1.16030154522306,1.16030074762296
2022-12-08 08:00:00,2108.33333333333,-16.92788703,1.18640843858032,1.1864076410917
2022-12-08 08:30:00,2108.35416666667,-16.9327755847695,1.18587715623484,1.18587635880185
2022-12-08 09:00:00,2108.375,-17.2385121756098,1.1374204886061,1.13741969122867
2022-12-08 09:30:00,2108.39583333333,-17.7576407342593,1.05497024983368,1.05496945251176
2022-12-08 10:30:00,2108.4375,-17.6126882948052,1.07855566555159,1.07855486834044
2022-12-08 11:00:00,2108.45833333333,-19.1105531102204,0.840191806931886,0.840191009776025
2022-12-08 11:30:00,2108.47916666667,-18.5088292560976,0.936293845455666,0.936293048355025
2022-12-08 12:00:00,2108.5,-19.2808611357407,0.813555535550236,0.81355473850474
2022-12-08 13:00:00,2108.54166666667,-20.1267389192593,0.679300205472379,0.67929940853697
2022-12-08 13:30:00,2108.5625,-20.6980461320641,0.588537243232244,0.588536446351776
2022-12-08 14:00:00,2108.58333333333,-20.2340243243902,0.662702855349184,0.662702058523588
2022-12-08 14:30:00,2108.60416666667,-21.6151851888889,0.442929470703211,0.442928673932412
2022-12-08 15:30:00,2108.64583333333,-22.3488237957328,0.326553136878866,0.326552340217462
2022-12-08 16:00:00,2108.66666666667,-21.6989559432866,0.430323842563891,0.430323045957074
2022-12-08 16:30:00,2108.6875,-21.5692195414634,0.451237157850344,0.451236361298045
2022-12-08 17:30:00,2108.72916666667,-22.7372860026168,0.265655527411505,0.265654730968042
2022-12-08 18:30:00,2108.77083333333,-22.9830056462547,0.227004089256901,0.227003292921989
2022-12-08 19:00:00,2108.79166666667,-22.6193618308151,0.285178629102743,0.285177832821997
2022-12-08 19:30:00,2108.8125,-21.9688333533333,0.389054021812047,0.389053225585405
2022-12-08 20:00:00,2108.83333333333,-22.005546320983,0.383451282358092,0.383450486185482
2022-12-08 23:00:00,2108.95833333333,-23.6263130989899,0.126734294113584,0.126733498263678
2022-12-08 23:30:00,2108.97916666667,-22.9499818340909,0.234719457675576,0.23471866187921
2022-12-09,2109,-24.707254193321,-0.044970254263526,-0.0449710500064266
2022-12-09 01:00:00,2109.04166666667,-24.5882709087199,-0.0255263080984238,-0.0255271037346013
2022-12-09 01:30:00,2109.0625,-24.6873030010101,-0.0410573979860848,-0.0410581935690042
2022-12-09 02:00:00,2109.08333333333,-23.9721931513636,0.0731048260528617,0.0731040305231299
2022-12-09 02:30:00,2109.10416666667,-24.7326419100186,-0.0477905699140143,-0.0477913653906339
2022-12-09 03:30:00,2109.14583333333,-24.2954174324675,0.0223486333528468,0.0223478379822487
2022-12-09 04:00:00,2109.16666666667,-25.7417171141414,-0.20780354270985,-0.207804338027548
2022-12-09 04:30:00,2109.1875,-26.036088461678,-0.254452791338818,-0.254453586603687
2022-12-09 05:00:00,2109.20833333333,-25.8690611372222,-0.227600981206004,-0.22760177641811
2022-12-09 06:00:00,2109.25,-26.913533367963,-0.393497916329711,-0.393498711436508
2022-12-09 06:30:00,2109.27083333333,-27.3716868383838,-0.466238091993692,-0.466238887047939
2022-12-09 07:00:00,2109.29166666667,-26.7337528453515,-0.364370830984874,-0.364371625986647
2022-12-09 07:30:00,2109.3125,-26.8556148387037,-0.383539693130878,-0.383540488080242
2022-12-09 08:30:00,2109.35416666667,-26.9227753357678,-0.393750966166205,-0.393751761010971
2022-12-09 09:00:00,2109.375,-27.3352424373737,-0.459213668606978,-0.459214463399553
2022-12-09 09:30:00,2109.39583333333,-26.6344466748299,-0.34733288092648,-0.347333675666926
2022-12-09 10:00:00,2109.41666666667,-27.0471333181481,-0.41283071592829,-0.412831510616689
2022-12-09 11:00:00,2109.45833333333,-28.0264240887037,-0.568345790397398,-0.568346584981905
2022-12-09 11:30:00,2109.47916666667,-28.1188889939394,-0.582832313036378,-0.582833107569051
2022-12-09 12:00:00,2109.5,-27.5688140750567,-0.494961862371531,-0.494962656852441
2022-12-09 12:30:00,2109.52083333333,-28.6105426494444,-0.660666925583228,-0.660667720012443
2022-12-09 13:30:00,2109.5625,-28.8882536601852,-0.704420641562465,-0.704421435888507
2022-12-09 14:00:00,2109.58333333333,-29.8282322191919,-0.853917094427629,-0.853917888702189
2022-12-09 14:30:00,2109.60416666667,-29.8135441702948,-0.851334554437908,-0.851335348661063
2022-12-09 15:00:00,2109.625,-30.0607407259259,-0.890470499127378,-0.890471293299199
2022-12-09 17:00:00,2109.70833333333,-29.5329999847619,-0.805431249781066,-0.80543204374825
2022-12-09 17:30:00,2109.72916666667,-28.5377790502326,-0.646649601066587,-0.646650394982796
2022-12-09 18:00:00,2109.75,-26.143110288972,-0.264934993709496,-0.264935787574801
2022-12-09 19:00:00,2109.79166666667,-25.3830616730841,-0.143374621980311,-0.143375415744021
2022-12-09 19:30:00,2109.8125,-26.4964381209524,-0.320494364170686,-0.320495157883704
2022-12-09 20:00:00,2109.83333333333,-25.3515617738928,-0.137872902696175,-0.137873696358572
2022-12-09 20:30:00,2109.85416666667,-24.3382149573832,0.0237957301958074,0.0237949365839542
2022-12-09 21:30:00,2109.89583333333,-24.3679643911985,0.0195399046294891,0.0195391111185166
2022-12-10 00:30:00,2110.02083333333,-24.2144715762542,0.0454393290570426,0.0454385358469662
2022-12-10 01:00:00,2110.04166666667,-23.9570455979253,0.0866885074834279,0.0866877143232456
2022-12-10 01:30:00,2110.0625,-23.5146920439703,0.157396700175818,0.157395907065462
2022-12-10 02:30:00,2110.10416666667,-23.0587309961039,0.230513289636841,0.230512496625916
2022-12-10 03:00:00,2110.125,-23.6012108738095,0.144336570658243,0.144335777696927
2022-12-10 03:30:00,2110.14583333333,-22.9912979465306,0.241736768221575,0.241735975309796
2022-12-10 04:00:00,2110.16666666667,-23.214920206308,0.206354133995382,0.206353341133062
2022-12-10 05:00:00,2110.20833333333,-24.1727773061224,0.0542476739831952,0.0542468812195853
2022-12-10 05:30:00,2110.22916666667,-24.3493844207483,0.0263543432812854,0.0263535505669168
2022-12-10 06:00:00,2110.25,-23.8333183534694,0.108804264489284,0.108803471824085
2022-12-10 06:30:00,2110.27083333333,-23.939970332963,0.0920546748533986,0.0920538822372994
2022-12-10 07:30:00,2110.3125,-24.4115518240741,0.0174114570498077,0.0174106645316867
2022-12-10 08:00:00,2110.33333333333,-24.9072584884354,-0.0613150650665208,-0.0613158575357596
2022-12-10 08:30:00,2110.35416666667,-24.6224918971545,-0.0157117209373003,-0.0157125133577345
2022-12-10 09:00:00,2110.375,-24.3666592705556,0.0252823407966434,0.0252815484249458
2022-12-10 10:00:00,2110.41666666667,-24.1781721951852,0.0557877060322027,0.0557869137577541
2022-12-10 10:30:00,2110.4375,-24.6502891554422,-0.0191813652405051,-0.0191821574664409
2022-12-10 11:00:00,2110.45833333333,-24.8342236321138,-0.0482428422069767,-0.0482436343844634
2022-12-10 11:30:00,2110.47916666667,-24.4184240933333,0.0182336567670804,0.0182328646379601
2022-12-10 12:30:00,2110.52083333333,-24.6210037066667,-0.0135589937988951,-0.0135597858314972
2022-12-10 13:00:00,2110.54166666667,-24.7354115462585,-0.0315451531712824,-0.0315459451557327
2022-12-10 13:30:00,2110.5625,-25.039479653252,-0.0797444100953327,-0.0797452020317093
2022-12-10 14:00:00,2110.58333333333,-25.6722388351852,-0.180304471595569,-0.180305263483941
2022-12-10 15:00:00,2110.625,-25.6888388488889,-0.18247125339993,-0.182472045192516
2022-12-10 15:30:00,2110.64583333333,-26.1575850197279,-0.256904169565629,-0.25690496131043
2022-12-10 16:00:00,2110.66666666667,-26.3645650191057,-0.289637629130205,-0.289638420827299
2022-12-10 17:00:00,2110.70833333333,-25.9374989973832,-0.22112874703411,-0.221129538636002
2022-12-10 18:00:00,2110.75,-25.7568336641122,-0.191871997352141,-0.191872788859133
2022-12-10 18:30:00,2110.77083333333,-24.9031180380328,-0.0556362941238603,-0.0556370855835085
2022-12-10 19:00:00,2110.79166666667,-24.8491957234783,-0.0468083187209208,-0.0468091101332988
2022-12-10 19:30:00,2110.8125,-24.375904682243,0.0288253127404278,0.0288245213752416
2022-12-10 20:30:00,2110.85416666667,-24.5294896947664,0.00483492575211986,0.00483413448110082
2022-12-10 21:00:00,2110.875,-24.1000163780328,0.0734881168411232,0.0734873256170793
2022-12-10 21:30:00,2110.89583333333,-23.9263913426087,0.101384411975382,0.101383620798239
2022-12-10 22:00:00,2110.91666666667,-23.7953420314019,0.122498281876464,0.122497490746144
2022-12-10 23:00:00,2110.95833333333,-24.3917677655431,0.0279622322246796,0.0279614411877932
2022-12-11 02:00:00,2111.08333333333,-23.5760263058704,0.159333447988297,0.159332657229919
2022-12-11 02:30:00,2111.10416666667,-23.5972445977778,0.156190241069429,0.156189450357207
2022-12-11 03:00:00,2111.125,-23.5615046096475,0.162120446619285,0.162119655953151
2022-12-11 04:00:00,2111.16666666667,-23.3819406315399,0.191198469597062,0.191197679022873
2022-12-11 04:30:00,2111.1875,-23.0504137638945,0.244247489511595,0.244246698983266
2022-12-11 05:00:00,2111.20833333333,-22.6870909181818,0.302361549088388,0.302360758605853
2022-12-11 05:30:00,2111.22916666667,-22.2939419301498,0.365226852054862,0.365226061618038
2022-12-11 06:30:00,2111.27083333333,-22.155480529128,0.38775638132247,0.387755590976852
2022-12-11 07:00:00,2111.29166666667,-21.8994433080972,0.428779434454296,0.428778644154165
2022-12-11 07:30:00,2111.3125,-22.19295655,0.382258623608163,0.382257833353444
2022-12-11 08:00:00,2111.33333333333,-21.1889907569573,0.542427067675994,0.542426277466618
2022-12-11 09:00:00,2111.375,-21.1811444238889,0.544148697957639,0.54414790783872
2022-12-11 09:30:00,2111.39583333333,-22.1751052216599,0.386045760542541,0.38604497046874
2022-12-11 10:00:00,2111.41666666667,-22.0849999869565,0.400635234119353,0.400634444090591
2022-12-11 10:30:00,2111.4375,-22.0623915016698,0.404472344581604,0.404471554597806
2022-12-11 11:30:00,2111.47916666667,-21.9324981433333,0.425635326371555,0.425634536477471
2022-12-11 12:00:00,2111.5,-21.7404453819838,0.456464782821191,0.456463992971846
2022-12-11 12:30:00,2111.52083333333,-21.5197610413043,0.491855187499446,0.491854397694776
2022-12-11 13:00:00,2111.54166666667,-21.9302788609665,0.426694554121218,0.426693764361138
2022-12-11 14:00:00,2111.58333333333,-21.706455527963,0.46281981965724,0.462819029986119
2022-12-11 14:30:00,2111.60416666667,-21.5781402262195,0.483495438847135,0.483494649220379
2022-12-11 15:00:00,2111.625,-21.472413226087,0.500572642478727,0.500571852896265
2022-12-11 15:30:00,2111.64583333333,-21.765007432037,0.454196910336297,0.454196120798054
2022-12-11 17:00:00,2111.70833333333,-21.2568448816822,0.535851271317712,0.535850481911672
2022-12-11 17:30:00,2111.72916666667,-21.7981519792,0.449855065515192,0.449854276153066
2022-12-11 18:00:00,2111.75,-21.4680571342857,0.50267372870646,0.502672939388172
2022-12-11 18:30:00,2111.77083333333,-20.9740055923365,0.581610727720675,0.581609938446159
2022-12-11 19:30:00,2111.8125,-21.0016785259813,0.577670630607883,0.577669841420667
2022-12-11 20:00:00,2111.83333333333,-21.260257984,0.53671272376723,0.536711934623556
2022-12-11 20:30:00,2111.85416666667,-21.4250856085714,0.5106894676908,0.510688678590588
2022-12-11 21:00:00,2111.875,-21.9243950979401,0.431382928197097,0.431382139140274
2022-12-11 22:00:00,2111.91666666667,-22.5190747943925,0.337117415427351,0.337116626457078
2022-12-11 22:30:00,2111.9375,-23.4960079985972,0.181724826674236,0.181724037747127
2022-12-11 23:00:00,2111.95833333333,-23.4778572142857,0.18484974494104,0.184848956057019
2022-12-11 23:30:00,2111.97916666667,-23.1438298708411,0.238293941327178,0.238293152486165
2022-12-12 00:30:00,2112.02083333333,-23.6634679081132,0.155981783841338,0.155980995086123
2022-12-12 03:30:00,2112.14583333333,-25.4405009215213,-0.125703192136097,-0.125703980635754
2022-12-12 04:30:00,2112.1875,-26.1680092768089,-0.241130578375183,-0.241131366790262
2022-12-12 05:00:00,2112.20833333333,-25.9832954397727,-0.211473050511835,-0.211473838884737
2022-12-12 05:30:00,2112.22916666667,-26.6514066917778,-0.317671252610145,-0.31767204094095
2022-12-12 06:00:00,2112.25,-27.7098884786245,-0.486055843740258,-0.486056632029042
2022-12-12 07:00:00,2112.29166666667,-27.7944656608534,-0.49906467319465,-0.499065461399612
2022-12-12 07:30:00,2112.3125,-27.0672247179775,-0.382982609162848,-0.382983397326019
2022-12-12 08:00:00,2112.33333333333,-27.5031555297778,-0.452194720854749,-0.4521955089762
2022-12-12 08:30:00,2112.35416666667,-27.3817796135185,-0.432627556525133,-0.43262834460494
2022-12-12 09:30:00,2112.39583333333,-27.3824926294444,-0.432277604375034,-0.432278392371787
2022-12-12 10:00:00,2112.41666666667,-27.0702359235955,-0.382303246086301,-0.382304034041644
2022-12-12 10:30:00,2112.4375,-27.4231685321508,-0.438294105070141,-0.438294892984146
2022-12-12 11:00:00,2112.45833333333,-28.1323481242593,-0.551035447277639,-0.551036235150382
2022-12-12 12:00:00,2112.5,-27.5582851590741,-0.459124112097545,-0.459124899888003
2022-12-12 12:30:00,2112.52083333333,-26.9049204897727,-0.354811432444961,-0.354812220194382
2022-12-12 13:00:00,2112.54166666667,-27.867130818847,-0.507861088827092,-0.507861876535563
2022-12-12 13:30:00,2112.5625,-27.6309573333952,-0.470007431488812,-0.470008219156409
2022-12-12 14:30:00,2112.60416666667,-27.7158184951852,-0.483064023596631,-0.483064811182701
2022-12-12 15:00:00,2112.625,-27.0825168786517,-0.381947824302119,-0.381948611847545
2022-12-12 15:30:00,2112.64583333333,-27.376489872809,-0.428547217564246,-0.4285480050691
2022-12-12 16:30:00,2112.6875,-27.0855345607477,-0.381736652278394,-0.38173743970234
2022-12-12 17:30:00,2112.72916666667,-27.3862551882798,-0.429180825070343,-0.429181612413688
2022-12-12 18:00:00,2112.75,-27.2661473726316,-0.409817272025249,-0.409818059328412
2022-12-12 18:30:00,2112.77083333333,-27.7524613765909,-0.487057232809118,-0.487058020072166
2022-12-12 20:00:00,2112.83333333333,-27.2869573179963,-0.412211988850496,-0.412212775993685
2022-12-12 21:00:00,2112.875,-28.2529498606679,-0.56563563828072,-0.565636425344388
2022-12-12 22:00:00,2112.91666666667,-28.0616133659851,-0.534696284162199,-0.534697071146654
2022-12-12 23:30:00,2112.97916666667,-27.1715556434343,-0.392221118646305,-0.392221905512518
2022-12-13,2113,-27.8442190036939,-0.499147597700051,-0.499148384527008
2022-12-13 01:00:00,2113.04166666667,-27.1072929707071,-0.381296459086866,-0.381297245835535
2022-12-13 01:30:00,2113.0625,-27.9465968189066,-0.514769141927809,-0.514769928637454
2022-12-13 05:00:00,2113.20833333333,-28.9331892382189,-0.670333262729864,-0.670334049168494
2022-12-13 06:00:00,2113.25,-27.2742626666667,-0.405608482216914,-0.405609268578817
2022-12-13 06:30:00,2113.27083333333,-28.5143182090909,-0.602922048152839,-0.602922834476486
2022-12-13 07:00:00,2113.29166666667,-28.4816858390335,-0.597495605495261,-0.597496391780738
2022-12-13 08:00:00,2113.33333333333,-28.6186430871747,-0.618857083566492,-0.618857869775856
2022-12-13 08:30:00,2113.35416666667,-27.5002021222222,-0.440460812015176,-0.440461598186605
2022-12-13 09:00:00,2113.375,-28.5221913687927,-0.603036688197424,-0.603037474330996
2022-12-13 09:30:00,2113.39583333333,-28.8899182228625,-0.661388183199702,-0.66138896929549
2022-12-13 10:30:00,2113.4375,-28.3983333396296,-0.582623305326407,-0.582624091346867
2022-12-13 11:00:00,2113.45833333333,-27.4091514393939,-0.424818522747161,-0.424819308730072
2022-12-13 11:30:00,2113.47916666667,-28.545054392517,-0.605541361525678,-0.605542147471122
2022-12-13 12:00:00,2113.5,-28.0808055538889,-0.531358962025225,-0.531359747933281
2022-12-13 13:00:00,2113.54166666667,-28.3081389314815,-0.567119133054583,-0.567119918888088
2022-12-13 13:30:00,2113.5625,-27.8461211484848,-0.493292399390558,-0.493293185186909
2022-12-13 14:00:00,2113.58333333333,-28.9432584986395,-0.667840278380516,-0.667841064139783
2022-12-13 14:30:00,2113.60416666667,-27.7497203616667,-0.477482001106742,-0.477482786829012
2022-12-13 16:00:00,2113.66666666667,-27.8579085447761,-0.494036573552062,-0.494037359163808
2022-12-13 16:30:00,2113.6875,-27.5974444565657,-0.45231800244533,-0.452318788020388
2022-12-13 17:00:00,2113.70833333333,-28.4587643265446,-0.589300503444595,-0.589301288983044
2022-12-13 17:30:00,2113.72916666667,-28.079475738806,-0.528653276530186,-0.52865406203211
2022-12-13 18:30:00,2113.77083333333,-27.9987593322761,-0.51534278558289,-0.515343571011989
2022-12-13 19:00:00,2113.79166666667,-26.9043232707071,-0.340772313072571,-0.34077309846538
2022-12-13 19:30:00,2113.8125,-27.701743679405,-0.46757601429048,-0.467576799647077
2022-12-13 20:00:00,2113.83333333333,-27.9197593617537,-0.502080214650944,-0.5020809999714
2022-12-13 21:00:00,2113.875,-28.5064626649254,-0.595091021257731,-0.595091806506158
2022-12-13 21:30:00,2113.89583333333,-27.8989090979798,-0.498081708716461,-0.498082493928988
2022-12-13 22:00:00,2113.91666666667,-28.9882929173913,-0.671395820689597,-0.671396605866306
2022-12-13 22:30:00,2113.9375,-28.7191880687151,-0.628301803288025,-0.628302588428992
2022-12-13 23:30:00,2113.97916666667,-28.9857486007449,-0.670314499972688,-0.670315285042411
2022-12-14,2114,-27.7081009616162,-0.466559154241248,-0.466559939275465
2022-12-14 00:30:00,2114.02083333333,-28.3513744305936,-0.568808000104793,-0.568808785103583
2022-12-14 01:00:00,2114.04166666667,-28.2325474858473,-0.549653791844449,-0.549654576807896
2022-12-14 02:00:00,2114.08333333333,-27.3846983128492,-0.414141089889707,-0.414141874782696
2022-12-14 02:30:00,2114.10416666667,-26.182393889899,-0.222388404424127,-0.22238918928201
2022-12-14 03:00:00,2114.125,-27.5745593726027,-0.443936715473301,-0.443937500296158
2022-12-14 06:30:00,2114.27083333333,-28.2105018761111,-0.543672718833073,-0.543673503412942
2022-12-14 07:30:00,2114.3125,-26.7661168721707,-0.313133338018564,-0.313134122529729
2022-12-14 08:00:00,2114.33333333333,-26.7700611483122,-0.313537885443469,-0.313538669920393
2022-12-14 08:30:00,2114.35416666667,-27.2738768907692,-0.393572401486706,-0.393573185929476
2022-12-14 09:00:00,2114.375,-29.5699332048237,-0.75911220819131,-0.759112992600007
2022-12-14 10:00:00,2114.41666666667,-30.1585540876866,-0.852432986299012,-0.852433770639793
2022-12-14 10:30:00,2114.4375,-30.725276493318,-0.942488926306492,-0.942489710613438
2022-12-14 11:00:00,2114.45833333333,-30.5912460676923,-0.920914526491375,-0.920915310764562
2022-12-14 11:30:00,2114.47916666667,-31.387613377881,-1.04755323785697,-1.04755402209648
2022-12-14 12:30:00,2114.52083333333,-31.3211264189591,-1.03651573839569,-1.03651652256809
2022-12-14 13:00:00,2114.54166666667,-30.9885919131078,-0.983319844886134,-0.983320629025091
2022-12-14 13:30:00,2114.5625,-30.747787819697,-0.944736758736261,-0.944737542841863
2022-12-14 14:00:00,2114.58333333333,-30.2697852133333,-0.868367867102773,-0.86836865117509
2022-12-14 15:30:00,2114.64583333333,-29.6916746905204,-0.775606766228016,-0.775607550200982
2022-12-14 16:00:00,2114.66666666667,-29.3610470210634,-0.722715156184009,-0.722715940124014
2022-12-14 16:30:00,2114.6875,-28.9411835632653,-0.655608308565677,-0.655609092472807
2022-12-14 17:00:00,2114.70833333333,-28.6206300758364,-0.604321697501143,-0.604322481375474
2022-12-14 18:00:00,2114.75,-28.2957193003717,-0.552119017924505,-0.552119801733481
2022-12-14 18:30:00,2114.77083333333,-27.6284233276074,-0.445596343247983,-0.445597127024399
2022-12-14 19:00:00,2114.79166666667,-28.2775715387755,-0.548784255238753,-0.548785038982695
2022-12-14 19:30:00,2114.8125,-27.8164702724907,-0.475108719521514,-0.475109503233063
2022-12-14 20:30:00,2114.85416666667,-27.6140371855019,-0.442417697582196,-0.442418481229187
2022-12-14 21:00:00,2114.875,-27.2128854703476,-0.378292430715616,-0.378293214330454
2022-12-14 21:30:00,2114.89583333333,-27.7492650857143,-0.463516662334208,-0.463517445916969
2022-12-14 22:00:00,2114.91666666667,-27.1867383953618,-0.373684421749855,-0.37368520530062
2022-12-14 23:00:00,2114.95833333333,-27.3902467430427,-0.405661036203499,-0.405661819690516
2022-12-14 23:30:00,2114.97916666667,-27.2947382468303,-0.390225390623149,-0.390226174078415
2022-12-15 00:30:00,2115.02083333333,-26.9107132465549,-0.328608049024932,-0.32860883241693
2022-12-15 01:30:00,2115.0625,-27.1756784427509,-0.370375660541557,-0.370376443870618
2022-12-15 02:00:00,2115.08333333333,-26.7665963401639,-0.304987954182945,-0.30498873748065
2022-12-15 02:30:00,2115.10416666667,-26.706400068,-0.295178097773813,-0.295178881040251
2022-12-15 03:00:00,2115.125,-26.6209330574349,-0.281342682551912,-0.281343465787163
2022-12-15 04:00:00,2115.16666666667,-27.6276734781076,-0.441276496000766,-0.44127727917388
2022-12-15 04:30:00,2115.1875,-27.6365041190574,-0.442463027840773,-0.442463810982943
2022-12-15 05:00:00,2115.20833333333,-27.9261632285714,-0.488385823392767,-0.48838660650407
2022-12-20 18:30:00,2120.77083333333,-25.2549397215953,-0.00732530369583317,-0.00732608155841952
2022-12-20 19:30:00,2120.8125,-29.2486864478664,-0.643141011484665,-0.643141789331135
2022-12-20 21:30:00,2120.89583333333,-29.4448460233766,-0.673608515045755,-0.673609292861057
2022-12-20 22:30:00,2120.9375,-29.9436431102231,-0.752677390518154,-0.752678168318401
2022-12-20 23:30:00,2120.97916666667,-30.8654041121043,-0.899125101236726,-0.899125879022281
2022-12-21 00:30:00,2121.02083333333,-30.4252583299257,-0.828620469544859,-0.82862124731607
2022-12-21 01:30:00,2121.0625,-31.083830872119,-0.933142833808079,-0.933143611565306
2022-12-21 02:30:00,2121.10416666667,-30.8835963177778,-0.900856995803549,-0.900857773547148
2022-12-21 03:30:00,2121.14583333333,-31.2562777675926,-0.959837468797314,-0.959838246527641
2022-12-21 04:30:00,2121.1875,-30.2385992085343,-0.797332981131452,-0.79733375884886
2022-12-21 05:30:00,2121.22916666667,-30.3246845975881,-0.810659261684071,-0.810660039388924
2022-12-21 06:30:00,2121.27083333333,-30.2449629352505,-0.797572743181734,-0.797573520874382
2022-12-21 07:30:00,2121.3125,-30.4666890286778,-0.832507450508685,-0.832508228189488
2022-12-21 08:30:00,2121.35416666667,-30.97433706,-0.912990109981411,-0.912990887650727
2022-12-21 09:30:00,2121.39583333333,-30.3520460328452,-0.81347305328412,-0.813473830942306
2022-12-21 10:30:00,2121.4375,-30.6689721425651,-0.863574341178427,-0.863575118825838
2022-12-21 11:30:00,2121.47916666667,-31.193362433829,-0.946725205158021,-0.946725982795022
2022-12-21 12:30:00,2121.52083333333,-30.7916957406308,-0.882354913647306,-0.882355691274247
2022-12-21 13:30:00,2121.5625,-30.1594357515829,-0.781251329426176,-0.78125210704342
2022-12-21 16:30:00,2121.6875,-31.9517690794872,-1.0656212675375,-1.0656220451278
2022-12-21 17:00:00,2121.70833333333,-31.4763807733467,-0.989700233645129,-0.989701011231255
2022-12-21 17:30:00,2121.72916666667,-32.2331536615385,-1.11006345477436,-1.11006423235641
2022-12-21 18:00:00,2121.75,-31.6584599762,-1.01832319552934,-1.01832397310738
2022-12-21 18:30:00,2121.77083333333,-31.5743589641026,-1.00473479601113,-1.00473557358527
2022-12-21 19:00:00,2121.79166666667,-30.2566399868,-0.794630269397584,-0.794631046967904
2022-12-21 19:30:00,2121.8125,-31.869435725641,-1.05135892759253,-1.05135970515912
2022-12-21 20:00:00,2121.83333333333,-29.5906179464,-0.688150867731499,-0.688151645294452
2022-12-21 20:30:00,2121.85416666667,-30.4285429257143,-0.821442252964833,-0.821443030524241
2022-12-21 21:00:00,2121.875,-28.9776239746,-0.590119260863162,-0.590120038419112
2022-12-21 21:30:00,2121.89583333333,-29.4895640641026,-0.671481213057658,-0.671481990610242
2022-12-21 22:00:00,2121.91666666667,-28.550342055,-0.521672102393119,-0.521672879942429
2022-12-21 22:30:00,2121.9375,-29.3459486435897,-0.648222523562346,-0.648223301108463
2022-12-21 23:00:00,2121.95833333333,-28.6582854305389,-0.538487101883269,-0.538487879426292
2022-12-21 23:30:00,2121.97916666667,-29.3186154974359,-0.643488069532671,-0.643488847072689
2022-12-22,2122,-28.6547545525,-0.537544559278553,-0.53754533681565
2022-12-22 00:30:00,2122.02083333333,-29.1123846051282,-0.610255462956613,-0.610256240490885
2022-12-22 01:00:00,2122.04166666667,-28.6357819888,-0.534142531469022,-0.53414330900056
2022-12-22 01:30:00,2122.0625,-28.8379231487179,-0.56615406521374,-0.56615484274263
2022-12-22 02:00:00,2122.08333333333,-28.8325659882,-0.565111064894108,-0.565111842420441
2022-12-22 02:30:00,2122.10416666667,-29.1581539205128,-0.616787951046033,-0.616788728569903
2022-12-22 03:00:00,2122.125,-28.518952055489,-0.514773229742133,-0.514774007263625
2022-12-22 03:30:00,2122.14583333333,-28.3999231230769,-0.495622525060035,-0.495623302579245
2022-12-22 04:00:00,2122.16666666667,-27.9673073546906,-0.426517310073253,-0.426518087590266
2022-12-22 04:30:00,2122.1875,-28.5117435461538,-0.513057267287178,-0.513058044802085
2022-12-22 05:00:00,2122.20833333333,-28.3174650690619,-0.481919546713219,-0.481920324226114
2022-12-22 05:30:00,2122.22916666667,-29.5741025538462,-0.681913872540256,-0.68191465005123
2022-12-22 06:00:00,2122.25,-28.758337341517,-0.551773064608662,-0.551773842117797
2022-12-22 06:30:00,2122.27083333333,-28.6687692512821,-0.537316074056252,-0.537316851563647
2022-12-22 07:00:00,2122.29166666667,-28.5190980142,-0.513284706164959,-0.513285483670703
2022-12-22 07:30:00,2122.3125,-29.4507691794872,-0.661512052640245,-0.661512830144426
2022-12-22 08:00:00,2122.33333333333,-28.7796104319277,-0.554407545549772,-0.55440832305248
2022-12-22 08:30:00,2122.35416666667,-28.8486923230769,-0.565223998167469,-0.565224775668799
2022-12-22 09:00:00,2122.375,-28.7640079750499,-0.551545476002171,-0.551546253502209
2022-12-22 09:30:00,2122.39583333333,-28.4610768333333,-0.503100180665378,-0.503100958164219
2022-12-22 10:00:00,2122.41666666667,-28.4024670506986,-0.493575549474564,-0.493576326972295
2022-12-22 10:30:00,2122.4375,-29.0094871538462,-0.590086331829531,-0.590087109326242
2022-12-22 11:00:00,2122.45833333333,-28.7188859638,-0.54360549782491,-0.543606275320695
2022-12-22 11:30:00,2122.47916666667,-29.5873076615385,-0.681757935217852,-0.681758712712802
2022-12-22 12:00:00,2122.5,-29.0958739704,-0.603284534538881,-0.603285312033079
2022-12-22 12:30:00,2122.52083333333,-29.9447179871795,-0.738318427679774,-0.738319205173319
2022-12-22 13:00:00,2122.54166666667,-29.0235129774451,-0.591382343191794,-0.591383120684777
2022-12-22 14:00:00,2122.58333333333,-30.3700555148148,-0.805512887061985,-0.805513664554108
2022-12-22 14:30:00,2122.60416666667,-30.1910721550515,-0.77681353354012,-0.776814311031953
2022-12-22 18:00:00,2122.75,-25.5004508659836,-0.0282867008132832,-0.0282874783056113
2022-12-22 18:30:00,2122.77083333333,-25.1214881511864,0.0322687278852711,0.0322679503925057
2022-12-22 19:00:00,2122.79166666667,-24.4668606557377,0.136737655653973,0.136736878160679
2022-12-22 19:30:00,2122.8125,-24.1117457589831,0.193493914910292,0.193493137416382
2022-12-22 20:00:00,2122.83333333333,-23.3587212856557,0.313637356536887,0.313636579042271
2022-12-22 20:30:00,2122.85416666667,-22.912128799661,0.384965866048647,0.384965088553229
2022-12-22 21:00:00,2122.875,-23.369541004918,0.312285684654562,0.312284907158255
2022-12-22 21:30:00,2122.89583333333,-23.3805186691525,0.310722747072612,0.310721969575324
2022-12-22 22:00:00,2122.91666666667,-22.8153483168033,0.400940502630759,0.400939725132396
2022-12-22 22:30:00,2122.9375,-22.6819017498305,0.4223842530153,0.422383475515775
2022-12-22 23:00:00,2122.95833333333,-21.2812007540984,0.645702441825037,0.645701664324254
2022-12-22 23:30:00,2122.97916666667,-21.1202202816949,0.671532167653482,0.67153139015135
2022-12-23,2123,-20.6531234263374,0.746126354321687,0.746125576818122
2022-12-23 00:30:00,2123.02083333333,-20.4422432408784,0.779904944636424,0.779904167131328
2022-12-23 01:00:00,2123.04166666667,-20.6847950901639,0.741451390021491,0.741450612514772
2022-12-23 01:30:00,2123.0625,-20.2427094550676,0.812060978128388,0.812060200619959
2022-12-23 02:00:00,2123.08333333333,-20.2772623594262,0.806741608474127,0.806740830963895
2022-12-23 02:30:00,2123.10416666667,-20.501705040678,0.771172563825307,0.771171786313179
2022-12-23 03:00:00,2123.125,-20.4434672430328,0.780634623610067,0.780633846095955
2022-12-23 03:30:00,2123.14583333333,-20.7387668722973,0.733777820760625,0.733777043244436
2022-12-23 04:00:00,2123.16666666667,-19.4011393352459,0.947047384506216,0.947046606987856
2022-12-23 04:30:00,2123.1875,-19.5510675577703,0.923348154793093,0.923347377272474
2022-12-23 05:00:00,2123.20833333333,-19.4414713278689,0.940991257854521,0.940990480331547
2022-12-23 05:30:00,2123.22916666667,-19.1672610061017,0.984857405405585,0.984856627880165
2022-12-23 06:00:00,2123.25,-19.7193278889344,0.897096905792508,0.897096128264559
2022-12-23 06:30:00,2123.27083333333,-19.4446519989865,0.941037022656854,0.941036245126275
2022-12-23 07:00:00,2123.29166666667,-19.2090369073771,0.978754628381908,0.97875385084861
2022-12-23 07:30:00,2123.3125,-19.6567424033898,0.907618678115181,0.907617900579074
2022-12-23 08:00:00,2123.33333333333,-19.0867172245902,0.998607853531104,0.998607075992097
2022-12-23 08:30:00,2123.35416666667,-19.0845878385135,0.999130725219623,0.999129947677621
2022-12-23 09:00:00,2123.375,-18.6554549831967,1.06767545655509,1.06767467901
2022-12-23 09:30:00,2123.39583333333,-18.5641587398649,1.08240247601072,1.08240169846246
2022-12-23 10:00:00,2123.41666666667,-17.4707458446721,1.2567672960408,1.25676651848927
2022-12-23 10:30:00,2123.4375,-17.7724847505085,1.20888333895882,1.20888256140393
2022-12-23 11:00:00,2123.45833333333,-20.6597253545082,0.749127015489193,0.749126237930848
2022-12-23 11:30:00,2123.47916666667,-20.7561621023649,0.733947642383547,0.733946864821656
2022-12-23 12:00:00,2123.5,-23.1615163967213,0.350955955853726,0.350955178288205
2022-12-23 12:30:00,2123.52083333333,-23.2709898807432,0.333699624765556,0.333698847196305
2022-12-23 13:30:00,2123.5625,-20.9472559523622,0.70423755139911,0.704236773822131
2022-12-23 14:00:00,2123.58333333333,-20.2394982322807,0.817166440059598,0.817165662478614
2022-12-23 14:30:00,2123.60416666667,-18.1985945192913,1.14246633966989,1.14246556208481
2022-12-23 15:00:00,2123.625,-18.3522701463158,1.11816808371619,1.11816730612692
2022-12-23 15:30:00,2123.64583333333,-16.6669212940945,1.38682764304612,1.38682686545258
2022-12-23 16:00:00,2123.66666666667,-16.9515176091549,1.34167343100797,1.34167265341005
2022-12-23 19:30:00,2123.8125,-18.3336033576923,1.12277871469293,1.12277793706184
2022-12-23 20:00:00,2123.83333333333,-17.9361052263158,1.18628184678098,1.18628106914478
2022-12-23 20:30:00,2123.85416666667,-17.8719210320542,1.19668773181364,1.19668695417224
2022-12-23 21:00:00,2123.875,-18.3588735294737,1.1192970493064,1.11929627165971
2022-12-23 21:30:00,2123.89583333333,-25.6820544326531,-0.0471098022205202,-0.0471105798725991
2022-12-23 22:00:00,2123.91666666667,-25.7266631042105,-0.0540349946452244,-0.0540357723027826
2022-12-23 22:30:00,2123.9375,-27.0400878554054,-0.263083594043433,-0.263084371706559
2022-12-23 23:00:00,2123.95833333333,-27.2684421168421,-0.299279787817259,-0.299280565486049
2022-12-23 23:30:00,2123.97916666667,-27.0048208643991,-0.257104029480256,-0.257104807154798
2022-12-24,2124,-27.6676765264706,-0.362516804542398,-0.362517582222785
2022-12-24 00:30:00,2124.02083333333,-31.9658715702703,-1.04704183984037,-1.0470426175267
2022-12-24 01:00:00,2124.04166666667,-32.3446000936842,-1.1071931564333,-1.10719393412566
2022-12-24 01:30:00,2124.0625,-31.5136599087838,-0.97464348226221,-0.974644259960691
2022-12-24 02:00:00,2124.08333333333,-31.6309895708333,-0.993153971293189,-0.993154748997888
2022-12-24 02:30:00,2124.10416666667,-31.9376734995496,-1.0418288292798,-1.04182960699081
2022-12-24 03:00:00,2124.125,-31.96940620625,-1.04670386009962,-1.04670463781703
2022-12-24 03:30:00,2124.14583333333,-32.5143987362613,-1.13334164656156,-1.13334242428546
2022-12-24 04:00:00,2124.16666666667,-32.539197975,-1.13711236901717,-1.13711314674766
2022-12-24 04:30:00,2124.1875,-33.550263518018,-1.29799611759556,-1.29799689533272
2022-12-24 05:00:00,2124.20833333333,-33.54548943125,-1.29705598629357,-1.29705676403751
2022-12-24 05:30:00,2124.22916666667,-32.5881960072072,-1.1443789429807,-1.14437972073151
2022-12-24 06:00:00,2124.25,-33.0332396833333,-1.21509530097418,-1.21509607873194
2022-12-24 06:30:00,2124.27083333333,-33.1120451076577,-1.22746974288234,-1.22747052064715
2022-12-24 07:00:00,2124.29166666667,-33.0622812145833,-1.21936309981966,-1.21936387759162
2022-12-24 07:30:00,2124.3125,-33.26634768307,-1.25169191393501,-1.2516926917142
2022-12-24 08:00:00,2124.33333333333,-33.1880833697917,-1.23904533197211,-1.23904610975862
2022-12-24 08:30:00,2124.35416666667,-33.7226929945824,-1.32403010554772,-1.32403088334166
2022-12-24 09:00:00,2124.375,-33.8831456458333,-1.34941150512114,-1.34941228292259
2022-12-24 09:30:00,2124.39583333333,-34.0570473105856,-1.37693544143891,-1.37693621924796
2022-12-24 10:00:00,2124.41666666667,-34.0420833791667,-1.37437305262655,-1.37437383044331
2022-12-24 10:30:00,2124.4375,-34.7306733932432,-1.48388740942851,-1.48388818725305
2022-12-24 11:00:00,2124.45833333333,-34.4732812635417,-1.44270623406757,-1.4427070119
2022-12-24 11:30:00,2124.47916666667,-34.1764479393665,-1.39524214761608,-1.39524292545648
2022-12-24 12:00:00,2124.5,-34.0514480697917,-1.37515135267391,-1.37515213052239
2022-12-24 13:00:00,2124.54166666667,-34.3609427403084,-1.42409792035377,-1.42409869821866
2022-12-24 13:30:00,2124.5625,-34.9427174305882,-1.51659711619467,-1.51659789406791
2022-12-24 14:00:00,2124.58333333333,-33.9125894112583,-1.35231915799768,-1.35231993587937
2022-12-24 14:30:00,2124.60416666667,-34.2836354070588,-1.41124932121834,-1.41125009910857
2022-12-24 15:00:00,2124.625,-33.9727373269316,-1.36154540535214,-1.36154618325099
2022-12-24 15:30:00,2124.64583333333,-34.5625411541176,-1.45532404653035,-1.45532482443792
2022-12-24 16:00:00,2124.66666666667,-33.47425764163,-1.28178227489619,-1.28178305281258
2022-12-24 16:30:00,2124.6875,-33.5847765741176,-1.29921068902785,-1.29921146695314
2022-12-24 17:00:00,2124.70833333333,-33.4469515918502,-1.2770778396944,-1.2770786176287
2022-12-24 17:30:00,2124.72916666667,-33.8913059,-1.34768666700456,-1.34768744494795
2022-12-24 21:00:00,2124.875,-33.170979516141,-1.23170103070858,-1.23170180871823
2022-12-24 22:00:00,2124.91666666667,-32.3963227727273,-1.10794509071226,-1.10794586874168
2022-12-24 23:00:00,2124.95833333333,-33.2859128953618,-1.24930526526525,-1.24930604331481
2022-12-25,2125,-33.4005584545455,-1.2672166167526,-1.26721739482269
2022-12-25 01:00:00,2125.04166666667,-33.9886152288104,-1.36054311296523,-1.36054389105622
2022-12-25 02:00:00,2125.08333333333,-33.6779739810761,-1.31070677209024,-1.31070755020249
2022-12-25 03:00:00,2125.125,-34.0545740414815,-1.37034886293037,-1.37034964106426
2022-12-25 04:00:00,2125.16666666667,-33.7510907994444,-1.32165359809262,-1.32165437624852
2022-12-25 05:00:00,2125.20833333333,-34.3524835403883,-1.4171061245559,-1.41710690273419
2022-12-25 06:00:00,2125.25,-33.8031759346296,-1.32925166424071,-1.32925244244177
2022-12-25 07:00:00,2125.29166666667,-33.9952011949698,-1.35949246019568,-1.35949323841987
2022-12-25 08:00:00,2125.33333333333,-34.0762630542593,-1.37205710818139,-1.37205788642909
2022-12-25 09:00:00,2125.375,-34.3048296392593,-1.40811976567402,-1.40812054394562
2022-12-25 10:00:00,2125.41666666667,-34.600548172037,-1.45488017790631,-1.45488095620217
2022-12-25 11:00:00,2125.45833333333,-34.4559036831482,-1.43149084774766,-1.43149162606816
2022-12-25 12:30:00,2125.52083333333,-34.5381836773655,-1.44407782353581,-1.44407860189397
2022-12-25 13:30:00,2125.5625,-34.2068051001855,-1.39094262457178,-1.39094340295552
2022-12-25 14:30:00,2125.60416666667,-34.5074786615955,-1.43849418522904,-1.43849496363874
2022-12-25 15:30:00,2125.64583333333,-34.0916697601113,-1.37190997998912,-1.37191075842515
2022-12-25 16:30:00,2125.6875,-34.4518182096475,-1.42893673790153,-1.42893751636426
2022-12-25 17:30:00,2125.72916666667,-34.1054044124304,-1.37340802779114,-1.37340880628096
2022-12-25 18:30:00,2125.77083333333,-34.6214878855288,-1.45527615217301,-1.45527693069029
2022-12-25 22:30:00,2125.9375,-33.0702092440741,-1.20678302262251,-1.2067838012534
2022-12-25 23:30:00,2125.97916666667,-32.8184953749536,-1.16634249925413,-1.16634327791437
2022-12-26 00:30:00,2126.02083333333,-32.444901642115,-1.10648683053447,-1.10648760922442
2022-12-26 01:30:00,2126.0625,-32.505992580705,-1.11587714481545,-1.11587792353551
2022-12-26 02:30:00,2126.10416666667,-31.8934070520446,-1.01795072083213,-1.01795149958266
2022-12-26 03:30:00,2126.14583333333,-32.7769183328386,-1.15835399228513,-1.15835477106652
2022-12-26 04:30:00,2126.1875,-33.0010557938662,-1.19371894778836,-1.19371972660099
2022-12-26 05:30:00,2126.22916666667,-32.420237496475,-1.10085428065432,-1.10085505949857
2022-12-26 06:30:00,2126.27083333333,-32.117107375,-1.05222594346753,-1.05222672234377
2022-12-26 07:30:00,2126.3125,-32.1802225853432,-1.06194115462118,-1.06194193352978
2022-12-26 08:30:00,2126.35416666667,-32.2614925712963,-1.07454883993534,-1.07454961887669
2022-12-26 09:30:00,2126.39583333333,-32.7726481155556,-1.15563800749506,-1.15563878646955
2022-12-26 10:30:00,2126.4375,-32.3660203987013,-1.09052405147942,-1.09052483048741
2022-12-26 12:00:00,2126.5,-32.2360800739292,-1.06931842089185,-1.06931919995081
2022-12-26 13:00:00,2126.54166666667,-32.1823190829314,-1.0604174016735,-1.06041818076692
2022-12-26 14:00:00,2126.58333333333,-32.3739108983302,-1.09060166623086,-1.09060244535912
2022-12-26 15:00:00,2126.625,-31.8021038892393,-0.999176359069817,-0.999177138233287
2022-12-26 16:00:00,2126.66666666667,-32.1337439734694,-1.05167122621851,-1.05167200541758
2022-12-26 17:00:00,2126.70833333333,-31.550341367718,-0.958399545853765,-0.958400325088809
2022-12-26 18:00:00,2126.75,-31.4634181449814,-0.944217793066724,-0.944218572338124
2022-12-26 19:00:00,2126.79166666667,-30.933398880334,-0.859450931406243,-0.859451710714381
2022-12-26 20:00:00,2126.83333333333,-30.9236029910946,-0.85755643262258,-0.857557211967836
2022-12-27,2127,-30.0182189693878,-0.711996162039736,-0.711996941537269
2022-12-27 01:00:00,2127.04166666667,-30.1965491482375,-0.740072319985306,-0.740073099521863
2022-12-27 02:00:00,2127.08333333333,-29.4739109202226,-0.624623975314731,-0.624624754890692
2022-12-27 03:00:00,2127.125,-30.1645510064935,-0.734312284666344,-0.734313064282088
2022-12-27 04:00:00,2127.16666666667,-29.9392096296846,-0.698084501157903,-0.698085280813819
2022-12-27 05:00:00,2127.20833333333,-30.091551035436,-0.72202226375784,-0.722023043454302
2022-12-27 06:00:00,2127.25,-29.8687148292593,-0.68619437379013,-0.686195153527525
2022-12-27 07:00:00,2127.29166666667,-30.3054629333333,-0.755439145080607,-0.755439924859317
2022-12-27 08:00:00,2127.33333333333,-30.7072105608421,-0.819108724899621,-0.819109504720027
2022-12-27 09:00:00,2127.375,-31.5808240742593,-0.957947287170799,-0.957948067033282
2022-12-27 10:00:00,2127.41666666667,-31.9467222361111,-1.01590684091229,-1.01590762081724
2022-12-27 11:30:00,2127.47916666667,-32.1595306959032,-1.0493157219899,-1.04931650195926
2022-12-27 12:30:00,2127.52083333333,-31.8463227727273,-0.999094216310543,-0.999094996323316
2022-12-27 13:30:00,2127.5625,-31.1629647185529,-0.889907940631662,-0.889908720688238
2022-12-27 14:30:00,2127.60416666667,-31.160031516141,-0.889114240628471,-0.889115020729236
2022-12-27 15:30:00,2127.64583333333,-30.850070490167,-0.83941119964331,-0.839411979788641
2022-12-27 16:30:00,2127.6875,-30.9951966602968,-0.862204285092793,-0.862205065283074
2022-12-27 17:30:00,2127.72916666667,-30.7658979664193,-0.825351633188648,-0.82535241342427
2022-12-27 18:30:00,2127.77083333333,-30.3095398846011,-0.752328669744212,-0.752329450025551
2022-12-27 19:30:00,2127.8125,-30.5631224133581,-0.792400164281228,-0.792400944608672
2022-12-27 20:30:00,2127.85416666667,-29.8923432460111,-0.685220591619484,-0.685221371993417
2022-12-27 21:30:00,2127.89583333333,-29.4325658569573,-0.611654164741269,-0.611654945162075
2022-12-28 01:30:00,2128.0625,-29.0247955178236,-0.545405937845417,-0.545406718457558
2022-12-28 02:30:00,2128.10416666667,-29.198697580334,-0.572787161504869,-0.572787942165808
2022-12-28 03:30:00,2128.14583333333,-28.9314163695167,-0.529887987157209,-0.529888767867329
2022-12-28 04:30:00,2128.1875,-28.9077490479554,-0.525797092331032,-0.525797873090717
2022-12-28 05:30:00,2128.22916666667,-29.1619219434944,-0.565966755674903,-0.565967536484544
2022-12-28 06:30:00,2128.27083333333,-29.0310705037106,-0.544802180460869,-0.544802961320846
2022-12-28 07:30:00,2128.3125,-29.7659628983302,-0.661551630104535,-0.661552411015236
2022-12-28 08:30:00,2128.35416666667,-28.6804444540741,-0.488308745757145,-0.488309526718956
2022-12-28 09:30:00,2128.39583333333,-28.9697717794063,-0.534080188680266,-0.534080969693572
2022-12-28 11:00:00,2128.45833333333,-28.5913098330241,-0.473313796061516,-0.473314577152789
2022-12-28 12:00:00,2128.5,-28.1710834747681,-0.406053865080716,-0.406054646224451
2022-12-28 13:00:00,2128.54166666667,-27.8179462089054,-0.349481688724937,-0.349482469921517
2022-12-28 14:00:00,2128.58333333333,-27.9872559849722,-0.376136113922297,-0.376136895172115
2022-12-28 15:00:00,2128.625,-27.0412653113173,-0.225122795060579,-0.225123576364015
2022-12-28 16:00:00,2128.66666666667,-26.3524368083643,-0.115076008514117,-0.115076789871561
2022-12-28 17:00:00,2128.70833333333,-25.7618293474954,-0.0206763190747804,-0.02067710048662
2022-12-28 18:00:00,2128.75,-25.3966846272727,0.0378065795863219,0.0378057981196999
2022-12-28 19:00:00,2128.79166666667,-25.5661169115028,0.0111305641863968,0.0111297826646083
2022-12-28 20:00:00,2128.83333333333,-24.8580390342007,0.12424212920038,0.124241347623035
2022-12-28 21:00:00,2128.875,-24.8362263764378,0.128030738769431,0.128029957136142
2022-12-28 22:00:00,2128.91666666667,-24.7822077692022,0.136949363384574,0.136948581694951
2022-12-28 23:00:00,2128.95833333333,-24.7716771897959,0.138939898209057,0.138939116462715
2022-12-29 03:00:00,2129.125,-24.1364703716667,0.241376660253452,0.241375878276352
2022-12-29 04:00:00,2129.16666666667,-24.2949610705009,0.216439902865263,0.216439120829503
2022-12-29 05:00:00,2129.20833333333,-24.7389220816327,0.146027103887565,0.146026321792756
2022-12-29 06:00:00,2129.25,-24.108046396475,0.24683614172128,0.246835359567035
2022-12-29 07:00:00,2129.29166666667,-24.5917977938776,0.170083871618899,0.170083089404827
2022-12-29 08:00:00,2129.33333333333,-24.1028237955473,0.248287034861514,0.248286252587227
2022-12-29 09:00:00,2129.375,-24.396365467718,0.201834475122727,0.201833692787835
2022-12-29 10:30:00,2129.4375,-24.5207458235622,0.182483070050298,0.18248228762377
2022-12-29 11:30:00,2129.47916666667,-24.719398858256,0.15114529368975,0.151144511201644
2022-12-29 12:30:00,2129.52083333333,-24.4726104278293,0.190766243012347,0.190765460462274
2022-12-29 13:30:00,2129.5625,-24.8198435716946,0.135758712869084,0.135757930256653
2022-12-29 14:30:00,2129.60416666667,-24.8065371550186,0.138184974022653,0.138184191347478
2022-12-29 15:30:00,2129.64583333333,-25.0258849536178,0.103548833924753,0.103548051186438
2022-12-29 16:30:00,2129.6875,-25.3269814471243,0.0558896496520545,0.0558888668502157
2022-12-29 17:30:00,2129.72916666667,-25.3237068675325,0.0567165760170479,0.0567157931512922
2022-12-29 18:30:00,2129.77083333333,-24.7571988990706,0.147266564751856,0.147265781821793
2022-12-29 19:30:00,2129.8125,-24.3714693923933,0.20901799621093,0.209017213216169
2022-12-29 20:30:00,2129.85416666667,-24.4225046146568,0.201192074949262,0.201191291889416
2022-12-29 21:30:00,2129.89583333333,-24.5369498597403,0.183264472299884,0.183263689174556
2022-12-29 22:30:00,2129.9375,-23.7524494426966,0.308539136430504,0.30853835323931
2022-12-29 23:30:00,2129.97916666667,-23.8234044320965,0.297538723245768,0.297537939988313
2022-12-30 00:30:00,2130.02083333333,-22.9775176016698,0.432591447240681,0.432590663916576
2022-12-30 04:30:00,2130.1875,-23.6834693833024,0.321338011504034,0.321337227909414
2022-12-30 05:30:00,2130.22916666667,-22.6855687815985,0.48060453604805,0.480603752384822
2022-12-30 06:30:00,2130.27083333333,-22.9692949840445,0.435706573992823,0.435705790260595
2022-12-30 07:30:00,2130.3125,-22.9593283569573,0.437593668573204,0.437592884771585
2022-12-30 08:30:00,2130.35416666667,-22.3751335922078,0.530955294694636,0.530954510823237
2022-12-30 10:00:00,2130.41666666667,-22.4418977815985,0.520767395579362,0.520766611602554
2022-12-30 11:00:00,2130.45833333333,-22.3693345576208,0.53262469811995,0.532623914072375
2022-12-30 12:00:00,2130.5,-22.2766252842301,0.547690859054133,0.547690074935405
2022-12-30 13:00:00,2130.54166666667,-22.1235733059369,0.572369234173879,0.572368449983603
2022-12-30 14:00:00,2130.58333333333,-22.014892387013,0.589978845848629,0.589978061586413
2022-12-30 15:00:00,2130.625,-21.4351780391466,0.682623997228809,0.682623212894259
2022-12-30 16:00:00,2130.66666666667,-20.9887050215213,0.75404328720241,0.754042502795136
2022-12-30 17:00:00,2130.70833333333,-20.4968253139405,0.832695472899154,0.832694688418758
2022-12-30 18:00:00,2130.75,-20.1827439912801,0.883023826234837,0.883023041680932
2022-12-30 19:00:00,2130.79166666667,-19.7464452163265,0.952821084321358,0.952820299693547
2022-12-30 20:00:00,2130.83333333333,-20.0319925788104,0.907627313985374,0.907626529283264
2022-12-30 21:00:00,2130.875,-20.1776678981447,0.884714837038088,0.884714052261286
2022-12-30 22:00:00,2130.91666666667,-19.5257847569573,0.988853569607096,0.988852784755212
2022-12-30 23:00:00,2130.95833333333,-19.640925793692,0.970804379167934,0.970803594240568
2022-12-31,2131,-19.3399758054004,1.01903836286888,1.01903757786564
2022-12-31 01:00:00,2131.04166666667,-18.9257951782123,1.08530964462176,1.08530885954226
2022-12-31 02:00:00,2131.08333333333,-18.9566874895833,1.08068006541758,1.08067928026142
2022-12-31 05:30:00,2131.22916666667,-18.5082354294118,1.15313601782652,1.15313523239895
2022-12-31 06:00:00,2131.25,-18.9499825065163,1.08291028541864,1.0829094999519
2022-12-31 06:30:00,2131.27083333333,-18.7140883294118,1.12063318292323,1.12063239741722
2022-12-31 07:00:00,2131.29166666667,-18.6950614712302,1.12380885539502,1.12380806984965
2022-12-31 07:30:00,2131.3125,-18.2079698878788,1.20154746690025,1.20154668131541
2022-12-31 08:00:00,2131.33333333333,-18.8132539871032,1.10526974535663,1.10526895973223
2022-12-31 09:00:00,2131.375,-18.3335682681818,1.1819726405404,1.18197185483658
2022-12-31 09:30:00,2131.39583333333,-18.2333414115152,1.19808299975771,1.19808221401404
2022-12-31 10:00:00,2131.41666666667,-18.2884091909091,1.18945470621175,1.18945392042812
2022-12-31 10:30:00,2131.4375,-18.1188660935091,1.21660697956688,1.21660619374318
2022-12-31 11:00:00,2131.45833333333,-18.0248182022727,1.23173270633002,1.23173192046618
2022-12-31 11:30:00,2131.47916666667,-17.9372889468687,1.24581990342806,1.24581911752396
2022-12-31 12:00:00,2131.5,-17.2900682318182,1.34906624367299,1.34906545772854
2022-12-31 12:30:00,2131.52083333333,-17.2851801368421,1.34998843216572,1.34998764618082
2022-12-31 13:00:00,2131.54166666667,-17.2823635818182,1.35058051648978,1.35057973046433
2022-12-31 13:30:00,2131.5625,-17.2610808248485,1.35411417358763,1.35411338752153
2022-12-31 14:00:00,2131.58333333333,-16.1892046136364,1.52500801230259,1.52500722619574
2022-12-31 14:30:00,2131.60416666667,-15.888380592915,1.57307257963997,1.57307179349228
2022-12-31 15:00:00,2131.625,-15.5997045931818,1.6192018521054,1.61920106591676
2022-12-31 15:30:00,2131.64583333333,-15.3438686733333,1.66009956991156,1.66009878368188
2022-12-31 16:00:00,2131.66666666667,-15.6012953840909,1.61923407739437,1.61923329112355
2022-12-31 16:30:00,2131.6875,-15.3718020153535,1.65593519499747,1.65593440868541
2022-12-31 17:00:00,2131.70833333333,-15.2372954318182,1.67750474331856,1.67750395696515
2022-12-31 17:30:00,2131.72916666667,-15.1425010078788,1.69274800969836,1.69274722330353
2022-12-31 18:00:00,2131.75,-15.0840681454545,1.70219874678725,1.70219796035087
2022-12-31 18:30:00,2131.77083333333,-14.9916989743434,1.71705545552587,1.71705466904786
2022-12-31 19:00:00,2131.79166666667,-15.2782324883721,1.67155258915963,1.67155180263988
2022-12-31 19:30:00,2131.8125,-15.2705171521212,1.67292366830495,1.67292288174336
2022-12-31 20:00:00,2131.83333333333,-15.6617044795455,1.61074916143604,1.61074837483252
2022-12-31 20:30:00,2131.85416666667,-15.7134646636364,1.60264553441077,1.60264474776522
2022-12-31 21:00:00,2131.875,-15.2677500909091,1.67378988498183,1.67378909829415
2022-12-31 21:30:00,2131.89583333333,-15.4423212167677,1.64612217381983,1.64612138708992
2022-12-31 22:00:00,2131.91666666667,-15.1735454204545,1.68907983747831,1.68907905070607
2022-12-31 22:30:00,2131.9375,-15.6059210374494,1.62034347322454,1.62034268640987
2022-12-31 23:00:00,2131.95833333333,-15.8859091022727,1.5758824481908,1.5758816613336
2022-12-31 23:30:00,2131.97916666667,-15.9198888977778,1.57061060950297,1.57060982260315
2023-01-01,2132,-16.2400910477273,1.51974323843898,1.51974245149643
2023-01-01 00:30:00,2132.02083333333,-15.9565070882828,1.56505931928123,1.56505853229585
2023-01-01 01:00:00,2132.04166666667,-15.9860910022727,1.56048742728051,1.56048664025221
2023-01-01 01:30:00,2132.0625,-15.9647979773737,1.56402016117274,1.56401937410142
2023-01-01 02:00:00,2132.08333333333,-16.2533180272727,1.51819934400606,1.51819855689161
2023-01-01 02:30:00,2132.10416666667,-16.1064565606061,1.5417350066919,1.54173421953424
2023-01-01 03:00:00,2132.125,-16.2895456204545,1.51270920783379,1.51270842063281
2023-01-01 03:30:00,2132.14583333333,-15.9537211563636,1.56634659725981,1.56634581001541
2023-01-01 07:00:00,2132.29166666667,-18.0032606679487,1.240832679875,1.24083189232388
2023-01-01 07:30:00,2132.3125,-17.8957016311475,1.2581063677552,1.25810558015987
2023-01-01 08:30:00,2132.35416666667,-17.0474713594262,1.39350864789968,1.39350786021562
2023-01-01 09:00:00,2132.375,-17.4243016535593,1.33361844796972,1.33361766024115
2023-01-01 09:30:00,2132.39583333333,-19.6222377155738,0.983624690715402,0.983623902942224
2023-01-01 10:00:00,2132.41666666667,-19.9639796467797,0.929323877823995,0.929323090006109
2023-01-01 10:30:00,2132.4375,-21.5437376602459,0.677806111175093,0.677805323312397
2023-01-01 11:00:00,2132.45833333333,-21.8352993241497,0.631498836402762,0.631498048495156
2023-01-01 11:30:00,2132.47916666667,-22.1018483204918,0.58917599025994,0.58917520230733
2023-01-01 12:00:00,2132.5,-22.3894610067797,0.543497576051142,0.543496788053424
2023-01-01 13:30:00,2132.5625,-25.3186967352459,0.0772830645751945,0.07728227644156
2023-01-01 14:00:00,2132.58333333333,-25.9433695152542,-0.0220896924287609,-0.0220904806079015
2023-01-01 14:30:00,2132.60416666667,-26.6931065647541,-0.141385384228993,-0.141386172453736
2023-01-01 15:00:00,2132.625,-26.5634285615646,-0.120589737006513,-0.120590525276961
2023-01-01 15:30:00,2132.64583333333,-26.7911275987654,-0.156724615033404,-0.156725403349654
2023-01-01 16:00:00,2132.66666666667,-27.310806759322,-0.23937224271026,-0.239373031072411
2023-01-01 16:30:00,2132.6875,-26.9314958848361,-0.17881022273999,-0.178811011148144
2023-01-01 17:00:00,2132.70833333333,-26.7499084667797,-0.149745798056637,-0.14974658651089
2023-01-01 17:30:00,2132.72916666667,-27.1407295008197,-0.211866556242033,-0.211867344742486
2023-01-01 18:00:00,2132.75,-26.8859423962712,-0.17114158400808,-0.171142372554835
2023-01-01 18:30:00,2132.77083333333,-26.480299152459,-0.106385228420642,-0.106386017013798
2023-01-01 19:00:00,2132.79166666667,-26.6169251537415,-0.128012858541487,-0.128013647181141
2023-01-01 19:30:00,2132.8125,-27.5888688377049,-0.282707299911714,-0.282708088597965
2023-01-01 20:00:00,2132.83333333333,-27.3075355433898,-0.237753930522577,-0.237754719255527
2023-01-01 20:30:00,2132.85416666667,-26.8776708176955,-0.169139505477396,-0.169140294257143
2023-01-01 21:00:00,2132.875,-27.1422440820339,-0.211149656020964,-0.21115044484761
2023-01-01 21:30:00,2132.89583333333,-26.8429505497942,-0.163335530463581,-0.163336319337223
2023-01-01 22:00:00,2132.91666666667,-26.197721062585,-0.0604136676270237,-0.0604144565477608
2023-01-01 22:30:00,2132.9375,-25.7790655790984,0.00641468692888225,0.00641389796094749
2023-01-01 23:00:00,2132.95833333333,-25.7607074659864,0.00947527673418025,0.0094744877189511
2023-01-01 23:30:00,2132.97916666667,-25.3334959127049,0.0776664041202426,0.0776656150576195
2023-01-02,2133,-24.692837657265,0.179859636064368,0.179858846954249
2023-01-02 00:30:00,2133.02083333333,-24.505098352459,0.209902447866254,0.209901658708538
2023-01-02 01:00:00,2133.04166666667,-24.3012857394558,0.242505641487948,0.24250485228254
2023-01-02 01:30:00,2133.0625,-24.3311680491803,0.237880959238231,0.23788016998503
2023-01-02 02:00:00,2133.08333333333,-24.0897423847458,0.276475723455079,0.276474934153983
2023-01-02 02:30:00,2133.10416666667,-24.5954755155738,0.196047449943427,0.196046660594339
2023-01-02 03:00:00,2133.125,-24.0174881688136,0.288256515219845,0.288255725822665
2023-01-02 03:30:00,2133.14583333333,-24.6039508290984,0.194967754494671,0.194966965049296
2023-01-02 04:00:00,2133.16666666667,-23.9428270928814,0.300420290506491,0.300419501012826
2023-01-02 04:30:00,2133.1875,-24.5933681682008,0.196923576925078,0.196922787383019
2023-01-02 05:00:00,2133.20833333333,-24.6647084515254,0.185693855611496,0.185693066020947
2023-01-02 08:30:00,2133.35416666667,-25.2397593591121,0.095028672822843,0.0950278828900574
2023-01-02 09:00:00,2133.375,-24.92414538,0.145440179009174,0.1454393890271
2023-01-02 09:30:00,2133.39583333333,-25.0680815783217,0.122644905574117,0.122644115542651
2023-01-02 10:00:00,2133.41666666667,-25.5347155990826,0.0484435304475525,0.0484427403665978
2023-01-02 10:30:00,2133.4375,-24.7765081729604,0.169360165105935,0.169359374975389
2023-01-02 11:00:00,2133.45833333333,-24.7525962697248,0.173302890224469,0.173302100044235
2023-01-02 11:30:00,2133.47916666667,-25.5482867184149,0.0466822669588236,0.0466814767288012
2023-01-02 12:00:00,2133.5,-25.3099363163636,0.0847849821129566,0.0847841918330433
2023-01-02 12:30:00,2133.52083333333,-25.8250817640187,0.00285516189275548,0.00285437156285151
2023-01-02 13:00:00,2133.54166666667,-25.7935908918182,0.00800478998283549,0.00800399960284615
2023-01-02 13:30:00,2133.5625,-26.4484918447552,-0.0961883982683841,-0.096189188698564
2023-01-02 14:00:00,2133.58333333333,-25.8346667126126,0.00172727737096312,0.00172648689049293
2023-01-02 14:30:00,2133.60416666667,-26.598323988345,-0.119791087056939,-0.119791877587797
2023-01-02 15:00:00,2133.625,-27.2255546672727,-0.219576705265676,-0.219577495847022
2023-01-02 15:30:00,2133.64583333333,-27.2481165048951,-0.223038253111619,-0.223039043743555
2023-01-02 16:00:00,2133.66666666667,-27.4515405612613,-0.255311389827715,-0.255312180510339
2023-01-02 16:30:00,2133.6875,-27.0663239634033,-0.193813757870962,-0.193814548604376
2023-01-02 17:00:00,2133.70833333333,-26.7378828747748,-0.141360613318804,-0.141361404103106
2023-01-02 17:30:00,2133.72916666667,-26.7265418995204,-0.139421851659567,-0.139422642494856
2023-01-02 18:00:00,2133.75,-26.4047927675676,-0.0880349570625503,-0.0880357479489299
2023-01-02 18:30:00,2133.77083333333,-26.5891048939394,-0.117264090816903,-0.117264881754473
2023-01-02 19:00:00,2133.79166666667,-26.3322432747748,-0.0762140399186689,-0.0762148309075239
2023-01-02 19:30:00,2133.8125,-25.5269044191142,0.0522087184054768,0.0522079273652314
2023-01-02 20:00:00,2133.83333333333,-25.5850451009009,0.0430784610478303,0.0430776699560946
2023-01-02 20:30:00,2133.85416666667,-24.9086689927739,0.150957144887986,0.150956353744662
2023-01-02 21:00:00,2133.875,-24.720225190991,0.181107755298024,0.181106964103013
2023-01-02 21:30:00,2133.89583333333,-24.6572517277389,0.191270742753567,0.191269951506765
2023-01-02 22:00:00,2133.91666666667,-24.5872972369369,0.202545704505843,0.202544913207152
2023-01-02 22:30:00,2133.9375,-24.0530909144522,0.287776206407698,0.287775415057017
2023-01-02 23:00:00,2133.95833333333,-24.0360270864865,0.290625430961969,0.290624639559199
2023-01-02 23:30:00,2133.97916666667,-24.2227306854801,0.261014250355834,0.261013458900876
2023-01-03,2134,-24.478320008,0.220429416317485,0.220428624810236
2023-01-03 00:30:00,2134.02083333333,-24.173850478271,0.269062249202709,0.269061457643069
2023-01-03 01:00:00,2134.04166666667,-23.9523333252252,0.30448060072217,0.304479809110042
2023-01-03 01:30:00,2134.0625,-24.6894265664336,0.187191522904049,0.18719073123933
2023-01-03 02:00:00,2134.08333333333,-24.3558107990991,0.24046704677384,0.240466255056429
2023-01-03 02:30:00,2134.10416666667,-24.4461794538462,0.226201440690073,0.226200648919872
2023-01-03 03:00:00,2134.125,-24.7530990810811,0.177439001390807,0.177438209567717
2023-01-03 03:30:00,2134.14583333333,-24.9520699286713,0.145872771265616,0.145871979389534
2023-01-03 04:00:00,2134.16666666667,-24.4947387216216,0.218855818864594,0.218855026935422
2023-01-03 04:30:00,2134.1875,-24.275244755711,0.253951115390525,0.25395032340816
2023-01-03 05:00:00,2134.20833333333,-24.2891981990991,0.251857964176004,0.251857172140348
2023-01-03 05:30:00,2134.22916666667,-24.5651585393939,0.208026818419521,0.208026026330474
2023-01-03 06:00:00,2134.25,-24.3632611954955,0.240318634589978,0.240317842447437
2023-01-03 06:30:00,2134.27083333333,-24.5491725487179,0.210832139511646,0.210831347315511
2023-01-03 07:00:00,2134.29166666667,-24.4749789589474,0.222780439045141,0.222779646795317
2023-01-03 10:00:00,2134.41666666667,-24.694625290538,0.188563584210568,0.188562791636481
2023-01-03 11:00:00,2134.45833333333,-23.8247977671614,0.327384514325547,0.327383721642569
2023-01-03 12:00:00,2134.5,-23.7089313395176,0.346098467781724,0.346097674989454
2023-01-03 13:00:00,2134.54166666667,-23.282784771243,0.414239833920267,0.414239041018306
2023-01-03 14:00:00,2134.58333333333,-22.9055287756957,0.474592461304212,0.474591668292154
2023-01-03 15:00:00,2134.625,-21.8188960554731,0.647948872146006,0.647948079023454
2023-01-03 16:00:00,2134.66666666667,-21.4199611496296,0.711754093876873,0.711753300643422
2023-01-03 17:00:00,2134.70833333333,-20.2646981062963,0.896042492417696,0.896041699072944
2023-01-03 18:00:00,2134.75,-18.9321499992593,1.10857209219279,1.10857129873634
2023-01-03 19:00:00,2134.79166666667,-19.1265388198148,1.07785911200059,1.07785831843203
2023-01-03 20:00:00,2134.83333333333,-18.9442611201852,1.10714894128063,1.10714814759956
2023-01-03 21:00:00,2134.875,-19.0690981357407,1.08751474047037,1.0875139466764
2023-01-03 22:00:00,2134.91666666667,-20.452405567037,0.867404866491386,0.867404072584107
2023-01-03 23:00:00,2134.95833333333,-20.4766122289425,0.863800279554514,0.863799485533522
2023-01-04,2135,-20.1566796899441,0.915016876366853,0.915016082231747
2023-01-04 01:00:00,2135.04166666667,-20.101591874397,0.92404308246247,0.924042288212849
2023-01-04 02:00:00,2135.08333333333,-20.3172332994444,0.88994148992678,0.889940695562237
2023-01-04 03:00:00,2135.125,-20.1707318636872,0.913529076642607,0.913528282162744
2023-01-04 04:00:00,2135.16666666667,-20.0266877107807,0.93672477904984,0.936723984454252
2023-01-04 05:00:00,2135.20833333333,-20.5967407433333,0.846163851988479,0.846163057276764
2023-01-04 06:00:00,2135.25,-20.1782425246269,0.913079408033666,0.913078613205421
2023-01-04 07:30:00,2135.3125,-20.0659033319703,0.931347036942568,0.931346241938774
2023-01-04 11:30:00,2135.47916666667,-19.6790633746269,0.993957873751887,0.993957078275529
2023-01-04 13:00:00,2135.54166666667,-20.0041242749536,0.942543739953107,0.942542944297875
2023-01-04 14:00:00,2135.58333333333,-19.2761855070501,1.05874989084914,1.05874909507416
2023-01-04 15:00:00,2135.625,-19.2061210977654,1.07015574750384,1.0701549516087
2023-01-04 16:30:00,2135.6875,-18.5086827621521,1.18162416904298,1.18162337296685
2023-01-04 17:30:00,2135.72916666667,-18.6659089226766,1.15682137798377,1.15682058178647
2023-01-04 18:30:00,2135.77083333333,-18.173213735316,1.23555108285837,1.2355502865395
2023-01-04 19:30:00,2135.8125,-18.1738308381041,1.23569534803464,1.2356945515938
2023-01-04 20:30:00,2135.85416666667,-18.1205177167598,1.24443029697942,1.2444295004162
2023-01-04 21:30:00,2135.89583333333,-18.243477720632,1.22508437151114,1.22508357482515
2023-01-04 22:30:00,2135.9375,-18.785362997963,1.13900291088875,1.13900211407957
2023-01-04 23:30:00,2135.97916666667,-19.7261632282004,0.989373573352157,0.989372776419388
2023-01-05 00:30:00,2136.02083333333,-20.6983061361781,0.834750884883534,0.834750087826773
2023-01-05 01:30:00,2136.0625,-20.4066999922222,0.881443883385228,0.881443086204071
2023-01-05 02:30:00,2136.10416666667,-21.2431803096654,0.748431462225247,0.748430664919294
2023-01-05 03:30:00,2136.14583333333,-21.999089048423,0.6282537107882,0.62825291335704
2023-01-05 04:30:00,2136.1875,-21.5872129712963,0.694104474573282,0.694103677016517
2023-01-05 05:30:00,2136.22916666667,-21.954571387013,0.635822186213889,0.635821388531112
2023-01-05 07:00:00,2136.29166666667,-21.4845647790741,0.711051003043772,0.71105020517122
2023-01-05 08:00:00,2136.33333333333,-21.3558981485185,0.731784757027553,0.731783959027977
2023-01-05 09:00:00,2136.375,-21.1616938395176,0.762958269011417,0.762957470884416
2023-01-05 13:00:00,2136.54166666667,-21.394048513806,0.726886097945,0.726885299304249
2023-01-05 14:30:00,2136.60416666667,-22.1234332982368,0.611046044783876,0.611045245948801
2023-01-05 15:00:00,2136.625,-21.9542714757143,0.638110577861475,0.638109778961421
2023-01-05 15:30:00,2136.64583333333,-22.2428070120301,0.592263484136301,0.592262685171167
2023-01-05 16:00:00,2136.66666666667,-22.0523214742857,0.622724679344646,0.622723880314332
2023-01-05 19:30:00,2136.8125,-21.3227829576994,0.739754582173818,0.739753782684411
2023-01-05 20:30:00,2136.85416666667,-21.4526766139405,0.719293976410119,0.719293176788634
2023-01-05 21:30:00,2136.89583333333,-21.3846803178439,0.730356938958089,0.730356139204116
2023-01-05 22:30:00,2136.9375,-21.7193327405607,0.677277230232601,0.677276430345739
2023-01-05 23:30:00,2136.97916666667,-21.4191691760223,0.725323719177162,0.725322919157004
2023-01-06 00:30:00,2137.02083333333,-22.0911277646296,0.618510011570112,0.618509211416253
2023-01-06 01:30:00,2137.0625,-21.6642314831481,0.686744227040609,0.686743426752643
2023-01-06 02:30:00,2137.10416666667,-21.7303098456401,0.676446786339997,0.676445985917522
2023-01-06 03:30:00,2137.14583333333,-21.5795758903704,0.700687259577833,0.700686459020439
2023-01-06 04:30:00,2137.1875,-21.6843969914657,0.684217186379128,0.684216385686414
2023-01-06 05:30:00,2137.22916666667,-21.3306148003704,0.740802501898227,0.740801701069786
2023-01-06 07:00:00,2137.29166666667,-21.24521851,0.754746699743159,0.754745898710367
2023-01-06 08:00:00,2137.33333333333,-21.406870375,0.729221892651607,0.729221091482073
2023-01-06 09:00:00,2137.375,-21.170431487963,0.767112782981113,0.767111981674432
2023-01-06 10:00:00,2137.41666666667,-20.9908499951852,0.795945805799275,0.795945004355044
2023-01-06 11:00:00,2137.45833333333,-21.0217145367537,0.79125418086824,0.791253379286049
2023-01-06 14:30:00,2137.60416666667,-22.880669793692,0.495905696218592,0.495904894150355
2023-01-06 15:30:00,2137.64583333333,-23.3432021881262,0.42244707401888,0.422446271810856
2023-01-06 16:30:00,2137.6875,-24.7298608725417,0.201774028710768,0.201773226362557
2023-01-06 17:30:00,2137.72916666667,-24.7094786434137,0.205243161582348,0.205242359093541
2023-01-06 18:30:00,2137.77083333333,-26.3423903834572,-0.0546590612497675,-0.0546598638795764
2023-01-06 19:30:00,2137.8125,-27.1733024333952,-0.18680260539336,-0.186803408164577
2023-01-06 20:30:00,2137.85416666667,-28.8492463238889,-0.453560770785233,-0.453561573698261
2023-01-06 21:30:00,2137.89583333333,-30.05598888,-0.645575273603776,-0.645576076659027
2023-01-06 22:30:00,2137.9375,-30.2272541589981,-0.672637951617255,-0.67263875481513
2023-01-06 23:30:00,2137.97916666667,-29.5049240694444,-0.557350694362825,-0.557351497703732
2023-01-07 00:30:00,2138.02083333333,-29.1011280207792,-0.49280658307948,-0.492807386563825
2023-01-07 01:30:00,2138.0625,-28.8740258924074,-0.456410385308012,-0.456411188936203
2023-01-07 02:30:00,2138.10416666667,-30.000420367037,-0.635627609473592,-0.635628413246031
2023-01-07 03:30:00,2138.14583333333,-29.5097365128015,-0.557243546232382,-0.557244350149481
2023-01-07 04:30:00,2138.1875,-29.9744155727273,-0.631049924008247,-0.631050728070407
2023-01-07 06:00:00,2138.25,-29.5683636272727,-0.56604040276231,-0.566041207042826
2023-01-07 07:00:00,2138.29166666667,-30.0156623293135,-0.637079192786554,-0.637079997213151
2023-01-07 08:00:00,2138.33333333333,-30.1114506709497,-0.652122577670772,-0.652123382243854
2023-01-07 09:00:00,2138.375,-30.6260892332714,-0.733889548602336,-0.733890353322311
2023-01-07 10:00:00,2138.41666666667,-30.6762290348231,-0.741661981693733,-0.741662786561005
2023-01-07 11:00:00,2138.45833333333,-30.9250706583643,-0.781088203820014,-0.781089008834994
2023-01-07 12:00:00,2138.5,-31.3217865602968,-0.844071351073882,-0.844072156236973
2023-01-10 18:00:00,2141.75,-29.0108880013986,-0.460638733624656,-0.460639551595266
2023-01-10 18:30:00,2141.77083333333,-28.9809490844784,-0.455780212876729,-0.455781030937441
2023-01-10 19:00:00,2141.79166666667,-28.8693124826389,-0.437907306266029,-0.43790812441694
2023-01-10 19:30:00,2141.8125,-29.4010839394402,-0.522529876922612,-0.522530695163828
2023-01-10 20:00:00,2141.83333333333,-28.8151319569444,-0.429098418710132,-0.429099237041755
2023-01-10 20:30:00,2141.85416666667,-28.541870884557,-0.385478959691952,-0.385479778114083
2023-01-10 21:00:00,2141.875,-29.0737659602837,-0.470121564215501,-0.47012238272824
2023-01-10 21:30:00,2141.89583333333,-29.0567710229008,-0.467325711191149,-0.467326529794602
2023-01-10 22:00:00,2141.91666666667,-28.7436924251748,-0.417363633284465,-0.417364451978731
2023-01-10 22:30:00,2141.9375,-28.6052666948718,-0.395223995774062,-0.395224814559245
2023-01-10 23:00:00,2141.95833333333,-29.9784791583333,-0.613889516583604,-0.613890335459804
2023-01-10 23:30:00,2141.97916666667,-29.1986597861893,-0.489575641227463,-0.489576460194782
2023-01-11,2142,-30.6530416770833,-0.721171737501601,-0.721172556560143
2023-01-11 00:30:00,2142.02083333333,-29.8864658149367,-0.598967790444526,-0.598968609594393
2023-01-11 01:00:00,2142.04166666667,-30.8462987076389,-0.751782105610927,-0.751782924852216
2023-01-11 01:30:00,2142.0625,-30.2909065825758,-0.663220106523283,-0.663220925856102
2023-01-11 02:30:00,2142.10416666667,-30.5904640718954,-0.710764896957332,-0.710765716473512
2023-01-11 03:00:00,2142.125,-30.548789053125,-0.704038741701176,-0.704039561309189
2023-01-11 03:30:00,2142.14583333333,-30.3289609344156,-0.668932784233569,-0.668933603933518
2023-01-11 04:00:00,2142.16666666667,-30.3407082924479,-0.670717079627984,-0.67071789941997
2023-01-11 04:30:00,2142.1875,-30.4092727162338,-0.681552488140694,-0.681553308024821
2023-01-11 05:00:00,2142.20833333333,-30.263918815445,-0.65831066863269,-0.658311488609057
2023-01-11 05:30:00,2142.22916666667,-30.5253376272727,-0.699868146893096,-0.699868966961806
2023-01-11 06:00:00,2142.25,-30.2191491858639,-0.651005498068761,-0.651006318229917
2023-01-11 06:30:00,2142.27083333333,-30.7116381355263,-0.729372842372802,-0.729373662626504
2023-01-11 07:00:00,2142.29166666667,-30.4565378509138,-0.688648801417505,-0.688649621763856
2023-01-11 07:30:00,2142.3125,-30.5106168980519,-0.697177362961647,-0.69717818340075
2023-01-11 08:00:00,2142.33333333333,-30.2267262728947,-0.65186722821112,-0.651868048743077
2023-01-11 08:30:00,2142.35416666667,-31.4531522324503,-0.847151718726435,-0.847152539351346
2023-01-11 09:00:00,2142.375,-31.4481465751309,-0.846268386718721,-0.846269207436689
2023-01-11 09:30:00,2142.39583333333,-32.0648505766234,-0.94442396169345,-0.944424782504578
2023-01-11 10:00:00,2142.41666666667,-31.959793115445,-0.927602533948407,-0.927603354852795
2023-01-11 10:30:00,2142.4375,-33.1909415519481,-1.12363977464753,-1.12364059564528
2023-01-11 11:00:00,2142.45833333333,-33.3359136240838,-1.14664845839322,-1.14664927948444
2023-01-11 11:30:00,2142.47916666667,-33.2896754058442,-1.13919732033713,-1.13919814152191
2023-01-11 12:00:00,2142.5,-33.6580550619423,-1.19779522006125,-1.1977960413397
2023-01-11 12:30:00,2142.52083333333,-34.3291645085526,-1.30461830586651,-1.30461912723873
2023-01-11 13:00:00,2142.54166666667,-34.0646246656168,-1.26239190534958,-1.26239272681567
2023-01-11 13:30:00,2142.5625,-33.9844600673333,-1.2495367272025,-1.24953754876257
2023-01-11 14:00:00,2142.58333333333,-34.0679815994751,-1.26275698075509,-1.26275780240923
2023-01-11 14:30:00,2142.60416666667,-33.010300703268,-1.09418298611604,-1.09418380786437
2023-01-11 15:00:00,2142.625,-32.3803368334211,-0.993744733600544,-0.993745555443147
2023-01-11 15:30:00,2142.64583333333,-30.9020650019481,-0.758170530770048,-0.758171352707034
2023-01-11 16:00:00,2142.66666666667,-30.6473403251309,-0.717508378232218,-0.717509200263688
2023-01-11 19:30:00,2142.8125,-30.0186076284884,-0.616763702259381,-0.616764524955094
2023-01-11 20:00:00,2142.83333333333,-29.8902872082051,-0.596238752058609,-0.596239574849623
2023-01-11 20:30:00,2142.85416666667,-28.8519389360465,-0.430745829027898,-0.430746651914312
2023-01-11 21:00:00,2142.875,-29.1158718292308,-0.472707340564044,-0.47270816354596
2023-01-11 21:30:00,2142.89583333333,-28.8934592799419,-0.437193789878014,-0.437194612955537
2023-01-11 22:00:00,2142.91666666667,-28.3813743569231,-0.355535337376245,-0.355536160549474
2023-01-11 22:30:00,2142.9375,-28.5713895587209,-0.385722050820677,-0.385722874089715
2023-01-11 23:00:00,2142.95833333333,-28.8081813564767,-0.423360423772488,-0.423361247137438
2023-01-11 23:30:00,2142.97916666667,-28.7940581840116,-0.421027977015909,-0.421028800476872
2023-01-12,2143,-28.7251716574627,-0.409971803184555,-0.409972626741633
2023-01-12 00:30:00,2143.02083333333,-28.7518720848837,-0.414142813804119,-0.414143637457413
2023-01-12 01:00:00,2143.04166666667,-28.6217435702564,-0.393330976269943,-0.393331800019555
2023-01-12 02:00:00,2143.08333333333,-27.3101105096317,-0.18422269127965,-0.184223515222207
2023-01-12 02:30:00,2143.10416666667,-27.2529351016216,-0.175032678985359,-0.17503350302454
2023-01-12 03:00:00,2143.125,-26.9176005957507,-0.121531838054489,-0.121532662190395
2023-01-12 03:30:00,2143.14583333333,-26.4676684576087,-0.0497756268489842,-0.0497764510817195
2023-01-12 04:00:00,2143.16666666667,-25.4618016796034,0.110541255314987,0.110540430985323
2023-01-12 04:30:00,2143.1875,-25.23037294,0.14748949007862,0.147488665651924
2023-01-12 05:00:00,2143.20833333333,-25.1273541430595,0.16398181474233,0.163980990218499
2023-01-12 05:30:00,2143.22916666667,-24.6621134789189,0.238176227218406,0.23817540259734
2023-01-12 06:00:00,2143.25,-24.7822323393768,0.219122334629577,0.219121509911172
2023-01-12 06:30:00,2143.27083333333,-24.8368486643243,0.210502928254839,0.210502103438996
2023-01-12 07:00:00,2143.29166666667,-24.2123192319209,0.310071811840008,0.310070986926625
2023-01-12 07:30:00,2143.3125,-24.5914892591398,0.249750539728971,0.249749714717943
2023-01-12 08:00:00,2143.33333333333,-23.8109208937853,0.374176307785459,0.374175482676686
2023-01-12 08:30:00,2143.35416666667,-24.1869354887097,0.314357469218049,0.31435664401143
2023-01-12 09:00:00,2143.375,-23.3779069231034,0.443316738416186,0.443315913111618
2023-01-12 09:30:00,2143.39583333333,-23.8064354193548,0.375132168723186,0.375131343320567
2023-01-12 10:00:00,2143.41666666667,-22.4378785002825,0.593224475336605,0.593223649835833
2023-01-12 10:30:00,2143.4375,-22.7442956532258,0.544492100736571,0.544491275137545
2023-01-12 11:00:00,2143.45833333333,-22.5358757180791,0.577773527583643,0.577772701886261
2023-01-12 11:30:00,2143.47916666667,-22.9762258419355,0.507705305807674,0.507704480011834
2023-01-12 12:00:00,2143.5,-22.9563672367232,0.510948548828122,0.510947722933722
2023-01-12 12:30:00,2143.52083333333,-22.7452042919355,0.544666595226113,0.544665769233051
2023-01-12 13:00:00,2143.54166666667,-22.180816330226,0.634653524603242,0.634652698511417
2023-01-12 13:30:00,2143.5625,-22.5049838645161,0.583092813849285,0.583091987658594
2023-01-12 14:00:00,2143.58333333333,-21.3261525364407,0.770960781275799,0.770959954986139
2023-01-12 14:30:00,2143.60416666667,-21.2110859897849,0.789370144176796,0.789369317788069
2023-01-12 15:00:00,2143.625,-21.1762513838983,0.794998386902377,0.794997560414479
2023-01-12 15:30:00,2143.64583333333,-20.6563978021505,0.877890384396905,0.877889557809732
2023-01-12 16:00:00,2143.66666666667,-20.9821497641243,0.826076699800083,0.826075873113536
2023-01-12 16:30:00,2143.6875,-20.8159409064516,0.852632610627698,0.852631783841676
2023-01-12 17:00:00,2143.70833333333,-20.6457570480226,0.879821627199797,0.879820800314195
2023-01-12 17:30:00,2143.72916666667,-20.4143333473118,0.916766079683489,0.916765252698208
2023-01-12 21:00:00,2143.875,-19.4932801602968,1.0640367384571,1.0640359107712
2023-01-12 21:30:00,2143.89583333333,-19.2849998,1.09729352210018,1.09729269431379
2023-01-12 22:00:00,2143.91666666667,-18.8551104895131,1.16585265505639,1.1658518271694
2023-01-12 22:30:00,2143.9375,-18.80720024,1.17356213580593,1.17356130781825
2023-01-12 23:00:00,2143.95833333333,-18.8425824217228,1.16800295790131,1.16800212981283
2023-01-12 23:30:00,2143.97916666667,-19.08120002,1.13006811805866,1.13006728986927
2023-01-13,2144,-18.0640337292135,1.29218043428618,1.29217960599579
2023-01-13 00:30:00,2144.02083333333,-18.0222,1.29892146160433,1.29892063321284
2023-01-13 01:30:00,2144.0625,-17.6546163469274,1.35763122429987,1.35763039570586
2023-01-13 02:30:00,2144.10416666667,-18.2477602373606,1.26329594318458,1.26329511438765
2023-01-13 03:30:00,2144.14583333333,-18.0777821828678,1.29052607357128,1.29052524457102
2023-01-13 04:30:00,2144.1875,-17.7877230262082,1.33688474960538,1.33688392040138
2023-01-13 05:30:00,2144.22916666667,-17.224383632216,1.42677670291882,1.42677587351068
2023-01-13 06:30:00,2144.27083333333,-16.9349013091248,1.47304256924122,1.47304173962853
2023-01-13 07:30:00,2144.3125,-14.4927974031599,1.86222213203294,1.86222130221528
2023-01-13 08:30:00,2144.35416666667,-15.3911263966543,1.71926788677677,1.71926705675375
2023-01-13 09:30:00,2144.39583333333,-14.1975613317844,1.90955339978468,1.90955256955588
2023-01-13 10:30:00,2144.4375,-14.0068067053903,1.94009003311939,1.94008920268442
2023-01-13 11:30:00,2144.47916666667,-14.8716319687732,1.80247157540239,1.80247074476083
2023-01-13 12:30:00,2144.52083333333,-15.7751675884544,1.658686069908,1.65868523905945
2023-01-13 13:30:00,2144.5625,-16.8980092959108,1.47996448748,1.47996365642404
2023-01-13 15:30:00,2144.64583333333,-18.3156753545455,1.25442369759078,1.25442286611881
2023-01-13 16:30:00,2144.6875,-17.692506187218,1.35384151348609,1.3538406818055
2023-01-13 17:00:00,2144.70833333333,-17.8321214807143,1.33167378579856,1.33167295401351
2023-01-13 18:30:00,2144.77083333333,-17.5522560758813,1.37647511860073,1.37647428650168
2023-01-13 22:30:00,2144.9375,-21.1867286271375,0.798078837058712,0.798078004117863
2023-01-13 23:30:00,2144.97916666667,-21.8476233868275,0.692941125069619,0.692940291917304
2023-01-14 01:00:00,2145.04166666667,-23.6321226520446,0.408883195292262,0.408882361821987
2023-01-14 02:00:00,2145.08333333333,-24.0850669053903,0.33687099429748,0.336870160614723
2023-01-14 03:00:00,2145.125,-24.5163587217472,0.268307580552276,0.26830674665663
2023-01-14 04:00:00,2145.16666666667,-24.7423940507435,0.232441210413947,0.232440376305009
2023-01-14 05:00:00,2145.20833333333,-25.6155568327747,0.0934865129810399,0.0934856786583994
2023-01-14 06:00:00,2145.25,-25.7606170827138,0.070518607568414,0.0705177730316677
2023-01-14 07:00:00,2145.29166666667,-25.6483735756506,0.0885389127937377,0.0885380780424782
2023-01-14 08:00:00,2145.33333333333,-26.1253977477695,0.0126879938307799,0.0126871588646011
2023-01-14 09:00:00,2145.375,-26.0482178728119,0.0251217137400731,0.025120878558569
2023-01-14 10:00:00,2145.41666666667,-26.508386630855,-0.048045049522873,-0.0480458849201073
2023-01-14 11:00:00,2145.45833333333,-26.857627555121,-0.103541391605002,-0.103542227218375
2023-01-14 12:00:00,2145.5,-26.8994367986989,-0.110064109340039,-0.110064945169954
2023-01-14 13:00:00,2145.54166666667,-27.8335578423507,-0.258733196635328,-0.258734032682193
2023-01-14 14:00:00,2145.58333333333,-27.5938624157993,-0.220412943625327,-0.220413779889547
2023-01-14 15:00:00,2145.625,-27.4056703577281,-0.19029767631093,-0.190298512792911
2023-01-14 16:00:00,2145.66666666667,-27.1811862139665,-0.154401516172851,-0.154402352872998
2023-01-14 17:00:00,2145.70833333333,-27.4199590141527,-0.192302980685895,-0.192303817604616
2023-01-14 18:00:00,2145.75,-27.7188998493506,-0.239789718673545,-0.239790555811243
2023-01-14 19:00:00,2145.79166666667,-28.2111691585502,-0.318074283294081,-0.318075120651163
2023-01-14 20:00:00,2145.83333333333,-27.9148441812616,-0.270735677176231,-0.270736514753103
2023-01-15,2146,-27.9390816263451,-0.274066045337162,-0.274066883797248
2023-01-15 01:30:00,2146.0625,-28.1491951154275,-0.307340181042476,-0.30734101983544
2023-01-15 02:30:00,2146.10416666667,-28.3897063516729,-0.345522976181207,-0.345523815196595
2023-01-15 03:30:00,2146.14583333333,-28.3052569912477,-0.33193977919657,-0.331940618434789
2023-01-15 04:30:00,2146.1875,-28.1811059570632,-0.312032540424671,-0.312033379886126
2023-01-15 05:30:00,2146.22916666667,-28.2009108130112,-0.315058041104025,-0.315058880789121
2023-01-15 06:30:00,2146.27083333333,-28.1827300275605,-0.312032865310413,-0.312033705219555
2023-01-15 07:30:00,2146.3125,-28.3116022345725,-0.332433799714929,-0.332434639848523
2023-01-15 08:30:00,2146.35416666667,-27.5539646920074,-0.211613560979869,-0.211614401338318
2023-01-15 09:30:00,2146.39583333333,-27.5628959072491,-0.212908736707367,-0.212909577291077
2023-01-15 10:30:00,2146.4375,-27.9191245228625,-0.26952910010692,-0.269529940916296
2023-01-15 11:30:00,2146.47916666667,-27.7289200910781,-0.239102752243246,-0.239103593278693
2023-01-15 12:30:00,2146.52083333333,-28.1693643347584,-0.30913965279035,-0.309140494052274
2023-01-15 13:30:00,2146.5625,-27.6922193156134,-0.233004391853427,-0.23300523334223
2023-01-15 14:30:00,2146.60416666667,-27.9929237864312,-0.280781574397463,-0.280782416113552
2023-01-15 15:30:00,2146.64583333333,-28.4894981470149,-0.359761434285532,-0.359762276229311
2023-01-15 16:30:00,2146.6875,-27.7988606286245,-0.249618057454058,-0.249618899625932
2023-01-15 17:30:00,2146.72916666667,-28.3684145211896,-0.340224536997065,-0.340225379397438
2023-01-15 18:30:00,2146.77083333333,-27.8724516875465,-0.261093904748238,-0.261094747377515
2023-01-15 19:30:00,2146.8125,-27.1394014615242,-0.144195545655567,-0.144196388514151
2023-01-15 20:30:00,2146.85416666667,-27.1865491857143,-0.151583741821541,-0.151584584909838
2023-01-15 21:30:00,2146.89583333333,-25.6516234051948,0.0930530375683596,0.0930521942499449
2023-01-16 01:30:00,2147.0625,-24.3800557135688,0.296098057844829,0.296097213601904
2023-01-16 02:30:00,2147.10416666667,-24.6769758988868,0.248918143316075,0.248917298841012
2023-01-16 03:30:00,2147.14583333333,-24.3851094378479,0.295531897620915,0.295531052913309
2023-01-16 04:30:00,2147.1875,-24.4793283782931,0.280641506821625,0.280640661881073
2023-01-16 05:30:00,2147.22916666667,-24.1090630942486,0.339743320102463,0.339742474928563
2023-01-16 06:30:00,2147.27083333333,-24.406955470872,0.292406675697354,0.292405830289699
2023-01-16 07:30:00,2147.3125,-25.2320889040741,0.161079689278064,0.161078843636251
2023-01-16 08:30:00,2147.35416666667,-24.9722629490741,0.202587043736271,0.202586197859897
2023-01-16 09:30:00,2147.39583333333,-23.6309944088889,0.4163685097783,0.416367663666961
2023-01-16 10:30:00,2147.4375,-23.9589351585185,0.364243278007322,0.364242431660615
2023-01-16 11:30:00,2147.47916666667,-24.2923278009259,0.311249090653376,0.311248244070897
2023-01-16 12:30:00,2147.52083333333,-24.6593296266667,0.252900471150191,0.252899624331535
2023-01-16 13:30:00,2147.5625,-24.9992277772222,0.198869021187001,0.198868174131767
2023-01-16 14:30:00,2147.60416666667,-25.558771809833,0.109847359906368,0.109846512614152
2023-01-16 15:30:00,2147.64583333333,-25.8159518572222,0.0689920321416745,0.0689911846120725
2023-01-16 16:30:00,2147.6875,-25.4107277862963,0.133657688325586,0.133656840558195
2023-01-16 17:30:00,2147.72916666667,-25.8422536831481,0.0650280111715458,0.0650271631659638
2023-01-16 18:30:00,2147.77083333333,-26.148612982037,0.0163369969416559,0.0163361486974776
2023-01-16 19:30:00,2147.8125,-26.8839363879545,-0.100688771715367,-0.100689620198543
2023-01-16 20:30:00,2147.85416666667,-27.0692056035185,-0.130090980465347,-0.130091829187924
2023-01-16 21:30:00,2147.89583333333,-27.343903697037,-0.173739739129282,-0.173740588091663
2023-01-16 23:00:00,2147.95833333333,-27.9679888786642,-0.272991562040404,-0.272992411363246
2023-01-17 03:00:00,2148.125,-28.3670742116883,-0.336130219421698,-0.3361310697102
2023-01-17 04:00:00,2148.16666666667,-28.0754534973978,-0.289567016044945,-0.289567866575867
2023-01-17 05:00:00,2148.20833333333,-28.0286475178108,-0.282003441023249,-0.282004291796996
2023-01-17 06:00:00,2148.25,-27.6440650695167,-0.220632299381475,-0.220633150398447
2023-01-17 07:00:00,2148.29166666667,-27.9922541200371,-0.275992647427358,-0.275993498687958
2023-01-17 08:00:00,2148.33333333333,-28.1538627285714,-0.301631064065719,-0.30163191557035
2023-01-17 09:00:00,2148.375,-28.3217796216667,-0.328274861330462,-0.328275713079526
2023-01-17 10:00:00,2148.41666666667,-28.3312611337037,-0.329680255614666,-0.329681107608563
2023-01-17 11:00:00,2148.45833333333,-28.6358777794444,-0.378101354100831,-0.378102206339964
2023-01-17 12:00:00,2148.5,-28.7980907364815,-0.403837909762427,-0.403838762247199
2023-01-17 13:00:00,2148.54166666667,-29.0026370398148,-0.436318664343645,-0.436319517074457
2023-01-17 14:00:00,2148.58333333333,-29.2599184977778,-0.477200633398397,-0.477201486375652
2023-01-17 15:00:00,2148.625,-28.5991566590129,-0.371838115948057,-0.371838969172155
2023-01-17 16:00:00,2148.66666666667,-28.5796963044444,-0.368635849973476,-0.368636703444818
2023-01-17 17:00:00,2148.70833333333,-27.9231037096296,-0.263938429638871,-0.263939283357861
2023-01-17 18:00:00,2148.75,-28.37729829606,-0.336190667924704,-0.336191521891741
2023-01-17 19:00:00,2148.79166666667,-27.8050147944444,-0.244924680168763,-0.24492553438425
2023-01-17 20:00:00,2148.83333333333,-27.1350203866667,-0.138093742205297,-0.138094596669635
2023-01-17 21:00:00,2148.875,-25.9425269042672,0.0519712047087485,0.0519703499951594
2023-01-17 22:00:00,2148.91666666667,-23.6992351661111,0.40942859760603,0.409427742642787
2023-01-17 23:00:00,2148.95833333333,-23.9205037675926,0.374279300070788,0.374278444857491
2023-01-18 00:30:00,2149.02083333333,-22.0088296092593,0.678957906835466,0.678957051246336
2023-01-18 04:30:00,2149.1875,-21.5399016532468,0.754046784424474,0.754045927828713
2023-01-18 05:30:00,2149.22916666667,-19.9742527825279,1.00355167963804,1.00355082278963
2023-01-18 06:30:00,2149.27083333333,-20.728166996475,0.883548050378298,0.883547193276818
2023-01-18 07:30:00,2149.3125,-20.7152137933085,0.885706481131014,0.885705623776075
2023-01-18 08:30:00,2149.35416666667,-19.7951113564007,1.0323739654834,1.0323731078746
2023-01-18 09:30:00,2149.39583333333,-20.8490426903525,0.864575991825268,0.864575133962208
2023-01-18 10:30:00,2149.4375,-20.8443018411111,0.865424785798009,0.865423927680289
2023-01-18 11:30:00,2149.47916666667,-20.2769203783333,0.955902163837059,0.955901305464279
2023-01-18 12:30:00,2149.52083333333,-20.3262981566667,0.948128886235678,0.948128027607435
2023-01-18 13:30:00,2149.5625,-21.2904889096296,0.79462478020406,0.794623921319958
2023-01-18 14:30:00,2149.60416666667,-20.5217925883333,0.917170355561943,0.91716949642158
2023-01-18 15:30:00,2149.64583333333,-21.9858962725926,0.684028826519046,0.684027967122023
2023-01-18 16:30:00,2149.6875,-23.045148182963,0.51538000639253,0.515379146738447
2023-01-18 17:30:00,2149.72916666667,-22.7345352351852,0.564951169068583,0.564950309157041
2023-01-18 18:30:00,2149.77083333333,-23.4929259138889,0.444228822053979,0.444227961884579
2023-01-18 19:30:00,2149.8125,-22.4504452398887,0.610386100334881,0.610385239907222
2023-01-18 20:30:00,2149.85416666667,-23.1089981245779,0.505567048976192,0.505566188289876
2023-01-18 21:30:00,2149.89583333333,-23.3416555240741,0.46859298455246,0.468592123607088
2023-01-18 22:30:00,2149.9375,-22.6582111077778,0.577554125790344,0.577553264585515
2023-01-19,2150,-22.8822178662942,0.542000746996215,0.541999885401455
2023-01-19 01:00:00,2150.04166666667,-22.7340858391791,0.565685071270568,0.565684209415355
2023-01-19 02:00:00,2150.08333333333,-23.0619013134078,0.513550150054381,0.513549287938316
2023-01-19 06:00:00,2150.25,-23.3905449246094,0.461537575328254,0.461536712164794
2023-01-19 07:00:00,2150.29166666667,-23.7232025957249,0.408628945986155,0.408628082559852
2023-01-19 08:00:00,2150.33333333333,-23.7975514805492,0.396868622220456,0.396867758530909
2023-01-19 09:00:00,2150.375,-24.1368137731844,0.342906934566883,0.342906070613695
2023-01-19 10:00:00,2150.41666666667,-24.4783642702602,0.288580265554951,0.288579401337723
2023-01-19 11:00:00,2150.45833333333,-24.7114096443203,0.251538071380387,0.251537206898724
2023-01-19 12:00:00,2150.5,-25.4973685014815,0.126415895388844,0.126415030642345
2023-01-19 13:00:00,2150.54166666667,-25.9046555027933,0.0616159477556221,0.0616150827438904
2023-01-19 14:00:00,2150.58333333333,-26.2479442342007,0.00701050132845482,0.0070096360510925
2023-01-19 15:00:00,2150.625,-25.566832081903,0.115592378759963,0.115591513216573
2023-01-19 16:00:00,2150.66666666667,-26.1672891923507,0.0200188878048193,0.020018021995003
2023-01-19 17:00:00,2150.70833333333,-27.2167892080224,-0.147087927891135,-0.147088793967773
2023-01-19 18:00:00,2150.75,-27.2367724001866,-0.150192446984632,-0.150193313328491
2023-01-19 19:00:00,2150.79166666667,-27.4672560768224,-0.186830312808776,-0.186831179420253
2023-01-19 20:00:00,2150.83333333333,-27.6663673445269,-0.218471000639311,-0.218471867518802
2023-01-19 21:00:00,2150.875,-28.292992570632,-0.318215436757958,-0.318216303905861
2023-01-19 22:00:00,2150.91666666667,-28.1825629618519,-0.300546980218798,-0.30054784763551
2023-01-19 23:30:00,2150.97916666667,-28.2623252267658,-0.313138634525422,-0.313139502346091
2023-01-20 00:30:00,2151.02083333333,-27.6328454478585,-0.212786288257039,-0.212787156347507
2023-01-20 01:30:00,2151.0625,-26.9725929197026,-0.10753229042761,-0.107533158788277
2023-01-20 02:30:00,2151.10416666667,-24.9169721301115,0.220004399172318,0.220003530541059
2023-01-20 03:30:00,2151.14583333333,-24.5410204215213,0.279968134394803,0.279967265492553
2023-01-20 07:00:00,2151.29166666667,-25.0725595990826,0.19555012385019,0.195549253996356
2023-01-20 07:30:00,2151.3125,-25.0736627916279,0.195410566364604,0.195409696374433
2023-01-20 08:00:00,2151.33333333333,-25.1939357669725,0.176287059906393,0.176286189779786
2023-01-20 08:30:00,2151.35416666667,-25.3453534648837,0.152202059469805,0.152201189206663
2023-01-20 09:00:00,2151.375,-25.2336513605505,0.170032114137659,0.170031243737883
2023-01-20 09:30:00,2151.39583333333,-25.1276256148837,0.186957803387235,0.186956932850727
2023-01-20 10:00:00,2151.41666666667,-25.5692110504587,0.116648522704414,0.116647652031074
2023-01-20 10:30:00,2151.4375,-25.9229860372093,0.0603273918342787,0.0603265210240095
2023-01-20 11:00:00,2151.45833333333,-25.4428165155963,0.136854099653459,0.136853228706161
2023-01-20 11:30:00,2151.47916666667,-25.7531047104651,0.0874602109217489,0.0874593398373225
2023-01-20 12:00:00,2151.5,-26.1352568834862,0.0266182216664318,0.0266173504447779
2023-01-20 12:30:00,2151.52083333333,-25.9508604874419,0.0560277068722502,0.0560268355132715
2023-01-20 13:00:00,2151.54166666667,-26.0739266082569,0.0364580759678483,0.0364572044714445
2023-01-20 13:30:00,2151.5625,-25.7217308348028,0.0925978869859878,0.0925970153520603
2023-01-20 14:00:00,2151.58333333333,-26.1241101073395,0.02853323648221,0.0285323647106606
2023-01-20 14:30:00,2151.60416666667,-25.7703720718605,0.0849184960046556,0.0849176240953854
2023-01-20 15:00:00,2151.625,-25.4403668889908,0.137522977670806,0.137522105623715
2023-01-20 15:30:00,2151.64583333333,-25.1710974617169,0.180452092587774,0.180451220402766
2023-01-20 16:00:00,2151.66666666667,-25.9413669788991,0.0577817933009301,0.0577809209779035
2023-01-20 16:30:00,2151.6875,-25.7940649607889,0.0812811778050363,0.081280305343894
2023-01-20 17:00:00,2151.70833333333,-26.1706697366972,0.0213217181383619,0.021320845539005
2023-01-20 17:30:00,2151.72916666667,-26.3292180993039,-0.00390131656131165,-0.00390218929898256
2023-01-20 18:00:00,2151.75,-26.4553578376147,-0.0239617517531332,-0.0239626246292167
2023-01-20 18:30:00,2151.77083333333,-26.4293595948956,-0.0197866153536225,-0.019787488368216
2023-01-20 19:00:00,2151.79166666667,-27.0411468073394,-0.117211275241593,-0.117212148394797
2023-01-20 19:30:00,2151.8125,-27.0654385322506,-0.121047601649124,-0.121048474941036
2023-01-20 20:00:00,2151.83333333333,-27.2047706577982,-0.143210063606593,-0.143210937037311
2023-01-20 20:30:00,2151.85416666667,-27.5873967684455,-0.204129548774847,-0.204130422344471
2023-01-20 21:00:00,2151.875,-26.8594495605505,-0.0881340281977453,-0.088134901906374
2023-01-20 21:30:00,2151.89583333333,-27.1161162846512,-0.128988328136796,-0.128989201984527
2023-01-20 22:30:00,2151.9375,-27.669194620354,-0.217028669608928,-0.217029543735161
2023-01-20 23:00:00,2151.95833333333,-27.5511953237647,-0.19819875733238,-0.198199631598011
2023-01-20 23:30:00,2151.97916666667,-28.0391139824561,-0.275892125877247,-0.275893000282375
2023-01-21,2152,-27.9475714612637,-0.26127703192948,-0.261277906474204
2023-01-21 00:30:00,2152.02083333333,-28.0599298114035,-0.279143610052082,-0.279144484736499
2023-01-21 01:00:00,2152.04166666667,-27.9822658905882,-0.26673962218048,-0.26674049700469
2023-01-21 01:30:00,2152.0625,-28.7250964991228,-0.385041116735118,-0.38504199169922
2023-01-21 02:00:00,2152.08333333333,-28.6229553564706,-0.3687381250679,-0.368739000171991
2023-01-21 02:30:00,2152.10416666667,-28.0535702605263,-0.278002955316455,-0.278003830560634
2023-01-21 03:00:00,2152.125,-28.6154941621176,-0.367486234897313,-0.367487110281679
2023-01-21 03:30:00,2152.14583333333,-28.2448334807018,-0.308408241550329,-0.30840911707498
2023-01-21 04:00:00,2152.16666666667,-28.5303505790588,-0.353859955019494,-0.353860830684529
2023-01-21 04:30:00,2152.1875,-28.0079560710526,-0.270610889841091,-0.270611765646607
2023-01-21 05:00:00,2152.20833333333,-28.4834647476526,-0.346328632678007,-0.346329508624103
2023-01-21 08:30:00,2152.35416666667,-28.3094013411371,-0.318385596539219,-0.318386473472132
2023-01-21 09:00:00,2152.375,-27.949078880083,-0.260955782744259,-0.260956659818539
2023-01-21 09:30:00,2152.39583333333,-28.2944660068027,-0.31594612821944,-0.315947005435185
2023-01-21 10:00:00,2152.41666666667,-27.9623632861225,-0.263011974494108,-0.263012851851417
2023-01-21 10:30:00,2152.4375,-28.0529625802721,-0.277414671435943,-0.277415548934914
2023-01-21 11:00:00,2152.45833333333,-28.1180407310204,-0.287751949636767,-0.287752827277497
2023-01-21 11:30:00,2152.47916666667,-27.9489251812925,-0.260782121638374,-0.260782999420962
2023-01-21 12:00:00,2152.5,-28.5489060885714,-0.356330026495098,-0.356330904419643
2023-01-21 12:30:00,2152.52083333333,-27.7840680755102,-0.234461419677176,-0.234462297743775
2023-01-21 13:00:00,2152.54166666667,-28.15790618,-0.293984849752764,-0.293985727961516
2023-01-21 13:30:00,2152.5625,-28.2273571163265,-0.305019304080559,-0.305020182431562
2023-01-21 14:00:00,2152.58333333333,-28.2594448946939,-0.310101898308461,-0.310102776801813
2023-01-21 14:30:00,2152.60416666667,-28.5958605146259,-0.363664252840899,-0.363665131476699
2023-01-21 15:00:00,2152.625,-28.7566570436735,-0.389250478366479,-0.389251357144824
2023-01-21 15:30:00,2152.64583333333,-28.3968605823129,-0.331905986172152,-0.33190686509314
2023-01-21 16:00:00,2152.66666666667,-28.4877561158537,-0.3463571685136,-0.346358047577329
2023-01-21 16:30:00,2152.6875,-28.1699864387755,-0.295707808447863,-0.295708687654432
2023-01-21 17:00:00,2152.70833333333,-28.4034471361789,-0.332869958638297,-0.332870837987804
2023-01-21 17:30:00,2152.72916666667,-28.5038600580205,-0.348837620793027,-0.34883850028557
2023-01-21 18:00:00,2152.75,-28.8390447093496,-0.402204704918373,-0.402205584554048
2023-01-21 18:30:00,2152.77083333333,-28.206605387415,-0.301428716322901,-0.301429596101808
2023-01-21 19:00:00,2152.79166666667,-28.6157561191057,-0.366578885302663,-0.366579765224901
2023-01-21 19:30:00,2152.8125,-27.9939183265306,-0.267491963313041,-0.267492843378706
2023-01-21 20:00:00,2152.83333333333,-28.4472519939024,-0.339680740930494,-0.339681621139685
2023-01-21 20:30:00,2152.85416666667,-27.824772070068,-0.240491762389493,-0.240492642742307
2023-01-21 21:00:00,2152.875,-27.8828495788618,-0.249716186914724,-0.24971706741126
2023-01-21 22:00:00,2152.91666666667,-28.1916038769481,-0.298846592137984,-0.298847472922257
2023-01-21 22:30:00,2152.9375,-28.0536026100437,-0.2768358807367,-0.276836761664988
2023-01-21 23:00:00,2152.95833333333,-28.4160000517799,-0.334539158940717,-0.334540040013118
2023-01-21 23:30:00,2152.97916666667,-28.2113376903509,-0.30190952300383,-0.301910404220442
2023-01-22,2153,-28.7476655840909,-0.387320281970779,-0.3873211633317
2023-01-22 00:30:00,2153.02083333333,-28.6231702864629,-0.367461552058501,-0.367462433563828
2023-01-22 01:00:00,2153.04166666667,-28.2953656951456,-0.315215624115666,-0.315216505765498
2023-01-22 01:30:00,2153.0625,-28.0795589995633,-0.280811158743359,-0.280812040537794
2023-01-22 02:00:00,2153.08333333333,-28.7582071122977,-0.388894101272544,-0.388894983211678
2023-01-22 02:30:00,2153.10416666667,-28.5420347956522,-0.354431627703411,-0.354432509787343
2023-01-22 03:00:00,2153.125,-28.762543676699,-0.389532898739353,-0.38953378096818
2023-01-22 03:30:00,2153.14583333333,-28.4352261504348,-0.33736514936542,-0.337366031739241
2023-01-22 04:00:00,2153.16666666667,-28.3702912019417,-0.326995249893803,-0.326996132412715
2023-01-22 04:30:00,2153.1875,-28.3210173882609,-0.319120298154293,-0.319121180818394
2023-01-22 05:00:00,2153.20833333333,-28.3429482281553,-0.322588416381178,-0.322589299190565
2023-01-22 05:30:00,2153.22916666667,-27.9977651843478,-0.267575148361657,-0.267576031316429
2023-01-22 06:00:00,2153.25,-28.7747961919094,-0.391331498447863,-0.391332381548116
2023-01-22 06:30:00,2153.27083333333,-28.7278552666667,-0.383828648595762,-0.383829531841594
2023-01-22 10:00:00,2153.41666666667,-28.7823326264113,-0.392334340568263,-0.392335224835885
2023-01-22 10:30:00,2153.4375,-28.6654500425,-0.373690676846902,-0.373691561260884
2023-01-22 11:00:00,2153.45833333333,-29.2019939841365,-0.45913844339827,-0.45913932795871
2023-01-22 11:30:00,2153.47916666667,-29.55459995,-0.515284876774073,-0.515285761481068
2023-01-22 12:00:00,2153.5,-29.2548096276553,-0.467504233040388,-0.467505117894035
2023-01-22 12:30:00,2153.52083333333,-28.9106249325,-0.412651651808751,-0.412652536809148
2023-01-22 13:00:00,2153.54166666667,-28.7462785513026,-0.386447560323854,-0.386448445471099
2023-01-22 13:30:00,2153.5625,-28.8354748675,-0.400633119540287,-0.400634004834478
2023-01-22 14:00:00,2153.58333333333,-28.7195522401606,-0.382143202295401,-0.382144087736633
2023-01-22 14:30:00,2153.60416666667,-28.858299915,-0.40422256400573,-0.404223449594102
2023-01-22 15:00:00,2153.625,-28.2924007607214,-0.314051300118859,-0.314052185854468
2023-01-22 15:30:00,2153.64583333333,-28.6320250025,-0.368130678155606,-0.36813156403855
2023-01-22 16:00:00,2153.66666666667,-28.5008815391566,-0.347216542186519,-0.347217428216894
2023-01-22 16:30:00,2153.6875,-28.4759024243902,-0.34321458065153,-0.343215466829435
2023-01-22 17:00:00,2153.70833333333,-27.6183131210101,-0.206577338919248,-0.206578225244778
2023-01-22 17:30:00,2153.72916666667,-27.8830731585366,-0.248731267083277,-0.248732153556532
2023-01-22 18:00:00,2153.75,-27.1577354436874,-0.133162033605969,-0.133162920227044
2023-01-22 18:30:00,2153.77083333333,-27.4909754487805,-0.186225105239141,-0.186225992008135
2023-01-22 19:00:00,2153.79166666667,-26.8486893659319,-0.0838862917941254,-0.0838871787111353
2023-01-22 19:30:00,2153.8125,-26.9229267926829,-0.0956903033215564,-0.0956911903866793
2023-01-22 20:00:00,2153.83333333333,-26.8393707168337,-0.0823578149831383,-0.0823587021964707
2023-01-22 20:30:00,2153.85416666667,-26.9013414097561,-0.0922079627676045,-0.0922088501292444
2023-01-22 22:30:00,2153.9375,-27.0972304827138,-0.123327099221406,-0.123327987177247
2023-01-22 23:30:00,2153.97916666667,-26.7087254092764,-0.0613956042119059,-0.0613964924654299
2023-01-23 00:30:00,2154.02083333333,-26.4075375832707,-0.013374280642714,-0.0133751691943094
2023-01-23 01:30:00,2154.0625,-26.6766802821561,-0.0562074888018075,-0.056208377651863
2023-01-23 02:30:00,2154.10416666667,-25.6367858798883,0.109489377137657,0.109488487988754
2023-01-23 03:30:00,2154.14583333333,-25.6687951540037,0.104430749843574,0.104429860395435
2023-01-23 04:30:00,2154.1875,-25.966669160223,0.057019209124239,0.0570183193764761
2023-01-23 05:30:00,2154.22916666667,-25.7754073703704,0.087526878630211,0.0875259885824367
2023-01-23 06:30:00,2154.27083333333,-26.1497471752788,0.0279333382532287,0.0279324479050557
2023-01-23 07:30:00,2154.3125,-26.1855425811111,0.0222696909053764,0.0222688002564171
2023-01-23 11:30:00,2154.47916666667,-27.6164879430427,-0.205531299406077,-0.205532191262054
2023-01-23 12:30:00,2154.52083333333,-27.283482412987,-0.152447052767604,-0.152447944926302
2023-01-23 13:30:00,2154.5625,-27.6033914445269,-0.203373034158827,-0.203373926620634
2023-01-23 14:30:00,2154.60416666667,-26.6016319434944,-0.0437567456357517,-0.0437576384010532
2023-01-23 15:30:00,2154.64583333333,-26.8372602230483,-0.0812576866357821,-0.0812585797049643
2023-01-23 16:30:00,2154.6875,-26.6838103933086,-0.0567786786263433,-0.056779571999793
2023-01-23 17:30:00,2154.72916666667,-27.3632151957328,-0.164974480547389,-0.164975374225492
2023-01-23 18:30:00,2154.77083333333,-27.8774211222634,-0.246854455361412,-0.246855349344554
2023-01-23 19:30:00,2154.8125,-27.763228632342,-0.228630585266484,-0.228631479555051
2023-01-23 20:30:00,2154.85416666667,-28.7692875272727,-0.388864033233885,-0.388864927828263
2023-01-23 21:30:00,2154.89583333333,-28.6245772964618,-0.365779609043489,-0.365780503944063
2023-01-23 22:30:00,2154.9375,-29.2947895402235,-0.472513389349131,-0.472514284556286
2023-01-23 23:30:00,2154.97916666667,-29.4674007174397,-0.499979436121386,-0.499980331635508
2023-01-24 00:30:00,2155.02083333333,-29.8313079402597,-0.557919551635901,-0.557920447457375
2023-01-24 01:30:00,2155.0625,-30.2108175243948,-0.618345606448282,-0.618346502577493
2023-01-24 02:30:00,2155.10416666667,-29.939148155,-0.575038860629021,-0.575039757066353
2023-01-24 03:30:00,2155.14583333333,-30.1717161102041,-0.612057952973905,-0.612058849719744
2023-01-24 04:30:00,2155.1875,-29.5038222394444,-0.505633304997944,-0.505634202052674
2023-01-24 05:30:00,2155.22916666667,-30.1479666666667,-0.608217767540211,-0.608218664904216
2023-01-24 06:30:00,2155.27083333333,-29.7467940996289,-0.54428295796591,-0.544283855639575
2023-01-24 07:30:00,2155.3125,-29.8753079764378,-0.564728049496498,-0.564728947480206
2023-01-24 08:30:00,2155.35416666667,-29.7882062819703,-0.550825898534854,-0.55082679682899
2023-01-24 09:30:00,2155.39583333333,-29.4871117407197,-0.502835006266116,-0.502835904871062
2023-01-24 13:00:00,2155.54166666667,-28.978437825974,-0.42171449779482,-0.421715397490626
2023-01-24 14:00:00,2155.58333333333,-28.1926122628942,-0.29650773200056,-0.296508632008902
2023-01-24 15:00:00,2155.625,-27.4036474682746,-0.170801356557248,-0.17080225687851
2023-01-24 16:00:00,2155.66666666667,-26.7741966508349,-0.0705061438600785,-0.0705070444946431
2023-01-24 17:00:00,2155.70833333333,-26.5457217102041,-0.0340871470835138,-0.0340880480317634
2023-01-24 18:00:00,2155.75,-26.4950520481413,-0.0259931304589951,-0.0259940317213125
2023-01-24 19:00:00,2155.79166666667,-25.7922137299256,0.0859913469126643,0.0859904453358969
2023-01-24 20:00:00,2155.83333333333,-26.0721280556586,0.0414221535792155,0.0414212516876161
2023-01-24 21:00:00,2155.875,-26.1857518746296,0.0233426845582968,0.023341782351483
2023-01-24 22:00:00,2155.91666666667,-26.5450814755556,-0.0338783633710352,-0.0338792658934453
2023-01-24 23:00:00,2155.95833333333,-26.7662114951763,-0.0690845915083854,-0.0690854943467732
2023-01-25,2156,-26.7870778024074,-0.0723891394304532,-0.072390042585201
2023-01-25 01:00:00,2156.04166666667,-26.7235333414815,-0.0622474639534137,-0.0622483674249025
2023-01-25 02:00:00,2156.08333333333,-26.7842073968519,-0.0718943591894706,-0.0718952629780818
2023-01-25 03:00:00,2156.125,-27.5590499633333,-0.195309280907621,-0.195310185013736
2023-01-25 04:00:00,2156.16666666667,-27.294755547963,-0.153189411154492,-0.153190315578491
2023-01-25 05:00:00,2156.20833333333,-28.1810981764815,-0.294367317079012,-0.294368221821277
2023-01-25 06:00:00,2156.25,-28.0006315098148,-0.265602212261031,-0.265603117321943
2023-01-25 07:00:00,2156.29166666667,-27.8724814757407,-0.245171656745237,-0.245172562125175
2023-01-25 08:00:00,2156.33333333333,-27.6318256165121,-0.206819315236647,-0.206820220935992
2023-01-25 09:00:00,2156.375,-28.3495666944444,-0.321140763060432,-0.321141669079565
2023-01-25 10:00:00,2156.41666666667,-28.8357198660482,-0.398570564278727,-0.398571470618028
2023-01-25 11:00:00,2156.45833333333,-29.7589369736641,-0.545625435210782,-0.545626341870629
2023-01-25 14:30:00,2156.60416666667,-28.6659944007421,-0.371472663189608,-0.371473570974361
2023-01-25 15:30:00,2156.64583333333,-27.6387118286245,-0.207813667067056,-0.207814575174065
2023-01-25 16:30:00,2156.6875,-27.8221373500928,-0.237021807852646,-0.23702271628229
2023-01-25 17:30:00,2156.72916666667,-27.6150778875696,-0.204025884062019,-0.204026792814676
2023-01-25 18:30:00,2156.77083333333,-26.8635955397032,-0.0843034780096734,-0.0843043870857221
2023-01-25 19:30:00,2156.8125,-27.1883543512059,-0.136027530170238,-0.136028439570058
2023-01-25 20:30:00,2156.85416666667,-27.0933135393321,-0.120877674768456,-0.120878584492424
2023-01-25 21:30:00,2156.89583333333,-26.7885333772222,-0.0723166634322632,-0.0723175734807587
2023-01-25 22:30:00,2156.9375,-27.3716463105556,-0.165198129144809,-0.16519903951821
2023-01-25 23:30:00,2156.97916666667,-27.188730970872,-0.136051216002346,-0.13605212670103
2023-01-26 00:30:00,2157.02083333333,-27.0835992983302,-0.119295769074855,-0.1192966800992
2023-01-26 01:30:00,2157.0625,-26.4762040671614,-0.0225298507925288,-0.0225307621429128
2023-01-26 02:30:00,2157.10416666667,-25.0440649363636,0.205617887610862,0.205616975934062
2023-01-26 03:30:00,2157.14583333333,-24.197364792963,0.340504304494443,0.34050339249085
2023-01-26 04:30:00,2157.1875,-23.5011370409259,0.451419889435543,0.451418977104779
2023-01-26 05:30:00,2157.22916666667,-22.3382184985185,0.636679178313677,0.636678265655365
2023-01-26 06:30:00,2157.27083333333,-22.2947648392593,0.643606438848156,0.64360552586192
2023-01-26 07:30:00,2157.3125,-22.4291500153704,0.622203373344963,0.622202460030426
2023-01-26 08:30:00,2157.35416666667,-22.4253259211111,0.622816670898101,0.622815757254886
2023-01-26 09:30:00,2157.39583333333,-22.0775259033333,0.678225106395333,0.678224192423065
2023-01-26 10:30:00,2157.4375,-21.75879632,0.72900212842777,0.729001214126072
2023-01-26 11:30:00,2157.47916666667,-22.6022814611111,0.594637041837954,0.59463612720645
2023-01-26 12:30:00,2157.52083333333,-21.7905236463138,0.723952868494617,0.723951953532931
2023-01-26 16:00:00,2157.66666666667,-21.8869517667904,0.708595872482539,0.70859495636226
2023-01-26 17:00:00,2157.70833333333,-22.370241180705,0.631607623947912,0.631606707495763
2023-01-26 18:00:00,2157.75,-23.1436215237477,0.508407210610646,0.508406293826252
2023-01-26 19:00:00,2157.79166666667,-24.1625287727273,0.34609371321129,0.346092796094275
2023-01-26 20:00:00,2157.83333333333,-24.0472522801484,0.364456023854492,0.364455106404482
2023-01-26 21:00:00,2157.875,-24.5001839951673,0.292301888490102,0.292300970706723
2023-01-26 22:00:00,2157.91666666667,-24.6676011072356,0.265629960920219,0.265629042803098
2023-01-26 23:00:00,2157.95833333333,-23.8408666446296,0.397326617142286,0.397325698691047
2023-01-27,2158,-24.686059265,0.262683621781344,0.262682702995614
2023-01-27 01:00:00,2158.04166666667,-25.5592573948148,0.123578856269263,0.123577937148668
2023-01-27 02:00:00,2158.08333333333,-24.8577852059259,0.235319725323781,0.235318805867948
2023-01-27 03:00:00,2158.125,-25.4012277992593,0.14874430745932,0.148743387667875
2023-01-27 04:00:00,2158.16666666667,-26.0315796351852,0.0483237126662797,0.0483227925388505
2023-01-27 05:00:00,2158.20833333333,-26.2445499892593,0.0143918137236049,0.0143908932598179
2023-01-27 06:00:00,2158.25,-26.3532221701852,-0.00292578417551648,-0.00292670497603387
2023-01-27 07:00:00,2158.29166666667,-27.1386925618519,-0.128058293162588,-0.128059214300209
2023-01-27 08:00:00,2158.33333333333,-25.6400629475926,0.110667488575036,0.11066656709994
2023-01-27 09:00:00,2158.375,-25.2401184790741,0.174371469000537,0.174370547187593
2023-01-27 10:00:00,2158.41666666667,-27.27133888,-0.149211324074644,-0.149212246225808
2023-01-27 11:00:00,2158.45833333333,-28.632040809833,-0.365980517997784,-0.365981440487539
2023-01-27 12:00:00,2158.5,-28.0805361994434,-0.278134316026645,-0.278135238855364
2023-01-27 13:00:00,2158.54166666667,-28.5323240777778,-0.350113796919338,-0.350114720087392
2023-01-27 14:00:00,2158.58333333333,-29.6339073593573,-0.525606622340915,-0.525607545848676
2023-01-27 18:30:00,2158.77083333333,-30.0328475912639,-0.589208129251955,-0.589209054292985
2023-01-27 20:00:00,2158.83333333333,-27.4927891748134,-0.184593815184001,-0.184594740737789
2023-01-27 21:00:00,2158.875,-27.5900261076493,-0.200096856459006,-0.200097782355095
2023-01-27 22:00:00,2158.91666666667,-26.5427108281716,-0.0332723847944583,-0.033273311033218
2023-01-27 23:00:00,2158.95833333333,-26.6327648968284,-0.0476321354519834,-0.0476330620337839
2023-01-28,2159,-25.8928899289179,0.0702159301142519,0.0702150031890413
2023-01-28 01:00:00,2159.04166666667,-26.8564403287313,-0.0832933550581016,-0.0832942823270919
2023-01-28 02:00:00,2159.08333333333,-27.0346560530841,-0.111698737583514,-0.111699665196653
2023-01-28 03:00:00,2159.125,-26.5505559462687,-0.0345972072606058,-0.0345981352182627
2023-01-28 04:00:00,2159.16666666667,-26.700742554291,-0.0585384762280599,-0.0585394045306035
2023-01-28 05:00:00,2159.20833333333,-27.1264981679104,-0.126378557051335,-0.126379485699134
2023-01-28 06:00:00,2159.25,-27.199630595709,-0.138045984715029,-0.138046913708452
2023-01-28 07:00:00,2159.29166666667,-27.921519591215,-0.253061269545563,-0.253062198884977
2023-01-28 08:00:00,2159.33333333333,-28.9276953013084,-0.413364103477126,-0.413365033162901
2023-01-28 09:00:00,2159.375,-29.0351836028761,-0.430505863320554,-0.430506793353057
2023-01-28 10:00:00,2159.41666666667,-29.5403663373832,-0.511001102822008,-0.511002033201607
2023-01-28 11:00:00,2159.45833333333,-28.3642910675373,-0.323671213065947,-0.323672143793009
2023-01-28 12:00:00,2159.5,-27.6705140457786,-0.213172251159887,-0.21317318223478
2023-01-28 14:00:00,2159.58333333333,-25.777714566791,0.088310214798581,0.0883092830269261
2023-01-28 15:00:00,2159.625,-26.2994365652985,0.00517789740847718,0.00517696528789091
2023-01-28 19:00:00,2159.79166666667,-27.0978085228625,-0.122094568944467,-0.122095502464443
2023-01-28 20:30:00,2159.85416666667,-25.228220812987,0.175695925350111,0.175694991303854
2023-01-28 21:30:00,2159.89583333333,-25.7646771749536,0.0902133440420712,0.0902124096445035
2023-01-28 22:30:00,2159.9375,-24.868703158256,0.232917473535029,0.232916538785786
2023-01-28 23:30:00,2159.97916666667,-24.8293098150278,0.239167217481556,0.239166282380271
2023-01-29 00:30:00,2160.02083333333,-25.46035996,0.138614362524072,0.138613427070381
2023-01-29 01:30:00,2160.0625,-25.2949869983271,0.164931805475761,0.164930869669299
2023-01-29 02:30:00,2160.10416666667,-25.7102983095685,0.0987453566885713,0.0987444205289736
2023-01-29 03:30:00,2160.14583333333,-25.0887662109462,0.197728331948089,0.197727395434991
2023-01-29 04:30:00,2160.1875,-25.1402752692884,0.189494897868148,0.189493961001187
2023-01-29 05:30:00,2160.22916666667,-25.6759775423221,0.104128666620258,0.104127729399068
2023-01-29 06:30:00,2160.27083333333,-25.7091135952652,0.0988211213302367,0.0988201837544552
2023-01-29 07:30:00,2160.3125,-25.6334400393258,0.110846552464151,0.110845614533414
2023-01-29 08:30:00,2160.35416666667,-25.2926367402622,0.165106869130079,0.165105930844024
2023-01-29 09:30:00,2160.39583333333,-25.9345516103189,0.0628190071953321,0.0628180685535946
2023-01-29 10:30:00,2160.4375,-26.1312774205589,0.0314496086452019,0.0314486696474197
2023-01-29 11:30:00,2160.47916666667,-26.1095959377778,0.0348721759839208,0.034871236629731
2023-01-29 12:30:00,2160.52083333333,-25.7204033542214,0.0968390523542009,0.0968381126432405
2023-01-29 13:30:00,2160.5625,-25.4452284784644,0.140642354459967,0.140641414391875
2023-01-29 14:30:00,2160.60416666667,-24.6586217123596,0.265916650256583,0.265915709830995
2023-01-29 15:30:00,2160.64583333333,-23.5943951724719,0.435415502507022,0.435414561723577
2023-01-29 16:30:00,2160.6875,-22.9864784037523,0.53222341024252,0.532222469100857
2023-01-29 20:00:00,2160.83333333333,-21.6104687953125,0.751301170538715,0.75130022814044
2023-01-29 20:30:00,2160.85416666667,-21.5159431656842,0.766341334259986,0.766340391681834
2023-01-29 21:00:00,2160.875,-20.9094688,0.862935179531181,0.862934236773063
2023-01-29 21:30:00,2160.89583333333,-21.5546252522105,0.760143223134629,0.760142280196453
2023-01-29 22:00:00,2160.91666666667,-21.13024995625,0.827728320578228,0.827727377459903
2023-01-29 22:30:00,2160.9375,-21.0581814350211,0.839190579102633,0.839189635804072
2023-01-29 23:00:00,2160.95833333333,-21.0133282296875,0.846317300417167,0.846316356938278
2023-01-29 23:30:00,2160.97916666667,-21.3812401676471,0.787690121501053,0.787689177841745
2023-01-30,2161,-21.0447812390625,0.841269607042904,0.841268663203089
2023-01-30 00:30:00,2161.02083333333,-21.375200449789,0.788614810500955,0.788613866480542
2023-01-30 01:00:00,2161.04166666667,-21.380749978125,0.787711868589865,0.787710924388765
2023-01-30 01:30:00,2161.0625,-21.7152168126316,0.734412046830057,0.734411102448179
2023-01-30 02:00:00,2161.08333333333,-21.0731874421875,0.836668650410139,0.836667705847392
2023-01-30 02:30:00,2161.10416666667,-22.310491585084,0.639545964397711,0.639545019654007
2023-01-30 03:00:00,2161.125,-21.1785312890625,0.819848678690398,0.819847733765646
2023-01-30 03:30:00,2161.14583333333,-22.1752989661053,0.661043387741196,0.661042442635306
2023-01-30 04:00:00,2161.16666666667,-21.4927656046875,0.769751834352884,0.769750889065767
2023-01-30 04:30:00,2161.1875,-21.9520021260504,0.696575404802264,0.69657445933383
2023-01-30 05:00:00,2161.20833333333,-21.8834687765625,0.707472974919002,0.707472029269161
2023-01-30 05:30:00,2161.22916666667,-22.5478042581053,0.601623898627991,0.601622952796654
2023-01-30 06:00:00,2161.25,-22.2767499046875,0.644782973582373,0.64478202756945
2023-01-30 06:30:00,2161.27083333333,-22.990056722479,0.531132492624172,0.531131546429572
2023-01-30 07:00:00,2161.29166666667,-22.57710939375,0.596894984141993,0.596894037765628
2023-01-30 07:30:00,2161.3125,-22.964102937605,0.53522620511245,0.53522525855423
2023-01-30 08:00:00,2161.33333333333,-22.3300467390625,0.636211261807001,0.636210315066835
2023-01-30 08:30:00,2161.35416666667,-23.155869444,0.504636448037863,0.504635501115662
2023-01-30 09:00:00,2161.375,-22.1195156296875,0.66970756663025,0.669706619525925
2023-01-30 09:30:00,2161.39583333333,-22.7392531322785,0.570962037090097,0.570961089803558
2023-01-30 10:00:00,2161.41666666667,-22.4020624484375,0.624655733597301,0.624654786128459
2023-01-30 10:30:00,2161.4375,-22.7603844827731,0.56755363919582,0.567552691544585
2023-01-30 11:00:00,2161.45833333333,-22.4249532453125,0.62096681887759,0.620965871043873
2023-01-30 11:30:00,2161.47916666667,-23.4029978718487,0.465142236922876,0.465141288906588
2023-01-30 12:00:00,2161.5,-22.843078078125,0.554316368290819,0.554315420091869
2023-01-30 12:30:00,2161.52083333333,-23.5936814080169,0.434723111680565,0.434722163298865
2023-01-30 13:00:00,2161.54166666667,-23.5687187625,0.438677951314397,0.438677002749856
2023-01-30 13:30:00,2161.5625,-23.4202969801282,0.462299801809902,0.462298853062433
2023-01-30 14:00:00,2161.58333333333,-23.9204219546875,0.38260757260486,0.382606623674371
2023-01-30 14:30:00,2161.60416666667,-23.8186744111345,0.398793947781489,0.398792998667892
2023-01-30 15:00:00,2161.625,-24.4731093640625,0.294519793035096,0.294518843738303
2023-01-30 15:30:00,2161.64583333333,-24.4731894968421,0.294484710894902,0.294483761414822
2023-01-30 16:00:00,2161.66666666667,-24.628249940625,0.269761036610458,0.269760086947002
2023-01-30 16:30:00,2161.6875,-24.5423966267932,0.283414978226265,0.283414028379344
2023-01-30 17:00:00,2161.70833333333,-24.634015675,0.268797327900571,0.268796377870097
2023-01-30 17:30:00,2161.72916666667,-24.1542332680672,0.345204219867207,0.34520326965309
2023-01-30 18:00:00,2161.75,-24.0454754786885,0.36250650727973,0.36250555688188
2023-01-30 18:30:00,2161.77083333333,-24.2544661893246,0.329191113736852,0.329190163155181
2023-01-30 21:30:00,2161.89583333333,-22.7820656328185,0.563604956245619,0.56360400455915
2023-01-30 22:00:00,2161.91666666667,-22.9126953265233,0.542771703928704,0.542770752057791
2023-01-30 22:30:00,2161.9375,-22.8334826081081,0.555366380006449,0.555365427951003
2023-01-30 23:00:00,2161.95833333333,-22.6066356942857,0.591479171104815,0.591478218864747
2023-01-30 23:30:00,2161.97916666667,-22.6791439007782,0.579904359808291,0.579903407383513
2023-01-31,2162,-23.0821690205479,0.515677850232493,0.515676897622915
2023-01-31 00:30:00,2162.02083333333,-22.1182934235521,0.669199483841852,0.669198531047386
2023-01-31 01:00:00,2162.04166666667,-22.7661071092857,0.565977745182907,0.565976792203465
2023-01-31 01:30:00,2162.0625,-21.0322278150579,0.842161282425543,0.842160329261034
2023-01-31 02:00:00,2162.08333333333,-20.8741571903571,0.867317254730058,0.867316301380395
2023-01-31 02:30:00,2162.10416666667,-20.9840347200772,0.849788776769237,0.849787823234332
2023-01-31 03:00:00,2162.125,-21.3931107339286,0.784597648691547,0.78459669497131
2023-01-31 03:30:00,2162.14583333333,-21.9589767472868,0.694429643867726,0.694428689962069
2023-01-31 04:00:00,2162.16666666667,-22.1134305683274,0.669799777502896,0.669798823411729
2023-01-31 04:30:00,2162.1875,-22.4294903301158,0.619425851517177,0.619424897240413
2023-01-31 05:00:00,2162.20833333333,-22.5491921928826,0.600331761394447,0.600330806931997
2023-01-31 05:30:00,2162.22916666667,-22.7191505872587,0.573231652104761,0.573230697456537
2023-01-31 06:00:00,2162.25,-22.9024733017794,0.544002479301366,0.544001524467279
2023-01-31 06:30:00,2162.27083333333,-23.6110695065637,0.431096746371007,0.431095791350969
2023-01-31 07:00:00,2162.29166666667,-23.2697330487544,0.48544591912884,0.485444963922763
2023-01-31 07:30:00,2162.3125,-23.7072315814672,0.41572600357701,0.415725048184804
2023-01-31 08:00:00,2162.33333333333,-23.404685715,0.463895571908296,0.463894616329873
2023-01-31 08:30:00,2162.35416666667,-23.6849922490347,0.419216218578397,0.41921526281367
2023-01-31 09:00:00,2162.375,-24.1632857364286,0.342997284350114,0.342996328398994
2023-01-31 09:30:00,2162.39583333333,-24.2969691081081,0.321674870076792,0.321673913939191
2023-01-31 10:00:00,2162.41666666667,-24.0469608238434,0.361474693048588,0.361473736724417
2023-01-31 10:30:00,2162.4375,-24.6397760969112,0.267012003311094,0.267011046800265
2023-01-31 11:00:00,2162.45833333333,-24.3037651316726,0.32051187935575,0.320510922658175
2023-01-31 11:30:00,2162.47916666667,-25.8829961420849,0.0689122222964742,0.0689112654120658
2023-01-31 12:00:00,2162.5,-25.64315303879,0.107092253759697,0.107091296688365
2023-01-31 12:30:00,2162.52083333333,-26.0075019138996,0.0490239535797412,0.0490229963213996
2023-01-31 13:00:00,2162.54166666667,-26.407903883274,-0.0147877479974141,-0.0147887054428538
2023-01-31 13:30:00,2162.5625,-26.8238565639535,-0.0810768067115144,-0.0810777643441416
2023-01-31 14:00:00,2162.58333333333,-26.5677900875445,-0.0403128511780558,-0.0403138089979572
2023-01-31 14:30:00,2162.60416666667,-28.2483668011583,-0.308057657470534,-0.308058615477798
2023-01-31 15:00:00,2162.625,-28.3028148843416,-0.316759128586607,-0.316760086781322
2023-01-31 15:30:00,2162.64583333333,-28.7803047144531,-0.39285156999831,-0.392852528380563
2023-01-31 16:00:00,2162.66666666667,-28.6418078135231,-0.370817002658959,-0.370817961228838
2023-01-31 16:30:00,2162.6875,-30.0229457577519,-0.590861469795097,-0.590862428552691
2023-01-31 17:00:00,2162.70833333333,-29.6999749664286,-0.539440315269055,-0.539441274214451
2023-01-31 17:30:00,2162.72916666667,-29.1747220158301,-0.455795585901862,-0.455796545035148
2023-01-31 18:00:00,2162.75,-28.7709964451957,-0.391510372688962,-0.391511332010226
2023-02-02 15:30:00,2164.64583333333,-29.0164248584416,-0.43369822963465,-0.433699206425791
2023-02-02 16:30:00,2164.6875,-29.3767569688312,-0.491178245075035,-0.491179222258129
2023-02-02 17:30:00,2164.72916666667,-29.6413104050186,-0.533401118355044,-0.533402095930431
2023-02-02 18:30:00,2164.77083333333,-28.773384042115,-0.395219619399843,-0.395220597367864
2023-02-02 19:30:00,2164.8125,-28.7864442180297,-0.397380374645307,-0.397381353006303
2023-02-02 20:30:00,2164.85416666667,-28.253039027881,-0.312489275527943,-0.312490254282252
2023-02-02 21:30:00,2164.89583333333,-26.9133110672222,-0.0991508517807004,-0.0991518309286628
2023-02-02 22:30:00,2164.9375,-25.3496258872222,0.149863648171237,0.149862668629283
2023-02-03 02:30:00,2165.10416666667,-25.0371507114155,0.199309812424503,0.199308831303194
2023-02-03 03:00:00,2165.125,-25.0035875028125,0.20461450891405,0.20461352759494
2023-02-03 03:30:00,2165.14583333333,-24.6187534589041,0.265876783328777,0.265875801811783
2023-02-03 04:00:00,2165.16666666667,-24.7462125421875,0.245530279334833,0.245529297619871
2023-02-03 04:30:00,2165.1875,-25.1889543474886,0.174958895267933,0.174957913354917
2023-02-03 05:00:00,2165.20833333333,-24.908303059375,0.219624430782383,0.21962344867123
2023-02-03 05:30:00,2165.22916666667,-25.1569816849315,0.179967215643735,0.17996623333436
2023-02-03 06:00:00,2165.25,-24.4905468575,0.286088110383087,0.286087127875406
2023-02-03 06:30:00,2165.27083333333,-24.4817579817352,0.287445417931187,0.287444435225116
2023-02-03 07:00:00,2165.29166666667,-24.630884428125,0.26364658468844,0.263645601783895
2023-02-03 07:30:00,2165.3125,-24.4605023214612,0.290745575153999,0.290744592050894
2023-02-03 08:00:00,2165.33333333333,-24.52118743875,0.281035274608055,0.281034291306307
2023-02-03 08:30:00,2165.35416666667,-26.3161826552511,-0.00495198120859275,-0.00495296470906659
2023-02-03 09:00:00,2165.375,-26.427034235514,-0.0226540693640345,-0.0226550530633209
2023-02-03 09:30:00,2165.39583333333,-29.1228995652968,-0.452150812196369,-0.45215179609455
2023-02-03 10:00:00,2165.41666666667,-29.1166479376947,-0.451198509841461,-0.451199493938621
2023-02-03 10:30:00,2165.4375,-31.9371552210046,-0.900551039116107,-0.900552023412331
2023-02-03 11:00:00,2165.45833333333,-32.1529407984424,-0.934969656358151,-0.934970640853523
2023-02-03 11:30:00,2165.47916666667,-34.3859405872146,-1.29073205606524,-1.29073304075984
2023-02-03 12:00:00,2165.5,-34.10989095919,-1.24680120774675,-1.24680219264067
2023-02-03 12:30:00,2165.52083333333,-35.3206759936073,-1.4397243007277,-1.43972528582102
2023-02-03 13:00:00,2165.54166666667,-35.0380530199377,-1.39474654786913,-1.39474753316193
2023-02-03 13:30:00,2165.5625,-36.4495433424658,-1.6196423707798,-1.61964335627216
2023-02-03 14:00:00,2165.58333333333,-35.9850279912773,-1.54568926629575,-1.54569025198777
2023-02-03 14:30:00,2165.60416666667,-38.6433790369863,-1.9692111275156,-1.96921211340735
2023-02-03 15:00:00,2165.625,-37.4239407,-1.77499848598972,-1.77499947208129
2023-02-03 15:30:00,2165.64583333333,-38.5032831812785,-1.94698338857839,-1.94698437486986
2023-02-03 16:00:00,2165.66666666667,-37.5178100719626,-1.79004180906492,-1.79004279555637
2023-02-03 16:30:00,2165.6875,-39.0378173584475,-2.032225164066,-2.03222615075753
2023-02-03 17:00:00,2165.70833333333,-37.2511712772586,-1.7476563916321,-1.74765737852378
2023-02-03 17:30:00,2165.72916666667,-38.6856764275362,-1.97621942924992,-1.97622041634184
2023-02-03 18:00:00,2165.75,-37.0385321954839,-1.71387363507703,-1.71387462236927
2023-02-03 18:30:00,2165.77083333333,-37.5305326616822,-1.79229523698775,-1.79229622448039
2023-02-03 19:00:00,2165.79166666667,-36.8190435068323,-1.67900019922436,-1.67900118691749
2023-02-03 19:30:00,2165.8125,-38.3011540584112,-1.91514727924988,-1.91514826714357
2023-02-03 20:00:00,2165.83333333333,-36.6315901714286,-1.64923048596284,-1.64923147405719
2023-02-03 20:30:00,2165.85416666667,-38.3801261542056,-1.92781956151445,-1.92782054980953
2023-02-03 21:00:00,2165.875,-36.2468911655279,-1.58803986431586,-1.58804085281177
2023-02-03 21:30:00,2165.89583333333,-39.8570936158878,-2.1631939724449,-2.16319496114172
2023-02-03 22:00:00,2165.91666666667,-37.7863914055901,-1.83337602543884,-1.83337701433663
2023-02-03 22:30:00,2165.9375,-39.6160379407583,-2.12488653776869,-2.12488752686756
2023-02-03 23:00:00,2165.95833333333,-38.7037391447205,-1.97960331634965,-1.97960430564967
2023-02-04,2166,-39.9623870180077,-2.18020043026529,-2.18020141996787
2023-02-04 04:00:00,2166.16666666667,-40.3126323391408,-2.23637386963469,-2.23637486095082
2023-02-04 04:30:00,2166.1875,-39.6777604140496,-2.13528623295317,-2.13528722447137
2023-02-04 05:30:00,2166.22916666667,-39.726104028,-2.14308358514398,-2.14308457706656
2023-02-04 06:30:00,2166.27083333333,-40.3809679872,-2.24750052918011,-2.2475015215074
2023-02-04 07:30:00,2166.3125,-40.4263201568,-2.25482227693897,-2.25482326967131
2023-02-04 08:30:00,2166.35416666667,-40.6289680152,-2.28720180764995,-2.28720280078766
2023-02-04 09:30:00,2166.39583333333,-40.5785361048,-2.27926601760798,-2.2792670111514
2023-02-04 10:30:00,2166.4375,-40.528392056,-2.27137655134517,-2.27137754529463
2023-02-04 11:00:00,2166.45833333333,-40.3680845886473,-2.24588889070242,-2.24588988485502
2023-02-04 11:30:00,2166.47916666667,-40.3286189452381,-2.23965153575512,-2.23965253011094
2023-02-04 12:00:00,2166.5,-40.0394299637681,-2.19363319137918,-2.19363418593831
2023-02-04 12:30:00,2166.52083333333,-39.3853888730159,-2.08949376204025,-2.08949475680276
2023-02-04 13:00:00,2166.54166666667,-40.0287748184019,-2.19203550348255,-2.19203649844853
2023-02-04 13:30:00,2166.5625,-40.1714763047619,-2.21481796956741,-2.21481896473695
2023-02-04 14:00:00,2166.58333333333,-40.0289154519324,-2.19215805792169,-2.19215905329487
2023-02-04 14:30:00,2166.60416666667,-39.028754097619,-2.03288189028559,-2.03288288586249
2023-02-04 15:00:00,2166.625,-39.9310025355932,-2.17666107878775,-2.17666207456844
2023-02-04 15:30:00,2166.64583333333,-38.8467062380952,-2.00398238805484,-2.00398338403942
2023-02-04 16:00:00,2166.66666666667,-39.9556037862319,-2.18068116094334,-2.18068215713188
2023-02-04 16:30:00,2166.6875,-38.9821983515873,-2.02566769735745,-2.02566869375004
2023-02-04 17:00:00,2166.70833333333,-39.723412986715,-2.14379455289039,-2.14379554948711
2023-02-04 17:30:00,2166.72916666667,-38.1960793468254,-1.90054016378957,-1.9005411605905
2023-02-04 18:00:00,2166.75,-39.1928937038647,-2.05938447108919,-2.05938546809441
2023-02-04 18:30:00,2166.77083333333,-37.824516645,-1.84145221233634,-1.84145320954593
2023-02-04 19:00:00,2166.79166666667,-40.0692416113527,-2.19908980485713,-2.19909080227118
2023-02-04 19:30:00,2166.8125,-39.0119681587302,-2.03071680626926,-2.03071780388786
2023-02-04 20:00:00,2166.83333333333,-40.2134154492754,-2.22215975285383,-2.22216075067705
2023-02-04 20:30:00,2166.85416666667,-38.7378096238095,-1.98714634167235,-1.98714733970026
2023-02-04 21:00:00,2166.875,-40.5953936371981,-2.2831125704218,-2.2831135686545
2023-02-04 21:30:00,2166.89583333333,-38.7099046230159,-1.98280470768953,-1.9828057061271
2023-02-04 22:00:00,2166.91666666667,-39.2556908198068,-2.06980084013415,-2.06980183877666
2023-02-04 22:30:00,2166.9375,-37.4435159293651,-1.78117220299763,-1.78117320184517
2023-02-04 23:00:00,2166.95833333333,-36.2420290623188,-1.58982672102951,-1.58982772008216
2023-02-04 23:30:00,2166.97916666667,-35.7505794103175,-1.51159079144904,-1.51159179070688
2023-02-05,2167,-34.6006527822815,-1.32845912565343,-1.32846012511655
2023-02-05 00:30:00,2167.02083333333,-33.4885953079365,-1.15136015971877,-1.15136115938725
2023-02-05 01:00:00,2167.04166666667,-33.914400423301,-1.21924391990984,-1.21924491978376
2023-02-05 01:30:00,2167.0625,-32.2288095396825,-0.950780905236084,-0.950781905315517
2023-02-05 02:00:00,2167.08333333333,-33.2505940728606,-1.11360484577775,-1.11360584606278
2023-02-05 02:30:00,2167.10416666667,-32.820666812963,-1.04517017686053,-1.04517117735125
2023-02-05 05:30:00,2167.22916666667,-28.0708979480519,-0.288849355322338,-0.288850357048852
2023-02-05 06:30:00,2167.27083333333,-25.8963636502783,0.0574476622301014,0.0574466600910024
2023-02-05 07:30:00,2167.3125,-25.7546103630798,0.0799207460378534,0.0799197434858463
2023-02-05 08:30:00,2167.35416666667,-24.378725412616,0.298991419675208,0.298990416709968
2023-02-05 09:30:00,2167.39583333333,-23.7505602857143,0.398949325090887,0.398948321712091
2023-02-05 10:30:00,2167.4375,-22.9560148227778,0.525411270991879,0.525410267199202
2023-02-05 11:30:00,2167.47916666667,-22.325862932963,0.6256847373307,0.62568373312382
2023-02-05 12:30:00,2167.52083333333,-21.9799685516667,0.680675313598889,0.680674308977481
2023-02-05 13:30:00,2167.5625,-21.0333000381481,0.831369172677654,0.831368167641396
2023-02-05 14:30:00,2167.60416666667,-21.6345444646296,0.735478928540721,0.735477923089291
2023-02-05 15:30:00,2167.64583333333,-21.1950944281481,0.805371590388013,0.805370584521088
2023-02-05 16:30:00,2167.6875,-21.6453351757407,0.733535408946894,0.73353440266415
2023-02-05 17:30:00,2167.72916666667,-21.3700758985185,0.777271434366269,0.777270427667387
2023-02-05 18:30:00,2167.77083333333,-22.1751814735185,0.648904101298816,0.648903094183472
2023-02-05 19:30:00,2167.8125,-22.3075777762963,0.627699370594992,0.627698363062865
2023-02-05 20:30:00,2167.85416666667,-22.6604222124074,0.571376629346936,0.571375621397706
2023-02-05 21:30:00,2167.89583333333,-22.4031426309259,0.612246614792863,0.612245606426208
2023-02-05 22:30:00,2167.9375,-21.9577610857407,0.683080912224965,0.683079903440565
2023-02-05 23:30:00,2167.97916666667,-21.2263481603704,0.799479747729412,0.799478738526948
2023-02-06 00:30:00,2168.02083333333,-20.6083870140741,0.897805168620007,0.897804158999156
2023-02-06 01:30:00,2168.0625,-20.3937759290741,0.931876171433421,0.931875161393865
2023-02-06 02:30:00,2168.10416666667,-20.2786753157699,0.950094619980353,0.950093609521773
2023-02-06 03:30:00,2168.14583333333,-20.6917334294896,0.884176540929793,0.884175530051869
2023-02-06 07:00:00,2168.29166666667,-20.6098829098513,0.89680003430538,0.896799021957243
2023-02-06 08:00:00,2168.33333333333,-20.5612174784387,0.904432754404928,0.904431741636013
2023-02-06 09:00:00,2168.375,-20.4189796022263,0.92697116720981,0.926970154019801
2023-02-06 10:00:00,2168.41666666667,-20.8886289430427,0.852035044522199,0.852034030910778
2023-02-06 11:00:00,2168.45833333333,-20.9046716194805,0.849358323127186,0.849357309094037
2023-02-06 12:00:00,2168.5,-20.9034118729128,0.849437425647722,0.849436411192526
2023-02-06 13:00:00,2168.54166666667,-21.0337185427778,0.82855743964013,0.828556424762572
2023-02-06 14:00:00,2168.58333333333,-20.8230425642593,0.86199576888158,0.861994753581343
2023-02-06 15:00:00,2168.625,-21.0687648468519,0.822729064734153,0.822728049010922
2023-02-06 16:00:00,2168.66666666667,-21.3573004003802,0.776641711748758,0.776640695602216
2023-02-06 19:30:00,2168.8125,-23.5719684625232,0.423407836384278,0.423406818753668
2023-02-06 20:30:00,2168.85416666667,-23.9111446916512,0.369251299550278,0.36925028149494
2023-02-06 21:30:00,2168.89583333333,-24.4581224541744,0.281991366116841,0.281990347636461
2023-02-06 22:30:00,2168.9375,-24.7423766769944,0.236583016536108,0.236581997630371
2023-02-06 23:30:00,2168.97916666667,-26.0928534007421,0.0213241969192188,0.0213231775878137
2023-02-07 00:30:00,2169.02083333333,-26.7606901925788,-0.0851900573589415,-0.0851910771163304
2023-02-07 01:30:00,2169.0625,-26.7425425616667,-0.0824269664526253,-0.08242798663631
2023-02-07 02:30:00,2169.10416666667,-26.9493425505556,-0.115498655637713,-0.115499676248007
2023-02-07 03:30:00,2169.14583333333,-27.5841221805556,-0.216748270932299,-0.216749291969513
2023-02-07 04:30:00,2169.1875,-27.8770962864815,-0.263548485358446,-0.263549506822895
2023-02-07 05:30:00,2169.22916666667,-28.1844203377778,-0.312635119645488,-0.31263614153748
2023-02-07 06:30:00,2169.27083333333,-28.7119166827778,-0.396795820899599,-0.39679684321945
2023-02-07 07:30:00,2169.3125,-28.7458481762963,-0.402331751780739,-0.402332774528758
2023-02-07 08:30:00,2169.35416666667,-29.1840499901852,-0.472268696702003,-0.472269719878501
2023-02-07 09:30:00,2169.39583333333,-29.2153629801852,-0.477388424251371,-0.477389447856661
2023-02-07 10:30:00,2169.4375,-28.9388537094444,-0.433472308665111,-0.433473332699501
2023-02-07 11:30:00,2169.47916666667,-29.4907463112963,-0.521521666275309,-0.521522690739108
2023-02-07 12:30:00,2169.52083333333,-30.4717481635185,-0.677928896954594,-0.677929921848115
2023-02-07 13:30:00,2169.5625,-31.9359239218924,-0.91130653893609,-0.911307564259641
2023-02-07 14:30:00,2169.60416666667,-33.8312313223881,-1.2133642223014,-1.21336524805529
2023-02-07 15:30:00,2169.64583333333,-33.4938383390335,-1.1597516016374,-1.15975262782194
2023-02-07 16:30:00,2169.6875,-31.3559925918519,-0.819326031634434,-0.819327058249932
2023-02-07 17:30:00,2169.72916666667,-30.1650782444656,-0.629747772802949,-0.629748799849711
2023-02-07 21:00:00,2169.875,-27.2842150875831,-0.17130122148054,-0.171302250039161
2023-02-07 22:00:00,2169.91666666667,-26.4481744087199,-0.0382566720091468,-0.0382577010004176
2023-02-07 23:00:00,2169.95833333333,-26.2326234122449,-0.00405703446274253,-0.00405806388697061
2023-02-08,2170,-26.5953097024254,-0.0619714719364168,-0.0619725017939101
2023-02-08 01:00:00,2170.04166666667,-21.9881187471243,0.671818625361039,0.671817595069977
2023-02-08 02:00:00,2170.08333333333,-20.2884137282004,0.942443673370021,0.942442642645082
2023-02-08 03:00:00,2170.125,-19.9401706972171,0.997779399101652,0.99777836794253
2023-02-08 04:00:00,2170.16666666667,-19.6227722168519,1.04820110412246,1.04820007252885
2023-02-08 05:00:00,2170.20833333333,-19.3617203868519,1.08964628579046,1.08964525376206
2023-02-08 06:00:00,2170.25,-18.7781020636364,1.18247607872607,1.18247504626257
2023-02-08 07:00:00,2170.29166666667,-18.9525629759259,1.1545428461737,1.1545418132748
2023-02-08 08:00:00,2170.33333333333,-19.092051929128,1.13218021022859,1.13217917689398
2023-02-08 09:00:00,2170.375,-19.6961388868519,1.0358063187617,1.03580528499108
2023-02-08 10:00:00,2170.41666666667,-19.7621981446296,1.02514016305646,1.02513912884952
2023-02-08 11:00:00,2170.45833333333,-19.8194203896296,1.01588128855399,1.01588025391044
2023-02-08 12:00:00,2170.5,-20.2817259062963,0.942091898223239,0.94209086314277
2023-02-08 13:00:00,2170.54166666667,-20.3378296212963,0.933010284074222,0.933009248556532
2023-02-08 14:00:00,2170.58333333333,-21.0037092944444,0.826790463012205,0.826789427056987
2023-02-08 15:00:00,2170.625,-21.9437111144444,0.676902327113168,0.676901290720123
2023-02-08 16:00:00,2170.66666666667,-22.7890073955556,0.54210039035884,0.542099353527666
2023-02-08 17:00:00,2170.70833333333,-24.2454333659259,0.309944596581397,0.309943559311792
2023-02-08 18:00:00,2170.75,-26.5695037394444,-0.0604280313753995,-0.0604290690837378
2023-02-08 19:00:00,2170.79166666667,-26.9283034431298,-0.117732097874532,-0.117733136021902
2023-02-08 22:30:00,2170.9375,-25.1156938497217,0.170499718565888,0.170498678879535
2023-02-08 23:30:00,2170.97916666667,-25.2984972,0.141229924929686,0.141228884802949
2023-02-09 00:30:00,2171.02083333333,-25.6294341486085,0.0883618829854951,0.0883608424180753
2023-02-09 01:30:00,2171.0625,-25.369311709833,0.129649563670623,0.12964852266222
2023-02-09 02:30:00,2171.10416666667,-25.4450929392193,0.117427089894333,0.117426048444651
2023-02-09 03:30:00,2171.14583333333,-25.8435417831169,0.0538029745389483,0.0538019326476855
2023-02-09 04:30:00,2171.1875,-25.8623531317844,0.0506549235394868,0.0506538812063467
2023-02-09 05:30:00,2171.22916666667,-26.2656873039326,-0.0137483478754278,-0.0137493906507427
2023-02-09 06:30:00,2171.27083333333,-25.4502204296296,0.116003798607175,0.116002755389388
2023-02-09 07:30:00,2171.3125,-25.2762666524074,0.143561990597327,0.143560946936769
2023-02-09 08:30:00,2171.35416666667,-25.2047050415584,0.154808577697523,0.1548075335939
2023-02-09 09:30:00,2171.39583333333,-25.4999537357407,0.107621561541641,0.107620516994653
2023-02-09 10:30:00,2171.4375,-25.7234555624074,0.0718634131935058,0.0718623682028585
2023-02-09 11:30:00,2171.47916666667,-25.5595907240741,0.097812592017205,0.0978115465826025
2023-02-09 12:30:00,2171.52083333333,-25.3279313461967,0.134561030136715,0.134559984257862
2023-02-09 13:30:00,2171.5625,-25.4973185264815,0.107422005727269,0.107420959403868
2023-02-09 14:30:00,2171.60416666667,-25.6476067089054,0.0833250061842689,0.0833239594160278
2023-02-09 15:30:00,2171.64583333333,-26.5775278166667,-0.064968534561453,-0.0649695817748318
2023-02-09 16:30:00,2171.6875,-25.4403426016667,0.116028980107276,0.116027932448467
2023-02-09 17:30:00,2171.72916666667,-22.7122926046296,0.550451932505474,0.550450884400939
2023-02-09 18:30:00,2171.77083333333,-19.3821888753704,1.08078201586176,1.0807809673112
2023-02-09 19:30:00,2171.8125,-19.3097074085185,1.09217008614059,1.09216903714373
2023-02-09 20:30:00,2171.85416666667,-18.9228601323251,1.15363639583933,1.15363534639586
2023-02-10,2172,-18.4736070675835,1.22464353688426,1.22464248587536
2023-02-10 01:00:00,2172.04166666667,-18.6056264007435,1.20345196197451,1.20345091051769
2023-02-10 02:00:00,2172.08333333333,-18.8067773163265,1.1712472183751,1.17124616647007
2023-02-10 03:00:00,2172.125,-18.4783493979554,1.22340430334337,1.22340325098984
2023-02-10 04:00:00,2172.16666666667,-18.8552708794063,1.1631982668268,1.16319721402448
2023-02-10 05:00:00,2172.20833333333,-17.2890576343866,1.41253452286628,1.41253346961487
2023-02-10 06:00:00,2172.25,-16.0276273494297,1.61331817769075,1.61331712398997
2023-02-10 07:00:00,2172.29166666667,-15.7936864768089,1.65042157708178,1.65042052293133
2023-02-10 08:00:00,2172.33333333333,-16.0810722038889,1.60447681888619,1.60447576428578
2023-02-10 09:00:00,2172.375,-14.94349073,1.7855298964802,1.78552884142955
2023-02-10 10:00:00,2172.41666666667,-15.7687722057407,1.6538970459727,1.65389599047152
2023-02-10 11:00:00,2172.45833333333,-16.0707203625926,1.60563110968967,1.60563005373766
2023-02-10 12:00:00,2172.5,-16.9007018433333,1.47324863020184,1.47324757379872
2023-02-10 13:00:00,2172.54166666667,-17.1309037068519,1.4364110150622,1.43640995820769
2023-02-10 14:00:00,2172.58333333333,-16.5042999801852,1.53606268552299,1.53606162821679
2023-02-10 15:00:00,2172.625,-16.9126463059259,1.47084561593277,1.4708445581746
2023-02-10 16:00:00,2172.66666666667,-19.7303851733333,1.02181013564478,1.02180907743434
2023-02-10 17:00:00,2172.70833333333,-21.3065055435185,0.770564912297361,0.77056385363438
2023-02-10 18:00:00,2172.75,-22.4425814753704,0.589418625580996,0.589417566465182
2023-02-10 19:00:00,2172.79166666667,-25.6147755612245,0.083916805126822,0.0839157455578884
2023-02-10 20:00:00,2172.83333333333,-25.5612777777778,0.0922695478878423,0.0922684878655033
2023-02-10 21:00:00,2172.875,-26.2106994424861,-0.0113537363537685,-0.0113547968297997
2023-02-10 22:00:00,2172.91666666667,-26.7104412719697,-0.0911333723905543,-0.0911344333205599
2023-02-11 01:00:00,2173.04166666667,-26.3329764035503,-0.0315169037278599,-0.0315179660215029
2023-02-11 01:30:00,2173.0625,-26.7974270194595,-0.105590277050276,-0.105591339571441
2023-02-11 02:00:00,2173.08333333333,-26.4720829118343,-0.0538489005452883,-0.0538499632940451
2023-02-11 02:30:00,2173.10416666667,-26.5201378094595,-0.0615903664298327,-0.0615914294062516
2023-02-11 03:00:00,2173.125,-26.7148284349112,-0.0926911225513639,-0.0926921857555194
2023-02-11 03:30:00,2173.14583333333,-26.5225702486486,-0.0621507704439022,-0.0621518338758614
2023-02-11 04:00:00,2173.16666666667,-26.5006804331361,-0.0587503355286677,-0.0587513991885016
2023-02-11 04:30:00,2173.1875,-26.744767552973,-0.0977203304582495,-0.0977213943460306
2023-02-11 05:30:00,2173.22916666667,-26.9847971602857,-0.136131044930477,-0.136132109274363
2023-02-11 06:00:00,2173.25,-27.4954142065089,-0.217559789452057,-0.217560854024102
2023-02-11 06:30:00,2173.27083333333,-27.8802026794595,-0.278944066261399,-0.278945131061673
2023-02-11 07:00:00,2173.29166666667,-27.7425383846154,-0.257101357727441,-0.257102422756014
2023-02-11 07:30:00,2173.3125,-27.9038436495957,-0.282884827627185,-0.282885892884129
2023-02-11 08:00:00,2173.33333333333,-27.5303432378698,-0.22347348494408,-0.223474550429463
2023-02-11 08:30:00,2173.35416666667,-27.3540054356757,-0.195470400738175,-0.195471466452068
2023-02-11 09:00:00,2173.375,-28.3892602727811,-0.360475003664375,-0.360476069606852
2023-02-11 09:30:00,2173.39583333333,-28.0921293956873,-0.313229724040887,-0.313230790212014
2023-02-11 10:00:00,2173.41666666667,-29.5018283573964,-0.537883771310511,-0.537884837710359
2023-02-11 10:30:00,2173.4375,-29.0808355797844,-0.470907430110355,-0.470908496738996
2023-02-11 11:00:00,2173.45833333333,-28.9015740189349,-0.442439158312197,-0.442440225169701
2023-02-11 11:30:00,2173.47916666667,-28.8351968191375,-0.431953559714531,-0.431954626800967
2023-02-11 12:00:00,2173.5,-28.797828360355,-0.426089188095527,-0.426090255410965
2023-02-11 12:30:00,2173.52083333333,-28.8901590277628,-0.440886093756897,-0.440887161301409
2023-02-11 13:00:00,2173.54166666667,-28.9293610047337,-0.447219674847586,-0.44722074262124
2023-02-11 13:30:00,2173.5625,-29.2832560269542,-0.503684196700992,-0.503685264703859
2023-02-11 14:00:00,2173.58333333333,-29.2859467408284,-0.504201735019489,-0.504202803251638
2023-02-11 14:30:00,2173.60416666667,-29.6657843803235,-0.564799161851421,-0.564800230312922
2023-02-11 15:00:00,2173.625,-29.8855266550296,-0.599893396403102,-0.599894465094028
2023-02-11 15:30:00,2173.64583333333,-29.7954015967655,-0.585625657102972,-0.585626726023389
2023-02-11 16:00:00,2173.66666666667,-30.0517218224852,-0.626547012829448,-0.626548081979426
2023-02-11 16:30:00,2173.6875,-29.9339272250674,-0.607871723585506,-0.607872792965119
2023-02-11 17:00:00,2173.70833333333,-31.7681953822485,-0.900161539808217,-0.90016260941753
2023-02-11 17:30:00,2173.72916666667,-31.0101671819407,-0.779496807475609,-0.779497877314692
2023-02-11 18:00:00,2173.75,-31.7753988220238,-0.901488569925485,-0.90148963999441
2023-02-11 18:30:00,2173.77083333333,-31.2241617641509,-0.813766041682751,-0.813767111981588
2023-02-11 19:00:00,2173.79166666667,-30.3133094666667,-0.668756662429458,-0.668757732958274
2023-02-11 19:30:00,2173.8125,-29.8091648867568,-0.58853622685751,-0.588537297616376
2023-02-11 20:00:00,2173.83333333333,-30.1260355893491,-0.639104226117667,-0.639105297106651
2023-02-11 20:30:00,2173.85416666667,-30.1952757143243,-0.650224611013896,-0.650225682233067
2023-02-11 21:00:00,2173.875,-30.7771537715976,-0.743008698461298,-0.74300976991073
2023-02-11 21:30:00,2173.89583333333,-29.7468378843243,-0.578969252035941,-0.578970323715699
2023-02-11 22:00:00,2173.91666666667,-29.4707869710059,-0.535084868544163,-0.535085940454319
2023-02-11 22:30:00,2173.9375,-28.6686792345013,-0.407399370756029,-0.407400442896651
2023-02-11 23:00:00,2173.95833333333,-28.5499112597633,-0.388570498892566,-0.388571571263722
2023-02-11 23:30:00,2173.97916666667,-28.0410167022222,-0.307594297139927,-0.307595369741689
2023-02-12 02:30:00,2174.10416666667,-28.1380838069832,-0.323605929547436,-0.323607003534272
2023-02-12 03:00:00,2174.125,-27.9246187475138,-0.28969265241175,-0.289693726629675
2023-02-12 03:30:00,2174.14583333333,-28.6106581997175,-0.399071200229402,-0.399072274678482
2023-02-12 04:00:00,2174.16666666667,-27.5862648637838,-0.235976696035511,-0.235977770715817
2023-02-12 04:30:00,2174.1875,-28.4632265705382,-0.375769522296757,-0.375770597208358
2023-02-12 05:00:00,2174.20833333333,-27.8233026848649,-0.273921503110589,-0.273922578253552
2023-02-12 05:30:00,2174.22916666667,-28.1295734757062,-0.322803085455157,-0.322804160829551
2023-02-12 06:00:00,2174.25,-28.1427999632432,-0.325002614258016,-0.32500368986391
2023-02-12 06:30:00,2174.27083333333,-28.3587344751412,-0.359493789575117,-0.35949486541258
2023-02-12 07:00:00,2174.29166666667,-28.3059026464865,-0.351170408142466,-0.351171484211566
2023-02-12 07:30:00,2174.3125,-28.8556016774011,-0.438830736567275,-0.43883181286808
2023-02-12 08:00:00,2174.33333333333,-28.7105945875676,-0.415823996851593,-0.415825073384171
2023-02-12 08:30:00,2174.35416666667,-28.5735734556497,-0.394089539267047,-0.394090616031471
2023-02-12 09:00:00,2174.375,-28.0178756097297,-0.305659695266791,-0.305660772263125
2023-02-12 09:30:00,2174.39583333333,-28.440560892068,-0.373087096067124,-0.373088173295435
2023-02-12 10:00:00,2174.41666666667,-27.9535160973118,-0.295593958774476,-0.295595036234836
2023-02-12 10:30:00,2174.4375,-29.0997429426554,-0.4782822741862,-0.478283351878677
2023-02-12 11:00:00,2174.45833333333,-28.6052795209677,-0.399607570870888,-0.399608648795548
2023-02-12 11:30:00,2174.47916666667,-28.7433361446328,-0.421693876043387,-0.4216949542003
2023-02-12 12:00:00,2174.5,-28.1014355086022,-0.319532545623766,-0.319533624012999
2023-02-12 12:30:00,2174.52083333333,-28.8341299426554,-0.436345305403477,-0.436346384025099
2023-02-12 13:00:00,2174.54166666667,-28.5072687209677,-0.384370205272561,-0.384371284126641
2023-02-12 13:30:00,2174.5625,-29.1129378293785,-0.480947966332291,-0.480949045418895
2023-02-12 14:00:00,2174.58333333333,-28.9197473548387,-0.450266938149356,-0.450268017468552
2023-02-12 14:30:00,2174.60416666667,-29.1857393492918,-0.492734118598602,-0.49273519815046
2023-02-12 15:00:00,2174.625,-28.8053655634409,-0.432234881516518,-0.432235961301104
2023-02-12 15:30:00,2174.64583333333,-28.0727514121469,-0.31562361566398,-0.315624695681362
2023-02-12 16:00:00,2174.66666666667,-27.5046882096774,-0.225225546697126,-0.225226626947372
2023-02-12 16:30:00,2174.6875,-28.3543427504249,-0.360671040478906,-0.360672120962086
2023-02-12 17:00:00,2174.70833333333,-27.7064408763441,-0.257554840329783,-0.257555921045961
2023-02-12 17:30:00,2174.72916666667,-26.8587031755043,-0.122604763284127,-0.122605844233374
2023-02-12 18:00:00,2174.75,-26.7883908166667,-0.111499211876225,-0.111500293058606
2023-02-12 18:30:00,2174.77083333333,-27.6702635181303,-0.25207753410436,-0.252078615519944
2023-02-12 19:00:00,2174.79166666667,-27.5535268784946,-0.23357678775155,-0.233577869400405
2023-02-12 19:30:00,2174.8125,-27.0223275606897,-0.149051953648683,-0.149053035530875
2023-02-12 20:00:00,2174.83333333333,-26.6885644822581,-0.0959789666185363,-0.0959800487341327
2023-02-12 20:30:00,2174.85416666667,-25.2144604539548,0.138751035589904,0.138749953240832
2023-02-12 21:00:00,2174.875,-24.7700752655914,0.209445977720542,0.209444895137931
2023-02-12 21:30:00,2174.89583333333,-25.6276469079096,0.072738153315889,0.0727370704996717
2023-02-12 22:00:00,2174.91666666667,-24.9346075752688,0.183043652306827,0.183042569256934
2023-02-12 22:30:00,2174.9375,-25.5473135559322,0.0853428767980451,0.0853417935144093
2023-02-12 23:00:00,2174.95833333333,-24.9450591801075,0.181186041327057,0.181184957809613
2023-02-12 23:30:00,2174.97916666667,-24.8494801937853,0.196315341267816,0.196314257516495
2023-02-13,2175,-24.5805439464,0.239060463827519,0.239059379842255
2023-02-13 00:30:00,2175.02083333333,-25.0078559169492,0.17089263478344,0.170891550564165
2023-02-13 01:00:00,2175.04166666667,-25.0450588558824,0.16486934032561,0.164868255872256
2023-02-13 04:00:00,2175.16666666667,-25.2150723604824,0.137202658580168,0.137201572720941
2023-02-13 05:00:00,2175.20833333333,-24.5950742333952,0.235773430776433,0.235772344448048
2023-02-13 06:00:00,2175.25,-25.800832379702,0.0434994726545,0.04349838585669
2023-02-13 07:00:00,2175.29166666667,-26.3566292541198,-0.0452356415434391,-0.0452367288109428
2023-02-13 08:00:00,2175.33333333333,-25.9909161938547,0.0128259843183288,0.0128248965808674
2023-02-13 10:00:00,2175.41666666667,-25.2215518242593,0.134991473459797,0.134990384781623
2023-02-13 11:00:00,2175.45833333333,-23.914622197037,0.342988218475907,0.34298712932698
2023-02-13 12:00:00,2175.5,-23.8217532506494,0.357583778799486,0.357582689179541
2023-02-13 13:00:00,2175.54166666667,-23.0131744113173,0.486191985973137,0.486190895881906
2023-02-13 14:00:00,2175.58333333333,-22.4400610892593,0.577289917529407,0.57728882696663
2023-02-13 15:00:00,2175.625,-21.7082925818519,0.693661283141923,0.693660192107335
2023-02-13 16:00:00,2175.66666666667,-21.3163296303704,0.755900930621832,0.755899839115171
2023-02-13 17:00:00,2175.70833333333,-22.0302981072222,0.641964461114377,0.641963369135379
2023-02-13 18:00:00,2175.75,-22.8259278112963,0.515018849715517,0.515017757263918
2023-02-13 19:00:00,2175.79166666667,-23.3141226223048,0.437047386543161,0.437046293618699
2023-02-13 20:00:00,2175.83333333333,-23.4824749198516,0.410026614496448,0.410025521098864
2023-02-13 21:00:00,2175.875,-23.0407426301852,0.480192303438136,0.480191209567166
2023-02-13 22:00:00,2175.91666666667,-23.283292587037,0.441350891888215,0.4413497975436
2023-02-13 23:00:00,2175.95833333333,-23.4985426122222,0.406857929440997,0.406856834622474
2023-02-14,2176,-23.1527203483333,0.461743734176066,0.461742638883373
2023-02-14 01:00:00,2176.04166666667,-23.0774333372222,0.473532630503991,0.47353153473687
2023-02-14 02:00:00,2176.08333333333,-22.8728111015267,0.505924271325718,0.50592317508391
2023-02-14 05:30:00,2176.22916666667,-22.2357249143123,0.606692123805583,0.606691025900325
2023-02-14 06:30:00,2176.27083333333,-21.9961001812616,0.644657667340183,0.644656568959073
2023-02-14 07:30:00,2176.3125,-22.3606920692022,0.586370622743523,0.586369523886303
2023-02-14 08:30:00,2176.35416666667,-22.4995287916512,0.564046088816659,0.564044989483068
2023-02-14 09:30:00,2176.39583333333,-22.84541557718,0.508737883466738,0.508736783656524
2023-02-14 10:30:00,2176.4375,-23.9103250098077,0.338888408304305,0.338887308017206
2023-02-14 11:30:00,2176.47916666667,-24.2024352005556,0.29214595642491,0.292144855660672
2023-02-14 12:30:00,2176.52083333333,-26.0047068990724,0.00483324908488392,0.00483214784325137
2023-02-14 13:30:00,2176.5625,-27.110595590167,-0.171545595514597,-0.171546697233881
2023-02-14 14:30:00,2176.60416666667,-27.9195888551852,-0.300629234452997,-0.300630336650189
2023-02-14 15:30:00,2176.64583333333,-28.1808592559259,-0.342460677472617,-0.342461780147968
2023-02-14 16:30:00,2176.6875,-28.8844990953618,-0.454762335861076,-0.454763439014846
2023-02-14 17:30:00,2176.72916666667,-29.2445157778399,-0.512325027342525,-0.512326130974965
2023-02-14 18:30:00,2176.77083333333,-28.172735192963,-0.341801838399507,-0.341802942510871
2023-02-14 19:30:00,2176.8125,-28.5209554825603,-0.397486250846683,-0.397487355437226
2023-02-14 20:30:00,2176.85416666667,-27.2147050248609,-0.189612738171675,-0.189613843241652
2023-02-14 21:30:00,2176.89583333333,-26.8210333568519,-0.127114125952433,-0.127115231502093
2023-02-14 22:30:00,2176.9375,-25.550668550838,0.075041882638076,0.0750407766084765
2023-02-14 23:30:00,2176.97916666667,-25.4181574114815,0.0959365421069497,0.0959354355971607
2023-02-15 00:30:00,2177.02083333333,-25.7216524126394,0.0473746650275965,0.0473735580373658
2023-02-15 01:30:00,2177.0625,-25.7732537303704,0.0389391850456753,0.0389380775747514
2023-02-15 02:30:00,2177.10416666667,-25.9726833681481,0.00695410147199316,0.0069529935201228
2023-02-15 03:30:00,2177.14583333333,-25.5610821879541,0.0723062173935988,0.072305108960533
2023-02-15 07:00:00,2177.29166666667,-25.7625955313544,0.0394446217686434,0.0394435116494225
2023-02-15 08:00:00,2177.33333333333,-26.1611057640074,-0.0242565969766596,-0.0242577075782002
2023-02-15 09:00:00,2177.375,-26.1697254079777,-0.0258484121694494,-0.0258495232535588
2023-02-15 10:00:00,2177.41666666667,-25.7761651141002,0.0366268784065251,0.0366257668395964
2023-02-15 11:00:00,2177.45833333333,-24.7061725398887,0.206857869005769,0.206856756955776
2023-02-15 12:00:00,2177.5,-22.8022055066667,0.509941141385561,0.509940028852254
2023-02-15 13:00:00,2177.54166666667,-22.1970517977778,0.606122077655698,0.606120964638829
2023-02-15 14:00:00,2177.58333333333,-22.6006359405128,0.541609908023297,0.541608794522621
2023-02-15 15:00:00,2177.625,-21.9150907314815,0.650596377263344,0.650595263278614
2023-02-15 16:00:00,2177.66666666667,-20.0640944311111,0.945239593143739,0.945238478674706
2023-02-15 17:00:00,2177.70833333333,-19.0320648362963,1.10942038264352,1.10941926768994
2023-02-15 18:00:00,2177.75,-18.2647221951852,1.23143590644172,1.23143479100335
2023-02-15 19:00:00,2177.79166666667,-17.8992574225926,1.28943155388421,1.2894304379608
2023-02-15 20:00:00,2177.83333333333,-17.1289277661111,1.41192202205221,1.41192090564351
2023-02-15 21:00:00,2177.875,-16.8542055027778,1.45546143383971,1.45546031694549
2023-02-15 22:00:00,2177.91666666667,-16.099331495,1.57548891726958,1.57548779988959
2023-02-15 23:00:00,2177.95833333333,-16.0398555690741,1.58473854506555,1.58473742719954
2023-02-16,2178,-15.8422666433333,1.61598922828966,1.61598810993739
2023-02-16 01:00:00,2178.04166666667,-16.1778406974074,1.56230622380038,1.56230510496161
2023-02-16 02:00:00,2178.08333333333,-16.2697365294991,1.54744089030007,1.54743977097455
2023-02-16 03:00:00,2178.125,-15.5160425842593,1.66727816880519,1.66727704899268
2023-02-16 04:00:00,2178.16666666667,-15.9036447251765,1.60530572152518,1.60530460122545
2023-02-16 05:00:00,2178.20833333333,-15.8006117412879,1.621491356681,1.62149023589379
2023-02-16 08:30:00,2178.35416666667,-16.5965907381481,1.49389126749698,1.49389014500173
2023-02-16 09:30:00,2178.39583333333,-16.9668367562152,1.4346812248589,1.43468010187509
2023-02-16 10:30:00,2178.4375,-17.2541391513915,1.38868371770468,1.38868259423208
2023-02-16 11:30:00,2178.47916666667,-17.4272096410019,1.3608829919414,1.36088186797976
2023-02-16 12:30:00,2178.52083333333,-18.0898961513915,1.2550856415033,1.25508451705239
2023-02-16 13:30:00,2178.5625,-19.744044487384,0.991347271175105,0.991346146234685
2023-02-16 14:30:00,2178.60416666667,-21.194237042963,0.760098759973979,0.760097634543811
2023-02-16 15:30:00,2178.64583333333,-21.5662296512963,0.700607828540772,0.700606702620618
2023-02-16 16:30:00,2178.6875,-22.1785629559259,0.602830010232898,0.60282888382252
2023-02-16 17:30:00,2178.72916666667,-22.0195825393321,0.627922576821235,0.627921449920394
2023-02-16 18:30:00,2178.77083333333,-22.636401812037,0.529429256542866,0.529428129151329
2023-02-16 19:30:00,2178.8125,-21.8894851777778,0.648179598940605,0.648178471058132
2023-02-16 20:30:00,2178.85416666667,-20.8763981246296,0.809330637550271,0.809329509176628
2023-02-16 21:30:00,2178.89583333333,-20.3160499690741,0.898359604635093,0.898358475770045
2023-02-16 22:30:00,2178.9375,-18.6943925835185,1.1564554489984,1.15645431964171
2023-02-16 23:30:00,2178.97916666667,-15.4052499894444,1.68018243731963,1.68018130747106
2023-02-17 00:30:00,2179.02083333333,-14.457612955,1.83090547547956,1.83090434513889
2023-02-17 01:30:00,2179.0625,-14.7041407637037,1.79139675963854,1.79139562880552
2023-02-17 02:30:00,2179.10416666667,-15.498216667037,1.6646628000372,1.6646616687116
2023-02-17 03:30:00,2179.14583333333,-15.0554211636364,1.73496289853242,1.73496176671401
2023-02-17 04:30:00,2179.1875,-15.3602968554731,1.68615800057337,1.68615686826192
2023-02-17 05:30:00,2179.22916666667,-15.6377074077778,1.64172787833278,1.64172674552805
2023-02-17 06:30:00,2179.27083333333,-15.3121772801541,1.69334619675994,1.6933450634617
2023-02-17 10:00:00,2179.41666666667,-15.1310352437848,1.72136276296539,1.72136162793804
2023-02-17 11:00:00,2179.45833333333,-14.3484934988868,1.84578137781738,1.84578024229549
2023-02-17 12:00:00,2179.5,-13.4884582482375,1.98254432367592,1.98254318765924
2023-02-17 13:00:00,2179.54166666667,-12.9250500840445,2.07205392297485,2.07205278646316
2023-02-17 14:00:00,2179.58333333333,-13.0366790387755,2.05402918724954,2.05402805024262
2023-02-17 15:00:00,2179.625,-13.1162040755102,2.04111818913718,2.04111705163479
2023-02-17 16:00:00,2179.66666666667,-14.0549851644444,1.89132664853317,1.89132551053508
2023-02-17 17:00:00,2179.70833333333,-15.0193092559259,1.73746565015331,1.7374645116593
2023-02-17 18:00:00,2179.75,-15.2904833394444,1.69402350428354,1.69402236529337
2023-02-17 19:00:00,2179.79166666667,-15.114535192037,1.72180781035242,1.72180667086587
2023-02-17 20:00:00,2179.83333333333,-15.6934426031481,1.62934264767864,1.62934150769548
2023-02-17 21:00:00,2179.875,-18.440296302963,1.19152165325711,1.19152051277712
2023-02-17 22:00:00,2179.91666666667,-19.6391147781481,1.00030333777371,1.00030219679666
2023-02-17 23:00:00,2179.95833333333,-21.1087703922222,0.765940034057293,0.765938892582954
2023-02-18,2180,-22.9136166331481,0.47818018561371,0.478179043641859
2023-02-18 01:00:00,2180.04166666667,-24.3042315051852,0.256407252037025,0.256406109567435
2023-02-18 02:00:00,2180.08333333333,-24.9864370142593,0.147483998133108,0.147482855165557
2023-02-18 03:00:00,2180.125,-25.6161037435185,0.0469297714400787,0.0469286279743392
2023-02-18 04:00:00,2180.16666666667,-25.4356055440741,0.0754349590119555,0.0754338150478053
2023-02-18 05:00:00,2180.20833333333,-26.3902148046296,-0.0768837206599979,-0.0768848651227826
2023-02-18 06:00:00,2180.25,-26.5886037155556,-0.108736395808229,-0.108737540769871
2023-02-18 07:00:00,2180.29166666667,-25.9315361857143,-0.00431468607139807,-0.00431583153212389
2023-02-18 08:00:00,2180.33333333333,-26.1277701162835,-0.0358249460785626,-0.0358260920385892
2023-02-18 11:30:00,2180.47916666667,-25.821981409833,0.0120087801028069,0.0120076323934674
2023-02-18 12:30:00,2180.52083333333,-26.3679478543762,-0.0752160856581117,-0.075217233867749
2023-02-18 13:30:00,2180.5625,-27.7150018588454,-0.290055208795399,-0.29005635750556
2023-02-18 14:30:00,2180.60416666667,-28.36504267718,-0.393860069770945,-0.393861218981846
2023-02-18 15:30:00,2180.64583333333,-27.5635695695733,-0.266438161428373,-0.266439311140234
2023-02-18 16:30:00,2180.6875,-26.5820353492565,-0.110332825381407,-0.110333975594448
2023-02-18 17:30:00,2180.72916666667,-25.8205611385185,0.0107163577879635,0.0107152070735208
2023-02-18 18:30:00,2180.77083333333,-24.6384564202226,0.198771845435269,0.198770694219212
2023-02-18 19:30:00,2180.8125,-24.4340687858736,0.231075867087903,0.231074715370007
2023-02-18 20:30:00,2180.85416666667,-23.777151872963,0.335467690495888,0.33546653827594
2023-02-18 21:30:00,2180.89583333333,-23.4602389033333,0.38569620719673,0.385695054474511
2023-02-18 22:30:00,2180.9375,-21.6171018438889,0.679052876623227,0.679051723398521
2023-02-18 23:30:00,2180.97916666667,-20.8731499890741,0.797308122152079,0.797306968424666
2023-02-19 00:30:00,2181.02083333333,-21.0209740575926,0.77350239064268,0.773501236412346
2023-02-19 01:30:00,2181.0625,-21.1535889031481,0.752119064174605,0.752117909441136
2023-02-19 02:30:00,2181.10416666667,-20.9663228,0.781692566512614,0.781691411275793
2023-02-19 03:30:00,2181.14583333333,-20.989766637037,0.777699390022302,0.777698234281915
2023-02-19 04:30:00,2181.1875,-21.0386592612963,0.769651768893044,0.769650612648875
2023-02-19 05:30:00,2181.22916666667,-21.0316537462963,0.770508326777659,0.770507170029492
2023-02-19 06:30:00,2181.27083333333,-20.9181518437037,0.788329400926782,0.788328243674406
2023-02-19 07:30:00,2181.3125,-20.5381277807407,0.848607211433473,0.848606053676674
2023-02-19 08:30:00,2181.35416666667,-20.7229925981481,0.818897385504621,0.818896227243186
2023-02-19 09:30:00,2181.39583333333,-20.4845123009452,0.856626304878496,0.856625146112212
2023-02-19 13:00:00,2181.54166666667,-21.5474248636364,0.686386090025046,0.686384929490119
2023-02-19 14:00:00,2181.58333333333,-21.8725751549165,0.634326302615665,0.634325141574939
2023-02-19 15:00:00,2181.625,-22.5180537922078,0.531237547532849,0.531236385986109
2023-02-19 16:00:00,2181.66666666667,-22.4804081510204,0.536970545072551,0.536969383019589
2023-02-19 17:00:00,2181.70833333333,-22.7577862157993,0.492519608159199,0.492518445599805
2023-02-19 18:00:00,2181.75,-22.1876289499072,0.583081222243605,0.583080059177571
2023-02-19 19:00:00,2181.79166666667,-22.4425425992593,0.542208017222271,0.542206853649384
2023-02-19 20:00:00,2181.83333333333,-21.2871648074074,0.725994814030839,0.725993649950897
2023-02-19 21:00:00,2181.875,-20.1044684764815,0.914133041206724,0.914131876619512
2023-02-19 22:00:00,2181.91666666667,-19.4848888759259,1.01256593853159,1.01256477343691
2023-02-19 23:00:00,2181.95833333333,-17.98847591,1.25067858539966,1.25067741979729
2023-02-20,2182,-16.8696092577778,1.4286474026761,1.42864623656585
2023-02-20 01:00:00,2182.04166666667,-16.0434000209259,1.55999525266522,1.55999408604686
2023-02-20 02:00:00,2182.08333333333,-15.9894000092593,1.56832918950719,1.56832802238054
2023-02-20 03:00:00,2182.125,-14.9864685275926,1.72782815603086,1.7278269883957
2023-02-20 04:00:00,2182.16666666667,-14.5170704481221,1.80233443884551,1.80233327070163
2023-02-20 05:00:00,2182.20833333333,-15.0461685272222,1.71777913873059,1.7177779700778
2023-02-20 06:00:00,2182.25,-14.7643351914815,1.7624053613079,1.76240419214599
2023-02-20 07:00:00,2182.29166666667,-14.6031184959259,1.78781683585457,1.78781566618333
2023-02-20 08:00:00,2182.33333333333,-14.3842666622222,1.82240919817865,1.82240802799788
2023-02-20 09:00:00,2182.375,-14.5165277612963,1.80106858862407,1.80106741793356
2023-02-20 10:00:00,2182.41666666667,-14.6631648018519,1.77743745067984,1.77743627947939
2023-02-20 11:00:00,2182.45833333333,-15.1914461323251,1.69300967412493,1.69300850241435
2023-02-20 14:00:00,2182.58333333333,-14.4365322233871,1.81244886840859,1.81244769516638
2023-02-20 14:30:00,2182.60416666667,-14.2830458084337,1.83676246588103,1.83676129238337
2023-02-20 16:00:00,2182.66666666667,-14.3247829189239,1.82970237528136,1.82970120101705
2023-02-20 17:30:00,2182.72916666667,-14.8670167789179,1.74291182809271,1.7429106530613
2023-02-20 18:30:00,2182.77083333333,-15.8355121536449,1.58835441542512,1.58835323988207
2023-02-20 19:30:00,2182.8125,-17.3312891455224,1.34980023503741,1.34979905898251
2023-02-20 20:30:00,2182.85416666667,-17.1011943684112,1.3861782316141,1.38617705504715
2023-02-20 21:30:00,2182.89583333333,-18.3715223981343,1.18353737381844,1.18353619673925
2023-02-20 22:30:00,2182.9375,-21.1215955052434,0.7451716388699,0.745170461278272
2023-02-20 23:30:00,2182.97916666667,-21.8778786854478,0.624417635324913,0.624416457220647
2023-02-21 00:30:00,2183.02083333333,-21.9971704018727,0.605136398565069,0.605135219947967
2023-02-21 01:30:00,2183.0625,-22.1150841663551,0.586074242079955,0.586073062949821
2023-02-21 02:30:00,2183.10416666667,-22.4520391632463,0.532118232430891,0.532117052787526
2023-02-21 03:30:00,2183.14583333333,-22.8345831835514,0.47089943060481,0.470898250448024
2023-02-21 04:30:00,2183.1875,-22.6837084285981,0.494654192839419,0.49465301216901
2023-02-21 05:30:00,2183.22916666667,-22.0404868921642,0.596839721318763,0.596838540134539
2023-02-21 06:30:00,2183.27083333333,-21.2241158659813,0.726607659511309,0.726606477813074
2023-02-21 07:30:00,2183.3125,-20.9579496386194,0.768727152473756,0.768725970261317
2023-02-21 08:30:00,2183.35416666667,-22.1334570878731,0.581186571062859,0.581185388336019
2023-02-21 09:30:00,2183.39583333333,-24.4512164087687,0.211684022925711,0.211682839684282
2023-02-21 10:30:00,2183.4375,-24.6787648968284,0.175153126987663,0.175151943231447
2023-02-21 11:30:00,2183.47916666667,-25.4670709166045,0.0492927285056524,0.0492915442344581
2023-02-21 15:30:00,2183.64583333333,-26.024716037037,-0.0406755497448507,-0.0406767360778746
2023-02-21 16:00:00,2183.66666666667,-25.6014930274419,0.0266018218477079,0.0266006352567388
2023-02-21 17:00:00,2183.70833333333,-24.7756257706587,0.157878033830658,0.157876846723659
2023-02-21 17:30:00,2183.72916666667,-24.9803805297561,0.125117778501451,0.125116591136364
2023-02-21 18:00:00,2183.75,-24.6383682694611,0.179457793588329,0.179456605965106
2023-02-21 18:30:00,2183.77083333333,-24.6065561156098,0.184382603564626,0.184381415683223
2023-02-21 19:00:00,2183.79166666667,-24.886562895509,0.139634328101824,0.139633139962191
2023-02-21 19:30:00,2183.8125,-24.9867999936585,0.12352338496275,0.123522196564842
2023-02-21 20:00:00,2183.83333333333,-25.3608979273273,0.0637861085948191,0.063784919938587
2023-02-21 20:30:00,2183.85416666667,-25.0566243790244,0.112113787669607,0.112112598755003
2023-02-21 21:00:00,2183.875,-25.3689309294294,0.0622197100149356,0.0622185208419154
2023-02-21 21:30:00,2183.89583333333,-25.5792732526829,0.0285685002391802,0.0285673108076967
2023-02-21 22:00:00,2183.91666666667,-25.341907204491,0.0662374476197476,0.066236257929748
2023-02-21 22:30:00,2183.9375,-25.9323463639024,-0.0279636724650587,-0.0279648624136157
2023-02-21 23:00:00,2183.95833333333,-25.7071377158683,0.00776837973217259,0.00776718952501121
2023-02-21 23:30:00,2183.97916666667,-25.8940389936585,-0.0221490800508041,-0.0221502705166194
2023-02-22,2184,-25.3885179359281,0.0582367267490893,0.058235536024573
2023-02-22 00:30:00,2184.02083333333,-25.3167854219512,0.0695196022777803,0.069518411294519
2023-02-22 01:00:00,2184.04166666667,-25.2713322973054,0.076616046064264,0.0766148548222082
2023-02-22 01:30:00,2184.0625,-25.2623561370732,0.0779015771291207,0.0779003856282265
2023-02-22 02:00:00,2184.08333333333,-26.2707125622754,-0.0828748058692733,-0.0828759976290552
2023-02-22 02:30:00,2184.10416666667,-26.3354584497561,-0.0933334620796149,-0.0933346540983313
2023-02-22 03:00:00,2184.125,-26.5981398106383,-0.135323486818042,-0.135324679095737
2023-02-22 03:30:00,2184.14583333333,-26.689804857561,-0.150070596681941,-0.15007178921866
2023-02-22 04:00:00,2184.16666666667,-26.0419300823708,-0.0470085905300499,-0.0470097833258456
2023-02-22 04:30:00,2184.1875,-26.4330585165854,-0.109460644233247,-0.10946183728816
2023-02-22 05:00:00,2184.20833333333,-26.1145106316109,-0.058860859240062,-0.058862052554139
2023-02-22 05:30:00,2184.22916666667,-25.8518000360976,-0.0171561004353536,-0.0171572940086435
2023-02-22 06:00:00,2184.25,-26.2743829106383,-0.0846191871860259,-0.0846203810185749
2023-02-22 06:30:00,2184.27083333333,-26.1336292190244,-0.0623424624190649,-0.0623436565109164
2023-02-22 07:00:00,2184.29166666667,-26.103783472561,-0.0577335585901776,-0.0577347529413804
2023-02-22 07:30:00,2184.3125,-26.1837316921951,-0.0706150180214594,-0.0706162126320569
2023-02-22 08:00:00,2184.33333333333,-26.5011330902597,-0.121323044445757,-0.121324239315798
2023-02-22 08:30:00,2184.35416666667,-26.9384438956098,-0.191132831102792,-0.191134026232322
2023-02-22 09:00:00,2184.375,-26.9030881595745,-0.185646605888487,-0.18564780127755
2023-02-22 09:30:00,2184.39583333333,-26.7293073785366,-0.158109278011023,-0.158110473659665
2023-02-22 10:00:00,2184.41666666667,-26.8870304465046,-0.183380856084226,-0.183382051992497
2023-02-22 10:30:00,2184.4375,-26.7114878326829,-0.155563078781091,-0.155564274949033
2023-02-22 11:00:00,2184.45833333333,-26.9848753009119,-0.199260290229385,-0.199261486657042
2023-02-22 11:30:00,2184.47916666667,-27.0270926956098,-0.206132049618252,-0.206133246305674
2023-02-22 12:00:00,2184.5,-27.4121975799392,-0.267626136969269,-0.267627333916501
2023-02-22 12:30:00,2184.52083333333,-27.3393431161765,-0.256167078719301,-0.256168275926384
2023-02-22 13:00:00,2184.54166666667,-27.0613312714286,-0.212026408865091,-0.212027606332076
2023-02-22 13:30:00,2184.5625,-27.0820097741463,-0.215467430585777,-0.215468628312706
2023-02-22 17:00:00,2184.70833333333,-26.8961712044747,-0.186894623999617,-0.186895823547429
2023-02-22 17:30:00,2184.72916666667,-26.829120092,-0.176361100855345,-0.176362300663465
2023-02-22 18:00:00,2184.75,-25.6629902772374,0.00925633937266968,0.00925513930419608
2023-02-22 18:30:00,2184.77083333333,-26.51263992,-0.126241434070827,-0.126242634399695
2023-02-22 19:00:00,2184.79166666667,-26.9878326414397,-0.202088057924073,-0.202089258513385
2023-02-22 19:30:00,2184.8125,-26.809280244,-0.173792722714515,-0.173793923564312
2023-02-22 20:00:00,2184.83333333333,-26.1403579673152,-0.067381220846883,-0.067382421957212
2023-02-22 20:30:00,2184.85416666667,-26.427920092,-0.113338473143983,-0.113339674514889
2023-02-22 21:00:00,2184.875,-26.0525933826848,-0.053697165968339,-0.0536983675998642
2023-02-22 21:30:00,2184.89583333333,-25.90327988,-0.0300600295936974,-0.0300612314858892
2023-02-22 22:00:00,2184.91666666667,-26.4849337341131,-0.122866620969166,-0.122867823122069
2023-02-22 22:30:00,2184.9375,-26.596760184,-0.140829476541793,-0.140830678955449
2023-02-22 23:00:00,2184.95833333333,-25.7100396443709,0.000276811473654326,0.000275608799201632
2023-02-23,2185,-25.1740662846004,0.0853595793094853,0.0853583761132992
2023-02-23 00:30:00,2185.02083333333,-25.1666923692308,0.0863850055556963,0.0863838020985799
2023-02-23 01:00:00,2185.04166666667,-24.8021692392996,0.144304451565409,0.144303247847315
2023-02-23 01:30:00,2185.0625,-24.54988465,0.18434411252527,0.184342908546158
2023-02-23 02:00:00,2185.08333333333,-23.9447101044747,0.280599290390323,0.280598086150145
2023-02-23 02:30:00,2185.10416666667,-23.9743463038462,0.275728557667827,0.275727353166539
2023-02-23 03:00:00,2185.125,-23.7614902970817,0.309486901408014,0.309485696645575
2023-02-23 03:30:00,2185.14583333333,-23.4695769846154,0.355839025198297,0.35583782017466
2023-02-23 04:00:00,2185.16666666667,-23.3610564404669,0.372976444716486,0.372975239431608
2023-02-23 04:30:00,2185.1875,-23.1679231153846,0.403592635497693,0.403591429951531
2023-02-23 05:00:00,2185.20833333333,-24.0327470918288,0.265675366930566,0.265674161123078
2023-02-23 05:30:00,2185.22916666667,-24.2536538884615,0.230334460091912,0.230333254023051
2023-02-23 06:00:00,2185.25,-24.1453793807393,0.247432265126675,0.247431058796397
2023-02-23 06:30:00,2185.27083333333,-24.5786154076923,0.178266949889514,0.178265743297778
2023-02-23 07:00:00,2185.29166666667,-24.4845019708171,0.193108675981787,0.193107469128546
2023-02-23 07:30:00,2185.3125,-24.7626153461538,0.148654299801384,0.148653092686595
2023-02-23 08:00:00,2185.33333333333,-23.9973579846304,0.270409522538186,0.270408315161809
2023-02-23 08:30:00,2185.35416666667,-24.1283462884615,0.249392065264975,0.249390857626964
2023-02-23 09:00:00,2185.375,-23.9232684945525,0.281910072487255,0.281908864587567
2023-02-23 09:30:00,2185.39583333333,-23.6726156423077,0.32168811405878,0.321686905897371
2023-02-23 10:00:00,2185.41666666667,-23.0443132731518,0.421625888554436,0.421624680131262
2023-02-23 10:30:00,2185.4375,-23.045320052,0.421314161087613,0.421312952402634
2023-02-23 11:00:00,2185.45833333333,-23.4714238667969,0.353284067060597,0.353282858113769
2023-02-23 11:30:00,2185.47916666667,-23.9126922192308,0.282838146416632,0.28283693720791
2023-02-23 12:00:00,2185.5,-23.6693730261719,0.321447406069211,0.321446196598551
2023-02-23 12:30:00,2185.52083333333,-23.6401152230769,0.325956428433914,0.325955218701276
2023-02-23 13:00:00,2185.54166666667,-24.3032373282101,0.220168731758365,0.220167521763704
2023-02-23 13:30:00,2185.5625,-24.01526935,0.265890260163287,0.265889049906559
2023-02-23 14:00:00,2185.58333333333,-23.7011372596078,0.315779645498678,0.315778434979843
2023-02-23 14:30:00,2185.60416666667,-23.7038461269231,0.315195935034949,0.315194724253962
2023-02-23 15:00:00,2185.625,-23.2543281552734,0.386652178386889,0.38665096734371
2023-02-23 15:30:00,2185.64583333333,-22.9138567714286,0.44073711759665,0.440735906291233
2023-02-23 18:30:00,2185.77083333333,-22.3354916703154,0.531954518999553,0.531953306119824
2023-02-23 19:30:00,2185.8125,-21.7297304881041,0.628146346696135,0.628145133291292
2023-02-23 20:30:00,2185.85416666667,-21.8784506253259,0.604148342635139,0.604147128705017
2023-02-23 21:30:00,2185.89583333333,-22.2809310826816,0.539725719983602,0.539724505528032
2023-02-23 22:30:00,2185.9375,-21.7363619253731,0.62616835962584,0.626167144644655
2023-02-23 23:30:00,2185.97916666667,-21.7862063414498,0.617920074314746,0.617918858807774
2023-02-24 00:30:00,2186.02083333333,-21.7600409823091,0.621779782733418,0.621778566700498
2023-02-24 01:30:00,2186.0625,-21.065482371243,0.73211459620403,0.732113379644989
2023-02-24 02:30:00,2186.10416666667,-20.7275944246296,0.785631100482628,0.785629883397303
2023-02-24 03:30:00,2186.14583333333,-20.173394432037,0.87360585096008,0.873604633348305
2023-02-24 04:30:00,2186.1875,-19.2243759059259,1.02447505882304,1.02447384068465
2023-02-24 05:30:00,2186.22916666667,-19.3496555987037,1.00420737572312,1.00420615705794
2023-02-24 06:30:00,2186.27083333333,-18.8025740496296,1.09104690209986,1.09104568290774
2023-02-24 07:30:00,2186.3125,-18.6758611546296,1.11092098481339,1.11091976509416
2023-02-24 08:30:00,2186.35416666667,-18.8947981703704,1.07573237323129,1.07573115298478
2023-02-24 09:30:00,2186.39583333333,-18.9765092642593,1.06240353271442,1.06240231194048
2023-02-24 10:30:00,2186.4375,-19.3062555772222,1.00956208836095,1.00956086705941
2023-02-24 11:30:00,2186.47916666667,-19.5980370231481,0.962768058427821,0.962766836598515
2023-02-24 12:30:00,2186.52083333333,-19.9928314675926,0.899563568347997,0.899562345990769
2023-02-24 13:30:00,2186.5625,-20.8382314674074,0.764576875581726,0.764575652696408
2023-02-24 14:30:00,2186.60416666667,-21.2090370927778,0.705192990268662,0.705191766855096
2023-02-24 16:00:00,2186.66666666667,-22.0705445934944,0.567482024649021,0.567480800442781
2023-02-24 20:00:00,2186.83333333333,-24.3365973942486,0.205234415412165,0.205233189090371
2023-02-24 21:00:00,2186.875,-24.5282751163569,0.174383035978381,0.174381809127301
2023-02-24 22:00:00,2186.91666666667,-24.8227063076208,0.127162541145973,0.127161313765446
2023-02-24 23:00:00,2186.95833333333,-24.606531719403,0.161281497699654,0.161280269789526
2023-02-25,2187,-24.1924897339518,0.226920458023446,0.226919229583559
2023-02-25 01:00:00,2187.04166666667,-24.8863784957328,0.116064844727717,0.116063615757915
2023-02-25 02:00:00,2187.08333333333,-24.3121463003704,0.207221392438644,0.20722016293877
2023-02-25 03:00:00,2187.125,-25.4003666318519,0.0335476510966938,0.0335464210665896
2023-02-25 04:00:00,2187.16666666667,-25.3022018588889,0.0488654913443137,0.0488642607838266
2023-02-25 05:00:00,2187.20833333333,-26.9680353178439,-0.216823260517261,-0.216824491608286
2023-02-25 06:00:00,2187.25,-28.4061002022263,-0.446228728708878,-0.446229960330596
2023-02-25 07:00:00,2187.29166666667,-27.0554767808905,-0.231394569829879,-0.231395801982443
2023-02-25 08:00:00,2187.33333333333,-27.6581685198148,-0.327725324539969,-0.327726557223534
2023-02-25 09:00:00,2187.375,-26.0334256065056,-0.0692245599289052,-0.0692257931436264
2023-02-25 10:00:00,2187.41666666667,-26.6130352435993,-0.16187914422125,-0.161880377967278
2023-02-25 11:00:00,2187.45833333333,-28.0614518625926,-0.392935713791864,-0.392936948069351
2023-02-25 12:00:00,2187.5,-28.74081376946,-0.501481730180963,-0.501482964990061
2023-02-25 13:00:00,2187.54166666667,-29.1060278821561,-0.559984190335098,-0.559985425675958
2023-02-25 14:00:00,2187.58333333333,-29.3154776947955,-0.593673697883612,-0.593674933756385
2023-02-25 15:30:00,2187.64583333333,-27.7087583828996,-0.338208938979293,-0.33821017565022
2023-02-25 16:30:00,2187.6875,-26.3093228100186,-0.115602883419329,-0.115604120622546
2023-02-25 17:30:00,2187.72916666667,-25.9766970016729,-0.0629407968274908,-0.0629420345631492
2023-02-25 21:30:00,2187.89583333333,-24.7230185432282,0.135465200109399,0.135463960242499
2023-02-25 22:30:00,2187.9375,-24.5441670024119,0.163628882890133,0.163627642490053
2023-02-25 23:30:00,2187.97916666667,-24.5124638141002,0.168351317844733,0.168350076911323
2023-02-26 00:30:00,2188.02083333333,-25.1600802199627,0.0648572460472364,0.064856004580356
2023-02-26 01:30:00,2188.0625,-24.8996112254206,0.106021417681431,0.106020175680928
2023-02-26 02:30:00,2188.10416666667,-24.9300871706865,0.100837442878161,0.100836200343893
2023-02-26 03:30:00,2188.14583333333,-25.0448481498148,0.0822263925050208,0.0822251494368428
2023-02-26 04:30:00,2188.1875,-24.4277211715613,0.180205207483352,0.180203963881119
2023-02-26 05:30:00,2188.22916666667,-24.3177370031481,0.197395401337215,0.19739415720078
2023-02-26 06:30:00,2188.27083333333,-24.6039574025926,0.151469515461653,0.151468270790878
2023-02-26 07:30:00,2188.3125,-24.5731222348148,0.156050399248883,0.156049154043619
2023-02-26 08:30:00,2188.35416666667,-23.9671632634508,0.252248507340211,0.252247261600317
2023-02-26 09:30:00,2188.39583333333,-24.4862426038889,0.169226799967528,0.169225553692862
2023-02-26 10:30:00,2188.4375,-23.9135648053704,0.26012237675613,0.260121129946551
2023-02-26 11:30:00,2188.47916666667,-24.0023703594444,0.245642774685452,0.245641527340813
2023-02-26 12:30:00,2188.52083333333,-24.1594092546296,0.220293144698855,0.220291896819023
2023-02-26 13:30:00,2188.5625,-23.5941685359259,0.310002765608904,0.310001517193732
2023-02-26 15:00:00,2188.625,-22.0451131833024,0.556267181845661,0.556265932627218
2023-02-26 16:00:00,2188.66666666667,-21.2077180476809,0.689330177239996,0.689328927485866
2023-02-26 17:00:00,2188.70833333333,-21.1219665912801,0.702655390254467,0.70265413996451
2023-02-26 18:00:00,2188.75,-20.641580712987,0.778845741712509,0.778844490886588
2023-02-26 19:00:00,2188.79166666667,-20.6601799478664,0.775547001258784,0.775545749896756
2023-02-26 23:00:00,2188.95833333333,-21.7667707692135,0.597918751871804,0.597917498363988
2023-02-27,2189,-21.9986753237477,0.560638290140824,0.56063703609622
2023-02-27 01:00:00,2189.04166666667,-22.2992152244898,0.512423762944953,0.512422508363422
2023-02-27 02:00:00,2189.08333333333,-23.1361892267161,0.378754494447386,0.378753239328799
2023-02-27 03:00:00,2189.125,-23.4216604575139,0.332939606129764,0.33293835047398
2023-02-27 04:00:00,2189.16666666667,-24.0603247178108,0.230860410571443,0.230859154378331
2023-02-27 06:00:00,2189.25,-24.2053859499072,0.207071792604769,0.2070705353366
2023-02-27 07:00:00,2189.29166666667,-24.9213395404453,0.0926791368160127,0.0926778790101125
2023-02-27 08:00:00,2189.33333333333,-24.903719857885,0.095144823104373,0.0951435647606157
2023-02-27 09:00:00,2189.375,-24.6044081408163,0.142483847417397,0.142482588535644
2023-02-27 10:00:00,2189.41666666667,-24.833087151577,0.105713167280525,0.105711907860647
2023-02-27 11:00:00,2189.45833333333,-26.2205380107607,-0.115651100405431,-0.115652360363563
2023-02-27 12:00:00,2189.5,-26.8276444492593,-0.212706348079767,-0.212707608576285
2023-02-27 13:00:00,2189.54166666667,-27.8939814501852,-0.382917756192084,-0.382919017227122
2023-02-27 14:30:00,2189.60416666667,-29.4081380516791,-0.624639484115105,-0.624640745958162
2023-02-27 15:30:00,2189.64583333333,-29.0496086458801,-0.567869663817738,-0.567870926199631
2023-02-27 16:30:00,2189.6875,-29.7857126873134,-0.685476136957927,-0.685477399878792
2023-02-27 17:30:00,2189.72916666667,-29.0206921800373,-0.563952799644903,-0.563954063104864
2023-02-27 18:30:00,2189.77083333333,-28.8521081914179,-0.537442628676152,-0.537443892675337
2023-02-27 19:30:00,2189.8125,-29.3639141938433,-0.619319472020286,-0.619320736558823
2023-02-27 20:30:00,2189.85416666667,-29.496453329291,-0.640779234773212,-0.640780499851231
2023-02-28 00:30:00,2190.02083333333,-27.3798776014842,-0.304995963769245,-0.304997231006437
2023-02-28 01:30:00,2190.0625,-25.4812968382189,-0.00289888426339235,-0.00290015204068961
2023-02-28 02:30:00,2190.10416666667,-24.8343506725417,0.0998115081339609,0.0998102398164303
2023-02-28 03:30:00,2190.14583333333,-24.7492763959184,0.113014905983955,0.113013637126075
2023-02-28 04:30:00,2190.1875,-24.3864007384045,0.170471861408446,0.170470592010086
2023-02-28 05:30:00,2190.22916666667,-24.1289703159555,0.211130914792115,0.211129644853154
2023-02-28 06:30:00,2190.27083333333,-23.280564827037,0.345932318019247,0.345931047539565
2023-02-28 07:30:00,2190.3125,-22.8516240690741,0.413912289466783,0.413911018446257
2023-02-28 08:30:00,2190.35416666667,-22.5320907368519,0.464463179605973,0.464461908044479
2023-02-28 09:30:00,2190.39583333333,-22.3468388705556,0.49362253623998,0.493621264137404
2023-02-28 10:30:00,2190.4375,-22.191120108818,0.518076848369148,0.518075575725362
2023-02-28 11:30:00,2190.47916666667,-21.7954944846296,0.580748095463573,0.58074682227846
2023-02-28 12:30:00,2190.52083333333,-21.4816462705556,0.630391743204655,0.630390469478096
2023-02-28 14:00:00,2190.58333333333,-21.4182486155844,0.63996139075005,0.639960116211097
2023-02-28 15:00:00,2190.625,-21.7129072443414,0.592668465665376,0.59266719058468
2023-02-28 16:00:00,2190.66666666667,-21.0687235374768,0.694933396704024,0.694932121081468
2023-02-28 17:00:00,2190.70833333333,-20.3806771656772,0.804185282943634,0.804184006779099
2023-02-28 18:00:00,2190.75,-20.0088969898876,0.863055339664767,0.863054062958137
2023-02-28 19:00:00,2190.79166666667,-19.7313913608614,0.906906995412275,0.906905718163429
2023-02-28 20:00:00,2190.83333333333,-19.5584119923221,0.934107145046112,0.934105867254938
2023-02-28 21:00:00,2190.875,-19.7676460492509,0.900420024928336,0.900418746594719
2023-02-28 22:00:00,2190.91666666667,-19.9389999691111,0.872766839957587,0.87276556108141
2023-03-01 02:00:00,2191.08333333333,-20.2087161510204,0.828371353176154,0.828370072128595
2023-03-01 03:00:00,2191.125,-20.5816920213358,0.768597661372754,0.768596379782067
2023-03-01 04:00:00,2191.16666666667,-21.1264000298876,0.681466520567992,0.681465238434064
2023-03-01 05:00:00,2191.20833333333,-22.285751396475,0.49642185712199,0.49642057444471
2023-03-01 06:00:00,2191.25,-22.6632356792208,0.435928782573385,0.435927499352637
2023-03-01 07:00:00,2191.29166666667,-22.9597736669759,0.388330114555961,0.388328830791638
2023-03-01 08:00:00,2191.33333333333,-23.852434151577,0.245768310872995,0.245767026564987
2023-03-01 09:00:00,2191.375,-23.4567569276438,0.30843922908468,0.308437944232876
2023-03-01 10:00:00,2191.41666666667,-24.1339092911111,0.200207231814367,0.200205946418658
2023-03-01 11:00:00,2191.45833333333,-24.3451187398887,0.166199878455943,0.166198592516218
2023-03-01 12:00:00,2191.5,-24.1950964502783,0.189736603981928,0.189735317498076
2023-03-01 13:30:00,2191.5625,-23.5506048319109,0.291860940165185,0.291859652864947
2023-03-01 14:30:00,2191.60416666667,-23.0097180387755,0.377661673277916,0.377660385433281
2023-03-01 15:30:00,2191.64583333333,-23.2492319248609,0.339143625975729,0.339142337586597
2023-03-01 16:30:00,2191.6875,-22.531556596475,0.453106110213073,0.45310482127933
2023-03-01 17:30:00,2191.72916666667,-22.5862209494382,0.444033937129611,0.444032647651155
2023-03-01 18:30:00,2191.77083333333,-21.2343595883895,0.659021921437041,0.659020631413766
2023-03-01 19:30:00,2191.8125,-21.7236497451311,0.580712759465969,0.580711468897769
2023-03-01 20:30:00,2191.85416666667,-20.5783258179775,0.762798395576829,0.762797104463596
2023-03-01 21:30:00,2191.89583333333,-19.7341422722846,0.896911760311758,0.896910468653396
2023-03-01 22:30:00,2191.9375,-20.247500035206,0.814767431245491,0.814766139041887
2023-03-01 23:30:00,2191.97916666667,-20.00106932397,0.853657556031151,0.853656263282206
2023-03-02 03:00:00,2192.125,-20.8480345,0.717449683138802,0.717448388480355
2023-03-02 03:30:00,2192.14583333333,-20.7443196433333,0.733787467959069,0.733786173027736
2023-03-02 04:00:00,2192.16666666667,-20.5234828172414,0.76878276818198,0.768781472977729
2023-03-02 04:30:00,2192.1875,-19.908352882549,0.866589144371729,0.866587848894542
2023-03-02 05:00:00,2192.20833333333,-19.4015172172414,0.94714406808372,0.947142772333571
2023-03-02 05:30:00,2192.22916666667,-19.4753457561886,0.935198671155393,0.935197375132254
2023-03-02 06:00:00,2192.25,-18.9138622310345,1.02445884211117,1.02445754581502
2023-03-02 06:30:00,2192.27083333333,-18.8868566072692,1.02857620352581,1.02857490695662
2023-03-02 07:00:00,2192.29166666667,-18.310344562069,1.12023023267728,1.12022893583503
2023-03-02 07:30:00,2192.3125,-18.1662960811765,1.1429924091327,1.14299111201736
2023-03-02 08:00:00,2192.33333333333,-17.8329653896552,1.1959072791703,1.19590598178184
2023-03-02 08:30:00,2192.35416666667,-17.8129429797642,1.19891181823951,1.19891052057792
2023-03-02 09:00:00,2192.375,-17.9283447965517,1.18034308343608,1.18034178550132
2023-03-02 09:30:00,2192.39583333333,-17.9347965082192,1.1791300804721,1.17912878226415
2023-03-02 10:00:00,2192.41666666667,-18.4611723758621,1.0950926901775,1.09509139169634
2023-03-02 10:30:00,2192.4375,-18.2353137405882,1.13088669603785,1.13088539728346
2023-03-02 11:00:00,2192.45833333333,-18.3859309482759,1.10670773338816,1.10670643436051
2023-03-02 11:30:00,2192.47916666667,-18.1134187727984,1.14993348618191,1.14993218688097
2023-03-02 12:30:00,2192.52083333333,-18.7365896820513,1.05029035910217,1.05028905925459
2023-03-02 13:00:00,2192.54166666667,-18.7511279682,1.04778847536722,1.04778717524628
2023-03-02 13:30:00,2192.5625,-18.6850000512821,1.05813667785289,1.05813537745857
2023-03-02 14:00:00,2192.58333333333,-18.3317220256,1.11422800031656,1.11422669964883
2023-03-02 14:30:00,2192.60416666667,-18.0909743179487,1.15239306517706,1.1523917642359
2023-03-02 15:00:00,2192.625,-18.4145939776,1.100653907621,1.10065260640639
2023-03-02 15:30:00,2192.64583333333,-18.0117948948718,1.16463367735622,1.16463237586813
2023-03-02 16:00:00,2192.66666666667,-17.8868577178357,1.18434974949748,1.18434844773588
2023-03-02 16:30:00,2192.6875,-17.6589999589744,1.22046104644207,1.22045974440695
2023-03-02 17:00:00,2192.70833333333,-17.5647319722,1.2352912998225,1.23528999751383
2023-03-02 19:30:00,2192.8125,-17.1917179439703,1.2937777194412,1.29377641576443
2023-03-02 20:30:00,2192.85416666667,-17.5101259135185,1.242680428696,1.24267912447182
2023-03-02 21:30:00,2192.89583333333,-18.7543005851577,1.04410745188721,1.04410614711553
2023-03-02 22:30:00,2192.9375,-18.9794926144444,1.00785874951869,1.00785744419942
2023-03-02 23:30:00,2192.97916666667,-19.5067221985185,0.923494860361256,0.923493554494307
2023-03-03 00:30:00,2193.02083333333,-19.6746518316667,0.89636732186766,0.896366015452937
2023-03-03 04:30:00,2193.1875,-21.5193288466667,0.601000164506896,0.600998855900165
2023-03-03 05:00:00,2193.20833333333,-21.489247627619,0.605603089386645,0.605601780505814
2023-03-03 05:30:00,2193.22916666667,-23.23244444,0.327721459849567,0.327720150694611
2023-03-03 06:00:00,2193.25,-22.8335333244444,0.391079057229819,0.391077747800715
2023-03-03 06:30:00,2193.27083333333,-24.2820133288889,0.160145832270215,0.160144522566945
2023-03-03 07:00:00,2193.29166666667,-24.1744477190476,0.177091688904485,0.177090378927023
2023-03-03 07:30:00,2193.3125,-24.6214755337778,0.105690319978378,0.105689009726701
2023-03-03 08:00:00,2193.33333333333,-25.1686285463492,0.0183388388028748,0.0183375282769654
2023-03-03 09:00:00,2193.375,-25.2410820307692,0.00641742646680155,0.00641611539235776
2023-03-03 09:30:00,2193.39583333333,-25.7700666902222,-0.0780401129755469,-0.0780414243242925
2023-03-03 10:00:00,2193.41666666667,-25.6421619196825,-0.057854793384141,-0.0578561050072103
2023-03-03 10:30:00,2193.4375,-26.5153777288889,-0.197148794120308,-0.197150106017719
2023-03-03 11:00:00,2193.45833333333,-26.4964888568254,-0.194329978157809,-0.194331290329583
2023-03-03 11:30:00,2193.47916666667,-27.4187333177778,-0.34143447120246,-0.341435783648626
2023-03-03 12:00:00,2193.5,-27.0357682793651,-0.280618254767304,-0.280619567487876
2023-03-03 12:30:00,2193.52083333333,-27.5544933444444,-0.363442012640707,-0.363443325635706
2023-03-03 13:00:00,2193.54166666667,-27.3730254372611,-0.334724626105231,-0.334725939374683
2023-03-03 13:30:00,2193.5625,-28.0066577826667,-0.435853388702412,-0.435854702246339
2023-03-03 14:00:00,2193.58333333333,-27.7699365088889,-0.398334294188449,-0.398335608006867
2023-03-03 14:30:00,2193.60416666667,-28.3542267102222,-0.491603010730336,-0.49160432482327
2023-03-03 15:00:00,2193.625,-28.4410951885714,-0.505632187678406,-0.505633502045874
2023-03-03 15:30:00,2193.64583333333,-28.1599466435556,-0.461036086131729,-0.461037400773756
2023-03-03 16:00:00,2193.66666666667,-28.1681618993651,-0.462535941131786,-0.462537256048393
2023-03-03 16:30:00,2193.6875,-28.4478125575893,-0.507275745975357,-0.507277061166561
2023-03-03 17:00:00,2193.70833333333,-27.8947238253968,-0.419359667083029,-0.419360982548851
2023-03-03 17:30:00,2193.72916666667,-28.497502244,-0.515574147528141,-0.515575463268609
2023-03-03 18:00:00,2193.75,-27.6555365069841,-0.38163994774539,-0.381641263760518
2023-03-03 18:30:00,2193.77083333333,-27.6912444875556,-0.387519894540434,-0.387521210830242
2023-03-03 19:00:00,2193.79166666667,-27.9007859661342,-0.421091737936723,-0.421093054501236
2023-03-03 19:30:00,2193.8125,-26.4748177875556,-0.194125820313077,-0.194127137152315
2023-03-03 20:00:00,2193.83333333333,-25.3152317546032,-0.00959486494361239,-0.00959618205759261
2023-03-03 20:30:00,2193.85416666667,-26.5027599844444,-0.198960984985294,-0.198962302374041
2023-03-03 21:00:00,2193.875,-25.3937809396825,-0.022491951117091,-0.0224932687806206
2023-03-03 21:30:00,2193.89583333333,-24.4273289177778,0.131272330136254,0.131271012197918
2023-03-03 22:00:00,2193.91666666667,-23.6132762015873,0.26075919708537,0.260757878872205
2023-03-03 22:30:00,2193.9375,-25.0081689182222,0.0383593820729902,0.0383580635849819
2023-03-03 23:00:00,2193.95833333333,-24.0816889377778,0.185755800638622,0.185754481875749
2023-03-03 23:30:00,2193.97916666667,-24.661564424,0.0931886209805544,0.0931873019427901
2023-03-04,2194,-23.4237725713725,0.290177051429863,0.290175732117195
2023-03-04 00:30:00,2194.02083333333,-24.3745600044444,0.138523141807425,0.138521822219832
2023-03-04 01:00:00,2194.04166666667,-23.7641015749206,0.235576717932501,0.23557539806996
2023-03-04 01:30:00,2194.0625,-23.6047466333333,0.260769090240494,0.260767770102985
2023-03-04 02:00:00,2194.08333333333,-23.1274094530159,0.336616164612217,0.336614844199724
2023-03-04 02:30:00,2194.10416666667,-23.6030133248889,0.26065895261133,0.260657631923829
2023-03-04 03:00:00,2194.125,-22.7630064890323,0.394279370752899,0.394278049790375
2023-03-04 06:00:00,2194.25,-17.3792964658824,1.25074658879595,1.25074526618286
2023-03-04 06:30:00,2194.27083333333,-17.4339651991304,1.24184387987375,1.2418425569855
2023-03-04 07:00:00,2194.29166666667,-17.1977082484706,1.27928574474511,1.27928442158168
2023-03-04 07:30:00,2194.3125,-17.5078771438596,1.22968148633116,1.22968016289253
2023-03-04 08:00:00,2194.33333333333,-17.5871693468235,1.21685595450561,1.21685463079176
2023-03-04 08:30:00,2194.35416666667,-17.8475042730435,1.17519009201261,1.17518876802352
2023-03-04 09:00:00,2194.375,-16.0677152778824,1.45851733264084,1.45851600837649
2023-03-04 09:30:00,2194.39583333333,-16.32579128,1.41721112749164,1.41720980295202
2023-03-04 10:00:00,2194.41666666667,-16.9491858463529,1.31770931859598,1.31770799378105
2023-03-04 10:30:00,2194.4375,-16.7053825895652,1.3563526472592,1.35635132216897
2023-03-04 11:00:00,2194.45833333333,-16.9041552703529,1.32449321744374,1.32449189207817
2023-03-04 11:30:00,2194.47916666667,-16.7725826226087,1.34525793920446,1.34525661356353
2023-03-04 12:00:00,2194.5,-16.646757636,1.36510695913619,1.3651056332199
2023-03-04 12:30:00,2194.52083333333,-16.5087826104348,1.38689139367848,1.3868900674868
2023-03-04 13:00:00,2194.54166666667,-17.1389034802353,1.28631750794542,1.28631618147833
2023-03-04 13:30:00,2194.5625,-16.8307826382609,1.33520610214943,1.33520477540691
2023-03-04 14:00:00,2194.58333333333,-16.5145035122353,1.38539422163006,1.3853928946121
2023-03-04 14:30:00,2194.60416666667,-16.8269999617391,1.33541784742035,1.33541652012693
2023-03-04 15:00:00,2194.625,-17.0986258976471,1.29195208008041,1.29195075251151
2023-03-04 15:30:00,2194.64583333333,-17.4631999956522,1.2336795089689,1.2336781811245
2023-03-04 17:00:00,2194.70833333333,-18.7377364821176,1.03005739505023,1.03005606637922
2023-03-04 17:30:00,2194.72916666667,-18.636765226087,1.0459461512615,1.04594482231492
2023-03-04 18:00:00,2194.75,-19.2248329642353,0.952070408302268,0.9520690790801
2023-03-04 18:30:00,2194.77083333333,-19.1628260234783,0.961751931267047,0.961750601769274
2023-03-04 19:00:00,2194.79166666667,-20.1224447011765,0.808687668193832,0.808686338420432
2023-03-04 19:30:00,2194.8125,-19.9058957582609,0.84298765266162,0.842986322612576
2023-03-04 20:00:00,2194.83333333333,-20.74284702,0.709464206782228,0.709462876457525
2023-03-04 20:30:00,2194.85416666667,-20.3634260756522,0.769709627690688,0.769708297090306
2023-03-04 21:00:00,2194.875,-21.7985683764151,0.540893732092727,0.540892401216648
2023-03-04 21:30:00,2194.89583333333,-21.8084260669565,0.539126598603073,0.539125267451283
2023-03-04 22:00:00,2194.91666666667,-21.9685270458824,0.513425507107361,0.51342417567984
2023-03-04 22:30:00,2194.9375,-21.7096608843478,0.55446608571067,0.554464754007403
2023-03-04 23:00:00,2194.95833333333,-22.420068196,0.441100612630382,0.441099280651348
2023-03-04 23:30:00,2194.97916666667,-21.8998087678261,0.523781135929011,0.523779803674194
2023-03-05,2195,-22.1225529141176,0.488100564156174,0.488099231625558
2023-03-05 00:30:00,2195.02083333333,-22.1702868930435,0.480299142434707,0.480297809628277
2023-03-05 01:00:00,2195.04166666667,-23.0141882828235,0.345667588564033,0.345666255481768
2023-03-05 01:30:00,2195.0625,-22.7877999713043,0.381533854328752,0.381532520970635
2023-03-05 02:00:00,2195.08333333333,-23.3309459322353,0.294812665975028,0.294811332341045
2023-03-05 02:30:00,2195.10416666667,-23.4875044304348,0.269675042121418,0.269673708211549
2023-03-05 03:00:00,2195.125,-22.0638353021176,0.496268713874251,0.496267379688479
2023-03-05 03:30:00,2195.14583333333,-21.7707217356522,0.54276398219274,0.542762647731052
2023-03-05 04:00:00,2195.16666666667,-22.11302824,0.48803628465458,0.488034949916956
2023-03-05 04:30:00,2195.1875,-21.7614955920354,0.543837565434112,0.543836230420538
2023-03-05 07:30:00,2195.3125,-21.8149055751852,0.534138606963227,0.534137270293596
2023-03-05 08:30:00,2195.35416666667,-21.1570054940741,0.638544902077348,0.638543564855569
2023-03-05 09:30:00,2195.39583333333,-21.45613701,0.590495002905984,0.590493665131989
2023-03-05 10:30:00,2195.4375,-21.005499987963,0.661883390858961,0.661882052532692
2023-03-05 11:30:00,2195.47916666667,-21.1396370472222,0.640116473212011,0.640115134333399
2023-03-05 12:30:00,2195.52083333333,-20.9295499905556,0.673184326860602,0.673182987429587
2023-03-05 13:30:00,2195.5625,-21.4956778224074,0.582600217921825,0.582598877938344
2023-03-05 14:30:00,2195.60416666667,-22.2042981361111,0.46931657884834,0.469315238312332
2023-03-05 15:30:00,2195.64583333333,-23.3623426,0.284438975742545,0.284437634653945
2023-03-05 16:30:00,2195.6875,-22.778294435,0.377077597800919,0.377076256159673
2023-03-05 17:30:00,2195.72916666667,-22.3680147887037,0.442034395319455,0.442033053125495
2023-03-05 18:30:00,2195.77083333333,-23.1959795994444,0.309737590839679,0.309736248092948
2023-03-05 20:30:00,2195.85416666667,-24.1858166575926,0.151251878657366,0.151250534804916
2023-03-05 21:30:00,2195.89583333333,-24.3263203855556,0.128466991784755,0.128465647379354
2023-03-05 22:30:00,2195.9375,-23.4591018161111,0.266212612716499,0.266211267758096
2023-03-05 23:30:00,2195.97916666667,-23.0116555644444,0.337087829354959,0.337086483843489
2023-03-06 00:30:00,2196.02083333333,-22.0430610898148,0.490981956440291,0.490980610375701
2023-03-06 01:30:00,2196.0625,-23.4756771846011,0.262361150199867,0.2623598035821
2023-03-06 02:30:00,2196.10416666667,-24.8509351755556,0.0428771574126261,0.0428758102416263
2023-03-06 03:30:00,2196.14583333333,-25.0865277662963,0.00494230402967244,0.00494095630538005
2023-03-06 04:30:00,2196.1875,-24.2660611433333,0.135238065001366,0.135236716723734
2023-03-06 05:30:00,2196.22916666667,-24.0449980862963,0.170048036726371,0.170046687895337
2023-03-06 09:00:00,2196.375,-25.0082000194444,0.0151869879178002,0.0151856371494464
2023-03-06 10:00:00,2196.41666666667,-24.9279259124074,0.0275675040328018,0.02756615271081
2023-03-06 11:00:00,2196.45833333333,-25.223342622963,-0.0199001672757216,-0.0199015191514076
2023-03-06 12:00:00,2196.5,-24.8882222135185,0.0330768037224666,0.033075451293043
2023-03-06 13:00:00,2196.54166666667,-26.7102555635185,-0.257582731977179,-0.257584084960399
2023-03-06 14:00:00,2196.58333333333,-27.0105907277778,-0.305835030344455,-0.305836383881518
2023-03-06 16:00:00,2196.66666666667,-26.6378407594444,-0.247274190575434,-0.247275545220332
2023-03-06 17:00:00,2196.70833333333,-28.9905280651685,-0.622468763697541,-0.622470118896435
2023-03-06 20:00:00,2196.83333333333,-25.2243068379545,-0.0237386636034761,-0.0237400204646335
2023-03-06 20:30:00,2196.85416666667,-23.87659996,0.190746409448836,0.190745052310595
2023-03-06 21:00:00,2196.875,-24.8681477468182,0.0325864503666157,0.0325850929512757
2023-03-06 21:30:00,2196.89583333333,-23.654489882,0.225717235107401,0.22571587741495
2023-03-06 22:00:00,2196.91666666667,-24.5868496669704,0.0769857823428244,0.0769844243732554
2023-03-06 22:30:00,2196.9375,-24.350590036,0.11441614535046,0.114414787103756
2023-03-06 23:00:00,2196.95833333333,-23.6602909043182,0.224175233013028,0.22417387448918
2023-03-06 23:30:00,2196.97916666667,-24.079499875,0.157188794856697,0.157187436055696
2023-03-07,2197,-23.8547249754545,0.192789355208626,0.192787996130461
2023-03-07 00:30:00,2197.02083333333,-23.21394995,0.294658940705319,0.294657581349971
2023-03-07 01:00:00,2197.04166666667,-22.9422954704545,0.337727267295679,0.337725907663145
2023-03-07 01:30:00,2197.0625,-22.142449968,0.46493670914883,0.464935349239098
2023-03-07 02:00:00,2197.08333333333,-23.3930682327273,0.265505715491311,0.265504355304366
2023-03-07 02:30:00,2197.10416666667,-22.324549986,0.435514733306439,0.435513372842274
2023-03-07 03:00:00,2197.125,-22.6709886377273,0.380120013993166,0.380118653251767
2023-03-07 03:30:00,2197.14583333333,-22.358440043,0.429702341927994,0.429700980909349
2023-03-07 04:00:00,2197.16666666667,-24.2328658954545,0.130897985581881,0.130896624285984
2023-03-07 04:30:00,2197.1875,-23.782909964,0.202369216464847,0.202367854891682
2023-03-07 05:00:00,2197.20833333333,-24.6838659065909,0.058639128481207,0.0586377666307648
2023-03-07 05:30:00,2197.22916666667,-24.062850096,0.157360136472735,0.157358774345008
2023-03-07 06:00:00,2197.25,-24.5629068122727,0.077493397902885,0.0774920354978633
2023-03-07 06:30:00,2197.27083333333,-23.770299987,0.203548793381235,0.2035474306989
2023-03-07 07:00:00,2197.29166666667,-26.4492977215909,-0.223424990224715,-0.223426353184366
2023-03-07 07:30:00,2197.3125,-26.064930015,-0.162402561751815,-0.162403924988793
2023-03-07 08:00:00,2197.33333333333,-26.5295227393182,-0.236620228393761,-0.23662159190808
2023-03-07 08:30:00,2197.35416666667,-26.385809896,-0.213934475175473,-0.213935838967143
2023-03-07 09:00:00,2197.375,-28.0220567890909,-0.474797671688451,-0.474799035757478
2023-03-07 09:30:00,2197.39583333333,-27.763050041,-0.433745700503168,-0.433747064849566
2023-03-07 10:00:00,2197.41666666667,-29.7606613686364,-0.752174693075232,-0.752176057699008
2023-03-07 10:30:00,2197.4375,-29.590179979,-0.725225058100226,-0.725226423001393
2023-03-07 11:00:00,2197.45833333333,-29.7889863729545,-0.757103322582406,-0.757104687760975
2023-03-07 11:30:00,2197.47916666667,-28.816800076,-0.60244170620392,-0.602443071659896
2023-03-07 12:00:00,2197.5,-30.2728568504545,-0.834601037933392,-0.834602403666786
2023-03-07 12:30:00,2197.52083333333,-29.800070005,-0.759494294189442,-0.75949566020027
2023-03-07 13:00:00,2197.54166666667,-31.1920249768182,-0.981442346031249,-0.981443712319514
2023-03-07 13:30:00,2197.5625,-30.521630004,-0.8748566694118,-0.874858035977512
2023-03-07 14:00:00,2197.58333333333,-30.7400250193182,-0.909855964515982,-0.909857331359154
2023-03-07 14:30:00,2197.60416666667,-30.231779959,-0.82910106775188,-0.829102434872521
2023-03-07 15:00:00,2197.625,-29.3410772975,-0.687420493230289,-0.687421860628405
2023-03-07 15:30:00,2197.64583333333,-28.569629993,-0.564737473693069,-0.564738841368674
2023-03-07 16:00:00,2197.66666666667,-28.5716431609091,-0.565267351501164,-0.565268719454262
2023-03-07 16:30:00,2197.6875,-28.83711991,-0.607767257405124,-0.607768625635729
2023-03-07 17:00:00,2197.70833333333,-29.2550750115909,-0.674557165137745,-0.674558533645866
2023-03-07 17:30:00,2197.72916666667,-29.386330069,-0.695675642238545,-0.695677011024188
2023-03-07 18:00:00,2197.75,-28.93514547,-0.62401115711363,-0.624012526176803
2023-03-07 18:30:00,2197.77083333333,-28.6068750727273,-0.571927083391849,-0.57192845273257
2023-03-07 21:30:00,2197.89583333333,-28.5782110624074,-0.568620611329514,-0.568621982335671
2023-03-07 22:30:00,2197.9375,-29.1607903382189,-0.661846543342915,-0.661847914904286
2023-03-07 23:30:00,2197.97916666667,-28.8491221985185,-0.612618586984105,-0.612619959100724
2023-03-08 00:30:00,2198.02083333333,-28.8531037212963,-0.61367421116839,-0.613675583840295
2023-03-08 01:30:00,2198.0625,-29.0745324571429,-0.64936969531225,-0.649371068539465
2023-03-08 02:30:00,2198.10416666667,-28.7973729415584,-0.605640078016864,-0.605641451799431
2023-03-08 03:30:00,2198.14583333333,-29.0469851916667,-0.645825942528542,-0.645827316866488
2023-03-08 04:30:00,2198.1875,-29.1227332944444,-0.658315487003133,-0.658316861896488
2023-03-08 05:30:00,2198.22916666667,-28.930817855948,-0.628166400738439,-0.628167776187236
2023-03-08 06:30:00,2198.27083333333,-28.2338905230056,-0.51756892124516,-0.517570297249433
2023-03-08 07:00:00,2198.29166666667,-28.3359313684601,-0.534036008033201,-0.534037384315219
2023-03-08 08:00:00,2198.33333333333,-27.9734018037037,-0.476708875236169,-0.476710252073707
2023-03-08 09:00:00,2198.375,-27.752142587037,-0.441886571744658,-0.441887949137737
2023-03-08 09:30:00,2198.39583333333,-27.0733339070501,-0.333964223501701,-0.333965601172566
2023-03-08 10:30:00,2198.4375,-26.8688889118519,-0.301820979949639,-0.301822358176092
2023-03-08 11:30:00,2198.47916666667,-27.0460555492593,-0.330469103532967,-0.330470482315036
2023-03-08 12:00:00,2198.5,-26.6463758968519,-0.267012660548616,-0.267014039608502
2023-03-08 13:00:00,2198.54166666667,-26.0515584634508,-0.172683711609375,-0.172685091224921
2023-03-08 14:00:00,2198.58333333333,-25.9448814688889,-0.156116244219832,-0.156117624391066
2023-03-08 14:30:00,2198.60416666667,-25.5331648074074,-0.0907427481025408,-0.0907441285516244
2023-03-08 15:30:00,2198.64583333333,-24.7859777764815,0.0278578849886648,0.0278565039838587
2023-03-08 17:00:00,2198.70833333333,-24.5146043126882,0.0704470039430036,0.0704456221045643
2023-03-08 17:30:00,2198.72916666667,-24.2662132733333,0.109802071425896,0.109800689309569
2023-03-08 18:00:00,2198.75,-23.84401668,0.176844397904484,0.17684301551026
2023-03-08 18:30:00,2198.77083333333,-24.3068815092593,0.10289571735902,0.102894334686892
2023-03-08 19:30:00,2198.8125,-23.2875203192593,0.264852448744779,0.264851065516834
2023-03-08 23:00:00,2198.95833333333,-22.6558944281481,0.363969254626764,0.363967869453258
2023-03-09,2199,-22.578838917037,0.375814402468268,0.37581301673884
2023-03-09 01:00:00,2199.04166666667,-23.1298698702602,0.287604569305275,0.287603183019903
2023-03-09 02:00:00,2199.08333333333,-22.6289888975881,0.366964699469444,0.366963312628104
2023-03-09 03:00:00,2199.125,-23.4849795808905,0.23017384724318,0.230172459845861
2023-03-09 04:00:00,2199.16666666667,-22.8482037196296,0.331181414579614,0.331180026626291
2023-03-09 05:00:00,2199.20833333333,-23.1586499672222,0.281295465564668,0.281294077055318
2023-03-09 06:00:00,2199.25,-23.303107382037,0.257851298935629,0.257849909870238
2023-03-09 07:00:00,2199.29166666667,-23.9850649513915,0.148782616512437,0.148781226890986
2023-03-09 08:00:00,2199.33333333333,-23.7347981305556,0.188217588775505,0.188216198597973
2023-03-09 09:00:00,2199.375,-23.6750944442593,0.197295360899307,0.197293970165685
2023-03-09 10:00:00,2199.41666666667,-24.4334471248609,0.0760558127768333,0.0760544214870967
2023-03-09 11:30:00,2199.47916666667,-24.9267425411111,-0.00317730358424206,-0.0031786957081722
2023-03-09 12:30:00,2199.52083333333,-25.2401592316667,-0.0535391205789125,-0.0535405132589969
2023-03-09 13:30:00,2199.5625,-24.802782925974,0.0157005676267826,0.015699174390538
2023-03-09 14:30:00,2199.60416666667,-24.2512722192593,0.103121592072103,0.103120198279675
2023-03-09 15:30:00,2199.64583333333,-23.7119110907407,0.188606824846561,0.18860543049794
2023-03-09 16:30:00,2199.6875,-23.9573370511111,0.149074558583614,0.149073163678787
2023-03-09 17:30:00,2199.72916666667,-23.925981461039,0.153633436362195,0.15363204090115
2023-03-09 18:00:00,2199.75,-23.8431325021687,0.166613156695692,0.166611760956531
2023-03-09 18:30:00,2199.77083333333,-24.3506719792,0.0855434886912101,0.0855420926739298
2023-03-09 19:00:00,2199.79166666667,-23.555994428757,0.211917835171598,0.2119164388762
2023-03-09 20:00:00,2199.83333333333,-23.2158833201852,0.265660801827484,0.265659404975833
2023-03-09 20:30:00,2199.85416666667,-23.5500048645783,0.212216380298567,0.21221498316879
2023-03-09 21:00:00,2199.875,-22.8779120312,0.319062539741799,0.319061142333893
2023-03-10 00:30:00,2200.02083333333,-23.2535703638889,0.257686459970785,0.257685060615886
2023-03-10 01:00:00,2200.04166666667,-23.7061729865169,0.185367122880608,0.18536572324756
2023-03-10 01:30:00,2200.0625,-23.6830212414894,0.188835708330538,0.188834308419341
2023-03-10 02:00:00,2200.08333333333,-24.0592611485185,0.128680830018425,0.128679429829067
2023-03-10 03:00:00,2200.125,-22.9923685240741,0.298198138568387,0.298196737822718
2023-03-10 03:30:00,2200.14583333333,-23.5000359577528,0.217106496972432,0.217105095948596
2023-03-10 04:00:00,2200.16666666667,-23.0373789378947,0.290588146164027,0.290586744862032
2023-03-10 04:30:00,2200.1875,-23.6087847860853,0.19934275348304,0.199341351902883
2023-03-10 05:30:00,2200.22916666667,-23.6037703687037,0.19970122429165,0.199699822155161
2023-03-10 06:00:00,2200.25,-23.3478022391011,0.240256833578718,0.240255431164059
2023-03-10 06:30:00,2200.27083333333,-22.8525367936842,0.318932588354257,0.318931185661425
2023-03-10 07:00:00,2200.29166666667,-24.2116314914815,0.102207359269849,0.102205956298848
2023-03-10 08:00:00,2200.33333333333,-23.4851722022222,0.217491634607754,0.217490231080402
2023-03-10 08:30:00,2200.35416666667,-23.6014202150562,0.198752507069163,0.198751103263638
2023-03-10 09:00:00,2200.375,-23.7014000715789,0.182604820672201,0.182603416588502
2023-03-10 09:30:00,2200.39583333333,-23.3812462862963,0.23338463589157,0.233383231529687
2023-03-10 10:30:00,2200.4375,-23.2201833388889,0.2585999922326,0.258598587314363
2023-03-10 11:00:00,2200.45833333333,-23.2863977608989,0.247830812828922,0.247829407632502
2023-03-10 11:30:00,2200.47916666667,-22.8178737,0.322245768240672,0.322244362766073
2023-03-10 12:00:00,2200.5,-23.6296629312963,0.192705813663884,0.192704407911101
2023-03-10 13:00:00,2200.54166666667,-24.4352722327778,0.0639287136768056,0.0639273073676566
2023-03-10 13:30:00,2200.5625,-24.7518449177528,0.0132768461443167,0.0132754395569858
2023-03-10 14:00:00,2200.58333333333,-24.4364630715789,0.0632956995256142,0.0632942926600923
2023-03-10 14:30:00,2200.60416666667,-24.6555166614815,0.0281785185534386,0.0281771114097339
2023-03-10 15:30:00,2200.64583333333,-25.1561425925926,-0.0520153874537409,-0.052016795153821
2023-03-10 16:00:00,2200.66666666667,-25.3614314759551,-0.0849401030839823,-0.084941511062246
2023-03-10 16:30:00,2200.6875,-25.7949052926316,-0.154214929013409,-0.154216337269857
2023-03-10 17:00:00,2200.70833333333,-25.5614351955556,-0.11724520020581,-0.117246608740446
2023-03-10 18:00:00,2200.75,-25.7970629496296,-0.155225580683058,-0.155226989774066
2023-03-10 18:30:00,2200.77083333333,-25.3643483235955,-0.0865163178491485,-0.0865177272183456
2023-03-10 19:00:00,2200.79166666667,-25.1011998989474,-0.0448191592862562,-0.0448205689336375
2023-03-10 19:30:00,2200.8125,-25.4645999912963,-0.10293171440779,-0.102933124333359
2023-03-10 20:30:00,2200.85416666667,-24.8463499909259,-0.00488963042866697,-0.00489104091060766
2023-03-10 21:00:00,2200.875,-23.966006748764,0.135126755040215,0.135125344280091
2023-03-10 21:30:00,2200.89583333333,-23.2411473768421,0.250374361795825,0.25037295075751
2023-03-10 22:00:00,2200.91666666667,-22.2394981411111,0.409714704608845,0.409713293292349
2023-03-11 01:30:00,2201.0625,-24.12751432,0.107388269653245,0.107386856389477
2023-03-11 02:00:00,2201.08333333333,-21.8828693520792,0.464738025536193,0.464736611994245
2023-03-11 02:30:00,2201.10416666667,-22.0840518255556,0.432465635399096,0.432464221578973
2023-03-11 03:30:00,2201.14583333333,-20.861735162963,0.626733536296646,0.626732121920169
2023-03-11 04:00:00,2201.16666666667,-22.6020572171429,0.349274850876439,0.349273436221791
2023-03-11 04:30:00,2201.1875,-22.1941208091089,0.414035186986645,0.414033772053828
2023-03-11 05:00:00,2201.20833333333,-25.9963184933333,-0.191881933056998,-0.191883348267988
2023-03-11 06:00:00,2201.25,-25.6346259383333,-0.134712934089982,-0.134714349857308
2023-03-11 06:30:00,2201.27083333333,-26.0004572171429,-0.193214689839274,-0.193216105884768
2023-03-11 07:00:00,2201.29166666667,-25.4773386306931,-0.11010618332671,-0.110107599650366
2023-03-11 07:30:00,2201.3125,-23.8987407544444,0.141140841809704,0.141139425207883
2023-03-11 08:30:00,2201.35416666667,-23.1042833455556,0.267248726120072,0.267247308961932
2023-03-11 09:00:00,2201.375,-21.8499714428571,0.46683650460514,0.466835087168845
2023-03-11 09:30:00,2201.39583333333,-22.1481544730693,0.419110644461202,0.419109226746745
2023-03-11 10:00:00,2201.41666666667,-22.3940222649351,0.379718552815399,0.379717134822792
2023-03-11 11:00:00,2201.45833333333,-22.8309203907407,0.309669756807912,0.309668338259006
2023-03-11 11:30:00,2201.47916666667,-22.4016284371429,0.377830836198569,0.377829417371514
2023-03-11 12:00:00,2201.5,-22.4273287047525,0.373511243367873,0.373509824262676
2023-03-11 12:30:00,2201.52083333333,-22.7184259337037,0.326913638728419,0.326912219345078
2023-03-11 13:30:00,2201.5625,-23.1966518431481,0.250280434998346,0.250279015058729
2023-03-11 14:00:00,2201.58333333333,-22.50497142,0.36023975418349,0.360238333965737
2023-03-11 14:30:00,2201.60416666667,-22.5574336388119,0.351656532635482,0.3516551121396
2023-03-11 15:00:00,2201.625,-23.2242000072222,0.245214135000751,0.245212714226742
2023-03-11 16:00:00,2201.66666666667,-22.9995592196296,0.280547237576816,0.280545816246554
2023-03-11 16:30:00,2201.6875,-23.2531428771429,0.239924883027969,0.239923461419587
2023-03-11 17:00:00,2201.70833333333,-23.1081190184524,0.262800904709727,0.262799482823226
2023-03-11 17:30:00,2201.72916666667,-23.3799500442593,0.219271559479892,0.219270137315275
2023-03-11 18:30:00,2201.77083333333,-23.177362502974,0.251090704799924,0.251089282079087
2023-03-11 19:00:00,2201.79166666667,-24.0758285457143,0.107737695981239,0.107736272982299
2023-03-11 19:30:00,2201.8125,-24.3241428444444,0.0679542387845282,0.0679528155074841
2023-03-11 20:00:00,2201.83333333333,-24.4684026194805,0.0447466557946613,0.0447452322395165
2023-03-11 21:00:00,2201.875,-24.9488555911111,-0.0322438986098048,-0.0322453227211318
2023-03-11 21:30:00,2201.89583333333,-24.8965712971429,-0.0241421281087327,-0.0241435524981547
2023-03-11 22:00:00,2201.91666666667,-24.5874325718254,0.0248766511976961,0.0248752265301919
2023-03-11 22:30:00,2201.9375,-25.101431487963,-0.0572310696346697,-0.0572324945802527
2023-03-11 23:30:00,2201.97916666667,-23.5572666690741,0.188300580354354,0.188299154852616
2023-03-12 03:30:00,2202.14583333333,-24.4216466346667,0.0487811781842507,0.048779750458065
2023-03-12 04:00:00,2202.16666666667,-24.8988388868519,-0.0274641547911243,-0.0274655827953442
2023-03-12 05:00:00,2202.20833333333,-25.1621148037037,-0.0698609846874026,-0.0698624132476865
2023-03-12 05:30:00,2202.22916666667,-24.7424765255319,-0.00324082904426326,-0.00324225788256793
2023-03-12 06:00:00,2202.25,-25.1591245986885,-0.0698417719808135,-0.0698432010971344
2023-03-12 06:30:00,2202.27083333333,-25.2129444553704,-0.0786440059147385,-0.0786454353090752
2023-03-12 07:30:00,2202.3125,-25.4552370690741,-0.117699032404073,-0.117700462354423
2023-03-12 09:00:00,2202.375,-25.4606577597315,-0.119249650262764,-0.119251081047094
2023-03-12 11:00:00,2202.45833333333,-25.7849956635965,-0.171834230426858,-0.171835662323103
2023-03-12 11:30:00,2202.47916666667,-26.0223471819444,-0.209874039237488,-0.209875471411694
2023-03-12 21:30:00,2202.89583333333,-22.5036860928251,0.346042563007563,0.346041125275303
2023-03-16 17:00:00,2206.70833333333,-24.6414666866667,-0.038210804840221,-0.0382122932382343
2023-03-16 17:30:00,2206.72916666667,-24.8624382264045,-0.073657954548029,-0.0736594432215467
2023-03-16 18:30:00,2206.77083333333,-24.6882044345725,-0.0463950738568164,-0.0463965630812957
2023-03-16 19:00:00,2206.79166666667,-24.4206665518519,-0.0040225592291534,-0.00402404872908035
2023-03-16 19:30:00,2206.8125,-25.3646016695021,-0.154638637816529,-0.154640127591884
2023-03-16 20:00:00,2206.83333333333,-25.116551431028,-0.115370675856812,-0.115372165907587
2023-03-16 21:00:00,2206.875,-25.510470126306,-0.178615677438013,-0.178617168039549
2023-03-16 21:30:00,2206.89583333333,-25.3502362763636,-0.153337164209124,-0.153338655086017
2023-03-16 22:00:00,2206.91666666667,-25.8881546169072,-0.239274872197274,-0.2392763633495
2023-03-16 22:30:00,2206.9375,-26.0552430471243,-0.266139188803534,-0.266140680231078
2023-03-16 23:30:00,2206.97916666667,-25.7863989283859,-0.223806383979398,-0.223807875957515
2023-03-17,2207,-25.6794545927273,-0.207017319962841,-0.207018812216216
2023-03-17 00:30:00,2207.02083333333,-26.3390865921649,-0.312344492138077,-0.312345984666693
2023-03-17 01:00:00,2207.04166666667,-25.8413518233333,-0.233302389233951,-0.233303882037782
2023-03-17 02:00:00,2207.08333333333,-26.5167717840445,-0.341392308951201,-0.341393802305412
2023-03-17 02:30:00,2207.10416666667,-24.9189999327273,-0.087113747040012,-0.0871152406693783
2023-03-17 03:00:00,2207.125,-26.0595360612371,-0.269049681191299,-0.269051175095801
2023-03-17 03:30:00,2207.14583333333,-25.5479739968401,-0.187805270618608,-0.18780676479823
2023-03-17 04:30:00,2207.1875,-25.5306407677778,-0.185539892471359,-0.185541387201156
2023-03-17 05:00:00,2207.20833333333,-24.5700727963636,-0.0327687539024125,-0.032770248907269
2023-03-17 05:30:00,2207.22916666667,-25.6140661588843,-0.199325746202214,-0.199327241482105
2023-03-17 06:00:00,2207.25,-25.7662875929499,-0.223822910884774,-0.223824406439683
2023-03-17 07:00:00,2207.29166666667,-26.1479757918063,-0.285122710078348,-0.285124206183229
2023-03-17 10:30:00,2207.4375,-25.9237704307407,-0.251147170902172,-0.251148668931307
2023-03-17 11:30:00,2207.47916666667,-25.2484712285714,-0.144069519474988,-0.144071018053714
2023-03-17 12:00:00,2207.5,-24.856876644486,-0.081937335647393,-0.0819388345008926
2023-03-17 12:30:00,2207.52083333333,-24.9751999,-0.101035505504178,-0.10103700463242
2023-03-17 13:00:00,2207.54166666667,-24.769579617963,-0.0685293157457919,-0.0685308151487548
2023-03-17 14:00:00,2207.58333333333,-24.4868037440741,-0.0239816852821523,-0.0239831852345028
2023-03-17 14:30:00,2207.60416666667,-24.627943908785,-0.0467149145303597,-0.046716414757367
2023-03-17 15:00:00,2207.625,-25.62840004,-0.206337868603233,-0.206339369104881
2023-03-17 15:30:00,2207.64583333333,-23.8695111018519,0.073604741484488,0.0736032407082274
2023-03-17 16:30:00,2207.6875,-23.6414981509259,0.109427826517322,0.10942632519189
2023-03-17 17:00:00,2207.70833333333,-22.4984486074766,0.291266549382522,0.291265047782542
2023-03-17 17:30:00,2207.72916666667,-22.30740012,0.321450746596733,0.321449244722227
2023-03-17 18:00:00,2207.75,-22.8304582397032,0.237877173887091,0.237875671738071
2023-03-17 19:00:00,2207.79166666667,-19.298738897963,0.799982276777825,0.799980774079864
2023-03-17 19:30:00,2207.8125,-19.6006111951402,0.751643532578606,0.751642029606203
2023-03-17 20:00:00,2207.83333333333,-20.17539978,0.659828951759651,0.659827448512827
2023-03-17 20:30:00,2207.85416666667,-20.9347110948148,0.538619691266133,0.538618187744916
2023-03-17 21:30:00,2207.89583333333,-20.4642240666667,0.613067529542371,0.613066025472427
2023-03-17 22:00:00,2207.91666666667,-21.2575401807477,0.48644104962668,0.48643954528241
2023-03-17 22:30:00,2207.9375,-22.3354,0.31448647733678,0.314484972718202
2023-03-17 23:00:00,2207.95833333333,-21.1920425635185,0.496373324424535,0.496371819531678
2023-03-18,2208,-20.6337684881481,0.584804934197312,0.584803428755953
2023-03-18 00:30:00,2208.02083333333,-19.9178560740187,0.698599253650085,0.698597747934514
2023-03-18 01:00:00,2208.04166666667,-18.9119999,0.85858174460928,0.858580238619521
2023-03-18 01:30:00,2208.0625,-20.203762987037,0.652551768766274,0.652550262502345
2023-03-18 02:30:00,2208.10416666667,-20.0027129262963,0.684076571480116,0.68407506466792
2023-03-18 03:00:00,2208.125,-19.6357924919626,0.742275836273022,0.742274329186724
2023-03-18 03:30:00,2208.14583333333,-19.98740006,0.686013000338992,0.686011492978617
2023-03-18 04:00:00,2208.16666666667,-20.0262814931481,0.679567584722691,0.679566077088267
2023-03-18 05:00:00,2208.20833333333,-19.3747611187037,0.782851865679808,0.78285035749735
2023-03-18 05:30:00,2208.22916666667,-19.8120859656075,0.712933900369042,0.712932391912605
2023-03-18 06:00:00,2208.25,-20.19239998,0.652097725099009,0.652096216368606
2023-03-18 06:30:00,2208.27083333333,-19.613368512037,0.744085894441552,0.744084385437218
2023-03-18 07:30:00,2208.3125,-19.2225018481481,0.805847090012175,0.805845580460044
2023-03-18 08:00:00,2208.33333333333,-21.8069644714019,0.393888161285681,0.393886651459685
2023-03-18 08:30:00,2208.35416666667,-22.38740006,0.301172095124652,0.30117058502482
2023-03-18 12:00:00,2208.5,-25.730513906679,-0.233156294151379,-0.233157806167412
2023-03-18 12:30:00,2208.52083333333,-25.5067384876923,-0.19776158020045,-0.197763092490126
2023-03-18 13:00:00,2208.54166666667,-25.4273072963415,-0.185361080728325,-0.185362593291618
2023-03-18 13:30:00,2208.5625,-25.6751796216667,-0.225100341191537,-0.225101854028433
2023-03-18 14:30:00,2208.60416666667,-26.0062963090741,-0.278353737299866,-0.278355250683874
2023-03-18 15:00:00,2208.625,-26.4969769815385,-0.356772768282931,-0.356774281940462
2023-03-18 15:30:00,2208.64583333333,-26.3736462934146,-0.33737942644823,-0.33738094037926
2023-03-18 16:00:00,2208.66666666667,-26.1353302311688,-0.299668908017546,-0.299670422222044
2023-03-18 17:00:00,2208.70833333333,-26.3559349096654,-0.335318419010843,-0.335319933762208
2023-03-18 17:30:00,2208.72916666667,-26.9726769653846,-0.433819496626798,-0.433821011651556
2023-03-18 18:00:00,2208.75,-27.0591271809291,-0.447844780691394,-0.44784629598953
2023-03-18 18:30:00,2208.77083333333,-26.3618648157407,-0.337024166103674,-0.337025681675153
2023-03-18 19:30:00,2208.8125,-26.4704166877778,-0.354824340206972,-0.354825856325071
2023-03-18 20:00:00,2208.83333333333,-26.3198460815385,-0.331092339824559,-0.331093856215924
2023-03-18 20:30:00,2208.85416666667,-26.5054171029268,-0.360908016313136,-0.360909532977742
2023-03-18 21:00:00,2208.875,-26.8173462590741,-0.410852709312215,-0.410854226250042
2023-03-18 22:00:00,2208.91666666667,-26.7863432753247,-0.406422448787483,-0.406423966271667
2023-03-18 22:30:00,2208.9375,-27.7254846430769,-0.55628272115241,-0.556284238909737
2023-03-18 23:00:00,2208.95833333333,-27.3104292290244,-0.490418553666198,-0.490420071696637
2023-03-18 23:30:00,2208.97916666667,-27.0132296287037,-0.443328976712131,-0.443330495015661
2023-03-19 00:30:00,2209.02083333333,-27.0988759059259,-0.457481778816175,-0.457483297665804
2023-03-19 01:00:00,2209.04166666667,-26.6887691661538,-0.392406239217141,-0.392407758339777
2023-03-19 01:30:00,2209.0625,-27.047309745122,-0.449776841831086,-0.449778361226714
2023-03-19 02:00:00,2209.08333333333,-27.0651629587037,-0.452875778699799,-0.452877298368382
2023-03-19 03:00:00,2209.125,-27.0416074040741,-0.449633401318257,-0.449634921532676
2023-03-19 03:30:00,2209.14583333333,-26.2487615576923,-0.323587623463859,-0.323589143951158
2023-03-19 04:00:00,2209.16666666667,-26.8432389607317,-0.418543505530044,-0.418545026290192
2023-03-19 04:30:00,2209.1875,-26.6447630227778,-0.387181428578511,-0.387182949611487
2023-03-19 05:30:00,2209.22916666667,-26.6328314805556,-0.385791513411341,-0.385793034989887
2023-03-19 06:00:00,2209.25,-25.3241077223077,-0.177566389664222,-0.177567911515515
2023-03-19 06:30:00,2209.27083333333,-25.500653647561,-0.205945862616688,-0.205947384740696
2023-03-19 07:00:00,2209.29166666667,-28.6421148251852,-0.706638528729893,-0.706640051126589
2023-03-19 08:00:00,2209.33333333333,-29.6965185190741,-0.875117325786126,-0.875118848728127
2023-03-19 08:30:00,2209.35416666667,-29.5294384746154,-0.84875723477995,-0.848758757994558
2023-03-19 09:00:00,2209.375,-29.6555268590244,-0.869099158556099,-0.869100682043292
2023-03-19 09:30:00,2209.39583333333,-31.2943580788497,-1.13042217156789,-1.13042369532764
2023-03-19 13:30:00,2209.5625,-31.5411788247672,-1.17179180040243,-1.17179332634163
2023-03-19 14:00:00,2209.58333333333,-31.8933919466049,-1.22815630025666,-1.22815782646816
2023-03-19 14:30:00,2209.60416666667,-31.322060535814,-1.13739957028755,-1.13740109677133
2023-03-19 15:00:00,2209.625,-31.8570557128015,-1.22288153051381,-1.22288305726984
2023-03-19 16:00:00,2209.66666666667,-31.5554563875696,-1.17535045728539,-1.17535198458583
2023-03-19 16:30:00,2209.6875,-31.698163024,-1.19834079497233,-1.19834232254495
2023-03-19 17:00:00,2209.70833333333,-30.8197767437209,-1.05867037537791,-1.05867190322266
2023-03-19 17:30:00,2209.72916666667,-31.5496790764378,-1.17520155513968,-1.17520308325653
2023-03-19 18:30:00,2209.77083333333,-31.4934648845805,-1.1667612492082,-1.16676277786919
2023-03-19 19:30:00,2209.8125,-32.0602333668519,-1.25756282407307,-1.25756435327808
2023-03-19 20:30:00,2209.85416666667,-31.5359740672222,-1.17456318897176,-1.17456471872066
2023-03-19 21:30:00,2209.89583333333,-30.9050130490706,-1.0745661889479,-1.0745677192406
2023-03-19 22:00:00,2209.91666666667,-30.7451758866667,-1.04936189586108,-1.04936342642562
2023-03-19 23:00:00,2209.95833333333,-30.8988014751391,-1.0743505450847,-1.07435207619286
2023-03-20,2210,-29.221948417732,-0.807742932364626,-0.807744464016282
2023-03-20 00:30:00,2210.02083333333,-29.834277775,-0.905545685695421,-0.905547217618778
2023-03-20 01:30:00,2210.0625,-28.986424072963,-0.770998703843792,-0.771000236310472
2023-03-20 02:30:00,2210.10416666667,-28.5061333416667,-0.695005059661673,-0.695006592671548
2023-03-20 03:00:00,2210.125,-28.5945888733333,-0.70935470541431,-0.709356238695743
2023-03-20 04:00:00,2210.16666666667,-28.5953851424074,-0.709999004333133,-0.710000538157588
2023-03-20 05:00:00,2210.20833333333,-27.9696277768519,-0.610833154615098,-0.61083468898246
2023-03-20 05:30:00,2210.22916666667,-28.276025922037,-0.659901580823998,-0.659903115462763
2023-03-20 06:30:00,2210.27083333333,-27.87091111,-0.595884686711583,-0.59588622189307
2023-03-20 07:30:00,2210.3125,-27.6430593753247,-0.560106219936122,-0.560107755660215
2023-03-20 08:00:00,2210.33333333333,-27.294059265,-0.504769601235091,-0.504771137230436
2023-03-20 09:00:00,2210.375,-27.5362523304267,-0.543870045175498,-0.543871581713267
2023-03-20 10:00:00,2210.41666666667,-27.2509018311111,-0.498932714037409,-0.498934251117469
2023-03-20 10:30:00,2210.4375,-27.6681037161111,-0.565652985446517,-0.565654522797681
2023-03-20 11:30:00,2210.47916666667,-27.434092595,-0.52889449110616,-0.528896028999436
2023-03-20 15:00:00,2210.625,-27.1584166703704,-0.486800165719759,-0.486801705509456
2023-03-20 15:30:00,2210.64583333333,-26.8358980605769,-0.435683160632533,-0.435684700693019
2023-03-20 16:00:00,2210.66666666667,-27.036700055,-0.467931574278742,-0.467933114609984
2023-03-20 16:30:00,2210.6875,-27.0037666474074,-0.462945843830559,-0.462947384432532
2023-03-20 17:30:00,2210.72916666667,-27.1265518496296,-0.483027001417576,-0.48302854256091
2023-03-20 18:00:00,2210.75,-27.6646230936538,-0.569002937249351,-0.569004478663321
2023-03-20 18:30:00,2210.77083333333,-27.570499985,-0.554269933268983,-0.554271474953552
2023-03-20 19:00:00,2210.79166666667,-27.9789648548148,-0.619599625724145,-0.619601167679281
2023-03-20 20:00:00,2210.83333333333,-28.3351706794063,-0.676865578525696,-0.67686712102188
2023-03-20 20:30:00,2210.85416666667,-28.3969517957611,-0.686968518039167,-0.686970060805822
2023-03-20 21:00:00,2210.875,-27.73965006,-0.582521117521131,-0.582522660558235
2023-03-20 21:30:00,2210.89583333333,-27.2408796655556,-0.503327945105877,-0.503329488413388
2023-03-20 22:30:00,2210.9375,-26.5990315877551,-0.401603919627943,-0.401605463476175
2023-03-20 23:00:00,2210.95833333333,-26.377075025,-0.366507604642137,-0.366509148760684
2023-03-20 23:30:00,2210.97916666667,-26.202599915,-0.338975191019668,-0.338976735408492
2023-03-21,2211,-26.2290888787037,-0.34345656992459,-0.343458114583664
2023-03-21 01:00:00,2211.04166666667,-26.254829625,-0.348080641110459,-0.34808218630993
2023-03-21 01:30:00,2211.0625,-26.0749884569231,-0.319693698300576,-0.319695243770198
2023-03-21 02:00:00,2211.08333333333,-26.694150155,-0.418588554887125,-0.418590100626861
2023-03-21 02:30:00,2211.10416666667,-25.5051299135436,-0.229438808164293,-0.229440354174109
2023-03-21 03:30:00,2211.14583333333,-25.1776196565863,-0.177790460334874,-0.177792006884763
2023-03-21 04:00:00,2211.16666666667,-24.5084412194605,-0.0714520997475752,-0.0714536465674461
2023-03-21 04:30:00,2211.1875,-24.40180005,-0.0547263995682604,-0.0547279466580851
2023-03-21 05:00:00,2211.20833333333,-23.991059282963,0.0104425121790123,0.0104409648192669
2023-03-21 06:00:00,2211.25,-24.1699222414815,-0.0185754716382888,-0.0185770195377701
2023-03-21 06:30:00,2211.27083333333,-24.0223673386538,0.00466752914852642,0.00466598097922977
2023-03-21 07:00:00,2211.29166666667,-24.48109979,-0.0686715503497322,-0.0686730987888157
2023-03-21 07:30:00,2211.3125,-23.9435936576994,0.0166908169802812,0.0166892682714441
2023-03-21 16:00:00,2211.66666666667,-23.6563997933333,0.0579634602800203,0.0579619069906174
2023-03-21 20:30:00,2211.85416666667,-23.0983447935961,0.144483254209112,0.144481698498751
2023-03-21 21:00:00,2211.875,-22.5171136340909,0.236809132658702,0.236807576679515
2023-03-22,2212,-24.5276764147059,-0.0850643985861618,-0.0850659561775153
2023-03-22 01:30:00,2212.0625,-23.9197436692308,0.0109840506511303,0.0109824922541742
2023-03-22 14:00:00,2212.58333333333,-20.8014629496296,0.501073312101057,0.501071747003565
2023-03-22 17:30:00,2212.72916666667,-20.50339997375,0.546683741229533,0.546682174260077
2023-03-22 18:00:00,2212.75,-20.5658045740909,0.536475050459087,0.536473483222357
2023-03-22 18:30:00,2212.77083333333,-20.9732629796296,0.471298972848816,0.471297405344851
2023-03-22 19:30:00,2212.8125,-21.4888129931481,0.388635955271426,0.388634387233112
2023-03-22 20:00:00,2212.83333333333,-24.3516438078125,-0.0676829088223962,-0.0676844771278244
2023-03-22 20:30:00,2212.85416666667,-24.6174226927273,-0.110289613576754,-0.110291182149264
2023-03-22 21:00:00,2212.875,-24.5029089074349,-0.0923154931257486,-0.0923170619653
2023-03-22 22:00:00,2212.91666666667,-23.7748977925651,0.0231209763364351,0.0231194069629261
2023-03-22 22:30:00,2212.9375,-22.6401156025,0.203624376208655,0.203622806568215
2023-03-22 23:00:00,2212.95833333333,-23.0261090540909,0.141867060817016,0.141865490909695
2023-03-22 23:30:00,2212.97916666667,-23.3637481303704,0.0878125632183742,0.0878109930442102
2023-03-23 00:30:00,2213.02083333333,-22.9281481377778,0.156667044282526,0.156665473574783
2023-03-23 01:00:00,2213.04166666667,-21.6896531278125,0.353691626907791,0.353690055933324
2023-03-23 01:30:00,2213.0625,-22.2002590340909,0.272083115035385,0.272081543794227
2023-03-23 02:00:00,2213.08333333333,-20.947498167037,0.471380121701747,0.471378550193942
2023-03-23 03:00:00,2213.125,-19.3418370755556,0.726625486020363,0.726623913979373
2023-03-23 03:30:00,2213.14583333333,-17.664696924375,0.993526210391465,0.993524638083947
2023-03-23 04:00:00,2213.16666666667,-17.2912648009132,1.05274524586227,1.05274367328826
2023-03-23 04:30:00,2213.1875,-16.8743833335185,1.11888572446668,1.11888415162622
2023-03-23 05:30:00,2213.22916666667,-15.215025922037,1.38268426671725,1.382682693344
2023-03-23 06:00:00,2213.25,-16.18393125125,1.22806771331552,1.22806613967594
2023-03-23 06:30:00,2213.27083333333,-15.8605136395455,1.2793190596454,1.27931748573953
2023-03-23 07:00:00,2213.29166666667,-16.5537574035185,1.16861545407918,1.16861387990706
2023-03-23 08:00:00,2213.33333333333,-16.5098203657407,1.17507569390802,1.17507411920352
2023-03-23 08:30:00,2213.35416666667,-17.0027406434375,1.09628355837069,1.09628198340005
2023-03-23 09:00:00,2213.375,-17.224454585,1.06069471789323,1.0606931426565
2023-03-23 09:30:00,2213.39583333333,-17.8816648261111,0.95573093762746,0.95572936212468
2023-03-23 10:30:00,2213.4375,-17.556365512987,1.00701170821915,1.00701013218438
2023-03-23 11:00:00,2213.45833333333,-16.943437510625,1.10438165382488,1.10438007752419
2023-03-23 11:30:00,2213.47916666667,-17.4106090963636,1.02969089527281,1.02968931870623
2023-03-23 12:00:00,2213.5,-17.5530759255556,1.00672576859039,1.00672419175796
2023-03-23 13:00:00,2213.54166666667,-16.3915240501852,1.19122149090853,1.19121991354453
2023-03-23 13:30:00,2213.5625,-15.3302656415625,1.36001045135571,1.36000887372598
2023-03-23 14:00:00,2213.58333333333,-15.0324318131818,1.40718526286994,1.40718368497453
2023-03-23 14:30:00,2213.60416666667,-15.421698155,1.34490445854806,1.34490288038701
2023-03-23 15:30:00,2213.64583333333,-15.3274185333333,1.35938227086079,1.35938069216857
2023-03-23 19:00:00,2213.79166666667,-15.1314621264078,1.38870264287695,1.38870106232696
2023-03-23 19:30:00,2213.8125,-15.313160096,1.35948695335755,1.35948537254233
2023-03-23 20:00:00,2213.83333333333,-15.9021981544444,1.26538162926227,1.26538004818186
2023-03-23 21:00:00,2213.875,-15.9260573840741,1.26103835417417,1.26103677256352
2023-03-23 21:30:00,2213.89583333333,-16.2710388252427,1.20581122183087,1.20580963995516
2023-03-23 22:00:00,2213.91666666667,-16.710279992,1.13556838064964,1.13556679850891
2023-03-23 22:30:00,2213.9375,-16.6423777853704,1.14611377410223,1.14611219169652
2023-03-23 23:30:00,2213.97916666667,-16.7429537462963,1.12954879714557,1.12954721421004
2023-03-24,2214,-17.1332990586408,1.0670948320921,1.06709324889172
2023-03-24 00:30:00,2214.02083333333,-17.09323982,1.07320455256454,1.07320296909934
2023-03-24 01:00:00,2214.04166666667,-17.4005240587037,1.02398214189642,1.02398055816646
2023-03-24 02:00:00,2214.08333333333,-17.9823999918519,0.930745065411783,0.930743481152418
2023-03-24 02:30:00,2214.10416666667,-18.1521145869903,0.903437396530788,0.903435812006788
2023-03-24 03:00:00,2214.125,-17.97043998,0.932106211811776,0.93210462702318
2023-03-24 03:30:00,2214.14583333333,-18.762001862963,0.80573769194708,0.805736106893936
2023-03-24 04:30:00,2214.1875,-19.6805240657407,0.65887195587109,0.658870370288966
2023-03-24 05:00:00,2214.20833333333,-19.5497689535922,0.679428992207974,0.679427406361431
2023-03-24 05:30:00,2214.22916666667,-19.343000112,0.712095003295747,0.712093417184828
2023-03-24 06:00:00,2214.25,-20.1301277761111,0.586432524139493,0.58643093776423
2023-03-24 07:00:00,2214.29166666667,-20.1841205849722,0.577286271794502,0.577284684890701
2023-03-24 07:30:00,2214.3125,-20.5607140398833,0.517021985841525,0.517020398673516
2023-03-24 08:00:00,2214.33333333333,-20.487000124,0.528491919356132,0.528490331923958
2023-03-24 08:30:00,2214.35416666667,-20.4313314551852,0.537087165657132,0.537085577960841
2023-03-24 09:30:00,2214.39583333333,-20.8002555851852,0.477771464024372,0.477769875799975
2023-03-24 10:00:00,2214.41666666667,-21.1204621069903,0.426489324683824,0.426487736195442
2023-03-24 10:30:00,2214.4375,-21.338919988,0.391415750212579,0.391414161460243
2023-03-24 11:00:00,2214.45833333333,-21.1359296588889,0.423479110500354,0.423477521484121
2023-03-24 12:00:00,2214.5,-21.2151018377778,0.410320438712031,0.410318849168124
2023-03-24 12:30:00,2214.52083333333,-21.7024533173152,0.332411656909542,0.332410067101869
2023-03-24 13:00:00,2214.54166666667,-21.72956008,0.32782012125294,0.327818531181545
2023-03-24 13:30:00,2214.5625,-22.6405677148423,0.182422478905085,0.182420888570008
2023-03-24 14:30:00,2214.60416666667,-23.5247254576994,0.0410283702471197,0.0410267793848161
2023-03-24 15:00:00,2214.625,-24.3243235319688,-0.0866218476070507,-0.0866234387329039
2023-03-24 15:30:00,2214.64583333333,-24.0540799,-0.0438455831053776,-0.0438471744947304
2023-03-24 16:00:00,2214.66666666667,-24.31343513,-0.0854348617081008,-0.0854364533609087
2023-03-24 17:00:00,2214.70833333333,-24.7479536837037,-0.155201785740076,-0.155203377919671
2023-03-25 03:00:00,2215.125,-24.37859995,-0.101855987264281,-0.101857584701765
2023-03-25 03:30:00,2215.14583333333,-24.0390941185882,-0.0480477776303931,-0.048049375330288
2023-03-25 04:00:00,2215.16666666667,-24.9183456966543,-0.188388559355795,-0.18839015731806
2023-03-25 05:00:00,2215.20833333333,-24.998740303525,-0.201746426842075,-0.201748025328937
2023-03-25 06:00:00,2215.25,-24.7402319087199,-0.161117063915087,-0.161118662926366
2023-03-25 06:30:00,2215.27083333333,-24.9298339067164,-0.191596499625612,-0.191598098899023
2023-03-25 07:30:00,2215.3125,-25.5515297479554,-0.291184689882208,-0.291186289679751
2023-03-25 08:30:00,2215.35416666667,-26.06572491171,-0.373648204625467,-0.373649804946955
2023-03-25 09:00:00,2215.375,-26.984756996475,-0.520326698456925,-0.520328299040318
2023-03-25 10:00:00,2215.41666666667,-26.2627541698324,-0.40586337824399,-0.405864979351045
2023-03-25 11:00:00,2215.45833333333,-26.0355504208955,-0.370222163222759,-0.370223764853289
2023-03-25 11:30:00,2215.47916666667,-25.48071191171,-0.282112341346541,-0.282113943238734
2023-03-25 12:30:00,2215.52083333333,-24.4050278565863,-0.111307994469797,-0.111309596885187
2023-03-25 13:30:00,2215.5625,-23.4623127013109,0.038314053824438,0.0383124508860469
2023-03-25 14:00:00,2215.58333333333,-22.9452277953704,0.120409377455352,0.120407774255529
2023-03-25 15:00:00,2215.625,-22.8767012881262,0.130772163220851,0.130770559498312
2023-03-25 16:00:00,2215.66666666667,-22.2111651181818,0.236238757778668,0.236237153533605
2023-03-25 16:30:00,2215.6875,-21.2800685424074,0.384286114889157,0.384284510382901
2023-03-25 17:30:00,2215.72916666667,-21.1527616225326,0.404012020158578,0.404010415130091
2023-03-25 18:30:00,2215.77083333333,-20.5628796614815,0.497426203652958,0.497424598102421
2023-03-25 22:00:00,2215.91666666667,-18.7064749265306,0.791210268991021,0.791208661614851
2023-03-25 23:00:00,2215.95833333333,-17.9896592653704,0.904843931356934,0.904842323459593
2023-03-25 23:30:00,2215.97916666667,-17.5462742122581,0.975197599235378,0.975195991077528
2023-03-26,2216,-17.2025352776471,1.02967750555602,1.0296758971377
2023-03-26 00:30:00,2216.02083333333,-17.4831966871985,0.98468992721079,0.984688318532056
2023-03-26 01:30:00,2216.0625,-17.5737532356215,0.969707983087562,0.969706373888147
2023-03-26 02:00:00,2216.08333333333,-17.1286773674194,1.04033068101315,1.04032907155347
2023-03-26 02:30:00,2216.10416666667,-17.3473260473913,1.00522152061478,1.00521991089488
2023-03-26 03:00:00,2216.125,-17.4647740787037,0.986233632408746,0.986232022428677
2023-03-26 04:00:00,2216.16666666667,-17.7717463131481,0.936775880086708,0.93677426958645
2023-03-26 04:30:00,2216.1875,-17.056190912945,1.05048584363443,1.05048423287415
2023-03-26 05:00:00,2216.20833333333,-17.3502652273913,1.00336100882901,1.00335939780876
2023-03-26 05:30:00,2216.22916666667,-17.2795056001852,1.01435441836361,1.01435280708345
2023-03-26 06:30:00,2216.27083333333,-17.8569907367347,0.921803134446276,0.921801522646416
2023-03-26 07:00:00,2216.29166666667,-17.2441483541935,1.01915052465915,1.01914891259952
2023-03-26 07:30:00,2216.3125,-17.3140960598253,1.00772890275884,1.00772729043948
2023-03-26 08:00:00,2216.33333333333,-17.657782964193,0.952700367781157,0.952698755202132
2023-03-26 09:00:00,2216.375,-17.5176499940741,0.974465529882768,0.974463916784551
2023-03-26 09:30:00,2216.39583333333,-17.8154516374194,0.926746360686657,0.926744747328918
2023-03-26 10:00:00,2216.41666666667,-17.64276522,0.953976212828586,0.95397459921138
2023-03-26 10:30:00,2216.4375,-17.4285888655556,0.987815378665372,0.987813764788744
2023-03-26 11:30:00,2216.47916666667,-18.1477111105556,0.872699941560357,0.872698327165047
2023-03-26 12:00:00,2216.5,-18.3899968038835,0.833824188440907,0.833822573786321
2023-03-26 12:30:00,2216.52083333333,-18.8078347808696,0.766982768303593,0.766981153389793
2023-03-26 13:00:00,2216.54166666667,-19.4109239345084,0.670630640599225,0.670629025426261
2023-03-26 14:00:00,2216.58333333333,-20.5216574153704,0.493130626157602,0.493129010466453
2023-03-26 14:30:00,2216.60416666667,-21.6997032445161,0.305187301158515,0.305185685208355
2023-03-26 15:00:00,2216.625,-21.9045545755459,0.272274492566022,0.272272876356896
2023-03-26 15:30:00,2216.64583333333,-23.517751403154,0.0150111773833655,0.0150095609153253
2023-03-26 16:30:00,2216.6875,-25.0116925842593,-0.223534723373442,-0.223536340359151
2023-03-26 17:00:00,2216.70833333333,-26.2897838567742,-0.427415671636595,-0.42741728888106
2023-03-26 17:30:00,2216.72916666667,-25.5562391195652,-0.310841628431628,-0.310843245934802
2023-03-26 18:00:00,2216.75,-26.821462822119,-0.512672888410111,-0.512674506171944
2023-03-26 19:00:00,2216.79166666667,-27.4791428554731,-0.618002414754888,-0.618004033033871
2023-03-26 19:30:00,2216.8125,-26.6318414644013,-0.48330710462123,-0.483308723158721
2023-03-26 20:00:00,2216.83333333333,-26.5376491390351,-0.468582669076564,-0.468584287872501
2023-03-26 23:30:00,2216.97916666667,-23.8161843407821,-0.0370164060329323,-0.0370180266365599
2023-03-27 00:30:00,2217.02083333333,-22.8297111337037,0.119567487220914,0.119565866101274
2023-03-27 01:00:00,2217.04166666667,-23.9732666998039,-0.0628828212875225,-0.0628844426650881
2023-03-27 01:30:00,2217.0625,-23.3593334166667,0.0346360379655036,0.0346344163300541
2023-03-27 02:00:00,2217.08333333333,-23.572107395,0.000459777881867462,0.000458155988597775
2023-03-27 03:00:00,2217.125,-23.1928627139147,0.0603111147396264,0.0603094923308687
2023-03-27 03:30:00,2217.14583333333,-22.7511333301961,0.130397522735594,0.130395900069168
2023-03-27 04:00:00,2217.16666666667,-22.4591333366667,0.176631870210885,0.17663024728685
2023-03-27 04:30:00,2217.1875,-22.8191799541744,0.118994664958541,0.118993041776944
2023-03-27 05:30:00,2217.22916666667,-23.1211372749536,0.0703294196541525,0.0703277959575961
2023-03-27 06:00:00,2217.25,-22.8200745543137,0.118007219735235,0.118005595781276
2023-03-27 06:30:00,2217.27083333333,-22.29959984,0.20063744571847,0.200635821507166
2023-03-27 07:00:00,2217.29166666667,-21.7538295672222,0.287297210793023,0.287295586324428
2023-03-27 08:00:00,2217.33333333333,-21.5703333583333,0.315964445010627,0.315962820027599
2023-03-27 08:30:00,2217.35416666667,-22.195015685098,0.216170090429544,0.216168465189385
2023-03-27 09:00:00,2217.375,-21.9786666266667,0.250352575217654,0.250350949720412
2023-03-27 09:30:00,2217.39583333333,-22.1274666583333,0.226366487745325,0.226364861991053
2023-03-27 10:30:00,2217.4375,-22.5580167048237,0.157215101817203,0.157213475549039
2023-03-27 11:00:00,2217.45833333333,-22.2114243821218,0.212145186822801,0.212143560297774
2023-03-27 11:30:00,2217.47916666667,-21.7702001533333,0.282150140969938,0.282148514188096
2023-03-27 12:00:00,2217.5,-22.2564074042593,0.204414536557728,0.204412909519126
2023-03-27 13:00:00,2217.54166666667,-23.630092557037,-0.0149795568281866,-0.0149811843801371
2023-03-27 13:30:00,2217.5625,-24.2220649748031,-0.109563810942723,-0.109565438751277
2023-03-27 14:00:00,2217.58333333333,-23.60209999,-0.0110856317047217,-0.0110872597698151
2023-03-27 14:30:00,2217.60416666667,-25.4679887410112,-0.308605789909523,-0.308607418231101
2023-03-28 13:00:00,2218.54166666667,-25.0397796298148,-0.253177826298645,-0.253179466104908
2023-03-28 13:30:00,2218.5625,-24.57483633,-0.179397535539181,-0.17939917559937
2023-03-28 14:00:00,2218.58333333333,-24.1450558144186,-0.11121876063029,-0.111220400944337
2023-03-28 14:30:00,2218.60416666667,-23.8375985420263,-0.0625262249330008,-0.0625278655008471
2023-03-28 15:30:00,2218.64583333333,-23.9829351281481,-0.0862498793035807,-0.0862515203788647
2023-03-28 16:00:00,2218.66666666667,-24.5087272445455,-0.170294743944588,-0.170296385273498
2023-03-28 16:30:00,2218.6875,-24.3326666631702,-0.142534031289142,-0.142535672871627
2023-03-28 17:00:00,2218.70833333333,-25.066879597963,-0.259780599226661,-0.259782241062663
2023-03-28 18:00:00,2218.75,-25.6347574135185,-0.350815963329647,-0.350817605672502
2023-03-28 18:30:00,2218.77083333333,-25.6838545663636,-0.358923274315036,-0.358924916911228
2023-03-28 19:00:00,2218.79166666667,-25.1455268489511,-0.273453442515517,-0.273455085364992
2023-03-28 19:30:00,2218.8125,-25.4165259444444,-0.316910009158169,-0.316911652260871
2023-03-28 20:30:00,2218.85416666667,-26.1550558748603,-0.435130965206213,-0.43513260881518
2023-03-28 21:00:00,2218.875,-25.30755461,-0.300409801304628,-0.300411445166651
2023-03-28 21:30:00,2218.89583333333,-25.6382511855814,-0.353376453984751,-0.353378098099761
2023-03-28 22:00:00,2218.91666666667,-24.1002018911111,-0.108650612744867,-0.108652257112805
2023-03-28 23:00:00,2218.95833333333,-23.2787111103704,0.0216402590412916,0.0216386141676622
2023-03-29 11:30:00,2219.47916666667,-25.0339577179577,-0.265156385607599,-0.265158036782294
2023-03-29 15:00:00,2219.625,-28.0186666,-0.742640806438429,-0.742642459370689
2023-03-30,2220,-23.4281493701149,-0.0165705594067396,-0.0165722168446719
2023-03-30 04:30:00,2220.1875,-26.2476668888889,-0.468329825757507,-0.468331485440745
2023-03-30 05:30:00,2220.22916666667,-27.1857474752525,-0.618346934140554,-0.618348594322056
2023-03-30 10:30:00,2220.4375,-29.9063639181818,-1.05464744937254,-1.05464911204158
2023-03-30 13:00:00,2220.54166666667,-33.5629951549505,-1.63860570179047,-1.6386073657009
2023-03-30 14:00:00,2220.58333333333,-34.3165893865854,-1.75923590480059,-1.75923756920712
2023-03-30 15:30:00,2220.64583333333,-34.9216022128655,-1.85648845243178,-1.85649011758199
2023-03-30 18:00:00,2220.75,-35.3102001509091,-1.91984944454444,-1.91985111093283
2023-04-01 00:30:00,2222.02083333333,-20.0595121609756,0.491709950046349,0.491708268685049
2023-04-01 01:00:00,2222.04166666667,-18.7347257738397,0.702454486511988,0.702452804907321
2023-04-01 01:30:00,2222.0625,-18.2435077753846,0.780410930001446,0.780409248153488
2023-04-01 02:30:00,2222.10416666667,-17.5936196710575,0.883348541256755,0.883346858922409
2023-04-01 03:30:00,2222.14583333333,-17.7731057545455,0.854166040241223,0.854164357420777
2023-04-01 06:30:00,2222.27083333333,-18.4888202153509,0.738380230418278,0.738378546141176
2023-04-01 07:00:00,2222.29166666667,-18.2895973665584,0.769821057606589,0.769819373086953
2023-04-01 07:30:00,2222.3125,-18.4257977643785,0.747828669384853,0.747826984622757
2023-04-01 08:30:00,2222.35416666667,-18.4896111312963,0.737071861966085,0.73707017671927
2023-04-01 09:00:00,2222.375,-18.5134847366812,0.732973054695293,0.73297136920623
2023-04-01 09:30:00,2222.39583333333,-18.1872193467742,0.78465158721256,0.784649901481318
2023-04-01 10:00:00,2222.41666666667,-17.675545609311,0.8658657496529,0.865864063679538
2023-04-01 11:00:00,2222.45833333333,-16.8516333516667,0.996523745040431,0.996522058583062
2023-04-01 11:30:00,2222.47916666667,-16.3259260391304,1.07997330923298,1.07997162253371
2023-04-01 12:00:00,2222.5,-16.3098511171521,1.08223801723414,1.08223633029303
2023-04-01 12:30:00,2222.52083333333,-16.1596721962963,1.10586553594081,1.10586384875794
2023-04-01 13:30:00,2222.5625,-15.9820740653704,1.13356470740802,1.13356301974184
2023-04-01 14:00:00,2222.58333333333,-15.1548261,1.26504965253132,1.2650479646236
2023-04-01 14:30:00,2222.60416666667,-14.7918608420712,1.32257397858078,1.32257229043158
2023-04-01 15:00:00,2222.625,-14.4134351827778,1.38256110565762,1.38255941726702
2023-04-01 16:00:00,2222.66666666667,-14.1315500033333,1.42687275870645,1.42687106983324
2023-04-01 16:30:00,2222.6875,-13.2395434673913,1.56867353079781,1.56867184168341
2023-04-01 17:00:00,2222.70833333333,-13.7110128841935,1.49327155745405,1.49326986809852
2023-04-01 17:30:00,2222.72916666667,-12.7130574101852,1.65194996751717,1.6519482779206
2023-04-02 14:30:00,2223.60416666667,-23.9694504955789,-0.15370536146274,-0.153707061118316
2023-04-02 15:00:00,2223.625,-25.3564923492308,-0.374960920033052,-0.374962619926551
2023-04-02 15:30:00,2223.64583333333,-24.9595296244444,-0.31202332447604,-0.312025024607394
2023-04-02 16:30:00,2223.6875,-24.7821629616667,-0.284366538814349,-0.284368239421184
2023-04-02 17:00:00,2223.70833333333,-24.778178707234,-0.284030844450645,-0.284032545295106
2023-04-02 17:30:00,2223.72916666667,-24.3555652275362,-0.217007265280939,-0.217008966362957
2023-04-02 18:00:00,2223.75,-25.2138703938889,-0.354034991685201,-0.354036693004702
2023-04-02 19:00:00,2223.79166666667,-25.3693407255556,-0.379399876258977,-0.379401578053214
2023-04-02 19:30:00,2223.8125,-26.2243611547009,-0.515904491142621,-0.515906193174111
2023-04-02 20:00:00,2223.83333333333,-26.0664637942029,-0.49105062803716,-0.491052330305834
2023-04-02 20:30:00,2223.85416666667,-26.7672259138889,-0.602981883439912,-0.602983585945694
2023-04-02 21:30:00,2223.89583333333,-25.4347718252319,-0.391319841820979,-0.39132154480075
2023-04-02 22:00:00,2223.91666666667,-25.2627357637306,-0.364213872136753,-0.364215575353408
2023-04-02 22:30:00,2223.9375,-24.9727999257143,-0.318326433353744,-0.318328136807201
2023-04-02 23:00:00,2223.95833333333,-23.8367851933333,-0.137658071594398,-0.137659775284584
2023-04-03,2224,-22.3856573912963,0.0929082820362783,0.0929065778728508
2023-04-03 00:30:00,2224.02083333333,-21.5098467902128,0.23212579142222,0.232124087022291
2023-04-03 01:00:00,2224.04166666667,-21.0648858685714,0.302708589621782,0.30270688498542
2023-04-03 01:30:00,2224.0625,-22.3250314807407,0.10166664917294,0.101664944300222
2023-04-03 02:30:00,2224.10416666667,-22.9005287549165,0.00938968649662059,0.0093879811514217
2023-04-03 03:00:00,2224.125,-21.6450746509595,0.20908443076887,0.209082725187548
2023-04-03 03:30:00,2224.14583333333,-20.9611428071429,0.317735221415359,0.317733515597983
2023-04-03 04:00:00,2224.16666666667,-21.4228573844444,0.243883669354557,0.243881963301202
2023-04-03 05:00:00,2224.20833333333,-20.8838333535185,0.329150255538356,0.329148549013286
2023-04-03 05:30:00,2224.22916666667,-21.0846085114894,0.296866392287895,0.296864685527074
2023-04-03 06:00:00,2224.25,-21.0750428271429,0.298089926554561,0.298088219558067
2023-04-03 09:30:00,2224.39583333333,-22.649092687013,0.045239288342234,0.0452375796981807
2023-04-03 10:30:00,2224.4375,-23.0866537405556,-0.0250659018221514,-0.0250676109362456
2023-04-03 11:30:00,2224.47916666667,-22.5461092538889,0.0604416251706017,0.060439915586768
2023-04-03 12:30:00,2224.52083333333,-26.4878571801587,-0.568083426374731,-0.568085136427984
2023-04-03 13:00:00,2224.54166666667,-26.6136772725746,-0.588427624718339,-0.588429335006193
2023-04-03 14:00:00,2224.58333333333,-28.6433277523277,-0.912354477130837,-0.912356187887653
2023-04-03 14:30:00,2224.60416666667,-27.9006582088608,-0.794347800924165,-0.794349511915349
2023-04-03 15:00:00,2224.625,-27.7638299896667,-0.772852128898335,-0.772853840123805
2023-04-03 19:00:00,2224.79166666667,-19.8170284611429,0.490668011370385,0.490666298273401
2023-04-03 19:30:00,2224.8125,-18.8321807871233,0.647253355749468,0.647251642418893
2023-04-03 20:00:00,2224.83333333333,-18.120144457037,0.760379610189301,0.760377896625219
2023-04-03 21:30:00,2224.89583333333,-17.7978463274074,0.810816720247554,0.810815005983407
2023-04-03 22:00:00,2224.91666666667,-17.5780101715254,0.845534944005594,0.845533229508248
2023-04-03 22:30:00,2224.9375,-17.2145674244898,0.903129752654502,0.90312803792404
2023-04-03 23:00:00,2224.95833333333,-17.247401857037,0.897597275747026,0.897595560783526
2023-04-04,2225,-16.9736667159259,0.940599479824731,0.940597764395381
2023-04-04 00:30:00,2225.02083333333,-17.098562700339,0.920401389155998,0.920399673493846
2023-04-04 01:00:00,2225.04166666667,-16.7443237446721,0.976529789328198,0.976528073433318
2023-04-04 01:30:00,2225.0625,-16.4450204526902,1.02390685154696,1.02390513541943
2023-04-04 02:30:00,2225.10416666667,-15.9815407603704,1.09713502332482,1.09713330673223
2023-04-04 03:00:00,2225.125,-15.8744659880952,1.11388980280551,1.11388808598052
2023-04-04 03:30:00,2225.14583333333,-15.8213265057143,1.1220526047474,1.12205088769007
2023-04-04 04:00:00,2225.16666666667,-15.4734296412963,1.17717042100791,1.17716870371833
2023-04-04 05:00:00,2225.20833333333,-15.6291944390741,1.15175203002905,1.15175031227521
2023-04-04 05:30:00,2225.22916666667,-15.7252644505085,1.1361454641034,1.13614374611753
2023-04-04 06:00:00,2225.25,-15.0770775265306,1.23909951272211,1.23909779450431
2023-04-04 06:30:00,2225.27083333333,-15.3497551090909,1.19535914030494,1.19535742185529
2023-04-04 07:30:00,2225.3125,-14.6840629633333,1.30079895642816,1.30079723751504
2023-04-04 08:00:00,2225.33333333333,-12.9937898298305,1.56975789481157,1.56975617566683
2023-04-04 08:30:00,2225.35416666667,-13.0991224391837,1.55267550826795,1.55267378889167
2023-04-04 09:00:00,2225.375,-12.4879796092764,1.64972812431148,1.64972640470375
2023-04-04 10:30:00,2225.4375,-12.3744925851852,1.66689778692835,1.66689606662673
2023-04-04 11:00:00,2225.45833333333,-12.2033612974194,1.69385606270226,1.6938543421695
2023-04-04 11:30:00,2225.47916666667,-12.4653454197403,1.65181869744458,1.65181697668076
2023-04-04 12:00:00,2225.5,-11.773012972963,1.76180459695438,1.76180287595959
2023-04-04 13:00:00,2225.54166666667,-11.9125685212963,1.73896685054109,1.73896512908459
2023-04-04 13:30:00,2225.5625,-15.0191742025806,1.24377905174707,1.24377733005983
2023-04-04 14:00:00,2225.58333333333,-16.0056208012987,1.08633406339676,1.08633234147887
2023-04-04 14:30:00,2225.60416666667,-16.870077785,0.9483220614319,0.948320339283437
2023-04-04 15:30:00,2225.64583333333,-16.7643333496296,0.964560312903126,0.964558590293759
2023-04-04 16:00:00,2225.66666666667,-17.2835741587097,0.881541355098577,0.881539632258876
2023-04-04 16:30:00,2225.6875,-16.931103901039,0.937386546856529,0.937384823786582
2023-04-04 17:00:00,2225.70833333333,-16.0316500164815,1.08036657499128,1.08036485169116
2023-04-04 18:00:00,2225.75,-16.5081333337037,1.00385506653793,1.00385334277771
2023-04-05 04:30:00,2226.1875,-18.7895464659155,0.634035795480675,0.634034066909158
2023-04-05 05:00:00,2226.20833333333,-18.4290865118919,0.69115260657661,0.691150877776883
2023-04-05 05:30:00,2226.22916666667,-18.611433287963,0.661799872379085,0.661798143351232
2023-04-05 06:30:00,2226.27083333333,-18.517074047963,0.676221706094516,0.676219976610671
2023-04-05 07:00:00,2226.29166666667,-18.5728703853521,0.667028411569025,0.667026681857297
2023-04-05 07:30:00,2226.3125,-18.3915350859459,0.695610311105565,0.695608581166047
2023-04-05 08:00:00,2226.33333333333,-18.6488185383333,0.654319884941415,0.654318154774192
2023-04-05 09:00:00,2226.375,-18.5722629505556,0.665905132963595,0.665903402341197
2023-04-05 09:30:00,2226.39583333333,-19.3815324,0.536682807953983,0.536681077104129
2023-04-05 10:00:00,2226.41666666667,-19.1689134962162,0.570247982926329,0.570246251849095
2023-04-05 10:30:00,2226.4375,-19.5488648127778,0.509416253437608,0.509414522133084
2023-04-05 11:30:00,2226.47916666667,-21.9556925885185,0.125396307778281,0.125394576019415
2023-04-05 12:30:00,2226.52083333333,-22.3326537283333,0.0647353886506244,0.0647336564377634
2023-04-05 13:30:00,2226.5625,-22.9514860636364,-0.0344559635884527,-0.0344576962549867
2023-04-05 14:00:00,2226.58333333333,-23.50472728,-0.122893211170046,-0.122894944063285
2023-04-05 14:30:00,2226.60416666667,-23.204713411134,-0.0754063585170753,-0.0754080916369407
2023-04-05 15:00:00,2226.625,-22.3821892432282,0.0553167136153909,0.0553149802689824
2023-04-05 16:00:00,2226.66666666667,-21.9072296309259,0.13036675457248,0.130365020773244
2023-04-05 16:30:00,2226.6875,-21.6708546381818,0.167715710817659,0.167713976792138
2023-04-05 17:00:00,2226.70833333333,-22.1069855802062,0.0979339466800244,0.0979322124282969
2023-04-05 17:30:00,2226.72916666667,-20.7771147927778,0.30947747569674,0.30947574121889
2023-04-05 18:30:00,2226.77083333333,-19.4913284003711,0.513692358415513,0.513690623485684
2023-04-05 19:00:00,2226.79166666667,-19.03981826,0.585312275841904,0.585310540686199
2023-04-05 19:30:00,2226.8125,-18.502243294433,0.670642337227858,0.670640601846376
2023-04-07 05:00:00,2228.20833333333,-17.6864382893617,0.779999045276776,0.779997294964063
2023-04-07 05:30:00,2228.22916666667,-17.3897999609836,0.826944815071768,0.826943064539179
2023-04-07 06:00:00,2228.25,-18.7242463259259,0.614057586149561,0.614055835397191
2023-04-07 07:00:00,2228.29166666667,-19.4165092524074,0.503161544235199,0.503159793043523
2023-04-07 07:30:00,2228.3125,-20.1131915808511,0.391870457884471,0.391868706473282
2023-04-07 08:00:00,2228.33333333333,-19.4401344088525,0.49877981146719,0.498778059836578
2023-04-07 08:30:00,2228.35416666667,-20.0420184977778,0.402590069815887,0.402588317965929
2023-04-07 09:30:00,2228.39583333333,-19.7183870196296,0.453526319530801,0.453524567242445
2023-04-07 10:00:00,2228.41666666667,-20.9884510957447,0.250894904828019,0.250893152320592
2023-04-07 10:30:00,2228.4375,-20.3495508347541,0.352362832074056,0.352361079347648
2023-04-07 11:00:00,2228.45833333333,-19.702501877963,0.45512881130235,0.455127058357057
2023-04-07 12:00:00,2228.5,-20.7487111281481,0.287848043071316,0.287846289688517
2023-04-07 13:00:00,2228.54166666667,-21.2932478282609,0.200483906716354,0.200482152896404
2023-04-07 13:30:00,2228.5625,-21.2297999712903,0.210281608879964,0.210279854841579
2023-04-07 14:00:00,2228.58333333333,-21.4983888316667,0.16718558384873,0.167183829592001
2023-04-07 15:00:00,2228.625,-22.2781962844444,0.0423423217153494,0.0423405670221913
2023-04-07 15:30:00,2228.64583333333,-21.479252186087,0.169304937588866,0.169303182677635
2023-04-07 16:00:00,2228.66666666667,-21.0077903803226,0.244099349544203,0.244097594414984
2023-04-07 16:30:00,2228.6875,-22.016118537963,0.0831621222076081,0.0831603668604911
2023-04-07 17:30:00,2228.72916666667,-22.0785388855556,0.0725987319305292,0.0725969761478951
2023-04-07 18:00:00,2228.75,-21.8630609004348,0.106614575984516,0.106612819984262
2023-04-07 18:30:00,2228.77083333333,-22.2945612680645,0.0375662656200305,0.0375645094022427
2023-04-07 19:00:00,2228.79166666667,-22.8387680833024,-0.0494363028368049,-0.0494380592720363
2023-04-07 20:00:00,2228.83333333333,-23.2002166992593,-0.107635514621139,-0.107637271490972
2023-04-07 20:30:00,2228.85416666667,-22.9150434743478,-0.0625173710992791,-0.0625191281862884
2023-04-07 21:00:00,2228.875,-23.0565806419355,-0.0853745383229251,-0.0853762956270073
2023-04-07 21:30:00,2228.89583333333,-23.290410780855,-0.122934082081603,-0.122935839602667
2023-04-07 22:30:00,2228.9375,-24.0511317365492,-0.244738065591617,-0.244739823546382
2023-04-08 01:30:00,2229.0625,-23.70189498325,-0.190967137984684,-0.190968897238336
2023-04-08 02:00:00,2229.08333333333,-23.2547571314286,-0.120048354634123,-0.120050114103931
2023-04-08 02:30:00,2229.10416666667,-23.4443407251852,-0.150559792423526,-0.150561552109411
2023-04-08 03:30:00,2229.14583333333,-23.1895777814815,-0.11059726447696,-0.110599024594698
2023-04-08 04:00:00,2229.16666666667,-24.64726499175,-0.343118633891362,-0.343120394224895
2023-04-08 04:30:00,2229.1875,-24.3432000185714,-0.294991661203904,-0.29499342175314
2023-04-08 05:00:00,2229.20833333333,-24.0721999898148,-0.252131997442749,-0.252133758207588
2023-04-08 06:00:00,2229.25,-23.5391111335185,-0.167832349436834,-0.16783411063261
2023-04-08 06:30:00,2229.27083333333,-23.17706250875,-0.11046869798129,-0.110470459392398
2023-04-08 07:00:00,2229.29166666667,-22.7524642821429,-0.0431408897460795,-0.0431426513724282
2023-04-08 07:30:00,2229.3125,-22.7603814862963,-0.0447131381638484,-0.0447149000053383
2023-04-08 08:30:00,2229.35416666667,-22.7448111448148,-0.04285495411259,-0.0428567163840965
2023-04-08 09:00:00,2229.375,-22.99064499375,-0.0823276121791744,-0.0823293746655437
2023-04-08 09:30:00,2229.39583333333,-22.5702070492857,-0.0156627367237591,-0.0156644994248984
2023-04-08 10:00:00,2229.41666666667,-22.6526037409259,-0.0290998173843346,-0.029101580300157
2023-04-08 11:00:00,2229.45833333333,-22.7288610955556,-0.0418702436708794,-0.0418720070157828
2023-04-08 12:00:00,2229.5,-26.4304622662222,-0.632160687099449,-0.63216245087306
2023-04-08 12:30:00,2229.52083333333,-26.6786222320635,-0.672004171461682,-0.672005935449511
2023-04-08 13:00:00,2229.54166666667,-27.9694667140741,-0.877948083378201,-0.877949847580154
2023-04-08 14:00:00,2229.58333333333,-28.2791537025926,-0.927904485793192,-0.927906250423106
2023-04-08 14:30:00,2229.60416666667,-28.7459644306667,-1.00257934864331,-1.00258111348707
2023-04-08 15:00:00,2229.625,-28.4720477942675,-0.95925585185349,-0.959257616910991
2023-04-08 15:30:00,2229.64583333333,-29.5971481546296,-1.13879680121615,-1.1387985664873
2023-04-08 16:30:00,2229.6875,-29.7239777018553,-1.15962427089726,-1.15962603659544
2023-04-08 17:00:00,2229.70833333333,-29.8511111964444,-1.18018850158418,-1.18019026749573
2023-04-08 17:30:00,2229.72916666667,-29.0853471082803,-1.05851354791683,-1.05851531404166
2023-04-08 18:00:00,2229.75,-30.3484832886617,-1.26004389551973,-1.26004566185774
2023-04-08 19:00:00,2229.79166666667,-30.3411073254237,-1.2594927178178,-1.2594944845819
2023-04-08 20:00:00,2229.83333333333,-30.2903690892308,-1.25203405302285,-1.25203582021265
2023-04-09 06:30:00,2230.27083333333,-24.73786254,-0.374076718757448,-0.374078490394285
2023-04-09 12:00:00,2230.5,-24.7961054762712,-0.386798172508571,-0.38679994645799
2023-04-09 14:30:00,2230.60416666667,-31.5543879375,-1.46496402861223,-1.46496580360896
2023-04-09 21:30:00,2230.89583333333,-29.5640943698113,-1.1523003021361,-1.1523020800524
2023-04-09 23:30:00,2230.97916666667,-24.0563298664921,-0.276165498111237,-0.276167276858194
2023-04-10 04:30:00,2231.1875,-20.0752831552511,0.354875515840506,0.354873735023794
2023-04-10 13:30:00,2231.5625,-22.9981950684211,-0.116412066035997,-0.116413850553345
2023-04-10 14:30:00,2231.60416666667,-23.9565110186667,-0.269702701539002,-0.269704486465539
2023-04-11 13:00:00,2232.54166666667,-19.2310800525714,0.468845485408099,0.468843691381601
2023-04-11 13:30:00,2232.5625,-19.5357500052198,0.419994648782692,0.419992854556318
2023-04-11 14:00:00,2232.58333333333,-18.4508830929499,0.592497994583647,0.592496200157506
2023-04-11 15:00:00,2232.625,-18.8238166485185,0.532455856269445,0.532454061444072
2023-04-11 15:30:00,2232.64583333333,-19.1856628868571,0.474496664177239,0.474494869152403
2023-04-11 16:00:00,2232.66666666667,-19.0077589490411,0.502520027885656,0.502518232661459
2023-04-11 16:30:00,2232.6875,-21.0953925938889,0.169641602762495,0.169639807339048
2023-04-11 17:30:00,2232.72916666667,-23.0926703516667,-0.149160057265594,-0.149161853087245
2023-04-11 18:00:00,2232.75,-24.3801828965714,-0.354578717944535,-0.354580513965126
2023-04-11 18:30:00,2232.77083333333,-24.8373195570248,-0.427717939603351,-0.427719735822778
2023-04-11 19:00:00,2232.79166666667,-23.6936815627778,-0.245852647564345,-0.245854443982511
2023-04-11 20:00:00,2232.83333333333,-21.1086222657407,0.16531493233936,0.165313135524035
2023-04-11 20:30:00,2232.85416666667,-20.931143733908,0.193270233642672,0.193268436628919
2023-04-11 21:00:00,2232.875,-20.5507999619178,0.253542080106518,0.253540282894448
2023-04-11 21:30:00,2232.89583333333,-19.7971610809259,0.373280071669661,0.373278274259372
2023-04-11 22:30:00,2232.9375,-19.3553296255556,0.443029599356095,0.443027801549687
2023-04-11 23:00:00,2232.95833333333,-19.3563199817143,0.4425545168399,0.442552718835591
2023-04-11 23:30:00,2232.97916666667,-19.7479369813699,0.379852298504683,0.379850500302566
2023-04-12,2233,-18.2530240590741,0.617675612551222,0.617673814151413
2023-04-12 01:00:00,2233.04166666667,-18.2031259403704,0.624989556196578,0.624987757401694
2023-04-12 01:30:00,2233.0625,-18.422845724,0.589670558167726,0.589668759175458
2023-04-12 02:00:00,2233.08333333333,-18.4632164484931,0.582921961264447,0.582920162074905
2023-04-12 02:30:00,2233.10416666667,-18.3385519240741,0.602463565329809,0.602461765943093
2023-04-12 03:30:00,2233.14583333333,-19.2956388801852,0.449363745557642,0.449361945776897
2023-04-12 04:00:00,2233.16666666667,-18.343285728,0.600756643389151,0.600754843411547
2023-04-12 04:30:00,2233.1875,-17.8928972830357,0.672186172693851,0.672184372519497
2023-04-12 07:30:00,2233.3125,-17.0112148433333,0.810732115607422,0.81073031425476
2023-04-12 09:00:00,2233.375,-17.5726018431481,0.720348987353743,0.720347185413356
2023-04-12 09:30:00,2233.39583333333,-22.0644372955932,0.00447840070278832,0.00447659856669941
2023-04-12 10:00:00,2233.41666666667,-21.9511639270492,0.0222049085943907,0.022203106262706
2023-04-12 10:30:00,2233.4375,-21.9979074448148,0.0144405806792829,0.0144387781521146
2023-04-12 11:30:00,2233.47916666667,-23.7802782871985,-0.270128566719501,-0.270130369637331
2023-04-12 12:00:00,2233.5,-24.3483457837288,-0.360940271154592,-0.360942074267589
2023-04-12 12:30:00,2233.52083333333,-24.5026570918367,-0.385840350403274,-0.38584215371133
2023-04-12 13:00:00,2233.54166666667,-24.7124555540741,-0.419579604220401,-0.419581407723417
2023-04-12 14:00:00,2233.58333333333,-24.7927018403704,-0.432999406316741,-0.433001210209352
2023-04-12 14:30:00,2233.60416666667,-25.4872881735593,-0.543965807958407,-0.54396761204566
2023-04-12 15:00:00,2233.625,-25.1089020236735,-0.484006957387505,-0.484008761669292
2023-04-12 15:30:00,2233.64583333333,-24.3272055661111,-0.359800517653034,-0.359802322129243
2023-04-12 16:30:00,2233.6875,-23.921714782037,-0.295842368127875,-0.295844172992615
2023-04-12 17:00:00,2233.70833333333,-23.8580033854237,-0.28601155461819,-0.286013359677039
2023-04-12 17:30:00,2233.72916666667,-23.5019184,-0.229605450373889,-0.22960725562674
2023-04-12 18:00:00,2233.75,-23.4360092709259,-0.219424598265042,-0.219426403711782
2023-04-12 19:00:00,2233.79166666667,-22.4720240951852,-0.0664982018022423,-0.0665000076364454
2023-04-12 19:30:00,2233.8125,-22.047996620678,0.000731066327481017,0.000729260299703521
2023-04-12 20:00:00,2233.83333333333,-21.8728081657143,0.0283200701280291,0.0283182639067905
2023-04-12 20:30:00,2233.85416666667,-21.6389629331481,0.0652531098658247,0.0652513034512257
2023-04-12 21:30:00,2233.89583333333,-20.9659685085185,0.171824165010616,0.171822358209624
2023-04-12 22:00:00,2233.91666666667,-21.1623128863946,0.140227600676318,0.140225793682288
2023-04-12 22:30:00,2233.9375,-20.6287795644898,0.224901045008499,0.224899237821544
2023-04-12 23:00:00,2233.95833333333,-20.3314833551852,0.271941718038128,0.271939910658348
2023-04-13,2234,-18.9302522972171,0.494521084602358,0.494519276837259
2023-04-13 00:30:00,2234.02083333333,-18.3270373517007,0.590294739826806,0.590292931869213
2023-04-13 01:00:00,2234.04166666667,-18.5006366861224,0.562321294852093,0.5623194867021
2023-04-13 01:30:00,2234.0625,-18.8686070225326,0.503384380117696,0.503382571775423
2023-04-13 02:30:00,2234.10416666667,-18.9331516803371,0.492464325063083,0.492462516336569
2023-04-13 03:00:00,2234.125,-18.750648459727,0.521218150853314,0.521216341934837
2023-04-13 03:30:00,2234.14583333333,-18.6916516446721,0.530297287899886,0.530295478789562
2023-04-13 04:00:00,2234.16666666667,-18.9614047973881,0.48700629011311,0.48700448081104
2023-04-13 05:00:00,2234.20833333333,-18.1686468362454,0.61265485430517,0.612653044619938
2023-04-13 05:30:00,2234.22916666667,-18.2076542230508,0.606121732051253,0.6061199221746
2023-04-13 06:00:00,2234.25,-17.8416764264706,0.664103009043099,0.66410119897514
2023-04-13 09:00:00,2234.375,-16.531174412987,0.870950805994421,0.870948994780874
2023-04-13 09:30:00,2234.39583333333,-16.1731556177778,0.927664000401025,0.927662188996931
2023-04-13 10:00:00,2234.41666666667,-15.9282147344519,0.966363773090113,0.966361961495576
2023-04-13 10:30:00,2234.4375,-16.1091020319109,0.937228782771517,0.937226970986651
2023-04-13 11:30:00,2234.47916666667,-15.9244619981447,0.966002954602144,0.966001142436934
2023-04-13 12:00:00,2234.5,-16.6602889788889,0.848465587895262,0.84846377554005
2023-04-13 12:30:00,2234.52083333333,-16.3606147233853,0.895884278761744,0.89588246621664
2023-04-13 13:00:00,2234.54166666667,-16.105830860223,0.936151868747113,0.936150056012213
2023-04-13 14:00:00,2234.58333333333,-16.0644227052142,0.94210880671303,0.942106993598891
2023-04-13 14:30:00,2234.60416666667,-16.8054222533333,0.823747300022414,0.823745486718814
2023-04-13 15:00:00,2234.625,-16.443435271875,0.881092306563293,0.881090493070341
2023-04-13 15:30:00,2234.64583333333,-16.7460130378026,0.83257164484246,0.832569831160272
2023-04-13 16:30:00,2234.6875,-16.9120878456075,0.805476107387404,0.805474293327067
2023-04-13 17:00:00,2234.70833333333,-17.90270004,0.64735098248919,0.64734916823994
2023-04-13 17:30:00,2234.72916666667,-17.5428520372197,0.70435510312299,0.704353288684937
2023-04-13 18:00:00,2234.75,-17.670842287013,0.683646212614621,0.68364439798788
2023-04-13 19:00:00,2234.79166666667,-17.9136549018657,0.644325998533803,0.644324183530005
2023-04-13 19:30:00,2234.8125,-17.7429111055556,0.671205568618679,0.671203753426524
2023-04-13 20:00:00,2234.83333333333,-17.3038974991091,0.740820682439197,0.740818867058795
2023-04-13 20:30:00,2234.85416666667,-17.6651289656075,0.682956155587597,0.682954340019052
2023-04-13 21:30:00,2234.89583333333,-16.6982137583643,0.836346160978306,0.836344345033812
2023-04-13 22:00:00,2234.91666666667,-16.5515908534091,0.859383112603478,0.859381296471172
2023-04-13 22:30:00,2234.9375,-16.2883392816964,0.90099906566459,0.900997249344589
2023-04-13 23:00:00,2234.95833333333,-15.9890111150278,0.948362017601131,0.948360201093539
2023-04-14,2235,-15.3198166666667,1.05432460832357,1.05432279144114
2023-04-14 00:30:00,2235.02083333333,-15.7830555933333,0.980209992152784,0.98020817508309
2023-04-14 01:00:00,2235.04166666667,-15.3000510993333,1.05683260077368,1.05683078351684
2023-04-14 01:30:00,2235.0625,-15.1094944307407,1.08686803354384,1.08686621609996
2023-04-14 02:30:00,2235.10416666667,-14.9836278012963,1.10627783147304,1.10627601365543
2023-04-14 03:00:00,2235.125,-14.9283111188889,1.11476935321636,1.11476753521205
2023-04-14 03:30:00,2235.14583333333,-15.0541288915556,1.09440599871314,1.09440418052224
2023-04-14 04:00:00,2235.16666666667,-14.8440796316667,1.12754647443943,1.12754465606205
2023-04-14 05:00:00,2235.20833333333,-14.5595277892593,1.17223465927426,1.17223284052425
2023-04-14 05:30:00,2235.22916666667,-15.0924999677778,1.08701120492272,1.08700938598656
2023-04-14 06:00:00,2235.25,-14.89859777,1.11757933024168,1.1175775111195
2023-04-14 07:00:00,2235.29166666667,-14.361904775619,1.20243355751367,1.20243173801974
2023-04-14 10:30:00,2235.4375,-14.3941314681481,1.19505422342672,1.19505240263525
2023-04-14 11:00:00,2235.45833333333,-14.3682070270175,1.19886309526421,1.19886127428783
2023-04-14 11:30:00,2235.47916666667,-14.5960431529412,1.16224769997476,1.16224587881357
2023-04-14 12:30:00,2235.52083333333,-15.3031912930435,1.04895653848955,1.0489547169591
2023-04-14 13:00:00,2235.54166666667,-15.4541886900943,1.02458152550209,1.02457970378717
2023-04-14 13:30:00,2235.5625,-15.6023703657407,1.00065503165638,1.0006532097571
2023-04-14 14:30:00,2235.60416666667,-15.1571187398887,1.07094175808529,1.07093993581764
2023-04-14 15:00:00,2235.625,-15.1216000034783,1.07627878953114,1.07627696707947
2023-04-14 15:30:00,2235.64583333333,-15.2300423508235,1.05868269033278,1.05868086769722
2023-04-14 16:00:00,2235.66666666667,-15.2476999668519,1.05554863662461,1.05554681380525
2023-04-14 17:00:00,2235.70833333333,-15.3206771923933,1.04328086564393,1.04327904245732
2023-04-14 17:30:00,2235.72916666667,-15.7649478495652,0.97218696861239,0.97218514524233
2023-04-14 18:00:00,2235.75,-15.4308917785882,1.02508104865712,1.02507922510373
2023-04-14 18:30:00,2235.77083333333,-15.3085046461967,1.04425608864538,1.04425426490876
2023-04-14 19:30:00,2235.8125,-15.5265936820037,1.00887163359904,1.00886980949631
2023-04-14 20:00:00,2235.83333333333,-15.9255130591304,0.945002093700367,0.945000269414746
2023-04-14 20:30:00,2235.85416666667,-16.068498832,0.921902933139257,0.92190110867086
2023-04-14 21:00:00,2235.875,-15.8938277751852,0.949406705875754,0.949404881224694
2023-04-14 22:00:00,2235.91666666667,-15.4239648159259,1.02361322833003,1.02361140331399
2023-04-14 22:30:00,2235.9375,-15.150313073913,1.06688461518065,1.06688278998229
2023-04-14 23:00:00,2235.95833333333,-14.8088891497642,1.12095213256852,1.12095030718795
2023-04-14 23:30:00,2235.97916666667,-14.8263684990741,1.11784607555103,1.11784424998837
2023-04-15 00:30:00,2236.02083333333,-15.3556907381481,1.0328814170085,1.032879591082
2023-04-15 01:00:00,2236.04166666667,-15.2903565043478,1.04296754380747,1.04296571769922
2023-04-15 01:30:00,2236.0625,-15.1602070534118,1.06337875471221,1.06337692842232
2023-04-15 02:00:00,2236.08333333333,-15.2947217087199,1.0416287580995,1.04162693162809
2023-04-15 03:00:00,2236.125,-15.3498589927644,1.0322018389401,1.03220001210599
2023-04-15 03:30:00,2236.14583333333,-15.1961999826087,1.05635803463402,1.05635620761873
2023-04-15 04:00:00,2236.16666666667,-15.6760941418824,0.979588731597311,0.979586904400948
2023-04-15 04:30:00,2236.1875,-15.442853172119,1.01642233817705,1.01642051079973
2023-04-15 05:30:00,2236.22916666667,-15.6977365352505,0.97517546512843,0.975173637389553
2023-04-15 06:30:00,2236.27083333333,-15.8444545281818,0.951159309126678,0.9511574810267
2023-04-15 07:00:00,2236.29166666667,-16.0824289051282,0.912927844586242,0.912926016305882
2023-04-15 07:30:00,2236.3125,-17.4096462001862,0.701179178997477,0.701177350536855
2023-04-15 08:30:00,2236.35416666667,-17.8887018748148,0.62422118635419,0.624219357533378
2023-04-15 13:00:00,2236.54166666667,-16.7539029672996,0.802095830710645,0.802094000274701
2023-04-15 13:30:00,2236.5625,-16.7623999369231,0.800419948875319,0.800418118260496
2023-04-15 14:00:00,2236.58333333333,-16.3979388927778,0.858156519883656,0.85815468909007
2023-04-15 15:00:00,2236.625,-15.7045650801115,0.967966720545059,0.96796488939428
2023-04-15 15:30:00,2236.64583333333,-14.7291928006356,1.12302181234384,1.12301998101464
2023-04-15 16:00:00,2236.66666666667,-14.6533538476923,1.13478057730351,1.13477874579601
2023-04-15 16:30:00,2236.6875,-14.0024163464684,1.23815292691331,1.23815109522762
2023-04-15 17:30:00,2236.72916666667,-14.9744025719852,1.08266983256368,1.08266800052196
2023-04-15 18:00:00,2236.75,-14.9075663488421,1.09299435622668,1.09299252400712
2023-04-15 18:30:00,2236.77083333333,-14.6464922646154,1.13426108506688,1.13425925266959
2023-04-15 19:00:00,2236.79166666667,-15.2720780680297,1.03428223533089,1.034280402756
2023-04-15 20:00:00,2236.83333333333,-15.8587888592593,0.940173544210633,0.940171711280872
2023-04-15 20:30:00,2236.85416666667,-16.3502884482105,0.861554649935782,0.861552816828759
2023-04-15 21:00:00,2236.875,-15.9790308461538,0.920373568033972,0.92037173474981
2023-04-15 21:30:00,2236.89583333333,-15.5547007405204,0.987646949228081,0.987645115766896
2023-04-15 22:30:00,2236.9375,-14.9837648138889,1.07795196082374,1.07795012700885
2023-04-15 23:00:00,2236.95833333333,-14.7244631370526,1.11893612167694,1.11893428768538
2023-04-15 23:30:00,2236.97916666667,-14.43418462,1.16485489082831,1.16485305666018
2023-04-16,2237,-13.9923685075926,1.23491368276708,1.23491184842252
2023-04-16 01:00:00,2237.04166666667,-13.4953870312963,1.3134374529358,1.3134356182387
2023-04-16 01:30:00,2237.0625,-13.4107389496842,1.32659904925057,1.32659721437738
2023-04-16 02:00:00,2237.08333333333,-13.42161538,1.32454349827446,1.32454166322529
2023-04-16 02:30:00,2237.10416666667,-13.4777922070501,1.31527153748989,1.31526970226486
2023-04-16 03:30:00,2237.14583333333,-13.0810722207407,1.37782333808476,1.37782150250837
2023-04-16 04:00:00,2237.16666666667,-13.1252862863158,1.37045698129104,1.37045514553914
2023-04-16 04:30:00,2237.1875,-13.2301229923077,1.35343337048646,1.35343153455918
2023-04-16 05:00:00,2237.20833333333,-13.4615648175926,1.31624144967551,1.31623961357296
2023-04-16 06:30:00,2237.27083333333,-12.583998167037,1.45506908251071,1.45506724588305
2023-04-16 07:00:00,2237.29166666667,-12.7813510578723,1.42330745761426,1.4233056208118
2023-04-16 07:30:00,2237.3125,-12.8168571471429,1.41732812004246,1.41732628306532
2023-04-16 08:00:00,2237.33333333333,-12.6279443252319,1.44709885161345,1.44709701446174
2023-04-16 09:00:00,2237.375,-12.3264275105948,1.49448419255782,1.49448235505734
2023-04-16 09:30:00,2237.39583333333,-12.4731790552239,1.47078327957476,1.47078144190007
2023-04-16 10:00:00,2237.41666666667,-12.4598142314286,1.47258899488754,1.47258715703875
2023-04-16 13:00:00,2237.54166666667,-13.4025142514286,1.32047585042613,1.32047401153528
2023-04-16 13:30:00,2237.5625,-12.9652680942553,1.38980600091049,1.38980416184637
2023-04-16 14:00:00,2237.58333333333,-12.8363333242593,1.4100219038107,1.41002006457343
2023-04-16 15:00:00,2237.625,-12.4462537088889,1.47151479941256,1.47151295982936
2023-04-16 16:00:00,2237.66666666667,-13.0980260617391,1.36703983931944,1.36703799939079
2023-04-16 16:30:00,2237.6875,-12.8273506068235,1.40983501882048,1.40983317871927
2023-04-16 17:00:00,2237.70833333333,-13.4826574216667,1.30512053799573,1.30511869772209
2023-04-16 18:00:00,2237.75,-12.8949611066667,1.39809363815158,1.39809179753343
2023-04-16 18:30:00,2237.77083333333,-13.5745912956522,1.28950435758837,1.28950251679815
2023-04-16 19:00:00,2237.79166666667,-13.3985199856471,1.31722891444015,1.31722707347797
2023-04-16 19:30:00,2237.8125,-13.2920944464815,1.33385882740005,1.33385698626604
2023-04-16 20:30:00,2237.85416666667,-12.9063092551852,1.39466711277951,1.39466527130218
2023-04-16 21:00:00,2237.875,-13.4629217304348,1.30567452799446,1.30567268634566
2023-04-16 21:30:00,2237.89583333333,-13.4551882021176,1.3065826422047,1.30658080038454
2023-04-16 22:00:00,2237.91666666667,-12.844329622963,1.40356898539387,1.40356714340246
2023-04-16 23:00:00,2237.95833333333,-13.1968055557407,1.34677151973046,1.34676967739694
2023-04-16 23:30:00,2237.97916666667,-13.1252261391304,1.35785023933985,1.35784839683545
2023-05-01 17:00:00,2252.70833333333,-22.9632407577778,-0.441525310683924,-0.44152724043068
2023-05-01 17:30:00,2252.72916666667,-23.7729077215385,-0.570835162281886,-0.57083709209973
2023-05-01 18:00:00,2252.75,-23.6870442223158,-0.557486363826635,-0.557488293715405
2023-05-01 18:30:00,2252.77083333333,-23.8195259405556,-0.578920107160311,-0.57892203711986
2023-05-01 19:00:00,2252.79166666667,-23.830092625,-0.580932691061238,-0.580934621091393
2023-05-01 20:00:00,2252.83333333333,-23.6969636090909,-0.560383728276387,-0.560385658447283
2023-05-01 20:30:00,2252.85416666667,-23.444977334433,-0.520571415633862,-0.520573345874881
2023-05-01 21:00:00,2252.875,-23.3666728217472,-0.508426724192524,-0.508428654503511
2023-05-01 21:30:00,2252.89583333333,-23.1696975814471,-0.477377693400445,-0.477379623781233
2023-05-01 22:00:00,2252.91666666667,-23.7340726345455,-0.567612300736666,-0.567614231187094
2023-05-01 22:30:00,2252.9375,-24.3238267960825,-0.661889810460692,-0.661891740980612
2023-05-01 23:00:00,2252.95833333333,-22.8678203827778,-0.430276190921956,-0.430278121511193
2023-05-01 23:30:00,2252.97916666667,-21.9649925864564,-0.28678431256995,-0.286786243228344
2023-05-02,2253,-21.9589999818182,-0.286158913293267,-0.286160844020669
2023-05-02 00:30:00,2253.02083333333,-20.3795381740206,-0.0348787376414531,-0.0348806684376888
2023-05-02 01:00:00,2253.04166666667,-20.4751428457143,-0.0504378412621821,-0.0504397721270904
2023-05-02 13:00:00,2253.54166666667,-21.7402834283333,-0.259874216791843,-0.259876149256448
2023-05-02 13:30:00,2253.5625,-21.8504937652083,-0.27775980126429,-0.277761733793524
2023-05-02 14:30:00,2253.60416666667,-23.4720740677778,-0.53673667323334,-0.536738605891337
2023-05-02 15:00:00,2253.625,-25.1790481590741,-0.808987837635028,-0.808989770357166
2023-05-02 15:30:00,2253.64583333333,-23.8497762677966,-0.597562838117305,-0.597564770903415
2023-05-02 16:00:00,2253.66666666667,-23.8423347404082,-0.596706350964568,-0.596708283814493
2023-05-02 16:30:00,2253.6875,-25.5964017903704,-0.876459429738409,-0.876461362651986
2023-05-02 17:00:00,2253.70833333333,-26.2779814985185,-0.985364499265466,-0.985366432242526
2023-05-02 17:30:00,2253.72916666667,-25.9412609613559,-0.932053602699393,-0.932055535739773
2023-05-02 18:00:00,2253.75,-26.5378243918367,-1.02741549974758,-1.02741743285113
2023-05-02 18:30:00,2253.77083333333,-27.9524482046296,-1.25309499088449,-1.25309692405103
2023-05-02 19:30:00,2253.8125,-27.3439666907407,-1.15682123619903,-1.15682316949108
2023-05-02 20:00:00,2253.83333333333,-28.7309620962069,-1.37809947382343,-1.37810140717798
2023-05-02 20:30:00,2253.85416666667,-28.5409437445783,-1.34815828341103,-1.34816021682793
2023-05-02 21:00:00,2253.875,-28.8044629775926,-1.39046594471535,-1.39046787819443
2023-05-02 21:30:00,2253.89583333333,-28.9172221790741,-1.40875741559901,-1.40875934914011
2023-05-02 22:00:00,2253.91666666667,-27.2330723837931,-1.14079998950054,-1.1408019231035
2023-05-02 22:30:00,2253.9375,-28.0621639712,-1.27320370191059,-1.27320563557524
2023-05-02 23:00:00,2253.95833333333,-26.8738611314815,-1.08423503063576,-1.08423696436193
2023-05-02 23:30:00,2253.97916666667,-25.5606381977737,-0.875366489287972,-0.875368423075503
2023-05-03,2254,-25.8516793689655,-0.922058356404264,-0.922060290253005
2023-05-03 00:30:00,2254.02083333333,-25.3687880328,-0.845462212121496,-0.845464146031269
2023-05-03 01:00:00,2254.04166666667,-25.6575647981481,-0.891793337895923,-0.891795271866564
2023-05-03 01:30:00,2254.0625,-25.5784610488889,-0.879520824801768,-0.879522758833121
2023-05-03 02:00:00,2254.08333333333,-26.0692378841379,-0.958030686021684,-0.958032620113585
2023-05-03 02:30:00,2254.10416666667,-25.369411972,-0.846876668679658,-0.846878602831936
2023-05-03 03:00:00,2254.125,-25.7279777996296,-0.904325201696253,-0.904327135908751
2023-05-03 03:30:00,2254.14583333333,-26.145272217037,-0.971129230864469,-0.971131165137016
2023-05-03 04:00:00,2254.16666666667,-26.0652723975862,-0.958713922518363,-0.958715856850802
2023-05-03 04:30:00,2254.1875,-25.6419360348,-0.891604847213927,-0.891606781606093
2023-05-03 05:00:00,2254.20833333333,-25.4506407581481,-0.86146007245556,-0.861462006907283
2023-05-03 05:30:00,2254.22916666667,-25.5438256233766,-0.876633177255137,-0.876635111766253
2023-05-03 06:00:00,2254.25,-25.2541072287197,-0.830809508748731,-0.830811443319089
2023-05-03 06:30:00,2254.27083333333,-25.4280440284,-0.858846433613036,-0.858848368242458
2023-05-03 07:00:00,2254.29166666667,-25.2992074338889,-0.83865132995408,-0.838653264642401
2023-05-03 07:30:00,2254.3125,-25.6409685564815,-0.893422768419438,-0.893424703166501
2023-05-03 08:00:00,2254.33333333333,-25.4499689865517,-0.863325037301363,-0.863326972107004
2023-05-03 08:30:00,2254.35416666667,-25.3996200288,-0.855633038624583,-0.85563497348863
2023-05-03 09:00:00,2254.375,-25.8135703559259,-0.92190423719121,-0.921906172113506
2023-05-03 12:00:00,2254.5,-26.68013847,-1.06192062525244,-1.06192256052076
2023-05-03 12:30:00,2254.52083333333,-26.7435464317857,-1.07235009891881,-1.07235203424421
2023-05-03 13:00:00,2254.54166666667,-27.687690177551,-1.22308140138942,-1.22308333677175
2023-05-03 13:30:00,2254.5625,-28.8384240642593,-1.40672264993355,-1.40672458537264
2023-05-03 14:00:00,2254.58333333333,-28.7110038623077,-1.38675302771694,-1.38675496321264
2023-05-03 14:30:00,2254.60416666667,-29.2214265290323,-1.46839221919618,-1.46839415474831
2023-05-03 15:00:00,2254.625,-30.4272870551852,-1.66081514751394,-1.66081708312234
2023-05-03 15:30:00,2254.64583333333,-31.0357740738889,-1.75807603802571,-1.7580779736902
2023-05-03 16:00:00,2254.66666666667,-29.1752769596154,-1.46202598056685,-1.46202791628728
2023-05-03 16:30:00,2254.6875,-28.9699643342857,-1.42964798374879,-1.42964991952499
2023-05-03 17:00:00,2254.70833333333,-29.3841944948148,-1.49596358414576,-1.49596551997757
2023-05-03 17:30:00,2254.72916666667,-30.1642925892593,-1.62056219652198,-1.62056413240923
2023-05-03 18:30:00,2254.77083333333,-29.9184235741176,-1.58205190942564,-1.58205384542328
2023-05-03 19:00:00,2254.79166666667,-29.2541895364912,-1.47656734673113,-1.47656928278371
2023-05-03 19:30:00,2254.8125,-28.7105166733333,-1.39028825376826,-1.39029018987563
2023-05-03 20:00:00,2254.83333333333,-29.47045741,-1.51167572727808,-1.51167766344005
2023-05-03 20:30:00,2254.85416666667,-28.5542314219608,-1.36604863213316,-1.36605056834958
2023-05-03 21:00:00,2254.875,-28.6726772375439,-1.38524548305253,-1.38524741932324
2023-05-03 21:30:00,2254.89583333333,-27.6976233784787,-1.23024704268818,-1.230248979013
2023-05-03 22:00:00,2254.91666666667,-25.7679907448148,-0.923183509650554,-0.923185446029324
2023-05-03 22:30:00,2254.9375,-25.5234902243137,-0.88456271468773,-0.884564651120287
2023-05-03 23:00:00,2254.95833333333,-25.0454070421053,-0.808732022983718,-0.80873395946989
2023-05-03 23:30:00,2254.97916666667,-22.740801832963,-0.441935055281837,-0.441936991821458
2023-05-04,2255,-20.985348142963,-0.162618305115366,-0.162620241708283
2023-05-04 00:30:00,2255.02083333333,-19.973792185098,-0.00180498334007981,-0.00180691998611351
2023-05-04 01:00:00,2255.04166666667,-19.6518948010526,0.0491452467656494,0.0491433100666649
2023-05-04 01:30:00,2255.0625,-18.0874203837037,0.298038898258055,0.298036961506273
2023-05-04 02:00:00,2255.08333333333,-17.6678648451852,0.364546166242258,0.364544229437857
2023-05-04 02:30:00,2255.10416666667,-17.9652077705882,0.31685100872391,0.316849071867057
2023-05-04 03:00:00,2255.125,-17.9876280919298,0.31295123064241,0.312949293733265
2023-05-04 03:30:00,2255.14583333333,-17.8518722435185,0.334249041625965,0.334247104664694
2023-05-04 04:00:00,2255.16666666667,-18.1151814985185,0.291975508690059,0.291973571676835
2023-05-04 04:30:00,2255.1875,-17.5071999415686,0.388499237005876,0.388497299940859
2023-05-04 05:00:00,2255.20833333333,-17.7855648361404,0.343827354515169,0.343825417398532
2023-05-04 05:30:00,2255.22916666667,-17.5175157795918,0.386199617269032,0.386197680100941
2023-05-04 06:00:00,2255.25,-17.9122333187037,0.322992700112156,0.322990762892765
2023-05-04 06:30:00,2255.27083333333,-17.7982705572549,0.340818930784918,0.340816993514408
2023-05-04 07:00:00,2255.29166666667,-18.3684736803509,0.249657059619456,0.249655122297992
2023-05-04 07:30:00,2255.3125,-17.6771999831481,0.359449359919736,0.359447422547472
2023-05-04 08:00:00,2255.33333333333,-17.9246462994444,0.319702903816008,0.319700966393124
2023-05-04 08:30:00,2255.35416666667,-17.2744117690196,0.422957660697987,0.42295572322465
2023-05-04 09:00:00,2255.375,-17.5343614378947,0.381219436854097,0.381217499330467
2023-05-04 09:30:00,2255.39583333333,-17.031262977037,0.461035338053621,0.461033400479864
2023-05-04 10:00:00,2255.41666666667,-17.0869573874074,0.451835148281638,0.451833210657929
2023-05-04 13:30:00,2255.5625,-17.2593098778022,0.422083420720006,0.422081482751276
2023-05-04 14:00:00,2255.58333333333,-16.9819059011765,0.465946145429624,0.465944207412279
2023-05-04 14:30:00,2255.60416666667,-17.146466697037,0.439403579162411,0.439401641096619
2023-05-04 15:00:00,2255.625,-17.8341242940631,0.329531331813943,0.329529393699864
2023-05-04 15:30:00,2255.64583333333,-17.9673670173626,0.307977783239592,0.307975845077394
2023-05-04 16:00:00,2255.66666666667,-18.1270587270588,0.28221090547123,0.282208967261087
2023-05-04 16:30:00,2255.6875,-18.3397777435185,0.24799675312337,0.247994814865444
2023-05-04 17:00:00,2255.70833333333,-18.1361915411268,0.280100332959211,0.280098394653674
2023-05-04 17:30:00,2255.72916666667,-18.2781945281081,0.257151321331452,0.257149382978467
2023-05-04 18:30:00,2255.77083333333,-19.4362037055556,0.0720240034531212,0.0720220650057487
2023-05-04 19:00:00,2255.79166666667,-19.5119518461111,0.0596294765571909,0.0596275380628796
2023-05-04 19:30:00,2255.8125,-19.7348942834286,0.0237868065341948,0.0237848679930997
2023-05-04 20:00:00,2255.83333333333,-19.5892474305263,0.0466606874175645,0.0466587488298666
2023-05-04 20:30:00,2255.85416666667,-19.6900611112963,0.0302732427810733,0.0302713041469405
2023-05-04 21:00:00,2255.875,-18.636959277963,0.197705377803449,0.197703439123043
2023-05-04 21:30:00,2255.89583333333,-19.2688142737143,0.0967226995636972,0.0967207608371858
2023-05-04 22:00:00,2255.91666666667,-19.5959157726316,0.0442874848940694,0.0442855461216274
2023-05-04 22:30:00,2255.9375,-19.5499462857407,0.051282758650797,0.0512808198325859
2023-05-04 23:00:00,2255.95833333333,-19.8307086205714,0.00622943354861366,0.00622749468480835
2023-05-04 23:30:00,2255.97916666667,-19.7717644049315,0.0152916185647385,0.0152896796555008
2023-05-05,2256,-19.11645185,0.119355720114144,0.119353781159642
2023-05-05 00:30:00,2256.02083333333,-19.0445027519481,0.130489620057827,0.130487681058236
2023-05-05 01:00:00,2256.04166666667,-18.8126914308571,0.167089700366986,0.167087761322473
2023-05-05 01:30:00,2256.0625,-18.1594438465753,0.270824892603924,0.270822953514646
2023-05-05 02:00:00,2256.08333333333,-18.1679554773655,0.26914138305848,0.269139443924619
2023-05-05 02:30:00,2256.10416666667,-18.1081851790741,0.278335247732637,0.27833330855436
2023-05-05 03:00:00,2256.125,-18.1376056788571,0.273320968700601,0.273319029478071
2023-05-05 03:30:00,2256.14583333333,-17.868824579726,0.315810431679922,0.315808492413307
2023-05-05 04:00:00,2256.16666666667,-18.1170833203704,0.275935092947712,0.275933153637188
2023-05-05 04:30:00,2256.1875,-19.0560518294444,0.12602920880481,0.126027269450538
2023-05-05 05:00:00,2256.20833333333,-19.4502114211429,0.0629117888587185,0.0629098494608688
2023-05-05 05:30:00,2256.22916666667,-19.1165178008219,0.115741920093854,0.115739980652601
2023-05-05 06:00:00,2256.25,-18.7040425809259,0.181122030855345,0.181120091370851
2023-05-05 06:30:00,2256.27083333333,-18.4050463092593,0.228424878528096,0.228422939000537
2023-05-05 07:00:00,2256.29166666667,-18.5771943114286,0.200674121192866,0.200672181622412
2023-05-05 07:30:00,2256.3125,-18.8888548043836,0.150698938919794,0.150696999306599
2023-05-05 08:00:00,2256.33333333333,-18.2402296162963,0.253697966452273,0.253696026796519
2023-05-05 08:30:00,2256.35416666667,-18.1912869794444,0.261167149657889,0.261165209959747
2023-05-05 09:00:00,2256.375,-17.7673257222857,0.328377081738845,0.328375141998476
2023-05-05 09:30:00,2256.39583333333,-17.9939588819178,0.291946873011689,0.291944933229264
2023-05-05 10:00:00,2256.41666666667,-17.268658612987,0.407160354469279,0.407158414644972
2023-05-05 10:30:00,2256.4375,-17.2884592835185,0.403678738605647,0.403676798739621
2023-05-05 11:00:00,2256.45833333333,-17.215228596,0.415017099396031,0.415015159488456
2023-05-05 11:30:00,2256.47916666667,-17.077915049589,0.436563920279587,0.436561980330639
2023-05-05 12:00:00,2256.5,-17.1598870631481,0.423178409675018,0.423176469684859
2023-05-05 15:30:00,2256.64583333333,-23.2878644982796,-0.555303525473329,-0.555305465747193
2023-05-05 16:00:00,2256.66666666667,-22.9432666733333,-0.500736035108423,-0.500737975422133
2023-05-05 16:30:00,2256.6875,-21.4371703455556,-0.261140987924632,-0.261142928278025
2023-05-05 17:30:00,2256.72916666667,-20.825387052963,-0.164337774381457,-0.1643397148137
2023-05-05 18:00:00,2256.75,-20.7946543443478,-0.159769159901694,-0.15977110037311
2023-05-05 18:30:00,2256.77083333333,-20.60493736,-0.129874221221247,-0.129876161731661
2023-05-05 19:00:00,2256.79166666667,-20.887522202037,-0.175217285490364,-0.175219226039605
2023-05-05 19:30:00,2256.8125,-20.4646333192593,-0.108177865708025,-0.108179806295935
2023-05-05 20:00:00,2256.83333333333,-20.3996652206522,-0.0981554670285385,-0.0981574076549344
2023-05-05 20:30:00,2256.85416666667,-20.33633756625,-0.0883943766511904,-0.0883963173159024
2023-05-05 21:00:00,2256.875,-20.1860129574074,-0.0647745935883729,-0.0647765342912437
2023-05-05 21:30:00,2256.89583333333,-19.7778422994434,-7.97349246973167e-05,-8.16756655436512e-05
2023-05-05 22:00:00,2256.91666666667,-19.6107304247826,0.0262143030529256,0.0262123622742743
2023-05-05 22:30:00,2256.9375,-19.496350025,0.0441081951996397,0.0441062543833472
2023-05-05 23:00:00,2256.95833333333,-19.9393740877778,-0.0267928260260184,-0.0267947668797815
2023-05-05 23:30:00,2256.97916666667,-19.6172240346296,0.0241989521016057,0.0241970112105488
2023-05-06,2257,-19.5173217071739,0.0397865246309169,0.0397845837027306
2023-05-06 00:30:00,2257.02083333333,-19.56012504625,0.0326409984697761,0.0326390575046374
2023-05-06 01:00:00,2257.04166666667,-19.7302296485185,0.00521630612017251,0.00521436511825193
2023-05-06 01:30:00,2257.0625,-19.2444537198148,0.082273867105888,0.0822719260673433
2023-05-06 02:00:00,2257.08333333333,-19.2311369745652,0.0840683586351972,0.0840664175602121
2023-05-06 02:30:00,2257.10416666667,-19.656749995,0.0159410409611868,0.0159390998499322
2023-05-06 03:00:00,2257.125,-19.6942814735185,0.0096354064191132,0.00963346527174691
2023-05-06 03:30:00,2257.14583333333,-19.679846347037,0.0116081054081586,0.0116061642248645
2023-05-06 04:00:00,2257.16666666667,-19.393132555,0.0569550066543546,0.0569530654353037
2023-05-06 04:30:00,2257.1875,-19.44329998625,0.0486365045939489,0.0486345633393056
2023-05-06 05:00:00,2257.20833333333,-19.7011018375926,0.00724170737897417,0.00723976608890944
2023-05-06 05:30:00,2257.22916666667,-19.6026203637037,0.0226031148639431,0.0226011735386346
2023-05-06 06:00:00,2257.25,-19.5561869773913,0.0296732412318917,0.0296712998715042
2023-05-06 06:30:00,2257.27083333333,-19.38993742875,0.0558301843508603,0.0558282429555712
2023-05-06 07:00:00,2257.29166666667,-19.6961444457407,0.00672447545312158,0.00672253402309564
2023-05-06 07:30:00,2257.3125,-19.567094445,0.026955537073751,0.0269535956091596
2023-05-06 08:00:00,2257.33333333333,-19.6773369247826,0.00906715214120257,0.00906521064222351
2023-05-06 08:30:00,2257.35416666667,-19.51053752875,0.0353117526408969,0.0353098111077014
2023-05-06 09:00:00,2257.375,-19.5919092564815,0.0220225324581679,0.0220205908909145
2023-05-06 09:30:00,2257.39583333333,-19.9079388622222,-0.0286478386597056,-0.0286497802608325
2023-05-06 10:00:00,2257.41666666667,-19.8859326002174,-0.0254688377181982,-0.0254707793530271
2023-05-06 10:30:00,2257.4375,-19.74168746,-0.00281707931910205,-0.00281902098746795
2023-05-06 11:00:00,2257.45833333333,-19.9218796346296,-0.0318484001753292,-0.0318503418770605
2023-05-06 11:30:00,2257.47916666667,-19.7610999927778,-0.0065626501149145,-0.00656459184983305
2023-05-06 12:00:00,2257.5,-19.2932130058696,0.0676455364061465,0.067643594638206
2023-05-06 12:30:00,2257.52083333333,-19.584012505,0.0209944405068164,0.0209924987060318
2023-05-06 13:00:00,2257.54166666667,-19.6162759335185,0.0155283424230659,0.0155264005896028
2023-05-06 13:30:00,2257.5625,-19.358704877707,0.0562331018683879,0.056231160002418
2023-05-06 14:00:00,2257.58333333333,-19.540771748913,0.0269032424669393,0.0269013005686409
2023-05-06 14:30:00,2257.60416666667,-19.77817492375,-0.0112417125073563,-0.0112436544378112
2023-05-06 15:00:00,2257.625,-19.5815370405556,0.0197564004153663,0.0197544584529138
2023-05-06 15:30:00,2257.64583333333,-19.5355352140741,0.0267580990806458,0.0267561570863807
2023-05-06 16:30:00,2257.6875,-20.3517252767033,-0.103914359651829,-0.10391630170921
2023-05-06 17:00:00,2257.70833333333,-20.0215059141176,-0.0516365524588877,-0.0516384945475712
2023-05-06 17:30:00,2257.72916666667,-20.347570355,-0.103905206756321,-0.103907148876129
2023-05-06 18:00:00,2257.75,-20.4913073783333,-0.12712895571225,-0.127130897863016
2023-05-06 18:30:00,2257.77083333333,-20.3847384821978,-0.11047877535084,-0.110480717532386
2023-05-06 19:00:00,2257.79166666667,-20.39794114,-0.112908271605893,-0.112910213818053
2023-05-06 19:30:00,2257.8125,-20.7471870251852,-0.168869676565702,-0.168871618808304
2023-05-06 20:00:00,2257.83333333333,-20.9618444546296,-0.203391026747711,-0.203392969020575
2023-05-06 20:30:00,2257.85416666667,-21.0941758250549,-0.224797759255278,-0.224799701558232
2023-05-06 21:00:00,2257.875,-20.8458588341176,-0.185566918098361,-0.185568860431246
2023-05-06 21:30:00,2257.89583333333,-21.0059815098148,-0.211400789987172,-0.211402732349801
2023-05-06 22:00:00,2257.91666666667,-21.4266994424861,-0.27874765476962,-0.278749597161822
2023-05-06 22:30:00,2257.9375,-21.1736431905286,-0.238761792644539,-0.238763735066148
2023-05-06 23:00:00,2257.95833333333,-21.0458353376471,-0.218728072145741,-0.218730014596583
2023-05-06 23:30:00,2257.97916666667,-21.2617222559259,-0.253445156408969,-0.253447098888866
2023-05-07,2258,-20.7919925662338,-0.178943007138133,-0.178944949646918
2023-05-07 00:30:00,2258.02083333333,-20.3490857061538,-0.108713735816463,-0.108715678353957
2023-05-07 01:00:00,2258.04166666667,-20.2725059317647,-0.0968406130094888,-0.0968425555755256
2023-05-07 01:30:00,2258.0625,-20.2790482981447,-0.0982088885675176,-0.0982108311619241
2023-05-07 02:00:00,2258.08333333333,-19.9387439875696,-0.0443242225243609,-0.0443261651469576
2023-05-07 02:30:00,2258.10416666667,-20.477531847033,-0.130479549235344,-0.130481491885958
2023-05-07 03:00:00,2258.125,-20.1997294058824,-0.0865514393280666,-0.0865533820065378
2023-05-07 03:30:00,2258.14583333333,-20.3927092444444,-0.117619264779126,-0.117621207485269
2023-05-07 04:00:00,2258.16666666667,-19.6708796198148,-0.00295727074125465,-0.00295921347489503
2023-05-07 04:30:00,2258.1875,-20.1647054927473,-0.0819500478770815,-0.0819519906380533
2023-05-07 05:00:00,2258.20833333333,-20.4262706517647,-0.123943508957853,-0.123945451745982
2023-05-07 05:30:00,2258.22916666667,-19.993272227037,-0.0552924764106108,-0.0552944192257191
2023-05-07 06:00:00,2258.25,-19.8996074140741,-0.0406975122738437,-0.0406994551157635
2023-05-07 06:30:00,2258.27083333333,-19.7585274279121,-0.0185492586856666,-0.0185512015542246
2023-05-07 07:00:00,2258.29166666667,-19.85091766,-0.0335929591863484,-0.0335949020813647
2023-05-07 07:30:00,2258.3125,-19.6080147933333,0.00477578911007592,0.00477384618876828
2023-05-07 08:00:00,2258.33333333333,-20.2768070834879,-0.102089133981091,-0.10209107692851
2023-05-07 08:30:00,2258.35416666667,-20.4768813265934,-0.134286918581334,-0.134288861554691
2023-05-07 09:00:00,2258.375,-19.9603881823529,-0.0523349876232911,-0.0523369306224253
2023-05-07 09:30:00,2258.39583333333,-20.1708703709259,-0.0861907279600723,-0.0861926709847971
2023-05-07 10:00:00,2258.41666666667,-20.0789758536178,-0.0718776241983007,-0.0718795672484427
2023-05-07 10:30:00,2258.4375,-20.3708307712088,-0.118696060836572,-0.118698003911964
2023-05-07 11:00:00,2258.45833333333,-20.1504941788235,-0.083922005064139,-0.0839239481646068
2023-05-07 11:30:00,2258.47916666667,-20.1338314612963,-0.0815933242096403,-0.0815952673350038
2023-05-07 12:00:00,2258.5,-20.3806103985158,-0.121231068278256,-0.121233011428348
2023-05-07 12:30:00,2258.52083333333,-20.489219763956,-0.138858281846406,-0.138860225021053
2023-05-07 13:00:00,2258.54166666667,-20.39098816,-0.123535562158607,-0.123537505357628
2023-05-07 13:30:00,2258.5625,-20.5580073964815,-0.150467471842126,-0.150469415065353
2023-05-07 15:30:00,2258.64583333333,-22.0536625946988,-0.390028726111041,-0.390030669429341
2023-05-07 16:00:00,2258.66666666667,-21.6951119688,-0.333236885203709,-0.333238828545339
2023-05-07 17:00:00,2258.70833333333,-22.1198637460154,-0.401551148914671,-0.401553092302449
2023-05-07 17:30:00,2258.72916666667,-22.299577003908,-0.430505071283627,-0.430507014694213
2023-05-07 18:00:00,2258.75,-22.2508098257669,-0.423061877480103,-0.423063820913328
2023-05-07 19:30:00,2258.8125,-22.2867749154341,-0.429767382496208,-0.429769325996296
2023-05-08 11:30:00,2259.47916666667,-19.5751370222222,-0.00820355672489562,-0.00820550084018259
2023-05-08 12:00:00,2259.5,-19.7110462812195,-0.0301787238276826,-0.0301806679593015
2023-05-08 12:30:00,2259.52083333333,-19.4192154053846,0.0159854391955019,0.0159834950477271
2023-05-08 13:00:00,2259.54166666667,-20.4451685414815,-0.147774311566311,-0.14777625573006
2023-05-08 13:30:00,2259.5625,-20.7495314664815,-0.196584204981012,-0.196586149160564
2023-05-08 14:00:00,2259.58333333333,-20.5659146158537,-0.167658550318183,-0.167660494513356
2023-05-08 14:30:00,2259.60416666667,-20.3490384684615,-0.133434644768057,-0.133436588978682
2023-05-08 15:00:00,2259.625,-20.8962536688889,-0.220931015767718,-0.220932959993619
2023-05-08 16:00:00,2259.66666666667,-20.8008407409259,-0.206380801482706,-0.206382745738616
2023-05-08 16:30:00,2259.6875,-21.019501251358,-0.241538111766651,-0.241540056037313
2023-05-08 17:00:00,2259.70833333333,-20.7139704362963,-0.193191347952602,-0.193193292237828
2023-05-08 17:30:00,2259.72916666667,-20.9813506380334,-0.236109697129064,-0.236111641428678
2023-05-08 18:00:00,2259.75,-21.0870870155556,-0.253278048158921,-0.253279992472751
2023-05-08 18:30:00,2259.77083333333,-20.9016682863861,-0.224065161151751,-0.224067105479622
2023-05-08 19:00:00,2259.79166666667,-21.4280667066667,-0.308245233205724,-0.308247177547452
2023-05-08 19:30:00,2259.8125,-21.3394405245353,-0.294451425030071,-0.294453369385487
2023-05-08 20:00:00,2259.83333333333,-21.2783926088889,-0.285050832810496,-0.285052777179417
2023-05-08 20:30:00,2259.85416666667,-21.357824694321,-0.298028783507191,-0.298030727889445
2023-05-08 21:00:00,2259.875,-21.5730370296296,-0.332636603353484,-0.332638547748896
2023-05-08 21:30:00,2259.89583333333,-21.854225907037,-0.377754511776305,-0.377756456184691
2023-05-08 22:00:00,2259.91666666667,-21.7221759357407,-0.357043154526089,-0.357045098947273
2023-05-08 22:30:00,2259.9375,-21.7653086479012,-0.364238502127587,-0.364240446561404
2023-05-08 23:00:00,2259.95833333333,-22.027548202963,-0.406337704527564,-0.406339648973825
2023-05-08 23:30:00,2259.97916666667,-22.3008456633829,-0.450198417259555,-0.450200361718083
2023-05-09,2260,-22.1853592442593,-0.432125558215202,-0.432127502685826
2023-05-09 00:30:00,2260.02083333333,-21.8504740708642,-0.37910229885355,-0.379104243336093
2023-05-09 01:00:00,2260.04166666667,-21.9882740444444,-0.401378099173387,-0.401380043667666
2023-05-09 01:30:00,2260.0625,-22.1429388775926,-0.42634046161428,-0.426342406120124
2023-05-09 02:00:00,2260.08333333333,-22.250218507963,-0.443754305289189,-0.443756249806419
2023-05-09 02:30:00,2260.10416666667,-22.0378444298765,-0.41024706263552,-0.410249007163955
2023-05-09 03:00:00,2260.125,-21.8290147274074,-0.37730441936598,-0.377306363905448
2023-05-09 03:30:00,2260.14583333333,-21.8788259207407,-0.385563433399687,-0.385565377950005
2023-05-09 04:00:00,2260.16666666667,-22.2722003680891,-0.448552297045008,-0.448554241605998
2023-05-09 04:30:00,2260.1875,-22.2761482009877,-0.44950520041026,-0.449507144981758
2023-05-09 05:00:00,2260.20833333333,-22.3321629703704,-0.458752381614481,-0.458754326196296
2023-05-09 05:30:00,2260.22916666667,-21.8011332937037,-0.374482940661759,-0.374484885253714
2023-05-09 06:00:00,2260.25,-21.8880703838889,-0.388656024841465,-0.388657969443389
2023-05-09 06:30:00,2260.27083333333,-21.5189827417284,-0.330184020802442,-0.330185965414157
2023-05-09 07:00:00,2260.29166666667,-22.1347852059259,-0.428605692004194,-0.428607636625517
2023-05-09 07:30:00,2260.3125,-21.8433000348148,-0.382495771984111,-0.38249771661487
2023-05-09 08:00:00,2260.33333333333,-21.6253037338889,-0.348092658900875,-0.348094603540893
2023-05-09 08:30:00,2260.35416666667,-21.8401111602469,-0.382635466219672,-0.382637410868764
2023-05-09 09:00:00,2260.375,-21.6437482385185,-0.351678520578136,-0.351680465236131
2023-05-09 09:30:00,2260.39583333333,-21.7037185792593,-0.361555624102634,-0.361557568769348
2023-05-09 10:00:00,2260.41666666667,-21.7505157738404,-0.369334213264547,-0.369336157939802
2023-05-09 10:30:00,2260.4375,-21.7035062281481,-0.362169298858187,-0.362171243541818
2023-05-09 11:00:00,2260.45833333333,-21.5082889844444,-0.33139476939888,-0.331396714090696
2023-05-09 11:30:00,2260.47916666667,-21.9282610952542,-0.398620320845331,-0.398622265545154
2023-05-09 12:00:00,2260.5,-21.816314262449,-0.381110781526364,-0.381112726234023
2023-05-09 12:30:00,2260.52083333333,-22.1874537287037,-0.440557211893912,-0.440559156609229
2023-05-09 13:00:00,2260.54166666667,-22.650942552037,-0.514714937823503,-0.514716882546293
2023-05-09 13:30:00,2260.5625,-22.7092508657627,-0.524327095969466,-0.524329040699557
2023-05-09 14:00:00,2260.58333333333,-22.918240815102,-0.557942923250062,-0.557944867987276
2023-05-09 14:30:00,2260.60416666667,-23.9008298611494,-0.714793616320708,-0.714795561064861
2023-05-09 15:00:00,2260.625,-24.2668018640741,-0.773416750599216,-0.773418695350136
2023-05-09 15:30:00,2260.64583333333,-25.15932248775,-0.91591943321955,-0.915921377977052
2023-05-09 16:00:00,2260.66666666667,-25.2956571878571,-0.937961134572244,-0.937963079336149
2023-05-09 16:30:00,2260.6875,-25.2249274986989,-0.927017307439267,-0.92701925220941
2023-05-15 18:00:00,2266.75,-25.2260203668519,-1.02015795306357,-1.02015989190142
2023-05-15 18:30:00,2266.77083333333,-24.0975240646296,-0.840702584235708,-0.840704523026014
2023-05-15 19:00:00,2266.79166666667,-23.373573296475,-0.725691572777087,-0.725693511519663
2023-05-15 19:30:00,2266.8125,-23.6025658406308,-0.762485076613114,-0.762487015307764
2023-05-15 20:00:00,2266.83333333333,-22.6537513903525,-0.611653049178716,-0.611654987825251
2023-05-15 20:30:00,2266.85416666667,-24.5816573601852,-0.919084604985796,-0.919086543584039
2023-05-15 21:00:00,2266.875,-23.7779165059369,-0.791362834185913,-0.791364772735661
2023-05-15 21:30:00,2266.89583333333,-22.9240666455556,-0.655658627397809,-0.655660565898872
2023-05-15 22:00:00,2266.91666666667,-22.2360241339518,-0.546367614214928,-0.546369552667124
2023-05-15 22:30:00,2266.9375,-23.0318052027829,-0.673450722170482,-0.67345266057362
2023-05-15 23:00:00,2266.95833333333,-22.0234248469388,-0.513129590275635,-0.513131528629519
2023-05-15 23:30:00,2266.97916666667,-21.1582323343866,-0.375618348477019,-0.375620286781466
2023-05-16,2267,-20.0683259581481,-0.20230999190551,-0.202311930160325
2023-05-16 00:30:00,2267.02083333333,-19.8982185231481,-0.175526228228302,-0.175528166433299
2023-05-16 01:00:00,2267.04166666667,-19.9076611337037,-0.17734487933189,-0.177346817486881
2023-05-16 01:30:00,2267.0625,-20.2671888644444,-0.234932304430819,-0.234934242535606
2023-05-16 02:00:00,2267.08333333333,-20.3456981288889,-0.247753251163988,-0.247755189218383
2023-05-16 02:30:00,2267.10416666667,-20.4905129288889,-0.271136681188141,-0.271138619191965
2023-05-16 03:00:00,2267.125,-20.3714425553704,-0.252482978549063,-0.252484916502114
2023-05-16 03:30:00,2267.14583333333,-19.9726315081481,-0.189266350696471,-0.189268288598559
2023-05-16 04:00:00,2267.16666666667,-20.33714074,-0.247647152751863,-0.247649090602804
2023-05-16 04:30:00,2267.1875,-20.0100816447124,-0.195860590023735,-0.195862527823338
2023-05-16 05:00:00,2267.20833333333,-20.2052111031481,-0.22725900095891,-0.22726093870698
2023-05-16 05:30:00,2267.22916666667,-20.0840444738889,-0.208271182947822,-0.208273120644174
2023-05-16 06:00:00,2267.25,-19.5956833485185,-0.13078898311677,-0.130790920761208
2023-05-16 06:30:00,2267.27083333333,-19.4419315105556,-0.106610245657698,-0.106612183250037
2023-05-16 07:00:00,2267.29166666667,-19.2582337818182,-0.0776610701304,-0.0776630076704511
2023-05-16 07:30:00,2267.3125,-18.9387389057407,-0.0270792756810271,-0.0270812131685932
2023-05-16 08:00:00,2267.33333333333,-18.9567833362963,-0.0302676976393743,-0.0302696350742648
2023-05-16 08:30:00,2267.35416666667,-18.4771851696296,0.0458187381501684,0.0458168007681315
2023-05-16 09:00:00,2267.375,-19.0952611012963,-0.0529550579070281,-0.0529569952360085
2023-05-16 09:30:00,2267.39583333333,-18.7312092709259,0.004724836838221,0.00472289956248745
2023-05-16 10:00:00,2267.41666666667,-19.4192426125926,-0.10519315164552,-0.105195088867822
2023-05-16 10:30:00,2267.4375,-19.6958758983333,-0.149574780678868,-0.149576717847549
2023-05-16 11:00:00,2267.45833333333,-19.2039925491651,-0.0715311239897917,-0.0715330611046536
2023-05-16 11:30:00,2267.47916666667,-18.9987889262963,-0.0391557159349147,-0.0391576529957736
2023-05-16 12:00:00,2267.5,-20.1742560346939,-0.22672210534461,-0.226724042351269
2023-05-16 12:30:00,2267.52083333333,-20.0121648403704,-0.201214464584622,-0.201216401536896
2023-05-16 13:00:00,2267.54166666667,-20.4583703566667,-0.272608887771941,-0.272610824669641
2023-05-16 13:30:00,2267.5625,-20.3370796209259,-0.253600715678925,-0.253602652521852
2023-05-16 14:00:00,2267.58333333333,-20.6470110892593,-0.303286512020467,-0.303288448808431
2023-05-16 14:30:00,2267.60416666667,-20.5887055703704,-0.294311856279534,-0.294313793012357
2023-05-16 15:00:00,2267.625,-20.7845454630798,-0.325822709310096,-0.325824645987575
2023-05-16 15:30:00,2267.64583333333,-21.5798648042593,-0.452831029925664,-0.452832966547607
2023-05-16 16:00:00,2267.66666666667,-21.6616666551852,-0.466175467463677,-0.466177404029901
2023-05-16 19:30:00,2267.8125,-20.3595240711111,-0.26093559375181,-0.260937529922625
2023-05-16 20:00:00,2267.83333333333,-20.19127596,-0.234446596268594,-0.23444853238216
2023-05-16 20:30:00,2267.85416666667,-20.0489349903346,-0.212084587578215,-0.212086523634342
2023-05-16 21:00:00,2267.875,-19.9230092338889,-0.192337496691009,-0.192339432689498
2023-05-16 21:30:00,2267.89583333333,-19.4673598595547,-0.120065160416313,-0.120067096356973
2023-05-16 22:00:00,2267.91666666667,-19.4173425825926,-0.112410269649325,-0.112412205531971
2023-05-16 22:30:00,2267.9375,-19.1114879382189,-0.0640002659155864,-0.064002201740028
2023-05-16 23:00:00,2267.95833333333,-18.6505769788497,0.00911035715568376,0.00910842138964491
2023-05-16 23:30:00,2267.97916666667,-17.8556796157407,0.135425290607135,0.135423354899684
2023-05-17,2268,-17.3585296201852,0.214308893267207,0.214306957618541
2023-05-17 00:30:00,2268.02083333333,-17.1325666590741,0.24999224522055,0.249990309630856
2023-05-17 01:00:00,2268.04166666667,-17.7012185198148,0.159092925925258,0.159090990394725
2023-05-17 01:30:00,2268.0625,-17.6241314877778,0.17106031145646,0.171058375985288
2023-05-17 02:00:00,2268.08333333333,-18.0645055172222,0.100595817903704,0.100593882492077
2023-05-17 02:30:00,2268.10416666667,-18.178968562037,0.082049214936522,0.0820472795846321
2023-05-17 03:00:00,2268.125,-18.9073499933333,-0.0342949878365579,-0.0342969231285128
2023-05-17 03:30:00,2268.14583333333,-18.8564092809259,-0.0264925782902111,-0.0264945135220395
2023-05-17 04:00:00,2268.16666666667,-17.9938370033333,0.110603357546272,0.110601422374756
2023-05-17 04:30:00,2268.1875,-18.61314631,0.0116345360338182,0.0116326009228055
2023-05-17 05:00:00,2268.20833333333,-19.1166611194444,-0.0688881012885881,-0.068890036338899
2023-05-17 05:30:00,2268.22916666667,-19.1593828974684,-0.0760060413430102,-0.0760079763324338
2023-05-17 06:00:00,2268.25,-20.1356259383333,-0.231834547559292,-0.23183648248763
2023-05-17 06:30:00,2268.27083333333,-20.2407425962963,-0.248891960307228,-0.248893895174295
2023-05-17 07:00:00,2268.29166666667,-20.7695277990741,-0.333440036808501,-0.333441971614105
2023-05-17 07:30:00,2268.3125,-21.6576943838889,-0.475237786052098,-0.475239720796042
2023-05-17 08:00:00,2268.33333333333,-23.7905425318519,-0.815314159495477,-0.815316094177573
2023-05-17 08:30:00,2268.35416666667,-25.7451777685185,-1.12700105050176,-1.12700298512182
2023-05-17 09:00:00,2268.375,-26.141318487037,-1.19041861269317,-1.19042054725099
2023-05-17 09:30:00,2268.39583333333,-26.6318794233766,-1.26887734466285,-1.26887927915824
2023-05-17 10:00:00,2268.41666666667,-26.3181203355556,-1.21920728357235,-1.21920921800513
2023-05-17 10:30:00,2268.4375,-26.5481499787037,-1.25616311744884,-1.25616505181881
2023-05-17 11:00:00,2268.45833333333,-26.3198074474074,-1.22009989786353,-1.22010183217049
2023-05-17 11:30:00,2268.47916666667,-26.2720555487037,-1.21280485654815,-1.21280679079192
2023-05-17 12:00:00,2268.5,-25.9293703587037,-1.15852669257189,-1.15852862675228
2023-05-17 12:30:00,2268.52083333333,-26.1147518431481,-1.18836988856323,-1.18837182268004
2023-05-17 13:00:00,2268.54166666667,-26.0925555255556,-1.18514575367821,-1.18514768773125
2023-05-17 13:30:00,2268.5625,-26.8997833290741,-1.31404943528855,-1.31405136927763
2023-05-17 14:00:00,2268.58333333333,-26.664577792037,-1.27689270205851,-1.27689463598343
2023-05-17 14:30:00,2268.60416666667,-27.0493611351852,-1.33850060169958,-1.33850253556015
2023-05-17 15:00:00,2268.625,-27.1664204090741,-1.35745982695461,-1.35746176075064
2023-05-17 15:30:00,2268.64583333333,-27.6527370472222,-1.43524197533797,-1.43524390906926
2023-05-17 16:00:00,2268.66666666667,-27.7481836530612,-1.45075820934007,-1.45076014300644
2023-05-17 16:30:00,2268.6875,-28.0390852268519,-1.49741052045749,-1.49741245405875
2023-05-17 17:00:00,2268.70833333333,-28.12938154,-1.51210623120579,-1.51210816474173
2023-05-17 17:30:00,2268.72916666667,-28.511303722963,-1.57325811238138,-1.57326004585183
2023-05-17 18:00:00,2268.75,-28.8182211831758,-1.62246164854992,-1.62246358195467
2023-05-17 21:00:00,2268.875,-27.2423073794444,-1.37328482324623,-1.37328675625277
2023-05-17 21:30:00,2268.89583333333,-26.8292300849722,-1.30779240584412,-1.3077943387836
2023-05-17 22:00:00,2268.91666666667,-26.3906716040816,-1.23824077784374,-1.23824271071599
2023-05-17 22:30:00,2268.9375,-25.7673129357407,-1.13925030848943,-1.13925224129426
2023-05-17 23:00:00,2268.95833333333,-26.0997959202226,-1.19252605801359,-1.19252799075079
2023-05-17 23:30:00,2268.97916666667,-25.4155036885185,-1.08382874948703,-1.08383068215642
2023-05-18,2269,-25.6150797471243,-1.11593225167783,-1.11593418427921
2023-05-18 00:30:00,2269.02083333333,-25.4793851440741,-1.09462685828633,-1.0946287908195
2023-05-18 01:00:00,2269.04166666667,-25.4913166503704,-1.09683836997741,-1.0968403024422
2023-05-18 01:30:00,2269.0625,-25.5901981659259,-1.11290104060736,-1.11290297300355
2023-05-18 02:00:00,2269.08333333333,-25.3902388861111,-1.08135811926805,-1.08136005159546
2023-05-18 02:30:00,2269.10416666667,-25.4112777724074,-1.08502032396702,-1.08502225622546
2023-05-18 03:00:00,2269.125,-25.9599185394444,-1.17272984550763,-1.1727317776969
2023-05-18 03:30:00,2269.14583333333,-25.024079647037,-1.02396065664042,-1.02396258876033
2023-05-18 04:00:00,2269.16666666667,-25.5213759198148,-1.10349088385256,-1.10349281590292
2023-05-18 04:30:00,2269.1875,-24.1521203896296,-0.885678035081245,-0.885679967061857
2023-05-18 05:00:00,2269.20833333333,-23.8099444427778,-0.83147965794833,-0.831481589858999
2023-05-18 05:30:00,2269.22916666667,-24.0687870344444,-0.873023923506577,-0.873025855347116
2023-05-18 06:00:00,2269.25,-23.8522690218924,-0.838842865084322,-0.838844796854537
2023-05-18 06:30:00,2269.27083333333,-24.2261758875926,-0.898716871622846,-0.898718803322538
2023-05-18 07:00:00,2269.29166666667,-23.8613710521336,-0.840913536164836,-0.840915467793818
2023-05-18 07:30:00,2269.3125,-23.6583111287037,-0.808876240628691,-0.808878172186762
2023-05-18 08:00:00,2269.33333333333,-23.7530592598148,-0.824279940809234,-0.824281872296208
2023-05-18 08:30:00,2269.35416666667,-23.9152467868275,-0.850426744721219,-0.850428676136902
2023-05-18 09:00:00,2269.375,-23.8658367280148,-0.842865861732421,-0.842867793076613
2023-05-18 09:30:00,2269.39583333333,-23.990287042963,-0.863001020218235,-0.863002951490744
2023-05-18 10:00:00,2269.41666666667,-23.8822981303704,-0.846108403304912,-0.846110334505555
2023-05-18 10:30:00,2269.4375,-24.331864792963,-0.918034747566866,-0.918036678695438
2023-05-18 11:00:00,2269.45833333333,-24.254551792037,-0.906028744488135,-0.906030675544442
2023-05-18 11:30:00,2269.47916666667,-24.941800015,-1.01581785027261,-1.01581978125647
2023-05-18 12:00:00,2269.5,-25.4780610727778,-1.10155455223882,-1.10155648315002
2023-05-18 12:30:00,2269.52083333333,-26.1766606565611,-1.21315185686014,-1.21315378769851
2023-05-18 13:00:00,2269.54166666667,-25.9679129224074,-1.18020804474623,-1.18020997551156
2023-05-18 13:30:00,2269.5625,-26.5865314753704,-1.27906423279,-1.27906616348209
2023-05-18 14:00:00,2269.58333333333,-27.7236221712963,-1.46051336304854,-1.46051529366721
2023-05-18 14:30:00,2269.60416666667,-28.179170357037,-1.53339224369048,-1.53339417423554
2023-05-18 15:00:00,2269.625,-27.9678240738889,-1.50003431812222,-1.50003624859346
2023-05-18 15:30:00,2269.64583333333,-27.783300007037,-1.47094914999256,-1.47095108038979
2023-05-18 16:00:00,2269.66666666667,-27.5892759361111,-1.44035058360058,-1.44035251392363
2023-05-18 16:30:00,2269.6875,-26.6182411054795,-1.28597360706176,-1.28597553731041
2023-05-18 17:00:00,2269.70833333333,-25.2297456309091,-1.06509481071708,-1.06509674089114
2023-05-18 17:30:00,2269.72916666667,-25.2018989818557,-1.06096830367012,-1.0609702337694
2023-05-18 18:30:00,2269.77083333333,-24.6000963253704,-0.965719555540575,-0.965721485489709
2023-05-18 19:00:00,2269.79166666667,-24.6787533826667,-0.978559041955309,-0.978560971829082
2023-05-18 19:30:00,2269.8125,-24.4972128264103,-0.949948821488444,-0.949950751286656
2023-05-18 22:30:00,2269.9375,-22.2300444390741,-0.590642331129275,-0.590644260470067
2023-05-18 23:00:00,2269.95833333333,-21.600959302037,-0.490737650298183,-0.490739579562054
2023-05-18 23:30:00,2269.97916666667,-20.0305615346154,-0.24088115335413,-0.240883082540891
2023-05-19,2270,-20.0681256771429,-0.247174096275504,-0.247176025384962
2023-05-19 00:30:00,2270.02083333333,-19.9074349022305,-0.221884847674932,-0.221886776706886
2023-05-19 01:00:00,2270.04166666667,-18.9367888911111,-0.0675691096047045,-0.067571038558966
2023-05-19 01:30:00,2270.0625,-19.4363384676923,-0.147456537697444,-0.147458466573812
2023-05-19 02:00:00,2270.08333333333,-19.3543072968293,-0.13469769550045,-0.134699624298737
2023-05-19 02:30:00,2270.10416666667,-18.7088478695733,-0.0321842877706475,-0.0321862164906587
2023-05-19 03:00:00,2270.125,-18.7417407553704,-0.0377328465728045,-0.037734775214339
2023-05-19 03:30:00,2270.14583333333,-18.1948076830769,0.0490853258354518,0.0490833972725825
2023-05-19 04:00:00,2270.16666666667,-18.122541474878,0.0602887693659853,0.0602868408819757
2023-05-19 04:30:00,2270.1875,-18.0386944374074,0.0733370890902787,0.0733351606853297
2023-05-19 05:30:00,2270.22916666667,-17.4913023755102,0.159920014800718,0.159918086554468
2023-05-19 06:00:00,2270.25,-16.6717120376,0.290172893738286,0.290170965571675
2023-05-19 06:30:00,2270.27083333333,-16.6159831614458,0.298742137926404,0.298740209839633
2023-05-19 07:00:00,2270.29166666667,-16.8651981537037,0.258733647972389,0.258731719965646
2023-05-19 07:30:00,2270.3125,-16.4080481553704,0.331249647848834,0.331247719922313
2023-05-19 08:00:00,2270.33333333333,-15.9841760584,0.398464496349004,0.398462568502908
2023-05-19 08:30:00,2270.35416666667,-16.0146024151807,0.393309318650456,0.393307390884972
2023-05-19 09:00:00,2270.375,-16.2884333357407,0.349379662172664,0.349377734487995
2023-05-19 09:30:00,2270.39583333333,-16.0232648109259,0.391313044728854,0.391311117125187
2023-05-19 10:00:00,2270.41666666667,-15.9543679768,0.401980248949725,0.401978321427255
2023-05-19 10:30:00,2270.4375,-15.6494481783133,0.450246122347354,0.450244194906283
2023-05-19 11:00:00,2270.45833333333,-16.1760560345291,0.366049088459588,0.366047161100111
2023-05-19 11:30:00,2270.47916666667,-16.0176426137037,0.390976475897145,0.390974548619451
2023-05-19 12:00:00,2270.5,-16.1884720296,0.363455286571551,0.363453359375835
2023-05-19 12:30:00,2270.52083333333,-16.1619373771084,0.367374376825954,0.367372449712417
2023-05-19 13:00:00,2270.54166666667,-16.4899111237037,0.314820068256176,0.314818141225007
2023-05-19 13:30:00,2270.5625,-16.5608851961111,0.303206033965633,0.303204107017027
2023-05-19 14:00:00,2270.58333333333,-17.1817199904,0.203998836307508,0.203996909441667
2023-05-19 14:30:00,2270.60416666667,-17.0216072457831,0.229197182276563,0.229195255493676
2023-05-19 15:00:00,2270.625,-16.6795722457407,0.283375916183086,0.283373989483354
2023-05-19 15:30:00,2270.64583333333,-16.353493490538,0.335012851567804,0.335010924951417
2023-05-19 16:00:00,2270.66666666667,-16.1102560184,0.373453154083981,0.373451227551134
2023-05-19 16:30:00,2270.6875,-15.9092987722892,0.405158229142641,0.405156302693534
2023-05-19 17:00:00,2270.70833333333,-15.8473425953704,0.414720377349092,0.414718450983922
2023-05-19 17:30:00,2270.72916666667,-15.6121110840741,0.451885452987877,0.451883526706827
2023-05-19 18:00:00,2270.75,-15.803072,0.42115781328863,0.421155887091908
2023-05-19 18:30:00,2270.77083333333,-16.1043397708434,0.372858255694556,0.372856329582356
2023-05-19 19:00:00,2270.79166666667,-15.1405314727778,0.526086262876115,0.526084336848628
2023-05-19 19:30:00,2270.8125,-15.1000833505556,0.532222377200278,0.532220451257698
2023-05-19 20:00:00,2270.83333333333,-14.9892560072,0.549569994783179,0.549568068925709
2023-05-19 20:30:00,2270.85416666667,-15.0739807180723,0.535766073461331,0.535764147689159
2023-05-20,2271,-15.3168481618519,0.494927825251758,0.494925900082176
2023-05-20 00:30:00,2271.02083333333,-14.9340962974074,0.55559360248101,0.555591677398298
2023-05-20 01:00:00,2271.04166666667,-15.4110281059375,0.479311199696685,0.479309274701034
2023-05-20 01:30:00,2271.0625,-15.0777681895455,0.532092961136647,0.532091036228252
2023-05-20 02:00:00,2271.08333333333,-15.2738463164815,0.500550837513472,0.500548912692536
2023-05-20 02:30:00,2271.10416666667,-15.4497648072222,0.472220201892285,0.472218277158997
2023-05-20 03:00:00,2271.125,-15.25045625125,0.503663546543482,0.503661621898043
2023-05-20 03:30:00,2271.14583333333,-15.5237999736364,0.459813089117428,0.45981116456003
2023-05-20 04:00:00,2271.16666666667,-14.8520240781481,0.566520905880569,0.566518981411406
2023-05-20 05:00:00,2271.20833333333,-15.1246333496296,0.522481058389045,0.522479134096955
2023-05-20 05:30:00,2271.22916666667,-14.6252349257143,0.601729151986352,0.60172722778308
2023-05-20 06:00:00,2271.25,-14.4301110991111,0.63250612861834,0.632504204504095
2023-05-20 06:30:00,2271.27083333333,-14.7652036988889,0.57881929349274,0.578817369467717
2023-05-20 07:00:00,2271.29166666667,-14.2651500059259,0.658171903509859,0.658169979574248
2023-05-20 07:30:00,2271.3125,-13.5890732783439,0.765565152672658,0.765563228826656
2023-05-20 08:00:00,2271.33333333333,-13.7229910777778,0.743925738831622,0.743923815075431
2023-05-20 08:30:00,2271.35416666667,-13.8421372974026,0.724639492231171,0.724637568564981
2023-05-20 09:00:00,2271.375,-13.5390944533333,0.772608309239066,0.77260638566308
2023-05-20 09:30:00,2271.39583333333,-13.2266698403175,0.822071692844029,0.822069769358436
2023-05-20 10:00:00,2271.41666666667,-13.0485377657778,0.850142223241388,0.850140299846386
2023-05-20 10:30:00,2271.4375,-12.880114827037,0.876666125545772,0.876664202241562
2023-05-20 11:00:00,2271.45833333333,-13.107162962037,0.840191247411977,0.840189324198756
2023-05-20 11:30:00,2271.47916666667,-12.1894349307937,0.986080074888253,0.986078151766206
2023-05-20 12:00:00,2271.5,-12.3716578008889,0.956745982038548,0.956744059007882
2023-05-20 12:30:00,2271.52083333333,-11.849683322963,1.03959107429153,1.03958915135244
2023-05-20 13:00:00,2271.54166666667,-12.2575185033333,0.974316867898479,0.974314945051161
2023-05-20 13:30:00,2271.5625,-11.4377936606349,1.10459389482303,1.10459197206768
2023-05-20 14:00:00,2271.58333333333,-11.5744622213333,1.08251681358838,1.08251489092519
2023-05-20 14:30:00,2271.60416666667,-12.2186888774074,0.979585409544638,0.979583486973811
2023-05-20 15:00:00,2271.625,-11.7151074172222,1.05950070318959,1.05949878071133
2023-05-20 15:30:00,2271.64583333333,-11.196774604127,1.14176594246451,1.141764020079
2023-05-20 16:00:00,2271.66666666667,-11.1559466582222,1.14796435977416,1.14796243748159
2023-05-20 16:30:00,2271.6875,-11.358101867037,1.11545543154649,1.11545350934707
2023-05-20 17:00:00,2271.70833333333,-11.8473222218519,1.03721686510808,1.037214943002
2023-05-20 17:30:00,2271.72916666667,-12.5548476295238,0.924202192472525,0.92420027045999
2023-05-20 18:00:00,2271.75,-13.1122444297778,0.835103159048079,0.835101237129285
2023-05-20 18:30:00,2271.77083333333,-14.8677166687037,0.55514989688852,0.555147975063664
2023-05-20 19:00:00,2271.79166666667,-16.1610444264815,0.348816625673827,0.3488147039431
2023-05-20 19:30:00,2271.8125,-16.1990253930159,0.342461040273522,0.34245911863712
2023-05-20 20:00:00,2271.83333333333,-16.4439555724444,0.303138342292854,0.303136420750981
2023-05-20 20:30:00,2271.85416666667,-15.9119462968519,0.387582699668702,0.387580778221548
2023-05-20 21:00:00,2271.875,-14.6281203705556,0.591792031759467,0.591790110407235
2023-05-20 21:30:00,2271.89583333333,-14.1845555688889,0.662147211275225,0.662145290018106
2023-05-20 22:00:00,2271.91666666667,-13.8329333457778,0.717855917402242,0.717853996240433
2023-05-21 01:30:00,2272.0625,-15.4066166596296,0.465033549396032,0.46503162890693
2023-05-21 02:00:00,2272.08333333333,-15.5239684039033,0.446034729418748,0.446032809026539
2023-05-21 02:30:00,2272.10416666667,-15.6807898597276,0.420748401615918,0.420746481320794
2023-05-21 03:00:00,2272.125,-15.483120116,0.451932820694611,0.451930900496768
2023-05-21 03:30:00,2272.14583333333,-15.3711140359649,0.469471002438892,0.469469082338534
2023-05-21 04:30:00,2272.1875,-15.0413339532468,0.521396408268682,0.521394488363879
2023-05-21 05:00:00,2272.20833333333,-14.882007842549,0.546472841471435,0.546470921664702
2023-05-21 05:30:00,2272.22916666667,-15.4035666366667,0.463083868432456,0.463081948723992
2023-05-21 06:00:00,2272.25,-15.2742518712963,0.483379564245382,0.48337764463539
2023-05-21 06:30:00,2272.27083333333,-15.1372708703154,0.504896542611588,0.504894623100264
2023-05-21 07:00:00,2272.29166666667,-15.8712038884314,0.387676341150864,0.387674421738401
2023-05-21 07:30:00,2272.3125,-15.81506675,0.396314926042146,0.39631300672874
2023-05-21 08:00:00,2272.33333333333,-16.0670629492593,0.355867695902502,0.355865776688357
2023-05-21 08:30:00,2272.35416666667,-16.5486074257407,0.27885330706135,0.278851387946658
2023-05-21 09:00:00,2272.375,-17.1974549305882,0.175187472181729,0.175185553166687
2023-05-21 09:30:00,2272.39583333333,-17.3738332833333,0.146786356840247,0.146784437925059
2023-05-21 10:00:00,2272.41666666667,-17.5769944358071,0.114118768377525,0.114116849562384
2023-05-21 10:30:00,2272.4375,-17.9792851585185,0.0497297431294146,0.0497278244145219
2023-05-21 11:00:00,2272.45833333333,-18.2231999756863,0.0105701589045588,0.0105682402901068
2023-05-21 11:30:00,2272.47916666667,-18.4063668633333,-0.018912190604744,-0.0189141091185574
2023-05-21 12:00:00,2272.5,-18.3463859,-0.00966086752574535,-0.00966278593871656
2023-05-21 12:30:00,2272.52083333333,-18.19313515,0.0144484454305617,0.0144465271186305
2023-05-21 13:00:00,2272.54166666667,-19.2356255135294,-0.151924609241241,-0.15192652745194
2023-05-21 13:30:00,2272.5625,-19.60023327,-0.210310433897892,-0.210312352007162
2023-05-21 14:00:00,2272.58333333333,-19.0641573518519,-0.125216659221862,-0.125218577229499
2023-05-21 14:30:00,2272.60416666667,-19.7806555777778,-0.239658794436574,-0.239660712342385
2023-05-21 15:00:00,2272.625,-20.0696803760784,-0.286004060748682,-0.286005978552471
2023-05-21 15:30:00,2272.64583333333,-19.97010003,-0.270444203416241,-0.270446121117803
2023-05-21 16:00:00,2272.66666666667,-19.8947161172542,-0.258738808722962,-0.258740726322105
2023-05-21 16:30:00,2272.6875,-19.30903703,-0.165742981546529,-0.165744899043049
2023-05-21 17:00:00,2272.70833333333,-19.3098412090196,-0.166174311236093,-0.166176228629798
2023-05-21 17:30:00,2272.72916666667,-19.1352666233333,-0.138667631781797,-0.13866954907249
2023-05-21 18:00:00,2272.75,-19.7615528491651,-0.238738605269982,-0.238740522457458
2023-05-21 18:30:00,2272.77083333333,-20.3069759387037,-0.325927976684731,-0.325929893768792
2023-05-21 19:00:00,2272.79166666667,-19.88377061,-0.258814102164766,-0.258816019145226
2023-05-21 19:30:00,2272.8125,-20.5493331866667,-0.365141686263379,-0.365143603140028
2023-05-21 20:00:00,2272.83333333333,-20.0468003967054,-0.285390796930187,-0.285392713702827
2023-05-21 20:30:00,2272.85416666667,-19.729124055,-0.235087625073428,-0.235089541741867
2023-05-21 21:00:00,2272.875,-19.031248992549,-0.124218478436875,-0.124220395000915
2023-05-21 21:30:00,2272.89583333333,-18.0775665966667,0.0274010061274529,0.0273990896680164
2023-05-21 22:00:00,2272.91666666667,-19.7389907359259,-0.237567802195696,-0.237569718550337
2023-05-21 22:30:00,2272.9375,-18.6683581244898,-0.067317970784968,-0.0673198870346088
2023-05-21 23:00:00,2272.95833333333,-17.9275882356863,0.0503845402119303,0.0503826240674817
2023-05-21 23:30:00,2272.97916666667,-17.6124999366667,0.100275716823196,0.100273800784139
2023-05-22 02:30:00,2273.10416666667,-17.7313545936364,0.0795273880234259,0.0795254726208947
2023-05-22 03:00:00,2273.125,-17.5733348913953,0.104397755460373,0.104395840164622
2023-05-22 04:00:00,2273.16666666667,-17.4649740677778,0.121055286154678,0.121053371073086
2023-05-22 04:30:00,2273.1875,-17.8399628975881,0.0610171557807167,0.0610152408065056
2023-05-22 05:00:00,2273.20833333333,-17.6486095219048,0.0911977909475552,0.0911958760809175
2023-05-22 05:30:00,2273.22916666667,-17.2655517022989,0.151917128554847,0.151915213795981
2023-05-22 06:00:00,2273.25,-17.6657977558442,0.0878556469786047,0.0878537323277155
2023-05-22 06:30:00,2273.27083333333,-17.623170377963,0.094344267118096,0.0943423525753819
2023-05-22 07:00:00,2273.29166666667,-18.4101713609524,-0.031327455846391,-0.0313293702807432
2023-05-22 07:30:00,2273.3125,-18.246885031954,-0.00561768324009304,-0.00561959756587249
2023-05-22 08:00:00,2273.33333333333,-18.0081166833333,0.0321164767551812,0.032114562538173
2023-05-22 08:30:00,2273.35416666667,-18.2464508601113,-0.00615208872749629,-0.00615400283554063
2023-05-22 09:00:00,2273.375,-18.1482572485714,0.00918851075592747,0.00918659675704608
2023-05-22 09:30:00,2273.39583333333,-17.5346046388506,0.106642144841692,0.106640230952178
2023-05-22 10:00:00,2273.41666666667,-17.3331558181818,0.138431468642968,0.138429554863015
2023-05-22 10:30:00,2273.4375,-17.2631370327778,0.149283941821188,0.149282028150999
2023-05-22 11:00:00,2273.45833333333,-18.1458285390476,0.00836903267202255,0.00836711911179233
2023-05-22 11:30:00,2273.47916666667,-18.0965517227586,0.01591739129584,0.0159154778457667
2023-05-22 12:00:00,2273.5,-18.3467573653704,-0.0242419717650175,-0.024243885104729
2023-05-22 12:30:00,2273.52083333333,-18.8302044548327,-0.101556815915714,-0.101558729144864
2023-05-22 13:00:00,2273.54166666667,-18.9902952771429,-0.127360727525486,-0.127362640643889
2023-05-22 13:30:00,2273.5625,-19.1800461792148,-0.157889462888813,-0.157891375896257
2023-05-22 14:00:00,2273.58333333333,-18.5272708918367,-0.0542031260066718,-0.0542050389029584
2023-05-22 14:30:00,2273.60416666667,-18.7579944209259,-0.0912587337218305,-0.0912606465067662
2023-05-22 15:00:00,2273.625,-19.9114190571429,-0.275301238912251,-0.275303151585637
2023-05-22 15:30:00,2273.64583333333,-19.7767057195402,-0.254142396051651,-0.254144308613282
2023-05-22 16:00:00,2273.66666666667,-20.0967462896296,-0.305426127318298,-0.305428039767981
2023-05-22 16:30:00,2273.6875,-20.3846443853704,-0.351589491072289,-0.351591403409819
2023-05-22 17:00:00,2273.70833333333,-19.6667047571429,-0.237522138196077,-0.237524050421261
2023-05-22 17:30:00,2273.72916666667,-19.7952903103687,-0.25830680320612,-0.258308715318758
2023-05-22 18:00:00,2273.75,-19.7064787077922,-0.244459897446955,-0.244461809446843
2023-05-22 18:30:00,2273.77083333333,-19.4509294762523,-0.20405151970743,-0.204053431594374
2023-05-22 19:00:00,2273.79166666667,-19.9699999695238,-0.287040569110917,-0.287042480884717
2023-05-22 19:30:00,2273.8125,-19.4466390974713,-0.203969508473145,-0.203971420133598
2023-05-22 20:00:00,2273.83333333333,-19.1169388977778,-0.151748682685103,-0.151750594232008
2023-05-22 20:30:00,2273.85416666667,-18.075215238961,0.0138980376498423,0.0138961262166783
2023-05-22 21:00:00,2273.875,-18.3737044806691,-0.0339520660749923,-0.033953977394216
2023-05-22 21:30:00,2273.89583333333,-17.3408766234043,0.130277644207061,0.130275733001983
2023-05-22 22:00:00,2273.91666666667,-17.2635607045902,0.142293668676728,0.142291757585989
2023-05-22 22:30:00,2273.9375,-16.3596975957328,0.285979300023078,0.285977389046883
2023-05-22 23:00:00,2273.95833333333,-16.5186851659259,0.260352107550962,0.260350196689505
2023-05-22 23:30:00,2273.97916666667,-16.0682222145299,0.331810867607721,0.331808956861201
2023-05-23,2274,-16.6028000493878,0.246351975449446,0.24635006481807
2023-05-23 00:30:00,2274.02083333333,-16.2124953719852,0.308227577422597,0.308225666906557
2023-05-23 01:00:00,2274.04166666667,-16.2492100252788,0.302078743896912,0.302076833496407
2023-05-23 04:00:00,2274.16666666667,-15.8606187180602,0.362181670589311,0.36217976088623
2023-05-23 04:30:00,2274.1875,-15.587545825,0.40538255889325,0.405380649307103
2023-05-23 05:00:00,2274.20833333333,-15.292361764193,0.452105821362117,0.452103911893108
2023-05-23 05:30:00,2274.22916666667,-15.5371611033333,0.412809391720919,0.412807482369243
2023-05-23 06:00:00,2274.25,-14.970216688,0.502824371668263,0.502822462434125
2023-05-23 06:30:00,2274.27083333333,-14.7866958425,0.531759752399146,0.531757843282741
2023-05-23 07:00:00,2274.29166666667,-15.2651277883333,0.455245629926563,0.455243720928089
2023-05-23 07:30:00,2274.3125,-15.1682388661111,0.470380582400611,0.470378673520275
2023-05-23 08:00:00,2274.33333333333,-15.645233298,0.394095556033017,0.394093647271018
2023-05-23 08:30:00,2274.35416666667,-15.3436987631799,0.441830800019234,0.441828891375767
2023-05-23 09:00:00,2274.375,-14.8363283701299,0.52235589296347,0.522353984438735
2023-05-23 09:30:00,2274.39583333333,-14.695044705959,0.544563158074665,0.544561249668867
2023-05-23 10:00:00,2274.41666666667,-14.998666645,0.495896692384981,0.495894784098314
2023-05-23 10:30:00,2274.4375,-14.5951666570833,0.559875304741927,0.559873396574591
2023-05-23 11:00:00,2274.45833333333,-14.1644185196296,0.62819461659452,0.628192708546722
2023-05-23 11:30:00,2274.47916666667,-17.6949722768519,0.0654757556710038,0.0654738477429365
2023-05-23 12:00:00,2274.5,-18.7515384585284,-0.10313506664685,-0.10313697445498
2023-05-23 12:30:00,2274.52083333333,-18.9157500016667,-0.129593107440422,-0.129595015128421
2023-05-23 13:00:00,2274.54166666667,-19.1822987237477,-0.172353484015151,-0.172355391582819
2023-05-23 13:30:00,2274.5625,-19.8902356909091,-0.285427273458427,-0.285429180905557
2023-05-23 14:00:00,2274.58333333333,-19.8269366553333,-0.275642566498439,-0.275644473824831
2023-05-23 14:30:00,2274.60416666667,-20.0523011941423,-0.311842123149742,-0.311844030355209
2023-05-23 15:00:00,2274.625,-19.4694822594041,-0.219297424817985,-0.219299331902314
2023-05-23 15:30:00,2274.64583333333,-18.8608664118738,-0.122643209696274,-0.122645116659265
2023-05-23 16:00:00,2274.66666666667,-18.8892047104027,-0.127456195031441,-0.1274581018729
2023-05-23 16:30:00,2274.6875,-18.6555062476987,-0.0905264868235239,-0.0905283935432501
2023-05-23 17:00:00,2274.70833333333,-18.283248142037,-0.031524078213806,-0.0315259848115934
2023-05-23 17:30:00,2274.72916666667,-17.9953574240741,0.0140385955459507,0.0140366890702965
2023-05-23 18:00:00,2274.75,-17.3089765785953,0.123081081723721,0.123079175370406
2023-05-23 18:30:00,2274.77083333333,-17.2374728368201,0.134173256259754,0.134171350028972
2023-05-23 19:00:00,2274.79166666667,-17.7289481214815,0.055582519987884,0.0555806138798366
2023-05-23 19:30:00,2274.8125,-17.0820018535185,0.158343201032645,0.158341295047538
2023-05-23 20:00:00,2274.83333333333,-17.272250056,0.127738255157832,0.127736349295866
2023-05-23 20:30:00,2274.85416666667,-17.7083305535565,0.0579720995326726,0.0579701937940356
2023-05-23 21:00:00,2274.875,-17.3157537409259,0.120211696157219,0.120209790542124
2023-05-23 21:30:00,2274.89583333333,-16.337018505,0.275826799095087,0.275824893603733
2023-05-23 22:00:00,2274.91666666667,-16.331896658,0.276344644065474,0.276342738698057
2023-05-23 22:30:00,2274.9375,-16.29628747,0.281719194926603,0.281717289683324
2023-05-23 23:00:00,2274.95833333333,-16.4024592568519,0.264507985896356,0.26450608077742
2023-05-23 23:30:00,2274.97916666667,-15.4816790506494,0.410891013991298,0.4108891089969
2023-05-24,2275,-14.6479200076667,0.543411559396306,0.543409654526653
2023-05-24 00:30:00,2275.02083333333,-14.6239458325,0.546932847511498,0.546930942766784
2023-05-24 01:00:00,2275.04166666667,-14.3589314735185,0.588852060032287,0.588850155412713
2023-05-24 02:00:00,2275.08333333333,-14.7609203544444,0.524219568313352,0.524217663944672
2023-05-24 05:30:00,2275.22916666667,-15.9723697117172,0.329152613086679,0.329150709602418
2023-05-24 06:00:00,2275.25,-16.2914221444444,0.278030079141424,0.278028175784317
2023-05-24 06:30:00,2275.27083333333,-16.8618330128015,0.18686601806957,0.186864114839811
2023-05-24 07:00:00,2275.29166666667,-16.2783963005556,0.279510752472562,0.279508849370352
2023-05-24 07:30:00,2275.3125,-16.6068505418182,0.226890657702449,0.226888754727994
2023-05-24 08:00:00,2275.33333333333,-16.8493555333333,0.187962391244823,0.187960488398325
2023-05-24 08:30:00,2275.35416666667,-16.8340592733333,0.190102099826838,0.190100197108486
2023-05-24 09:00:00,2275.375,-16.9689462131725,0.168317568835204,0.16831566624521
2023-05-24 09:30:00,2275.39583333333,-16.9081595769697,0.17770402985931,0.177702127397876
2023-05-24 10:00:00,2275.41666666667,-16.6486666377778,0.218744598507056,0.218742696174376
2023-05-24 10:30:00,2275.4375,-16.3909444640741,0.259503134544765,0.259501232341041
2023-05-24 11:00:00,2275.45833333333,-15.5951131760668,0.385982888666062,0.3859809865915
2023-05-24 11:30:00,2275.47916666667,-17.7145566698381,0.0480573384324253,0.0480554364872215
2023-05-24 12:00:00,2275.5,-17.8877555822222,0.0201699925358178,0.0201680907201787
2023-05-24 12:30:00,2275.52083333333,-17.7078907142593,0.0485260109019084,0.0485241092160292
2023-05-24 13:00:00,2275.54166666667,-17.2452602234201,0.121926846847648,0.12192494529173
2023-05-24 13:30:00,2275.5625,-17.4223939236364,0.0934128418006459,0.0934109403748958
2023-05-24 14:00:00,2275.58333333333,-17.4647777533333,0.0863646392850067,0.08636273798962
2023-05-24 14:30:00,2275.60416666667,-17.5625110953704,0.0704992718017823,0.0704973706369601
2023-05-24 15:00:00,2275.625,-17.4126827424861,0.0940707111698962,0.0940688101358457
2023-05-24 15:30:00,2275.64583333333,-17.0202081090909,0.15629592839907,0.156294027495992
2023-05-24 16:00:00,2275.66666666667,-17.2922000977778,0.112671189910122,0.112669289138212
2023-05-24 16:30:00,2275.6875,-16.5814444387037,0.225598906046694,0.225597005406154
2023-05-24 17:00:00,2275.70833333333,-16.5180611987013,0.235399785296395,0.235397884787432
2023-05-24 17:30:00,2275.72916666667,-16.227307080315,0.281421060084124,0.281419159706933
2023-05-24 18:00:00,2275.75,-16.1678223,0.290601016216665,0.290599115971453
2023-05-24 18:30:00,2275.77083333333,-15.7861129666667,0.351111626116023,0.351109726002986
2023-05-24 19:00:00,2275.79166666667,-15.8649777572222,0.338252501191216,0.338250601210555
2023-05-24 19:30:00,2275.8125,-15.4001414123232,0.412005407961101,0.412003508113023
2023-05-24 20:00:00,2275.83333333333,-15.51960008,0.392679754002398,0.392677854287099
2023-05-24 20:30:00,2275.85416666667,-14.7019164961039,0.52264158276964,0.522639683187322
2023-05-24 21:00:00,2275.875,-16.0696666375926,0.304462309740262,0.304460410291131
2023-05-24 21:30:00,2275.89583333333,-16.1561131016162,0.29039568059929,0.290393781283549
2023-05-24 22:00:00,2275.91666666667,-16.3465333444444,0.259766006664493,0.259764107482337
2023-05-24 22:30:00,2275.9375,-16.4508574107407,0.242851567685281,0.242849668636911
2023-05-24 23:00:00,2275.95833333333,-16.4201740440741,0.247443961801527,0.24744206288715
2023-05-24 23:30:00,2275.97916666667,-15.9872202058586,0.316118382087255,0.316116483307068
2023-05-25 00:30:00,2276.02083333333,-16.4811314840741,0.236847249344799,0.236845350833602
2023-05-25 01:30:00,2276.0625,-16.7911685688889,0.186867617801501,0.1868657195601
2023-05-25 02:00:00,2276.08333333333,-17.0943040557143,0.13828274607939,0.138280847973186
2023-05-25 02:30:00,2276.10416666667,-16.819979936,0.181687655150179,0.181685757179375
2023-05-25 03:00:00,2276.125,-17.7792333398148,0.0285828360424145,0.0285809382072171
2023-05-25 03:30:00,2276.14583333333,-19.0716888851852,-0.177601269438434,-0.177603167137823
2023-05-25 07:00:00,2276.29166666667,-21.768979677963,-0.609345230723229,-0.609347127466338
2023-05-25 07:30:00,2276.3125,-21.9135222555556,-0.632665555667257,-0.632667452272942
2023-05-25 08:00:00,2276.33333333333,-22.1010511035556,-0.662833570978602,-0.662835467446668
2023-05-25 08:30:00,2276.35416666667,-22.0776888937037,-0.659406436803995,-0.65940833313424
2023-05-25 09:00:00,2276.375,-22.2591205510204,-0.68860305871493,-0.688604954907146
2023-05-25 09:30:00,2276.39583333333,-22.3872778355556,-0.709312981630931,-0.709314877684917
2023-05-25 10:00:00,2276.41666666667,-22.0855799824444,-0.661546620562092,-0.661548516477651
2023-05-25 10:30:00,2276.4375,-22.0563036955556,-0.657177156252472,-0.657179052029402
2023-05-25 11:00:00,2276.45833333333,-22.0117963344444,-0.650381317481433,-0.650383213119527
2023-05-25 11:30:00,2276.47916666667,-23.2813667511111,-0.85291895427542,-0.852920849774481
2023-05-25 12:00:00,2276.5,-22.5142288935556,-0.731007454000097,-0.731009349359922
2023-05-25 12:30:00,2276.52083333333,-22.7913963492593,-0.775454482833812,-0.775456378054194
2023-05-25 13:00:00,2276.54166666667,-24.1759259092593,-0.996305032612294,-0.996306927693037
2023-05-25 13:30:00,2276.5625,-24.2307334844444,-1.00532986633209,-1.00533176127299
2023-05-25 14:00:00,2276.58333333333,-24.4058708327394,-1.03352326521782,-1.03352516001868
2023-05-25 14:30:00,2276.60416666667,-23.4535110933333,-0.882105518592254,-0.882107413252861
2023-05-25 15:00:00,2276.625,-23.6043042504638,-0.906420762956616,-0.90642265747677
2023-05-25 15:30:00,2276.64583333333,-23.1732333533333,-0.838044593877407,-0.838046488256905
2023-05-25 16:00:00,2276.66666666667,-23.3065377644444,-0.859573760880443,-0.859575655119094
2023-05-25 16:30:00,2276.6875,-24.4163851881481,-1.03666687377122,-1.03666876786881
2023-05-25 17:00:00,2276.70833333333,-24.5474740903704,-1.05784300085163,-1.05784489480796
2023-05-25 17:30:00,2276.72916666667,-24.902662858427,-1.1147183427609,-1.11472023657577
2023-05-25 18:00:00,2276.75,-24.1561199397778,-0.996086985686144,-0.996088879359353
2023-05-25 18:30:00,2276.77083333333,-25.2379277485185,-1.16871315202817,-1.16871504555951
2023-05-25 19:00:00,2276.79166666667,-24.5394166724074,-1.05773319371964,-1.05773508710891
2023-05-25 19:30:00,2276.8125,-25.1714333422222,-1.158707202055,-1.158709095302
2023-05-25 20:00:00,2276.83333333333,-24.6964921979955,-1.08334198543676,-1.08334387854129
2023-05-25 20:30:00,2276.85416666667,-24.5187796338889,-1.05532543986618,-1.05532733282804
2023-05-25 21:00:00,2276.875,-24.3583425944444,-1.03006084351325,-1.03006273633222
2023-05-25 21:30:00,2276.89583333333,-24.3874333033333,-1.03498809866483,-1.03498999134072
2023-05-25 22:00:00,2276.91666666667,-23.8030288906667,-0.942185088260095,-0.942186980792711
2023-05-25 22:30:00,2276.9375,-23.2948685222222,-0.861527754265857,-0.861529646654984
2023-05-25 23:00:00,2276.95833333333,-21.6894851740741,-0.606081961159283,-0.606083853404719
2023-05-25 23:30:00,2276.97916666667,-21.7660444733333,-0.618570779327587,-0.618572671429136
2023-05-26,2277,-21.0216743728205,-0.50028490303433,-0.500286794991789
2023-05-26 01:00:00,2277.04166666667,-20.6691073985185,-0.444706193943436,-0.4447080856121
2023-05-26 01:30:00,2277.0625,-19.9844926083333,-0.335939217767354,-0.335941109291315
2023-05-26 02:00:00,2277.08333333333,-21.5734235164706,-0.589349641456118,-0.589351532835178
2023-05-26 02:30:00,2277.10416666667,-20.1943538542857,-0.369955398703738,-0.369957289937696
2023-05-26 03:00:00,2277.125,-20.1520462987037,-0.363508260143159,-0.363510151231805
2023-05-26 03:30:00,2277.14583333333,-20.3001555835185,-0.387394605637883,-0.387396496581015
2023-05-26 04:00:00,2277.16666666667,-20.3746705952941,-0.399557276114537,-0.399559166911963
2023-05-26 04:30:00,2277.1875,-19.2694835173626,-0.223792505902109,-0.223794396553615
2023-05-26 05:00:00,2277.20833333333,-20.075450005,-0.352475809612119,-0.352477700117503
2023-05-26 08:30:00,2277.35416666667,-19.7863611298148,-0.308468071411092,-0.308469960887972
2023-05-26 09:00:00,2277.375,-19.5790859810036,-0.275740818559814,-0.27574270788895
2023-05-26 09:30:00,2277.39583333333,-19.9353461457692,-0.332785088727204,-0.332786977908392
2023-05-26 10:00:00,2277.41666666667,-19.5004055605556,-0.263790458840389,-0.263792347873439
2023-05-26 10:30:00,2277.4375,-18.580827812037,-0.117592727293203,-0.117594616177899
2023-05-26 11:00:00,2277.45833333333,-19.5041678264286,-0.264973057093773,-0.264974945829913
2023-05-26 11:30:00,2277.47916666667,-19.9323115434615,-0.333468207558872,-0.333470096146259
2023-05-26 12:00:00,2277.5,-20.4096147916667,-0.409794451139403,-0.409796339577833
2023-05-26 12:30:00,2277.52083333333,-21.0028352425926,-0.504586332581567,-0.504588220870833
2023-05-26 13:00:00,2277.54166666667,-21.6194571717857,-0.603106030829745,-0.603107918969648
2023-05-26 13:30:00,2277.5625,-22.0135251517375,-0.666172670481622,-0.666174558471954
2023-05-26 14:00:00,2277.58333333333,-21.9304007500928,-0.653222167257969,-0.653224055098533
2023-05-26 14:30:00,2277.60416666667,-24.7542963203704,-1.10336196743682,-1.10336385512742
2023-05-26 15:00:00,2277.625,-25.2352035857143,-1.18026200075712,-1.18026388829753
2023-05-26 15:30:00,2277.64583333333,-25.1020925880309,-1.15934843040054,-1.15935031779057
2023-05-26 16:00:00,2277.66666666667,-24.5729111038889,-1.07534049288537,-1.07534238012483
2023-05-26 16:30:00,2277.6875,-24.8538963277778,-1.12039263524835,-1.12039452233701
2023-05-26 17:00:00,2277.70833333333,-24.7660178721429,-1.10668447416513,-1.1066863611028
2023-05-26 17:30:00,2277.72916666667,-24.500373085,-1.06465795369791,-1.06465984048439
2023-05-26 18:00:00,2277.75,-23.7500222711111,-0.945417361015032,-0.945419247650121
2023-05-26 18:30:00,2277.77083333333,-23.6407814509259,-0.928305992658875,-0.928307879142362
2023-05-26 19:00:00,2277.79166666667,-23.7215892860714,-0.941469455055424,-0.941471341387111
2023-05-26 19:30:00,2277.8125,-23.5517807657692,-0.914709497045693,-0.914711383225371
2023-05-26 20:00:00,2277.83333333333,-23.5724222507407,-0.918288305046842,-0.918290191074315
2023-05-26 20:30:00,2277.85416666667,-22.5755592948148,-0.759777872527515,-0.759779758402578
2023-05-26 21:00:00,2277.875,-21.5575678171429,-0.597901595393689,-0.597903481116133
2023-05-26 21:30:00,2277.89583333333,-21.9006423642308,-0.652844052599778,-0.652845938169407
2023-05-26 22:00:00,2277.91666666667,-20.5161870188889,-0.432589707351672,-0.432591592768281
2023-05-26 22:30:00,2277.9375,-20.9286111125926,-0.498579484702354,-0.498581369965735
2023-05-26 23:00:00,2277.95833333333,-19.5068571685714,-0.272383333766788,-0.272385218876737
2023-05-26 23:30:00,2277.97916666667,-18.7840616015385,-0.157531695582071,-0.157533580538392
2023-05-27 00:30:00,2278.02083333333,-18.3642555974074,-0.0912365547379945,-0.0912384393864402
2023-05-27 01:00:00,2278.04166666667,-18.7971907553704,-0.160493478158332,-0.160495362652538
2023-05-27 01:30:00,2278.0625,-18.5033235934545,-0.113970216303624,-0.113972100643387
2023-05-27 02:00:00,2278.08333333333,-17.9582868256604,-0.0274354003700519,-0.0274372845551632
2023-05-27 02:30:00,2278.10416666667,-18.3996500133333,-0.0980347458252256,-0.0980366298554871
2023-05-27 03:00:00,2278.125,-19.3692986877551,-0.252790290390877,-0.252792174266079
2023-05-27 03:30:00,2278.14583333333,-20.3442072556364,-0.408383683258386,-0.408385566978332
2023-05-27 04:00:00,2278.16666666667,-19.5391321132075,-0.280424342553112,-0.280426226117597
2023-05-27 04:30:00,2278.1875,-19.6142055240741,-0.29267323879346,-0.292675122202275
2023-05-27 05:00:00,2278.20833333333,-17.5510518312963,0.0356990271765434,0.0356971439236012
2023-05-27 05:30:00,2278.22916666667,-18.7555985423358,-0.156475659686976,-0.156477542783847
2023-05-27 06:00:00,2278.25,-18.4580679207547,-0.109368297390422,-0.109370180331019
2023-05-27 06:30:00,2278.27083333333,-18.1749203794444,-0.064552113351607,-0.0645539961357198
2023-05-27 10:00:00,2278.41666666667,-18.467822272963,-0.113235954797873,-0.113237836480925
2023-05-27 10:30:00,2278.4375,-17.5532358166316,0.032169354634309,0.0321674731093707
2023-05-27 11:00:00,2278.45833333333,-17.0358154323077,0.114305882017222,0.114304000650601
2023-05-27 11:30:00,2278.47916666667,-18.5668148151852,-0.129872266262742,-0.129874147470854
2023-05-27 12:00:00,2278.5,-18.7612055346296,-0.161127642185445,-0.161129523234832
2023-05-27 12:30:00,2278.52083333333,-18.5312294852632,-0.124781031426533,-0.124782912316991
2023-05-27 13:00:00,2278.54166666667,-18.9896308969231,-0.198093384942811,-0.198095265674143
2023-05-27 13:30:00,2278.5625,-20.1048370424074,-0.376035144691669,-0.37603702526367
2023-05-27 14:00:00,2278.58333333333,-19.7104944381481,-0.313504652600935,-0.313506533013397
2023-05-27 14:30:00,2278.60416666667,-20.3102147368421,-0.409329034019973,-0.409330914272696
2023-05-27 15:00:00,2278.625,-20.6994461323077,-0.471622325399433,-0.471624205492208
2023-05-27 15:30:00,2278.64583333333,-21.4040388509259,-0.584152843543927,-0.584154723476557
2023-05-27 16:00:00,2278.66666666667,-21.3646222474074,-0.578162087582664,-0.578163967354944
2023-05-27 16:30:00,2278.6875,-20.6133958185263,-0.458779460324868,-0.458781339936589
2023-05-27 17:00:00,2278.70833333333,-21.1659385369231,-0.547088132432799,-0.547090011883756
2023-05-27 17:30:00,2278.72916666667,-20.06421483,-0.37187092330613,-0.371872802596131
2023-05-27 18:00:00,2278.75,-19.8894991027829,-0.344326690238905,-0.344328569367735
2023-05-27 18:30:00,2278.77083333333,-19.5707558002105,-0.293838703897801,-0.293840582865255
2023-05-27 19:00:00,2278.79166666667,-19.8664615553846,-0.341232833915796,-0.341234712721676
2023-05-27 19:30:00,2278.8125,-19.2889480076067,-0.249522447290509,-0.249524325934612
2023-05-27 20:00:00,2278.83333333333,-18.6589055592593,-0.149444111560075,-0.149445990042191
2023-05-27 20:30:00,2278.85416666667,-19.1916989684211,-0.234606301164188,-0.234608179484118
2023-05-27 21:00:00,2278.875,-17.8699999907692,-0.0243464705253551,-0.0243483486828895
2023-05-27 21:30:00,2278.89583333333,-16.6154685092593,0.175213587796624,0.175211709801684
2023-05-27 22:00:00,2278.91666666667,-15.348712977963,0.376721003839144,0.376719126007002
2023-05-27 22:30:00,2278.9375,-14.988894712,0.433752723296611,0.433750845627477
2023-05-27 23:00:00,2278.95833333333,-14.3738461753846,0.531442865187573,0.531440987681651
2023-05-28,2279,-14.6675326081937,0.484083521473879,0.484081644294982
2023-05-28 00:30:00,2279.02083333333,-14.3922281951763,0.527652355695045,0.527650478679972
2023-05-28 01:00:00,2279.04166666667,-13.9883766061702,0.591698904987787,0.591697028136737
2023-05-28 01:30:00,2279.0625,-14.6013714514286,0.493761148763317,0.493759272076495
2023-05-28 02:00:00,2279.08333333333,-14.436924072037,0.519670552644228,0.519668676121843
2023-05-28 02:30:00,2279.10416666667,-15.0386759248148,0.423523929490776,0.423522053133027
2023-05-28 03:00:00,2279.125,-14.5649211053305,0.498706346021479,0.498704469828575
2023-05-28 03:30:00,2279.14583333333,-14.1258285642857,0.568367095085929,0.568365219058069
2023-05-28 04:00:00,2279.16666666667,-15.1817018348148,0.399878780341685,0.399876904479074
2023-05-28 04:30:00,2279.1875,-15.5575055548148,0.339726089315644,0.339724213618491
2023-05-28 05:00:00,2279.20833333333,-15.2929786423077,0.381578584005702,0.381576708474213
2023-05-28 05:30:00,2279.22916666667,-15.0430571171429,0.42110448846123,0.421102613095597
2023-05-28 06:00:00,2279.25,-14.8810222138889,0.446630049684636,0.446628174485074
2023-05-28 06:30:00,2279.27083333333,-15.2898905591837,0.381210373919564,0.381208498886278
2023-05-28 07:00:00,2279.29166666667,-15.8912643997868,0.285124493701604,0.285122618834793
2023-05-28 07:30:00,2279.3125,-15.7792428971429,0.30268306001732,0.302681185317188
2023-05-28 08:00:00,2279.33333333333,-15.391561132037,0.364154561723464,0.36415268719022
2023-05-28 11:30:00,2279.47916666667,-13.8563370248148,0.606713139075717,0.606711265716395
2023-05-28 12:00:00,2279.5,-14.0036814762963,0.5829550521844,0.582953178993602
2023-05-28 12:30:00,2279.52083333333,-15.3676000314286,0.365395900122869,0.365394027100801
2023-05-28 13:00:00,2279.54166666667,-15.0037978544681,0.423063954290985,0.423062081437846
2023-05-28 13:30:00,2279.5625,-15.5654518411111,0.333306239248214,0.333304366564208
2023-05-28 14:00:00,2279.58333333333,-15.0024296296296,0.422710305304215,0.422708432789552
2023-05-28 14:30:00,2279.60416666667,-16.2955428414286,0.2164307310811,0.216428858735979
2023-05-28 15:00:00,2279.625,-15.5689659451064,0.331889293480466,0.331887421305098
2023-05-28 15:30:00,2279.64583333333,-16.082940775,0.249727138520077,0.24972526651466
2023-05-28 16:00:00,2279.66666666667,-16.1020962974074,0.246390112022702,0.246388240187441
2023-05-28 16:30:00,2279.6875,-16.6768857414286,0.154540263962597,0.154538392297703
2023-05-28 17:00:00,2279.70833333333,-16.2528255046808,0.221807943088987,0.221806071594658
2023-05-28 17:30:00,2279.72916666667,-15.9102203761111,0.27609982456004,0.276097953236482
2023-05-28 18:00:00,2279.75,-15.6555184907407,0.316388715895626,0.316386844743048
2023-05-28 18:30:00,2279.77083333333,-16.2432571142857,0.222476291502076,0.222474420520683
2023-05-28 19:00:00,2279.79166666667,-16.3634297859574,0.203047516766271,0.203045645956263
2023-05-28 19:30:00,2279.8125,-16.4352333233333,0.191324039121551,0.191322168483132
2023-05-28 20:00:00,2279.83333333333,-15.282575917963,0.374658124140234,0.374656253673614
2023-05-28 20:30:00,2279.85416666667,-14.9960286085714,0.420020311442151,0.42001844114753
2023-05-28 21:00:00,2279.875,-14.7019638295745,0.466580096566453,0.466578226444035
2023-05-28 21:30:00,2279.89583333333,-14.1747996324675,0.550272845150063,0.550270975200059
2023-05-28 22:00:00,2279.91666666667,-13.4425306235622,0.666638996438685,0.666637126661295
2023-05-28 23:00:00,2279.95833333333,-13.1117539030769,0.718762493143835,0.718760623712291
2023-05-28 23:30:00,2279.97916666667,-12.5792168501053,0.803311380185792,0.803309510927476
2023-05-29,2280,-13.0946055553704,0.720925004841182,0.720923135756304
2023-05-29 00:30:00,2280.02083333333,-13.2863599152134,0.690093871793,0.690092002881764
2023-05-29 01:00:00,2280.04166666667,-13.52423072,0.651916415943943,0.651914547206551
2023-05-29 01:30:00,2280.0625,-13.2958692061181,0.688010161504697,0.688008292941352
2023-05-29 02:00:00,2280.08333333333,-13.4715528788497,0.659739280009232,0.659737411620145
2023-05-29 02:30:00,2280.10416666667,-14.1050444524074,0.55853933270038,0.558537464485749
2023-05-29 03:00:00,2280.125,-13.9351691661538,0.585316360235198,0.58531449219523
2023-05-29 03:30:00,2280.14583333333,-14.0004757997895,0.57462879988403,0.574626932018934
2023-05-29 04:00:00,2280.16666666667,-14.2151502634508,0.540146897522339,0.540145029832316
2023-05-29 04:30:00,2280.1875,-14.2486827435993,0.534521102669673,0.534519235154932
2023-05-29 05:00:00,2280.20833333333,-14.5054615892308,0.493332062386468,0.493330195047209
2023-05-29 05:30:00,2280.22916666667,-14.0492896175476,0.565716656946771,0.565714789783199
2023-05-29 06:00:00,2280.25,-13.9706567186567,0.577959067615525,0.577957200627851
2023-05-29 06:30:00,2280.27083333333,-13.7844166616667,0.607343435701528,0.607341568889957
2023-05-29 07:00:00,2280.29166666667,-13.7487999569231,0.61273345640837,0.612731589773101
2023-05-29 07:30:00,2280.3125,-13.5236610646316,0.648314557333924,0.648312690875163
2023-05-29 08:00:00,2280.33333333333,-13.4640333847866,0.657529664184158,0.657527797902115
2023-05-29 08:30:00,2280.35416666667,-14.561522207963,0.482415345593458,0.482413479488332
2023-05-29 09:00:00,2280.375,-16.2501230846154,0.213136514884576,0.213134648956574
2023-05-29 09:30:00,2280.39583333333,-16.5886673768421,0.158922723294529,0.158920857543859
2023-05-29 13:00:00,2280.54166666667,-19.690259368097,-0.337145508993084,-0.337147373496702
2023-05-29 13:30:00,2280.5625,-19.9537314875926,-0.379399764890281,-0.379401629214924
2023-05-29 14:00:00,2280.58333333333,-20.2376490671698,-0.424910936409628,-0.424912800555091
2023-05-29 14:30:00,2280.60416666667,-20.5707963301818,-0.478264370864638,-0.478266234830721
2023-05-29 15:00:00,2280.625,-21.3274007784787,-0.599074776691272,-0.599076640477769
2023-05-29 15:30:00,2280.64583333333,-20.7868037055556,-0.513239992303226,-0.513241855909927
2023-05-29 16:00:00,2280.66666666667,-19.8659052992424,-0.366822872813771,-0.366824736240476
2023-05-29 16:30:00,2280.6875,-20.8208400290909,-0.519227251447635,-0.519229114694134
2023-05-29 17:00:00,2280.70833333333,-20.7940036795918,-0.515234734558896,-0.515236597624988
2023-05-29 17:30:00,2280.72916666667,-20.7639253776119,-0.51072571129022,-0.5107275741757
2023-05-29 18:00:00,2280.75,-21.4997585158491,-0.628226866708567,-0.628228729413224
2023-05-29 18:30:00,2280.77083333333,-21.6458613379562,-0.651783500233409,-0.651785362757037
2023-05-29 19:00:00,2280.79166666667,-20.6971061534451,-0.500928409763387,-0.500930272105793
2023-05-29 19:30:00,2280.8125,-20.3536741461825,-0.446501672822587,-0.446503534983555
2023-05-29 20:00:00,2280.83333333333,-20.3151999362264,-0.440654869705331,-0.440656731684653
2023-05-29 20:30:00,2280.85416666667,-20.2327126683636,-0.427796693761171,-0.42779855555865
2023-05-29 21:00:00,2280.875,-20.0901576985158,-0.405369628679346,-0.405371490294775
2023-05-29 21:30:00,2280.89583333333,-19.5050425998148,-0.312442357489858,-0.312444218923026
2023-05-29 22:30:00,2280.9375,-19.8481046527132,-0.367656167889179,-0.367658028957215
2023-05-29 23:00:00,2280.95833333333,-20.2075785632143,-0.425202416696402,-0.425204277581566
2023-05-29 23:30:00,2280.97916666667,-20.0781732553073,-0.404869795185214,-0.404871655887301
2023-05-30,2281,-20.5932500255556,-0.487203567775893,-0.487205428294691
2023-05-30 00:30:00,2281.02083333333,-20.4696077030769,-0.467788870919493,-0.467790731254798
2023-05-30 01:00:00,2281.04166666667,-20.079362037276,-0.405904009378645,-0.405905869530262
2023-05-30 01:30:00,2281.0625,-20.3255223546468,-0.445399014129227,-0.44540087409694
2023-05-30 02:00:00,2281.08333333333,-19.9340962807407,-0.383325989474926,-0.383327849258528
2023-05-30 02:30:00,2281.10416666667,-19.3094418767442,-0.284099463485973,-0.284101323085265
2023-05-30 03:00:00,2281.125,-19.4464316719424,-0.306203340989482,-0.306205200404258
2023-05-30 03:30:00,2281.14583333333,-19.1901706599258,-0.265662022126237,-0.265663881356285
2023-05-30 04:00:00,2281.16666666667,-19.4112388833333,-0.301159529779821,-0.301161388824943
2023-05-30 04:30:00,2281.1875,-18.7411003459459,-0.194687101743769,-0.194688960603752
2023-05-30 05:00:00,2281.20833333333,-18.8240892942857,-0.208188358514545,-0.20819021718919
2023-05-30 05:30:00,2281.22916666667,-18.8354601189239,-0.21028073510081,-0.210282593589911
2023-05-30 06:00:00,2281.25,-19.6717161155844,-0.343777847127562,-0.343779705430908
2023-05-30 06:30:00,2281.27083333333,-20.1256201453488,-0.416365955622634,-0.416367813740024
2023-05-30 07:00:00,2281.29166666667,-20.0604172834532,-0.406259903308432,-0.406261761239661
2023-05-30 07:30:00,2281.3125,-19.5835472846011,-0.330574919850917,-0.330576777595774
2023-05-30 08:00:00,2281.33333333333,-19.3153933261596,-0.288138488702184,-0.288140346260463
2023-05-30 08:30:00,2281.35416666667,-19.1168884211538,-0.256797139422223,-0.256798996793724
2023-05-30 09:00:00,2281.375,-19.093375045,-0.253332003587826,-0.253333860772343
2023-05-30 09:30:00,2281.39583333333,-19.3542689649351,-0.295173091073775,-0.295174948071097
2023-05-30 10:00:00,2281.41666666667,-18.6732486376623,-0.186966503652526,-0.186968360462452
2023-05-30 10:30:00,2281.4375,-17.7894653796154,-0.046459574202576,-0.046461430824896
2023-05-30 11:00:00,2281.45833333333,-17.3151935573477,0.0288119531812271,0.0288100967467142
2023-05-30 14:30:00,2281.60416666667,-22.1257383844156,-0.739471717925249,-0.739473573039334
2023-05-30 17:30:00,2281.72916666667,-21.5947113862197,-0.656556676650386,-0.656558530624651
2023-05-30 18:00:00,2281.75,-21.2347137858736,-0.599488238576625,-0.599490092360195
2023-05-30 18:30:00,2281.77083333333,-20.5050554896296,-0.483532524648839,-0.483534378241514
2023-05-30 19:00:00,2281.79166666667,-19.8425176554731,-0.37826908542753,-0.378270938829105
2023-05-30 19:30:00,2281.8125,-19.9754712584416,-0.399727937703148,-0.39972979091341
2023-05-30 20:00:00,2281.83333333333,-19.5455186884328,-0.331515371423009,-0.331517224441753
2023-05-30 20:30:00,2281.85416666667,-19.3577333892593,-0.301880161466114,-0.301882014293139
2023-05-30 21:00:00,2281.875,-19.5578722109259,-0.334041478162002,-0.334043330797102
2023-05-30 22:00:00,2281.91666666667,-17.3565520143123,0.016072472663605,0.0160706204129778
2023-05-30 22:30:00,2281.9375,-16.7008377826415,0.120249348219073,0.120247496160989
2023-05-30 23:00:00,2281.95833333333,-16.3299415868613,0.179054570278049,0.179052718412719
2023-05-30 23:30:00,2281.97916666667,-16.388999970872,0.169367783716542,0.169365932044167
2023-05-31,2282,-15.5739648248148,0.298924784359691,0.298922932880483
2023-05-31 00:30:00,2282.02083333333,-15.0763019003774,0.377924226563234,0.377922375277392
2023-05-31 01:00:00,2282.04166666667,-14.7162945585455,0.434995099385532,0.434993248293264
2023-05-31 01:30:00,2282.0625,-15.2852462862963,0.344082191911699,0.344080341013215
2023-05-31 02:00:00,2282.08333333333,-16.5024111381481,0.149908533917122,0.14990668321263
2023-05-31 02:30:00,2282.10416666667,-16.2140340215094,0.195568850787147,0.195567000276846
2023-05-31 03:00:00,2282.125,-16.0336254163636,0.224029770061744,0.224027919745841
2023-05-31 03:30:00,2282.14583333333,-15.8518092431481,0.25271497941235,0.252713129291056
2023-05-31 04:00:00,2282.16666666667,-15.4789333211111,0.311836206796122,0.311834356869638
2023-05-31 04:30:00,2282.1875,-14.9944867984906,0.38873077413056,0.388728924399092
2023-05-31 05:00:00,2282.20833333333,-15.1681091127273,0.360794569073151,0.360792719536911
2023-05-31 05:30:00,2282.22916666667,-14.572631485,0.455376597998065,0.455374748657254
2023-05-31 06:00:00,2282.25,-14.8033611048148,0.418343285626554,0.418341436481383
2023-05-31 06:30:00,2282.27083333333,-14.4621698384906,0.472417442809151,0.472415593859821
2023-05-31 07:00:00,2282.29166666667,-14.6082654450909,0.448866516639714,0.44886466788643
2023-05-31 07:30:00,2282.3125,-15.4401870266667,0.316063086318722,0.316061237761697
2023-05-31 08:00:00,2282.33333333333,-15.545370352963,0.299029643197119,0.299027794836559
2023-05-31 08:30:00,2282.35416666667,-15.4743773520755,0.310061278726475,0.310059430562575
2023-05-31 09:00:00,2282.375,-15.5331745145455,0.300417312351808,0.300415464384786
2023-05-31 09:30:00,2282.39583333333,-15.1788255897959,0.356587876814497,0.356586029044559
2023-05-31 10:00:00,2282.41666666667,-14.2907685257407,0.497778593202484,0.49777674562983
2023-05-31 10:30:00,2282.4375,-13.6183320766038,0.604620855523995,0.604619008148832
2023-05-31 11:00:00,2282.45833333333,-13.5206581825455,0.619903096099747,0.619901248922287
2023-05-31 11:30:00,2282.47916666667,-13.6727365365492,0.59539968912934,0.595397842149782
2023-05-31 12:00:00,2282.5,-14.3503444590741,0.487179110425371,0.487177263643929
2023-05-31 12:30:00,2282.52083333333,-15.6147396260377,0.285482968474171,0.285481121891045
2023-05-31 13:00:00,2282.54166666667,-15.69285092,0.272762759377827,0.272760912993223
2023-05-31 13:30:00,2282.5625,-17.1485584560297,0.0405905486612188,0.0405887024753493
2023-05-31 14:00:00,2282.58333333333,-17.259374065,0.0226606472252303,0.0226588012383012
2023-05-31 14:30:00,2282.60416666667,-17.1032566120755,0.0472534375619171,0.0472515917741241
2023-05-31 15:00:00,2282.625,-17.2289381636364,0.0269555094017967,0.0269536638133568
2023-05-31 15:30:00,2282.64583333333,-16.7769055509259,0.0986879247819343,0.0986860793930541
2023-05-31 19:00:00,2282.79166666667,-16.6608315007407,0.115243488177942,0.115241644191732
2023-05-31 19:30:00,2282.8125,-16.3189677462366,0.16942644163511,0.16942459785011
2023-05-31 20:00:00,2282.83333333333,-16.1778933853333,0.191623565854131,0.191621722270549
2023-05-31 20:30:00,2282.85416666667,-15.2953703566667,0.331934057380559,0.33193221399859
2023-05-31 21:30:00,2282.89583333333,-14.2184304358071,0.502939435358913,0.502937592380811
2023-05-31 22:00:00,2282.91666666667,-14.2929086836957,0.49079913391071,0.490797291134847
2023-05-31 22:30:00,2282.9375,-14.958424945,0.38450611938828,0.384504276814861
2023-05-31 23:00:00,2282.95833333333,-14.0660074302412,0.526393133572571,0.526391291201808
2023-05-31 23:30:00,2282.97916666667,-13.6165148207407,0.597721958726151,0.597720116558246
2023-06-01,2283,-13.4432297820569,0.625050785399244,0.625048943434408
2023-06-01 00:30:00,2283.02083333333,-13.6358481544304,0.594091002179046,0.594089160417481
2023-06-01 01:00:00,2283.04166666667,-13.8484953680891,0.559940675231745,0.559938833673657
2023-06-01 01:30:00,2283.0625,-14.1420204120594,0.512906517157389,0.51290467580299
2023-06-01 02:00:00,2283.08333333333,-14.0986862803922,0.519534331558925,0.519532490408422
2023-06-01 02:30:00,2283.10416666667,-14.1603797367089,0.509431241248992,0.50942940030258
2023-06-01 03:00:00,2283.125,-14.9343821779221,0.385856885764021,0.385855045021918
2023-06-01 03:30:00,2283.14583333333,-15.0763599248609,0.362964580908547,0.36296274037096
2023-06-01 04:00:00,2283.16666666667,-15.6429891091503,0.272425063836166,0.272423223503295
2023-06-01 04:30:00,2283.1875,-15.75932499625,0.253617656040756,0.253615815912809
2023-06-01 05:00:00,2283.20833333333,-15.0488831100186,0.366516603647283,0.366514763724471
2023-06-01 05:30:00,2283.22916666667,-14.3923024209648,0.470835489373464,0.470833649655989
2023-06-01 06:00:00,2283.25,-13.8474078951754,0.557362754834555,0.557360915322629
2023-06-01 06:30:00,2283.27083333333,-14.05079994125,0.524687500053335,0.524685660747159
2023-06-01 07:00:00,2283.29166666667,-13.7792904886406,0.567664458808509,0.567662619708289
2023-06-01 07:30:00,2283.3125,-13.0138664250464,0.689322433511889,0.689320594617838
2023-06-01 08:00:00,2283.33333333333,-13.0631851897603,0.681191358936566,0.681189520248884
2023-06-01 08:30:00,2283.35416666667,-13.20977496,0.657565009201091,0.657563170719986
2023-06-01 09:00:00,2283.375,-12.5973000016667,0.754858278730719,0.754856440456402
2023-06-01 09:30:00,2283.39583333333,-12.6589591782931,0.744761564418279,0.744759726350958
2023-06-01 10:00:00,2283.41666666667,-11.9065630393478,0.864344509247029,0.864342671386905
2023-06-01 10:30:00,2283.4375,-11.63438751125,0.907428033268134,0.907426195615413
2023-06-01 11:00:00,2283.45833333333,-11.684210845709,0.89921697408661,0.899215136641505
2023-06-01 11:30:00,2283.47916666667,-12.7264592594444,0.732911956319297,0.732910119082009
2023-06-01 12:00:00,2283.5,-12.5214131802198,0.765301908389825,0.765300071360565
2023-06-01 12:30:00,2283.52083333333,-12.8940967725806,0.70565917673647,0.705657339915441
2023-06-01 13:00:00,2283.54166666667,-12.2382671769944,0.809859396758716,0.809857560146124
2023-06-01 13:30:00,2283.5625,-13.144676577881,0.665193894130301,0.665192057726358
2023-06-01 14:00:00,2283.58333333333,-13.3083986821586,0.638839074502886,0.638837238307794
2023-06-01 14:30:00,2283.60416666667,-13.382369027381,0.626781840183427,0.626780004197392
2023-06-01 15:00:00,2283.625,-14.01921853,0.525057619838236,0.525055784061471
2023-06-01 15:30:00,2283.64583333333,-15.3675958836127,0.309986570386135,0.309984734818847
2023-06-01 16:00:00,2283.66666666667,-15.4533281288248,0.296055855061933,0.296054019704322
2023-06-01 16:30:00,2283.6875,-15.8195646729412,0.23744067056355,0.237438835415824
2023-06-01 21:00:00,2283.875,-13.118583295,0.665250942459221,0.665249109209787
2023-06-01 21:30:00,2283.89583333333,-12.4317232830189,0.774395454759443,0.774393621721968
2023-06-01 22:00:00,2283.91666666667,-12.94719996,0.69200693978142,0.692005106956106
2023-06-01 22:30:00,2283.9375,-12.2576534448852,0.801579546941727,0.801577714328779
2023-06-01 23:00:00,2283.95833333333,-12.2692999866667,0.799451665605225,0.799449833204857
2023-06-01 23:30:00,2283.97916666667,-12.4684070812109,0.767461250834853,0.767459418647266
2023-06-02,2284,-12.0316000316667,0.836772480267688,0.836770648293089
2023-06-02 00:30:00,2284.02083333333,-11.639914565,0.898895875956428,0.898894044195029
2023-06-02 01:00:00,2284.04166666667,-12.5579000116667,0.752387825931806,0.752385994383808
2023-06-02 01:30:00,2284.0625,-12.3927166639583,0.778429405619459,0.778427574285075
2023-06-02 02:00:00,2284.08333333333,-12.5018166666667,0.760777518336884,0.760775687216316
2023-06-02 02:30:00,2284.10416666667,-12.3612291766667,0.782901093864773,0.782899262958228
2023-06-02 03:00:00,2284.125,-12.6522666616667,0.73626656925787,0.736264738565559
2023-06-02 03:30:00,2284.14583333333,-12.1818976824635,0.810924705371004,0.810922874893136
2023-06-02 04:00:00,2284.16666666667,-11.8480999833333,0.863827005869849,0.863825175606625
2023-06-02 04:30:00,2284.1875,-11.8580854216667,0.861964473830875,0.861962643782501
2023-06-02 05:00:00,2284.20833333333,-12.085633315,0.825444154204196,0.825442324370885
2023-06-02 05:30:00,2284.22916666667,-11.6548270820833,0.893800184358472,0.893798354740425
2023-06-02 06:00:00,2284.25,-11.4425000183333,0.927352393772871,0.927350564370296
2023-06-02 06:30:00,2284.27083333333,-11.4379373891441,0.927807647361766,0.927805818174875
2023-06-02 07:00:00,2284.29166666667,-11.5127166266667,0.915623751990609,0.915621923019603
2023-06-02 07:30:00,2284.3125,-11.2998104095833,0.949268422262446,0.949266593507539
2023-06-02 08:00:00,2284.33333333333,-11.550950005,0.90899033016561,0.908988501627002
2023-06-02 08:30:00,2284.35416666667,-11.848456250625,0.861326064766587,0.861324236444486
2023-06-02 09:00:00,2284.375,-11.486349985,0.918738611021933,0.918736782916552
2023-06-02 09:30:00,2284.39583333333,-11.492708345625,0.917454546286048,0.917452718397593
2023-06-02 10:00:00,2284.41666666667,-11.6366000216667,0.894261393435742,0.894259565764409
2023-06-02 10:30:00,2284.4375,-11.4547187447917,0.922964172135713,0.922962344681721
2023-06-02 11:00:00,2284.45833333333,-11.53508341,0.90989105224162,0.909889225005176
2023-06-02 11:30:00,2284.47916666667,-11.1881667095833,0.964884226650773,0.964882399632078
2023-06-02 12:00:00,2284.5,-11.2355166583333,0.957070509553342,0.957068682752604
2023-06-02 12:30:00,2284.52083333333,-11.038012488125,0.988262296069869,0.9882604694873
2023-06-02 13:00:00,2284.54166666667,-11.7630166983333,0.87249790587299,0.872496079508791
2023-06-02 13:30:00,2284.5625,-11.9531729345833,0.84193524769418,0.841933421548564
2023-06-02 14:00:00,2284.58333333333,-13.7942833616667,0.54837447471565,0.548372648788819
2023-06-02 14:30:00,2284.60416666667,-14.204347918125,0.482780399197523,0.482778573489684
2023-06-02 15:00:00,2284.625,-15.5265999866667,0.271874268805692,0.271872443317057
2023-06-02 15:30:00,2284.64583333333,-15.3917849597077,0.293080035661401,0.293078210392178
2023-06-02 16:00:00,2284.66666666667,-15.1874166616667,0.325365756034913,0.325363930985298
2023-06-02 16:30:00,2284.6875,-14.817045831875,0.384095866109306,0.384094041279517
2023-06-02 17:00:00,2284.70833333333,-14.56233336,0.424401584916815,0.424399760307059
2023-06-02 17:30:00,2284.72916666667,-14.253377063125,0.47334845164484,0.473346627255319
2023-06-02 18:00:00,2284.75,-14.3868666833333,0.451813435473613,0.451811611304534
2023-06-02 18:30:00,2284.77083333333,-13.9801252517745,0.516337679808614,0.51633585586019
2023-06-02 22:00:00,2284.91666666667,-13.0989097968627,0.654828141096435,0.654826318698368
2023-06-02 22:30:00,2284.9375,-13.0432049515901,0.66343255085753,0.663430728681775
2023-06-02 23:00:00,2284.95833333333,-13.3130748094488,0.620172745965153,0.620170924011918
2023-06-02 23:30:00,2284.97916666667,-13.5199579115789,0.586946844520961,0.586945022790446
2023-06-03,2285,-14.0167764776471,0.507534084764081,0.507532263256496
2023-06-03 00:30:00,2285.02083333333,-13.8287228238596,0.537222027366889,0.537220206082444
2023-06-03 01:00:00,2285.04166666667,-13.9761137207843,0.51347348168145,0.513471660620348
2023-06-03 01:30:00,2285.0625,-13.8157403238596,0.538752076325949,0.538750255488403
2023-06-03 02:00:00,2285.08333333333,-14.6254862831373,0.409490032690191,0.409488212076403
2023-06-03 02:30:00,2285.10416666667,-14.3727817140845,0.449477185914131,0.449475365524308
2023-06-03 03:00:00,2285.125,-15.040274512549,0.342876309399183,0.342874489233537
2023-06-03 03:30:00,2285.14583333333,-14.7033157824561,0.396285347702227,0.396283527760961
2023-06-03 04:00:00,2285.16666666667,-14.9445686639216,0.357584931646666,0.357583111929987
2023-06-03 04:30:00,2285.1875,-14.5019368287719,0.427827908254631,0.427826088762751
2023-06-03 05:00:00,2285.20833333333,-14.1615333458824,0.48178590392258,0.481784084655707
2023-06-03 05:30:00,2285.22916666667,-14.2309190088028,0.470464264485692,0.470462445444028
2023-06-03 06:00:00,2285.25,-14.1698666717647,0.479921560352325,0.479919741536076
2023-06-03 06:30:00,2285.27083333333,-13.8894175638596,0.524328987333587,0.524327168742967
2023-06-03 07:00:00,2285.29166666667,-13.7894470443137,0.53998611498324,0.53998429661845
2023-06-03 07:30:00,2285.3125,-13.7679999891228,0.543134467448,0.543132649309253
2023-06-03 08:00:00,2285.33333333333,-14.2723647137255,0.462520696475093,0.462518878562592
2023-06-03 08:30:00,2285.35416666667,-13.9107894761404,0.519851849159387,0.519850031473339
2023-06-03 09:00:00,2285.375,-14.2171686337255,0.470777458268414,0.470775640809031
2023-06-03 09:30:00,2285.39583333333,-14.4633824747368,0.431287514240596,0.431285697008081
2023-06-03 10:00:00,2285.41666666667,-14.31574902,0.454537794845937,0.454535977840496
2023-06-03 10:30:00,2285.4375,-14.0063965182456,0.503550104214375,0.503548287436221
2023-06-03 11:00:00,2285.45833333333,-13.8449333439216,0.529003607080665,0.529001790530006
2023-06-03 11:30:00,2285.47916666667,-13.9222245677193,0.516423432784651,0.516421616461689
2023-06-03 12:00:00,2285.5,-13.8830235015686,0.522400632633936,0.522398816538878
2023-06-03 12:30:00,2285.52083333333,-13.8380350796491,0.529299831536849,0.529298015669908
2023-06-03 13:00:00,2285.54166666667,-14.2124588388235,0.46938643945258,0.469384623813958
2023-06-03 13:30:00,2285.5625,-14.4590912442105,0.429830370560455,0.429828555150364
2023-06-03 14:00:00,2285.58333333333,-15.0878313917647,0.329404334528959,0.329402519347602
2023-06-03 14:30:00,2285.60416666667,-15.1793894375439,0.314551860468127,0.314550045515711
2023-06-03 15:00:00,2285.625,-14.9627568901961,0.348794437444514,0.348792622721251
2023-06-03 15:30:00,2285.64583333333,-15.0579894112676,0.333356755508585,0.333354941014678
2023-06-03 16:00:00,2285.66666666667,-15.0602705505882,0.332726364493452,0.332724550229109
2023-06-03 16:30:00,2285.6875,-15.3721579003509,0.282775552324468,0.2827737382899
2023-06-03 17:00:00,2285.70833333333,-15.8876980180392,0.20038277814431,0.200380964339726
2023-06-03 17:30:00,2285.72916666667,-15.7356526192982,0.224336923282467,0.224335109708069
2023-06-03 18:00:00,2285.75,-16.353814942126,0.125596497495386,0.125594684151381
2023-06-03 18:30:00,2285.77083333333,-15.9036982452632,0.197033752505068,0.197031939391668
2023-06-03 19:30:00,2285.8125,-17.17297997,-0.00569683740800442,-0.00569865005958115
2023-06-03 20:00:00,2285.83333333333,-17.0885795671429,0.00748175949038377,0.00747994707003508
2023-06-03 23:30:00,2285.97916666667,-18.1954733131111,-0.170710385105225,-0.17071219590119
2023-06-04,2286,-18.7003665933333,-0.251406134551594,-0.251407945114677
2023-06-04 00:30:00,2286.02083333333,-18.5238999735556,-0.223560695055594,-0.223562505385582
2023-06-04 01:00:00,2286.04166666667,-18.4748444677778,-0.216011867071082,-0.216013677167773
2023-06-04 01:30:00,2286.0625,-18.4676021795556,-0.215123844491031,-0.215125654354216
2023-06-04 02:00:00,2286.08333333333,-18.0082888733333,-0.142220515621661,-0.142222325251129
2023-06-04 02:30:00,2286.10416666667,-18.8697282781737,-0.279713967350322,-0.27971577674587
2023-06-04 03:00:00,2286.125,-18.8142221622222,-0.271137272221779,-0.271139081383195
2023-06-04 03:30:00,2286.14583333333,-18.4417466062222,-0.212067048614765,-0.212068857541845
2023-06-04 04:00:00,2286.16666666667,-18.7265333144444,-0.25769910318359,-0.257700911876128
2023-06-04 04:30:00,2286.1875,-17.9133622404444,-0.128425628193739,-0.128427436651522
2023-06-04 05:00:00,2286.20833333333,-17.5399222488889,-0.0692015586040359,-0.0692033668268617
2023-06-04 05:30:00,2286.22916666667,-17.846993296882,-0.118383313611555,-0.118385121599216
2023-06-04 06:00:00,2286.25,-17.6276888744444,-0.0837130096865717,-0.0837148174388549
2023-06-04 06:30:00,2286.27083333333,-18.0427088588889,-0.1500909667015,-0.150092774218203
2023-06-04 07:00:00,2286.29166666667,-18.0797111322222,-0.156250361793975,-0.156252169074885
2023-06-04 07:30:00,2286.3125,-17.961973324,-0.137759480875111,-0.137761287920027
2023-06-04 08:00:00,2286.33333333333,-18.2214889111111,-0.179365264948479,-0.179367071757192
2023-06-04 08:30:00,2286.35416666667,-18.1787155317778,-0.172816130139687,-0.172817936711985
2023-06-04 09:00:00,2286.375,-17.8052222322222,-0.113583005160782,-0.113584811496457
2023-06-04 09:30:00,2286.39583333333,-17.7774688951111,-0.109426432693269,-0.109428238792124
2023-06-04 10:00:00,2286.41666666667,-18.2414221822222,-0.183599006234059,-0.183600812095876
2023-06-04 10:30:00,2286.4375,-17.7973755295556,-0.113126469856447,-0.113128275481019
2023-06-04 11:00:00,2286.45833333333,-17.6881555366667,-0.0959919889749377,-0.0959937943620611
2023-06-04 11:30:00,2286.47916666667,-18.1105089026667,-0.163537453321738,-0.163539258471206
2023-06-04 12:00:00,2286.5,-17.6105887344444,-0.0841640138533915,-0.0841658187649915
2023-06-04 12:30:00,2286.52083333333,-18.4413911115556,-0.216775556028033,-0.216777360701562
2023-06-04 13:00:00,2286.54166666667,-18.4144222666667,-0.212743458751061,-0.212745263186307
2023-06-04 13:30:00,2286.5625,-18.0821444546667,-0.160075353988676,-0.160077158185437
2023-06-04 14:00:00,2286.58333333333,-18.2430221788889,-0.185967207680639,-0.185969011638706
2023-06-04 14:30:00,2286.60416666667,-18.7055466795556,-0.259911537506079,-0.25991334122524
2023-06-04 15:00:00,2286.625,-18.3645221966667,-0.205849869076586,-0.205851672556633
2023-06-04 15:30:00,2286.64583333333,-17.9008022137778,-0.132242648835076,-0.132244452075812
2023-06-04 16:00:00,2286.66666666667,-17.35935563,-0.0462534545115376,-0.0462552575127455
2023-06-04 16:30:00,2286.6875,-17.7781355588889,-0.113228958795555,-0.113230761557026
2023-06-04 17:00:00,2286.70833333333,-17.2118222177778,-0.0232783301251432,-0.0232801326466759
2023-06-04 17:30:00,2286.72916666667,-17.9150623476615,-0.135568405505356,-0.135570207786742
2023-06-04 18:00:00,2286.75,-18.02112215,-0.152727156803979,-0.152728958845006
2023-06-04 19:00:00,2286.79166666667,-19.1443777688889,-0.332189063985682,-0.332190865545373
2023-06-04 19:30:00,2286.8125,-19.3371445366667,-0.363160083184632,-0.363161884503347
2023-06-04 20:00:00,2286.83333333333,-19.1820846282851,-0.338721993024035,-0.338723794101565
2023-06-04 20:30:00,2286.85416666667,-19.4590777477778,-0.383110187634431,-0.383111988470564
2023-06-04 21:00:00,2286.875,-19.61408224,-0.408065435392467,-0.408067235986995
2023-06-04 21:30:00,2286.89583333333,-19.06000004,-0.320062594970187,-0.320064395322913
2023-06-05 01:00:00,2287.04166666667,-18.1708555355556,-0.180259188289217,-0.180260986943459
2023-06-05 02:00:00,2287.08333333333,-18.2937685164815,-0.200363797659367,-0.200365595826465
2023-06-05 03:00:00,2287.125,-18.4439759018519,-0.22481613826774,-0.224817935946853
2023-06-05 04:00:00,2287.16666666667,-18.9363740377778,-0.303779422809846,-0.303781220000153
2023-06-05 05:00:00,2287.20833333333,-18.1364935319109,-0.176881508804056,-0.176883305504727
2023-06-05 06:00:00,2287.25,-17.7897185127778,-0.122163334929298,-0.122165131139493
2023-06-05 07:00:00,2287.29166666667,-17.8096074594444,-0.125854704860265,-0.125856500579158
2023-06-05 08:00:00,2287.33333333333,-18.2142278144444,-0.190833774835621,-0.190835570062387
2023-06-05 09:00:00,2287.375,-17.4746407142593,-0.0735394910304706,-0.0735412857642673
2023-06-05 10:00:00,2287.41666666667,-17.2992170962894,-0.0461165643276745,-0.0461183585676824
2023-06-05 11:00:00,2287.45833333333,-17.4866474591837,-0.0764962470360482,-0.0764980407814366
2023-06-05 12:00:00,2287.5,-17.4398444335185,-0.069562094252979,-0.0695638875029069
2023-06-05 13:00:00,2287.54166666667,-17.5358349179963,-0.0853747601023906,-0.0853765528560323
2023-06-05 14:00:00,2287.58333333333,-17.1089999807407,-0.017900672809614,-0.0179024650661441
2023-06-05 15:00:00,2287.625,-17.9275278535185,-0.148813480997169,-0.148815272755751
2023-06-05 16:00:00,2287.66666666667,-17.0040796255556,-0.00222796112260937,-0.00222975238241363
2023-06-05 17:00:00,2287.70833333333,-16.5568630072222,0.0684938136604112,0.0684920229002107
2023-06-05 18:30:00,2287.77083333333,-18.3196295733333,-0.213095842632242,-0.213097632641469
2023-06-05 19:30:00,2287.8125,-17.6467759157407,-0.106429198477635,-0.106430987985176
2023-06-05 20:30:00,2287.85416666667,-18.0448573788889,-0.170362992784479,-0.170364781789504
2023-06-05 21:30:00,2287.89583333333,-17.5566085337662,-0.0931034437590979,-0.0931052322607802
2023-06-05 22:30:00,2287.9375,-16.3317907490741,0.10149235580892,0.101490567811421
2023-06-06 16:30:00,2288.6875,-17.5530617831461,-0.102340618325567,-0.102342397105812
2023-06-06 18:00:00,2288.75,-17.7901298580705,-0.140875043188862,-0.140876821188853
2023-06-06 19:00:00,2288.79166666667,-16.4964096931099,0.0647030013746662,0.0647012238958793
2023-06-06 20:00:00,2288.83333333333,-17.5197873464552,-0.0988339945544715,-0.0988357715112185
2023-06-06 21:00:00,2288.875,-17.3093936533582,-0.065830035274632,-0.0658318117085084
2023-06-06 22:00:00,2288.91666666667,-16.501815288806,0.062306167238545,0.06230439132837
2023-06-06 23:00:00,2288.95833333333,-16.2100914214552,0.108266678288888,0.10826490290324
2023-06-07,2289,-15.8018500148148,0.172788815452264,0.172787040591984
2023-06-07 04:00:00,2289.16666666667,-17.1782241003704,-0.0485096089149117,-0.0485113816654383
2023-06-07 05:00:00,2289.20833333333,-18.3114081640074,-0.229536152565051,-0.229537924786066
2023-06-07 06:00:00,2289.25,-18.7053989159555,-0.292808373017734,-0.292810144708398
2023-06-07 07:00:00,2289.29166666667,-19.8155388824074,-0.470163374440038,-0.470165145599529
2023-06-07 08:00:00,2289.33333333333,-20.0126425659259,-0.502070742593299,-0.502072513220781
2023-06-07 17:30:00,2289.72916666667,-21.0437407581481,-0.671142162646256,-0.671143928178243
2023-06-07 18:30:00,2289.77083333333,-20.6795425801852,-0.613630567667564,-0.613632332658827
2023-06-07 19:30:00,2289.8125,-20.86167594,-0.643149673152373,-0.643151437602072
2023-06-07 20:30:00,2289.85416666667,-20.370325280855,-0.565381988958197,-0.565383752865506
2023-06-07 21:30:00,2289.89583333333,-19.6681744107607,-0.454033376081823,-0.454035139445917
2023-06-07 22:30:00,2289.9375,-20.599381447037,-0.602879540211847,-0.60288130303189
2023-06-07 23:30:00,2289.97916666667,-20.6009237884758,-0.603629149149811,-0.603630911424973
2023-06-08 00:30:00,2290.02083333333,-20.0504499987037,-0.516441888695381,-0.516443650424837
2023-06-08 01:30:00,2290.0625,-18.5920685155556,-0.284623978413099,-0.284625739596009
2023-06-08 05:30:00,2290.22916666667,-18.4617388840741,-0.265872523756341,-0.265874282744788
2023-06-08 06:30:00,2290.27083333333,-18.7559462512963,-0.313241738537091,-0.31324349697485
2023-06-08 07:30:00,2290.3125,-18.9631407662963,-0.346749436761654,-0.346751194647885
2023-06-08 08:30:00,2290.35416666667,-19.2105407311111,-0.386661584599169,-0.386663341933052
2023-06-08 09:30:00,2290.39583333333,-19.3570148161111,-0.410495860128509,-0.410497616909209
2023-06-08 10:30:00,2290.4375,-18.4663129601852,-0.269106959302212,-0.269108715528899
2023-06-08 11:30:00,2290.47916666667,-20.3935555435185,-0.57661831334356,-0.576620069015404
2023-06-08 12:30:00,2290.52083333333,-21.2886259212963,-0.719703589136388,-0.719705344252564
2023-06-08 13:30:00,2290.5625,-20.6317625382189,-0.61556439923727,-0.615566153796938
2023-06-08 14:30:00,2290.60416666667,-22.4285944283333,-0.902300310985499,-0.902302064987839
2023-06-08 15:30:00,2290.64583333333,-23.0966759224074,-1.00922516895666,-1.00922692240084
2023-06-08 17:00:00,2290.70833333333,-24.1357995890538,-1.17550622937922,-1.1755079819846
2023-06-08 18:00:00,2290.75,-23.1465036581481,-1.01840890537787,-1.01841065742301
2023-06-08 19:00:00,2290.79166666667,-22.7925222544444,-0.96251732959988,-0.962519081083954
2023-06-08 20:00:00,2290.83333333333,-21.3667012534323,-0.735880629802119,-0.735882380724296
2023-06-08 21:00:00,2290.875,-20.6627569320965,-0.624239090464973,-0.624240840824424
2023-06-08 22:00:00,2290.91666666667,-20.5805203725926,-0.611635731138909,-0.611637480934803
2023-06-08 23:00:00,2290.95833333333,-20.1856184759259,-0.549224249184754,-0.549225998416267
2023-06-09,2291,-20.1594044580705,-0.545544698556056,-0.545546447222348
2023-06-09 01:00:00,2291.04166666667,-19.6010110846296,-0.457088284788096,-0.457090032888348
2023-06-09 02:00:00,2291.08333333333,-19.872640707963,-0.500854815804019,-0.5008565633374
2023-06-09 03:00:00,2291.125,-20.4214537046296,-0.588776544269625,-0.588778291235297
2023-06-09 07:00:00,2291.29166666667,-20.4910240685185,-0.601837731498403,-0.601839476184968
2023-06-09 08:00:00,2291.33333333333,-20.8367829022263,-0.657411222888328,-0.657412967003047
2023-06-09 09:00:00,2291.375,-20.5705083194805,-0.615487040148233,-0.615488783690267
2023-06-09 10:00:00,2291.41666666667,-20.7343129814815,-0.642074474660807,-0.642076217629331
2023-06-09 11:00:00,2291.45833333333,-21.2884537140741,-0.730842410129281,-0.73084415252347
2023-06-09 12:00:00,2291.5,-21.3126437827458,-0.735188511844999,-0.735190253664021
2023-06-09 13:00:00,2291.54166666667,-21.2240611237037,-0.721569522913662,-0.721571264156686
2023-06-09 14:00:00,2291.58333333333,-21.980719844898,-0.842597775087999,-0.842599515754202
2023-06-09 15:00:00,2291.625,-22.9869388011132,-1.003380836002,-1.00338257609054
2023-06-09 16:30:00,2291.6875,-24.0482430150278,-1.17318425765073,-1.17318599687124
2023-06-09 17:30:00,2291.72916666667,-23.4870259424861,-1.08427285037729,-1.08427458901807
2023-06-09 18:30:00,2291.77083333333,-23.4143450706865,-1.07318529307655,-1.07318703113678
2023-06-09 19:30:00,2291.8125,-22.9104378502783,-0.993402754111913,-0.993404491590752
2023-06-09 20:30:00,2291.85416666667,-23.1521148051852,-1.03239199065635,-1.03239372755298
2023-06-09 21:30:00,2291.89583333333,-21.9652092472222,-0.843806695344531,-0.843808431658119
2023-06-09 22:30:00,2291.9375,-24.9940964820037,-1.32679988764997,-1.32680162337968
2023-06-09 23:30:00,2291.97916666667,-23.1522166625926,-1.03387609033726,-1.03387782548228
2023-06-10 00:30:00,2292.02083333333,-22.7151314907407,-0.96473676683836,-0.964738501397854
2023-06-10 01:30:00,2292.0625,-22.9084444761111,-0.99602000259893,-0.996021736572062
2023-06-10 02:30:00,2292.10416666667,-22.8062351990741,-0.98022601284745,-0.980227746233401
2023-06-10 03:30:00,2292.14583333333,-22.7096518598148,-0.965327920827402,-0.96532965362534
2023-06-10 04:30:00,2292.1875,-23.0919981346296,-1.02672334015151,-1.02672507236061
2023-06-10 08:30:00,2292.35416666667,-22.885662947963,-0.995800346269501,-0.995802076114952
2023-06-10 09:30:00,2292.39583333333,-23.3544963342593,-1.07097162837845,-1.07097335763092
2023-06-10 10:30:00,2292.4375,-22.8802129698148,-0.995903418208099,-0.995905146866757
2023-06-10 11:30:00,2292.47916666667,-22.6503469517625,-0.959770745809279,-0.959772473873299
2023-06-10 12:30:00,2292.52083333333,-22.1687999851852,-0.883544798035002,-0.883546525503559
2023-06-10 13:30:00,2292.5625,-21.3545981466667,-0.754326370771659,-0.754328097643917
2023-06-10 14:30:00,2292.60416666667,-22.3910758861111,-0.919922201878202,-0.919923928153343
2023-06-10 16:00:00,2292.66666666667,-22.5592889162963,-0.94744433532961,-0.947446060707519
2023-06-10 17:00:00,2292.70833333333,-21.7478555862963,-0.818665809153116,-0.818667533931834
2023-06-10 18:00:00,2292.75,-20.644200358256,-0.643335804007493,-0.643337528186192
2023-06-10 19:00:00,2292.79166666667,-19.6283005690167,-0.481984980940355,-0.481986704518208
2023-06-10 20:00:00,2292.83333333333,-20.0162869946296,-0.544273912852394,-0.544275635828578
2023-06-10 21:00:00,2292.875,-18.7774425853704,-0.34740720768764,-0.347408930061318
2023-06-10 22:00:00,2292.91666666667,-21.5438259368519,-0.788575824218369,-0.788577545988723
2023-06-10 23:00:00,2292.95833333333,-20.9399851637037,-0.692865006269433,-0.692866727435632
2023-06-11,2293,-20.0149832830855,-0.545992671125596,-0.545994391686813
2023-06-11 01:00:00,2293.04166666667,-20.5632907581481,-0.633819245670754,-0.633820965626161
2023-06-11 02:00:00,2293.08333333333,-21.1049203988889,-0.720581712673932,-0.720583432022706
2023-06-11 03:00:00,2293.125,-21.1204034303609,-0.723528324821081,-0.723530043562386
2023-06-11 04:00:00,2293.16666666667,-21.4948849693878,-0.783663331511611,-0.783665049644631
2023-06-11 05:00:00,2293.20833333333,-21.3777959280148,-0.765490468961178,-0.76549218648508
2023-06-11 06:00:00,2293.25,-21.5749370677778,-0.797374374071869,-0.797376090985827
2023-06-11 09:30:00,2293.39583333333,-21.004280004,-0.708142867423055,-0.708144582195705
2023-06-11 10:00:00,2293.41666666667,-21.2048330153398,-0.74033000432864,-0.740331718794559
2023-06-11 10:30:00,2293.4375,-20.6611599,-0.65396130592768,-0.653963020086662
2023-06-11 11:00:00,2293.45833333333,-20.8349397732039,-0.681883299778553,-0.681885013630395
2023-06-11 11:30:00,2293.47916666667,-20.556280068,-0.637731263915723,-0.637732977460215
2023-06-11 12:00:00,2293.5,-19.9095301254369,-0.534942108614635,-0.534943821851573
2023-06-11 12:30:00,2293.52083333333,-20.0335199,-0.554932259416168,-0.554933972345348
2023-06-11 13:00:00,2293.54166666667,-20.0816058159223,-0.562830789648214,-0.562832502269422
2023-06-11 13:30:00,2293.5625,-19.22732026,-0.426980817892841,-0.426982530205878
2023-06-11 14:00:00,2293.58333333333,-19.6034679619417,-0.487139661690619,-0.487141373695277
2023-06-11 15:00:00,2293.625,-18.931349845,-0.380547012271282,-0.380548723658553
2023-06-11 15:30:00,2293.64583333333,-19.9628307707692,-0.545100661628844,-0.545102372707121
2023-06-11 16:00:00,2293.66666666667,-18.938650035,-0.382185857472888,-0.382187568241956
2023-06-11 16:30:00,2293.6875,-19.0533692134615,-0.400698541665847,-0.400700252125499
2023-06-11 17:00:00,2293.70833333333,-18.133349995,-0.25437657790182,-0.254378288051854
2023-06-11 17:30:00,2293.72916666667,-19.0541077288462,-0.401291616161477,-0.401293326001682
2023-06-11 18:00:00,2293.75,-18.186350065,-0.2632947915223,-0.263296501052474
2023-06-11 18:30:00,2293.77083333333,-17.7559423380769,-0.194968042388872,-0.194969751608809
2023-06-11 19:00:00,2293.79166666667,-18.84820013,-0.369202916511022,-0.36920462542051
2023-06-11 19:30:00,2293.8125,-18.0743822220077,-0.246170516073352,-0.24617222467219
2023-06-11 20:00:00,2293.83333333333,-17.64100009,-0.177369695956593,-0.177371404244575
2023-06-11 20:30:00,2293.85416666667,-17.4324038217308,-0.144377342464738,-0.144379050441651
2023-06-11 21:00:00,2293.875,-16.71850013,-0.0308890731826786,-0.0308907808483182
2023-06-11 21:30:00,2293.89583333333,-15.9864576894231,0.0854887939169542,0.0854870865627858
2023-06-11 22:00:00,2293.91666666667,-16.403600125,0.0188007712181804,0.0187990641756989
2023-06-11 22:30:00,2293.9375,-15.3734019290385,0.182675227635887,0.182673520905299
2023-06-11 23:00:00,2293.95833333333,-15.411049935,0.176441103246541,0.176439396828048
2023-06-11 23:30:00,2293.97916666667,-15.5507861485549,0.153944336719682,0.15394263061349
2023-06-12,2294,-15.457400045,0.168584204216516,0.168582498422837
2023-06-12 00:30:00,2294.02083333333,-15.2742153990385,0.197529126036176,0.197527420555211
2023-06-12 01:00:00,2294.04166666667,-15.815399985,0.111081593943911,0.111079888775871
2023-06-12 01:30:00,2294.0625,-15.4463038390385,0.169642515351751,0.169640810496838
2023-06-12 02:00:00,2294.08333333333,-15.340249985,0.186300694120216,0.186298989578635
2023-06-12 02:30:00,2294.10416666667,-15.5296500117308,0.155892941014599,0.155891236786562
2023-06-12 03:00:00,2294.125,-15.42530012,0.172279842335024,0.172278138420738
2023-06-12 03:30:00,2294.14583333333,-14.9632846121154,0.245643214429024,0.245641510828685
2023-06-12 04:00:00,2294.16666666667,-15.16869998,0.212684453616901,0.212682750330724
2023-06-12 04:30:00,2294.1875,-15.4859884358382,0.161904312536434,0.161902609564626
2023-06-12 05:00:00,2294.20833333333,-15.757199945,0.11846434460741,0.118462641950173
2023-06-12 05:30:00,2294.22916666667,-15.5455626493256,0.151942618987394,0.151940916644934
2023-06-12 06:00:00,2294.25,-14.879849945,0.257755513132588,0.257753811105115
2023-06-12 06:30:00,2294.27083333333,-15.305787634556,0.189667802135003,0.18966610042272
2023-06-12 07:00:00,2294.29166666667,-14.58780001,0.303808293878052,0.303806592481169
2023-06-12 07:30:00,2294.3125,-14.9736589768786,0.242105317552974,0.242103616471693
2023-06-12 11:00:00,2294.45833333333,-13.5431323958904,0.46834397412838,0.468342275262097
2023-06-12 11:30:00,2294.47916666667,-13.1388000153125,0.532519707376262,0.53251800882723
2023-06-12 12:00:00,2294.5,-12.6840363672727,0.604729260610478,0.604727562378908
2023-06-12 12:30:00,2294.52083333333,-12.5773093665625,0.621496410284701,0.621494712370793
2023-06-12 13:00:00,2294.54166666667,-12.5214136495455,0.630166183242822,0.630164485646789
2023-06-12 13:30:00,2294.5625,-12.1672249753125,0.686354320580292,0.686352623302334
2023-06-12 14:30:00,2294.60416666667,-12.107539524186,0.695393761958879,0.695392065317694
2023-06-12 15:00:00,2294.625,-12.7031538612308,0.600277850431997,0.60027615410951
2023-06-12 15:30:00,2294.64583333333,-12.2910037174397,0.665699624114234,0.665697928110642
2023-06-12 16:30:00,2294.6875,-13.6754731207792,0.444684831173992,0.444683135808826
2023-06-12 17:30:00,2294.72916666667,-12.5180629731481,0.628593600525797,0.628591905799872
2023-06-12 18:30:00,2294.77083333333,-12.6676333440741,0.604299772890828,0.604298078804972
2023-06-12 19:30:00,2294.8125,-12.6199033812268,0.611436363262308,0.611434669817345
2023-06-12 20:30:00,2294.85416666667,-12.1116777705556,0.691930573490466,0.691928880687219
2023-06-12 21:30:00,2294.89583333333,-12.7265027755102,0.593522352425302,0.593520660264591
2023-06-12 22:30:00,2294.9375,-14.497587354461,0.310921489505759,0.310919797988416
2023-06-12 23:30:00,2294.97916666667,-14.3737833338889,0.330178069400288,0.330176378527128
2023-06-13 00:30:00,2295.02083333333,-12.8822987124304,0.567307481415435,0.567305791187286
2023-06-13 01:30:00,2295.0625,-10.9512949981447,0.874452934280102,0.874451244697787
2023-06-13 02:30:00,2295.10416666667,-11.2001205769944,0.834350358530202,0.834348669594543
2023-06-13 03:30:00,2295.14583333333,-11.257640742963,0.824723207514334,0.82472151922615
2023-06-13 04:30:00,2295.1875,-11.8483796331481,0.730154268676836,0.73015258103696
2023-06-13 05:30:00,2295.22916666667,-11.9255547374768,0.717396744153793,0.717395057163038
2023-06-13 06:30:00,2295.27083333333,-11.7387346890538,0.746694172584438,0.746692486243631
2023-06-13 07:30:00,2295.3125,-12.7783562128015,0.580618918841548,0.580617233151512
2023-06-13 08:30:00,2295.35416666667,-13.1444425803704,0.521838633735232,0.52183694869679
2023-06-13 12:30:00,2295.52083333333,-13.2044275400966,0.510436500360531,0.510434817936682
2023-06-13 13:00:00,2295.54166666667,-13.5266240224,0.458879939760571,0.458878257664474
2023-06-13 14:00:00,2295.58333333333,-13.8179195126829,0.412015752259767,0.412014070819781
2023-06-13 14:30:00,2295.60416666667,-13.5252635364341,0.458405881458766,0.458404200347148
2023-06-13 15:00:00,2295.625,-14.1980073265854,0.351007222632889,0.35100554184984
2023-06-13 15:30:00,2295.64583333333,-14.1487154146154,0.358629451809187,0.358627771354913
2023-06-13 16:00:00,2295.66666666667,-13.9610763280788,0.388290569466623,0.388288889341335
2023-06-13 16:30:00,2295.6875,-13.8796000030769,0.401039968084005,0.401038288287907
2023-06-13 17:00:00,2295.70833333333,-15.1323341560976,0.201248768876226,0.201247089409514
2023-06-13 17:30:00,2295.72916666667,-15.1265769238462,0.201936231472168,0.201934552335057
2023-06-13 18:00:00,2295.75,-15.6512585368293,0.118124491790103,0.118122812982798
2023-06-13 18:30:00,2295.77083333333,-15.6650154438462,0.115703507736892,0.115701829259594
2023-06-13 19:00:00,2295.79166666667,-15.6600780385366,0.116260625881198,0.116258947734117
2023-06-13 19:30:00,2295.8125,-15.0148691830769,0.218813528494476,0.218811850677813
2023-06-13 20:00:00,2295.83333333333,-15.3807268273171,0.160302900128565,0.160301222642525
2023-06-13 20:30:00,2295.85416666667,-14.3399461561538,0.325870845580364,0.325869168425157
2023-06-13 21:00:00,2295.875,-14.538657690709,0.293986881907176,0.293985205083003
2023-06-13 21:30:00,2295.89583333333,-14.6535968434109,0.275448003559659,0.275446327066725
2023-06-13 22:00:00,2295.91666666667,-13.6145378797066,0.440741934877862,0.440740258716377
2023-06-13 22:30:00,2295.9375,-13.0211007643411,0.535048072399224,0.535046396569393
2023-06-13 23:00:00,2295.95833333333,-13.7972518251834,0.411177919845801,0.411176244347821
2023-06-13 23:30:00,2295.97916666667,-13.3736384507692,0.478431184344099,0.478429509178183
2023-06-14,2296,-13.0628756126829,0.527707362939307,0.527705688105661
2023-06-14 00:30:00,2296.02083333333,-13.1862999553846,0.50781729856707,0.507815624065895
2023-06-14 01:00:00,2296.04166666667,-13.1226756195122,0.517724307595787,0.517722633427287
2023-06-14 01:30:00,2296.0625,-13.1506615730769,0.513037817317504,0.51303614348189
2023-06-14 02:00:00,2296.08333333333,-13.1942892102941,0.505859680951031,0.505858007448503
2023-06-14 02:30:00,2296.10416666667,-13.0710307469231,0.52526670499171,0.525265031822478
2023-06-14 03:00:00,2296.125,-13.235314627561,0.49886811350439,0.498866440668654
2023-06-14 03:30:00,2296.14583333333,-13.3306692515385,0.483450087243872,0.483448414741838
2023-06-14 04:00:00,2296.16666666667,-13.5058756290244,0.455311704998692,0.455310032830568
2023-06-14 04:30:00,2296.1875,-13.5823768915385,0.442897203545969,0.442895531711962
2023-06-14 05:00:00,2296.20833333333,-13.5376097668293,0.449800928308518,0.449799256808823
2023-06-14 05:30:00,2296.22916666667,-13.4355923261538,0.46582475481613,0.465823083650962
2023-06-14 06:00:00,2296.25,-14.3219999958537,0.324391840429309,0.324390169598872
2023-06-14 06:30:00,2296.27083333333,-14.3419153653846,0.320991854223699,0.320990183728195
2023-06-14 07:00:00,2296.29166666667,-14.7423951231707,0.256967774600377,0.256966104440009
2023-06-14 07:30:00,2296.3125,-15.1426307553846,0.19298266997172,0.192981000146699
2023-06-14 08:00:00,2296.33333333333,-15.6743789696822,0.108047602682271,0.108045933192797
2023-06-14 08:30:00,2296.35416666667,-15.9290769092308,0.067246927818589,0.0672452586648714
2023-06-14 09:00:00,2296.375,-16.5016634136585,-0.0241935368935029,-0.0241952057112635
2023-06-14 09:30:00,2296.39583333333,-16.4004307346154,-0.00829403842625254,-0.0082957069078512
2023-06-14 10:00:00,2296.41666666667,-16.2898658812195,0.00909216784628797,0.00909049970106079
2023-06-14 10:30:00,2296.4375,-16.0980537453846,0.0394212100628296,0.0394195422541788
2023-06-14 14:00:00,2296.58333333333,-17.1397999940741,-0.128114683859867,-0.128116349306769
2023-06-14 15:00:00,2296.625,-17.9794573851852,-0.262324781679132,-0.262326446449403
2023-06-14 16:00:00,2296.66666666667,-17.0204648038889,-0.110008309231534,-0.110009973324355
2023-06-14 17:00:00,2296.70833333333,-14.6463888846296,0.267732294746103,0.267730631331547
2023-06-14 18:00:00,2296.75,-15.4885518446296,0.133124091681754,0.13312242894629
2023-06-14 19:00:00,2296.79166666667,-14.3798775580705,0.309286001105711,0.309284339050149
2023-06-14 20:00:00,2296.83333333333,-13.8486314868519,0.393463528438845,0.393461867064009
2023-06-14 21:00:00,2296.875,-18.9451725604824,-0.418869112607396,-0.418870773300688
2023-06-14 22:00:00,2296.91666666667,-18.0198868183673,-0.271920092922113,-0.271921752933043
2023-06-14 23:00:00,2296.95833333333,-17.0576925931481,-0.11909117956081,-0.119092838888564
2023-06-15,2297,-16.7439277940741,-0.0695571909875531,-0.0695588496313034
2023-06-15 01:00:00,2297.04166666667,-16.7941851818519,-0.07801185051179,-0.0780135084707279
2023-06-15 02:00:00,2297.08333333333,-16.8417555875926,-0.0860381252446244,-0.0860397825179272
2023-06-15 03:00:00,2297.125,-17.058603692037,-0.121030111486428,-0.121031768073278
2023-06-15 04:00:00,2297.16666666667,-16.7764499972222,-0.0765304074212916,-0.0765320633208713
2023-06-15 05:00:00,2297.20833333333,-18.0255851681481,-0.275965766624904,-0.2759674218364
2023-06-15 06:00:00,2297.25,-19.0822611303704,-0.444741888797531,-0.444743543320118
2023-06-15 07:00:00,2297.29166666667,-20.2439685198148,-0.63024924460347,-0.630250898436338
2023-06-15 08:00:00,2297.33333333333,-20.103564012987,-0.608328896819207,-0.608330549961535
2023-06-15 09:00:00,2297.375,-19.700024052963,-0.54449053506345,-0.544492187514421
2023-06-15 10:00:00,2297.41666666667,-19.4638351711111,-0.50731097118554,-0.507312622944337
2023-06-15 11:00:00,2297.45833333333,-19.6449370524074,-0.536605775383734,-0.536607426449545
2023-06-15 15:30:00,2297.64583333333,-18.3125110533333,-0.326348193260233,-0.326349841197483
2023-06-15 16:30:00,2297.6875,-18.4816370009259,-0.353733300767538,-0.353734948007306
2023-06-15 17:30:00,2297.72916666667,-18.2261574159259,-0.313478093329965,-0.313479739871436
2023-06-15 18:30:00,2297.77083333333,-18.7245621597403,-0.393316847805936,-0.393318493648299
2023-06-15 19:30:00,2297.8125,-17.4040815198148,-0.183405510225902,-0.183407155368333
2023-06-15 20:30:00,2297.85416666667,-17.3514851524074,-0.17546869244861,-0.175470336890301
2023-06-15 21:30:00,2297.89583333333,-16.5714333327778,-0.0516473502020943,-0.051648993942226
2023-06-15 22:30:00,2297.9375,-16.1591966528757,0.0135811287484476,0.0135794857106906
2023-06-15 23:30:00,2297.97916666667,-15.5113129616667,0.116348696530449,0.116347054195882
2023-06-16 00:30:00,2298.02083333333,-15.657105572963,0.0926834139125112,0.0926817722819445
2023-06-16 01:30:00,2298.0625,-15.6904185318519,0.0869365722881035,0.0869349313623611
2023-06-16 02:30:00,2298.10416666667,-16.3072055512963,-0.0117577519292098,-0.0117593921493221
2023-06-16 03:30:00,2298.14583333333,-16.4695018151852,-0.0380510215650796,-0.0380526610787426
2023-06-16 04:30:00,2298.1875,-16.630996227881,-0.0642162030709617,-0.0642178418773613
2023-06-16 05:30:00,2298.22916666667,-17.4146148262963,-0.189485859052548,-0.189487497150869
2023-06-16 06:30:00,2298.27083333333,-17.0572040660482,-0.13298836969353,-0.132990007082964
2023-06-16 07:30:00,2298.3125,-17.3687203659259,-0.183051085699541,-0.183052722379269
2023-06-16 08:30:00,2298.35416666667,-17.4909851494444,-0.202965546347017,-0.202967182316224
2023-06-16 09:30:00,2298.39583333333,-17.3077267618959,-0.174209593727479,-0.174211228985353
2023-06-16 10:30:00,2298.4375,-17.188118952974,-0.155592869759161,-0.155594504304892
2023-06-16 11:30:00,2298.47916666667,-16.7560892533457,-0.0872067611073098,-0.0872083949400753
2023-06-16 13:00:00,2298.54166666667,-17.7376203767896,-0.244219502657881,-0.244221135419682
2023-06-16 17:00:00,2298.70833333333,-17.586797420632,-0.221933745655449,-0.221935375552401
2023-06-16 18:00:00,2298.75,-17.8070610803704,-0.257456127323468,-0.257457756502175
2023-06-16 19:00:00,2298.79166666667,-17.0573321020408,-0.138457632671204,-0.138459261130853
2023-06-16 20:00:00,2298.83333333333,-15.9770481646296,0.0331988593112377,0.0331972315714536
2023-06-16 21:00:00,2298.875,-16.7010481081481,-0.0825680039498884,-0.0825696309689907
2023-06-16 22:00:00,2298.91666666667,-15.5512314533333,0.100165812529939,0.100164186232335
2023-06-16 23:00:00,2298.95833333333,-14.856648147037,0.2103809880714,0.210379362496097
2023-06-17,2299,-14.6312759266667,0.245850859338417,0.245849234486231
2023-06-17 01:00:00,2299.04166666667,-15.0388497246753,0.180492334805779,0.180490710677522
2023-06-17 02:00:00,2299.08333333333,-15.2152425740741,0.151961458051909,0.151959834648387
2023-06-17 03:00:00,2299.125,-15.6203061217069,0.0870035333399959,0.0870019106620256
2023-06-17 04:00:00,2299.16666666667,-16.4087129824074,-0.0390208971829378,-0.0390225191345415
2023-06-17 05:00:00,2299.20833333333,-16.4546592405556,-0.0467704650244878,-0.0467720862489225
2023-06-17 06:00:00,2299.25,-16.7885129666667,-0.100383539910922,-0.100385160407377
2023-06-17 07:00:00,2299.29166666667,-16.4781370375926,-0.0513700117876621,-0.0513716315553187
2023-06-17 08:00:00,2299.33333333333,-16.7069204222222,-0.0882445888427621,-0.0882462078808179
2023-06-17 09:00:00,2299.375,-16.8213952252319,-0.106909368155027,-0.106910986462667
2023-06-17 10:00:00,2299.41666666667,-16.7825796264815,-0.101154517699354,-0.101156135275765
2023-06-17 11:00:00,2299.45833333333,-16.5173166790741,-0.0593260833365042,-0.0593277001808843
2023-06-17 12:30:00,2299.52083333333,-16.7806499246296,-0.101916797176101,-0.101918412920912
2023-06-17 13:30:00,2299.5625,-16.9631907461111,-0.131422923633526,-0.131424538644278
2023-06-17 14:30:00,2299.60416666667,-18.1140650648699,-0.315184907978878,-0.315186522254761
2023-06-17 18:30:00,2299.77083333333,-20.4016500066667,-0.681302749208217,-0.681304360536538
2023-06-17 19:30:00,2299.8125,-20.8488259461111,-0.752963274521581,-0.752964885110989
2023-06-17 20:30:00,2299.85416666667,-22.5842333390741,-1.02983962944491,-1.02984123929459
2023-06-17 21:30:00,2299.89583333333,-23.2994241001852,-1.14419438411551,-1.14419599322466
2023-06-17 22:30:00,2299.9375,-23.5409630027778,-1.18309569728985,-1.18309730565767
2023-06-17 23:30:00,2299.97916666667,-24.1190981496296,-1.2756166705363,-1.27561827816197
2023-06-18 00:30:00,2300.02083333333,-23.9471055535185,-1.24864139588682,-1.24864300276955
2023-06-18 01:30:00,2300.0625,-23.7194277548148,-1.21279506606271,-1.21279667220167
2023-06-18 02:30:00,2300.10416666667,-23.7289794733706,-1.21473920504002,-1.21474081043441
2023-06-18 03:30:00,2300.14583333333,-23.707280112987,-1.21170466176808,-1.2117062664171
2023-06-18 04:30:00,2300.1875,-23.7398423079777,-1.21731365978511,-1.21731526368794
2023-06-18 05:30:00,2300.22916666667,-23.7440851961111,-1.21841100850804,-1.21841261166388
2023-06-18 06:30:00,2300.27083333333,-24.2181131851577,-1.29434509583015,-1.2943466982382
2023-06-18 07:30:00,2300.3125,-23.9576542479554,-1.25327452702113,-1.25327612868058
2023-06-18 08:30:00,2300.35416666667,-24.0377092657407,-1.26644771045511,-1.26644931136515
2023-06-18 09:30:00,2300.39583333333,-24.0859201886827,-1.27454774248684,-1.27454934264666
2023-06-18 10:30:00,2300.4375,-23.9557560400372,-1.25423213359291,-1.25423373300171
2023-06-18 12:00:00,2300.5,-23.1166758601852,-1.12119482682176,-1.12119642510252
2023-06-18 13:00:00,2300.54166666667,-22.9926827523191,-1.1018613568112,-1.10186295433892
2023-06-18 14:00:00,2300.58333333333,-22.0253531672862,-0.948183418024434,-0.948185014798312
2023-06-18 15:00:00,2300.625,-21.7333925622222,-0.902091874854394,-0.902093470873624
2023-06-18 16:00:00,2300.66666666667,-21.3850277736549,-0.847014739211549,-0.847016334475326
2023-06-18 20:00:00,2300.83333333333,-19.5159331745826,-0.550933468773015,-0.550935061006937
2023-06-18 21:00:00,2300.875,-20.4456252141002,-0.69944986728364,-0.699451458758086
2023-06-18 22:00:00,2300.91666666667,-19.9560704790353,-0.621878873376767,-0.621880464090933
2023-06-18 23:00:00,2300.95833333333,-19.4943859172542,-0.548747250762064,-0.548748840715145
2023-06-19,2301,-19.321160370566,-0.52156698794702,-0.521568577138218
2023-06-19 01:00:00,2301.04166666667,-19.0089833261111,-0.472251284587677,-0.472252873016179
2023-06-19 02:00:00,2301.08333333333,-18.9035481753704,-0.455869344771252,-0.455870932436264
2023-06-19 03:00:00,2301.125,-18.8404100120594,-0.446224977200145,-0.44622656410086
2023-06-19 04:00:00,2301.16666666667,-18.9013877089054,-0.45635198655654,-0.456353572692153
2023-06-19 05:00:00,2301.20833333333,-18.7640260349442,-0.434883023905491,-0.434884609275201
2023-06-19 06:00:00,2301.25,-19.2536215087199,-0.513288414206557,-0.513289998809564
2023-06-19 07:00:00,2301.29166666667,-19.3117458758813,-0.52295977996426,-0.522961363799755
2023-06-19 08:00:00,2301.33333333333,-19.1906784431227,-0.504085394805592,-0.50408697787278
2023-06-19 09:00:00,2301.375,-19.3746907246296,-0.53381005679569,-0.533811639093765
2023-06-19 10:00:00,2301.41666666667,-19.6837389094444,-0.583452657976574,-0.583454239504734
2023-06-19 11:30:00,2301.47916666667,-19.9719609579926,-0.62998244962991,-0.629984030001692
2023-06-19 12:30:00,2301.52083333333,-20.1592333738889,-0.660225158982301,-0.660226738582169
2023-06-19 13:30:00,2301.5625,-19.8368664038961,-0.609281579673066,-0.609283158500217
2023-06-19 14:30:00,2301.60416666667,-19.9456518683333,-0.627020520770381,-0.627022098824008
2023-06-19 15:30:00,2301.64583333333,-20.1158259309259,-0.654538338708035,-0.654539915987343
2023-06-19 16:30:00,2301.6875,-19.1162875426716,-0.495719756410437,-0.495721332914622
2023-06-19 17:30:00,2301.72916666667,-19.4016426301852,-0.541585251869422,-0.541586827597684
2023-06-19 21:30:00,2301.89583333333,-18.3002695442379,-0.367764921100617,-0.367766493717188
2023-06-19 22:30:00,2301.9375,-17.9810577160149,-0.317320616046937,-0.317322187883585
2023-06-19 23:30:00,2301.97916666667,-17.4840316295539,-0.238550000201011,-0.238551571256937
2023-06-20 00:30:00,2302.02083333333,-17.2883851568519,-0.207788999601626,-0.20779056987603
2023-06-20 01:30:00,2302.0625,-17.2447148111111,-0.201237531828466,-0.201239101320555
2023-06-20 02:30:00,2302.10416666667,-17.7151131500928,-0.27657719988093,-0.276578768589895
2023-06-20 03:30:00,2302.14583333333,-17.7550389153704,-0.28334190610326,-0.283343474028311
2023-06-20 04:30:00,2302.1875,-17.0764406887037,-0.175644853517425,-0.175646420657761
2023-06-20 05:30:00,2302.22916666667,-17.342018509833,-0.218355346432754,-0.218356912787575
2023-06-20 06:30:00,2302.27083333333,-16.9818907642593,-0.161390121595824,-0.161391687164333
2023-06-20 07:30:00,2302.3125,-16.8261518637037,-0.136983811782773,-0.136985376564176
2023-06-20 08:30:00,2302.35416666667,-16.6705009346939,-0.112591141646922,-0.112592705640413
2023-06-20 09:30:00,2302.39583333333,-17.3198608602968,-0.216436901462175,-0.216438464666965
2023-06-20 11:00:00,2302.45833333333,-17.2307546650558,-0.20284490776087,-0.202846469781107
2023-06-20 12:00:00,2302.5,-17.1300777972222,-0.187208333346167,-0.18720989457571
2023-06-20 13:00:00,2302.54166666667,-17.7481018566667,-0.286060955059183,-0.286062515497227
2023-06-20 14:00:00,2302.58333333333,-17.805460080705,-0.295598733147502,-0.295600292793259
2023-06-20 15:00:00,2302.625,-17.9405092587037,-0.317512360129568,-0.317513918982238
2023-06-20 16:00:00,2302.66666666667,-17.3650890122449,-0.226247324289126,-0.226248882347913
2023-06-20 17:00:00,2302.70833333333,-18.1832114747681,-0.356974261831035,-0.356975819095147
2023-06-20 18:00:00,2302.75,-16.9772166607407,-0.165257494553397,-0.165259051022035
2023-06-20 19:00:00,2302.79166666667,-16.9845352094444,-0.166822036596938,-0.166823592269301
2023-06-20 23:00:00,2302.95833333333,-17.2727773554731,-0.214330216270934,-0.214331768750274
2023-06-21,2303,-16.5519896748454,-0.0999050305537519,-0.0999065822328481
2023-06-21 01:00:00,2303.04166666667,-16.15459186141,-0.0369957041447553,-0.036997255022809
2023-06-21 02:00:00,2303.08333333333,-15.911812962037,0.00128309659871184,0.00128154652248669
2023-06-21 03:00:00,2303.125,-16.422209252037,-0.0804190705130534,-0.0804206197866562
2023-06-21 04:00:00,2303.16666666667,-16.3696666987037,-0.0724442993557969,-0.0724458478259759
2023-06-21 05:00:00,2303.20833333333,-16.4351837037106,-0.0832761217632585,-0.0832776694292282
2023-06-21 06:00:00,2303.25,-16.1068777705556,-0.031371290042755,-0.0313728369037181
2023-06-21 07:00:00,2303.29166666667,-16.0962259212963,-0.0300686020360105,-0.0300701480911703
2023-06-21 08:00:00,2303.33333333333,-15.8562473154839,0.00776638122180506,0.00776483597323374
2023-06-21 09:00:00,2303.375,-16.0955333301852,-0.0307454528023744,-0.030746997243565
2023-06-21 10:30:00,2303.4375,-15.9081187506494,-0.00147956613899791,-0.00148110936762402
2023-06-21 11:30:00,2303.47916666667,-16.403492567963,-0.0807854211052778,-0.0807869635245388
2023-06-21 12:30:00,2303.52083333333,-16.7882685431481,-0.142472580826617,-0.142474122435722
2023-06-21 13:30:00,2303.5625,-17.4613870359259,-0.250092529493379,-0.250094070291539
2023-06-21 14:30:00,2303.60416666667,-17.6962685142593,-0.287900628228559,-0.287902168214975
2023-06-21 15:30:00,2303.64583333333,-17.7070872135436,-0.29001498558153,-0.290016524755419
2023-06-21 16:30:00,2303.6875,-17.6180999937037,-0.276229807933484,-0.276231346294051
2023-06-21 17:30:00,2303.72916666667,-18.1664592901852,-0.36397400482886,-0.363975542375315
2023-06-21 18:30:00,2303.77083333333,-18.3491282464684,-0.393463088041545,-0.393464624773097
2023-06-21 19:30:00,2303.8125,-18.2562259422222,-0.379053091163253,-0.379054627079115
2023-06-21 20:30:00,2303.85416666667,-17.7380592848148,-0.296897797365561,-0.296899332464936
2023-06-22,2304,-17.7708307882051,-0.303476901153282,-0.303478433388753
2023-06-22 00:30:00,2304.02083333333,-17.7643884002899,-0.302644324735634,-0.302645856561183
2023-06-22 01:00:00,2304.04166666667,-17.7942614528205,-0.30759672829328,-0.307598259708715
2023-06-22 01:30:00,2304.0625,-18.0122674456395,-0.342518748016915,-0.342520279022038
2023-06-22 02:00:00,2304.08333333333,-18.6835385358974,-0.449646125982556,-0.449647656577166
2023-06-22 02:30:00,2304.10416666667,-18.2900639633721,-0.387158663272905,-0.387160193456805
2023-06-22 03:00:00,2304.125,-18.3573486512821,-0.398070384276404,-0.398071914049405
2023-06-22 03:30:00,2304.14583333333,-18.355040573913,-0.397895832275947,-0.397897361637844
2023-06-22 04:00:00,2304.16666666667,-18.8573608108247,-0.478108835566152,-0.478110364516748
2023-06-22 04:30:00,2304.1875,-18.5252144742029,-0.425390621559714,-0.425392150098815
2023-06-22 05:00:00,2304.20833333333,-18.3785845605128,-0.402225210461248,-0.402226738588659
2023-06-22 05:30:00,2304.22916666667,-18.7018168369186,-0.453909086152313,-0.453910613867831
2023-06-22 06:00:00,2304.25,-18.2013402242268,-0.374375451290806,-0.374376978594239
2023-06-22 06:30:00,2304.27083333333,-18.2303593669565,-0.379190772740655,-0.379192299631802
2023-06-22 08:00:00,2304.33333333333,-17.9229334,-0.330794674625315,-0.33079620027843
2023-06-22 08:30:00,2304.35416666667,-18.0820869405797,-0.356340114755812,-0.356341639995853
2023-06-22 09:30:00,2304.39583333333,-18.0994382134021,-0.359488231553113,-0.359489755966425
2023-06-22 10:00:00,2304.41666666667,-18.1705304324638,-0.371005152058057,-0.371006676057705
2023-06-22 10:30:00,2304.4375,-17.1086051548718,-0.202031479569247,-0.202033003155039
2023-06-22 11:00:00,2304.45833333333,-17.2681072724638,-0.227631967847173,-0.227633491018911
2023-06-22 11:30:00,2304.47916666667,-16.9489641128205,-0.176983825258061,-0.176985348015545
2023-06-22 12:00:00,2304.5,-17.2819189202899,-0.230215258644952,-0.230216780987989
2023-06-22 12:30:00,2304.52083333333,-17.2834563087179,-0.230651564136806,-0.2306530860652
2023-06-22 13:00:00,2304.54166666667,-17.916999990407,-0.331766827553348,-0.331768349066899
2023-06-22 13:30:00,2304.5625,-18.7230513128205,-0.460362585157504,-0.460364106256019
2023-06-22 14:00:00,2304.58333333333,-18.2342985576812,-0.382695031644252,-0.382696552327531
2023-06-22 14:30:00,2304.60416666667,-17.986076905641,-0.343344158436382,-0.343345678704227
2023-06-22 15:00:00,2304.625,-18.2543101310145,-0.386264819936181,-0.386266339788405
2023-06-22 15:30:00,2304.64583333333,-18.2884420473684,-0.391892879263716,-0.391894398700114
2023-06-22 16:00:00,2304.66666666667,-18.2606513988571,-0.387656533379407,-0.387658052399782
2023-06-22 16:30:00,2304.6875,-17.5755290984127,-0.278706689202165,-0.278708207806326
2023-06-22 17:00:00,2304.70833333333,-17.4256457665714,-0.255020698784653,-0.255022216972403
2023-06-22 17:30:00,2304.72916666667,-18.0015396640212,-0.346951443191066,-0.346952960962205
2023-06-22 18:00:00,2304.75,-18.1709999508571,-0.374136926508267,-0.374138443862603
2023-06-22 18:30:00,2304.77083333333,-19.3504263652632,-0.562210639181308,-0.562212156118643
2023-06-22 19:00:00,2304.79166666667,-19.2136171382857,-0.540606977059099,-0.540608493579235
2023-06-22 19:30:00,2304.8125,-18.9564053405263,-0.499823002821074,-0.499824518923818
2023-06-22 20:00:00,2304.83333333333,-19.5887085605714,-0.600739310004262,-0.600740825689414
2023-06-22 20:30:00,2304.85416666667,-18.615211710582,-0.445850421908741,-0.445851937176105
2023-06-22 21:00:00,2304.875,-18.1990286575931,-0.379741923316562,-0.379743438165949
2023-06-22 21:30:00,2304.89583333333,-17.06345267,-0.199033519508483,-0.199035033939689
2023-06-22 22:00:00,2304.91666666667,-17.5755628328571,-0.280802600253223,-0.280804114266053
2023-06-23 01:30:00,2305.0625,-16.3909466763959,-0.0934166520578324,-0.09341816313656
2023-06-23 02:00:00,2305.08333333333,-16.0659792903448,-0.0418379068362308,-0.0418394174950149
2023-06-23 02:30:00,2305.10416666667,-16.2474455873418,-0.0709343123390419,-0.0709358225776868
2023-06-23 03:00:00,2305.125,-16.6742896234483,-0.139119470118804,-0.139120979937121
2023-06-23 03:30:00,2305.14583333333,-16.1029822073604,-0.0482982913354221,-0.0482998007332086
2023-06-23 04:00:00,2305.16666666667,-16.2838069096552,-0.0772921995318677,-0.077293708508928
2023-06-23 04:30:00,2305.1875,-15.5538574941476,0.0388009570736119,0.0387994485174662
2023-06-23 05:00:00,2305.20833333333,-15.7324483089655,0.0101631027439226,0.0101615946088945
2023-06-23 05:30:00,2305.22916666667,-15.8202506260759,-0.00401198198858677,-0.00401348970230164
2023-06-23 06:00:00,2305.25,-15.4618206793103,0.0528981488553919,0.052896641563182
2023-06-23 06:30:00,2305.27083333333,-15.7041721534177,0.01410346711054,0.0141019602400306
2023-06-23 07:00:00,2305.29166666667,-15.5704137875862,0.0352234487467571,0.0352219422981476
2023-06-23 07:30:00,2305.3125,-15.1851046122449,0.0964157512294139,0.0964142452028959
2023-06-23 08:00:00,2305.33333333333,-15.5038332888889,0.0454544179309466,0.0454529123267192
2023-06-23 09:00:00,2305.375,-15.4177461733503,0.0587931938307488,0.0587916890716813
2023-06-23 09:30:00,2305.39583333333,-15.6719721951389,0.0181074711521031,0.0181059668159123
2023-06-23 10:00:00,2305.41666666667,-15.1812076889744,0.0960993692061027,0.096097865292984
2023-06-23 10:30:00,2305.4375,-14.8165133406667,0.154008298296617,0.154006794806758
2023-06-23 11:00:00,2305.45833333333,-14.6501589694872,0.180321624592753,0.180320121526357
2023-06-23 11:30:00,2305.47916666667,-14.3868466673333,0.222080515902712,0.222079013259974
2023-06-23 12:00:00,2305.5,-14.8258222,0.151964550608527,0.151963048389638
2023-06-23 12:30:00,2305.52083333333,-15.2652080644295,0.0817833165415059,0.0817818147466611
2023-06-23 13:00:00,2305.54166666667,-15.4609871905128,0.0504089073715163,0.0504074060009148
2023-06-23 13:30:00,2305.5625,-15.733826672,0.00675882593550958,0.00675732498934267
2023-06-23 14:00:00,2305.58333333333,-15.5534205030769,0.0353111979467498,0.0353096974252162
2023-06-23 14:30:00,2305.60416666667,-15.527406698,0.0392688535324445,0.0392673534357356
2023-06-23 15:00:00,2305.625,-15.940069418509,-0.0266548774015454,-0.0266563770732344
2023-06-23 15:30:00,2305.64583333333,-15.3139266966667,0.0729039384877935,0.0729024392413228
2023-06-23 16:00:00,2305.66666666667,-15.1707282061538,0.0955294907459208,0.0955279919248635
2023-06-23 16:30:00,2305.6875,-15.175586618,0.0945695702163257,0.0945680718208692
2023-06-23 17:00:00,2305.70833333333,-15.6006118303342,0.0266768756977875,0.0266753777281341
2023-06-23 17:30:00,2305.72916666667,-15.200493334,0.0902302612369195,0.090228763693264
2023-06-23 18:00:00,2305.75,-15.409300015641,0.0567815284120093,0.0567800312945431
2023-06-23 18:30:00,2305.77083333333,-15.554486642,0.0334676135137804,0.033466116822698
2023-06-23 19:00:00,2305.79166666667,-14.9410974441026,0.13099546718755,0.13099397092305
2023-06-23 19:30:00,2305.8125,-15.3255932906667,0.0695596178818546,0.0695581220441279
2023-06-23 20:00:00,2305.83333333333,-15.0819305786632,0.108189973573708,0.108188478162953
2023-06-23 20:30:00,2305.85416666667,-14.6919865879195,0.170123139254892,0.1701216442713
2023-06-23 21:00:00,2305.875,-13.8675923025641,0.301264645106661,0.301263150550427
2023-06-23 21:30:00,2305.89583333333,-14.2017333653333,0.24785073989767,0.247849245768991
2023-06-23 22:00:00,2305.91666666667,-13.8404087532134,0.305225111509616,0.305223617808687
2023-06-23 22:30:00,2305.9375,-13.849559978,0.303582515402309,0.303581022129317
2023-06-23 23:00:00,2305.95833333333,-13.7423092770619,0.320482927115381,0.320481434270529
2023-06-23 23:30:00,2305.97916666667,-13.4121999553333,0.372884974271719,0.3728834818552
2023-06-24 03:00:00,2306.125,-12.5223296322222,0.513352469803106,0.513350980390347
2023-06-24 04:00:00,2306.16666666667,-12.5704285534323,0.505322736001255,0.505321247448467
2023-06-24 05:00:00,2306.20833333333,-12.8520796316667,0.460088369205724,0.460086881513677
2023-06-24 06:00:00,2306.25,-12.9099444394444,0.450503707922045,0.450502221091517
2023-06-24 07:00:00,2306.29166666667,-13.0294833381481,0.431094712776505,0.431093226808274
2023-06-24 08:30:00,2306.35416666667,-12.4696648148148,0.519725395949862,0.519723911276528
2023-06-24 09:30:00,2306.39583333333,-12.9561370353704,0.441864643478804,0.441863159669706
2023-06-24 10:30:00,2306.4375,-12.5617333318519,0.504328448749653,0.504326965805562
2023-06-24 11:30:00,2306.47916666667,-12.5552129640741,0.50500255519007,0.505001073111768
2023-06-24 12:30:00,2306.52083333333,-12.5169370405556,0.510735738279096,0.510734257067351
2023-06-24 13:30:00,2306.5625,-13.3713666668519,0.374260683457092,0.374259203112682
2023-06-24 14:30:00,2306.60416666667,-13.5731277890741,0.341756582038393,0.341755102562092
2023-06-24 15:30:00,2306.64583333333,-13.5468129640741,0.345585536483762,0.345584057876344
2023-06-24 16:30:00,2306.6875,-14.671799619295,0.16601173706746,0.166010259329695
2023-06-24 17:30:00,2306.72916666667,-19.1386259468519,-0.545919115414065,-0.545920592281397
2023-06-24 18:30:00,2306.77083333333,-16.7527661962894,-0.166211783594047,-0.166213259590179
2023-06-24 19:30:00,2306.8125,-16.2905888948148,-0.0929480453720909,-0.0929495204962468
2023-06-24 20:30:00,2306.85416666667,-16.7890925809259,-0.172721079572896,-0.172722553824304
2023-06-24 21:30:00,2306.89583333333,-15.8482573994444,-0.0232060079977319,-0.0232074813756181
2023-06-24 22:30:00,2306.9375,-15.9502148346296,-0.0398081496659847,-0.0398096221695814
2023-06-24 23:30:00,2306.97916666667,-15.3618351983333,0.0535612934448493,0.053559821816321
2023-06-25 00:30:00,2307.02083333333,-15.1213518598148,0.0915110038619373,0.0915095331092419
2023-06-25 04:30:00,2307.1875,-14.620938875,0.169793286113331,0.169791818871688
2023-06-25 05:30:00,2307.22916666667,-14.574433357037,0.176844174622887,0.176842708260938
2023-06-25 06:30:00,2307.27083333333,-14.4005472892393,0.204187273004607,0.204185807523114
2023-06-25 08:00:00,2307.33333333333,-14.6619185446296,0.162015775777317,0.162014311617956
2023-06-25 09:00:00,2307.375,-14.692487047963,0.156790108811839,0.156788645534862
2023-06-25 10:00:00,2307.41666666667,-14.9800185174074,0.110630455611506,0.110628993217686
2023-06-25 11:00:00,2307.45833333333,-15.5150129468519,0.0250501741209793,0.025048712611077
2023-06-25 12:00:00,2307.5,-15.4359592548148,0.0372885954487712,0.0372871348235555
2023-06-25 13:00:00,2307.54166666667,-15.7132259131481,-0.0072346712264334,-0.00723613096618725
2023-06-25 14:00:00,2307.58333333333,-15.6447680883117,0.00331661794993698,0.00331515909640578
2023-06-25 15:00:00,2307.625,-15.3212814894444,0.0544945718812523,0.0544931139147149
2023-06-25 16:00:00,2307.66666666667,-15.8908981238889,-0.0365990584900935,-0.0366005155688697
2023-06-25 17:00:00,2307.70833333333,-15.8986444596296,-0.0381859495908859,-0.0381874057811338
2023-06-25 18:00:00,2307.75,-16.0673729187384,-0.0654170086355743,-0.0654184639365305
2023-06-25 19:00:00,2307.79166666667,-14.9956555435185,0.104956239695325,0.104954785284434
2023-06-25 20:00:00,2307.83333333333,-15.8351113415584,-0.029121364512212,-0.0291228180322787
2023-06-25 21:00:00,2307.875,-14.8628330235622,0.125411970542216,0.125410517913743
2023-06-25 22:00:00,2307.91666666667,-14.2852777831481,0.217066037333891,0.217064585597778
2023-06-25 23:00:00,2307.95833333333,-14.0014814818519,0.261924495450292,0.261923044607304
2023-06-26,2308,-13.7354722168519,0.303949866403441,0.303948416454339
2023-06-26 01:00:00,2308.04166666667,-14.0512992598513,0.253288698313966,0.253287249259523
2023-06-26 02:00:00,2308.08333333333,-14.264644427037,0.218953367064787,0.21895191890576
2023-06-26 06:00:00,2308.25,-14.2859220799629,0.214170658580026,0.214169214010314
2023-06-26 07:30:00,2308.3125,-14.3686357189591,0.200473536914922,0.200472093694356
2023-06-26 08:30:00,2308.35416666667,-14.5530796255556,0.17074480661025,0.170743364290066
2023-06-26 09:30:00,2308.39583333333,-14.2305981666667,0.221770051408786,0.221768609989744
2023-06-26 10:30:00,2308.4375,-14.3615870285185,0.200557552361592,0.200556111844457
2023-06-26 11:30:00,2308.47916666667,-14.3815055612963,0.197039038589175,0.197037598974712
2023-06-26 12:30:00,2308.52083333333,-14.8915296209259,0.115446766812034,0.115445328100999
2023-06-26 13:30:00,2308.5625,-14.8770594821561,0.117407198484958,0.117405760678115
2023-06-26 14:30:00,2308.60416666667,-15.5026055583333,0.0174129927651167,0.0174115558632263
2023-06-26 15:30:00,2308.64583333333,-15.4934925794444,0.0185208312407426,0.0185193952445624
2023-06-26 16:30:00,2308.6875,-17.0130055118519,-0.223882126963546,-0.223883562053252
2023-06-26 17:30:00,2308.72916666667,-15.6369296268519,-0.00501531379085884,-0.00501674797332707
2023-06-26 18:30:00,2308.77083333333,-15.1320037189591,0.075077089210638,0.0750756559361605
2023-06-26 20:30:00,2308.85416666667,-15.1809370064815,0.0665978834874787,0.0665964520312681
2023-06-26 21:30:00,2308.89583333333,-15.0009590459963,0.0949270584575668,0.0949256279116248
2023-06-26 22:30:00,2308.9375,-14.5209166742593,0.171057112987572,0.17105568335266
2023-06-26 23:30:00,2308.97916666667,-14.7740222142593,0.130396585853996,0.130395157130877
2023-06-27 00:30:00,2309.02083333333,-14.7100351825926,0.140249536752472,0.140248108941897
2023-06-27 01:30:00,2309.0625,-14.5492096558442,0.165529334061084,0.165527907163811
2023-06-27 02:30:00,2309.10416666667,-14.2680836472119,0.209973489217876,0.209972063234669
2023-06-27 03:30:00,2309.14583333333,-14.1650927810761,0.226040994167317,0.226039569098926
2023-06-27 07:30:00,2309.3125,-13.8215240546296,0.279419739681804,0.279418318280255
2023-06-27 08:30:00,2309.35416666667,-14.1028454590909,0.234268054342829,0.234266633859885
2023-06-27 09:30:00,2309.39583333333,-13.9823407364815,0.253127964525622,0.253126544962031
2023-06-27 10:30:00,2309.4375,-13.6392518722222,0.307446094036596,0.307444675393118
2023-06-27 11:30:00,2309.47916666667,-13.5953265365492,0.314107666332181,0.31410624860957
2023-06-27 12:30:00,2309.52083333333,-13.1276148448148,0.388279114837795,0.388277698036804
2023-06-27 13:30:00,2309.5625,-12.1810147987037,0.53873822743348,0.538736811554862
2023-06-27 14:30:00,2309.60416666667,-11.9306740953704,0.578283136359259,0.578281721403773
2023-06-27 15:30:00,2309.64583333333,-11.284372232037,0.680905348393388,0.680903934361783
2023-06-27 16:30:00,2309.6875,-11.3087555540741,0.67668733865096,0.676685925543991
2023-06-27 17:30:00,2309.72916666667,-11.5722222316667,0.634383587220585,0.634382175039005
2023-06-27 18:30:00,2309.77083333333,-11.2173605218884,0.690580397638321,0.690578986382884
2023-06-27 19:30:00,2309.8125,-11.6997185475926,0.61340791395163,0.613406503623084
2023-06-27 20:30:00,2309.85416666667,-11.8576463155556,0.587917810380896,0.587916400980001
2023-06-27 21:30:00,2309.89583333333,-11.5866422502155,0.630757262761523,0.630755854289023
2023-06-27 22:30:00,2309.9375,-11.5446425972222,0.637116557162116,0.637115149618765
2023-06-27 23:30:00,2309.97916666667,-11.5511352133333,0.635751407167238,0.635750000553789
2023-06-28 00:30:00,2310.02083333333,-11.9050538179963,0.579041457816839,0.579040052134042
2023-06-28 01:30:00,2310.0625,-12.6071914579926,0.466860376361264,0.466858971609867
2023-06-28 02:30:00,2310.10416666667,-12.3579647384045,0.506232726478403,0.506231322659161
2023-06-28 03:30:00,2310.14583333333,-12.6064963040741,0.466312235453062,0.46631083256672
2023-06-28 04:30:00,2310.1875,-12.5077050090909,0.481720933902879,0.48171953195019
2023-06-28 09:00:00,2310.375,-12.0793543751391,0.548482854491235,0.548481456749248
2023-06-28 10:00:00,2310.41666666667,-12.430300535807,0.492250310521428,0.492248913717208
2023-06-28 11:00:00,2310.45833333333,-12.5856567842301,0.467175790007125,0.467174394141422
2023-06-28 12:00:00,2310.5,-11.8417940653061,0.585347904415247,0.585346509488809
2023-06-28 13:00:00,2310.54166666667,-11.9118555718519,0.573861719063878,0.573860325077451
2023-06-28 14:00:00,2310.58333333333,-11.6973091154562,0.607714196758354,0.607712803712686
2023-06-28 15:00:00,2310.625,-13.2310502666667,0.363063620544762,0.363062228440599
2023-06-28 16:00:00,2310.66666666667,-13.6562727257885,0.295001275639801,0.294999884477885
2023-06-28 17:00:00,2310.70833333333,-14.6028789506518,0.143882535928947,0.143881145710028
2023-06-28 18:00:00,2310.75,-13.8222081873606,0.267920666594348,0.26791927731917
2023-06-28 19:00:00,2310.79166666667,-12.8275703814815,0.42604431204309,0.426042923712399
2023-06-28 20:00:00,2310.83333333333,-12.1877222298148,0.527650124199893,0.527648736814434
2023-06-28 21:00:00,2310.875,-17.5602185311111,-0.328514419169215,-0.328515805608701
2023-06-28 22:00:00,2310.91666666667,-16.5910851590741,-0.174452411278252,-0.174453796771018
2023-06-28 23:00:00,2310.95833333333,-16.8212555646296,-0.211439939538593,-0.211441324083896
2023-06-29,2311,-16.4124193363636,-0.146632841568145,-0.14663422516524
2023-06-29 01:00:00,2311.04166666667,-16.468348809833,-0.155862839025928,-0.155864221674072
2023-06-29 02:00:00,2311.08333333333,-16.3148812853432,-0.131735331921368,-0.131736713619819
2023-06-29 03:00:00,2311.125,-16.8038240427778,-0.209943828487901,-0.209945209235921
2023-06-29 04:00:00,2311.16666666667,-17.4660537816327,-0.315756651550102,-0.315758031346943
2023-06-29 05:30:00,2311.22916666667,-17.7523869840741,-0.361847688325557,-0.361849066694242
2023-06-29 06:30:00,2311.27083333333,-18.0428148105556,-0.408431166643127,-0.408432544058777
2023-06-29 10:30:00,2311.4375,-18.5218981322222,-0.486017812086124,-0.486019185682243
2023-06-29 11:30:00,2311.47916666667,-17.8659629837037,-0.381842920330629,-0.381844292970017
2023-06-29 12:30:00,2311.52083333333,-18.2774397050093,-0.447707087362254,-0.447708459044166
2023-06-29 13:30:00,2311.5625,-18.3592500148148,-0.461054744434979,-0.461056115158682
2023-06-29 14:30:00,2311.60416666667,-18.6439665245353,-0.506725088968553,-0.506726458733305
2023-06-29 15:30:00,2311.64583333333,-18.4982286659851,-0.483823329682341,-0.483824698487405
2023-06-29 16:30:00,2311.6875,-18.2684266974026,-0.447529682087348,-0.447531049931984
2023-06-29 17:30:00,2311.72916666667,-18.7533598981447,-0.525093442055943,-0.525094808939417
2023-06-29 18:30:00,2311.77083333333,-18.3055664842536,-0.45407276994643,-0.454074135867999
2023-06-29 22:00:00,2311.91666666667,-17.6933536898148,-0.357639542854876,-0.357640905403989
2023-06-29 23:00:00,2311.95833333333,-17.2014740696296,-0.279594033363811,-0.279595394947708
2023-06-30,2312,-16.6246361624762,-0.188014191337159,-0.188015551955103
2023-06-30 01:00:00,2312.04166666667,-16.8130944466667,-0.218346162612969,-0.21834752226423
2023-06-30 02:00:00,2312.08333333333,-16.889272751577,-0.230791435924938,-0.230792794608774
2023-06-30 03:00:00,2312.125,-16.8197273283859,-0.220022398027661,-0.220023755743343
2023-06-30 04:30:00,2312.1875,-17.1400740585185,-0.271517475061833,-0.271518831323902
2023-06-30 05:30:00,2312.22916666667,-17.2408847451673,-0.287885243539867,-0.287886598831948
2023-06-30 06:30:00,2312.27083333333,-17.3296259487037,-0.302329916991778,-0.302331271313134
2023-06-30 07:30:00,2312.3125,-17.7789166414815,-0.374209963833715,-0.374211317183614
2023-06-30 08:30:00,2312.35416666667,-17.6944518412963,-0.361061961161408,-0.361063313539117
2023-06-30 09:30:00,2312.39583333333,-17.906807397037,-0.395197235085023,-0.395198586489808
2023-06-30 10:30:00,2312.4375,-17.5378886619666,-0.336734680724851,-0.336736031155982
2023-06-30 11:30:00,2312.47916666667,-17.5026883157699,-0.331433285662578,-0.331434635119325
2023-06-30 12:30:00,2312.52083333333,-16.9532448996289,-0.244212183387897,-0.244213531869527
2023-06-30 13:30:00,2312.5625,-18.1846790350649,-0.440685728873954,-0.440687076379735
2023-06-30 14:30:00,2312.60416666667,-19.1612290495345,-0.59655563274777,-0.596556979276973
2023-06-30 15:30:00,2312.64583333333,-20.0595046497217,-0.739955947335309,-0.739957292887202
2023-06-30 16:30:00,2312.6875,-19.6270519231911,-0.671369869210661,-0.671371213784514
2023-06-30 17:30:00,2312.72916666667,-18.9690557369888,-0.56685413731713,-0.566855480912218
2023-06-30 18:30:00,2312.77083333333,-18.3075870205556,-0.461784809253633,-0.461786151869223
2023-06-30 19:30:00,2312.8125,-17.0278831283859,-0.258229756118842,-0.258231097754205
2023-06-30 23:00:00,2312.95833333333,-16.2881267193333,-0.141442143357355,-0.14144348155619
2023-06-30 23:30:00,2312.97916666667,-15.8949512646154,-0.0789594652526301,-0.0789608029598072
